Date,one_day_return,macd,aaron,rsi,bb_width,ad_osc
1999-03-11,-0.043225499742107876,0.026801860719956824,-42.85714285714286,48.88886189800451,0.19133425640249888,-0.47835215350902227
1999-03-12,-0.01806650018663647,0.02189458533168027,-42.85714285714286,47.07173954200201,0.18385464254205203,-0.5192018917318264
1999-03-15,0.042946990858163,0.019981803997568104,-42.85714285714286,51.5944127425946,0.18279355595908423,-0.41563538648232906
1999-03-16,-0.032346228507289854,0.016929111165193245,-42.85714285714286,48.116344926618396,0.18519928501980118,-0.4628443874245413
1999-03-17,0.0060685280102348305,0.014218970892153699,-35.714285714285715,48.79125190461794,0.17663977158931687,-0.4523235304923873
1999-03-18,0.01208898239457401,0.012822953577577574,-28.571428571428573,50.18971500855849,0.17029123922507589,-0.35684651742902285
1999-03-19,0.0029803106226877762,0.01191836772374498,-21.42857142857143,50.55256389792265,0.1696716259832437,-0.46587990580899713
1999-03-22,-0.029760162082059116,0.008997411810806401,21.42857142857143,46.86998202704517,0.17426068617053453,-0.5722250356078391
1999-03-23,-0.06134551106291675,0.0015195187967291502,-71.42857142857143,40.51345638569532,0.1952672279121298,-0.7977802732816385
1999-03-24,-0.006550243336806427,-0.005374981829839617,-78.57142857142857,39.928964941255934,0.18462451602522414,-0.7115686522270013
1999-03-25,0.013162478781396425,-0.009547584096740877,-78.57142857142857,41.736094525196094,0.17684592123699946,-0.6635057569044626
1999-03-26,0.08767143431502489,-0.005303889590738801,-78.57142857142857,52.188984073354746,0.17000612249944694,-0.36354677571304844
1999-03-29,0.02984885660924519,-0.00013638564491680902,-78.57142857142857,55.3812987041951,0.16412390518289496,-0.2327693381392194
1999-03-30,-0.08405679319723414,-0.0031792837756634963,-71.42857142857143,45.825113502021,0.16113127809099265,-0.33806956238907593
1999-03-31,0.06960539206904048,3.298732403731684e-05,21.42857142857143,52.51746327232391,0.1619554957747635,-0.0214223885269806
1999-04-01,-0.029583797965028857,2.8122187264667497e-05,21.42857142857143,49.52242852348018,0.15886886114401325,0.07935312633720172
1999-04-05,-0.030486729149068803,-0.0024845329793990126,21.42857142857143,46.65684469967878,0.1617014303118755,-0.09379829510434726
1999-04-06,-0.025140874530117485,-0.0065969084221186875,21.42857142857143,44.44263391115543,0.16674857055585773,-0.22968928087802673
1999-04-07,0.0838598488639768,-0.002771392819501732,21.42857142857143,52.35991969826639,0.15391267539759582,-0.04107043972446019
1999-04-08,0.017851628896207394,0.0012590778858512037,21.42857142857143,53.98912839755682,0.1497658190630501,-0.0017658103654927394
1999-04-09,-0.0175385374345437,0.003018274361755447,21.42857142857143,52.071395426214906,0.15103588544112603,-0.086962781939256
1999-04-12,-0.04166860217722279,0.0010649395298422005,21.42857142857143,47.803107451954496,0.15175079363497238,-0.1518196040886219
1999-04-13,-0.040380005051191326,-0.003961572344430807,21.42857142857143,44.18110370450198,0.1551761463205776,-0.2481453122601708
1999-04-14,-0.02910464561655901,-0.010517532653157583,21.42857142857143,41.82081474822033,0.16980614888021703,-0.452334445788552
1999-04-15,0.026650069823096034,-0.012969498472704864,-78.57142857142857,44.65172341460751,0.17447941802155867,-0.3585870556403441
1999-04-16,0.03246453003470173,-0.011978031762074775,-78.57142857142857,48.055901928089355,0.17189592750038774,-0.22434400287071507
1999-04-19,-0.04402670254599461,-0.015582391498485917,-78.57142857142857,43.977365928162385,0.17455013794679716,-0.2314928607829722
1999-04-20,-0.019730599627578727,-0.019760381408194878,-57.142857142857146,42.320222572042084,0.18478771755894535,-0.4084035397623996
1999-04-21,0.016777150889397907,-0.020874259048882144,-57.142857142857146,44.20741172610126,0.1867149412383042,-0.3446634090110667
1999-04-22,-0.04291161564233903,-0.026316979202433068,-71.42857142857143,40.49653256451032,0.19945999620547378,-0.9078212638453136
1999-04-23,-0.04825209166243938,-0.03509040258539841,-78.57142857142857,36.90601628668726,0.23056145818394325,-1.4127303806991807
1999-04-26,-0.05072633018309247,-0.04694693130389194,-85.71428571428572,33.68766203146165,0.27168273354431016,-1.7327732687539685
1999-04-27,0.10684455777775215,-0.04129658340056994,-85.71428571428572,44.17083781347127,0.264022047647248,-0.8776670689531703
1999-04-28,-0.006885867835386583,-0.04077973409487773,-85.71428571428572,43.64084585285998,0.27177995733474297,-0.2979974139168901
1999-04-29,0.0,-0.039685732737211564,-78.57142857142857,43.64084585285999,0.26538452937144547,0.05235866438935531
1999-04-30,0.013893288932383063,-0.03675737275082504,-71.42857142857143,45.16971070296708,0.26154693530237727,-0.035657374017443504
1999-05-03,0.006838279755792875,-0.03369433310155361,-64.28571428571429,45.957587097587385,0.2609085805561128,0.03139301280154464
1999-05-04,-0.05441319815553547,-0.037486546311033805,-42.85714285714286,40.88838818019695,0.2712519352542343,-0.1090613073043826
1999-05-05,0.021575342003372855,-0.036013252030299925,-42.85714285714286,43.408794618768106,0.256776569698455,0.3901286166415101
1999-05-06,-0.01936190730866849,-0.037336276077187924,-42.85714285714286,41.65526458295488,0.22930250943315117,0.5573213586627785
1999-05-07,0.005377091615300866,-0.036763633068146014,-35.714285714285715,42.33841261079407,0.19884017275115076,0.6411017766858149
1999-05-10,0.0,-0.03605247216203293,-28.571428571428573,42.33841261079409,0.18173942844094082,0.5941676564325828
1999-05-11,0.05356867771603713,-0.02924456302656098,-14.285714285714286,49.24206522344581,0.17372277940350045,0.4916259780851696
1999-05-12,0.03051235275749553,-0.021911047688407344,85.71428571428572,52.88743345080873,0.1761094884136172,0.9019275329047027
1999-05-13,0.0,-0.016594128975469684,92.85714285714286,52.88743345080873,0.17284200832543917,0.8231192736981306
1999-05-14,-0.05262388381764149,-0.017350301971214083,92.85714285714286,46.06774979565018,0.14987060753486897,0.6399869362885593
1999-05-17,0.04861315274939271,-0.01253548733843904,42.85714285714286,51.91197189154681,0.14809294935225328,0.6578979413633871
1999-05-18,0.04635999047976247,-0.0053062987105102506,64.28571428571429,56.93734703995632,0.16708212134115522,0.9577799618131984
1999-05-19,-0.044305966303725075,-0.0037160982535346648,71.42857142857143,51.17768692956843,0.16637393310722087,-0.2746533784949774
1999-05-20,-0.07946974186611055,-0.009314845991019245,71.42857142857143,43.12451455786252,0.17031717644330108,-0.9266389614782352
1999-05-21,-0.021575792052228704,-0.015397180727663218,71.42857142857143,41.3723138576067,0.17375229149943233,-0.4815139584599666
1999-05-24,-0.003698873985758633,-0.020195913855505676,71.42857142857143,41.07086879084342,0.16194383378933885,-0.4535520981210416
1999-05-25,0.0073964732662545885,-0.022921098487386254,71.42857142857143,41.97790008930601,0.16961090824449224,-0.39733651598484754
1999-05-26,-0.0036568192512504982,-0.02529539349093949,-14.285714285714286,41.63417902136541,0.17718876037421058,-0.6238747736434728
1999-05-27,-0.007369689610126184,-0.027592663728530663,-14.285714285714286,40.909822496442786,0.18558321457337768,-0.8757079568931675
1999-05-28,0.011121895183449748,-0.02773524848255178,-14.285714285714286,42.52305825476042,0.1898623946063602,-0.771888184459957
1999-06-01,0.0036571629695751895,-0.02737681848739597,-14.285714285714286,43.07948129951516,0.19179463868327984,-0.3948081591121966
1999-06-02,-0.03649396226962209,-0.030902131412239495,-64.28571428571429,39.00664605009674,0.20169426003534993,-0.5408440944472972
1999-06-03,0.02650187019197303,-0.029600967612177728,-64.28571428571429,43.06282337213091,0.2060925528373462,-0.5324088244892227
1999-06-04,0.0073964732662545885,-0.0280716143912911,-64.28571428571429,44.2075517116602,0.20827517468500756,-0.43016022168815393
1999-06-07,0.011000017529636752,-0.02556506520578872,-64.28571428571429,45.9605098483577,0.20937741620667985,-0.45109222461258897
1999-06-08,0.0253490276500008,-0.020994856839822513,-64.28571428571429,49.90924054373945,0.20905476038949253,-0.3475625222683654
1999-06-09,0.017666567047255777,-0.015978545611828255,-64.28571428571429,52.576045806021924,0.206407961876115,-0.3378215885770461
1999-06-10,0.003467023096436206,-0.011834246271783035,-57.142857142857146,53.11293112721964,0.19634820643261158,-0.25427513389413925
1999-06-11,-0.02075494283586321,-0.010366498964790489,35.714285714285715,49.48849376614186,0.18357739793089192,-0.16257675038942557
1999-06-14,-0.038861297062435796,-0.012487218464589911,35.714285714285715,43.61200149653354,0.1845432335626177,-0.21714910370150106
1999-06-15,0.0,-0.013678057117159597,35.714285714285715,43.61200149653352,0.17231548072901165,-0.1711149904959713
1999-06-16,0.029392398483929716,-0.011764689859742335,35.714285714285715,48.74341237772741,0.12172957471849875,-0.13852263141329232
1999-06-17,-0.02855315283774995,-0.013089006975732292,35.714285714285715,44.392827901725084,0.08969237463241388,-0.33315953537673826
1999-06-18,-0.03676191560412745,-0.017274098288083697,-50.0,39.62864242130526,0.09877061503038131,-0.8142331339623826
1999-06-21,0.05343699271978797,-0.014905496868179526,-50.0,48.03735159603853,0.0984416420333296,-0.6950362434708788
1999-06-22,-0.01814261556381125,-0.015291108603077913,-50.0,45.59148232849837,0.0984416420333296,-0.5147733021312005
1999-06-23,0.01847785213147768,-0.013480082615703307,-50.0,48.41976111984642,0.09829951208548802,0.14623936862757694
1999-06-24,-0.02176021403236661,-0.014169101041343073,-50.0,45.37324742764589,0.09915297036948785,0.22402876861630774
1999-06-25,0.014819732736241154,-0.01293858316473781,-50.0,47.73273389310326,0.09785447456709677,0.299024106894242
1999-06-28,0.014603543814000863,-0.010668415786608262,-50.0,50.055938380254105,0.09799503927692885,0.32161042674641
1999-06-29,0.01080184754054958,-0.007966386048545585,-50.0,51.78788568603847,0.09946054372249613,0.26626039503302895
1999-06-30,0.08896084453017683,0.0011466377546156031,57.142857142857146,63.22175818521163,0.1306374582874937,0.8790855437766693
1999-07-01,-0.05230371655421984,0.0037893377679673323,64.28571428571429,54.33668680397713,0.133710629089954,1.1621135933712814
1999-07-02,0.07243082610675988,0.010765284121786284,71.42857142857143,61.903662326208284,0.16510074328875485,1.7244499357171943
1999-07-06,0.0032102007122201126,0.01651167967352424,78.57142857142857,62.224091864327015,0.18978539294651398,2.042496370137387
1999-07-07,-0.019224532429413466,0.019697762766790295,85.71428571428572,59.01268793297195,0.20261275866456221,1.8437645867476116
1999-07-08,0.022864215076784156,0.023013669281637977,92.85714285714286,61.50819839440251,0.22089963487262598,1.8051215319406713
1999-07-09,0.08467674884518894,0.029915961295011697,100.0,69.16665344000639,0.27504355141482595,2.0676753610004748
1999-07-12,0.045649979206164204,0.038284319818149705,100.0,72.59977008112001,0.33854662833558463,1.5924541112336927
1999-07-13,0.0028124163246667777,0.045524009799336934,92.85714285714286,72.80980440303088,0.3793606274992606,1.4855427411435287
1999-07-14,-0.03932771789110956,0.04957383268909915,85.71428571428572,65.25577711120427,0.3916749623384131,1.0218182247478964
1999-07-15,0.005861086801062232,0.05089097809845684,78.57142857142857,65.80281622327455,0.4043880526899364,0.41076462991199836
1999-07-16,0.020338397739819047,0.05213145894703112,71.42857142857143,67.7136212984365,0.4121678320608835,0.22154938653986614
1999-07-19,-0.02564377899448067,0.05260741557655397,64.28571428571429,62.84827654261351,0.39742734187052686,0.054745831291531134
1999-07-20,-0.0175385374345437,0.05079767914964761,42.85714285714286,59.76644566182967,0.38710831354447506,0.122960193200334
1999-07-21,-0.029760162082059116,0.047092572013927005,42.85714285714286,54.930605460530444,0.3653695171055697,0.20893793897175303
1999-07-22,-0.0460091093106717,0.040631471358957096,42.85714285714286,48.58091541402689,0.3454509349642458,-0.09341575082782744
1999-07-23,0.0,0.03332690236261436,35.714285714285715,48.58091541402689,0.3161882881560853,-0.35249710426060005
1999-07-26,0.0032102007122201126,0.027392305275528495,14.285714285714286,49.03570043849225,0.28770209913207273,-0.5669150481600931
1999-07-27,0.003200128803154012,0.022696730374448307,14.285714285714286,49.51658675556166,0.2600826705261676,-0.4458625220212968
1999-07-28,0.015972987255105986,0.019785828134811376,14.285714285714286,51.96092844273732,0.2307258660866517,-0.19708058114797633
1999-07-29,0.009443799253464391,0.018141327131259887,-57.142857142857146,53.4198812419301,0.22441440223089448,0.5796089300645125
1999-07-30,0.0031100054439954228,0.01698645080970807,-57.142857142857146,53.920874743809044,0.20041192088681534,0.2651658364546897
1999-08-02,0.009325665883083367,0.016521971136224733,-42.85714285714286,55.47224081724186,0.19500969849902192,0.5081246952168358
1999-08-03,-0.024622918937147853,0.014485187793256136,-42.85714285714286,50.584550895251645,0.19228779322165768,0.3414809706150147
1999-08-04,0.0,0.01239756478760883,-35.714285714285715,50.584550895251645,0.1846966759833769,0.1724676165243724
1999-08-05,0.015771764434017843,0.011694385288658493,-28.571428571428573,53.55003748334324,0.18032252819911895,0.5158680594599093
1999-08-06,0.0,0.011161007377257039,-21.42857142857143,53.55003748334324,0.17924087692072196,0.7106381786268301
1999-08-09,0.0,0.010615927732970992,-14.285714285714286,53.55003748334324,0.16406616226203688,0.7156701693288954
1999-08-10,0.018627824296231665,0.011342584414385983,92.85714285714286,57.38230009452212,0.14242039360437306,0.48951688050785197
1999-08-11,0.06708339190144597,0.016199412574127315,100.0,67.85823360736265,0.1507821915625002,0.5776249102041856
1999-08-12,0.04855928514355168,0.023129216657182306,85.71428571428572,73.31473803818758,0.18088995760024734,0.6952228692882862
1999-08-13,-0.010881859394331728,0.028322872043533776,85.71428571428572,70.29494375445492,0.19491198396401604,0.6129718096432331
1999-08-16,-0.03856880838925236,0.029948198181804577,85.71428571428572,60.834679693906224,0.19949169351029256,0.45702259299147857
1999-08-17,0.0028607515728531485,0.030132133150379957,71.42857142857143,61.23532689434049,0.20677390091882325,0.4189389377093973
1999-08-18,0.022864428556402583,0.03111236450037967,71.42857142857143,64.38056135297985,0.22002668159405972,0.6554010285189114
1999-08-19,0.21227046790421178,0.04040910513427425,71.42857142857143,80.53319945505011,0.3398989053224099,1.8417607041522803
1999-08-20,-0.009201848902956833,0.05123804598600913,71.42857142857143,78.51810263411572,0.4034693280442195,2.3290741116104208
1999-08-23,-0.060474874954329016,0.057497249914770454,71.42857142857143,66.79747742735003,0.4186660573444888,2.1883109271616847
1999-08-24,-0.004942864747927933,0.05905961274188026,71.42857142857143,65.98294290868301,0.42531162233972536,2.220347524700179
1999-08-25,-0.004985936036137728,0.05928472273893715,71.42857142857143,65.12453298211484,0.427635531151571,2.1661638835211807
1999-08-26,-0.014995304290573608,0.058230596317851234,57.142857142857146,62.5039784931232,0.423847832630279,1.8332149601864502
1999-08-27,0.05584572420320555,0.057289562369381236,57.142857142857146,67.64702470857188,0.4289147391461871,1.466586180772551
1999-08-30,-0.0036182796543785534,0.058234533442163186,50.0,66.97029568092836,0.4286767545367098,1.2106236091617035
1999-08-31,0.08565690933276904,0.0598543490487464,42.85714285714286,73.66301813182989,0.4424903393977125,1.6551260968242278
1999-09-01,-0.04667707331557813,0.06327088727981865,21.42857142857143,65.24063814895175,0.4296348850920821,1.3701452362807685
1999-09-02,-0.011654623647918583,0.06273196167861458,21.42857142857143,63.38293205868857,0.4110796568524734,1.402140495301535
1999-09-03,0.007082256315801283,0.06114222731939463,21.42857142857143,64.04512327147273,0.38686113717687415,1.135462771948568
1999-09-07,-0.004676238361137841,0.05945054079557998,7.142857142857143,63.22633338063449,0.3537129577684065,0.8545486410674941
1999-09-08,-0.0023672823126580367,0.0571690782373345,7.142857142857143,62.790736808039725,0.3177187564680129,0.5047603012932053
1999-09-09,-0.014146070024218305,0.05425866854384636,0.0,60.131074265407555,0.29512694468392636,0.2734936724815507
1999-09-10,0.014349052728902523,0.05112840767110022,35.714285714285715,61.87038838553603,0.2836420804799392,0.07805030699812163
1999-09-13,-0.03302038195820134,0.047633386671170994,35.714285714285715,55.75583443705355,0.264378043136519,-0.11270603014095715
1999-09-14,-0.02925909811879912,0.04187557978245665,35.714285714285715,51.09620450444999,0.22806202769514142,-0.35605794586989886
1999-09-15,0.007544542270262022,0.03609195936790772,28.571428571428573,52.17363303476723,0.18331000537108208,-0.347030063550001
1999-09-16,-0.024954701207369423,0.030156867304662733,-78.57142857142857,48.35053360974603,0.14485921219539039,-0.3527154797919831
1999-09-17,-0.0025534178632853344,0.02429784107616413,-85.71428571428572,47.97284060400944,0.14936482606750023,-0.20091952666740207
1999-09-20,-0.035899193340444335,0.017120927101356008,-85.71428571428572,42.910635419899165,0.16530390204798062,-0.3411307478210794
1999-09-21,-0.09573521069724256,0.0032700927770159243,-100.0,33.208147760600596,0.22521313431485618,-0.8196984434406914
1999-09-22,0.023536681545655025,-0.006996846638584103,-100.0,36.63819073223683,0.2605755388758066,-0.6454068888524372
1999-09-23,-0.08335369107960444,-0.02351113048275565,-92.85714285714286,30.519937911595875,0.3229755924603967,-0.7857974308077409
1999-09-24,-0.0909087076120475,-0.04722873507419788,-100.0,25.869003414113006,0.40856605141526825,-0.8994964540749544
1999-09-27,0.06207656987529164,-0.05506069683748468,-92.85714285714286,32.72291005033738,0.4547146031432557,-0.6743652269073397
1999-09-28,0.09091303304470788,-0.05085629266831825,-78.57142857142857,41.74506019846226,0.4711877564806017,-0.274410165153307
1999-09-29,-0.08036602886202182,-0.061968879387234416,-78.57142857142857,36.64187100309012,0.4854252134346067,-0.46028752776409515
1999-09-30,-0.003230216631320726,-0.06696111183781209,-71.42857142857143,36.464425587526,0.5041921440958381,-0.6790022426425201
1999-10-01,-0.006483705228591097,-0.07092907850053122,-64.28571428571429,36.0878781894973,0.5195399116769851,-0.7112499888168966
1999-10-04,0.019601359398837115,-0.06995240170192812,-57.142857142857146,38.153671213770075,0.5211266788114215,-0.6459463466297093
1999-10-05,0.09614802578188497,-0.05636868553398062,-50.0,47.32401297776628,0.5030425583625268,-0.17771634083712734
1999-10-06,0.11989359043034553,-0.03600959364446024,-42.85714285714286,56.76141674745021,0.4812119429977678,0.5646044090588795
1999-10-07,-0.06526941476744785,-0.0316488052695044,57.142857142857146,50.787343461301845,0.4573938637665657,0.44208866635126476
1999-10-08,0.05026291151348472,-0.02084428766548765,57.142857142857146,54.49962855246695,0.426068538240755,0.5071261549808949
1999-10-11,-0.026594112338198528,-0.01587191205308309,57.142857142857146,52.1456465483498,0.40139698573416316,0.41690676978841634
1999-10-12,-0.013660554458905905,-0.012611131670611337,57.142857142857146,50.960412788127925,0.3830635052512576,0.12391436199188505
1999-10-13,-0.027699239505379114,-0.012290511139504209,57.142857142857146,48.582079780420194,0.357337946999026,0.012721681408658658
1999-10-14,-0.0199329926080124,-0.01347649347785269,57.142857142857146,46.93165562849207,0.3364383039985467,-0.09209310636079694
1999-10-15,-0.00582693463140338,-0.014606194786523079,21.42857142857143,46.44483942349804,0.3120362233574772,0.013406267369270416
1999-10-18,-0.05261515501356029,-0.020540936628130328,21.42857142857143,42.21181688290699,0.2993963270354506,-0.09517706878343131
1999-10-19,-0.0401299933215461,-0.028672929761008818,21.42857142857143,39.41632283774164,0.30745192961946716,-0.28350841419813727
1999-10-20,0.03536239393534668,-0.03015720420545689,21.42857142857143,42.863082546392185,0.3080732187157864,-0.1934027423689674
1999-10-21,0.0465808287840217,-0.026780390765497483,21.42857142857143,47.269258911661666,0.3047792763751352,0.17774558555500644
1999-10-22,0.02374688037485395,-0.022453609597142023,-64.28571428571429,49.50662120453786,0.27802890787493645,0.29668746701549714
1999-10-25,-0.049285388744480185,-0.024430141235283084,-64.28571428571429,45.12551751703565,0.26714973671978615,0.14337775068341443
1999-10-26,0.097569739602833,-0.01549331193681782,-64.28571428571429,53.47139635205298,0.27200129884782887,0.163014748392602
1999-10-27,-0.0444374820909087,-0.01419199793682534,-57.142857142857146,49.42473301016825,0.2581944033694232,0.06506723849961027
1999-10-28,-0.046526188609196106,-0.016946153416689622,-50.0,45.698505478728094,0.2446338113067155,-0.1312020315787503
1999-10-29,0.0792822794855732,-0.011159049239158147,-42.85714285714286,52.026917758974456,0.22465268440810687,-0.04088198056690844
1999-11-01,0.06213426362433072,-0.002369327768243216,64.28571428571429,56.6309432151376,0.21874169806656343,0.1951733399887755
1999-11-02,0.06383021202367245,0.008577143359797944,71.42857142857143,61.026089286805416,0.252266829635548,0.7820624961585764
1999-11-03,0.09749778507960882,0.02252570825399231,78.57142857142857,66.8967781806462,0.3241191829009876,1.3829015242398126
1999-11-04,0.0637848770275764,0.036551186589386886,85.71428571428572,70.35018952175946,0.42238760627907,1.6974275198911173
1999-11-05,-0.03211778712117719,0.04713318278509385,92.85714285714286,66.35690238452679,0.4733347960633319,1.6404623110614183
1999-11-08,0.02876588943612446,0.05465891587086625,92.85714285714286,68.04997599322394,0.5265472570672989,1.613480031724533
1999-11-09,-0.015062402776285122,0.060677192947162256,85.71428571428572,66.11966105248716,0.5606911306330118,1.5369799298280162
1999-11-10,-0.008719922696582727,0.06390765708367288,78.57142857142857,64.98767013957007,0.5811601104878596,1.4202107294477555
1999-11-11,0.07047265085709675,0.06624543007048884,71.42857142857143,69.49367132202062,0.6144420995831752,1.3042162069839824
1999-11-12,0.053507511786915485,0.07108327667292041,78.57142857142857,72.58223619695026,0.6546320738412986,1.4528404487935211
1999-11-15,-0.019529763545113377,0.07663842721427862,85.71428571428572,69.6616818787599,0.6610694740636032,1.2415620315006834
1999-11-16,0.09561709869408186,0.07907474142514635,92.85714285714286,74.88578982913361,0.68001427735248,1.2929217219521072
1999-11-17,0.038176446796672314,0.0851185032744536,100.0,76.77017632283167,0.7024917018962716,1.157490873167633
1999-11-18,0.003496283233889841,0.09112212810246142,92.85714285714286,76.94728486167615,0.7154782183310804,0.9102178833730137
1999-11-19,0.19721536057337063,0.09250801974352685,100.0,84.26177338941368,0.8095300917820164,1.0390847249475943
1999-11-22,-0.0014554048364489036,0.10433564591327943,92.85714285714286,84.00815347145152,0.845479160885307,1.15411237444505
1999-11-23,-0.0715302864522861,0.11481423123845574,85.71428571428572,72.47840829432258,0.8416777315091862,1.2727883543840697
1999-11-24,-0.03145601369162354,0.11657553598772348,64.28571428571429,68.35340258119949,0.8041423371231429,1.2785888472394946
1999-11-26,-0.006483705228591097,0.11392693117197805,64.28571428571429,67.52714039972363,0.7395686384567696,1.2048795004598687
1999-11-29,-0.035952435759941115,0.11108316248010688,64.28571428571429,63.00836571728949,0.675662117399426,0.9985464960807569
1999-11-30,-0.06102347260539853,0.10585196365600051,57.142857142857146,56.3620515686362,0.613140839228082,0.6412541878992114
1999-12-01,0.05054369513956969,0.0941636660471226,42.85714285714286,59.904381863463655,0.5616049358658687,0.5127885497464648
1999-12-02,0.073884523562177,0.08736231765827192,42.85714285714286,64.65006406329776,0.5368906812466547,0.5333475457628516
1999-12-03,-0.023998298447332478,0.08626978155327782,35.714285714285715,61.89806639939006,0.5169374455906969,0.3753025446607885
1999-12-06,0.027874464766116214,0.08266699777105069,28.571428571428573,63.78034850586399,0.48661996076983244,0.3470272788189857
1999-12-07,-0.033500623271586205,0.0807685631865717,21.42857142857143,59.8470954721804,0.4532767624984537,0.297024618705992
1999-12-08,0.044559469746708213,0.07627175645042983,14.285714285714286,63.00555223353017,0.41263176291977643,0.33432316160242115
1999-12-09,-0.03001621338819116,0.07441816607983405,-50.0,59.46128850924757,0.3540786603478476,0.2898176789690918
1999-12-10,-0.011407763775500901,0.07015900225520241,-50.0,58.16236657569165,0.3096936997049343,0.22884457041225056
1999-12-13,-0.0032892573941813996,0.06530211941195475,-42.85714285714286,57.77494172937288,0.27705698437029636,0.17243088797306505
1999-12-14,-0.016527859147782098,0.06024860419450227,42.85714285714286,55.7712614058324,0.22869733850296653,0.030747869825101536
1999-12-15,-0.03193355890262273,0.05391724709029354,42.85714285714286,52.07553254432431,0.21652870104729544,-0.05043618346959694
1999-12-16,-0.006946427254584053,0.04655450346679022,42.85714285714286,51.30454127251035,0.2161275136474633,-0.167956470423267
1999-12-17,0.05244447759434423,0.04194382976326659,42.85714285714286,56.50402737378769,0.2087683366827182,-0.1494391112634119
1999-12-20,0.08306376734937548,0.0427465245091984,92.85714285714286,63.500168448668006,0.18792918765354846,0.1106859142664649
1999-12-21,0.042946990858163,0.04682360851496365,100.0,66.72757578555193,0.18379981314845276,0.5186483352148751
1999-12-22,0.023525458138116573,0.05152786442988621,35.714285714285715,68.44427179359188,0.21786654817599296,0.7779326713178663
1999-12-23,0.0660965296717626,0.056976246968295306,42.85714285714286,72.79171590185312,0.282369656780122,1.0144841661647406
1999-12-27,-0.03773752249447615,0.06244466363117435,50.0,66.76245549040847,0.30952090531280885,0.9360000175221236
1999-12-28,-0.0028071697779618043,0.06422311730006293,50.0,66.33888685460083,0.3250833606711161,0.6941519921270318
1999-12-29,0.0337079411832677,0.06523683424854586,50.0,68.88451761150051,0.3316524106732975,0.5941343496812833
1999-12-30,0.008159968843816312,0.06703235666976967,50.0,69.50598781975735,0.34455386290542395,0.5956742551592374
1999-12-31,0.012120312833939773,0.06822880398475671,50.0,70.45753423649988,0.366277072445903,0.6743288236417676
2000-01-03,-0.0026589738764831727,0.06898889776698242,85.71428571428572,69.93570139354149,0.37786338785379436,0.7848294537543786
2000-01-04,-0.026700468033053593,0.06835074351783395,85.71428571428572,64.7624850037454,0.3822171825576234,1.1712449384449028
2000-01-05,-0.03292189686459701,0.06510623023267739,85.71428571428572,59.11142031969878,0.37348891886115193,1.151030915493289
2000-01-06,-0.06525275145928366,0.05861895909116669,78.57142857142857,50.089241313883825,0.3696326586904323,1.0354094267106106
2000-01-07,0.016700389629560997,0.04980788813560701,64.28571428571429,51.97762539032229,0.3596331855898281,0.9652204591996222
2000-01-10,0.032828700391296595,0.04425731219923597,64.28571428571429,55.59376255195064,0.3459180040622719,0.8291431245545218
2000-01-11,-0.04046430368459408,0.03899454273578334,57.142857142857146,50.39152556664288,0.33060976328248537,0.509883750698184
2000-01-12,-0.02559569244695359,0.03173511905718796,-21.42857142857143,47.486973367792054,0.31213606243022424,0.2735641377602262
2000-01-13,0.04172304349600142,0.027081760816071172,-21.42857142857143,52.19982869600967,0.2749741321710277,0.2904860406022076
2000-01-14,0.043026857572085575,0.026418806613676512,-21.42857142857143,56.696026503047136,0.22431426585793157,0.13265441019353744
2000-01-18,0.04268228005212449,0.02865538530752116,-21.42857142857143,60.80415607602949,0.1894945575158468,0.40349768873596736
2000-01-19,-0.00955505417218927,0.030457221823018216,-21.42857142857143,59.38791660639667,0.17857435425609752,0.41764269770351287
2000-01-20,-0.0027507886631040757,0.03117154833498049,64.28571428571429,58.966175931988964,0.17592002435892898,0.18077167613486758
2000-01-21,-0.011053119309455628,0.03076851049630997,64.28571428571429,57.212872165916885,0.17514639663201043,0.3165431731818565
2000-01-24,-0.04468565605223773,0.02749301970559464,64.28571428571429,50.71950266245295,0.17317336599712238,0.03749708494883666
2000-01-25,-0.00878042088512121,0.022987249574547626,64.28571428571429,49.58193300786772,0.1767936569549855,-0.026998642587556822
2000-01-26,-0.04130006622935667,0.016386489100559933,64.28571428571429,44.56345697009561,0.18972925029193796,-0.2339412716484845
2000-01-27,-0.05230624571723419,0.0064153418034720395,-35.714285714285715,39.354900240024975,0.21351694087842749,-0.43313543570050866
2000-01-28,-0.0292119634897674,-0.00464448687646563,-42.85714285714286,36.89686612025108,0.2392537423977225,-0.4111300117196237
2000-01-31,-0.00836103485354689,-0.014193561430817224,-50.0,36.219933988207956,0.25568576896003714,-0.3090134026830449
2000-02-01,0.023596915295529097,-0.01914838135066781,-50.0,39.56188461151625,0.2573632760027532,-0.15277088624614318
2000-02-02,0.028012588139340044,-0.02026617306748407,-50.0,43.440128634975785,0.2551980943145601,-0.03900030645328119
2000-02-03,0.01602480463234235,-0.019725356757556326,-50.0,45.64892158545913,0.25498979770655356,-0.09612894939565542
2000-02-04,0.023657301304807365,-0.017037037094432505,-50.0,48.874066944254665,0.2559165196398696,-0.03125027101098039
2000-02-07,-0.0616294655809555,-0.02132432545206084,-50.0,41.7579542922002,0.2669315541763604,-0.31009766313842696
2000-02-08,0.047618411729382526,-0.01886661670385403,-50.0,47.70338674648498,0.2660481114471072,-0.27707629444559834
2000-02-09,0.025074730010077317,-0.015106408383137078,-50.0,50.693581348088756,0.2661879479829329,-0.9432402628321925
2000-02-10,0.20489487532765915,0.00331571689739565,57.142857142857146,67.4711656819054,0.3130526652238716,-0.11297753948752458
2000-02-11,0.015233033668225815,0.016659956856302,64.28571428571429,68.50501333609976,0.35640837255239805,0.3612051034204646
2000-02-14,0.15999372555839453,0.03424759840372673,71.42857142857143,76.92621206420694,0.4796491749536736,1.2000380581663999
2000-02-15,-0.03878950424252292,0.04821294835198791,78.57142857142857,71.1633224039996,0.5404491609843809,1.412378239238798
2000-02-16,0.045959227240562894,0.05849987280769711,85.71428571428572,73.58991788583198,0.6114309182488138,1.4164796210738548
2000-02-17,0.03537106912503951,0.06796998393573664,92.85714285714286,75.38554939456526,0.6830574927553029,1.6857637699248198
2000-02-18,0.11594783569717282,0.07655392496417852,100.0,80.28492800421782,0.7959710046169087,2.221447082872166
2000-02-22,-0.027835021514179825,0.08817369516185594,92.85714285714286,75.92486869436192,0.8566568171237926,2.4722891493418646
2000-02-23,0.005730601044262151,0.09447114689044364,85.71428571428572,76.20342062787927,0.898877791536429,2.533549222663539
2000-02-24,-0.009486372120430464,0.09890356737413482,57.142857142857146,74.65474222102043,0.915634833467728,2.39553181746853
2000-02-25,-0.06226421776007085,0.10191926600816863,57.142857142857146,65.35540859417671,0.8953973744226086,2.054182325838309
2000-02-28,-0.007146314981254842,0.09810642185109406,57.142857142857146,64.42524508567472,0.8597933217611436,1.743688523603659
2000-02-29,0.053491249078222225,0.09273307912370525,57.142857142857146,68.063067422659,0.8223572152381733,1.6837850804488632
2000-03-01,-0.029295167318221793,0.09171918724419256,50.0,63.99688143663802,0.7750517325798122,1.3802297328557283
2000-03-02,-0.06740457889398055,0.08825900345910173,42.85714285714286,55.956258741897905,0.7206012031895078,0.9950313619977809
2000-03-03,0.016180058316341617,0.07935521728369091,35.714285714285715,57.25112295397853,0.6633430891880567,0.8232718616718205
2000-03-06,-0.006367405725445918,0.07252988645679334,28.571428571428573,56.535313186879385,0.6041156107821589,0.40383929484205666
2000-03-07,0.4241479123962324,0.07007179307492234,100.0,77.0174969854648,0.6266254432419278,0.8378228159350728
2000-03-08,0.008250085364482462,0.08423465082225598,92.85714285714286,77.33610387650481,0.6295999285728024,1.2917155391852362
2000-03-09,0.1940115132701239,0.09237506375349867,100.0,83.26128837642726,0.7337435162482824,1.5105999940583643
2000-03-10,0.1765044019620272,0.10412520855890453,35.714285714285715,87.18161225123386,0.9518446842529737,0.9095761372161081
2000-03-13,0.26483448329379256,0.11395068818772422,42.85714285714286,91.13063527492143,1.2916293029301364,1.7544692731652731
2000-03-14,-0.2621454313440783,0.1579167535609069,42.85714285714286,64.3861232141571,1.304679223297526,1.1839129338558383
2000-03-15,-0.04086254468632977,0.162213649185212,42.85714285714286,62.12775621252453,1.284086672101187,0.574348723771557
2000-03-16,-0.10843355030600332,0.16803070577848808,42.85714285714286,56.678646900157915,1.246171423021471,0.005554182298243379
2000-03-17,0.06056320660831749,0.15090819842740172,42.85714285714286,58.624742391439554,1.2140998984296272,-0.20435080337597386
2000-03-20,-0.0006245513752818344,0.14333079941481444,42.85714285714286,58.59374009239118,1.1941517952495257,-0.32993395523668184
2000-03-21,-0.04947028025073785,0.13859688214271956,42.85714285714286,56.066168905833194,1.162867585722526,-0.31673172596229854
2000-03-22,0.007249689749378563,0.127120805718074,42.85714285714286,56.34864088975644,1.1295648584252351,-0.31741841826317063
2000-03-23,0.01765558376135057,0.1168085650192242,42.85714285714286,57.07766869466191,1.0916833150155765,-0.3327581518915127
2000-03-24,-0.041771022123303636,0.1104055324301268,35.714285714285715,54.708585392983785,1.0375387466906338,-0.36113239261395186
2000-03-27,-0.06573054940569756,0.10157442264263578,28.571428571428573,51.254059012931165,0.9812905364330189,-0.4804677550666509
2000-03-28,-0.07465551436583517,0.0880285995894112,21.42857142857143,47.804576374485265,0.9412880946369551,-0.576400647496071
2000-03-29,-0.06594424362758178,0.06930164203497276,-85.71428571428572,45.13093499679595,0.9034417153185333,-0.6441358385214953
2000-03-30,-0.005817581453570475,0.04879036993217283,-92.85714285714286,44.9080499449566,0.8483161740490502,-0.6725488469802845
2000-03-31,0.1292839464260347,0.03733321284793168,-92.85714285714286,50.70097406788153,0.7739164820208357,-0.4804317707193106
2000-04-03,-0.0782289993698716,0.028279375291401343,-85.71428571428572,47.05957164330268,0.7042605605310396,-0.44864092191680605
2000-04-04,-0.03692074488947372,0.0160277888090263,-100.0,45.52764501969594,0.7237757530566628,-0.30092387650894564
2000-04-05,0.22250252365121503,0.0189336379724493,-92.85714285714286,54.73726984467366,0.7140478145837568,-0.04788657148023585
2000-04-06,0.046351995532412094,0.025782570485416646,-78.57142857142857,56.743077781271886,0.7140713419134767,0.05252098511994569
2000-04-07,0.06905504882900448,0.03462919720275084,-78.57142857142857,59.73830738205918,0.6890400348946988,0.151506595640108
2000-04-10,-0.08835991906105978,0.03885506588688136,28.571428571428573,54.20877134968427,0.44725095649552093,0.032912958139538415
2000-04-11,-0.059494062369167655,0.03652025002457215,28.571428571428573,51.08312630510492,0.4118775842852489,-0.0064713146603689025
2000-04-12,-0.10376437387713111,0.026858570741715004,28.571428571428573,46.36093921926205,0.4013128015685481,-0.15970841188382773
2000-04-13,-0.04282804370344229,0.01280187035690598,28.571428571428573,44.714297966260446,0.42301413090819395,-0.30461261871345413
2000-04-14,-0.08802445231939715,-0.006930619117766829,28.571428571428573,41.58509182184366,0.45287645792670306,-0.40689561679995007
2000-04-17,0.05110039275994116,-0.0182696900038652,28.571428571428573,43.826435848109234,0.45867260767601364,-0.3404238890649327
2000-04-18,0.17718372901179746,-0.011107055758863735,28.571428571428573,51.178722693090684,0.44912495887726606,-0.2410406928154705
2000-04-19,-0.047726292327387454,-0.011898264411162563,28.571428571428573,48.98917996152315,0.4381588897464145,-0.2791740928815308
2000-04-20,-0.005394565960899267,-0.012443895142081919,28.571428571428573,48.7474330015316,0.41828884913686537,-0.3262395150701028
2000-04-24,-0.04961622094500606,-0.01750556083604374,28.571428571428573,46.48747933092779,0.4120913587582043,-0.3259488371230528
2000-04-25,0.10929961957521139,-0.010857044116977263,28.571428571428573,51.55161947508818,0.4103462111731698,-0.26452351820138453
2000-04-26,-0.0102949583250459,-0.007777040857526491,-35.714285714285715,51.00845424673087,0.4095452893438262,-0.4024174752675888
2000-04-27,0.08172448643919106,0.0012318375331771627,-35.714285714285715,55.01843494464133,0.40738244105828886,-0.2382132796917281
2000-04-28,-0.020602924525002453,0.00630200250613489,-35.714285714285715,53.72694420773602,0.3977090328255561,-0.29790415449588525
2000-05-01,0.032260000405348155,0.012357042924905368,-35.714285714285715,55.453863686544395,0.4048311397122447,-0.3090241770866651
2000-05-02,-0.03872327947438692,0.014590458100164294,71.42857142857143,52.82328753384914,0.39838609056316127,-0.39949409305647415
2000-05-03,-0.01625550224148098,0.014726666608552425,71.42857142857143,51.75633775757412,0.3818382152102861,-0.3161515141366809
2000-05-04,0.012215231104748536,0.01526463913909603,71.42857142857143,52.51982045274893,0.37780380412998216,-0.3147424733101448
2000-05-05,0.04612889857712399,0.018478801355850914,71.42857142857143,55.4237834777662,0.3685311422251759,-0.21868195135205545
2000-05-08,-0.0366336815190087,0.019090807877864595,71.42857142857143,52.54827559878955,0.3221488032478658,-0.31964740475575737
2000-05-09,-0.01408358004386212,0.01793126149220546,42.85714285714286,51.48293054154466,0.3096318082389026,-0.3661997977683349
2000-05-10,-0.09857274826500906,0.009697318499687737,42.85714285714286,44.74205464135588,0.3125108107240723,-0.5690112841712714
2000-05-11,0.042787738250379403,0.004807044611574576,42.85714285714286,47.63141520903161,0.30795107230277347,-0.5174379567272093
2000-05-12,-0.030393670828671726,-0.0012293321097242363,42.85714285714286,45.72420907350928,0.2970657011956562,-0.6386095043128225
2000-05-15,0.06896398898919998,-0.0005251193693128685,-64.28571428571429,50.42712880708683,0.24440158634958858,-0.44701170114013133
2000-05-16,0.10263851100406907,0.00739875161719936,-64.28571428571429,56.83519406690727,0.2194818046006847,-0.1580436990203184
2000-05-17,0.1755319781692566,0.023382478071977346,14.285714285714286,65.8103377073691,0.3278446661639957,0.5754449253031342
2000-05-18,-0.06787325321503568,0.03335389791406628,14.285714285714286,59.73078805743369,0.3529675651374905,0.3882049262211641
2000-05-19,-0.008495457782352833,0.03910674102699458,14.285714285714286,59.045439624185924,0.36467457098237255,0.22890230553507537
2000-05-22,0.06487602907118917,0.04518806193581504,14.285714285714286,62.54932355455226,0.3802202384482405,0.6392159829979509
2000-05-23,-0.008046456539139824,0.051073391103149894,42.85714285714286,61.797317715872104,0.4031604660713857,0.3839096448882214
2000-05-24,-0.012748180397622155,0.054492922195489873,42.85714285714286,60.56495224522591,0.4122066857905651,0.6822153914856235
2000-05-25,-0.01408426919103034,0.05569523278017516,42.85714285714286,59.17872558355241,0.4229073723099814,0.34954434447629434
2000-05-26,0.005060482864987836,0.05551535902514094,42.85714285714286,59.532076248086476,0.4298485131527383,0.2533016639726148
2000-05-30,0.04115837901509711,0.055942281240448574,42.85714285714286,62.39744115405854,0.4467422563985411,0.14808803656496133
2000-05-31,0.03867973251789536,0.05819331922065235,42.85714285714286,65.00817326954467,0.4653896964242824,0.2648937878200685
2000-06-01,0.02793141253740483,0.061438054587740834,85.71428571428572,66.86636196417537,0.48249959666217074,0.44157324285508465
2000-06-02,0.12147253936372127,0.06617109811983414,92.85714285714286,73.61250313935865,0.542435056847449,0.8609436475438105
2000-06-05,0.02149292409374337,0.07445332958622988,100.0,74.71272205073289,0.5976080219561715,0.9768357299982182
2000-06-06,-0.04987463278916404,0.08125875625982146,92.85714285714286,67.52562101482944,0.6084049903635272,0.6542458215632828
2000-06-07,-0.04454273219716065,0.08273455073387198,64.28571428571429,62.06931313171208,0.5956494415766653,0.32554873391724254
2000-06-08,0.007684238606735727,0.07997838828243793,64.28571428571429,62.605672596068196,0.5491342780059562,0.2951559350839322
2000-06-09,0.02846684333125915,0.07746747009961573,64.28571428571429,64.61710842257622,0.5090947173356728,0.14658538200403357
2000-06-12,-0.026692161988308594,0.07625799986652726,64.28571428571429,61.19841580454203,0.43902671315850045,-0.010034972807360045
2000-06-13,0.03148831188190826,0.07299043511597869,50.0,63.58096305551817,0.3824161781415011,0.265171913053748
2000-06-14,-0.0009828006195450323,0.07141424247822277,50.0,63.44589252239773,0.34832812471972335,0.28731528316045657
2000-06-15,0.02612083296258616,0.06957557931962281,35.714285714285715,65.53922313643832,0.3557852683593437,0.5270416031617898
2000-06-16,0.1508151474188073,0.07020873592746622,100.0,74.76100472654733,0.4015401117154083,1.2344521384164053
2000-06-19,0.06260322158927267,0.0772088429925089,100.0,77.81514101817004,0.4580919747131083,1.3733274981027586
2000-06-20,-0.01335408149435513,0.08512560166592821,92.85714285714286,75.58254066635163,0.49554635526708063,1.0818723963598937
2000-06-21,0.10151259462868367,0.08863923173800563,100.0,80.1764311421532,0.5647494233353089,1.1329243903040669
2000-06-22,-0.05457070014664611,0.09749545414495867,64.28571428571429,71.5876414941441,0.5764785863918787,0.7490741933522695
2000-06-23,-0.09441766271550345,0.10135206068413286,64.28571428571429,60.223014269613316,0.5468623807369408,0.15820309827667312
2000-06-26,0.12072444065083654,0.09358676578049561,64.28571428571429,66.79599291563564,0.5384622055854256,0.23806326313124057
2000-06-27,-0.14124279994254652,0.0974929904027131,64.28571428571429,54.15871949006513,0.5027290981103512,0.0018215533874584684
2000-06-28,-0.03859554623127914,0.08768823550371983,64.28571428571429,51.687483019833046,0.4731168418527536,-0.2774622618408874
2000-06-29,-0.1441607835043449,0.07529537783978825,-42.85714285714286,43.93474994736355,0.4732469464833519,-0.8921875586481336
2000-06-30,0.08422171789896082,0.05522301354262639,-42.85714285714286,48.12447728909007,0.4777828780928423,-0.5800614918780282
2000-07-03,-0.03834663789910708,0.0420015811882102,-42.85714285714286,46.28563612646467,0.49074548752296226,-0.5219150847695715
2000-07-05,-0.10736294815742742,0.023385129988544244,-64.28571428571429,41.66903830195061,0.5242231599283499,-0.6802190732660186
2000-07-06,0.06070968582406899,0.00887903464372945,-64.28571428571429,44.668946041470974,0.5346720443661304,-0.562087793774316
2000-07-07,0.005399214350201298,-0.001102027751814736,-64.28571428571429,44.95653244454174,0.5449586715160166,-0.5508086459373263
2000-07-10,0.05155725073687534,-0.0045258616322200775,-64.28571428571429,47.7636134127207,0.5496913295952303,-0.39161877268402295
2000-07-11,0.0806949941161974,-0.0007050100992030232,-64.28571428571429,52.093879704941415,0.5412270132960556,-0.13235711591597024
2000-07-12,0.028353416979057133,0.004175227009019991,-64.28571428571429,53.6646075982993,0.5352609986335997,-0.11591975012890507
2000-07-13,0.09375240410461538,0.014093489923211633,-57.142857142857146,58.631490448334844,0.5304599745530381,0.12067473771089075
2000-07-14,-0.007563601435002565,0.021543576189659193,-35.714285714285715,58.04026868545861,0.5268308841213821,0.15836717800888328
2000-07-17,-0.011006947262125477,0.02646411649188972,-35.714285714285715,57.1440456968351,0.525063873670347,0.11634393099407779
2000-07-18,-0.019692886392945086,0.028826538003643112,-35.714285714285715,55.510679282486805,0.5124879502119615,0.07258328763709786
2000-07-19,-0.06375422600927061,0.026538553668002438,50.0,50.5703589174049,0.502378425831442,0.017352109078766813
2000-07-20,0.027051996783923338,0.024403439819831597,50.0,52.38337671853891,0.4487294899354995,0.0013501060931833094
2000-07-21,0.01271660535977892,0.023713066655833996,50.0,53.274459247555825,0.41223281347343016,0.013728882832243836
2000-07-24,-0.08520324967885629,0.01786755729634563,50.0,46.86572511453837,0.4067059278455732,-0.05251981397685749
2000-07-25,-0.03725565920994145,0.008706120855586532,50.0,44.556786150758,0.35021073177792295,-0.26950626302622555
2000-07-26,-0.07433642457411571,-0.005447492570360716,42.85714285714286,40.43556688072846,0.3634813971963793,-0.4437671872723404
2000-07-27,-0.07150670115529933,-0.024476681956885033,-64.28571428571429,37.14134795628418,0.39895161836998916,-0.5955944690596363
2000-07-28,0.023695182159737982,-0.03603391747222325,-71.42857142857143,38.79354897553704,0.4174293482932554,-0.5950073322431022
2000-07-31,0.11111095825852502,-0.03263258108737115,-71.42857142857143,46.115307700526245,0.42195217778048216,-0.33890681299072273
2000-08-01,-0.019792168900612195,-0.034684342653784866,-71.42857142857143,44.968719815146,0.42667767096005854,-0.3406517069601265
2000-08-02,0.02019180858656644,-0.03310122808406701,-71.42857142857143,46.40381529494256,0.4083732873988764,-0.19074770679264044
2000-08-03,0.04375173782855346,-0.02733537603501802,-71.42857142857143,49.536625413581625,0.3983009786522555,0.07387195903019833
2000-08-04,0.017962490121701036,-0.021769610426127742,-57.142857142857146,50.86209558331839,0.387640477067321,0.16689745716387122
2000-08-07,0.07843014233481016,-0.010461737402722418,-57.142857142857146,56.35004824537811,0.38690057512757614,0.3375398779475987
2000-08-08,-0.021818518488609162,-0.0045635650749685204,-35.714285714285715,54.38753735182753,0.38762167211645326,0.30385590379346816
2000-08-09,-0.029738250005552525,-0.002143690253445619,-35.714285714285715,51.79741579022771,0.385881355067686,0.20663681655033733
2000-08-10,0.011493996662072847,0.0007940125427197223,-35.714285714285715,52.70700813098731,0.3636724612891396,0.20003428481436147
2000-08-11,-0.023672708703827428,0.0012076653281788499,50.0,50.56627601797877,0.33966040261702707,0.21348630750610992
2000-08-14,0.009698738123452566,0.00225472659310655,50.0,51.41630145938176,0.31558713346077605,0.2614113165479487
2000-08-15,0.09438078752564105,0.009674346672543301,85.71428571428572,58.89532172587067,0.31385567548077353,0.5244293635451592
2000-08-16,0.02523546747998706,0.017110823696056,92.85714285714286,60.797072230381175,0.33605787350249217,0.6276950885121394
2000-08-17,0.018835514272771636,0.023979575776623793,92.85714285714286,62.23688024282965,0.3590359598682786,0.7408917752950668
2000-08-18,0.03529249605365892,0.031054991949777545,78.57142857142857,64.88803380631045,0.3918130504659641,0.8447933027712239
2000-08-21,0.015421821482862752,0.03753631033221958,85.71428571428572,66.04926125600238,0.42956484063928474,0.3423393149387175
2000-08-22,-0.0943239642839998,0.038680067624727324,85.71428571428572,54.0856623269408,0.4298637808880478,-0.4445094633614619
2000-08-23,0.05825417364842167,0.03847806949560494,85.71428571428572,58.6024631765089,0.42336167002673525,-0.34947700768460555
2000-08-24,0.02668825008887854,0.040595084471564666,42.85714285714286,60.624886934474866,0.39307240833900553,-0.028139169218390547
2000-08-25,-0.025183346102191417,0.041613785655737166,42.85714285714286,57.684700238707286,0.351920670785914,-0.024753351513431745
2000-08-28,0.03999984569288162,0.04260279289334442,42.85714285714286,60.85062982436818,0.34634251151086065,0.09956350693399632
2000-08-29,-0.0024029287078350947,0.04406031338649326,42.85714285714286,60.545848237562915,0.3258144364088934,0.156183404974433
2000-08-30,0.008833435065745743,0.04492753185142827,42.85714285714286,61.31115922623639,0.30558092384661906,0.2434239099081773
2000-08-31,0.011146902088218447,0.045776192513130524,100.0,62.313374925935335,0.2946188865063969,0.06326367300146672
2000-09-01,0.0015754508659218125,0.04636011189759455,92.85714285714286,62.46302755191048,0.28280712440233813,-0.11431980707405619
2000-09-05,0.0015727760047299366,0.04639818183769381,85.71428571428572,62.62284848497149,0.28551601100060076,-0.32360518423694246
2000-09-06,-0.06907481659873627,0.043447153594580505,42.85714285714286,52.11211185120332,0.27300815301558595,-0.5962595473918865
2000-09-07,0.05396431424620873,0.04008437592590038,42.85714285714286,57.67594378709603,0.2523104350343001,-0.3958435280720784
2000-09-08,-0.059200648910248566,0.03615355477619947,42.85714285714286,50.38652180359914,0.2286263930069466,-0.5167615355288413
2000-09-11,-0.0408162787639601,0.028596866853991647,-42.85714285714286,46.29901259421025,0.1968275230763375,-0.5154745370297762
2000-09-12,-0.006206336308337224,0.020779027748155852,-42.85714285714286,45.71649947072682,0.1657971753682215,-0.5706077846235437
2000-09-13,-0.00044465124397996547,0.01424808569872384,-42.85714285714286,45.67243857736708,0.170700599819854,-0.48825439151656175
2000-09-14,-0.009369633045316683,0.00829189422165248,-42.85714285714286,44.69534265192712,0.18321698114941642,-0.5953691517236607
2000-09-15,0.021846645838438317,0.005057547083652603,-42.85714285714286,47.489724825123076,0.19042780847297688,-0.45889498108743876
2000-09-18,-0.05840991087781322,-0.0021821694669311377,-78.57142857142857,41.34356066814418,0.2134350366326468,-0.5154983507636087
2000-09-19,0.030899369346594208,-0.005442181790517857,-85.71428571428572,45.151408754400784,0.22023045635709845,-0.11775324027382406
2000-09-20,-0.03269730988330666,-0.010951980564668078,-85.71428571428572,41.95193001720835,0.23542647908928094,-0.01342892233825075
2000-09-21,0.04295759971448199,-0.011096348067485527,-85.71428571428572,47.083756805450975,0.24176553963450237,0.12924079295098434
2000-09-22,0.017329847531854403,-0.009882718796138456,-100.0,49.121838939455664,0.24166725761688118,0.5507399591873251
2000-09-25,0.0716823817427652,-0.003031763744040238,-92.85714285714286,56.68250663839074,0.2423974009838164,0.9353465855585821
2000-09-26,0.023947143521897418,0.0036747543115046035,-85.71428571428572,59.02991002688604,0.24112748936380232,1.2478512250569667
2000-09-27,0.05483745756348424,0.012519670716199877,21.42857142857143,63.961399831649665,0.25538627692838306,1.3483273950673014
2000-09-28,0.030582217718462257,0.021246296225277465,21.42857142857143,66.51483893727665,0.2787578411710736,1.5733604996940092
2000-09-29,-0.028190412369555218,0.026634374051507037,21.42857142857143,62.019276167051665,0.2870071063277107,1.3297628708197133
2000-10-02,-0.023664180753750652,0.02886472742540823,42.85714285714286,58.54313499671808,0.2882034675981521,0.9281670773551975
2000-10-03,-0.05394910205150483,0.026926460352344122,42.85714285714286,51.609274231781264,0.28124119553050797,0.445713071010238
2000-10-04,-0.011570969682518917,0.023156298339734944,42.85714285714286,50.30726352224435,0.2813347558345756,0.3260581294911296
2000-10-05,-0.023409501195748916,0.018251449580862115,42.85714285714286,47.7149141491995,0.2771964777392605,0.12808511619431634
2000-10-06,-0.06250172058216896,0.009365188855658547,42.85714285714286,41.683441091287406,0.28471745641212826,-0.6636521714730785
2000-10-09,0.021918145049518944,0.0030251115764504777,-35.714285714285715,44.18156451439651,0.28572592666950575,-0.3937735246428579
2000-10-10,-0.07595954805125205,-0.008526399364426902,-35.714285714285715,37.97686834181969,0.3028100975478454,-0.5661747477054022
2000-10-11,0.008705150133241801,-0.016833427199119236,-50.0,38.9545606843145,0.3162437984344982,-0.41330290880317244
2000-10-12,-0.039309684410056556,-0.027421338376469165,-50.0,36.15859233366579,0.3383779237738811,-0.6152618565631534
2000-10-13,0.0399179419125435,-0.030464160086121978,-50.0,40.6351098619378,0.35067444353465976,-0.5413620070263437
2000-10-16,-0.023032731883888657,-0.03599200633707967,-50.0,38.87372190220598,0.36073304318046734,-0.4606181015555829
2000-10-17,-0.07269243567554329,-0.048688157976209546,-50.0,33.98249990019318,0.39489391654568556,-0.6677363508141027
2000-10-18,-0.01588842687543035,-0.05805983354867878,-85.71428571428572,33.07415623934173,0.42653165016287536,-0.6021385043851921
2000-10-19,0.09688010526805568,-0.0514153472088282,-85.71428571428572,42.9317737855179,0.4374746057710609,-0.3894199583466117
2000-10-20,0.09322652380868202,-0.03860539614428692,-85.71428571428572,51.116257495354056,0.43800886574313064,-0.05893643409504256
2000-10-23,-0.022440543924426848,-0.0341201309443405,-78.57142857142857,49.1198787714364,0.43658655195674484,0.06841310686901858
2000-10-24,-0.03214114858372075,-0.03315239667641316,-71.42857142857143,46.38809512857067,0.4330287378692769,-0.018917088190945952
2000-10-25,-0.0872848801867262,-0.04173432776498995,-64.28571428571429,40.078834916186885,0.4252162573249197,-0.3093932983567471
2000-10-26,0.04261925296802205,-0.04037780168507739,-57.142857142857146,43.7506130814467,0.3825315984545486,-0.29884623634271645
2000-10-27,-0.022933124236515723,-0.04300715462379422,14.285714285714286,42.18868862039538,0.34278123433214003,-0.2939173008008178
2000-10-30,-0.07040518952672803,-0.05319621888738587,14.285714285714286,37.82633768397843,0.31716693156951176,-0.4130812138907641
2000-10-31,0.09138000567062865,-0.04648364996315092,14.285714285714286,45.19023010900056,0.2882726296466226,-0.26799427621748206
2000-11-01,-0.00025104596192282447,-0.04421556041256064,14.285714285714286,45.17295414803102,0.254975263417799,-0.035887494777111784
2000-11-02,0.07645998486800809,-0.03328146846504135,14.285714285714286,51.280379500548335,0.2263450522266738,0.12129038809732043
2000-11-03,0.06542002637212141,-0.02025255909082359,85.71428571428572,56.127811258569984,0.23996016731181138,0.31625453381221497
2000-11-06,0.07719427518402422,-0.004880341425844427,92.85714285714286,61.33608236128265,0.28517597301848024,0.4292076658137377
2000-11-07,-0.06759095961618189,0.0007400929960226004,92.85714285714286,54.7358613805151,0.3002053753370035,0.39725012990251524
2000-11-08,-0.02969384789207663,0.0031367116518563193,50.0,52.25534451374605,0.3061078283615347,0.2883227079265301
2000-11-09,-0.10440936802076395,-0.003760690121367905,50.0,44.796364358051804,0.3068699139265717,0.04573245898989084
2000-11-10,-0.05427319249679963,-0.014526150104938105,50.0,41.80469288119435,0.31879472533090975,-0.4964767792852328
2000-11-13,0.004252611038959131,-0.022192383920749265,-35.714285714285715,42.113204353689596,0.3282299940974975,-0.7114751127081054
2000-11-14,0.1830679168241347,-0.011318262195627789,-35.714285714285715,53.57218169494171,0.324774727026194,-0.4118508305927826
2000-11-15,-0.01319290445781185,-0.006498319677412481,-35.714285714285715,52.61585663869071,0.31187867199588126,-0.17227163842091556
2000-11-16,-0.06276935041994902,-0.00804139822904413,-35.714285714285715,48.259962232659376,0.31096196393429276,-0.19660670318640444
2000-11-17,-0.019340912802028543,-0.010564944415722354,-35.714285714285715,47.04861666388218,0.3077163611386089,-0.26286618034128234
2000-11-20,-0.07692488975133127,-0.019970082744974405,-35.714285714285715,42.56128224360093,0.3191833287945866,-0.41943893175850716
2000-11-21,-0.0192288387468027,-0.02850341447552095,-35.714285714285715,41.575930133042824,0.33528323653417497,-0.4960710740743968
2000-11-22,-0.05228720445399049,-0.04086528410460509,-85.71428571428572,38.983806417347594,0.35881642603732616,-0.48742145819292537
2000-11-24,0.05746725260085217,-0.04186270510297093,-85.71428571428572,42.97210386995267,0.3706070601270229,-0.43489281702169263
2000-11-27,-0.03369613687259232,-0.04821986382369896,-85.71428571428572,41.17494390507388,0.3874850255747548,-0.5368565986642067
2000-11-28,-0.07451945591265108,-0.06207789364634728,-100.0,37.559908120970036,0.41414821009065916,-0.7487087048752117
2000-11-29,-0.06168280194637654,-0.07897807532986761,-100.0,35.02313843221212,0.4673719253641185,-0.7647338519041414
2000-11-30,-0.16062289442923994,-0.12024975701231998,-71.42857142857143,29.738107229485877,0.5685289097721952,-0.6162960181178703
2000-12-01,0.09876726156250992,-0.11967506582531762,-71.42857142857143,35.17536523438235,0.6208077396636397,-0.7630569499345714
2000-12-04,0.015446528803246817,-0.12319456721804009,-71.42857142857143,36.090601263631555,0.6469627679301596,-0.5538307620779522
2000-12-05,0.06500884537066898,-0.11341546014200397,-71.42857142857143,39.99001944619293,0.6168807350824506,-0.11814452109622381
2000-12-06,-0.14285801331486936,-0.14204065103513422,-71.42857142857143,34.65994790567811,0.6371950082767172,-0.5872435181717182
2000-12-07,-0.018181421815412824,-0.15225791690210738,-64.28571428571429,34.12560206371664,0.6571035557344566,-0.589846942309815
2000-12-08,0.22839710214659115,-0.11254280644136308,-57.142857142857146,45.32216048018368,0.6554290091460269,0.02072328414371979
2000-12-11,0.0,-0.10232422174551435,-21.42857142857143,45.322160480183676,0.6585517623338589,0.48603143600413823
2000-12-12,-0.027637308704594243,-0.09806711687534274,-21.42857142857143,44.031983031813574,0.6626084066665061,0.6854632391525906
2000-12-13,-0.07751948009017551,-0.10571440213836912,-21.42857142857143,40.63446723787242,0.6205543659257375,0.4106828519841254
2000-12-14,-0.06863021942798075,-0.11758953169862385,-21.42857142857143,38.05209839084895,0.5757106784494892,0.09207149681725912
2000-12-15,-0.09924497975647151,-0.1414004885012229,-21.42857142857143,34.840589122212144,0.5688988611723702,-0.6159319084228833
2000-12-18,0.032970121268187214,-0.14101433762404025,-14.285714285714286,36.565858859937805,0.541180058105524,-0.9828380022485312
2000-12-19,-0.07555895482814945,-0.16081963064595164,-100.0,34.253662514357245,0.5539151992416615,-1.4531837897631643
2000-12-20,-0.10838646400655538,-0.19528634299417005,-50.0,31.416646623268953,0.5911704142596254,-1.7996831141978544
2000-12-21,-0.12549218942710683,-0.24557681368367318,-57.142857142857146,28.767757680216267,0.6685405727652737,-2.133733990326619
2000-12-22,0.25784797423106687,-0.19052751933057427,-57.142857142857146,38.75943728568832,0.6430301329292459,-1.9579392637707147
2000-12-26,-0.04100126161845308,-0.1959734443891724,-57.142857142857146,37.622704897150896,0.6231299696326595,-1.768258263069184
2000-12-27,0.0669153211576583,-0.1746031927370264,-57.142857142857146,40.56092211938594,0.60707829501267,-1.440001331241217
2000-12-28,0.005223943628969607,-0.16422553384130364,-57.142857142857146,40.81100609794508,0.6011425177514305,-1.0837114169422977
2000-12-29,-0.09142140004822474,-0.17855049260590766,-57.142857142857146,37.798131651965264,0.6288932920817668,-1.0147567026268378
2001-01-02,-0.08630757249425425,-0.19883873275553005,-57.142857142857146,35.385051303666984,0.66778534245248,-1.0327084322431204
2001-01-03,0.3068862029110422,-0.1337324714755378,-50.0,47.18259690330567,0.658037168483116,-0.48578891786346545
2001-01-04,0.11501651911337518,-0.09740309503756545,-42.85714285714286,51.822493401969936,0.6355701968334603,0.056977130026001445
2001-01-05,-0.1497161953498034,-0.10653028387007608,-35.714285714285715,45.565800990166224,0.6368878826906343,0.10864486890452418
2001-01-08,0.09520097308623932,-0.08348767941716985,57.142857142857146,49.14111761510085,0.6370063803424013,0.24895083504691926
2001-01-09,0.019997797997871825,-0.06876761076578562,57.142857142857146,49.9554814542701,0.5894036169668293,0.3495026037341908
2001-01-10,0.069380728967539,-0.048812263363259965,57.142857142857146,52.833701932792266,0.5448901820774436,0.5335784800339461
2001-01-11,0.08321774834801743,-0.027213889375562322,92.85714285714286,56.30501125277274,0.5411277960037201,0.6625484861847611
2001-01-12,-0.02083472314842605,-0.01489228216249012,100.0,55.12021238838909,0.5586836272508963,0.3996893221569383
2001-01-16,-0.07845484775055467,-0.011799440120228996,50.0,50.86980651578259,0.565193847670399,0.1269212875002897
2001-01-17,0.03607274325209553,-0.005183889967174337,50.0,52.539781415923734,0.580975473354707,-0.25799999038129623
2001-01-18,0.19185596694481077,0.012619974533287006,71.42857142857143,60.50617468773294,0.6626321364122706,-0.035765494798073234
2001-01-19,-0.026587102733164558,0.024296332565714954,78.57142857142857,58.75205496800709,0.702601135640747,-0.29283811612526695
2001-01-22,-0.039617028259147924,0.030963901486013003,78.57142857142857,56.206745267540114,0.6943458506395017,-0.4324238407622159
2001-01-23,0.0996912028388377,0.03910392968863332,78.57142857142857,60.64416745429002,0.671010560524721,-0.30208119626650387
2001-01-24,-0.0042643168197537,0.047095686571511614,78.57142857142857,60.334470386464076,0.6841262516384865,-0.07984124222905298
2001-01-25,-0.10045800815868111,0.04966458758126242,57.142857142857146,53.44031710007475,0.6513932898409496,-0.10181255399435635
2001-01-26,0.0317287190590787,0.04799872017472578,57.142857142857146,55.01312386656917,0.6314795233027264,0.0033230533630635565
2001-01-29,0.004916907487486855,0.047501857879734294,57.142857142857146,55.273272875501966,0.6069567709721624,0.2296212291058243
2001-01-30,0.022034018479828,0.04746705578728573,42.85714285714286,56.49340795390029,0.5509563234694612,0.3189241449374896
2001-01-31,-0.010779418758564585,0.047351732831461525,42.85714285714286,55.6755887937676,0.44166554085989235,0.257621583616852
2001-02-01,0.005146334107898776,0.04648780395896196,35.714285714285715,55.99955302024349,0.41195296691747346,0.36787204258983947
2001-02-02,-0.09665576494844663,0.041800981510681005,21.42857142857143,48.75492146798768,0.40247080648089056,0.22211550084623233
2001-02-05,-0.0013362963563511299,0.03369395317151716,21.42857142857143,48.670236139102585,0.3402965867627315,0.3269736927807508
2001-02-06,0.005342649338692107,0.02719539257944597,7.142857142857143,49.05076292930401,0.30422581104816376,0.37182507938200315
2001-02-07,-0.046483300648149095,0.01911474338660989,-92.85714285714286,45.84902931730199,0.2797599382421302,0.3816986826090495
2001-02-08,-0.0055674861111253415,0.011145140419540818,-92.85714285714286,45.48387865610242,0.2778971074805018,0.12228103535236556
2001-02-09,-0.007007323085878925,0.0041604591524501,-78.57142857142857,45.00080293900839,0.2919299008150397,0.132414022413358
2001-02-12,-0.02679357015726247,-0.0036562441300570466,-100.0,43.127858964258905,0.30999776450363675,0.19200148448387488
2001-02-13,0.03043050927639701,-0.007182446073935253,-92.85714285714286,45.812415789031974,0.30345298013838984,0.09014480209351591
2001-02-14,0.07313830617939288,-0.0038331407335721337,-57.142857142857146,51.87159207981789,0.2939949764030361,0.32084783797328303
2001-02-15,0.18348433625806693,0.01105891212837125,21.42857142857143,63.65463195777934,0.3117669921251672,0.7132493763752518
2001-02-16,0.0542661629684249,0.025101600435631904,28.571428571428573,66.72539352927278,0.35559985562882784,1.2067826890141793
2001-02-20,-0.09979178817722689,0.03144053915871696,28.571428571428573,56.72000558521577,0.36100127895085554,0.8548869040591174
2001-02-21,0.04550710540063885,0.03586654892451121,28.571428571428573,59.410711816554226,0.36574098368755,0.7905158308518008
2001-02-22,0.0424114221290135,0.04161592191749285,28.571428571428573,61.89647385617958,0.38491340638954996,0.895387073551903
2001-02-23,-0.06905874528394784,0.04434275243106222,28.571428571428573,55.66500973618299,0.3898203924971195,0.576044941769181
2001-02-26,-0.022425923692935834,0.04272429968916875,28.571428571428573,53.89840764051495,0.3919677332243011,0.5466396698560542
2001-02-27,-0.059998994672425976,0.03764481854218754,28.571428571428573,49.47581067151166,0.39228620609565573,0.23368208291337217
2001-02-28,-0.10513117066467237,0.02538145149259908,28.571428571428573,43.18969845611794,0.4055241187154965,-0.2626051197203975
2001-03-01,0.07901767989309105,0.016980778668743007,-57.142857142857146,47.977309470779964,0.4067974119829732,-0.017724861335240625
2001-03-02,-0.0962365684689217,0.00440912577460387,-57.142857142857146,42.864931064985484,0.4223565602669385,-0.4969507690169075
2001-03-05,0.009676764693374196,-0.006076637929756907,-57.142857142857146,43.45460757062906,0.43217078190533725,-0.5146993491606472
2001-03-06,0.09659419587994433,-0.005912946732547632,-57.142857142857146,49.1507815727484,0.42962935942562247,-0.3365213201302624
2001-03-07,0.08031181185946568,0.00024988974765721093,-57.142857142857146,53.72763246897484,0.4280528125840025,0.21821271030024017
2001-03-08,0.03357019656260163,0.007168397637976734,-57.142857142857146,55.66810306153233,0.4214081499982249,0.7072887731532524
2001-03-09,-0.07076420164855768,0.007391602160297787,-57.142857142857146,50.681349532257634,0.40746408058996303,1.1520928130079773
2001-03-12,-0.03620434246241955,0.004322960821421274,-35.714285714285715,48.45884718620545,0.3931908041947068,1.1899324148739738
2001-03-13,0.1191695011050764,0.009970204425994384,-35.714285714285715,55.174568178755656,0.369724258745835,1.4422777924864105
2001-03-14,0.05671104467976806,0.018137089041309305,-35.714285714285715,58.291625958118665,0.3590557775307801,1.9048766287672458
2001-03-15,0.049289264943750855,0.027332864353361432,71.42857142857143,60.97562265528761,0.372752231541463,1.4911782579323163
2001-03-16,-0.0041727068755205154,0.034705494807599366,71.42857142857143,60.60254859400649,0.3855614753197693,1.2890105620776708
2001-03-19,0.05764819586234582,0.042164543220410265,71.42857142857143,63.87714257571029,0.40708464867819316,1.399662122085316
2001-03-20,-0.09316118349223501,0.04584985323084456,92.85714285714286,55.401272957823565,0.41251489691145643,0.6387537818004035
2001-03-21,0.07431991133450233,0.0472388324144111,92.85714285714286,59.579791267059036,0.43169334047347974,0.5707223603588898
2001-03-22,0.10071096509284172,0.05297276435115866,92.85714285714286,64.75665622033655,0.4830679465271433,0.9986675512407731
2001-03-23,-0.009241769923129195,0.060065682522475405,100.0,63.86688088766718,0.5245615266628368,1.0686188926319802
2001-03-26,0.05410352672549901,0.06533240251624564,78.57142857142857,66.7229187968494,0.5778280387830923,1.351416069326131
2001-03-27,-0.03628268779562993,0.0708042743492135,85.71428571428572,62.935889081613304,0.5964978470987565,1.25495978946733
2001-03-28,0.0006879535518764524,0.0723624656999416,85.71428571428572,62.97724012538455,0.5831066366595719,1.1277141329773828
2001-03-29,0.014912404776818988,0.0728992546652047,85.71428571428572,63.917612953110805,0.5816034387963797,1.012919284649714
2001-03-30,-0.06080457224202118,0.0729044998663514,78.57142857142857,57.41808543733412,0.5320051722734164,0.5531805020081568
2001-04-02,-0.04211730463655716,0.06787921684072173,71.42857142857143,53.59962762196282,0.47074624957001615,0.08848122910850116
2001-04-03,0.03316330444024107,0.0612705769999741,64.28571428571429,55.97760227807218,0.43167805505924645,0.044972645438044835
2001-04-04,-0.10311262475801741,0.05449534684000911,-42.85714285714286,47.54769291382482,0.41248124551721665,-0.02736588354311746
2001-04-05,0.09219332877884057,0.04614719210605484,-42.85714285714286,53.58418753691636,0.395136320374791,0.16096415435185626
2001-04-06,-0.003973074339279625,0.04253678410962115,-42.85714285714286,53.27341533782173,0.35194275330488317,0.09688711634245163
2001-04-09,-0.04861482298017605,0.03699977904604914,-42.85714285714286,49.50505166322478,0.28609805637316804,-0.11780647938653327
2001-04-10,0.09439849020000768,0.034783884845922396,-42.85714285714286,55.73444288721349,0.25439072790533773,-0.07723415454804296
2001-04-11,0.060365678700410985,0.03769200750052661,35.714285714285715,59.50006875428138,0.2464277815938694,-0.10193466125416949
2001-04-12,0.015025623631905516,0.04166494714661753,42.85714285714286,60.45623200427883,0.2507231553944032,-0.07209803138200212
2001-04-16,-0.024341250581741636,0.043865985562483834,42.85714285714286,58.030160463290116,0.2443326401332224,-0.08993561443305512
2001-04-17,0.049022683758339625,0.045934929758282124,42.85714285714286,61.31519376271761,0.25768381869269863,0.10517487857933874
2001-04-18,0.07455015956817435,0.050798483148772486,64.28571428571429,65.90052968222288,0.27168832819710625,-0.08285518637894379
2001-04-19,0.0859413958556483,0.05836652177218266,71.42857142857143,70.55627010611725,0.34067976205215345,0.08111937804647124
2001-04-20,0.03647206553720461,0.06723763125754494,78.57142857142857,72.42483535757415,0.4168611967342373,0.2656866971043135
2001-04-23,-0.052782813663226014,0.07476662149552625,78.57142857142857,65.6905318733179,0.4466909665151582,0.1827767783670258
2001-04-24,-0.07077664692663788,0.07665742456603694,78.57142857142857,58.278379568023006,0.45380367488708007,-0.16867115718909512
2001-04-25,0.0459867393568163,0.07310987790002377,78.57142857142857,61.13007225898986,0.46765068683362154,-0.2534303786903542
2001-04-26,-0.07881364764076526,0.07148463680155114,57.142857142857146,54.00404444133867,0.466951122417588,-0.5127436679891741
2001-04-27,0.07118620525859298,0.06551116891327824,57.142857142857146,58.35406957785315,0.47488895343088944,-0.42575556574239054
2001-04-30,0.05442833857956497,0.06463059932691166,57.142857142857146,61.560547158865205,0.4848613549979853,-0.3740079245867002
2001-05-01,0.09339841613654976,0.0670424949490948,100.0,66.5751976879521,0.5104548293978429,0.04093576203800618
2001-05-02,-0.022946213092276957,0.07232258770768553,92.85714285714286,64.15404513038318,0.5206111516593083,0.025295550823592434
2001-05-03,-0.004382637773968634,0.07437800041718706,92.85714285714286,63.68856742818748,0.4909987797276274,0.16552593993922962
2001-05-04,0.013769401751116517,0.07495761966213518,85.71428571428572,64.55490591612252,0.4794561708751918,0.31047915830462575
2001-05-07,0.044867892296860834,0.07553894234790838,100.0,67.32799882942064,0.4702849262186884,0.5065950397823883
2001-05-08,-0.07234986802894294,0.07749029413992037,57.142857142857146,58.9584425829379,0.4130076642100981,0.25700716585269723
2001-05-09,-0.04686442946268665,0.07321282272887587,57.142857142857146,54.56883316919958,0.37164578433224943,-0.06021946181674533
2001-05-10,-0.033622562412520374,0.06556437560486308,57.142857142857146,51.73241992271941,0.3439607116844795,-0.34283750043072153
2001-05-11,-0.02556563261276623,0.05622718306684425,57.142857142857146,49.6886173119996,0.32026042538631594,-0.4726460703383051
2001-05-14,0.008576272343205238,0.04720256511129923,57.142857142857146,50.37873519512593,0.2831566002440948,-0.40178493911919194
2001-05-15,0.035909595312955345,0.0413484464216935,57.142857142857146,53.29246548708184,0.25551004467743976,-0.3470078881866464
2001-05-16,0.04715577028086715,0.03947298929681365,57.142857142857146,56.99211416556409,0.24656147001773343,-0.11520904310545889
2001-05-17,0.017664273702532984,0.03972011059789875,50.0,58.38458059330311,0.24859923271905307,-0.004603896463146731
2001-05-18,-0.008046835733386826,0.03967522589264243,-28.571428571428573,57.455850624483716,0.2478284496290405,0.012695510224003418
2001-05-21,0.0451910851572479,0.04070113213567594,-28.571428571428573,61.16222372626834,0.25493286690546263,0.16061437080187452
2001-05-22,0.02993381927130101,0.04347169214434727,-28.571428571428573,63.5309940766004,0.25370350949989684,0.389622638319186
2001-05-23,-0.008502176994670818,0.04578478649244734,50.0,62.333286924163524,0.25619703734482285,0.020066959810017784
2001-05-24,0.014763280857364114,0.047263155394801186,50.0,63.605415324768174,0.23207125110268587,0.008212369650269646
2001-05-25,-0.018936839165743846,0.04779921833291295,50.0,60.73031632292341,0.2214222513270102,0.03843350282325846
2001-05-29,-0.0410017818000572,0.0455568470705078,50.0,55.03907823807628,0.21711293447329463,-0.054674083416393064
2001-05-30,-0.01865049700424548,0.04095574586793933,50.0,52.71820209393175,0.2144572862956435,-0.566739423310704
2001-05-31,-0.007995225951801244,0.035854695262862474,50.0,51.72994140234104,0.2145244446391713,-0.7480245778091291
2001-06-01,0.05536724278500249,0.033739618397891136,50.0,57.608969140362596,0.21638783829096517,-0.578875930704367
2001-06-04,-0.015494626053204286,0.03243833118072373,50.0,55.460505524761,0.2155120604070638,-0.5032198177567749
2001-06-05,0.05250106920868003,0.03308426293898636,42.85714285714286,60.7227262209428,0.21478485367647218,-0.2526254182754784
2001-06-06,0.004273228355072156,0.03467376012063232,35.714285714285715,61.146225015042376,0.2249869079241811,-0.11662631144006225
2001-06-07,0.05647739014778286,0.03799377363992727,-35.714285714285715,66.33478996290951,0.24694987305603233,0.22817151210183192
2001-06-08,-0.02597398814579932,0.040596652757300004,-35.714285714285715,62.002363587364705,0.24364377804329532,0.27935836849439044
2001-06-11,-0.02925174724965729,0.0402226240582485,-35.714285714285715,57.56128245837115,0.21839398424026074,0.22130566976057142
2001-06-12,0.033327485821726954,0.03984349225856352,-35.714285714285715,60.89730653093874,0.1960197743883511,0.3543021783420859
2001-06-13,-0.03359042315115246,0.03873017005371458,-35.714285714285715,55.96323623503897,0.1737116868056006,0.1922534038720507
2001-06-14,-0.0021337807939385556,0.03623863006619596,35.714285714285715,55.66506195428565,0.163788051159968,0.1572160371959265
2001-06-15,0.015601226875969765,0.03451477622351695,35.714285714285715,57.44649164325052,0.15873038350456567,0.26463560993545004
2001-06-18,-0.03955909072024766,0.03128905012729024,35.714285714285715,51.686818610186116,0.14767348429010738,0.12433928279378989
2001-06-19,-0.05466153056397116,0.024256856786162736,35.714285714285715,45.20872265241723,0.15770929640744025,-0.2242479102345708
2001-06-20,0.04299098903839127,0.01963860453188011,-64.28571428571429,50.20577831118129,0.15911791544678358,0.02714058523823176
2001-06-21,0.01888635185098786,0.017751213907624325,-64.28571428571429,52.350150539031084,0.15918512522320022,0.32274367123031744
2001-06-22,-0.004470082184847568,0.01607065132155995,-64.28571428571429,51.77113954534932,0.15885433989798234,0.3464919601744748
2001-06-25,-0.001971261852537376,0.014379476495956766,-64.28571428571429,51.5018253127556,0.15907873380992293,0.3726153865158373
2001-06-26,0.028862104185843007,0.014742630909898413,-64.28571428571429,55.171575173774926,0.15438284846392047,0.5263936656049562
2001-06-27,-0.03093257304127739,0.013113255582213343,-64.28571428571429,50.62287042837812,0.14331131603265027,0.48341776486516763
2001-06-28,0.01177701514448315,0.012115343990452564,-35.714285714285715,52.18910604000509,0.12619283014672242,0.372883527954618
2001-06-29,0.009028713781955355,0.011927574152920823,-35.714285714285715,53.423235490412516,0.12381286124054193,0.30145283184896327
2001-07-02,-0.044312773133544425,0.008574506774052816,-35.714285714285715,46.958649685569775,0.12477142304319966,0.2580483862509965
2001-07-03,0.012749586854068129,0.006352511511266636,-35.714285714285715,48.79351067255024,0.12799956279478092,0.2703248193768079
2001-07-05,-0.07251813942152263,-0.001251896875886872,-21.42857142857143,40.172556042082114,0.15542880532182857,-0.035614036765232455
2001-07-06,-0.030748175808030243,-0.010355917290098425,-100.0,37.37584783727518,0.17460610233943408,-0.18878262648622235
2001-07-09,-0.03271342591619131,-0.020623860307999158,-100.0,34.69362214416005,0.20797525260766095,-0.4407868279486257
2001-07-10,0.008199877626923868,-0.027281290152544848,-92.85714285714286,35.894830933956094,0.23407806158615904,-0.5756642975858356
2001-07-11,-0.001906116224602017,-0.03253181001643403,-50.0,35.72896520050135,0.24604951323760735,-0.4924610342110091
2001-07-12,0.052448119809740845,-0.03045282378139978,-50.0,43.45654857350951,0.24782456027392347,-0.24749898591582709
2001-07-13,-0.020684697432822086,-0.03206034092503183,-50.0,41.24012379896507,0.25177457958983374,-0.12895969867563847
2001-07-16,-0.08040984276328011,-0.04226333943956555,-71.42857142857143,34.107967253117536,0.27241654055041925,-0.4206512840299402
2001-07-17,0.055878446989764186,-0.040839532868869405,-78.57142857142857,41.11623361825351,0.2797693837376858,-0.1891807543911083
2001-07-18,-0.03460274765665339,-0.04534018080997057,-78.57142857142857,38.251458353062276,0.29868487678132566,-0.16370512554357916
2001-07-19,0.016077574290801255,-0.04519362562503146,-78.57142857142857,40.2620695078224,0.30714221798097596,-0.2546256603775104
2001-07-20,-0.028789572771003025,-0.04882820912132039,-78.57142857142857,37.8473687476385,0.3152522252196563,-0.2513093581283273
2001-07-23,-0.09467341630253812,-0.063647820370141,-92.85714285714286,31.375264932013724,0.34912769840663826,-0.7097997797943291
2001-07-24,0.06769897148965187,-0.06100245921517296,-100.0,38.685283591001884,0.35503757568085725,-0.39208370963319933
2001-07-25,-0.009670985154175193,-0.06277512800528415,-92.85714285714286,38.020052301600636,0.346909698929837,-0.019178262255963745
2001-07-26,0.10196940299451729,-0.049772294223870604,-57.142857142857146,48.06311411955836,0.3287282528781903,0.5978529189291804
2001-07-27,0.02531543956051019,-0.040523419855010644,-57.142857142857146,50.4296169117063,0.30093961872213976,1.01806566182804
2001-07-30,-0.023828302841977123,-0.03654991244069872,-57.142857142857146,48.14942179842383,0.260214769019292,1.033444595118392
2001-07-31,0.023144391512556206,-0.029711321286342282,-57.142857142857146,50.43766233532641,0.23588735246387668,1.2422509364794077
2001-08-01,0.06106487803175953,-0.018652354014151048,42.85714285714286,56.073310631746295,0.21445347103269738,1.5331316970521647
2001-08-02,0.02376518214935408,-0.0090052176186495,50.0,58.187641922523746,0.2336935586108758,1.8377322804435263
2001-08-03,-0.007851553417728807,-0.002328145115972876,57.142857142857146,57.18504467044562,0.25170912576535387,1.8618801209471225
2001-08-06,0.030278361575343915,0.005242188069301706,64.28571428571429,60.02323502986147,0.27834842147231825,1.9232116090764066
2001-08-07,-0.01480659932382078,0.010027332224159309,64.28571428571429,57.93931246141737,0.2944997159104863,1.6751560911847223
2001-08-08,-0.0254236554320989,0.011874165469701737,64.28571428571429,54.49272314278446,0.30115209522658076,1.1324595315676087
2001-08-09,-0.017507874695001036,0.011790642982133118,64.28571428571429,52.24641822504691,0.30379330947208666,0.6517887803517732
2001-08-10,-0.0011783877957041167,0.01134442417990695,64.28571428571429,52.093491906296116,0.3068456914751974,0.5218800770599404
2001-08-13,0.041940600901509084,0.013628734593654655,64.28571428571429,56.92087347056223,0.3074874430785867,0.6607683843401658
2001-08-14,-0.02653404785477753,0.01387230195215059,57.142857142857146,53.12091244951878,0.3088997269588402,0.5796753515099106
2001-08-15,0.0011655204865093083,0.013691013517860859,50.0,53.26458557422381,0.30400525620451946,0.19690143708530178
2001-08-16,0.04211677627478916,0.016087785491668078,28.571428571428573,58.24976802993351,0.3069633448928364,0.2979680791039363
2001-08-17,-0.06475177641788665,0.013953930402236856,28.571428571428573,49.19541850293043,0.293437173026668,-0.02101697359239018
2001-08-20,-0.006924699135950507,0.010772623836611345,28.571428571428573,48.38532065990573,0.23840785143838356,0.003405765044703024
2001-08-21,-0.021037109198939197,0.006540570356090758,-71.42857142857143,45.92810454389528,0.2043788107304422,-0.2814996351131253
2001-08-22,0.04113656084217654,0.006003536104118106,-85.71428571428572,51.052611523233196,0.15088028699879946,0.007849399834689597
2001-08-23,-0.02217415751527685,0.004037485967046645,-85.71428571428572,48.286812844203936,0.13850573546667522,-0.06986983726432028
2001-08-24,0.028585055682864402,0.00449622251877298,-85.71428571428572,51.82941688946619,0.13101658402638777,-0.07408112296055201
2001-08-27,0.03459285093062059,0.007395996962778517,-78.57142857142857,55.88095235571281,0.11514695970319364,0.14117513474376409
2001-08-28,-0.013034911050192388,0.008775972278602905,-71.42857142857143,53.975024478253964,0.10301194571102645,0.030018069410735926
2001-08-29,-0.03215321792593917,0.007352072723127822,28.571428571428573,49.54463278801499,0.10466063270667383,-0.2574999533723453
2001-08-30,-0.00320318425685584,0.005686966950958976,28.571428571428573,49.12592715196003,0.10464038436673363,-0.09971122871446492
2001-08-31,0.008330710817637588,0.004922627125831097,28.571428571428573,50.298587888415646,0.10420312703805869,0.08390354833226321
2001-09-04,-0.06952948037856932,-0.0013348220133238458,-28.571428571428573,41.60670604574434,0.11652212185116408,-0.21932122310668334
2001-09-05,0.021314335052053268,-0.004709694021392184,-35.714285714285715,44.55010322378175,0.12015482644310488,0.13392045816722878
2001-09-06,-0.04087178241322431,-0.01103335824392338,-35.714285714285715,40.26902726122694,0.14213900926821482,-0.12628326310011018
2001-09-07,0.010491222643839837,-0.014713549202139018,-35.714285714285715,41.75305243461401,0.1565339773574407,-0.060560352142665856
2001-09-10,-0.02896518172657514,-0.02042107529535792,-57.142857142857146,38.852827431168784,0.17860596310002752,-0.14794022534664328
2001-09-17,-0.10269368835903092,-0.03622875645920631,-64.28571428571429,30.89610548742349,0.23648752078149177,-0.39173203237390675
2001-09-18,-0.0603108476555928,-0.05446574602812932,-71.42857142857143,27.67917431491026,0.3080482675836555,-0.5793495876474307
2001-09-19,-0.01221012251436182,-0.06811728465147557,-78.57142857142857,27.101054694894504,0.36502939600745965,-0.3667856980423782
2001-09-20,-0.08462748770564987,-0.0920500677312656,-78.57142857142857,23.484561048182496,0.43145295592364674,-0.37901211853192235
2001-09-21,-0.06613673576490675,-0.11789061575631672,-92.85714285714286,21.295292757917053,0.5156355360596929,-0.38946412383362816
2001-09-24,0.11234673629999814,-0.11032794954125559,-92.85714285714286,32.10770742944061,0.5531670641264078,-0.13726978692895467
2001-09-25,-0.03899988655038167,-0.12027612763581345,-85.71428571428572,30.37257982593275,0.5962559862855289,-0.2166823503178154
2001-09-26,-0.03607486435351914,-0.13078759702845394,-71.42857142857143,28.878590156000904,0.6352535480675562,-0.29869986541666427
2001-09-27,-0.05541418806541698,-0.1465472402279669,-100.0,26.778237781058767,0.683200756887388,-0.39321439118415946
2001-09-28,0.04647778447203099,-0.14095426783680778,-92.85714285714286,31.05643180170435,0.7045730262193051,-0.37127632070321526
2001-10-01,-0.08482142189971575,-0.16044056579844687,-92.85714285714286,27.724755143030322,0.7249628583534762,-0.49638279501999655
2001-10-02,-0.050119191624486525,-0.17648737334559347,-100.0,26.09452215591517,0.7463932776378406,-0.5933706061871447
2001-10-03,0.1968188929528738,-0.1376275841374327,-92.85714285714286,40.216086833760706,0.7278096079505835,-0.34860265187852163
2001-10-04,0.12980779786891095,-0.10444056224028342,-85.71428571428572,48.56966698491698,0.6873791168495819,-0.04398131052259072
2001-10-05,0.01889443058465523,-0.08649632556444826,-78.57142857142857,49.8116439832345,0.6313550130990278,0.207636186214364
2001-10-08,0.02248968388473238,-0.06960958868192152,-71.42857142857143,51.346171397953036,0.5983459028595726,0.33899411822584113
2001-10-09,-0.043398227241494225,-0.06328494255637275,28.571428571428573,48.21378611113234,0.545969176475281,0.2759341065400202
2001-10-10,0.06432512647325339,-0.0469809323121089,28.571428571428573,52.626698314956585,0.5103898221258529,0.4253181846498175
2001-10-11,0.10831894601250114,-0.025288331216426055,50.0,59.317809289822634,0.4973349306342634,0.651202593031061
2001-10-12,0.0650706748083334,-0.006019393079216485,57.142857142857146,63.05895076007925,0.5309082433586381,0.9751860206276539
2001-10-15,-0.004452032605237521,0.007614235218288661,64.28571428571429,62.60713666227166,0.5837529112912858,1.0865358057980636
2001-10-16,0.10062058550314545,0.02385643566348844,71.42857142857143,68.13874359782652,0.678728084624614,1.3215618206572637
2001-10-17,-0.05869104455811025,0.034179440916393855,78.57142857142857,61.816459184153885,0.7210096832110261,0.9223906685887209
2001-10-18,0.04220698032823056,0.04229419590637653,78.57142857142857,64.23559488217603,0.758325494852259,0.8462572140726364
2001-10-19,0.02070855987214415,0.04987355833739462,78.57142857142857,65.4413123437439,0.776091698855664,0.8672795162007993
2001-10-22,0.023670097764518783,0.05646735733148501,100.0,66.84565035813073,0.805476978019022,0.9629390488736452
2001-10-23,-0.017618401171443088,0.06157281074153413,100.0,64.68863354122098,0.8099171962219218,0.8500099704539696
2001-10-24,0.044161561974463304,0.0647414693556248,92.85714285714286,67.47206012113165,0.8085697152320508,1.0266610931669742
2001-10-25,0.058608970543587935,0.069149129394399,100.0,70.89574500572614,0.7989954218812945,1.2374981878631235
2001-10-26,-0.07138680243069173,0.07422679565007294,92.85714285714286,61.855328600405926,0.7636043184183117,0.9595228690998435
2001-10-29,-0.08124100621599462,0.07261268679011604,92.85714285714286,54.01617788544708,0.6834054497080928,0.4757081089886934
2001-10-30,-0.0016625307083519836,0.06535427610122399,85.71428571428572,53.87792207175666,0.5702730616859761,0.2054550683214828
2001-10-31,0.020477531026428242,0.05924824709773523,78.57142857142857,55.389958149706764,0.498922692880815,-0.0635898772951095
2001-11-01,0.0853942739710607,0.056780000312781936,71.42857142857143,61.21683482518608,0.46596524878625023,0.08729612189634549
2001-11-02,0.01397040500340574,0.058153244119941765,64.28571428571429,62.161949281947884,0.43147461064557147,0.3399367914808696
2001-11-05,0.00360495101379521,0.0592533227281909,57.142857142857146,62.419995983683684,0.39415159753994455,0.2200159345342227
2001-11-06,0.06865140773327649,0.06089925939300617,35.714285714285715,67.04571275985293,0.34382846737102385,0.5053637037254928
2001-11-07,0.000792086523145219,0.06448920996691433,42.85714285714286,67.09948632332042,0.3000804904243587,0.3787332903456564
2001-11-08,-0.017382303491133122,0.06637176416900022,42.85714285714286,64.60607735210658,0.27843091636039735,0.1930573921317771
2001-11-09,0.06934676684165875,0.06707690590580674,57.142857142857146,69.40566086530157,0.29563922145264176,0.6729190433590608
2001-11-12,0.02688061171785039,0.07048677818756062,64.28571428571429,71.15191716484837,0.3118978237473242,0.9543466276297949
2001-11-13,-0.008237577164663334,0.07368056425704848,64.28571428571429,69.80171747589216,0.3349585648501333,1.0171413266525728
2001-11-14,-0.027869186658011857,0.0747443385529034,64.28571428571429,65.32260446395873,0.32879354062667937,0.896918895933106
2001-11-15,0.005315316111137225,0.0731064980962206,64.28571428571429,65.76129417453059,0.3286705977761513,0.8676252007845895
2001-11-16,-0.008687084850522386,0.07122554398680714,64.28571428571429,64.3215042936694,0.3266860071377972,0.7507257905425382
2001-11-19,-0.02190989120099751,0.06818435717085515,64.28571428571429,60.74078114858092,0.3227931465976504,0.6780292768291666
2001-11-20,-0.028048437789152003,0.06331294158834075,57.142857142857146,56.499553596748996,0.31155650655047884,0.4381442549600438
2001-11-21,-0.01282488652144631,0.05694036679825781,50.0,54.672487762884124,0.3071423991984936,0.31281198407121186
2001-11-23,0.014007368631510753,0.051056512783823595,42.85714285714286,56.312868346330546,0.30720500134158457,0.30008812617041875
2001-11-26,0.07147152732133999,0.04870171747280325,28.571428571428573,63.64386108802934,0.3064325009452379,0.5791081263621506
2001-11-27,0.010650062548160255,0.04929463988094294,28.571428571428573,64.66343337435252,0.27823532188613764,0.6786999761268174
2001-11-28,-0.050471443109683656,0.04799570662846137,-50.0,56.49186801941841,0.23202601071066906,0.4849173909739073
2001-11-29,0.04380827839542256,0.04586365671610576,-50.0,60.8797169285572,0.1862405833012234,-0.682242387555615
2001-11-30,0.019212033081025037,0.04589954966195922,-50.0,62.732538501049795,0.1727911390819673,-0.9120633314316984
2001-12-03,-0.015188518204096724,0.04556233809404125,-50.0,60.256119784702676,0.1556048652991901,-0.8289866909562763
2001-12-04,0.08046728744477427,0.04687169573795771,57.142857142857146,67.47119777651321,0.16336617047893914,-0.37688205807127506
2001-12-05,0.0806667360219464,0.052242623031236696,64.28571428571429,73.15571984098005,0.229996456112617,0.23391740080629958
2001-12-06,-0.015756917418733307,0.05825744136376779,64.28571428571429,70.36054907324056,0.26316396881576515,0.5735551604688373
2001-12-07,-0.03056278775111232,0.061079435356327566,64.28571428571429,65.23599467792165,0.2699680816722554,0.6064456171365906
2001-12-10,0.010008465279960799,0.061339850587341996,64.28571428571429,66.08060023975248,0.2857729385462315,0.5704169055462313
2001-12-11,0.03583976219050644,0.06195752117541052,92.85714285714286,69.01292484307584,0.3116232191898808,0.5222284497631753
2001-12-12,0.031090367423794563,0.06389190606772334,100.0,71.40508723570059,0.3435229711454327,0.7016216852558841
2001-12-13,-0.028761466425609394,0.06573942595010342,92.85714285714286,66.1586633239397,0.35507212856469406,0.5581104915561687
2001-12-14,0.045056078107975184,0.06559417675134589,100.0,69.79501440319022,0.3767860983325586,0.6086985320961268
2001-12-17,0.035953909063022094,0.06739832453328841,92.85714285714286,72.45331812823238,0.40279662779081404,0.7094881981702901
2001-12-18,-0.02573607286591828,0.06956465577621909,92.85714285714286,67.69550809471951,0.40632097529135264,0.605146807215671
2001-12-19,-0.02732039395775343,0.06877379558313015,78.57142857142857,63.081713201026126,0.38968876183454143,0.34241456347854116
2001-12-20,-0.0394170453813234,0.06526787021780577,78.57142857142857,57.19087891182959,0.3576054688073403,-0.018442986846535985
2001-12-21,0.04329669922926205,0.06040476412318796,71.42857142857143,61.297653824004286,0.3283342480655003,-0.04263006703122762
2001-12-24,0.024929224811518935,0.05855726374982953,64.28571428571429,63.55916829703679,0.31872612174065057,-0.00047296571894241406
2001-12-26,0.024475214670408585,0.05812342451228833,57.142857142857146,65.7292777145132,0.312464827202099,0.03147410211540232
2001-12-27,0.023153847244918868,0.05870498371542508,92.85714285714286,67.73472615103822,0.28727447447846066,0.16386297524134535
2001-12-28,-0.024070837712940163,0.059022689493633124,100.0,63.47956648576619,0.2614899798972709,0.07141797694254859
2001-12-31,-0.011963170770916576,0.05719446222751191,92.85714285714286,61.46271329691194,0.2322023388768674,-0.16196548728328203
2002-01-02,0.005978444264986615,0.05470028265835903,85.71428571428572,62.10295706072023,0.1848467002272351,-0.1517382017014972
2002-01-03,0.0655281076008265,0.054073098759944746,57.142857142857146,68.34731246072612,0.1843871142951003,0.23586917130450077
2002-01-04,-0.02914381536841637,0.05487550665919693,64.28571428571429,63.045720755766745,0.1895172426429972,0.2531898914861494
2002-01-07,-0.02686185214446213,0.05288483057654971,64.28571428571429,58.66079811516528,0.18367172168734106,0.11561179340609644
2002-01-08,0.011808958807031367,0.049888633017082566,64.28571428571429,59.94432569010677,0.16667218767258232,0.0112901853459483
2002-01-09,-0.013712334370701629,0.04700694853685258,64.28571428571429,57.67843188884751,0.14687429400078586,-0.21114283255327898
2002-01-10,-0.023960682870614036,0.042783844233550784,64.28571428571429,53.89719637363859,0.13696929109467224,-0.45409685397744043
2002-01-11,-0.044250368851327604,0.0361533268565878,64.28571428571429,47.812592915112404,0.1429559720247077,-0.8468842958355048
2002-01-14,-0.052480616305791594,0.02618208595739373,-42.85714285714286,42.02164089986517,0.16240891006464578,-1.5070328822664552
2002-01-15,0.09337343111256091,0.021905800176643304,-42.85714285714286,52.47245710721472,0.16278287833133656,-0.9770339808014404
2002-01-16,-0.039026578559744785,0.017632500303685555,-42.85714285714286,48.196890551682834,0.16895582168652457,-0.9631775820540712
2002-01-17,0.03503658961602496,0.015633720879908122,-42.85714285714286,51.842605111311634,0.16990582490492376,-0.5244863664638908
2002-01-18,-0.018309155450047965,0.013137168071259354,-42.85714285714286,49.80109020253176,0.17138243722839522,-0.17396746382581874
2002-01-22,-0.025079751157391472,0.009028799297358364,-42.85714285714286,47.11430549488914,0.17002788144805364,-0.20000535389473348
2002-01-23,0.018810405253227858,0.006814680071395963,-42.85714285714286,49.269525669655906,0.17295713403008575,-0.013000154488141796
2002-01-24,0.035822310343619046,0.007714196140902575,-42.85714285714286,53.2502847706097,0.17312420300184636,0.2997876736619903
2002-01-25,-0.0025902177376843083,0.008330631000627286,-42.85714285714286,52.915372195682906,0.17185066068268168,0.3950701313412994
2002-01-28,0.03849026793806232,0.011337044045474217,-21.42857142857143,57.210891954780976,0.16785190431671493,0.6974586489987674
2002-01-29,-0.048977991770477014,0.010407888986254438,-21.42857142857143,50.63674357559778,0.16694975967782377,0.4993422007728037
2002-01-30,0.012063457472388128,0.009946209721241632,-21.42857142857143,52.027338597048235,0.1663537264654959,0.7375781270340772
2002-01-31,0.004584647432636313,0.009888735443725748,71.42857142857143,52.58066186042839,0.16496447305041428,0.8811004019924926
2002-02-01,-0.024489776983841804,0.008009118012574252,71.42857142857143,49.2948919866939,0.14246892100411365,0.7095536535957168
2002-02-04,-0.04709235460492733,0.0026173116937240133,71.42857142857143,43.76948112793769,0.1390113681566588,0.23378576650781466
2002-02-05,-0.009818029127342198,-0.0027572460069993448,-35.714285714285715,42.74441601981211,0.14430426936753843,0.26536621726336923
2002-02-06,0.024953438976758724,-0.004845493239617603,-35.714285714285715,46.16167120745447,0.1356088993922637,0.2602012124691869
2002-02-07,-0.03240863525053039,-0.009367861864514642,-35.714285714285715,42.5233102361147,0.13731002525061506,0.01299171567615878
2002-02-08,-0.03815978142065102,-0.016344920970747523,-57.142857142857146,38.773722174328334,0.15658275701680896,-0.15869677539438415
2002-02-11,0.05526615082297681,-0.01603873118457588,-57.142857142857146,45.92660464218215,0.16024707085072107,0.12524525499230194
2002-02-12,0.021178711497971348,-0.014294516978376299,-57.142857142857146,48.54455597546779,0.15289696218014606,0.3729015554824775
2002-02-13,-0.0128598228830209,-0.014234587372598136,-57.142857142857146,47.02428156227751,0.15251232343752819,0.22042497334772715
2002-02-14,0.01237675839296104,-0.012734585183528291,-57.142857142857146,48.66901854892281,0.1530976111661097,0.10090603353422314
2002-02-15,-0.07738036307626428,-0.019209847529132303,-57.142857142857146,40.16833040321144,0.17044531096908863,-0.561352694685549
2002-02-19,-0.06626074225088097,-0.030536476125839766,-100.0,34.97139454058738,0.21326725923911713,-1.0665993425142244
2002-02-20,0.05228718752826933,-0.03214288083986201,-92.85714285714286,41.02584324177172,0.22946374776449013,-0.827941255451909
2002-02-21,-0.06832219702103604,-0.042583556229566145,-100.0,36.055089498974574,0.2657030271458729,-1.003151184092529
2002-02-22,-0.04914300736458843,-0.05505747680765707,-100.0,33.15590436596611,0.30689528402099936,-1.267501196298708
2002-02-25,0.07832430247474731,-0.05214633340459751,-92.85714285714286,40.91042460911108,0.3149778597222437,-0.9611497735211326
2002-02-26,0.021735301434312015,-0.04959268717389509,-42.85714285714286,43.03986789635128,0.30083474587422065,-0.6573580673277902
2002-02-27,-0.03363482717745403,-0.05233947130791263,-42.85714285714286,40.55153153876587,0.30494512918082534,-0.826167341387971
2002-02-28,-0.04026488690474961,-0.05809384859750028,-42.85714285714286,37.82693298450915,0.31055547077269074,-1.0830946819799316
2002-03-01,0.09664921291002626,-0.0478821432389265,-42.85714285714286,46.70975364930775,0.2891680707261708,-0.7968639520390385
2002-03-04,0.0557740017624182,-0.0368430711319585,-42.85714285714286,51.438307270439495,0.2720640853401799,-0.37689448178872437
2002-03-05,-0.0025399174571512084,-0.030035063295104355,-42.85714285714286,51.20306250343466,0.267040286400992,-0.26857935244435477
2002-03-06,-0.03140435389568974,-0.027659180339332592,-42.85714285714286,48.27102009589353,0.2624139701115428,-0.10767618891565413
2002-03-07,-0.008060811021466607,-0.025568701888949885,-35.714285714285715,47.542118480225106,0.25087470305617016,-0.021192104349873328
2002-03-08,0.029857647865408676,-0.020470377748170725,50.0,50.49970081754221,0.24701879162672175,-0.024753026725627493
2002-03-11,-0.011666241969347069,-0.017963673875076577,50.0,49.29530585167502,0.24692922670725617,0.005661237809818187
2002-03-12,-0.052420305795919164,-0.02088202450857983,50.0,44.248302177330274,0.2400384439431201,-0.14271987092985744
2002-03-13,-0.018135153659883496,-0.02403447526357933,50.0,42.70473270126586,0.22498938561049048,-0.3304045455649811
2002-03-14,-0.055410481824472946,-0.03212874411834503,50.0,38.37926292392591,0.22229490869162044,-0.6019864068021041
2002-03-15,0.042266754556858466,-0.03226424618347202,-57.142857142857146,42.869411890181006,0.19639926615942985,-0.39901013391363066
2002-03-18,0.0,-0.03302352195601816,-57.142857142857146,42.869411890181006,0.1954196678352757,-0.42356959237477493
2002-03-19,-0.021223584065141243,-0.03569263478009635,-57.142857142857146,41.05367075883737,0.20093259081928486,-0.5205474386450618
2002-03-20,-0.09932186628478501,-0.049672739877304466,-78.57142857142857,33.958684085646276,0.23793099153050976,-0.9446066638353792
2002-03-21,0.05309424585623379,-0.050081512076475966,-85.71428571428572,39.38995060378999,0.2514765538483026,-0.7842820388607565
2002-03-22,-0.00857348580122641,-0.05293088522320326,-85.71428571428572,38.80550958811849,0.25853550850778273,-0.7899429592184304
2002-03-25,-0.05167895609614748,-0.061522756192146436,-100.0,35.42297820500592,0.28960761702772003,-0.9138578887870884
2002-03-26,0.020410313113587764,-0.0623916389185093,-85.71428571428572,37.616266946856804,0.30875555207120703,-0.8346953395685737
2002-03-27,-0.03191490866154156,-0.06804300800484794,-92.85714285714286,35.542006885886984,0.33506852187625086,-0.8098726320807154
2002-03-28,-0.025054891948447677,-0.07393490539889891,-100.0,34.00719394158249,0.363836423507841,-0.5839363841029432
2002-04-01,-0.016457846994764602,-0.07895073430046995,-100.0,33.02367167066505,0.38985070529231186,-0.06732619105840679
2002-04-02,-0.02612888523507173,-0.08532530888652888,-92.85714285714286,31.492089172335604,0.40285401664881876,-0.08593770918595267
2002-04-03,0.018828931796927906,-0.0845928580160623,-64.28571428571429,33.81207211239086,0.4016363175620074,0.021307853737341214
2002-04-04,-0.00485117847428973,-0.08509021337096995,-64.28571428571429,33.49145579896249,0.4036973199386159,-0.020139006112467182
2002-04-05,-0.022749495799860076,-0.0880039234216027,-64.28571428571429,31.968011124821523,0.4059588160877245,-0.17781560146287761
2002-04-08,0.03349149657431649,-0.08230376227212599,-100.0,36.44702022002833,0.3784475258291177,0.026154934256327905
2002-04-09,-0.0632017682315178,-0.08985499111622644,-92.85714285714286,32.019419079192026,0.35789528955923267,-0.18581154728882324
2002-04-10,-0.055200961681607374,-0.10033912696376275,-100.0,28.923397817383993,0.3664366655790009,-0.24249494117920517
2002-04-11,-0.04388676573399242,-0.1116996484233713,-85.71428571428572,26.82520859271823,0.38452167912991275,-0.4477408768588215
2002-04-12,-0.0038001212870187873,-0.11646468950088366,-100.0,26.652824780717637,0.41063877240629504,-0.5065324553726354
2002-04-15,0.040347942726698394,-0.11084587619180342,-92.85714285714286,31.655604542981873,0.401588122038554,-0.4459116299763852
2002-04-16,0.043499688014532634,-0.1008618073315406,-85.71428571428572,36.85767913192097,0.370852053777223,-0.3360119424052612
2002-04-17,0.01180445435916666,-0.09346538819035081,-78.57142857142857,38.29008276779786,0.33563091107065895,-0.18299769338185096
2002-04-18,-0.0166286683925847,-0.09035628633189133,-71.42857142857143,37.00165851733133,0.3343937358530308,-0.08576277431430104
2002-04-19,-0.06814754391820099,-0.097750107325092,-57.142857142857146,32.28657372612172,0.326047303493625,-0.2841304597344435
2002-04-22,0.004875290230516693,-0.09639306410822192,-57.142857142857146,32.900434844245005,0.30932063476871013,-0.36417152190362806
2002-04-23,-0.04043066038203125,-0.1019500653465041,-92.85714285714286,30.425096803635988,0.3163848050645696,-0.4973785487667331
2002-04-24,-0.08764044129380666,-0.1194169939952308,-100.0,26.036979349850963,0.3366208157502911,-0.8550436516877862
2002-04-25,0.038792280016077374,-0.11645613240453082,-85.71428571428572,30.40245580701681,0.3437901811519817,-0.8229783361708296
2002-04-26,-0.09988315773774936,-0.13806096898147877,-92.85714285714286,25.98475767372524,0.3851461016561561,-1.0113439028991429
2002-04-29,0.16661330420734344,-0.11143257184624038,-92.85714285714286,40.0665420818969,0.377785324611305,-0.36022400313786096
2002-04-30,-0.017500008828244762,-0.10803485214596045,-85.71428571428572,39.08526912299921,0.3759384059741169,-0.25225713769623026
2002-05-01,0.01809790186541016,-0.09934496520408656,-50.0,40.675104476679365,0.3605487467890085,0.04135121521643479
2002-05-02,-0.04034774830512233,-0.10016936974037242,-50.0,38.23580375520217,0.3470490104718327,-0.08164450751656065
2002-05-03,-0.03704766661934156,-0.10317917774234268,-50.0,36.17702515241884,0.34264387868761165,-0.2787280526962351
2002-05-06,-0.03816929042323225,-0.10852942126052775,-50.0,34.20903489669263,0.3226866648809584,-0.5197983927510171
2002-05-07,0.025077823812845512,-0.10367593731956973,-50.0,36.557736500741235,0.3149282073686604,-0.420806801806282
2002-05-08,0.11489787713047228,-0.0821657498693964,-42.85714285714286,46.26094364200999,0.3073434082728591,-0.10474543927717811
2002-05-09,-0.04277645960499432,-0.07956355145228962,-35.714285714285715,43.30059346399711,0.30735169395640766,-0.21888185192527446
2002-05-10,-0.07486967510508002,-0.08616494818133298,-28.571428571428573,38.818633180364365,0.31908754036388737,-0.4934116492039673
2002-05-13,0.060538812292582955,-0.07588685277965705,-21.42857142857143,43.52760318168181,0.3124215527758831,-0.41254451037703577
2002-05-14,0.09937837417468787,-0.0572099296405038,85.71428571428572,50.64909688587949,0.2925371853700451,-0.10140560825394024
2002-05-15,0.019638559869096683,-0.04485209289289922,92.85714285714286,52.063429186527486,0.2688078111677155,0.18747031165355818
2002-05-16,0.0018490628674152632,-0.03530939650779827,100.0,52.20504488149898,0.25177806073926345,0.29628067195388574
2002-05-17,0.03160392702123871,-0.024209179682362532,57.142857142857146,54.67429641307832,0.27050402680222346,0.4925026585304534
2002-05-20,0.010722366556589424,-0.015067147811179918,64.28571428571429,55.54006019529319,0.29059197736039033,0.6551253005740811
2002-05-21,-0.07628277202104539,-0.015177084151895804,71.42857142857143,48.38349729246033,0.2929074536960002,0.3458349693257366
2002-05-22,0.040469138545249805,-0.01046363279898095,71.42857142857143,51.67001536079054,0.29378101895966413,0.46427459591727527
2002-05-23,-0.06097150583702726,-0.012755560423391684,71.42857142857143,46.65510194371287,0.290931257816735,0.21864262228168557
2002-05-24,-0.019590409991603663,-0.015744782499656437,71.42857142857143,45.22877294375956,0.26032068500951683,0.21327867090518582
2002-05-28,-0.03968212600556387,-0.021735689791966963,71.42857142857143,42.45306804302357,0.264885606453426,0.05032476916405411
2002-05-29,0.03775503278013281,-0.021835780021021,50.0,45.73021703781651,0.2647200053119829,0.25666631607720153
2002-05-30,-0.014609183100686152,-0.02379798531406548,50.0,44.63110426040252,0.26623145323119274,0.32298878466628356
2002-05-31,-0.027327263058151696,-0.027748736691914678,50.0,42.5987507298084,0.26853991700493335,0.17523551215647454
2002-06-03,-0.05887444865637925,-0.03687130923497566,-57.142857142857146,38.62904977749832,0.27839248314214865,-0.015271051899946157
2002-06-04,0.05049271726045057,-0.036373884008058986,-57.142857142857146,43.22771153131434,0.26660656252094006,0.12445932052870627
2002-06-05,-0.01451035400257139,-0.038676895378568624,-57.142857142857146,42.19968384507389,0.26432527994575744,0.25933509552948314
2002-06-06,0.000304748719029746,-0.03958450738480448,-57.142857142857146,42.23030652954669,0.2733724730647033,0.2797746751858532
2002-06-07,-0.00950469980545654,-0.04100164370881904,-85.71428571428572,41.49174233766931,0.28299999766935247,0.49164000569118593
2002-06-10,-0.008358749581708791,-0.04236801631945487,-85.71428571428572,40.822014336361185,0.2818628761767758,0.3762032823289675
2002-06-11,-0.04495827417920817,-0.0484495550650513,-85.71428571428572,37.358377309522496,0.3033043906740276,0.10837724353288437
2002-06-12,-0.08630250740006207,-0.063460917069027,-100.0,31.99814558594671,0.3476603472933824,-0.207690097972413
2002-06-13,-0.010377065918446227,-0.07249343404364375,-92.85714285714286,31.464014357015348,0.38039683121230794,-0.34590380620709926
2002-06-14,0.018798251102602137,-0.07530747313579866,-92.85714285714286,33.60376859891215,0.3970780981606746,-0.12390822467280883
2002-06-17,0.008874502029343256,-0.07631677021461589,-92.85714285714286,34.66039428317982,0.39125293716927473,-0.0792379917244992
2002-06-18,-0.005276033746152264,-0.07758705913328649,-78.57142857142857,34.30773511192188,0.3687138392907421,-0.11073776267040805
2002-06-19,-0.15664891471521591,-0.10657149598543621,-100.0,25.91972180835103,0.42227595897196646,-0.6816224781570942
2002-06-20,-0.009222802327327306,-0.11860415768698275,-100.0,25.585230377865077,0.4461307711206547,-1.040664871815989
2002-06-21,-0.04105283700965834,-0.1347076048157251,-64.28571428571429,24.107651977413823,0.49103420777481305,-1.2983216395662658
2002-06-24,0.01853487172320034,-0.1377787747427816,-71.42857142857143,26.097616881200835,0.521724964475776,-1.1450943536065015
2002-06-25,-0.08275239484663344,-0.1604111461170384,-78.57142857142857,23.127777873082024,0.575869476905103,-1.2296745816267614
2002-06-26,-0.051962223596696,-0.18007871905775402,-85.71428571428572,21.602941077535032,0.6215003780708006,-0.9170037835428319
2002-06-27,-0.14898059072798497,-0.23316934426405267,-92.85714285714286,18.108186344747754,0.7011656567029592,-1.334744774606859
2002-06-28,0.005859691989609894,-0.2455024212725173,-100.0,18.58296191527653,0.7663153632663998,-1.353253877016048
2002-07-01,-0.0023329078372824608,-0.25421071848206755,-92.85714285714286,18.53661474953664,0.8300147851618929,-1.2767651594751024
2002-07-02,-0.06301073990906614,-0.280380156175614,-100.0,17.285552720144487,0.8824830270844949,-1.2339439805947998
2002-07-03,0.08655568275180237,-0.2552926416300297,-78.57142857142857,24.36160491697286,0.9036956822615768,-0.8816131772433223
2002-07-05,0.08824989738175582,-0.2234662425192642,-78.57142857142857,31.366492110046828,0.8919312373908802,-0.4979956920637823
2002-07-08,0.030015548641387557,-0.2036959062424346,-78.57142857142857,33.80990705930051,0.8613558722548582,-0.2625742743395836
2002-07-09,-0.04907989562649062,-0.2049617048743441,-71.42857142857143,31.759143373382194,0.8219710090286533,-0.26372875561767056
2002-07-10,-0.027419431122714832,-0.20313794351406506,-64.28571428571429,30.693998618220782,0.7867698069021672,-0.41940116563474217
2002-07-11,0.10171189802247715,-0.16951176044560085,-57.142857142857146,38.683843825869985,0.7585246918714716,-0.1880762811570931
2002-07-12,-0.0009996220641925735,-0.1561638830615484,-50.0,38.63191236643677,0.7230504638120655,-0.2297047789347181
2002-07-15,0.09944738470456871,-0.12357160984377817,-42.85714285714286,46.34175074133762,0.6626847202094329,0.12590689367448188
2002-07-16,-0.02695503460593862,-0.11288817052975077,-35.714285714285715,44.54571776532417,0.5771608107056758,-0.035380869682773555
2002-07-17,-0.08497457384680607,-0.11729523731834327,64.28571428571429,39.48986711474358,0.4606129801628524,-0.25034955228131983
2002-07-18,-0.025655839586206874,-0.11622634371926134,64.28571428571429,38.1999375119364,0.4282451411175137,-0.5730092275509553
2002-07-19,-0.045289432853422795,-0.1207249706037612,64.28571428571429,36.02053135757852,0.3944732217476859,-0.7975851592340728
2002-07-22,-0.04633199012862588,-0.12818930018707508,64.28571428571429,33.98134653326855,0.37658044668004914,-0.8953433031540933
2002-07-23,-0.07460967965951792,-0.14473149335884616,-35.714285714285715,31.072144872372213,0.35539547399281557,-0.9757082065337249
2002-07-24,0.06375019487999523,-0.13429808750159544,-35.714285714285715,35.75558124239982,0.34611615817103003,-0.7500668205014862
2002-07-25,-0.11515692851454906,-0.15887026552358274,-50.0,31.34789087844364,0.37786523406638317,-0.7664041431223869
2002-07-26,-0.023242469413558897,-0.1683856326294458,-57.142857142857146,30.62188148398511,0.41376725399530745,-0.8292548748562567
2002-07-29,0.027874664942732164,-0.16416037786094262,-57.142857142857146,32.591347093815834,0.43908962846470945,-0.7032322557567899
2002-07-30,0.07275399163489649,-0.146122179074696,-57.142857142857146,37.7008648920363,0.447047018347633,-0.48663694015345726
2002-07-31,-0.31751069936892995,-0.24084723263720753,-78.57142857142857,27.27667943902822,0.560898451205908,-1.0721741148791526
2002-08-01,-0.09575090111878115,-0.2949355353803341,-85.71428571428572,25.70155369565596,0.6922106639114448,-1.598016701498188
2002-08-02,-0.06593371397502912,-0.341763507901642,-92.85714285714286,24.74343108485231,0.8166307090753775,-1.8697611956781237
2002-08-05,-0.08021375895279415,-0.3964454772133566,-100.0,23.663860561116586,0.9374182347206682,-2.011373684255622
2002-08-06,0.052325046812355724,-0.38699457542537985,-92.85714285714286,25.756909990294485,1.0347183766589774,-1.9596706958699524
2002-08-07,-0.023203863393572388,-0.4017984437896,-85.71428571428572,25.40681588550538,1.127412268853538,-1.8304348816673053
2002-08-08,0.06560564212834574,-0.37197809712154123,-78.57142857142857,28.305150362056846,1.1821694319721994,-1.5516200515828795
2002-08-09,-0.02335011327863945,-0.3743606658480465,-71.42857142857143,27.862963676544517,1.2280439132905925,-1.3815806370164458
2002-08-12,0.0,-0.3649933747351593,-64.28571428571429,27.862963676544517,1.2190858688327897,-1.188561197433535
2002-08-13,-0.02066091204817222,-0.36263540241235953,-57.142857142857146,27.433437931708987,1.1946248058164566,-1.143459217858308
2002-08-14,0.0677120354097509,-0.3233277682736273,-28.571428571428573,31.10446125120706,1.170750716197343,-0.9230630525427077
2002-08-15,0.06964144119319426,-0.28169172030399886,-28.571428571428573,34.99354910268414,1.1214039333071204,-0.6458540986597306
2002-08-16,0.038869464378736396,-0.24955297566744458,-28.571428571428573,37.27018899782679,1.0628011007524782,-0.2507839806640223
2002-08-19,0.1833569742287271,-0.18182158964606465,-28.571428571428573,47.05585459690131,0.9960186673413856,0.08823076375890243
2002-08-20,-0.04427179697865491,-0.16794548210585675,71.42857142857143,44.90059938084522,0.9492835167187793,-0.011888364435565093
2002-08-21,0.052933035554033836,-0.13708242985956876,71.42857142857143,47.84052912470581,0.857962266051009,0.11556682677965922
2002-08-22,-0.03377510775618009,-0.12486631600536911,71.42857142857143,46.06228676849746,0.8123035561014514,-0.07090994905865756
2002-08-23,-0.0658539459767965,-0.12350460726968479,71.42857142857143,42.83220598885921,0.7645080362604558,-0.3025428314528369
2002-08-26,0.007833057650446174,-0.1126265664710978,57.142857142857146,43.30791274829766,0.6892997106044736,-0.30564559634529853
2002-08-27,-0.05699498528335456,-0.11465374662865752,57.142857142857146,40.637412967892516,0.5120319459921282,-0.4240632351389773
2002-08-28,-0.062274618746690824,-0.12217858368564485,50.0,38.03496849768063,0.5108224779941059,-0.5952334987644874
2002-08-29,0.012703011795238917,-0.11820137092700118,35.714285714285715,38.84176927979307,0.5089772077387593,-0.6447536147853465
2002-08-30,-0.026036698520613077,-0.12014418614900778,35.714285714285715,37.7432567740499,0.49972756265832907,-0.7313088029790552
2002-09-03,-0.061389761334192494,-0.13074510786688562,28.571428571428573,35.275955970716794,0.47917560670479725,-0.7279082183833098
2002-09-04,-0.0063293123066996415,-0.132749241938796,-78.57142857142857,35.03726091291106,0.4713080300056927,-0.6432889742524457
2002-09-05,-0.038216624618229056,-0.14057506801305644,-85.71428571428572,33.569573978824536,0.46556578861895404,-0.6762154950993635
2002-09-06,0.022080068460512248,-0.13620298527700136,-85.71428571428572,35.19410435467364,0.46878259458636695,-0.7017042014211295
2002-09-09,-0.0010887035866739003,-0.1338372517423404,-100.0,35.14745629983346,0.46769283829988423,-0.6396600460077742
2002-09-10,0.1427031199030282,-0.10410273250306629,-92.85714285714286,45.35952068420643,0.4509788032156082,-0.24400964564734787
2002-09-11,0.049203761827377734,-0.08462601011644504,-85.71428571428572,48.7816398961918,0.42789026762034543,-0.33546144197436817
2002-09-12,-0.03156339057767843,-0.07718099566577939,-78.57142857142857,46.66334525247385,0.4162386866958226,-0.6382616759262973
2002-09-13,-0.0158326289126286,-0.0706897215494223,-71.42857142857143,45.626830381091025,0.4143221382328831,-0.8939072025918114
2002-09-16,-0.06338334572338145,-0.07354322979749443,14.285714285714286,41.69694670776375,0.42133865685654426,-1.040697612645742
2002-09-17,-0.015151693169277669,-0.07351538800346769,14.285714285714286,40.848608115309446,0.3976901182704298,-1.247207211383405
2002-09-18,-0.02769217690263137,-0.07608536233756802,14.285714285714286,39.29874409134128,0.38783148381249605,-1.2347551066726754
2002-09-19,-0.033759425505563434,-0.08101961259169446,14.285714285714286,37.48330921774494,0.3492144437755837,-1.2769168033356906
2002-09-20,0.005462871489454901,-0.08100114750736083,14.285714285714286,37.96584416196322,0.31103059899933,-1.1814260288349068
2002-09-23,-0.04342668196062727,-0.08768037728170583,-57.142857142857146,35.600597385127585,0.305799629716014,-1.1515367465023474
2002-09-24,0.007940958165016276,-0.08770319257014461,-64.28571428571429,36.347591951675916,0.28359246432493557,-1.056302407129471
2002-09-25,0.05517541082708832,-0.07852851106726928,-64.28571428571429,41.4681825852361,0.26834588482412275,-0.8278465658781661
2002-09-26,-0.05335327052575267,-0.0827073036702867,-64.28571428571429,38.10028939161418,0.2765209302940568,-0.8212243607007604
2002-09-27,-0.03495857803504254,-0.08741582815158686,-85.71428571428572,36.1396720054287,0.28786465034379793,-0.956351956133395
2002-09-30,0.0,-0.08776130455593704,-92.85714285714286,36.1396720054287,0.29982430031108553,-1.006466983225487
2002-10-01,0.05374849684558902,-0.07852368852279243,-100.0,41.33454466661185,0.3037789220902731,-0.7218151935343788
2002-10-02,-0.0011177797415837798,-0.07407052493166078,-92.85714285714286,41.255342780457255,0.3074505199784473,-0.7984150370287058
2002-10-03,-0.04882607563626884,-0.07733978185427322,-85.71428571428572,37.84768309367995,0.3171094900834655,-0.9640806154431724
2002-10-04,-0.050183907330186295,-0.08427329036742086,-92.85714285714286,34.819668775157794,0.34074393753163923,-1.097953539155559
2002-10-07,-0.049135586976140955,-0.09408627982698672,-100.0,32.23666734614069,0.3762184087946741,-1.201504499192351
2002-10-08,-0.02972074159087934,-0.10271405973702141,-100.0,30.82052529892297,0.3963014532725664,-1.1926472700491868
2002-10-09,-0.018631432037617746,-0.1095730034893755,-57.142857142857146,29.958452229548417,0.3880635749730711,-1.215990102728142
2002-10-10,0.05154926028341911,-0.10276087506184005,-57.142857142857146,35.25399011360054,0.3655715751130678,-1.0569975854954663
2002-10-11,0.13678551960502183,-0.07877427563440775,-57.142857142857146,47.24037091508351,0.3197143019370089,-0.6180757715613904
2002-10-14,-0.02951647959064785,-0.07328904120136046,-57.142857142857146,45.037751746644666,0.2972997281979987,-0.43588520267211733
2002-10-15,0.10409855462815054,-0.0525089323530702,35.714285714285715,53.098349217849346,0.2870807498078489,-0.48603369901408083
2002-10-16,-0.08369480266942653,-0.05207885690141932,35.714285714285715,46.56931546626776,0.27425553724403023,-0.5172493065218738
2002-10-17,0.0763002774395285,-0.03837602224832057,35.714285714285715,51.8909730605518,0.2777290149887965,-0.6030583701832039
2002-10-18,0.009667795834310544,-0.02904338591819076,35.714285714285715,52.58455143235538,0.2824955781887107,-0.45612689590201944
2002-10-21,0.0904347788109936,-0.013273822280056096,64.28571428571429,58.64820685358414,0.32448153828768134,-0.14236975115577746
2002-10-22,0.0331664805700973,-8.597642440363283e-06,71.42857142857143,60.80681350415761,0.37274909807840734,0.07325643599260694
2002-10-23,0.04060071858878489,0.012770928063783252,71.42857142857143,63.408464968046744,0.4275805614891724,0.3497252365623377
2002-10-24,-0.05080967815726811,0.019579195439184054,85.71428571428572,58.008263821090175,0.45177225635305573,0.11691300478656308
2002-10-25,0.06118097052199323,0.02736113503343332,85.71428571428572,61.99245706467293,0.4894263572769193,0.29127259722079824
2002-10-28,0.005405575811030516,0.03427661476829522,100.0,62.35312310734146,0.5185279537210155,-0.020651048064222986
2002-10-29,-0.043903281979723374,0.037566396103105804,92.85714285714286,57.55063215223289,0.531854318809001,-0.15500442713213686
2002-10-30,0.053420909796701777,0.04057646083946091,85.71428571428572,61.286343727884876,0.5552963053107893,-0.26224104821496214
2002-10-31,0.05871847978581579,0.045950863400865974,100.0,65.11455993748389,0.5851312717377036,0.12377071523367046
2002-11-01,0.1848699130563356,0.05582768814004928,100.0,74.25367470238673,0.6792038581592822,0.9710951310687115
2002-11-04,0.10921738800096303,0.0696521363962906,92.85714285714286,78.49972263017008,0.7899829447402468,1.0481502033399765
2002-11-05,-0.0396370869435031,0.08417060157751448,92.85714285714286,73.26180628944442,0.8180853360914644,0.887804172558394
2002-11-06,0.07722514213364096,0.09143340977714856,78.57142857142857,76.43074179375516,0.8511916098606795,1.2709990768059003
2002-11-07,-0.10073994125367636,0.10316593671581772,78.57142857142857,64.80719425522557,0.8216426862936151,0.8218387348519728
2002-11-08,-0.21924093674996925,0.10972407721608231,71.42857142857143,49.07687694692213,0.7860469428860345,-0.19603988494219177
2002-11-11,-0.07747191212325266,0.0918506564577258,64.28571428571429,45.77566598238618,0.7486852738622533,-0.6725651416492737
2002-11-12,0.08874088181829265,0.07041191081299962,28.571428571428573,49.63134160812988,0.7228310392690366,-0.6703131739879093
2002-11-13,0.031551085892393305,0.05932346113060671,28.571428571428573,51.08138241416549,0.6727029866548432,-0.3790567340221539
2002-11-14,0.06627117215388645,0.05339521573124194,28.571428571428573,54.16062758507576,0.6352653547666154,-0.16151979824964813
2002-11-15,0.07330935154862805,0.05299391997664988,28.571428571428573,57.554451607323784,0.5995510374397778,-0.07000224731443444
2002-11-18,0.037123024050993214,0.05582203626626475,28.571428571428573,59.31745183724478,0.5830681774031792,-0.45707919717695217
2002-11-19,0.014310640791105556,0.05918245604864345,-35.714285714285715,60.03221311078823,0.570341243464317,-0.6723505346604925
2002-11-20,0.05010845816403742,0.06261745975747965,-35.714285714285715,62.54887764025544,0.5698168637875516,-0.5132226698643778
2002-11-21,0.08467779017986188,0.06781976986241892,57.142857142857146,66.5715013988145,0.5740517885671413,-0.40797918761715357
2002-11-22,-0.026022086903723096,0.07482393880276879,57.142857142857146,64.10000118398195,0.5716719045672574,-0.22534963124878904
2002-11-25,0.036259483365722156,0.07809984627999238,57.142857142857146,65.9477034379609,0.5717920923859569,-0.10454791476578351
2002-11-26,-0.027013013850775036,0.08188473596843032,57.142857142857146,63.241596169268064,0.5436447483644193,-0.25838412008327794
2002-11-27,0.07760229986095535,0.08204199709510898,85.71428571428572,67.28283288425908,0.5402432786501072,-0.1842207847862398
2002-11-29,0.0029295026266515922,0.08583252980052186,92.85714285714286,67.43965565645917,0.5401573746908771,-0.213954221105762
2002-12-02,-0.00758635619925796,0.08807491244867312,100.0,66.54746153598214,0.5566981764783826,-0.42407793724120335
2002-12-03,-0.06588668456665125,0.08891649231954063,92.85714285714286,59.26939023449258,0.5582274466794103,-0.6798727571565317
2002-12-04,-0.11964548191955282,0.08422859538858792,85.71428571428572,49.39991789154147,0.5603645385389588,-1.1272831630984588
2002-12-05,0.009296355892254526,0.07021695334048242,78.57142857142857,50.01308455129686,0.55433322033988,-1.340188755038331
2002-12-06,0.0014202539069285702,0.059076197174963443,71.42857142857143,50.113469188605585,0.5552576856177697,-1.1855442883364085
2002-12-09,-0.0799741338323765,0.0471429903473197,-35.714285714285715,44.66624816947066,0.5261251569511548,-1.1659312928873726
2002-12-10,0.08385231800035009,0.036833519379674724,-35.714285714285715,50.28056551488819,0.45733284995970075,-0.8877288941726168
2002-12-11,-0.00568051351814447,0.03091652809822093,-35.714285714285715,49.88037767183166,0.4093495139575467,-0.656633516903281
2002-12-12,-0.01641986760095515,0.024861899980009258,-35.714285714285715,48.68110792310169,0.36831777760522344,-0.7496769217145736
2002-12-13,-0.03918736180503213,0.016969483453988896,-35.714285714285715,45.89182068058791,0.3537799622068589,-0.7987984667954434
2002-12-16,0.058912637291286485,0.01369113345283923,-35.714285714285715,50.31976599055042,0.34655068891160734,-0.5875772690514769
2002-12-17,-0.0014207955130219885,0.011609433836406972,-35.714285714285715,50.20676831180604,0.34622371416896014,-0.6284589637190096
2002-12-18,-0.07643122659969048,0.004042829802447332,-35.714285714285715,44.43436883828723,0.3646138495793546,-0.8168442062244111
2002-12-19,-0.021652037643622113,-0.004509080444558085,-92.85714285714286,43.040091512455554,0.38993470707333566,-0.9943306888209452
2002-12-20,0.013432545313649236,-0.010021848235815756,-100.0,44.184865348324124,0.40029602639845846,-0.944662522108427
2002-12-23,0.007020216163949877,-0.01361796581418064,-92.85714285714286,44.8174575289964,0.40949268180543025,-0.9399785926166204
2002-12-24,-0.02013337908418744,-0.01830970163696817,-85.71428571428572,43.291428423670865,0.4106934113802073,-0.9030220762206048
2002-12-26,-0.018184879427216027,-0.02343448061436564,-78.57142857142857,41.93063426853954,0.41709412399550866,-0.9392438356443371
2002-12-27,-0.037845654646970206,-0.031113397142553335,-50.0,39.21797246399319,0.3960039410623146,-1.031746659412417
2002-12-30,-0.0351461140740611,-0.0402719641278952,-57.142857142857146,36.91964225244556,0.36386729611089036,-1.0534161962101996
2002-12-31,-0.0017277136803726112,-0.04631843758562952,-64.28571428571429,36.80945600840839,0.3102070173464203,-0.9854010695694053
2003-01-02,0.06949727044735776,-0.04200974584641115,-64.28571428571429,44.03272415533247,0.26229235953169283,-0.6210156107552159
2003-01-03,0.0,-0.04051337559555332,-64.28571428571429,44.032724155332474,0.2614319617843073,-0.525931955294879
2003-01-06,0.08124155098589192,-0.029964171590815537,-64.28571428571429,51.9901326739624,0.25171869138110947,-0.26531231763803564
2003-01-07,-0.0030112193697988676,-0.02405525169240708,-64.28571428571429,51.67304951368513,0.2401543280933667,-0.4060979434225814
2003-01-08,-0.09947296239095915,-0.030000078373159024,-64.28571428571429,42.48322286793947,0.2500820390279351,-0.8928256911054318
2003-01-09,0.01757350691200088,-0.03029965559473376,28.571428571428573,44.18395953981489,0.2408444786105634,-1.1809911873846448
2003-01-10,0.017269529935615813,-0.028721361295704937,28.571428571428573,45.906464400742976,0.2270039369014135,-1.0662360843341951
2003-01-13,-0.008080720602037683,-0.028434889769306464,28.571428571428573,45.19155823635676,0.21615305252310696,-1.1366544955029838
2003-01-14,0.007335113884339162,-0.026920482163510392,28.571428571428573,46.00688438272534,0.21291733033385712,-0.9182940797480906
2003-01-15,-0.03074806480697234,-0.028931851993498417,28.571428571428573,43.09181884492777,0.19057065312285665,-1.0226501751265107
2003-01-16,-0.06761253062504602,-0.03743346997608706,-50.0,37.62062315894857,0.1789373822746488,-1.3246422127617403
2003-01-17,-0.03760097896081327,-0.0467825287861624,-57.142857142857146,35.12994310981584,0.2073926822849905,-1.4871474238399673
2003-01-21,-0.02511634453658529,-0.05583423572606445,-64.28571428571429,33.59035792209924,0.24139263207322723,-1.6945468273847772
2003-01-22,0.0009622532226674085,-0.06120977472469822,-71.42857142857143,33.70721713127836,0.2646246594454802,-1.7444368928681484
2003-01-23,0.027637649439383738,-0.06087863013096126,-71.42857142857143,37.132317989035755,0.27187198698606097,-1.5216255290097667
2003-01-24,-0.05658297695045711,-0.06967110900220468,-85.71428571428572,33.24104931206651,0.2962286952203733,-1.45775193000811
2003-01-27,-0.014749338802195089,-0.07519072804463339,-92.85714285714286,32.34341351981454,0.3218876108299329,-1.3901836793844686
2003-01-28,0.03592839080059451,-0.07237479474881149,-100.0,36.75740747495583,0.33690438016250196,-0.8589678604904147
2003-01-29,0.020231089224223453,-0.06838946471622585,-92.85714285714286,39.24731405840977,0.3464535700532617,-0.33919092985643884
2003-01-30,-0.04060081088831702,-0.07176463464534293,-71.42857142857143,36.1123815326572,0.36378487751030897,-0.27183146005404085
2003-01-31,0.015744327960893534,-0.06898162596476426,-71.42857142857143,38.093577411236,0.3702887704364594,-0.12202166665743099
2003-02-03,0.019383479715929575,-0.06409790652983158,-71.42857142857143,40.57530650792279,0.3703418297652347,-0.03825049902338677
2003-02-04,-0.04468054761275353,-0.06713262140790197,-64.28571428571429,36.83827337320571,0.3473523780757493,-0.10127482621997191
2003-02-05,0.008955019781981433,-0.06509911499229112,-57.142857142857146,38.01541895312845,0.31002891176065644,-0.27416074959831194
2003-02-06,0.00789403797316468,-0.0621108373763057,-50.0,39.1025070655874,0.30595125121226113,-0.5378564377728293
2003-02-07,-0.04501761080479971,-0.06602467054248372,-35.714285714285715,35.273291190621514,0.30114859538251043,-0.8568314901545063
2003-02-10,0.012295217414904247,-0.06427364330170009,-100.0,37.00604918531491,0.27814020530983463,-0.6713721905431222
2003-02-11,-0.018218574415917677,-0.06544319906795092,-85.71428571428572,35.47209878096868,0.25182148445600966,-0.7526935618361584
2003-02-12,0.005158448646273461,-0.06393795111373318,-85.71428571428572,36.263021918469796,0.20188568737933413,-0.815096375266379
2003-02-13,0.012307778986700546,-0.06056587229178639,-50.0,38.21881437800811,0.14820920423871906,-0.6608246637087244
2003-02-14,0.21985406548830944,-0.03304047078580885,28.571428571428573,61.327845461333595,0.1978153438707408,0.49831927236575285
2003-02-18,0.057309337720301334,-0.014261688554300692,35.714285714285715,65.7188539863534,0.28105932945837303,1.000581596843913
2003-02-19,0.009426568583299932,-3.7234101678546716e-05,35.714285714285715,66.43268837350483,0.34415695441692695,1.3137202807768895
2003-02-20,0.0,0.01100335990659794,50.0,66.43268837350483,0.3901194179956043,1.1289965218094453
2003-02-21,0.0007845503968662015,0.019575230993979342,50.0,66.50065407031232,0.4264010262262514,1.2043036515092786
2003-02-24,0.012438304233957975,0.026734461093214743,64.28571428571429,67.62087560749062,0.4551203104476079,1.068654586107023
2003-02-25,-0.0061476640543218775,0.031933200087389924,64.28571428571429,66.4238760011428,0.47085916267827227,1.1928188443912549
2003-02-26,-0.04868619487697001,0.03324771659262578,64.28571428571429,57.75773720747976,0.4738079960922789,0.9424739163440504
2003-02-27,0.021124391323594338,0.03359379236103582,64.28571428571429,60.073275475919985,0.4802800353219584,0.8969673752291353
2003-02-28,0.003980882061566993,0.034202387777599146,64.28571428571429,60.521732994598885,0.47832958288228833,1.2192975881513268
2003-03-03,-0.01664002562744571,0.03362592460232078,64.28571428571429,57.59792230323424,0.47296389567692837,1.1802288040311382
2003-03-04,-0.008064622840199931,0.031951983403675874,50.0,56.204332467857455,0.46736442453454274,0.9925123586453782
2003-03-05,0.016250215877892993,0.030857054915408275,50.0,58.37230441652951,0.4521463584964668,0.9373158436002341
2003-03-06,-0.01678608226741407,0.029198929126804107,42.85714285714286,55.27876005678583,0.433838297700593,0.7144218673413443
2003-03-07,0.015443579139144958,0.027954579481493404,35.714285714285715,57.47425649196545,0.41519708963456725,0.7192123789940149
2003-03-10,-0.028016339545248403,0.0254881789849108,-28.571428571428573,52.373501902772205,0.37766301609327213,0.5691490668714009
2003-03-11,0.007413879004361634,0.023054554224190237,-28.571428571428573,53.51622294900611,0.33766019257149565,0.43395471702295285
2003-03-12,0.027796868087976545,0.022620727738637596,-28.571428571428573,57.64948774834213,0.2810154874084,0.49213743783890557
2003-03-13,0.09944639036314618,0.027690846845047693,64.28571428571429,68.6781785425718,0.22784521483792647,0.843109318979311
2003-03-14,-0.02894926111694729,0.03155479251540244,71.42857142857143,63.02150322545735,0.13401276617398072,0.6452598093139048
2003-03-17,0.0581223016196033,0.03611327087887733,78.57142857142857,68.47344197866676,0.16278846152367313,0.7539095690075768
2003-03-18,-0.007740754721864751,0.04032583127736264,78.57142857142857,66.97487998565748,0.1854782468617621,0.7703340442906904
2003-03-19,0.0049650123100344334,0.04312793084691096,78.57142857142857,67.4629449768265,0.20545291244354003,0.861089141087097
2003-03-20,0.009177973002851392,0.04530425750809305,100.0,68.39731585612422,0.2248531819477331,0.8781803262689636
2003-03-21,-0.009094503891659445,0.046497755903130385,71.42857142857143,66.34550537970884,0.23740449928805868,0.783236277984505
2003-03-24,-0.03743221082099035,0.04528629464599703,71.42857142857143,58.621563972348135,0.24022975553292888,0.5521471035762426
2003-03-25,0.02861361865365919,0.043443862830355735,71.42857142857143,62.11636476065039,0.24738717858671522,0.47822126922052316
2003-03-26,0.027817306291902044,0.04350122318135392,71.42857142857143,65.27480249012275,0.2529458239646986,0.3575911287281169
2003-03-27,-0.028446788768723308,0.04292339479746148,71.42857142857143,59.64594348813771,0.25240166315655804,-0.10049414989775188
2003-03-28,-0.04071439253552778,0.03933733326529629,57.142857142857146,52.82450139705499,0.24748127908896608,-0.46021113666457736
2003-03-31,-0.04095869515821193,0.03272515715935375,57.142857142857146,47.21290101872644,0.24103046324614022,-0.7769932524333767
2003-04-01,0.029506166618451957,0.027400765024936255,50.0,51.07951450276194,0.22951104522672205,-0.762531272367099
2003-04-02,0.03695034623995275,0.025651581677169435,-42.85714285714286,55.59546950523888,0.22111245699616094,-0.6886185671781333
2003-04-03,0.013090929253945838,0.025464724683560026,-42.85714285714286,57.160065636921395,0.20684362659229624,-0.4423209109005174
2003-04-04,-0.038765524288771336,0.02309053455969808,-42.85714285714286,51.31816235547524,0.19394755859374035,-0.4574824111793776
2003-04-07,0.010458624300835107,0.020779652146014568,-42.85714285714286,52.66914241769513,0.1668273742064157,-0.6128437534300376
2003-04-08,-0.009605183718753518,0.018329405723365833,-42.85714285714286,51.247822872038654,0.1375203736481023,-0.7391022675924234
2003-04-09,-0.005229863580922478,0.015707875443266236,-42.85714285714286,50.457079935507984,0.11728611600043676,-0.9643187708209381
2003-04-10,0.00525735885050671,0.013746583486089679,-42.85714285714286,51.26686348178329,0.11948691436119983,-0.9804338389252705
2003-04-11,-0.01119405407467522,0.011351764372289321,-21.42857142857143,49.40544555811163,0.12191992673057131,-1.0224069380883232
2003-04-14,0.017352636811163835,0.010427501928763997,-21.42857142857143,52.26636407733793,0.11886310301295322,-0.7778299830386711
2003-04-15,-0.005190299500707596,0.009370828241383376,-21.42857142857143,51.31546780247779,0.11724548154600271,-0.5326146274832757
2003-04-16,0.0,0.0083935355323188,-14.285714285714286,51.31546780247779,0.1134150338486194,-0.5235108006210429
2003-04-17,0.017897216629954693,0.00880235801919901,35.714285714285715,54.60138005530939,0.10431804699918691,-0.28624544393309204
2003-04-21,0.025644047874961995,0.010904029433685843,35.714285714285715,58.95286517464488,0.10101345179120871,0.04598572180503005
2003-04-22,0.012857228034864887,0.013451505072499129,28.571428571428573,61.02185399801687,0.107944090878445,0.48266291837024905
2003-04-23,0.022561498648803413,0.016822773275797277,42.85714285714286,64.45150571715487,0.11944494786601341,0.7764942011929983
2003-04-24,-0.029653001651358313,0.01766318030209801,42.85714285714286,57.17073350990546,0.11173978514253624,0.7163687802351599
2003-04-25,-0.036955128550254845,0.015336320178369627,42.85714285714286,49.83863456796659,0.10885605796415224,0.3953579249820816
2003-04-28,0.030252307429508685,0.01477382160583935,42.85714285714286,54.764156317955056,0.1105583312513074,0.29446535523267686
2003-04-29,0.030807895931574958,0.01646785189233223,42.85714285714286,59.28171855041897,0.10881462221531647,0.24370184712341758
2003-04-30,-0.00416934236997657,0.017694534784314115,78.57142857142857,58.40543898868445,0.11153353503499937,0.06953019310275857
2003-05-01,0.006280709425020792,0.01878299993445682,78.57142857142857,59.37554841896432,0.11917146337762988,0.09193227761684977
2003-05-02,0.10263183296002198,0.025117556198164106,92.85714285714286,71.2497229844746,0.17829027159220298,0.704303729678518
2003-05-05,0.024528703562026744,0.03232778713608332,100.0,73.45192274022047,0.22833063838885276,0.7818940937970772
2003-05-06,0.0012294052568311287,0.03813075843717116,92.85714285714286,73.5639029556817,0.26359269679426767,0.6190085629721468
2003-05-07,-0.015943106761240555,0.0416662827649456,78.57142857142857,69.4667571510711,0.28021040204837244,0.4300304510650713
2003-05-08,0.0006205146818798468,0.043499949046133496,78.57142857142857,69.5367376550538,0.28985878498279793,0.13380156149094077
2003-05-09,0.33063610207621563,0.05323516286813745,71.42857142857143,86.84661451810639,0.48922234176672097,2.502851942463803
2003-05-12,-0.028076576406392828,0.06840513026996052,78.57142857142857,81.23003307066797,0.575646672067417,2.4578971010375525
2003-05-13,-0.01877746647549927,0.07827797205461347,78.57142857142857,77.7118689190158,0.6226628658946376,2.272948275223769
2003-05-14,-0.0009771664207361974,0.08409966310253193,78.57142857142857,77.52722396740312,0.64964599441584,1.9639309039767419
2003-05-15,0.03437926254175028,0.08738084543139495,78.57142857142857,79.38158182160842,0.6748164051312388,1.9094455851768608
2003-05-16,0.009498362976982477,0.09103872654532368,71.42857142857143,79.89222500096275,0.6913843740204751,1.7438236920888301
2003-05-19,-0.056443842955471446,0.09433313852702567,50.0,68.87260066427918,0.6844231922334455,1.292102635756127
2003-05-20,0.006974880800796113,0.09149068993394013,50.0,69.40253297505171,0.6743141448256744,1.0306978759323735
2003-05-21,0.03515050760836713,0.08842871326365441,50.0,72.00703442856097,0.6690068431256113,1.0508790754603718
2003-05-22,0.003346242932637189,0.08743042347918002,42.85714285714286,72.25764335037516,0.6499873224214604,1.0708682326296624
2003-05-23,-0.0052393936731259805,0.0859151760055221,14.285714285714286,71.1795363907944,0.6116710537005952,0.8152633493807142
2003-05-27,0.0886398673328248,0.08309371031157853,85.71428571428572,77.31411916405482,0.5914741031522418,1.0049626417756607
2003-05-28,-0.00264101791476401,0.0854319253359309,92.85714285714286,76.74351240979739,0.565573284965741,1.1007714644941076
2003-05-29,0.06840425697115249,0.08571159805758205,100.0,80.70509496349841,0.546685418684558,1.1883062943114564
2003-05-30,0.08095654177160849,0.08853032617868048,100.0,84.338046659369,0.5461336021791,1.0117637637998846
2003-06-02,-0.05540530829497847,0.09563822288095646,64.28571428571429,73.33703399063441,0.5301388747460928,0.5520782782341181
2003-06-03,0.020630723897383074,0.09571978210398888,64.28571428571429,74.59238810054505,0.5147593953542147,0.3787802545042311
2003-06-04,0.023781576304166885,0.09582569504496073,64.28571428571429,76.022721155337,0.4940630069446201,0.5131992312930085
2003-06-05,0.02865020641910898,0.09609114979320665,64.28571428571429,77.69087098143082,0.46241434256964037,0.7353472473885958
2003-06-06,-0.030485281327408242,0.0978461290898546,92.85714285714286,71.8025699812414,0.4008071806565356,0.5210667612062446
2003-06-09,-0.012037440302851699,0.09593334401774085,92.85714285714286,69.62696275719426,0.4081824004902813,0.34050219738337595
2003-06-10,0.01454159375130093,0.09222632672160809,85.71428571428572,70.76547972182198,0.4104360941689519,0.34396225368888833
2003-06-11,0.0007717393049031518,0.08934087317319969,78.57142857142857,70.82888384226571,0.40389910959390096,0.40245957259762494
2003-06-12,-0.015093257909031932,0.08621502627550827,57.142857142857146,67.73252786092763,0.38921969259390377,0.21158211269903154
2003-06-13,-0.07779956213141925,0.08187438832047578,57.142857142857146,54.66669111287541,0.3747850965582589,-0.17563689211611797
2003-06-16,0.02130574328840762,0.07200749477468955,57.142857142857146,56.926539246453345,0.36057248788447244,-0.04902849505720816
2003-06-17,0.023779361582413117,0.06514248685469949,50.0,59.41036399598212,0.32727252800422163,0.13459076826295643
2003-06-18,0.038303381897122346,0.061049088293660854,-42.85714285714286,63.18097279683028,0.29220355354040006,0.30357483123605555
2003-06-19,-0.06082891593108941,0.057685590138588455,-42.85714285714286,54.23446422410999,0.2613580191248361,0.1403495980528562
2003-06-20,-0.010450753698769022,0.05099431635772401,-42.85714285714286,52.93203890917022,0.22744170061487134,0.03351495986380726
2003-06-23,-0.03547299152000938,0.04340331173929263,-42.85714285714286,48.70153211315106,0.19185153806758048,-0.0776480178640593
2003-06-24,-0.0021855767341997234,0.035394960552009226,-85.71428571428572,48.45369406099191,0.19088291420686657,-0.05233292179163664
2003-06-25,0.006581556852532255,0.028977075865755056,-85.71428571428572,49.28877108965067,0.18703802204907283,-0.2172037052729934
2003-06-26,0.0013080966409868555,0.02387303729999212,-85.71428571428572,49.46515735030444,0.19694722671475393,-0.1698018760605922
2003-06-27,-0.01785104405062965,0.018538667652186504,-57.142857142857146,47.0565980284678,0.20360274995922395,-0.28391787870138463
2003-06-30,0.015515838189398501,0.0148159466957924,-57.142857142857146,49.32502677920338,0.21174183621560494,-0.32681212408721855
2003-07-01,0.041028515101289686,0.014625238496243864,-57.142857142857146,54.91176676055224,0.2108176741735317,-0.06017157586167827
2003-07-02,-0.0029333394972231863,0.014575396216999674,-57.142857142857146,54.43077977368665,0.20468204961139855,-0.011618693555948297
2003-07-03,-0.01135396107018416,0.013585049031925174,-28.571428571428573,52.51882820943935,0.18692636449891745,-0.025178634238209367
2003-07-07,0.06550188638328303,0.016657311750288114,-28.571428571428573,60.9451689029323,0.1799988453516726,0.1578630330462844
2003-07-08,-0.01117620001863584,0.018847942168232306,-28.571428571428573,58.898711793571636,0.1744779498952262,0.24952609513769994
2003-07-09,0.02301188212346328,0.0215419372025897,-28.571428571428573,61.71727497945684,0.16848708375040516,0.31530773334585216
2003-07-10,-0.04104335868996023,0.021341091332972576,71.42857142857143,54.38843829883465,0.15401641087865034,0.29000368355256534
2003-07-11,0.005348312459031446,0.020534987675152955,71.42857142857143,55.10586159638707,0.14417277794100922,0.23618058069545272
2003-07-14,-0.007776097430717277,0.019288027419171815,71.42857142857143,53.774419085005896,0.14379209987600056,0.01995083134838648
2003-07-15,-0.0325890850666648,0.0158830863338083,71.42857142857143,48.52408629990845,0.1448134938863778,-0.335939506198583
2003-07-16,-0.01236798163309738,0.011683205096469827,57.142857142857146,46.72048405244153,0.14501187491320408,-0.521848618809484
2003-07-17,-0.050088080404283586,0.004324709263678999,-42.85714285714286,40.27271196248253,0.1451223403970463,-0.6779913290931321
2003-07-18,-0.03363293770154396,-0.004817429166244869,-50.0,36.78550661865438,0.1695790154185831,-0.5233020867022605
2003-07-21,-0.01505356114636247,-0.0134463681716674,-57.142857142857146,35.35933438387524,0.19504213184803226,-0.42242616208951256
2003-07-22,0.01671639037698025,-0.018355670555037614,-57.142857142857146,38.18231890408829,0.20980897860804446,-0.4500760448610068
2003-07-23,0.01314961984121843,-0.02084296912919107,-57.142857142857146,40.423280747363286,0.21934911590100245,-0.2604204894970027
2003-07-24,-0.03894301757474394,-0.02689476253054083,-57.142857142857146,36.18469179066787,0.23949207449518492,-0.4543728420571175
2003-07-25,0.015919315728757155,-0.02893741546785385,-85.71428571428572,38.89545675446908,0.2526900623003964,-0.2189766908957934
2003-07-28,-0.03086650040392991,-0.034051536003367994,-85.71428571428572,35.68029839920073,0.2722176361745497,-0.3120179074084118
2003-07-29,-0.06565034418743287,-0.04514932053325148,-100.0,30.14827655261101,0.31144690196567265,-0.5124953002044725
2003-07-30,-0.01101171792189648,-0.05291625119915341,-78.57142857142857,29.379479533948878,0.34444619617859906,-0.694338248670225
2003-07-31,0.012190034094656133,-0.05634528481242082,-78.57142857142857,31.44077741178433,0.3673746131431117,-0.8430220526404981
2003-08-01,0.033002439182493015,-0.05445907782336459,-78.57142857142857,36.8780154469525,0.3791412115292145,-0.6536116513868644
2003-08-04,0.03752729510615738,-0.048940771952783874,-71.42857142857143,42.633213073282064,0.36596420397110596,-0.29107209080009183
2003-08-05,-0.002932547677069741,-0.04597160866671471,-64.28571428571429,42.296495321192246,0.35121441606606757,-0.3881138142794833
2003-08-06,-0.04068836399706299,-0.04821631029679743,-57.142857142857146,37.84357912251853,0.325820631089778,-0.4855702967609828
2003-08-07,-0.013796540461014861,-0.049683893832973884,-21.42857142857143,36.49756864846171,0.31212388694988324,-0.5960801979152222
2003-08-08,-0.19688754262434804,-0.0814894183406867,-78.57142857142857,23.713843405954304,0.3615374403218577,-1.3017128439529473
2003-08-11,0.05419347401547481,-0.08690391176462425,-78.57142857142857,29.585309629780244,0.37346217003044857,-1.175111397757624
2003-08-12,0.020195765141649114,-0.09000893331202854,-78.57142857142857,31.805887661391964,0.37909033130250064,-0.8368569966121088
2003-08-13,0.006594356871368001,-0.09163344091809446,-78.57142857142857,32.56874676103616,0.3761750044359711,-0.5761614427511164
2003-08-14,-0.034562731409935044,-0.09848498495433125,-21.42857142857143,30.622436898287315,0.3917341078351319,-0.4884820251093654
2003-08-15,-0.003089351289325526,-0.1007180851259249,-21.42857142857143,30.453309714691596,0.40902691550172765,-0.4027868771435748
2003-08-18,0.029721524049865833,-0.09586069202430914,-21.42857142857143,34.206506327814715,0.4163714353921152,-0.11366881398204806
2003-08-19,0.07637276532896253,-0.08096436208431712,-21.42857142857143,42.97564863257775,0.4032569340658009,0.347746508168385
2003-08-20,-0.013970440156234942,-0.07587417802007028,-21.42857142857143,41.79447960899098,0.38210141272281584,0.5233014249975624
2003-08-21,0.02719515723223065,-0.06615423840327188,-21.42857142857143,44.92352489886556,0.3671213319763096,0.6087478039097302
2003-08-22,0.007174936535545351,-0.0583676938664217,-21.42857142857143,45.7743042527209,0.3425668951291723,0.29359637880096234
2003-08-25,-0.005480893687042299,-0.05269724568130011,-21.42857142857143,45.19584572285547,0.3251087728746713,0.08266528411006865
2003-08-26,-0.01596458772788656,-0.04946524831199695,-14.285714285714286,43.48164912541665,0.32199760196909044,0.032114902001424646
2003-08-27,0.03021802658379391,-0.04201923332570122,-7.142857142857143,47.47751736695862,0.3200929726280546,0.0971643703662833
2003-08-28,-0.02607238121936506,-0.039965189101431015,71.42857142857143,44.46799449462125,0.31586151386079936,-0.025327128850988322
2003-08-29,0.013385010423768051,-0.03547653946349523,64.28571428571429,46.30084270030791,0.30362815134104626,0.02600241745907012
2003-09-02,-0.00881017692869146,-0.03296228233218734,35.714285714285715,45.22853183427631,0.27395657127710843,-0.12006014344757772
2003-09-03,-0.019429038485438754,-0.03255207906106208,35.714285714285715,42.8902411700438,0.23743623337060255,-0.36590545771723015
2003-09-04,0.00962140586520821,-0.030289088037145265,35.714285714285715,44.39359686546668,0.21492691724354213,-0.4976771284741621
2003-09-05,0.04767741870406317,-0.023490657477548322,35.714285714285715,51.30063915165278,0.20341745629181993,-0.3524973491747576
2003-09-08,0.04603444140302382,-0.014630705751899013,100.0,57.105023416443046,0.19966509199659546,-0.0030233224710229665
2003-09-09,0.06141221369081684,-0.003234733247029606,100.0,63.62108498718235,0.23690040346594457,0.4583856663946466
2003-09-10,-0.06846486170391453,-0.00042318541599987324,92.85714285714286,53.30274037135826,0.23682760832446914,0.3093010426239628
2003-09-11,-0.012938086502894186,0.0009508869908877702,64.28571428571429,51.712755908593266,0.23214823817125188,0.07824018561582391
2003-09-12,0.014680718714517926,0.0031458767816876965,64.28571428571429,53.38974846492631,0.2159619688074587,0.0528386199474709
2003-09-15,-0.016539501900449394,0.0035803533248522004,64.28571428571429,51.20065921653405,0.18882662018178364,-0.09236775979801776
2003-09-16,0.03100579374061474,0.006122079361348418,64.28571428571429,54.874260018322275,0.17318607679815082,-0.004529084403520342
2003-09-17,0.011724843508003735,0.008958332327531014,28.571428571428573,56.25686433321876,0.17890690495896336,-0.010935106279351518
2003-09-18,0.007556847223302743,0.011648762565470653,28.571428571428573,57.17820268173467,0.18082692098049732,0.15559327367097275
2003-09-19,-0.008003947334210282,0.013143247371170636,28.571428571428573,55.82684552016993,0.18340636892223572,0.11953591351013881
2003-09-22,-0.03931453678931651,0.011402815884039831,28.571428571428573,49.667235666976,0.18078435290232456,-0.006530527810417646
2003-09-23,0.009443353826019685,0.01014538733019639,28.571428571428573,51.01047182703218,0.177121898502304,0.05546087726764771
2003-09-24,-0.07587901552658949,0.0033276538586072854,21.42857142857143,41.36728336510812,0.17844141120015938,-0.42442638988636455
2003-09-25,-0.014065598853360117,-0.003881089216493022,-85.71428571428572,39.97322623945816,0.18917381774581615,-0.7724810061536224
2003-09-26,-0.03821774316757709,-0.0130701505094803,-92.85714285714286,36.431313087986354,0.20776436735751522,-1.0096529401851801
2003-09-29,-0.05397157968639199,-0.025691836089916313,-100.0,32.25130148164216,0.24758304166983408,-1.2146981120525784
2003-09-30,0.0012485002737470108,-0.03456088441640467,-92.85714285714286,32.434003451084706,0.27927717997180784,-1.3336046065261882
2003-10-01,0.008145497669868718,-0.04016387437445332,-42.85714285714286,33.691955356404364,0.3019186720335868,-1.3301308707542068
2003-10-02,0.015525301833142935,-0.04241771845066761,-42.85714285714286,36.15183902974466,0.3191587265605819,-1.125403587774175
2003-10-03,0.026297771187564267,-0.041005060739591474,-42.85714285714286,40.25752634930049,0.33068329776120675,-0.9914069470237253
2003-10-06,-0.007745071574923212,-0.04121963926371256,-42.85714285714286,39.43214911027927,0.33809091113513945,-0.9166471876723
2003-10-07,0.009009347493020847,-0.039591861625047534,-42.85714285714286,40.937349038739576,0.3239490645044768,-0.6284459808514615
2003-10-08,-0.03512193010383313,-0.04244624676297459,-42.85714285714286,37.0382246054304,0.3318263188117817,-0.635660971127352
2003-10-09,0.014191240512178682,-0.041350872455714595,-42.85714285714286,39.45922285892588,0.3358969270202565,-0.7545624655693354
2003-10-10,0.017642535292026862,-0.03840188449682046,-35.714285714285715,42.46327733451932,0.331655260094158,-0.7054362329912837
2003-10-13,0.010156828954849706,-0.03504923828041418,-28.571428571428573,44.20988026478734,0.327317888802954,-0.6923640850699021
2003-10-14,0.018347100975510955,-0.030306001343920176,-21.42857142857143,47.350573428619484,0.31087214608290503,-0.4542657430955025
2003-10-15,-0.012787162221643888,-0.02811877902920271,-14.285714285714286,45.39720325278919,0.2858188544830837,-0.4863134856418442
2003-10-16,0.012360105834290813,-0.02448847853085366,85.71428571428572,47.617882590998036,0.24829285149723102,-0.34655600464305975
2003-10-17,-0.031395943292197415,-0.024921068488839862,85.71428571428572,42.79771040677979,0.20398603526964554,-0.4100606724235851
2003-10-20,0.02221403960722035,-0.02209130273384214,78.57142857142857,46.77419823434249,0.17108273498404558,-0.2597981694455223
2003-10-21,0.030531907224565558,-0.01708943506152388,92.85714285714286,51.839761998864475,0.12046965652587295,-0.13598537345118444
2003-10-22,-0.017093773367652276,-0.015110533174548652,92.85714285714286,48.94543307981679,0.11096292768973699,-0.22457060842552645
2003-10-23,-0.0046402053136441745,-0.013588271304050152,64.28571428571429,48.17260824232476,0.10537552365537053,-0.3084624523674076
2003-10-24,-0.0034948123754268146,-0.012508075462650708,64.28571428571429,47.56626382734677,0.10690012260929463,-0.2601257736279796
2003-10-27,0.005260660512643067,-0.011004345511416155,64.28571428571429,48.61114951889719,0.09932988236272794,-0.24420481115261616
2003-10-28,0.06279040903731414,-0.004462936251688417,100.0,59.13406002697595,0.11394909175319937,0.12625472253802028
2003-10-29,0.0,0.00020358668163029681,100.0,59.13406002697595,0.12361870395793388,0.3641365888329341
2003-10-30,-0.0185970875920064,0.0024188291392303963,100.0,55.021008607335276,0.12534302644433365,0.18686343267607955
2003-10-31,-0.014495275703038102,0.0030111597120347786,57.142857142857146,52.03925936602247,0.12673226513038582,0.006178958535354987
2003-11-03,0.01866517969738446,0.004812187077074259,57.142857142857146,55.346367908613125,0.1300069543377204,-0.002653965124664859
2003-11-04,0.0033315947921923605,0.006455895976643008,57.142857142857146,55.94124998432355,0.13394475847591028,-0.16811117636680775
2003-11-05,0.0038785520216695346,0.007961172147968624,57.142857142857146,56.66741497879683,0.12657025936951025,0.017164746431169615
2003-11-06,0.0016534743275020691,0.009186048227353727,57.142857142857146,56.99409675308091,0.12116927296805678,0.09184158540516796
2003-11-07,0.19702553915222998,0.021527074551711222,100.0,78.15884636904248,0.23679845784668543,0.5637008276712598
2003-11-10,-0.0027587070990617857,0.03200347201399927,78.57142857142857,77.47067976050934,0.2981698711111508,0.4730396229383451
2003-11-11,-0.02489614626038683,0.03877955089183819,78.57142857142857,71.37951277993409,0.32899826705172225,0.3733317912766368
2003-11-12,0.013237151426238825,0.043486645492090796,78.57142857142857,72.5831050053432,0.35389886801120535,0.48443401815666304
2003-11-13,0.00046952442566938757,0.04709123831184459,78.57142857142857,72.62765767734837,0.37229461506080636,0.3951591898541431
2003-11-14,-0.05923808250761364,0.04748187704797121,71.42857142857143,59.48720316709245,0.36287544744949884,-0.01528414714987602
2003-11-17,-0.010411799386699672,0.044556974527383046,64.28571428571429,57.63046906137054,0.3535760670406602,-0.13080899699227297
2003-11-18,-0.014524794626861182,0.04080014963107729,42.85714285714286,55.07481193393242,0.3467099525077651,-0.5096320187593387
2003-11-19,0.02795924624536439,0.03804397185623575,42.85714285714286,58.80665471610047,0.33705753865320226,-0.4602139576022019
2003-11-20,-0.026706388669367476,0.035128181017207945,42.85714285714286,54.05827033418158,0.3214933753686276,-0.6334595658354343
2003-11-21,0.0040667576041610864,0.031820548539816675,21.42857142857143,54.642827574575925,0.3024510153868686,-0.5692188804287006
2003-11-24,0.06021916657894666,0.03186298906701437,21.42857142857143,62.319457055991876,0.2875293015294467,-0.14197106435579443
2003-11-25,0.01718368451841057,0.03374015683804358,21.42857142857143,64.28866928878732,0.2874309357886728,0.19468542711787531
2003-11-26,0.000939933601020515,0.03528990406823914,14.285714285714286,64.40014712475165,0.284264925704373,0.31780225644917903
2003-11-28,-0.004686273029019361,0.03592125584366032,-64.28571428571429,63.337554255212936,0.27197248810622243,0.34927733636694236
2003-12-01,0.014130721838281346,0.0364880010907721,-64.28571428571429,65.19372945684258,0.25270680913618787,0.39533766473359144
2003-12-02,-0.004180293320592776,0.03672842522547931,42.85714285714286,64.14448213912115,0.2331307454733231,0.25282281589467853
2003-12-03,-0.010264601971879506,0.035928188417893095,50.0,61.53649436901437,0.2073277551786026,-0.0826659683178397
2003-12-04,-0.005179309882292649,0.0343581355396531,50.0,60.219698685121784,0.1751332412738322,-0.2252756524781832
2003-12-05,-0.03221407994511838,0.03101941857192065,50.0,52.70455751819263,0.1332324409123066,-0.404010272723226
2003-12-08,0.007341174381215287,0.027537551774899492,50.0,54.066052745269054,0.12831583194537052,-0.41248673833030464
2003-12-09,-0.05199364247308269,0.02165095848461046,50.0,44.27367099273993,0.13395779652186615,-0.6042769244030156
2003-12-10,0.022043870105114216,0.0169928317463021,50.0,48.32482852673444,0.13654224900954498,-0.50374072872954
2003-12-11,0.050648303540213435,0.01670952812603323,50.0,56.34968635065424,0.13297451287898387,-0.23875523634682025
2003-12-12,-0.005246804052658205,0.016607531379721274,50.0,55.34232608094197,0.12855285001171024,-0.17024220090537975
2003-12-15,-0.020153951201227205,0.014963152945912954,-35.714285714285715,51.55014887916237,0.12735947692371538,-0.34658693216064823
2003-12-16,0.01371034648082392,0.014136558831894151,-35.714285714285715,53.82158731925737,0.1238924915168961,-0.22070186581467183
2003-12-17,-0.019321725672350354,0.012180410488971597,-35.714285714285715,50.20070519879156,0.11712484810022611,-0.1368483650907441
2003-12-18,0.022658258091337924,0.01183023437523447,-35.714285714285715,54.03085822202149,0.11527023245071535,-0.02789233786131027
2003-12-19,0.01492958956058743,0.012634832154415042,-35.714285714285715,56.46087457215173,0.10651804873452318,-0.12910539813507668
2003-12-22,0.0014248479679703774,0.013352208939590519,-35.714285714285715,56.69964225294668,0.09712736575355196,-0.0371761401011141
2003-12-23,0.04076000877948038,0.016360822383762685,-35.714285714285715,62.965383792757976,0.10764576819936077,0.2504214516328829
2003-12-24,-0.007283977279666898,0.018494905102162215,64.28571428571429,61.1918313456175,0.11285955669164895,0.293423822766944
2003-12-26,0.04311703316416904,0.022338453311806457,78.57142857142857,67.06290439230239,0.13502319444874716,0.42851936861917367
2003-12-29,0.042216483594232024,0.027884669076491113,85.71428571428572,71.76167435391064,0.17502262362583815,0.7503289189031639
2003-12-30,0.002111131778291142,0.032720482021696265,92.85714285714286,71.98598513419269,0.20491107483320942,0.7808745974026284
2003-12-31,-0.02316093350955739,0.03514885037630112,92.85714285714286,65.79779264035636,0.21958804039752525,0.6499278910108607
2004-01-02,-0.005172416117606882,0.03581567601278315,85.71428571428572,64.49525957424316,0.23021142788901586,0.3082900319263297
2004-01-05,0.032495766625354694,0.03717113235013798,64.28571428571429,68.66978101480773,0.24852092813387403,0.320045385454568
2004-01-06,0.04070859039519403,0.0402995246190499,92.85714285714286,73.07884396655854,0.2736861657906253,0.6222075237163376
2004-01-07,0.008869022122382164,0.04374994086372838,100.0,73.97319342876145,0.29528243168772306,0.9420044723516499
2004-01-08,0.003597196219986998,0.04635246663389349,100.0,74.3487112862281,0.29760089822795716,0.9766068545558338
2004-01-09,0.014337133264687107,0.048435386870083995,100.0,75.84969066006585,0.3030946357031115,1.0676819314291115
2004-01-12,0.011387411539060421,0.05036352993626002,92.85714285714286,77.01652941950593,0.3168544734749875,1.2098088636593842
2004-01-13,-0.05163337073903096,0.05020062986689467,100.0,62.17960742965012,0.3104449337983832,0.7979299982374424
2004-01-14,-0.007368231614009901,0.047111962278744327,92.85714285714286,60.481458167337934,0.29437178009489906,0.43484452846369914
2004-01-15,0.0016532472668777665,0.043922494873334265,85.71428571428572,60.73864019744772,0.27847853758219093,0.4197719107743648
2004-01-16,0.015230677432112927,0.041565911398181964,78.57142857142857,63.123551803663425,0.2532988793908857,0.4428422716451441
2004-01-20,0.027980336804754202,0.04085117797738896,57.142857142857146,67.13353932821384,0.2348273242462315,0.6464778940161786
2004-01-21,-0.0461537892062438,0.03882206541795065,57.142857142857146,56.011272893442666,0.20931207551770506,0.42203790334731706
2004-01-22,-0.02316149255729627,0.0341853607146726,57.142857142857146,51.60409913369447,0.1789183050566337,0.0980396237678653
2004-01-23,-0.022434762601169833,0.02828679070731037,-50.0,47.77376557156568,0.16440573515493315,-0.27491507472814386
2004-01-26,0.03940863969417885,0.024891160503861785,-50.0,54.077249955432464,0.13860951186412404,-0.23238159203759406
2004-01-27,-0.05708492912615026,0.019337461975635285,-64.28571428571429,45.226399381061015,0.14028725277003898,-0.5700540898609303
2004-01-28,-0.0026511766766943445,0.0134093185689189,-64.28571428571429,44.87998368142891,0.15172240226951894,-0.898637950213773
2004-01-29,-0.0292423706196685,0.006426888508914049,-78.57142857142857,41.14626461970213,0.17232801587384616,-0.9587532937738422
2004-01-30,0.01552157491864925,0.001777214796769719,-78.57142857142857,43.74332307925806,0.1824191249996621,-0.9044255983319085
2004-02-02,0.01617972647377841,-0.0005100409609791611,-78.57142857142857,46.43780507995789,0.1866947384646978,-0.8048012037184586
2004-02-03,-0.003539918499389949,-0.0025655364528869595,-78.57142857142857,45.91130535307191,0.19461475436835032,-0.7276928918359951
2004-02-04,-0.027073385093321467,-0.0064804591183824575,-50.0,42.00289975989392,0.20582351242588798,-0.859329849799356
2004-02-05,0.015054788954523612,-0.00809510022491822,-50.0,44.743587449445634,0.20852167069464006,-0.7980338840102481
2004-02-06,0.0229211913104701,-0.007346326654995087,-50.0,48.77254534359381,0.20381539402379517,-0.7018852672413065
2004-02-09,-0.007033263898265418,-0.00743140292847404,-50.0,47.599383426522806,0.19281864846146468,-0.7904310389526861
2004-02-10,0.0367278751786122,-0.004285351077549791,-42.85714285714286,53.80438080355135,0.16971776466945415,-0.4843183098044728
2004-02-11,0.034995780228105566,0.0007862452859558296,-35.714285714285715,58.97268044906867,0.16808466745217143,-0.006684618482724847
2004-02-12,-0.030101224715385455,0.0023053916053957448,64.28571428571429,53.2600015345293,0.16414232034624124,0.01305627733806791
2004-02-13,-0.009352369930320292,0.002729686776734093,64.28571428571429,51.63671147812886,0.15903263928792014,0.026021353709377554
2004-02-17,0.011155689756678688,0.003860795068885289,64.28571428571429,53.44248541719164,0.14909801931966607,0.24486664981455836
2004-02-18,0.0,0.004726588186335893,64.28571428571429,53.44248541719164,0.12219642738158168,0.3024821174500377
2004-02-19,-0.0004229270785595096,0.005319563889489268,64.28571428571429,53.35391874196625,0.1155225447353879,0.019645270515956586
2004-02-20,0.02505465015681585,0.007531909542349323,57.142857142857146,57.81245003324177,0.12117613695630125,0.1735053340392169
2004-02-23,-0.03479699881361675,0.00673996588679013,35.714285714285715,50.42332101754139,0.12156011302677569,0.021005931133695692
2004-02-24,-0.039914299816901866,0.002755899289958338,35.714285714285715,43.75535789717457,0.11799423400779156,-0.2344823909270947
2004-02-25,0.005810173387612805,-0.0001520873986465855,35.714285714285715,44.85294582995891,0.11866554078948142,-0.40976312855372576
2004-02-26,0.006666482471290092,-0.0018719401867313193,28.571428571428573,46.1587605826865,0.11829996330473974,-0.4358354300942885
2004-02-27,-0.017658437426583573,-0.004690333888340607,-78.57142857142857,43.21996432645908,0.11432343207762835,-0.45069848151774566
2004-03-01,0.014831503795012413,-0.005553160619930339,-78.57142857142857,46.26009567052653,0.11177217616641665,-0.19946600964325817
2004-03-02,-0.018600474543953194,-0.00784938717825371,-78.57142857142857,43.09734698759827,0.11539879697209489,-0.38620529734782577
2004-03-03,-0.013088571999717025,-0.010660141892858443,-100.0,41.012047768434336,0.12184849541571585,-0.3653285699925609
2004-03-04,0.021947937682970098,-0.010674149187663807,-64.28571428571429,45.695022313606245,0.11735351335718233,-0.14849973614837997
2004-03-05,-0.007156961943826978,-0.011395334078385107,-64.28571428571429,44.42919243915074,0.11793145138557655,-0.06415866385400856
2004-03-08,-0.03470226306849833,-0.015061146504692409,-85.71428571428572,38.84976974533074,0.13172952233392232,-0.1995632917697877
2004-03-09,-0.007002337124132785,-0.018126142428365445,-92.85714285714286,37.85264774654338,0.14550755511173244,-0.23436201202314605
2004-03-10,-0.014572994148799534,-0.02171671179967551,-100.0,35.80728685129373,0.1601840249536324,-0.3975886205365842
2004-03-11,-0.007637077154783567,-0.024871505783577285,-100.0,34.76262956708789,0.16396478840773623,-0.6194124511879867
2004-03-12,0.02115538987295862,-0.02471829862244302,-92.85714285714286,39.9490901493515,0.1665109910857326,-0.6320436069805929
2004-03-15,-0.022598476941512957,-0.027136237900892715,-100.0,36.53684423718595,0.1748192993871749,-0.7006867711103301
2004-03-16,0.04287228488712369,-0.023831885987180522,-92.85714285714286,45.78414340305965,0.1687382615396329,-0.4073395531901684
2004-03-17,0.024476899116619544,-0.019417581202767382,-85.71428571428572,50.41673429113399,0.15928447101630133,-0.2131672724147964
2004-03-18,0.011274918134926315,-0.015114069914334845,-64.28571428571429,52.4802857248189,0.1488396636509538,-0.04846765584621293
2004-03-19,-0.011593444012869547,-0.012813129603282222,-64.28571428571429,50.14335134064054,0.12176785876451823,-0.09589190507944767
2004-03-22,-0.007669363794458706,-0.011424908783040939,-64.28571428571429,48.618869162768355,0.1084321406421928,0.047859741991514264
2004-03-23,0.004090732583774681,-0.009763221954648892,-42.85714285714286,49.494122449574725,0.10699379787913572,0.012695141091757867
2004-03-24,0.04481668027461838,-0.004605034176395877,50.0,57.97489043550906,0.11470333673085178,0.20083096295163605
2004-03-25,0.058060673965440346,0.0035841721809234998,57.142857142857146,66.23868916217704,0.14944974879877426,0.6742997414826997
2004-03-26,-0.0028647115647332244,0.00956025121613609,64.28571428571429,65.51441691953927,0.1753618118788262,0.8062738737445347
2004-03-29,0.04312102065258583,0.016839083191426584,71.42857142857143,70.69398736993634,0.2167387019945014,1.028302087982147
2004-03-30,0.0299198398150875,0.02431876218030178,78.57142857142857,73.76528645595981,0.2632129654159122,1.3123863513034335
2004-03-31,0.009174074028683643,0.030734908897677243,85.71428571428572,74.66815251373508,0.30037614740345886,1.2731146529623274
2004-04-01,-0.017804143316111798,0.034783777018307906,92.85714285714286,69.61503221092772,0.3225098620460457,0.9527015323764169
2004-04-02,0.014271798056417317,0.037723187891261604,92.85714285714286,71.26392375484825,0.3438346821371528,0.8336278224334006
2004-04-05,0.035739762615488724,0.04135281255727831,100.0,74.97812302333458,0.3669806471752031,0.9694259252173962
2004-04-06,-0.04038306372178435,0.04327110413372078,71.42857142857143,64.47513383245924,0.36782400368720597,0.7085427618349335
2004-04-07,-0.005352661837382144,0.042719162080742404,71.42857142857143,63.26127159237508,0.3594039705960685,0.5744710286876773
2004-04-08,0.028458398762998716,0.0426732328176355,71.42857142857143,66.81891336379778,0.34999227893693513,0.4999408719953322
2004-04-12,-0.018695462824267706,0.04237797376044552,71.42857142857143,62.420817225483646,0.3361737622150626,0.2670715534884538
2004-04-13,-0.02325020906786468,0.04010446316937031,64.28571428571429,57.4509829706419,0.3065119069021558,-0.031016825500118035
2004-04-14,0.005075437079705258,0.03729146791507823,57.142857142857146,58.21490398222324,0.2854270696365196,-0.13397388277057054
2004-04-15,-0.05240690750957522,0.03233523108029537,50.0,48.485817307668874,0.2675866837719502,-0.5289932390953389
2004-04-16,-0.032774588749955536,0.02466157013427617,-57.142857142857146,43.81283117189431,0.25566449327348484,-0.938691268812198
2004-04-19,-0.0012710599253705768,0.01743071719058228,-64.28571428571429,43.642915014193164,0.2392342067972728,-0.8970323083905426
2004-04-20,-0.04240708255723713,0.008520725971648564,-71.42857142857143,38.31123367071648,0.23017192285727686,-1.067170576292885
2004-04-21,0.0013285187479146199,0.0009428062674184337,-78.57142857142857,38.55374985123922,0.221866143994505,-1.2536828445293584
2004-04-22,0.005747806702223857,-0.0045117502426098716,-85.71428571428572,39.660456178349804,0.22626967443500506,-1.080531957020701
2004-04-23,0.02198932436381118,-0.0068254055814645845,-85.71428571428572,43.850929573040396,0.2349613094812247,-0.9551085219253169
2004-04-26,-0.03915994080450602,-0.012239542250869997,-85.71428571428572,38.59708995754952,0.25354550833576683,-1.0100215659550054
2004-04-27,-0.008506433469079644,-0.016946693038555043,-57.142857142857146,37.58492122142768,0.2729007727210399,-1.1554053664413526
2004-04-28,-0.004065652271193598,-0.020767996672558447,-85.71428571428572,37.088562493144565,0.28644354002238104,-1.2261561942725685
2004-04-29,-0.027662835378122863,-0.026408271435509067,-92.85714285714286,33.82835834168189,0.30159602879394637,-1.2550638291541736
2004-04-30,-0.04291137027945657,-0.03498793708629329,-100.0,29.601686676955946,0.3280144186942547,-1.3782509884974
2004-05-03,-0.012672958242705645,-0.04192579300282253,-100.0,28.51709724686976,0.3481325875137251,-1.3895537716198019
2004-05-04,0.06367240830143261,-0.038971129486389464,-92.85714285714286,40.21842741153469,0.33371329383727305,-1.0251470633317716
2004-05-05,0.008352764485007436,-0.03720135727996607,-85.71428571428572,41.65364684656184,0.32572075501205333,-0.7269720622988382
2004-05-06,0.00828357374442601,-0.03469555723863376,-78.57142857142857,43.12414206166794,0.3132780821860043,-0.296479592453684
2004-05-07,0.007760921296003254,-0.03171117239730327,-64.28571428571429,44.545966426302506,0.28119177933707945,-0.4638540092983296
2004-05-10,-0.03895146313235176,-0.033638445602942296,-64.28571428571429,39.20724769381093,0.254001965880754,-0.4973580477120701
2004-05-11,0.024509319809764563,-0.03104212310925234,-42.85714285714286,43.60853313696672,0.2248706816489707,-0.43260695028640267
2004-05-12,-0.013800033630765318,-0.030810745654948846,-42.85714285714286,41.73162710323331,0.18108716648861076,-0.22151172803284908
2004-05-13,0.0032635188432379447,-0.029581147426722132,-42.85714285714286,42.35477344369467,0.15767779285925365,-0.13562745638014007
2004-05-14,0.0,-0.02835920326114541,-35.714285714285715,42.354773443694675,0.14460858941165716,-0.2520049077771958
2004-05-17,-0.015804734940487175,-0.02879452419418626,-28.571428571428573,39.94746435620071,0.1298810854938165,-0.27668261902437
2004-05-18,0.01605853584301853,-0.026740212831799292,28.571428571428573,43.41119940932431,0.1261968456625204,-0.27046233573212
2004-05-19,-0.002326345450984313,-0.02542725971768965,28.571428571428573,43.01789021913432,0.12133792130771581,-0.46998634003410245
2004-05-20,-0.014443546243415262,-0.02558165362516916,28.571428571428573,40.56617945079958,0.11469878493754165,-0.6849679291997395
2004-05-21,0.0023655728322464764,-0.02487159043188987,28.571428571428573,41.14922301499963,0.09234055778662113,-0.69810789436419
2004-05-24,-0.0033054431000600903,-0.024423549262356587,21.42857142857143,40.54921916105692,0.0864385977052409,-0.6391440875862628
2004-05-25,0.04354181278750602,-0.019410955237000385,-21.42857142857143,50.71092578147436,0.0852491928209306,-0.19899254255838322
2004-05-26,0.020408763967263877,-0.014144205696050923,-21.42857142857143,54.782138922065556,0.09248845220794143,0.09485883983190113
2004-05-27,0.003109078937971077,-0.00988207464155566,78.57142857142857,55.39886596038467,0.10272178586565393,-0.09767342349172671
2004-05-28,0.038993176618506764,-0.0032280886278044088,85.71428571428572,62.355162851411364,0.12008497014829929,0.10856893462730757
2004-06-01,-0.0008540709883465558,0.0016646570945328374,92.85714285714286,62.11772471266384,0.1239778464967333,0.23681697345469052
2004-06-02,-0.00768261307966589,0.0049060294362868505,100.0,59.90970061464949,0.13537028059802297,-0.1102770512618567
2004-06-03,-0.048170684898311666,0.003715880409308341,35.714285714285715,48.38546063705163,0.1353427441828407,-0.6209264321343673
2004-06-04,-0.00994455518488302,0.0017708670752028483,35.714285714285715,46.492907211409154,0.1353427441828407,-1.151821931802848
2004-06-07,0.024191514933050273,0.002077131500084456,35.714285714285715,51.421256182651284,0.1366862686718873,-1.1540441017357825
2004-06-08,-0.01782334614330161,0.0009207886731139103,35.714285714285715,47.84047630232606,0.13311606444129662,-1.0300626185766861
2004-06-09,-0.046736406832218136,-0.003937487385249191,35.714285714285715,40.09623455890791,0.13856817692378456,-1.1566811734676334
2004-06-10,-0.009995428624810843,-0.008617821740569796,-42.85714285714286,38.72009153074082,0.1448403159348918,-1.2694556157954964
2004-06-14,-0.03124637860413748,-0.015120442777859507,-50.0,34.74561333801904,0.160886205525259,-1.3591408550294068
2004-06-15,0.014888190859584816,-0.018363932758133847,-50.0,37.91358012671877,0.17028868196215347,-1.3321966130414653
2004-06-16,-0.015649911240821934,-0.0224697136273098,-50.0,35.91064471942034,0.18182426233911272,-1.327646810356159
2004-06-17,-0.01986874462109911,-0.0273296594736556,-71.42857142857143,33.526907072024095,0.19963831745616445,-1.4505104502600545
2004-06-18,0.0015201257636048293,-0.030301664912867236,-78.57142857142857,33.88134263665787,0.214473707856142,-1.4730671326808469
2004-06-21,-0.017714115098564243,-0.034338712514009245,-85.71428571428572,31.75337230343275,0.2320767334511839,-1.510791867254596
2004-06-22,0.02833362289282526,-0.033473530768349274,-85.71428571428572,38.30924178700663,0.24066303412818976,-1.210154604287368
2004-06-23,0.017038360478094372,-0.03126362286383476,-85.71428571428572,42.018467043585254,0.24519014692226834,-0.8536331977723011
2004-06-24,-0.008867062057300368,-0.030593912052818424,-78.57142857142857,40.62613576792008,0.24960654609843907,-0.883121728539443
2004-06-25,0.00645933321181591,-0.02880012176276067,-64.28571428571429,42.11746808074025,0.2484509709465651,-0.8336581494860112
2004-06-28,-0.008396916792713927,-0.028126372216740664,-64.28571428571429,40.67784075792949,0.24587863901522578,-0.8900574480617
2004-06-29,0.03436266499889418,-0.023536930275055188,-57.142857142857146,48.387454873628926,0.22378225001445887,-0.6041829861664194
2004-06-30,-0.014444291862718117,-0.02187325253614716,-50.0,45.61183389257627,0.19623237259303686,-0.4574493318674944
2004-07-01,-0.04591924098748568,-0.024854647990791564,-42.85714285714286,38.215289859564336,0.17032385582089962,-0.6779836483098769
2004-07-02,-0.013824672143003314,-0.02756637449157601,-42.85714285714286,36.38987397587117,0.16515477889564587,-0.8300567377663719
2004-07-06,-0.05867292019614412,-0.035890052971636624,-50.0,29.943091894849378,0.18006801013385187,-1.0724382481932353
2004-07-07,0.0049646924889332755,-0.040061336312279476,-50.0,30.991772406512098,0.1726628859668955,-1.2391074519201812
2004-07-08,-0.03073143170075232,-0.046904769767952874,-64.28571428571429,28.167146070072242,0.17806394545311463,-1.4530224395851634
2004-07-09,-0.04303912312448377,-0.05660636287043679,-71.42857142857143,24.855482422392047,0.21269369872564134,-1.660164284567555
2004-07-12,-0.02307774703906651,-0.06525640229150413,-78.57142857142857,23.339140658233745,0.2482219788021191,-1.7177871091135162
2004-07-13,-0.0018163727651596684,-0.07051514428006662,-78.57142857142857,23.221832653102428,0.2800743227169128,-1.770312059035298
2004-07-14,-0.044294212273383926,-0.08085339440983524,-92.85714285714286,20.518356814020763,0.317885444080632,-1.7735387769801512
2004-07-15,-0.006986331804991197,-0.08663378828029358,-92.85714285714286,20.137774502233228,0.351271745511984,-1.8364775241186604
2004-07-16,-0.029409439446795527,-0.09486562987404562,-85.71428571428572,18.585865473352214,0.3891558224110946,-2.0243453984858877
2004-07-19,0.011201870629394817,-0.09620603944957613,-92.85714285714286,21.009429997322172,0.41605776509859155,-1.839954196034123
2004-07-20,0.020192508460029623,-0.09348471846860286,-92.85714285714286,25.370447998473512,0.4346928155517183,-1.4435611709455645
2004-07-21,-0.060666563595205725,-0.10285874866982507,-100.0,21.459681859905942,0.45995460853345815,-1.5016921386301683
2004-07-22,0.021079462005292093,-0.10050046884845339,-100.0,25.49637473183395,0.4685087791221237,-1.1338037983393079
2004-07-23,-0.026636668123513285,-0.10406806670614395,-92.85714285714286,23.79688784893823,0.47832179986877643,-1.0517862983843858
2004-07-26,-0.0280381817171661,-0.10880997178491639,-100.0,22.166586755694397,0.48435433630384117,-1.1508572805788273
2004-07-27,0.03306949767909084,-0.10289248007028538,-100.0,28.236247736968963,0.47600191064261294,-0.5892474665710057
2004-07-28,-0.02520182144843497,-0.10445550505064588,-92.85714285714286,26.485116102110062,0.445648235253463,-0.3071054710090518
2004-07-29,0.06568547580375284,-0.09117672945636814,-85.71428571428572,37.14995323519897,0.39322832485884374,0.0144170136620645
2004-07-30,0.01115035672616882,-0.08296377357887412,-71.42857142857143,38.877435746632386,0.34901947822165885,0.1830827567422677
2004-08-02,0.012972666583331405,-0.07437174841541014,-71.42857142857143,40.9342025005438,0.29589313809910417,0.44151873409560116
2004-08-03,-0.051856087606531265,-0.07568646113097738,-64.28571428571429,35.696277156285916,0.26878946077077054,0.14319641001542108
2004-08-04,0.010800451065432926,-0.07103833130480697,-50.0,37.39980695000032,0.22426282517163199,0.14308985860911216
2004-08-05,-0.027390730867189794,-0.07136031465925807,-50.0,34.85097946162318,0.18812478457241893,-0.08866558234948338
2004-08-06,-0.3523360129872598,-0.15029169906614226,-85.71428571428572,18.168378675349427,0.37550678561706374,-1.805766814982196
2004-08-09,0.04453831109681117,-0.16892799410571016,-85.71428571428572,21.482192273324173,0.4752803434469406,-2.070799485790978
2004-08-10,0.07918856227067717,-0.1670771079040602,-85.71428571428572,27.36507489632794,0.524758275989145,-1.386765385569402
2004-08-11,-0.02915898709464193,-0.18103960989947573,-21.42857142857143,26.51490810447688,0.5791248182886259,-1.175721209799622
2004-08-12,-0.023255970342286214,-0.19231175877196427,-21.42857142857143,25.845355301972738,0.6299815715411771,-1.205358508204202
2004-08-13,0.04166661414154138,-0.18456060958954912,-21.42857142857143,29.214044908969512,0.6653407949322937,-0.9165623394044344
2004-08-16,-0.009520105401000678,-0.18493137886858454,-21.42857142857143,28.87780153112221,0.694240093206812,-0.8211861218315165
2004-08-17,0.054807515000545814,-0.16813726554483904,-21.42857142857143,33.572812535801035,0.7010914058602945,-0.4929270699503758
2004-08-18,0.06654109227445693,-0.14559558643580958,-21.42857142857143,39.1157983873091,0.7038940002252736,0.012445959633804893
2004-08-19,-0.003415235492516877,-0.1352284718616043,-21.42857142857143,38.924323428978155,0.7000790331863257,0.211530099871288
2004-08-20,0.05917656885582745,-0.11372369436321082,-21.42857142857143,44.02020300249116,0.6925887648477371,0.5547336286675635
2004-08-23,0.02186225012722698,-0.0976203920383565,-21.42857142857143,45.921600109560565,0.6867796952370084,0.6527652680519201
2004-08-24,-0.03724545854058925,-0.09220289473084702,-7.142857142857143,43.1724187175524,0.675047978016869,0.45979269581946663
2004-08-25,0.04279526858454297,-0.07722987444171862,-7.142857142857143,46.95553058196665,0.6646934117913252,0.5225186781325101
2004-08-26,0.0023677247585351946,-0.06723529511628752,85.71428571428572,47.174033207567504,0.634960733297086,0.5663607793586618
2004-08-27,0.018897285938099806,-0.056211771590392645,100.0,48.98453265484062,0.5957148929172551,0.5597243456108657
2004-08-30,-0.033227140176100955,-0.052299885634536455,78.57142857142857,45.94637167359793,0.5389301601487652,0.289999368343198
2004-08-31,-0.003999819042410646,-0.04763497709418228,78.57142857142857,45.59196925473222,0.49736287066975826,0.23985257996765452
2004-09-01,0.01926175144757125,-0.04094746212299095,78.57142857142857,47.67665449718125,0.44228983502846647,0.3060084734387373
2004-09-02,0.04095121313724248,-0.03139420418559722,100.0,51.97123104373783,0.40222008253500285,0.49254402538221226
2004-09-03,-0.030262994454713477,-0.028077630453230102,92.85714285714286,48.66237173924582,0.36807763816468925,0.41847466217620133
2004-09-07,-0.018720932245059663,-0.02637885012015584,85.71428571428572,46.73991132314495,0.33673914269685296,0.21204088528584203
2004-09-08,-0.020661600423614757,-0.02652384450125882,78.57142857142857,44.68116730633679,0.32096731941772694,-0.13429284275780923
2004-09-09,0.09983745941939981,-0.01630687325289307,100.0,54.8222837330839,0.3094680369980528,0.018692411285520728
2004-09-10,0.03837321566815821,-0.00668502408912204,100.0,58.302236781844286,0.29255507421094046,0.36378680589226525
2004-09-13,0.019189881736614067,0.0019508836718466083,92.85714285714286,60.02421774582529,0.2866800366087443,0.47885839617650855
2004-09-14,0.004183958674358834,0.008892617092138191,92.85714285714286,60.415415678343855,0.2651316437045291,0.5904077050745571
2004-09-15,-0.05555804820971055,0.010381097636365594,57.142857142857146,52.97153061348938,0.23605316833523765,0.43655256201746456
2004-09-16,0.03749984008550933,0.013504167279876253,57.142857142857146,56.639210790673545,0.23272344694991223,0.43626866137134207
2004-09-17,0.041111854728156594,0.018605758856981472,85.71428571428572,60.42027269432458,0.23670557787937493,0.6341364111427942
2004-09-20,-0.001364303411124257,0.02273067392348706,92.85714285714286,60.22487542517233,0.24828315944236884,0.775285843703551
2004-09-21,0.026584293300602857,0.02708416218150209,100.0,62.749374972197536,0.26820558454278676,0.8142621956696995
2004-09-22,-0.046477669592381754,0.028253057070231753,92.85714285714286,55.892646586674786,0.25941599885494737,0.5849754394420356
2004-09-23,0.009049846443122345,0.028278575161603585,64.28571428571429,56.835717787501494,0.25908287681106906,0.5781895156670747
2004-09-24,-0.03036841046897909,0.02655883021389649,64.28571428571429,52.724907239023956,0.25238459615850767,0.44011318173963243
2004-09-27,-0.017790932334794674,0.023208566906023978,64.28571428571429,50.490886525026355,0.24719755984591824,0.3325353077337667
2004-09-28,0.014495900933368278,0.02079722259550754,64.28571428571429,52.23516096477999,0.2334624278943017,0.36585691772544177
2004-09-29,0.024282702345612917,0.020373171105597977,57.142857142857146,55.12842309770889,0.21753733077393644,0.3807229648837893
2004-09-30,0.012552353161501939,0.020933610609951716,50.0,56.62650827055098,0.20568664286146196,0.3377616650314553
2004-10-01,0.04132219109753854,0.023651060632466296,85.71428571428572,61.26836151683911,0.21072046163599048,0.48297322370860196
2004-10-04,0.028436295619042706,0.02764375614220178,92.85714285714286,64.22316387721192,0.21241664659161735,0.5822044780378783
2004-10-05,-0.022502772389029535,0.029845783746140404,92.85714285714286,60.19812032299316,0.19236011829827246,0.44317817567633805
2004-10-06,0.00394728896942298,0.030925119728550186,35.714285714285715,60.65347352762509,0.15118081059418811,0.5147346001620469
2004-10-07,0.005898326267853138,0.03179326335175042,57.142857142857146,61.367514174103576,0.1477821294501052,0.2252218660117581
2004-10-08,-0.05472327330733984,0.029502260443475193,57.142857142857146,51.901290974859904,0.14449338246734858,-0.13116714861887996
2004-10-11,0.0013726056448608581,0.02600288264258151,57.142857142857146,52.08999526972365,0.14370067509946488,-0.27635105291203016
2004-10-12,-0.014453013712960039,0.022163947951247157,57.142857142857146,49.86839078909369,0.1441975680497708,-0.06809899938622661
2004-10-13,-0.006284722437898016,0.01821804101103159,57.142857142857146,48.90575479680332,0.13230299201866708,-0.19133942769131954
2004-10-14,-0.03021524065860859,0.012785052431492168,57.142857142857146,44.487401989405065,0.13800042862724904,-0.3855886022133579
2004-10-15,-0.027538939433088383,0.005903772930342517,-42.85714285714286,40.96458429713418,0.1551763334623947,-0.48522536364254315
2004-10-18,0.01788371227802865,0.001560232536394352,-42.85714285714286,43.98142611779216,0.163889043549834,-0.36016542782417377
2004-10-19,-0.00658880562075248,-0.0023202297808856093,-42.85714285714286,43.09208315474437,0.16908324276229186,-0.4645765475609136
2004-10-20,0.01179702813256056,-0.004349756604315266,-42.85714285714286,45.214098078557676,0.17432538633658537,-0.3138798555900163
2004-10-21,0.022575160716708398,-0.004019850665766507,-42.85714285714286,49.166508236028186,0.1755597734610542,-0.12384621080990195
2004-10-22,-0.054128294358471885,-0.008572758581040986,-42.85714285714286,41.29947270373274,0.18705982904724844,-0.3247057443952239
2004-10-25,0.004518421460548261,-0.011449747543650836,-42.85714285714286,42.08741427634396,0.19425607742926448,-0.43054679992993194
2004-10-26,0.0862032342131176,-0.006193056209372983,-42.85714285714286,54.65067224236688,0.19337295117210757,-0.7944350541536932
2004-10-27,0.027602739915461916,-0.0005001799312078079,-42.85714285714286,58.05864552300288,0.19617116548670796,-0.6924127589814415
2004-10-28,-0.010742876708830784,0.0030107797001573226,-35.714285714285715,56.238373011886345,0.197186263251427,-0.6716760222251653
2004-10-29,-0.017653926477551818,0.004400878649128315,50.0,53.312131614464874,0.19163606293685123,-0.7463576814065226
2004-11-01,0.02142902835909588,0.00695778292992803,50.0,56.236296338239576,0.1780243194856521,-0.43524797939557586
2004-11-02,0.014208668075173403,0.009946233605876122,85.71428571428572,58.14815660699843,0.17431502549426506,-0.21677946127303688
2004-11-03,0.009334088862487766,0.012875057647774812,92.85714285714286,59.42014495876676,0.17164867162478759,-0.39947515489777025
2004-11-04,0.018511689662158215,0.016270580575442683,92.85714285714286,61.91538249702887,0.1731387365176599,-0.24469287726379474
2004-11-05,0.14470783643138208,0.026620290276758374,64.28571428571429,75.06290562447086,0.2664570863173346,-1.1331274962281441
2004-11-08,0.010768822943226564,0.0365031120035988,64.28571428571429,75.82842266450828,0.33311035358562974,-1.307572767472209
2004-11-09,-0.006164707079381104,0.04383071108751156,64.28571428571429,74.40513510551824,0.3769358774773244,-1.3054641574914359
2004-11-10,0.0,0.04889481228544878,64.28571428571429,74.40513510551826,0.4087617755810586,-1.2441844022631376
2004-11-11,0.019747138310944656,0.05283709595199083,64.28571428571429,76.06391675422512,0.4348581632225415,-0.9292336141580392
2004-11-12,0.0016603201549905133,0.05610476546172666,64.28571428571429,76.2063014091295,0.4462505874454484,-0.77069567885832
2004-11-15,0.014916816479987549,0.058412765473355666,57.142857142857146,77.50324034624758,0.45736088089383414,-0.5184565441484279
2004-11-16,-0.0032657731479551755,0.06013728956219375,50.0,76.50536914901558,0.45738615063921745,-0.3635199291875261
2004-11-17,0.016934353515760225,0.06097151483786583,92.85714285714286,78.07649602346316,0.4571194062144583,-0.35697890378932906
2004-11-18,0.012890064209370333,0.06194466880078538,92.85714285714286,79.2340935392125,0.4577898601532925,-0.22929744004908886
2004-11-19,0.005299893143888124,0.06269959004532029,100.0,79.71448219553952,0.4366305065439076,-0.7586846583868192
2004-11-22,0.028480874312432736,0.06330148347101816,92.85714285714286,82.12081695460192,0.41418382123801684,-0.6468073392966254
2004-11-23,0.004104698277508367,0.06447479840200027,78.57142857142857,82.45307821779892,0.4073146019143324,-0.476261645342542
2004-11-24,0.004081728419590869,0.06492265905842884,78.57142857142857,82.79684715993079,0.4008526135148881,-0.41911795647380207
2004-11-26,0.01017497027117198,0.06489045581928182,64.28571428571429,83.65975997831248,0.3864423096865029,-0.33125248085543385
2004-11-29,-0.01963743903965942,0.06433492702762147,64.28571428571429,75.68858659546078,0.352768026304116,-0.4215350096650918
2004-11-30,-0.017460801002774584,0.061834958090122634,57.142857142857146,69.47444110483286,0.3139995677325343,-0.5412569200902757
2004-12-01,0.025091501200123156,0.05880204113959621,50.0,72.8622708536244,0.27400383636656483,-0.357809584827593
2004-12-02,0.013254345117797994,0.057240194164291186,42.85714285714286,74.5118573311099,0.22666637506035597,-0.0847008023846508
2004-12-03,0.04328356564311564,0.05695448173532588,92.85714285714286,79.04978854653389,0.18374763149002815,0.15197147410459305
2004-12-06,0.047756909851558005,0.05893716582897281,100.0,82.8376687567007,0.2134168545772068,0.4904178951266939
2004-12-07,0.050182628748723035,0.06270906700732583,100.0,85.86733217884529,0.26089013227149666,-0.19225673287643155
2004-12-08,0.011836658889604168,0.06730370816721372,85.71428571428572,86.50293061867681,0.29500671535108,-0.5808740511706728
2004-12-09,-0.00909912974420879,0.07062804592943873,85.71428571428572,83.36245806759743,0.3107832694072572,-0.5525455282328724
2004-12-10,0.019240931387759064,0.07209128124643764,78.57142857142857,84.62224807108814,0.3295194956704128,-0.5500430661672169
2004-12-13,-0.027454380727437333,0.07328257710945996,71.42857142857143,75.65066938495161,0.329852270260704,-0.6721308182625971
2004-12-14,0.020289672108571244,0.07194515850442086,35.714285714285715,77.4972880259454,0.333705466030683,-0.5027814213414388
2004-12-15,0.009079191803769149,0.07129615804101763,35.714285714285715,78.30620878555335,0.33280370343553567,-0.2958851955535815
2004-12-16,0.01327994841866742,0.07060410508173642,35.714285714285715,79.47876518357828,0.3334857674271637,-0.6644860028486758
2004-12-17,-0.02494314027685307,0.06973911980546256,35.714285714285715,71.55211597567134,0.32487442655071164,-1.0053553481340114
2004-12-20,-0.010844863584677844,0.06670995394350814,35.714285714285715,68.43601974803757,0.3111865991795289,-1.4391943890229568
2004-12-21,0.007454444277130712,0.06310166896235453,28.571428571428573,69.41143111162742,0.3020852589066491,-1.2098195846601498
2004-12-22,0.001305651391418916,0.05996814316519183,21.42857142857143,69.59001174702111,0.2907934499108483,-1.1512463289601371
2004-12-23,0.002607557941956218,0.056953669715710246,14.285714285714286,69.96760416664404,0.2774202927136964,-1.020177691785091
2004-12-27,-0.00867157039365507,0.05384018161919732,7.142857142857143,66.9812605656754,0.26242317245567703,-0.9562792749961452
2004-12-28,-0.0052467962838449456,0.050242011516446805,-14.285714285714286,65.18411506928734,0.2365205645140941,-0.9199313859413581
2004-12-29,0.008793132679297377,0.0469167845779368,35.714285714285715,66.7841334198231,0.1958825975235431,-0.8143013617298278
2004-12-30,-0.003922074368813422,0.04397961545469382,35.714285714285715,65.3292958720955,0.15512177466563978,-0.7502409447411854
2004-12-31,0.030620091464932164,0.0421834536262819,-21.42857142857143,70.6785716378504,0.10847331095265873,-0.5180784422198028
2005-01-03,0.00085033484423791,0.04135187995942224,-21.42857142857143,70.81735065962758,0.07013788910426869,-0.718629769904264
2005-01-04,-0.04707356699829568,0.03830520119383113,-85.71428571428572,55.22209404525652,0.052975259915718304,-0.9705750569165029
2005-01-05,0.009345519568135785,0.034306141515313616,-92.85714285714286,57.14485891799953,0.0540637600143427,-0.8611349565220265
2005-01-06,-0.009698412028006809,0.03058283774706034,-92.85714285714286,54.504769540737065,0.05829585823656941,-0.9051635545083083
2005-01-07,-0.019148716349873918,0.02602477810334837,-28.571428571428573,49.67252508319321,0.069062211962591,-0.9295970832697336
2005-01-10,0.0022717043603945886,0.021820939870596016,-28.571428571428573,50.22551996863036,0.07537756428188729,-0.9127692725066555
2005-01-11,-0.03079894661837068,0.016372228682879533,-42.85714285714286,43.26824099534305,0.09466821410634638,-0.9370041671528593
2005-01-12,-0.008411584454573462,0.01079321918002412,-50.0,41.624605125222175,0.11254900167000183,-0.8206630441387472
2005-01-13,0.010371056741357298,0.006945674729331115,-50.0,44.40516434930896,0.12072929803238791,-0.6718407439627818
2005-01-14,0.0032635188432379447,0.004185541721788609,-50.0,45.29731795076775,0.12166344582953041,-0.6237571452040999
2005-01-18,0.01580518935808528,0.003203232542370371,-50.0,49.53482333352005,0.12283964007765474,-0.4055123634389005
2005-01-19,-0.02287992995616639,0.0006375434284905514,-50.0,44.12218785599332,0.12990250753828314,-0.383064327048674
2005-01-20,0.002338189177963912,-0.001249199512887961,-50.0,44.77115350114418,0.13375140125450027,-0.383291199031866
2005-01-21,0.0018722352671207698,-0.0025578747801099713,-50.0,45.320049622095894,0.13540384797408728,-0.5253061409449694
2005-01-24,-0.040113690667614166,-0.007038148186683661,-100.0,36.85309266291222,0.146565518883346,-0.7202298756557302
2005-01-25,0.01749336301091131,-0.008834353952750075,-92.85714285714286,41.75828767912586,0.1508536689182907,-0.706823050212603
2005-01-26,0.012894151466602999,-0.009089964408664221,-78.57142857142857,45.19661564229987,0.15153495854221666,-0.5789047680940689
2005-01-27,0.08015243640825243,-0.002667053103799766,-78.57142857142857,60.86311919620153,0.15111876985871459,-0.029241022741658074
2005-01-28,-0.0013094678983255337,0.0017649193529215223,28.571428571428573,60.53425713034796,0.15131464654649002,0.31966140461856474
2005-01-31,0.0017464237189634968,0.005349861945691348,35.714285714285715,60.83778404937337,0.14204996855256385,0.41390716588627324
2005-02-01,0.018759321405913854,0.009419782613595369,42.85714285714286,64.04241101437604,0.13786975241665808,0.6092186647292719
2005-02-02,0.055677775648449446,0.01612218508680932,50.0,71.60778677897594,0.1741605272300871,1.28061645000088
2005-02-03,-0.010549013266445195,0.020958440191032986,50.0,68.50324773696403,0.19588932463616684,1.5815996003977615
2005-02-04,0.05740220569935928,0.0273813603637333,64.28571428571429,74.83040714975634,0.24220185801139596,1.875987398988597
2005-02-07,-0.012023210490398673,0.03242364484613558,71.42857142857143,71.40894015750561,0.2704249772411357,1.6843386340200734
2005-02-08,0.009814278448598612,0.03617149231157554,71.42857142857143,72.50093726637094,0.2960360113432953,1.4672907584349109
2005-02-09,-0.03497838629030947,0.03746260250602218,71.42857142857143,63.15230596894354,0.3010404177204538,0.9379314251456933
2005-02-10,0.023357569755855012,0.03799582428993995,71.42857142857143,66.17882053498514,0.3070209715948434,0.8087890122056313
2005-02-11,0.02912376065359168,0.03981423381465473,100.0,69.60894670282505,0.3190148166559583,0.8479222808430094
2005-02-14,-0.021035635721213475,0.04080800049484674,92.85714285714286,64.38201987384738,0.32023965202079213,0.6539684428347796
2005-02-15,0.008986160475922045,0.04080146587350576,100.0,65.54715564419884,0.3228365027042503,0.2517264020855646
2005-02-16,-0.0034841644438431407,0.04047921684668467,92.85714285714286,64.65608726026353,0.31585506337062325,0.08184260319960666
2005-02-17,-0.00893741938110204,0.03929188487953039,85.71428571428572,62.323740727723475,0.30378585741081243,-0.22777720304815424
2005-02-18,0.10819298639534547,0.04174241002873178,100.0,74.30128527214092,0.31787281771344505,0.9365752436101845
2005-02-22,0.012734558634532878,0.04661435741905371,100.0,75.39984271564548,0.3125562296605572,1.3355617211771234
2005-02-23,-0.032483411968892595,0.04932231648986253,92.85714285714286,67.3860282503417,0.28947560371705955,1.2366148248757942
2005-02-24,0.02635666311348772,0.05042907892566591,85.71428571428572,70.07493552950096,0.2690672571781064,1.3696958418135046
2005-02-25,0.014418688060977347,0.05211266413914745,78.57142857142857,71.49594537814447,0.2717188902734685,1.4561420859405083
2005-02-28,0.005200973765883576,0.05353587419315091,57.142857142857146,72.01951929891386,0.2678918946334016,1.6518875301548903
2005-03-01,-0.002413254795388897,0.05419034602745509,92.85714285714286,71.36112035878041,0.2558097388243563,1.4474806124444992
2005-03-02,-0.029389944802344248,0.05320323150469522,92.85714285714286,63.73744332693819,0.2357201116799962,0.9851848413397695
2005-03-03,-0.013539380536551016,0.050136715027004654,85.71428571428572,60.618977903657466,0.22623860702357437,0.6796014902089673
2005-03-04,-0.004333266593111174,0.04644629145249259,78.57142857142857,59.627071207495774,0.21043972959413254,0.42823701572271305
2005-03-07,0.010154368639736733,0.04322578066182947,57.142857142857146,61.22144459464146,0.20758405088212672,0.2374162553055532
2005-03-08,-0.05062830434583909,0.03848551667456847,57.142857142857146,50.42135866237821,0.20145807307059307,-0.2564550318555658
2005-03-09,-0.02609697344313555,0.031261029300420094,57.142857142857146,46.13244019998039,0.20130303634836896,-0.7121559977565313
2005-03-10,-0.0003865781757945719,0.02441519369396377,50.0,46.071554724564706,0.19167009877014254,-0.7961726144265525
2005-03-11,-0.02253159592456433,0.017357642743516477,-57.142857142857146,42.54817392160473,0.19438034553392883,-0.9251171797210817
2005-03-14,0.02821591897013076,0.013071497405444266,-57.142857142857146,47.809638791402996,0.19623684349695056,-0.7783125516256226
2005-03-15,-0.020098898526315967,0.008505245255502879,-57.142857142857146,44.58875366418463,0.1985978307354513,-0.7864884713876259
2005-03-16,-0.01696078145587665,0.0033240950165788177,-78.57142857142857,42.0651412515319,0.20734053533507332,-0.9105013448628807
2005-03-17,-0.010035419635725074,-0.001705726899816584,-85.71428571428572,40.624901320193736,0.21789101595475457,-1.0702492351467405
2005-03-18,-0.020264474338689498,-0.007420341329556817,-92.85714285714286,37.836067522582645,0.23247286069471645,-1.052211992705058
2005-03-21,0.03433694913252805,-0.008745960122466695,-92.85714285714286,44.63144247617763,0.23752293943736932,-0.7204748298875764
2005-03-22,-0.018000161084363753,-0.011521170864645382,-85.71428571428572,41.953480824971614,0.24119161619503093,-0.7075443946905092
2005-03-23,0.021590382268454222,-0.011468660978408334,-64.28571428571429,46.05895062067072,0.24396890660814768,-0.46868728647702884
2005-03-24,0.0019952806367125042,-0.011305865791514883,-64.28571428571429,46.44407352776914,0.23904228668890798,-0.6539763256586851
2005-03-28,-0.011145347160621322,-0.012091219015645848,-64.28571428571429,44.527826775785584,0.2277247405356149,-0.7670864298618649
2005-03-29,-0.02213120473671315,-0.014556500935992894,-57.142857142857146,40.95466177502555,0.21269702657451436,-0.9183687478234671
2005-03-30,0.0,-0.016107705863809243,-100.0,40.95466177502555,0.1903866447462488,-0.7453848650486963
2005-03-31,-0.02222227406696342,-0.01934201432325951,-71.42857142857143,37.52554714561585,0.18053778321236483,-0.7571972163267755
2005-04-01,-0.009681877978585884,-0.02235758298598357,-85.71428571428572,36.137412354095076,0.17297892003753873,-0.8195061527221192
2005-04-04,-0.005946309573490405,-0.024939917103515473,-92.85714285714286,35.28251982733901,0.16217594823952955,-0.665933925842849
2005-04-05,-0.01753050468620443,-0.028471683222073836,-100.0,32.831290982271874,0.14096528841145717,-0.7462436899328624
2005-04-06,0.015232684636359295,-0.02891009648217046,-50.0,36.86391473964849,0.1354548531342183,-0.8954670605646379
2005-04-07,0.01842901940010111,-0.0272858455569842,-50.0,41.508921824114324,0.13177864198728576,-0.7663500624895733
2005-04-08,-0.013045613531032063,-0.02751178879427145,-50.0,39.26605380439662,0.12861172267839902,-0.908911535734128
2005-04-11,-0.019619540343912778,-0.02923130872581555,-50.0,36.14423701685814,0.13473188530878924,-1.0258978084011956
2005-04-12,0.01218292905256968,-0.02849502148466099,-85.71428571428572,39.307722223639374,0.12544256646166999,-0.7551570541456336
2005-04-13,-0.04168760953262429,-0.03255158935674625,-92.85714285714286,33.177117333798364,0.13398981738972635,-0.7680151304299419
2005-04-14,-0.0080719251503788,-0.03531667336242736,-100.0,32.17435677713514,0.14590566218153672,-0.8503667107002374
2005-04-15,-0.03480671957878667,-0.04107949061893765,-100.0,28.242381779650987,0.1694859567866682,-0.978522879622901
2005-04-18,-0.007026196215971892,-0.04500526160736437,-100.0,27.536287942050887,0.1923396220382048,-1.1106038417104689
2005-04-19,0.034902181623798656,-0.04305350985166429,-92.85714285714286,36.0316350255314,0.19326354509790025,-0.9702030232983662
2005-04-20,-0.03053576862230245,-0.04606543151349444,-42.85714285714286,32.33525123700818,0.2040808691197267,-1.1638187016293131
2005-04-21,0.05547505861724278,-0.040183251371585856,-42.85714285714286,43.35687708175525,0.19303440756289655,-0.884320505481649
2005-04-22,-0.009354385846363611,-0.0381164784994156,-42.85714285714286,42.044254079859314,0.17836036254606097,-0.6773139267586449
2005-04-25,0.01573956051306813,-0.03397522232358663,-42.85714285714286,45.031534270347386,0.16222211846769422,-0.4934355588139952
2005-04-26,-0.004425317903408388,-0.031297737924196246,-42.85714285714286,44.32881079202876,0.15193584991138726,-0.3960478489990766
2005-04-27,-0.038240355856363206,-0.033038937715195775,-42.85714285714286,38.72937593823813,0.14450116798874116,-0.2670628796646157
2005-04-28,0.003233860702405611,-0.032687957431948,-42.85714285714286,39.39985068808312,0.1410800174340636,-0.17319525367983704
2005-04-29,0.010601458613825887,-0.03095008343775318,-100.0,41.66095509567285,0.13662243463303628,0.09694536951492515
2005-05-02,-0.0036497775349921824,-0.029904747322516214,-85.71428571428572,41.08655823140531,0.13271120864519992,0.1439801687336715
2005-05-03,-0.0054923498709535945,-0.02925494517466413,-85.71428571428572,40.19179375452695,0.13241217888441167,-0.0449730575812614
2005-05-04,0.03175335449336014,-0.02495754000701443,-21.42857142857143,47.29832426090056,0.12563317062794807,0.060413785680451755
2005-05-05,0.019626769542604228,-0.020052384058337612,28.571428571428573,51.274562340387334,0.11240510704195869,0.18225010059712615
2005-05-06,0.013559567567456687,-0.015071150065877944,35.714285714285715,53.9124397165455,0.10780958790384065,0.4492358812053781
2005-05-09,0.018562087466629906,-0.009548917140450463,42.85714285714286,57.36160965101173,0.11737996132700217,0.7447437386763158
2005-05-10,-0.038984942709401116,-0.00878098250957171,42.85714285714286,48.92605989015762,0.11094657639839532,0.5966683357482405
2005-05-11,-0.01675615152750609,-0.009267729263612062,42.85714285714286,45.92202256856399,0.11094657639839532,0.17634292145469535
2005-05-12,0.02197631108514697,-0.0075081297748469476,42.85714285714286,50.170903225673904,0.1133228465051612,0.12261885821726523
2005-05-13,0.11144856526229452,0.0024206076050096183,71.42857142857143,65.36109964036626,0.16027999581275024,1.3168632643996885
2005-05-16,0.0035534864422948065,0.009830632425082107,78.57142857142857,65.75945918188756,0.18899010304978037,1.816364243955322
2005-05-17,0.011017768965230657,0.01623097393111811,85.71428571428572,67.0300159396073,0.21892495152123387,2.0431822673244784
2005-05-18,0.007391657195790602,0.0215746285231092,92.85714285714286,67.9000757149324,0.23690085028767693,2.199694410047806
2005-05-19,-0.0019327046380153146,0.02550381011304118,100.0,67.39556732619837,0.2561139784887242,2.103279232744707
2005-05-20,0.01780463202471827,0.029159984604736955,100.0,69.62994092810709,0.2754019675182436,2.1594119684545174
2005-05-23,0.023192565308763013,0.033123640129421955,100.0,72.33669104012637,0.29951296051980403,2.0557554989901
2005-05-24,0.014122820138433134,0.03697387260587419,100.0,73.89766814336414,0.3214404070100076,2.0499561213663604
2005-05-25,-0.01282734471521707,0.03941278453802281,64.28571428571429,69.9806041254031,0.3243830701043557,1.7868043438753838
2005-05-26,0.028209846800457683,0.0415755695231354,78.57142857142857,73.29065680446713,0.33071107615967715,1.673356476986795
2005-05-27,-0.00649840728010187,0.04340714098449052,78.57142857142857,71.28568654348526,0.3303737394379555,1.5274937949591292
2005-05-31,-0.015261348461323654,0.04358209654362035,78.57142857142857,66.70079008081663,0.31922518154343515,1.2632952768066168
2005-06-01,0.009227593214611973,0.04303444949419028,78.57142857142857,68.01968773681565,0.30256155614908825,1.1079130375394384
2005-06-02,0.03729445563340916,0.04376984408546704,100.0,72.7591349694887,0.29881339973880805,1.29907789601186
2005-06-03,-0.0024700532061285863,0.04497347915897762,100.0,71.97001081651145,0.2932501920201565,1.2983256784830657
2005-06-06,-0.009540844155090378,0.04498718826003238,92.85714285714286,68.87057506734618,0.28360967499155665,1.1467443786479312
2005-06-07,-0.024257032313859228,0.04326016788522274,85.71428571428572,61.66836739004955,0.2707632873854163,0.5672352471977935
2005-06-08,-0.006949801761498953,0.040263290558297075,78.57142857142857,59.786076048784274,0.23933201084352254,0.17812824665124305
2005-06-09,0.04197379444967453,0.03893342208397763,64.28571428571429,66.40848103837088,0.19546341587302216,0.30012605934963876
2005-06-10,-0.011304543286752788,0.038249157708531885,64.28571428571429,63.2601128465094,0.14200017273283178,0.2645239819578225
2005-06-13,0.022155571437285193,0.0378570471904722,100.0,66.5676590043867,0.13718927833690414,0.16796421273635628
2005-06-14,-0.059089395995174376,0.03513010251071565,-7.142857142857143,52.65181071802494,0.12358984834417594,-0.30767539082322953
2005-06-15,-0.002974636154277177,0.030584288934296152,-14.285714285714286,52.096276983039424,0.11266855688304266,0.08165143407619897
2005-06-16,0.005219960254827516,0.026868254125183306,-14.285714285714286,53.03005028972222,0.10247225724548886,0.32352054839103045
2005-06-17,-0.002224835686961968,0.023650209391619697,-14.285714285714286,52.557353979300736,0.0899820813860804,0.2640589880719432
2005-06-20,0.015237282571401778,0.021697393013699745,-14.285714285714286,55.47789187586888,0.08154320747365341,0.36778362060470315
2005-06-21,0.009513687459606679,0.02075967026116231,-14.285714285714286,57.273394061604,0.07911984303210405,0.4591489425007646
2005-06-22,-0.0010875325868157093,0.019883481640968984,-14.285714285714286,56.98777825542163,0.07869329602639805,0.3974617278107157
2005-06-23,0.015611087694798575,0.01988757135661423,-14.285714285714286,60.06320592725329,0.07707746017498976,0.41813615487174727
2005-06-24,-0.03180997520880524,0.017936606597503124,-14.285714285714286,51.80759269442293,0.07864924730518945,0.2629702769748842
2005-06-27,-0.008119311951580888,0.015167190551540527,-14.285714285714286,49.97935499344923,0.08172444263700605,0.18220390955148663
2005-06-28,0.006323635268886241,0.013130954986322626,-14.285714285714286,51.40599259540629,0.08208610710276303,0.16293884706916492
2005-06-29,-0.009243948391611578,0.010823286489178876,-14.285714285714286,49.183712767677164,0.0852870924651335,0.11907381165445528
2005-06-30,-0.0026116464252519123,0.008610104836489095,-14.285714285714286,48.55102177162402,0.083679742291124,-0.022140804473369004
2005-07-01,0.0044908590437857665,0.007082245370473955,-14.285714285714286,49.745046281365426,0.08023843471820478,0.04714748071366115
2005-07-05,0.015648171893831275,0.006973813942348846,-7.142857142857143,53.78763482260515,0.07695574900704703,0.1946817281838559
2005-07-06,0.026777924439242318,0.008795483127411841,42.85714285714286,59.83504257523924,0.07993783754841188,0.4908023516499779
2005-07-07,-0.007146749889665349,0.0097646517311165,-42.85714285714286,57.61018012186548,0.08089013095393002,0.617115507061846
2005-07-08,0.012595678058987758,0.01122646912615914,-42.85714285714286,60.38592648237113,0.07908000352102346,0.7526195163253773
2005-07-11,0.014925633390102222,0.013330673686870447,35.714285714285715,63.476391670267574,0.08573681079119401,0.7524421426908258
2005-07-12,-0.005600977944835717,0.014591626474975706,35.714285714285715,61.50824400911251,0.0829399753283304,0.7897996669928016
2005-07-13,0.0014070472547880186,0.01544494985667447,35.714285714285715,61.82666067645501,0.0876607837131543,0.8847876767959784
2005-07-14,-0.044303945820282076,0.01299507548147127,57.142857142857146,48.26800898478733,0.08564610692632656,-0.01679031070356131
2005-07-15,-0.010670988266832548,0.009617989112721948,57.142857142857146,45.77928664488844,0.08619106689851067,-0.22896078076219314
2005-07-18,-0.024914708172835698,0.004886959417658257,-14.285714285714286,40.57509589261852,0.09351764336450775,-0.45948555493058246
2005-07-19,0.01372973399362687,0.0019998711848533053,-14.285714285714286,44.24299380735799,0.09747413925340181,-0.3490008421932648
2005-07-20,0.015047395770051653,0.0009529954952139037,-28.571428571428573,48.07750814723724,0.09823922312615287,-0.08935112002894444
2005-07-21,-0.01704812600965222,-0.0012358728798105233,-28.571428571428573,44.30404104652029,0.1017869209680767,0.13533926945004873
2005-07-22,-0.026017993228748093,-0.0051594109058841564,-42.85714285714286,39.31852699106998,0.10997071431604419,-0.008714889371577132
2005-07-25,0.005807041651038292,-0.00764113347795523,-50.0,40.87609310624566,0.11702126911036803,-0.13887448052434342
2005-07-26,0.020785269621807823,-0.007703557979405669,-50.0,46.22730620543454,0.11854059662784844,0.11645731662796278
2005-07-27,0.02036196543372326,-0.006039288377885417,-50.0,51.00305259820915,0.11852078844695764,0.5278184614673556
2005-07-28,0.007760667106435415,-0.004135811658360654,-50.0,52.76019072553459,0.11790276239713265,0.8252336132138426
2005-07-29,-0.007700902962127443,-0.0032733143804108346,-50.0,50.7983177167017,0.11696013184040692,0.813475196537312
2005-08-01,0.015153326707657122,-0.0013065086289270316,-50.0,54.36646112075291,0.11661349406548789,0.8477035454723177
2005-08-02,0.013467324581800888,0.0012682796316215445,-50.0,57.37022024591021,0.11824007460315691,0.9267748707632483
2005-08-03,0.0,0.003257508343438868,-50.0,57.37022024591021,0.11733453461426517,0.8618575900677917
2005-08-04,-0.010418012536106747,0.003989393286915735,50.0,54.130513032187864,0.11639400771894008,0.672077998531313
2005-08-05,0.025411523947791448,0.006356087931207087,64.28571428571429,60.001902394830786,0.11736242785248686,0.8505914666592518
2005-08-08,0.003538198216327171,0.008467648794271263,71.42857142857143,60.77391830934148,0.11498989937267963,0.6376201048798521
2005-08-09,-0.0024675927190118685,0.009870577277435217,71.42857142857143,59.90247014228232,0.11373205789192613,0.5397702819297909
2005-08-10,-0.014851374614333723,0.00980168502066708,71.42857142857143,54.82007081164346,0.10843285922526659,0.35316933900229874
2005-08-11,0.01399852364967269,0.01048928393795244,71.42857142857143,58.35356143692295,0.1135482635897562,0.5483577958627316
2005-08-12,0.06017414329308335,0.01491707532552939,100.0,69.53710168237393,0.1414915686419622,1.1825097155506525
2005-08-15,0.02537808021787402,0.02019455953693803,100.0,73.02506980754052,0.1698126872461485,1.5334058475913683
2005-08-16,-0.016935267797038134,0.02343436599304485,92.85714285714286,67.34313034917014,0.18331240465356657,1.421145632655206
2005-08-17,0.0,0.025433052700736307,85.71428571428572,67.34313034917014,0.19475894226119275,1.1431274887899614
2005-08-18,-0.02583630880901633,0.025301829776771374,78.57142857142857,59.315576006010716,0.19291208806110172,0.6569470902518342
2005-08-19,-0.007140761412675389,0.023983836570803618,71.42857142857143,57.33390235702676,0.1797269496850913,0.2952442543307407
2005-08-22,-0.00821891377163464,0.022061006365330125,42.85714285714286,55.069684371871816,0.16385420415195276,0.042703338655114935
2005-08-23,0.006563587168167739,0.020536188478723696,42.85714285714286,56.53383381877298,0.1526076445731492,-0.02348838797093041
2005-08-24,0.000683578477330915,0.01926157064682924,42.85714285714286,56.69315572671566,0.14541082488637444,-0.11310034805979095
2005-08-25,0.006857386112281816,0.018474763722959617,42.85714285714286,58.34380732034548,0.1394479253360217,-0.10272298447101198
2005-08-26,-0.015321606435037438,0.016785505264173942,21.42857142857143,53.41168853492263,0.12816796275913572,-0.13270414760637653
2005-08-29,0.0017304147756695976,0.015157310868441397,21.42857142857143,53.87863374995875,0.1201650033815624,0.02621085175989803
2005-08-30,0.035895956869895995,0.01602008344952452,21.42857142857143,62.328228268172715,0.11885630228454698,0.5200072829988331
2005-08-31,0.02232887393810601,0.018297641707529923,100.0,66.57732847984407,0.12183649782468406,0.8315147655473997
2005-09-01,0.00032483993922949317,0.02016703171458623,14.285714285714286,66.637600550877,0.11802164981567652,0.879021010398786
2005-09-02,-0.016293541599929018,0.020439751345205596,14.285714285714286,60.7208332861112,0.11522331758714228,0.6604421851960744
2005-09-06,0.008283587023379502,0.020648535635123765,14.285714285714286,62.51347489136963,0.11343397865403743,0.6510979944348301
2005-09-07,0.0318643868383468,0.02253227728865423,42.85714285714286,68.51532248427257,0.11866040761054507,0.8554262231337864
2005-09-08,0.01177859746996357,0.024897284928513706,50.0,70.45818585943204,0.11895002398860258,0.9285605803469452
2005-09-09,0.012903001182048124,0.02734841672872149,57.142857142857146,72.48485192228394,0.12503360970090216,1.0604760127330983
2005-09-12,-0.0034186822699424635,0.029032177818108285,64.28571428571429,71.07560803022872,0.1372039413540538,1.073882588535765
2005-09-13,0.030239318200806498,0.03140946261683026,71.42857142857143,75.58226902140704,0.159218766582032,1.292726440009849
2005-09-14,-0.012105189687582563,0.03301570526639999,78.57142857142857,70.69041392365915,0.17215089273129794,1.1164090151480648
2005-09-15,0.017766776015687658,0.034402440920511417,85.71428571428572,73.3806113407377,0.18875689025968387,0.879666546238207
2005-09-16,0.0005992363942275425,0.03557489936760793,92.85714285714286,73.47062821739823,0.19861026788977734,0.6399998754367803
2005-09-19,-0.01413288637213217,0.035478221983328596,92.85714285714286,67.6561508502772,0.19943543899446312,0.38434487427850994
2005-09-20,0.019522597273502695,0.035463623753155,100.0,71.01978203236902,0.2004046116252989,0.26407630648988323
2005-09-21,-0.008678442421919397,0.03519343463918185,78.57142857142857,67.58911057624252,0.1969935147147202,0.03450465293918122
2005-09-22,-0.026861583768127417,0.03308330836458958,78.57142857142857,58.28553954277125,0.1864418100503265,-0.14940370345604084
2005-09-23,0.01457554010229023,0.031002792085261056,78.57142857142857,61.31372327852219,0.1771310150460462,-0.13738138693826116
2005-09-26,0.00825435712367284,0.029804272002240714,78.57142857142857,62.976744771287194,0.15999065038121668,-0.02794404767373144
2005-09-27,0.003336145364463583,0.028894203091664943,71.42857142857143,63.6622572672606,0.13814266622051946,-0.002518925674925275
2005-09-28,0.006045968930650902,0.028241105195358104,64.28571428571429,64.93366045329036,0.12730964170718226,0.15188521736851376
2005-09-29,0.02072700973187591,0.02860418585159172,100.0,68.96665132801739,0.1263353134953708,0.49576117357935845
2005-09-30,0.008828354566473129,0.02945618153409315,42.85714285714286,70.55236452323045,0.1249126398636655,0.6217270630671309
2005-10-03,0.027420985273106435,0.031312932200596034,50.0,74.88314788599733,0.12307372662389116,0.784235833948725
2005-10-04,-0.013060438804101349,0.032408152683927036,57.142857142857146,69.49686597782029,0.11236171523154616,0.5106310292020032
2005-10-05,-0.033085989829559126,0.030957167195716295,57.142857142857146,58.22107945595236,0.10274584927893643,0.09534933350236577
2005-10-06,-0.003570364993392361,0.02841537213315557,57.142857142857146,57.17862673862132,0.095052219194997,0.024517235062109552
2005-10-07,-0.012838871825860299,0.025314028812121674,57.142857142857146,53.483403222609205,0.09040609762188434,-0.17292046493813987
2005-10-10,-0.025408084885204407,0.02080801231640423,57.142857142857146,47.081941496597715,0.0890731971781468,-0.4941594110687646
2005-10-11,-0.012413459691416051,0.015728472340836998,-35.714285714285715,44.359401956787046,0.097399057930723,-0.6868088049517177
2005-10-12,0.011939768871867873,0.012171751180972308,-35.714285714285715,47.46693327392773,0.10018299923295611,-0.7103971769214709
2005-10-13,-0.0052768511871749135,0.009018476942570613,-50.0,46.22354923452697,0.1052665376976652,-0.43117573844637713
2005-10-14,0.0,0.0063945998346872455,-50.0,46.22354923452697,0.10965899906029904,-0.2908609706023466
2005-10-17,0.009676852925080137,0.004989641386887349,-50.0,49.04721276998564,0.11131963988472637,-0.214531540444023
2005-10-18,-0.016389702743920376,0.0026154710961490937,-50.0,44.72255780295207,0.11615490921263545,-0.2632680008522608
2005-10-19,-0.008487651760331949,-1.679926559529702e-05,-78.57142857142857,42.65920217916433,0.12270975461622995,0.09484704642867077
2005-10-20,0.006977974885463922,-0.00152915138309447,-78.57142857142857,44.89119654293886,0.1254355038838077,0.1560062471060344
2005-10-21,0.005666874610873673,-0.002232000780979182,-78.57142857142857,46.71774344210037,0.12812901932015366,0.101630352108646
2005-10-24,0.027239062599172303,-0.0005753915169177495,-78.57142857142857,54.558375562976266,0.128135878933157,0.25701729333458334
2005-10-25,0.0063997553781240946,0.0011856424980742914,-71.42857142857143,56.23235111627011,0.12807154200474224,0.46293459873486337
2005-10-26,-0.027255740144495055,0.0003852447637936165,-64.28571428571429,48.06029231096811,0.129152952963762,0.25412694488341325
2005-10-27,-0.020861701576659786,-0.0019777052209312153,-57.142857142857146,43.044515807356355,0.12999991544885417,0.026070991745420925
2005-10-28,0.030845446555736844,-0.0013118424164567653,-50.0,51.01500364860855,0.12237388718139933,0.22701981414705794
2005-10-31,0.034852239115926276,0.0018927010661122681,57.142857142857146,58.32966480284826,0.1019146040018135,0.476771124622348
2005-11-01,-0.012218196260283753,0.003414244398729383,64.28571428571429,55.114267722821154,0.08221836395583226,0.41821320891544417
2005-11-02,0.05793624164241007,0.008668556590699743,71.42857142857143,64.87971414029214,0.10422733197749147,0.7134407504532473
2005-11-03,-0.01169595469178053,0.012040703900130676,78.57142857142857,61.787877088621144,0.1163658125683189,0.6146171424436698
2005-11-04,-0.017028379579484998,0.013333772593908182,78.57142857142857,57.53892061806355,0.12241203893153742,0.37561534853426826
2005-11-07,-0.0044037637067334545,0.013740700458218007,78.57142857142857,56.47571540534433,0.12641669697500763,0.11071516369894377
2005-11-08,-0.01857870282988139,0.012608916723816626,78.57142857142857,52.119448249012066,0.12466358673288896,-0.26605172317868825
2005-11-09,0.045072348584308086,0.014324577463270172,28.571428571428573,60.02566891748512,0.1340700537933429,0.05351021373147608
2005-11-10,-0.03709027204224291,0.013472500101073636,64.28571428571429,52.06361720323521,0.1324687249906136,-0.843637348041044
2005-11-11,0.016424948643578796,0.013310713266904367,64.28571428571429,54.815869089856875,0.13236418687913348,-1.1211061282830384
2005-11-14,0.02115153616029164,0.014581714461497334,64.28571428571429,58.19891842364772,0.13750896462917767,-0.9409679356330719
2005-11-15,0.0022996534491428466,0.015774524304609502,64.28571428571429,58.56979959854394,0.1379906814779246,-0.9623584992794229
2005-11-16,-0.0034448763118041237,0.016336981132474823,64.28571428571429,57.74142218267389,0.1326212159194633,-0.8036430511554266
2005-11-17,0.04435724438296429,0.019234053773090717,64.28571428571429,64.65042864826978,0.1411942644052995,-0.2546333469998763
2005-11-18,-0.0019321509749712362,0.021716117472319378,57.142857142857146,64.13671899335048,0.14535072319814793,0.04414703479429393
2005-11-21,0.017686413680947588,0.02436407332309102,50.0,66.7371717176656,0.158910524839217,0.40062832086051864
2005-11-22,0.026606517472035573,0.02783848924060017,57.142857142857146,70.28908157342512,0.18020052178167553,0.7219249583111131
2005-11-23,-0.002907076243201079,0.03059512109172469,64.28571428571429,69.39396102208458,0.18693658154783155,0.6856914614750865
2005-11-25,0.009812881153999697,0.032803519473569444,64.28571428571429,70.7443647460432,0.18393570619095145,0.6747182688911174
2005-11-28,-0.004989705298772074,0.03416528665624752,78.57142857142857,69.05942867490081,0.1831945279539752,0.6094272898465323
2005-11-29,-0.06335772763956471,0.03166608119621383,78.57142857142857,52.15723450058173,0.177310137936111,0.03936989827294411
2005-11-30,0.018882765831399473,0.02850456152348398,78.57142857142857,55.43612916329141,0.16793006989377712,0.04188377300466398
2005-12-01,0.011893712055123018,0.026792662913655774,78.57142857142857,57.451505254062305,0.16919193974425076,0.20447892952243946
2005-12-02,0.00027576043344379464,0.025423585345683064,64.28571428571429,57.500067140911305,0.16871392583557923,0.31560891618271214
2005-12-05,-0.018585189741932462,0.02301211096965469,64.28571428571429,53.1001305720683,0.1631644130384728,0.16793302068157057
2005-12-06,0.004177102163545943,0.02072995349442632,50.0,53.93741262403237,0.15568630317779436,-0.027051518556188647
2005-12-07,0.0016635653491796631,0.018881991738604702,50.0,54.288877395839386,0.14034165780040816,-0.033619793496695055
2005-12-08,-0.008030369207338128,0.016739780208764633,42.85714285714286,52.21432068268654,0.13671167418146848,-0.06956838394754909
2005-12-09,0.014234103052797709,0.01566341235485146,-14.285714285714286,55.43872650648446,0.11955592506148116,0.05692604962993543
2005-12-12,0.014585734603280498,0.015759339925095383,-14.285714285714286,58.56776822930979,0.10658180108542943,0.22165857431938343
2005-12-13,0.01301869783541676,0.016653052284012277,-14.285714285714286,61.223218627301655,0.10079926762513569,0.36082014963897746
2005-12-14,-0.009371921418183438,0.016731339933434477,-14.285714285714286,58.28927505944248,0.09229236541752667,0.4337470301517922
2005-12-15,-0.012700235265076909,0.01566438836109275,-14.285714285714286,54.51258927009712,0.0794190913746259,0.36750446981919244
2005-12-16,0.00875750988876245,0.015048142749819643,-14.285714285714286,56.57540558721301,0.07874712245582949,0.6227111909192485
2005-12-19,-0.016552884221587627,0.01340176524958104,64.28571428571429,51.75598909187963,0.07855554052020204,0.5472731068644152
2005-12-20,-0.0005523793145598699,0.01172311195511391,64.28571428571429,51.60063551466948,0.0793979554994416,0.45549013581555287
2005-12-21,-0.0019316974660598119,0.010134008180731966,21.42857142857143,51.02415728514338,0.07518956798922445,0.3402568831356738
2005-12-22,0.030430096199666412,0.010852936207824902,21.42857142857143,58.814874125876834,0.07198064435714766,0.44803655788908964
2005-12-23,0.007782869793375502,0.012054031812739554,21.42857142857143,60.59396408607066,0.06632066826916456,0.6447851031010436
2005-12-27,0.006127594442692619,0.01333048714745683,85.71428571428572,61.99671498023376,0.06504519375564874,0.6372616965830821
2005-12-28,0.009268224917647672,0.01483798522022487,92.85714285714286,64.09159071643485,0.06931966188033718,0.7113107114771988
2005-12-29,-0.022300543639021342,0.014490064664106172,92.85714285714286,56.016242299615726,0.06929534116362979,0.5174989400286704
2005-12-30,-0.019048353383320782,0.012505876405394113,85.71428571428572,50.31476129739787,0.06932434423271802,0.29893515841575746
2006-01-03,0.04540379653267834,0.013593123906480499,57.142857142857146,60.45098885762581,0.0775130423830874,0.43650580326602373
2006-01-04,0.027997080839150312,0.016487382647358315,64.28571428571429,65.35725009401465,0.09350799116809079,0.8037386432310933
2006-01-05,0.02264990031440628,0.020206278567719685,71.42857142857143,68.8214364771667,0.11660006701351287,1.290491563945182
2006-01-06,0.016426177804444553,0.02409040868897436,78.57142857142857,71.12742085349824,0.1406132344985993,1.7920694278312157
2006-01-09,0.027913803754779698,0.02854478704464545,85.71428571428572,74.61921289597741,0.16925315663243476,2.1048792258304863
2006-01-10,0.00024038177207641453,0.032233360418528145,85.71428571428572,74.64844037555461,0.19059551369695688,2.2666966905287946
2006-01-11,0.03619655654159892,0.03633363341154217,100.0,78.63844915022601,0.22415739761864564,2.443659194953132
2006-01-12,-0.014247591771221035,0.039439576569697314,100.0,73.55364311749022,0.24344631750300594,2.1786876943116713
2006-01-13,-0.008860464323408701,0.04066561105120444,92.85714285714286,70.54232412605752,0.25345771474826767,1.843348904966579
2006-01-17,-0.0007059912499759458,0.04085904584137705,57.142857142857146,70.297555854504,0.2571476555566463,1.8067659991929617
2006-01-18,0.005178196370356769,0.04072465326469269,57.142857142857146,71.08936435865544,0.2603164918393441,1.9057038869808132
2006-01-19,0.055503765551918605,0.04239475448171161,85.71428571428572,77.91925045278532,0.27328064305301264,2.063907628098698
2006-01-20,-0.027956841306343794,0.043894916095166776,85.71428571428572,68.63566404884209,0.2692987401717809,1.6210834925440538
2006-01-23,0.005708183413310142,0.043819949728954664,85.71428571428572,69.41453613326537,0.26090108837654935,1.339618837469787
2006-01-24,0.004992766948067384,0.04363744821685361,78.57142857142857,70.11752215630344,0.25720915833153274,0.9322226793038928
2006-01-25,-0.008808192159087791,0.04284244599321618,71.42857142857143,67.16972045463207,0.2493855900867523,0.5976024564534672
2006-01-26,0.03417685096845524,0.04269471714737162,57.142857142857146,72.03849724254893,0.24737163908833285,0.7088176777533001
2006-01-27,0.018947623389799162,0.04388173197331906,100.0,74.38411303485299,0.24839534858715606,0.7299626517590652
2006-01-30,-0.011245022289693596,0.044537455993660054,92.85714285714286,70.5309429534451,0.23234757448422286,0.538272287360639
2006-01-31,-0.016836131760243123,0.04354268384712328,50.0,65.1505792576281,0.1953732832186056,0.30246929473698275
2006-02-01,0.0006668234878748347,0.04169494120910102,50.0,65.26170625822985,0.16896014869630538,0.4271102242085181
2006-02-02,-0.03045156224105372,0.03853925286091977,50.0,56.4095417850511,0.14486452643938563,0.0985943356094225
2006-02-03,0.009169136215668061,0.03501206051207404,50.0,58.192409930072074,0.12576983877156878,0.03493562023831794
2006-02-06,0.028170717907879173,0.03342944094047803,50.0,63.21590520045313,0.1126947040697558,0.25620669895898607
2006-02-07,-0.03557335402898254,0.03081867913010094,50.0,54.12287674707913,0.10490411623480143,0.03721968843451346
2006-02-08,0.02886657794279701,0.028923744100493684,42.85714285714286,59.0831821033758,0.09651787158710382,0.22824787043692302
2006-02-09,-0.01692221450591702,0.026892094428234554,-35.714285714285715,55.20610048985568,0.09539744286588073,0.06488516520357698
2006-02-10,-0.005664125839235368,0.02428954729579729,-71.42857142857143,53.95153557130834,0.09148872242244353,0.06786755463977293
2006-02-13,0.0034168548690338696,0.02205091652592054,-71.42857142857143,54.61773410792835,0.08389779759948583,0.12522908090715895
2006-02-14,0.001816975186763381,0.020218720268029653,-71.42857142857143,54.991903028975386,0.07449403025300802,0.27271040958307946
2006-02-15,0.019259948482315492,0.019740367570221636,-71.42857142857143,58.87000632487593,0.06566395387404544,0.5834251097436916
2006-02-16,0.0493556152719159,0.022277631643137705,28.571428571428573,66.8939397216796,0.08306444135924257,1.3903932195545334
2006-02-17,0.005720833939754533,0.02505212009453867,35.714285714285715,67.71885203895694,0.09708927363797758,0.2540172093747546
2006-02-21,-0.021275314724492067,0.02589336715945321,35.714285714285715,61.54221357111225,0.10025643991306629,-0.3401931666699228
2006-02-22,-0.0017228052473523547,0.025737628397726444,35.714285714285715,61.06681998549159,0.10257842070529992,-0.19285407292241694
2006-02-23,-0.01530937098866314,0.02444019766528072,35.714285714285715,56.86999922427276,0.10007205383156417,-0.2824641690084807
2006-02-24,-0.00021787768132941476,0.0228192524055766,35.714285714285715,56.81107579480768,0.10042207964331823,-0.42359026837926766
2006-02-27,0.04051772510791585,0.023562542279327293,35.714285714285715,64.23148792420021,0.10820498124546489,-0.1506242180500646
2006-02-28,-0.007999094761963588,0.024127447842871515,35.714285714285715,61.879514072297994,0.11374589137423545,-0.061234196745108715
2006-03-01,0.03798105555536657,0.026181642882081118,35.714285714285715,67.85091305959719,0.1323867041362858,0.27426427678306126
2006-03-02,0.0014299718976793496,0.028258047156100235,35.714285714285715,68.06146884750312,0.14704760226116173,0.3703109537718901
2006-03-03,0.0034709425183956366,0.029765690572180956,35.714285714285715,68.5998080799938,0.1538280512440541,0.35333132958902
2006-03-06,-0.0020358663371592423,0.030584121536490216,28.571428571428573,67.87463789164416,0.15825003403661855,0.09938228043871097
2006-03-07,-0.017122201697349126,0.029976622843585696,21.42857142857143,61.95489766554799,0.16074510789222224,-0.05258387826418757
2006-03-08,-0.0049771869471926244,0.02848636169608004,14.285714285714286,60.33577928435575,0.15313771955674416,0.09399481546252463
2006-03-09,0.005212567758613673,0.02715095970981465,-14.285714285714286,61.465922309813436,0.1517202929699794,-0.13231833484490294
2006-03-10,-0.017416749853716662,0.024956312209085233,-14.285714285714286,55.72307161923356,0.14259423609144478,-0.3610562406469932
2006-03-13,0.01202758199185916,0.023255160191536003,57.142857142857146,58.55285379803341,0.13020246857872206,-0.3572067098125713
2006-03-14,0.027730850404974028,0.023451525935151117,57.142857142857146,64.28808073945854,0.12070067132293208,-0.06378350529953047
2006-03-15,0.016026885271180902,0.024712177671973937,42.85714285714286,67.19200743427919,0.1121322756751263,0.28875943421139966
2006-03-16,-0.03394431688024513,0.023808427764746343,42.85714285714286,56.537840385763374,0.09945157532225156,0.15611575725227922
2006-03-17,0.008061490146892503,0.02260955399716713,35.714285714285715,58.17638601801388,0.09977611206161982,0.35255830036571206
2006-03-20,-0.007588404722614683,0.021116676828582964,-14.285714285714286,56.01822689599546,0.09960227950128309,0.2694175893897367
2006-03-21,0.04938100568118298,0.022403849597007114,64.28571428571429,65.03838528990251,0.1068946658495325,0.31593365492314707
2006-03-22,-0.028746524838910048,0.02228292488102543,64.28571428571429,57.306449568102046,0.10253892600224819,0.5568813503197426
2006-03-23,0.018650427804570713,0.022483190651166916,64.28571428571429,60.49362781157696,0.09413188304864806,0.8333457443398774
2006-03-24,0.033832186144599374,0.024571085841922708,85.71428571428572,65.60349400014583,0.09515038326595571,1.1530441016062158
2006-03-27,0.026946870082874996,0.027901101800892978,92.85714285714286,69.14275451704091,0.11972173612811293,1.4570122876281941
2006-03-28,0.015371829781340107,0.03144021486765125,100.0,71.02376027597023,0.14164778554304117,1.5070585934199912
2006-03-29,0.05371967157337609,0.03650971006672035,92.85714285714286,76.49832261801734,0.19187437236780683,1.7708531439870712
2006-03-30,0.006832640749104835,0.04158220612282092,100.0,77.12218238997399,0.22946458942876818,1.9783647010461114
2006-03-31,-0.0036538013834739314,0.04515012867259388,71.42857142857143,75.95313492386155,0.25514919296164723,1.7711053074302743
2006-04-03,0.01117585649553754,0.0476702709646495,78.57142857142857,77.09274609058801,0.27821259237766416,1.673775642917226
2006-04-04,0.04680454407699597,0.05084631350564393,85.71428571428572,81.16382502557975,0.3113008673258059,1.9095251146416505
2006-04-05,0.008085780776553753,0.05462844647668938,92.85714285714286,81.79396368402374,0.33561252315013274,2.19980342949905
2006-04-06,0.001963925608998718,0.05733270737083897,100.0,81.9531588393317,0.3521009602316248,2.2314693359673443
2006-04-07,-0.0026149463551211616,0.05882718772501369,78.57142857142857,80.93636557521228,0.3556360910524446,2.1720546323817045
2006-04-10,-0.017359218601124993,0.058846664554631035,78.57142857142857,74.35811709452732,0.3503868415801276,1.8330567770016306
2006-04-11,-0.02433386795624326,0.056818543690117275,78.57142857142857,66.3576060715857,0.34216742502000114,1.3195029043850657
2006-04-12,0.0403151331656626,0.054452908325130084,71.42857142857143,71.66473344582013,0.3415936883620523,1.1973592505767217
2006-04-13,-0.027915321907834745,0.05295546820021098,64.28571428571429,63.85090587178755,0.32233787927040236,0.8225386726974834
2006-04-17,0.002703977532325652,0.05003405143166688,57.142857142857146,64.24620845917805,0.3007637480006456,0.503760031380292
2006-04-18,-0.023585758190107553,0.04650219166068288,50.0,58.24679922251078,0.26868412256813584,0.6277640124019006
2006-04-19,0.006211307915481523,0.04248979107552707,42.85714285714286,59.29928215092971,0.24838005060688942,0.7198022744719412
2006-04-20,-0.0013724554650872411,0.03903094461204039,35.714285714285715,58.94352758033269,0.21112545555083992,0.7296677111174258
2006-04-21,-0.03605767213559152,0.03418677360226393,-71.42857142857143,50.40030257202643,0.17567113081797398,0.47076113215976406
2006-04-24,0.030639089798143226,0.030371593861637108,-71.42857142857143,56.02277634309624,0.1459464730041619,0.49898704377035713
2006-04-25,-0.0006924938210738363,0.027796641637599945,-71.42857142857143,55.86391759484399,0.12276700441920296,0.7109496753945471
2006-04-26,-0.006917700582346753,0.02506753885487119,-71.42857142857143,54.21132345173285,0.10309150022074413,0.6880104132002475
2006-04-27,0.016023341194260965,0.02339532386161569,-71.42857142857143,57.33769360318792,0.09983841407019159,0.736642077461826
2006-04-28,0.0017131702737647192,0.022226887667437745,-64.28571428571429,57.67576408242208,0.09770430103334363,0.6808809718158559
2006-05-01,0.05749513180618848,0.02428001978339512,42.85714285714286,67.1113281095444,0.10285418901046621,0.7539329826328517
2006-05-02,-0.0012952345957520928,0.02648968761874742,50.0,66.72966681588849,0.10751227548744972,0.6898594259197764
2006-05-03,0.006482101466305901,0.028228472017611667,50.0,67.71784220870796,0.11365313778453494,0.6705666388215967
2006-05-04,-0.006440354435376827,0.029076239620209006,50.0,65.61894667663289,0.11606145187007559,0.6663328794464584
2006-05-05,0.013609714473585166,0.029943879173944754,50.0,67.87063234010759,0.12216080817133944,0.716090305898234
2006-05-08,-0.00447522157055924,0.03036718878151782,78.57142857142857,66.31179659761884,0.12682324228432532,0.5723469555178715
2006-05-09,-0.030506621031296977,0.028688940791246557,78.57142857142857,56.78083806399108,0.12721711346208042,0.22137273815058392
2006-05-10,-0.022193493325873725,0.02508478141518312,78.57142857142857,51.19214563647289,0.12647197222151255,-0.07332463406986596
2006-05-11,-0.03556893320153187,0.019314566565398105,78.57142857142857,43.89999457950452,0.13081195554967315,-0.5976122141968024
2006-05-12,-0.07516754532071646,0.008490763388636477,-28.571428571428573,33.4436222989555,0.1648377913774225,-1.0621553913295987
2006-05-15,0.014433485686793146,-0.00016237510548839274,-28.571428571428573,36.343297225220674,0.1854094956150184,-1.0562743037886984
2006-05-16,-0.02620770719339993,-0.00917653862670415,-28.571428571428573,33.45227545710557,0.21164696715729878,-1.1275053688051988
2006-05-17,-0.040369253608530054,-0.02016531578666267,-50.0,29.643159180115923,0.24885638711598368,-1.2262426208341632
2006-05-18,-0.045271618511094514,-0.03336437458966635,-57.142857142857146,26.187318340350835,0.2962758704079095,-1.4885279737766945
2006-05-19,0.02098087050341646,-0.04006191146579876,-57.142857142857146,30.07188913578608,0.32709246579980417,-1.4597513873599524
2006-05-22,-0.013563566941622862,-0.047110882324569045,-71.42857142857143,28.987523199263197,0.3582480412778246,-1.158985040739946
2006-05-23,-0.010832371560925314,-0.053104491794034266,-71.42857142857143,28.127039594120646,0.38774138112565837,-1.1554101977974711
2006-05-24,0.0130566758779318,-0.05503087787867392,-71.42857142857143,30.765892849995957,0.4098346901405714,-1.0673934210683558
2006-05-25,-0.005403911957227336,-0.0571893856034015,-71.42857142857143,30.2641601567608,0.42888898789586566,-1.0950691989451913
2006-05-26,0.002089751773939552,-0.05770723807843053,-71.42857142857143,30.732060126341437,0.4438391930362751,-1.0098374665493908
2006-05-30,-0.041719783585544734,-0.06352718408055597,-100.0,26.85064298173636,0.45373649298822366,-1.0908288955568233
2006-05-31,0.00043617292260611507,-0.06533136023066946,-100.0,26.950186186595072,0.45643037656580676,-1.23191623007945
2006-06-01,0.05221925007222428,-0.05878663898177439,-92.85714285714286,37.85788494863607,0.4396984642684294,-0.8889392902036245
2006-06-02,-0.01447389143667821,-0.057516395610935904,-85.71428571428572,36.161941495051224,0.41937980957589266,-0.8564742761316076
2006-06-05,-0.041964776315014496,-0.06110101332994682,-100.0,31.78093311163658,0.3892017946110348,-1.0426925889379675
2006-06-06,-0.026720279396327817,-0.0651105924681618,-100.0,29.438034986589273,0.34991797927957724,-1.0940863904935065
2006-06-07,-0.017999831607071082,-0.06887130755503557,-92.85714285714286,27.981542600285632,0.31395916240762184,-1.2011149118299786
2006-06-08,-0.01833290000557275,-0.07289669143681145,-100.0,26.565809368065867,0.2766804029215449,-0.9861467696018189
2006-06-09,-0.0032686699785051676,-0.0747170255746142,-78.57142857142857,26.31485224137115,0.24396810025915935,-0.9508237926748356
2006-06-12,-0.05526743709803661,-0.08416481410931362,-92.85714285714286,22.46348706259566,0.26017249909381157,-1.0261293598502645
2006-06-13,-0.015370551361879592,-0.08978947259045895,-100.0,21.570218604006588,0.2643463393376046,-1.1423294068740577
2006-06-14,0.02920593865734067,-0.08726516201307848,-85.71428571428572,27.387938636370613,0.25972246547585026,-0.8768833447593686
2006-06-15,0.08757213362307459,-0.0729178415992218,-85.71428571428572,41.74821453241198,0.24763815654724392,-0.30032913918324416
2006-06-16,-0.02564116318804266,-0.0701966800448155,-50.0,39.096616212016386,0.24756353658390434,-0.14362866663508084
2006-06-19,-0.03000804976467597,-0.07026361987115624,-50.0,36.26786061019099,0.24610388353932577,-0.24021093090542853
2006-06-20,-0.015707044987770646,-0.0701690516791878,-50.0,34.88767402625219,0.24814370975253594,-0.3039898394905528
2006-06-21,0.011120728070638242,-0.06678700027197416,-50.0,36.69566844179991,0.247325368064822,-0.30789649562941807
2006-06-22,-0.029173699944139098,-0.06830061411073939,-50.0,33.99889383671327,0.24582118311156295,-0.4799240345278297
2006-06-23,0.0004936379828910376,-0.06706323968814537,-42.85714285714286,34.08458974372917,0.24117983801905066,-0.5776330150085411
2006-06-26,-0.009355724674745658,-0.06672653653040832,-35.714285714285715,33.204210287822946,0.23263909119605042,-0.6916433803205043
2006-06-27,-0.03180725326477574,-0.0699689575835609,-100.0,30.359981768686012,0.24101071564493856,-0.82253897437823
2006-06-28,0.05544134676301615,-0.06212738413478591,-64.28571428571429,39.740951106382845,0.23447499724130993,-0.4921002983539057
2006-06-29,0.045233171080869994,-0.05218638690552293,-64.28571428571429,46.4325768892343,0.19985718445645972,0.06362245751445551
2006-06-30,-0.009308030757746222,-0.04709043636323907,-64.28571428571429,45.26817996708088,0.16344773721308256,0.118415128144891
2006-07-03,0.014561705831045435,-0.04042678781358222,-64.28571428571429,47.46699295112915,0.14600675635979718,0.12102482684757768
2006-07-05,-0.044908488772334665,-0.04068432327551482,-64.28571428571429,41.807449332203376,0.13583059800338212,-0.16726269465729193
2006-07-06,-0.031021130043809797,-0.04273342985449319,-64.28571428571429,38.542417047271364,0.13431745656780333,-0.4433299543326745
2006-07-07,-0.031017140165850665,-0.04675594197914124,-57.142857142857146,35.63842489993505,0.14402732426685802,-0.7042520497452064
2006-07-10,-0.043366217203093416,-0.054108846703466405,-35.714285714285715,32.108781121771145,0.1676775591928291,-0.9411696220415863
2006-07-11,0.0334613957125407,-0.05314484642844821,-42.85714285714286,37.063699395400825,0.17761624246711744,-0.6260247607189031
2006-07-12,-0.0480437448990062,-0.05986523470224019,-42.85714285714286,33.19258737261374,0.20134996563458216,-0.7116517691812797
2006-07-13,-0.025780531018243624,-0.0661077408378069,-57.142857142857146,31.38906303222041,0.2322576665791112,-0.928042576571177
2006-07-14,-0.005067120580166229,-0.06976175303880659,-64.28571428571429,31.041261784612967,0.24255071158374425,-0.9358099810507744
2006-07-17,0.007921507366567049,-0.07037639302794026,-64.28571428571429,32.29781397910663,0.2513887591487988,-0.79865193655398
2006-07-18,0.05446483149882053,-0.06272444920262932,-64.28571428571429,40.40254606280289,0.2508760518462784,-0.2545347321827598
2006-07-19,0.043664111203455036,-0.053062406315166,-64.28571428571429,46.25939187600946,0.24768536081646797,0.36584459003043507
2006-07-20,-0.01989742343761347,-0.04951624968472089,-64.28571428571429,44.0425914322436,0.24265412831071326,0.30865542179488364
2006-07-21,-0.0749610825903908,-0.05546733608919639,-64.28571428571429,36.99330666224969,0.2548408678989799,-0.009936640270048928
2006-07-24,0.10073038760972519,-0.04389679014459005,-57.142857142857146,48.1110451971755,0.2522879543092875,0.12288776011952188
2006-07-25,0.035276231200035646,-0.03428468596441478,-50.0,51.652571431928415,0.2530229254521597,0.344984005330837
2006-07-26,0.0,-0.027535009506133114,-42.85714285714286,51.65257143192843,0.25514132804455864,0.5253584639038914
2006-07-27,0.014319648939756346,-0.020497191409880773,64.28571428571429,53.20908488987721,0.2549761574384229,0.40006312612790856
2006-07-28,0.10370047478346378,-0.006144601340803285,71.42857142857143,62.706763520232144,0.27815436295636337,0.7492875056195923
2006-07-31,-0.023377727609232624,0.0018395829211171881,71.42857142857143,59.472117258478306,0.29103792575895804,0.5579250486093115
2006-08-01,-0.04019808278160719,0.005191266111697402,71.42857142857143,54.397474242542664,0.2865909339391408,0.344566964977985
2006-08-02,0.07670402170797197,0.012832259706820845,92.85714285714286,60.966599924150046,0.3179859369069511,0.5669101862612359
2006-08-03,0.06293702887988761,0.022562881673784403,100.0,65.6714258459819,0.3749011261882543,0.8259032918862568
2006-08-04,-0.013569393570047716,0.02984730091103216,100.0,63.77428660398795,0.40985231761746505,0.7474649665145809
2006-08-07,-0.011669381723963479,0.03444218265895567,71.42857142857143,62.13447474519743,0.4256190221323457,0.6965298949207603
2006-08-08,0.026571004257415876,0.03847096361329735,71.42857142857143,64.35566609138054,0.44807316266003294,0.5999157442929888
2006-08-09,-0.0004120233720861233,0.04187183443556627,92.85714285714286,64.29101440978442,0.4537522344153625,0.29392240724882923
2006-08-10,-0.006986232907641221,0.04379539703673195,92.85714285714286,63.133360199919764,0.4433227110049261,0.4459232364935139
2006-08-11,-0.031458072517823954,0.04342929519465419,85.71428571428572,58.095991415065825,0.41733710236368277,0.6608205493489815
2006-08-14,-0.005128283530043687,0.04133596289631476,78.57142857142857,57.31834616966174,0.38585377345045485,0.4315577225168821
2006-08-15,0.09621936654191843,0.0426238120002361,100.0,66.3679723182275,0.3845813804612716,0.6489404424115148
2006-08-16,0.07170828144763552,0.04825007682777818,100.0,71.65544377284402,0.4126142681235831,1.0811883498736958
2006-08-17,-0.015720449106675805,0.05393656449487985,85.71428571428572,68.91412138990117,0.4150042302344597,0.9729703524857551
2006-08-18,0.016344209333224224,0.05753677861373465,85.71428571428572,70.17171777008913,0.3850628183563018,1.0763638765536168
2006-08-21,-0.03691481848687561,0.05963809344814469,85.71428571428572,63.791930485129136,0.36333623545044924,0.8412937128683821
2006-08-22,-0.001518592576501776,0.05884515241124844,78.57142857142857,63.545429686498586,0.34392511304526546,0.4989969198459978
2006-08-23,-0.0007592994116190077,0.05746530060067574,28.571428571428573,63.41368532550054,0.3164569174420264,0.3289946682750762
2006-08-24,0.010270042771395982,0.05593907770010137,28.571428571428573,64.4853747343155,0.28734678777732303,0.3050866754860708
2006-08-25,-0.003013612040434155,0.054487322524976414,28.571428571428573,63.88791827708501,0.2820664541478053,0.25872127209650847
2006-08-28,0.0343660324788988,0.0534993812202359,78.57142857142857,67.56706607613947,0.273980893709978,0.14430897771842882
2006-08-29,0.045273212764451065,0.054670432217921436,85.71428571428572,71.78538736350716,0.2578141942716282,0.34686702193135793
2006-08-30,0.020606776362899204,0.05724457316679262,92.85714285714286,73.54814573533808,0.26672174270457494,0.4818960854495681
2006-08-31,-0.0037637597643195297,0.05939713195306016,92.85714285714286,72.6371166167875,0.2808563908848317,0.6240645525426087
2006-09-01,-0.04191141287905642,0.059382731475729936,85.71428571428572,63.27357154161126,0.2756187441696993,0.4047516284507131
2006-09-05,0.02187237500098127,0.05715372164576961,78.57142857142857,65.65736854951784,0.26817922866307464,0.4846985062764315
2006-09-06,-0.05017491935847862,0.05448297265183975,71.42857142857143,56.41364740507133,0.2569934632191297,0.2727809579806394
2006-09-07,0.019948318913123098,0.04999811096954658,35.714285714285715,58.77402885950889,0.24490992477189974,0.2786099384945084
2006-09-08,0.0032600366156709804,0.04685671833420916,35.714285714285715,59.17092803771339,0.22793248044436812,0.2871380979284997
2006-09-11,0.015521714803849118,0.04453575004075027,35.714285714285715,61.09757185007897,0.19425833795608102,0.4402754411332908
2006-09-12,0.026308113888248386,0.04371938594894634,35.714285714285715,64.22664361706329,0.14889422355549833,0.6237986807165519
2006-09-13,0.007965805520829594,0.04376283038928014,35.714285714285715,65.16434641039746,0.1416517947770695,0.5985402051972976
2006-09-14,-0.0037793478371130895,0.043431499704637645,28.571428571428573,64.29636664581233,0.14700098004455986,0.510763345554567
2006-09-15,0.019661983148451467,0.043264697269345696,100.0,66.76706080573702,0.154449523910373,0.6290313028458859
2006-09-18,0.03788762269893797,0.04462861642286508,50.0,71.0116956436634,0.1757427953796744,0.974701836006962
2006-09-19,-0.026074798339808303,0.045533244147785173,50.0,64.65898488664573,0.17473942548840402,0.8306257773393656
2006-09-20,0.03647976723294111,0.04601830445891608,64.28571428571429,68.75991854941465,0.18175040673662082,0.929570249838202
2006-09-21,-0.008072986249336167,0.04686382740062138,71.42857142857143,66.84392803902983,0.1794517003982584,0.8088223150027951
2006-09-22,-0.02962322971215481,0.045689132286106104,71.42857142857143,60.261849618412164,0.16852609948419234,0.5384681166080619
2006-09-25,0.035895578502039394,0.04439705013009128,71.42857142857143,64.66749145319355,0.16100367616616318,0.6891944371084744
2006-09-26,-0.021050470496694174,0.04335254223780715,71.42857142857143,60.294292317286256,0.1552024871765805,0.6101241103047831
2006-09-27,-0.0029774318657507237,0.0411772712553358,71.42857142857143,59.69234718635771,0.15634214315819092,0.3594262639062046
2006-09-28,-0.01891160892537236,0.03811449810480663,57.142857142857146,55.88721711431055,0.15652709117753819,0.48274969028943104
2006-09-29,0.0006780356640412322,0.03468922848718992,57.142857142857146,55.99348076917361,0.15659192322787072,0.40567354820989177
2006-10-02,-0.02534647824198033,0.030378576118042663,50.0,51.04036787976097,0.150859774823689,0.13424430279240943
2006-10-03,-0.018723887745742296,0.02492128420944569,-57.142857142857146,47.76426731638092,0.15206131140676948,0.2536298711771478
2006-10-04,0.0982323329136856,0.025262117292953537,-57.142857142857146,61.474062895875946,0.14206238989415887,1.0267176726582572
2006-10-05,-0.028314722956499394,0.02544958837695734,14.285714285714286,56.42541782958778,0.1294041313175523,0.9465420486316698
2006-10-06,0.02417260080823036,0.02602881552103965,14.285714285714286,59.40385911186973,0.118655975921265,0.9420888662854465
2006-10-09,0.06433975068360032,0.02986745728415973,28.571428571428573,66.18859386688736,0.13707303526133435,1.1426884345958273
2006-10-10,-0.022782577609709587,0.03269478978303326,28.571428571428573,61.98407144453093,0.14404378014559738,1.0454014758762296
2006-10-11,0.0055953862097470886,0.03424652801248095,28.571428571428573,62.59815801999379,0.15122217304384591,0.9652752847725606
2006-10-12,0.00401737089905474,0.035392822970858474,28.571428571428573,63.062091925822074,0.15538785002921232,0.8140810475133883
2006-10-13,0.03971707802335023,0.037667222287862664,57.142857142857146,67.3864572060295,0.17575800079325218,0.9133420620975186
2006-10-16,-0.0017767229152797492,0.04000851492625156,64.28571428571429,66.99360814546944,0.19339039901786656,0.8558791255979354
2006-10-17,-0.03826788143314985,0.03980493888060189,64.28571428571429,59.02607155247919,0.19433657534812004,0.6172102355592405
2006-10-18,-0.026526411963778918,0.036804792712313524,64.28571428571429,54.38269092342719,0.19464532218066374,0.14046066659807022
2006-10-19,0.01901144523430731,0.03405418594808516,64.28571428571429,56.92850027938017,0.19614443543645407,0.08167596580339857
2006-10-20,-0.011505730404470227,0.03149357062516274,64.28571428571429,54.89388189283944,0.19213473731270475,0.01945602348008827
2006-10-23,-0.006605786016956494,0.028479105750263863,64.28571428571429,53.7204390976503,0.1917946194456399,-0.1305556167021573
2006-10-24,0.029133356509922548,0.027161443722783604,57.142857142857146,57.96046238106792,0.19128196167431236,-0.05819844809182594
2006-10-25,0.009231536941155305,0.02693892820227953,50.0,59.27092134056813,0.19048086955479654,-0.015638514672487697
2006-10-26,0.031706012254376637,0.028284708798151197,42.85714285714286,63.516221585730825,0.19031135051319384,0.15625437995036862
2006-10-27,-0.043143315895166845,0.02740614415475762,100.0,54.86957060965371,0.17955543181727085,0.002089919804997502
2006-10-30,0.01204438776822414,0.026053318472414762,42.85714285714286,56.5703666016638,0.15692506216526447,-0.07657195039478451
2006-10-31,0.06408353789621768,0.028253538656903585,57.142857142857146,64.35925567222725,0.13220544562888142,0.42595512405363883
2006-11-01,-0.0771449122368354,0.02679800406495629,57.142857142857146,51.59446527131023,0.1267452499285118,0.16183979355109962
2006-11-02,-0.006835484255058422,0.023114527736589917,57.142857142857146,50.70880684406005,0.11031986148090134,-0.1357836636499008
2006-11-03,0.020023683927225644,0.02099757908531468,57.142857142857146,53.22452465856047,0.10008613065573276,0.004257200105580382
2006-11-06,0.030367953945790394,0.02123293048684499,57.142857142857146,56.89005293215279,0.10294115858738948,0.24274155395196442
2006-11-07,0.01518342938501771,0.022529354593686626,57.142857142857146,58.68621181703403,0.10826547003230293,0.34842660578797163
2006-11-08,0.014663621066284271,0.024349823678164836,100.0,60.42708011230723,0.11747196283548661,0.463277866628285
2006-11-09,0.0199426117258259,0.02680992005924998,100.0,62.75913230793564,0.13237785197848065,0.15999787742146296
2006-11-10,-0.02408656921661867,0.02754691090122476,92.85714285714286,58.20842065726062,0.13613578336547444,0.0830729374263462
2006-11-13,0.045295517345509184,0.0295660834644538,35.714285714285715,63.446874927865395,0.1555687895993344,0.3883613800286096
2006-11-14,0.010000205264970363,0.032221854650156735,57.142857142857146,64.55119122246214,0.1739475274400236,0.7460138498820789
2006-11-15,-0.016501734627899944,0.03339951291463592,64.28571428571429,61.23097060999727,0.17604535834208004,0.7038195382708176
2006-11-16,0.012864428920862148,0.034105456694572746,64.28571428571429,62.81041104874133,0.18309495958583782,0.7611099957044676
2006-11-17,0.002759316308733828,0.03472653234692516,64.28571428571429,63.161540104807244,0.18461522068841865,0.8474174903652261
2006-11-20,0.009361801897657784,0.03530718589959516,85.71428571428572,64.39327369509073,0.18296257129367796,1.026431926796428
2006-11-21,-0.0155481566146215,0.03491465029676257,85.71428571428572,60.7276108023751,0.18125249671283858,0.9146741433073293
2006-11-22,0.017178782252264213,0.03454920333876656,85.71428571428572,63.18264333414187,0.183324014721992,0.901874674762518
2006-11-24,0.007355044656617293,0.034662926729242635,100.0,64.23133443179019,0.190229176722037,0.8838918330905806
2006-11-27,-0.04515883471167004,0.03241610253501714,100.0,53.98848519060344,0.1787706978072154,0.5520298569316895
2006-11-28,0.0186911148276363,0.029933488529649634,71.42857142857143,56.91283960604756,0.17019115435245183,0.5215735464611908
2006-11-29,0.014733686248755262,0.028863363892488322,71.42857142857143,59.15763993421375,0.1731376135191759,0.42118956124633544
2006-11-30,0.013425544912654352,0.028721915904475512,92.85714285714286,61.17197807337879,0.15865590714289438,0.5065712061207652
2006-12-01,-0.03920050913129003,0.026494865473107438,92.85714285714286,52.86362733553289,0.1302168187135615,0.25982037107828254
2006-12-04,0.040518145750384704,0.0257200604165024,100.0,58.84210673105778,0.1082561140565218,0.2698960547501146
2006-12-05,-0.010275780111775323,0.02506609384728574,28.571428571428573,56.79498281410377,0.0929571730650778,0.35427871722169957
2006-12-06,-0.0013652286934323632,0.023982690535023752,28.571428571428573,56.51654959712062,0.08033883920230264,0.479219906990862
2006-12-07,-0.024077561145146475,0.021428955171902273,28.571428571428573,51.70847439963002,0.0717240883055574,0.35044469671891126
2006-12-08,-0.0033636205697449295,0.01851433722776905,28.571428571428573,51.07056243979774,0.07005222804897714,0.30375991226085797
2006-12-11,0.017159273151837517,0.017039596228800327,28.571428571428573,54.1665210794301,0.05470428425792003,0.31743678775499107
2006-12-12,-0.010232967607099908,0.015274694751759797,28.571428571428573,52.01650145846939,0.05552272279741016,0.3977301047716476
2006-12-13,0.011735436451723924,0.014347627446513854,28.571428571428573,54.236955083907546,0.05544646480324107,0.30971677380246604
2006-12-14,0.017675010614033093,0.01474593777101871,28.571428571428573,57.46685715079855,0.05595540584185549,0.21151267453693798
2006-12-15,0.017638587003228956,0.016206402473878407,92.85714285714286,60.51479912668326,0.06297353762503745,0.5443533685378442
2006-12-18,0.01733306836993931,0.018429456738612418,100.0,63.34370015057294,0.07618563644713439,0.6858010307575424
2006-12-19,0.014417000734203933,0.021024442208632345,50.0,65.59023142160937,0.09318502725068831,0.8900407583210419
2006-12-20,-0.01136905746934136,0.02237056361499023,57.142857142857146,62.30089083286661,0.10066484256873905,0.7507154988882891
2006-12-21,-0.008625488202162135,0.022486741611980002,57.142857142857146,59.8754183721489,0.10501556190179148,0.5894315682269817
2006-12-22,-0.02372757800211789,0.020769012735685898,57.142857142857146,53.731782137616754,0.10509158808707937,0.342431659082544
2006-12-26,-0.0002704027935216402,0.018741839101887193,57.142857142857146,53.66580582246749,0.09900180673665458,0.13279653752850476
2006-12-27,0.01323642247263157,0.01775647894203911,57.142857142857146,56.4819380114857,0.09791073828121566,0.09967268132801288
2006-12-28,-0.007198693659587696,0.01651859929810581,57.142857142857146,54.515632371119985,0.09771027012241762,0.028481787431919463
2006-12-29,-0.006176742912499367,0.014858678304549011,57.142857142857146,52.8284495063998,0.09771818541081545,-0.24026009638297394
2007-01-03,-0.025128120018647948,0.011595249401022304,-50.0,46.5550593558645,0.09395865680920387,-0.3533204437161901
2007-01-04,-0.004710736851960773,0.008269394974334586,-50.0,45.491825321929475,0.09717203165529963,-0.03106105767036808
2007-01-05,-0.06265696796495268,0.0005634608571700903,-64.28571428571429,34.31806579477441,0.12402318723701457,-0.43920697609905845
2007-01-08,0.007427473987463129,-0.0052817202312309425,-71.42857142857143,36.193433093894924,0.14156723785367745,-0.5406443172075434
2007-01-09,-0.019462907102474336,-0.011575726647616885,-71.42857142857143,33.476114883701754,0.16199721729496713,-0.9134590712538022
2007-01-10,0.049321875074594956,-0.011777477229465438,-85.71428571428572,44.60521779940208,0.1651776293408468,-0.47792872777560796
2007-01-11,-0.003726254958002273,-0.012571713733928453,-85.71428571428572,43.977107930470346,0.1703230262961632,-0.18676120820700162
2007-01-12,0.013523045451114823,-0.011778161211181656,-85.71428571428572,46.8891555282687,0.17215377534495085,0.22809600905622107
2007-01-16,0.0017032012792821405,-0.0109990263451023,-78.57142857142857,47.265975264840044,0.17424653709574484,0.47184045935502933
2007-01-17,-0.020970358383634147,-0.012207789084268712,-42.85714285714286,43.19543624408267,0.17917691182634557,0.3244821391044296
2007-01-18,-0.0827775198271492,-0.02118837953086812,-78.57142857142857,31.798328147530942,0.20762828348402732,-0.29650297017676885
2007-01-19,0.0059940066102728284,-0.026482920574477552,-85.71428571428572,33.06159854987603,0.22286327194755456,-0.48131766538729603
2007-01-22,0.0,-0.03042817672791791,-85.71428571428572,33.06159854987603,0.22753267927695384,-0.7746153762459211
2007-01-23,0.0003143301946100241,-0.03313693882120844,-85.71428571428572,33.13737223081571,0.22987540938144177,-0.7613778857374176
2007-01-24,0.03104429902914374,-0.03143665341949137,-78.57142857142857,40.32451003594157,0.22266251230257078,-0.5987175650038935
2007-01-25,-0.03497643591225719,-0.03452570184672135,-71.42857142857143,35.54477323474018,0.22700270679797788,-0.7159704996524531
2007-01-26,-0.008193415041783503,-0.036613347668450105,-57.142857142857146,34.54783617997531,0.22933456609426078,-0.7624192950866017
2007-01-29,-0.04099143159257179,-0.042625510720567195,-64.28571428571429,30.044839012996405,0.23419031952276514,-1.0459665528742357
2007-01-30,0.01921849813723786,-0.043259523974608985,-64.28571428571429,34.19777225526149,0.22862662886323684,-0.9197235563028126
2007-01-31,-0.003577231907482492,-0.044336958549845595,-64.28571428571429,33.78796759855715,0.21962306043939087,-0.757947671510119
2007-02-01,0.012724618833237056,-0.042992033774702315,-64.28571428571429,36.6840965395183,0.21167382743560748,-0.43142120402939843
2007-02-02,0.026095527852108447,-0.03879087756392489,-64.28571428571429,42.32638758178348,0.19654686828466114,-0.06791266323849743
2007-02-05,0.016326616542128525,-0.034055519755485104,-64.28571428571429,45.6734033611812,0.19507742680313409,0.14492162677694564
2007-02-06,0.03552732784035517,-0.02666421034277867,-57.142857142857146,52.2704863588106,0.19350522943222162,0.34088225644238934
2007-02-07,0.03908069144331949,-0.017676482244267648,50.0,58.458702191920295,0.20151806572448022,0.6760479198262125
2007-02-08,-0.012920105195521892,-0.012410095968824756,50.0,55.783115785834184,0.19787892767670223,0.7027059151320775
2007-02-09,-0.05031912484859158,-0.012609890294528102,50.0,46.896880891610444,0.18934260295453925,0.2875412505658658
2007-02-12,0.02205220519357587,-0.010125113923877611,50.0,50.435752897933085,0.1758900419937223,0.12323029200094301
2007-02-13,0.01887896017212043,-0.006644672440059529,50.0,53.36426776353543,0.16328453322852235,0.12308936857243237
2007-02-14,-0.013235155786249453,-0.005112557144702226,50.0,51.04428729501728,0.15539388479179522,-0.24159717706012074
2007-02-15,0.00596003630351194,-0.0032890462487098026,50.0,52.042016955392455,0.1583021331068827,-0.2768431021038235
2007-02-16,-0.030518477998074944,-0.00441590875618293,50.0,46.75602536131105,0.15748142386870945,-0.5522690969213746
2007-02-20,0.008864408492056386,-0.004421014208606106,42.85714285714286,48.347055980094744,0.1568992019323394,-0.5186589226314379
2007-02-21,-0.0148447655567564,-0.005673450374727724,35.714285714285715,45.854030857860664,0.15571060871970482,-0.5224598660127178
2007-02-22,0.006457315968027677,-0.005984100852708558,28.571428571428573,47.112599451698685,0.15556661321940504,-0.6978629784872119
2007-02-23,-0.0024433622619030038,-0.006398357378238408,21.42857142857143,46.667719123224074,0.15361206168826638,-0.8875165340061401
2007-02-26,-0.01531542346704029,-0.007982516876005387,14.285714285714286,43.87766252844209,0.15074181844440618,-1.0793705913786638
2007-02-27,-0.03016952106260784,-0.011817956438245621,-92.85714285714286,39.00628037390603,0.14031910299553763,-1.3349212473560401
2007-02-28,-0.005773107996600024,-0.015041066385324401,-100.0,38.15957174202364,0.1379305431672523,-1.4455255557846287
2007-03-01,-0.012259198482086897,-0.018546428854074877,-100.0,36.364823576988854,0.13827177588983924,-1.319567882861641
2007-03-02,-0.027758381593600445,-0.02381046471045906,-100.0,32.66452999847787,0.15330387162081455,-1.4583006671012442
2007-03-05,-0.03392784405061677,-0.031006996156158474,-85.71428571428572,28.901052155414185,0.18511425101763432,-1.6240212938257752
2007-03-06,0.059111139418113856,-0.029195595636619814,-85.71428571428572,41.18430751677417,0.19345357075440853,-1.3294099930208576
2007-03-07,-0.02823499677851793,-0.031954137685228326,-85.71428571428572,37.64139336611919,0.20557034454455164,-1.3428090527369592
2007-03-08,0.04121739617438247,-0.028619025841407374,-78.57142857142857,44.88474295259544,0.19531516664317092,-1.1277502336172203
2007-03-09,-0.010059061290019211,-0.027752541936390908,-71.42857142857143,43.501957370756294,0.18761612679784206,-1.0670282695959987
2007-03-12,-0.005899761906607903,-0.027160441635282973,-50.0,42.67981017736642,0.19067548943551227,-1.0292012108228814
2007-03-13,-0.04220157444261052,-0.030929774775587074,-50.0,37.28383018302425,0.19837167904484593,-1.2143300004632707
2007-03-14,-0.004820568188287577,-0.033137168096068974,-100.0,36.73659361001723,0.1973955642421786,-0.9805105754071095
2007-03-15,-0.010030740226825818,-0.035528140954258144,-92.85714285714286,35.572235480777614,0.1988895919775721,-0.8093308520189209
2007-03-16,-0.009433883003949206,-0.0378430400268759,-85.71428571428572,34.47657571224418,0.19538097959954906,-0.7347699104154658
2007-03-19,0.004937667856296901,-0.03837696975025762,-78.57142857142857,35.584360552338,0.19631549398759823,-0.7802802258253443
2007-03-20,-0.0049134070840728405,-0.03908763064182187,-71.42857142857143,34.948053830406494,0.1911211292201333,-0.9399141152208383
2007-03-21,0.05714278621662072,-0.032627675031765106,-21.42857142857143,46.80342687936348,0.17901181487972836,-0.6905252769111148
2007-03-22,0.02202193093688276,-0.026509466881650835,-21.42857142857143,50.74204291207389,0.16198575103541465,-0.31111313656069617
2007-03-23,-0.011100769624853069,-0.023106747361049985,-21.42857142857143,48.7399348056095,0.14153554199761154,-0.2449541343437098
2007-03-26,0.00198072162161278,-0.019747208442586768,-21.42857142857143,49.121406002502624,0.12493063672448855,-0.12254714908133585
2007-03-27,-0.018780495487194626,-0.018776632552734106,-21.42857142857143,45.64594475129787,0.11780119426622838,-0.25487547358739504
2007-03-28,-0.01914041280797707,-0.01940438662183162,-21.42857142857143,42.41412394425096,0.11226185928922731,-0.4723548176377086
2007-03-29,-0.017459961584537442,-0.021150111752338004,-21.42857142857143,39.705321703569425,0.11161473156256586,-0.6488044672617722
2007-03-30,0.0027887717572661064,-0.02172361145515958,50.0,40.34917640480868,0.11380096716444048,-0.8088730331292704
2007-04-02,-0.0010421848127936117,-0.022077601358368674,50.0,40.17603462682303,0.11386266563482196,-0.7439746892744428
2007-04-03,-0.0038277335625998,-0.02247697299823068,50.0,39.506209623985264,0.11276098204656147,-0.6996445244487807
2007-04-04,-0.002094902903492679,-0.0226818905550002,35.714285714285715,39.12323467391088,0.11537067107842379,-0.7186180137068121
2007-04-05,0.0811766782059462,-0.01486468794535502,35.714285714285715,56.63085632953164,0.11631786637783476,-0.00505918809220097
2007-04-09,-0.0181224026744099,-0.011560116521330663,42.85714285714286,52.69186514394754,0.11489111790603707,0.004772544792221572
2007-04-10,-0.010218329913756707,-0.009536963724205897,42.85714285714286,50.5937239714904,0.11290223774506562,-0.30052068481095506
2007-04-11,-0.017981800445468377,-0.009352302415769622,42.85714285714286,47.07745977231304,0.11253862974842244,-0.7006717351791261
2007-04-12,0.02848392524033594,-0.0065066684687081116,42.85714285714286,52.59652941766386,0.11488294833628708,-0.5019125082566419
2007-04-13,0.00824340643503274,-0.0037177228285530193,42.85714285714286,54.12988913534894,0.11640235734542446,-0.12129251166731204
2007-04-16,-0.00523278593702281,-0.00195964868102002,42.85714285714286,52.94937529981184,0.11280131605622631,0.08400377910344589
2007-04-17,0.009532504107741202,0.00021380356436768446,85.71428571428572,54.87015672708257,0.11083292429991955,-0.22607878320205663
2007-04-18,0.01237497929556941,0.0028516061138993414,85.71428571428572,57.328769803523706,0.10830337968816511,-0.21432056950224945
2007-04-19,0.013829574047987458,0.005909301945433301,85.71428571428572,59.984850210794704,0.11813792625449501,-0.024243781445949773
2007-04-20,0.01173929619297609,0.009097733267256205,92.85714285714286,62.16735713813223,0.1294019142408623,0.22268215879659337
2007-04-23,-0.016306624643271372,0.010414851740030134,92.85714285714286,57.42688337766806,0.1348433420091886,0.11680833287367012
2007-04-24,0.03761576053958615,0.013695458758775108,100.0,64.113944192395,0.15217878935880078,0.2977962444993342
2007-04-25,0.01720400633641539,0.017477192337689133,100.0,66.78063204930315,0.1724044185233826,0.4947257386896674
2007-04-26,0.012384100540843379,0.021148398178696196,100.0,68.61943357042931,0.1897532788133723,0.6566564216127432
2007-04-27,-0.013424565275990785,0.023191624257507648,78.57142857142857,64.40600521873282,0.19248899952654402,0.6231935900816603
2007-04-30,-0.005443462099590679,0.023999090432308193,85.71428571428572,62.74616745177357,0.19029286601501194,0.28554274653240186
2007-05-01,0.01064123940316053,0.02484328767561486,85.71428571428572,64.65346019024678,0.18683950580700798,0.05119822902161512
2007-05-02,-0.01173283818495463,0.024774278452601772,85.71428571428572,60.91118263258504,0.1747253478570146,-0.24060011850015556
2007-05-03,0.01887336801181161,0.02523608088119912,78.57142857142857,64.4354357285584,0.16122262652568792,-0.28850854624674205
2007-05-04,0.007170827746638686,0.026055043946006096,71.42857142857143,65.72378093109886,0.16816586732768926,-0.20552645015285667
2007-05-07,-0.01987472836626336,0.025461113539985248,92.85714285714286,59.26926031053327,0.16508111015507967,-0.417726484757802
2007-05-08,0.007565664987800869,0.024708282924646614,92.85714285714286,60.81546958935958,0.15851302371163548,-0.1425489981393792
2007-05-09,0.004505971004688414,0.02423691025340337,85.71428571428572,61.75375319977315,0.14259759631660682,0.1064955089418531
2007-05-10,-0.018540144415087112,0.02261860014942529,71.42857142857143,55.805884094479765,0.13106794577987094,-0.04528921290275042
2007-05-11,0.0706891303894619,0.024632024192116398,100.0,68.16320112323406,0.13823388280862076,0.2775213726938503
2007-05-14,-0.009961214594367718,0.026568802762623495,92.85714285714286,65.20095310949043,0.13346257700823005,0.2981820307640066
2007-05-15,-0.008909623829993052,0.027120163094034633,21.42857142857143,62.60633362912644,0.12466758728115708,0.0555778419216166
2007-05-16,0.01276027764157961,0.027720145892719688,21.42857142857143,64.75056008007398,0.12044124715699168,0.1941885907987989
2007-05-17,-0.016609969587016882,0.02726997457477858,21.42857142857143,59.8761037051266,0.11305650925163312,0.12324253742166155
2007-05-18,0.01980329574077655,0.02727920974583809,21.42857142857143,63.35891617290862,0.1121383507739627,0.3032529668694028
2007-05-21,0.0031404607319041045,0.02755444699530262,64.28571428571429,63.90459350968059,0.10167258891809582,0.22679287769064205
2007-05-22,0.0054088465397417185,0.02780407457261826,64.28571428571429,64.87780445670526,0.1036081847718333,0.2546608696748628
2007-05-23,-0.02661447244062065,0.026377876952275378,64.28571428571429,56.72888732233376,0.10198664913595623,0.05861532005804148
2007-05-24,-0.036067709532759507,0.022291057365688722,64.28571428571429,48.13927484785067,0.10359437382667029,-0.2803893739085304
2007-05-25,0.01569162472331076,0.01901519705043208,64.28571428571429,51.45868848141841,0.10120950696777824,-0.34079771768920764
2007-05-29,0.010695056102146605,0.017171274187203395,64.28571428571429,53.669498860488495,0.09688140505327417,-0.22605692761200838
2007-05-30,0.0023512867718253894,0.015838894808087554,50.0,54.168988846617374,0.0945164172489461,0.01625887948066108
2007-05-31,0.01583518810427198,0.015661272606181307,50.0,57.499963676151424,0.08955384972672438,0.21441758233631103
2007-06-01,0.006929080818319999,0.015979102412177534,-21.42857142857143,58.92888634802149,0.08933955658294164,0.08131380722860916
2007-06-04,0.005447279168349528,0.016475248181479305,-21.42857142857143,60.073267686759124,0.09063495901123624,0.11410241949116377
2007-06-05,0.02965457108210523,0.01855927991053977,50.0,65.70588101978761,0.0950872644921315,0.4592087802224461
2007-06-06,0.00747703947089895,0.02079330883659858,57.142857142857146,67.00718801557085,0.10147277853803946,0.5995234265407727
2007-06-07,-0.010719846977854552,0.02179304407563272,57.142857142857146,63.27250378293082,0.10213685809916713,0.16941264686693355
2007-06-08,0.015560804606079781,0.023034313954707935,57.142857142857146,66.18700090704763,0.09853777398378714,0.25195358302748205
2007-06-11,0.0035557308936426946,0.024203525554083737,57.142857142857146,66.84452996119474,0.10778336423589778,0.312587440445556
2007-06-12,-0.01035950536421093,0.024333375621179848,85.71428571428572,62.98776003168267,0.11226683903685594,0.03452366422058789
2007-06-13,0.023966913752952346,0.025265654956997972,92.85714285714286,67.59745525281284,0.12226393814342565,0.2338163338170624
2007-06-14,0.01775644487379524,0.02708982041687697,100.0,70.58997326994388,0.1377432775286229,0.5014797336428449
2007-06-15,0.04546705105364324,0.030783038254228637,85.71428571428572,76.64379079044966,0.16860758254489203,0.9091110233237589
2007-06-18,0.0005050619884752194,0.03427179654086394,92.85714285714286,76.70376473045324,0.19251332685112013,0.8981152166587144
2007-06-19,0.00631853590349829,0.0368976706992875,92.85714285714286,77.48313510457535,0.21315713829422372,1.0270291559427842
2007-06-20,0.0010033730182303913,0.0387442539625165,100.0,77.61203096304493,0.2295547525282197,0.9305439186171379
2007-06-21,0.07827390767078257,0.042681665777727196,92.85714285714286,84.8872871806363,0.27151627852051047,1.2721594594814223
2007-06-22,0.014891486818077615,0.04795743844230455,100.0,85.89956763249153,0.29770054946793123,1.6052930881869119
2007-06-25,-0.026364941588615465,0.05128393204845206,92.85714285714286,76.04330133902552,0.3042690680561533,1.5075434081866048
2007-06-26,-0.046384892642668096,0.050951436655456095,71.42857142857143,62.75926818955463,0.2946751394578877,0.8896364250786926
2007-06-27,0.026913865667094417,0.048984517795180385,71.42857142857143,66.27032952737848,0.286938841769553,0.8542068548873156
2007-06-28,0.009616960159167354,0.04823477195409273,71.42857142857143,67.48183849017379,0.28079590345367317,0.8236238046478336
2007-06-29,-0.016194100144027,0.04693142114768535,50.0,63.31792649473077,0.2684873924988217,0.4804420511239764
2007-07-02,0.041637338365449805,0.0461531862575417,50.0,68.5964621417553,0.2624360893562666,0.5791827948413945
2007-07-03,0.0016255269333185218,0.04654130475565957,50.0,68.7931249770594,0.2596604676986839,0.5966651788382593
2007-07-05,0.01067332924995501,0.04672639197270088,42.85714285714286,70.11850916330137,0.2570077987406231,0.6728699173835645
2007-07-06,0.004821020338006354,0.04688255192509977,100.0,70.72966745026521,0.2471842797991523,0.700412777485184
2007-07-09,0.02901565549094487,0.0475803358459489,92.85714285714286,74.17029531340224,0.2449590107469789,0.8439481811880152
2007-07-10,0.00976852796284633,0.04892189904857116,100.0,75.25545325232844,0.24019789625864332,0.9939698875515975
2007-07-11,-0.004396730099625379,0.04964362891675465,100.0,73.73917473972924,0.2222743183246382,0.9903551978946269
2007-07-12,0.0192134848245038,0.05004523664800236,71.42857142857143,76.00444077501113,0.21173141671708853,1.1011477167284487
2007-07-13,-0.006067529444914954,0.050344229010367426,78.57142857142857,73.79790747307545,0.19805851978223898,0.8873972085771681
2007-07-16,0.018094137486157624,0.05029869882537363,85.71428571428572,76.02012228490868,0.1998251636272961,0.8843251172828152
2007-07-17,-0.004282037820006912,0.05026448145755246,92.85714285714286,74.38326604430804,0.1949002646869695,0.48394645948096265
2007-07-18,-0.01828041261003066,0.04893161044412539,92.85714285714286,67.70926046654128,0.18268542096268856,0.41827105923127855
2007-07-19,-0.0010945758968049502,0.0465600538685493,78.57142857142857,67.32684836000361,0.165992146382964,0.2577643098580107
2007-07-20,-0.010964612373772553,0.04373424852347217,78.57142857142857,63.46433702242369,0.16547480638931694,-0.0033095866582349065
2007-07-23,0.009978157960554235,0.04100432454506388,71.42857142857143,65.3889770911432,0.1671168062596837,-0.13868313553848186
2007-07-24,-0.02634505485488048,0.03762640024707016,64.28571428571429,56.796824467625164,0.16281475978854665,-0.3456181142136857
2007-07-25,-0.00473479029722379,0.033462562467965064,57.142857142857146,55.42439572384838,0.1420575487238496,-0.37941781307385275
2007-07-26,0.004983010411122368,0.02992709208025963,-50.0,56.6071604741743,0.12858509243133925,-0.22283133351553353
2007-07-27,-0.002479239705699521,0.026814785705290896,-50.0,55.80975108228338,0.11673499813260785,-0.46150477207443813
2007-07-30,0.028023568064431625,0.025532498436444877,-50.0,62.264401890036766,0.09338394356180259,-0.27297993638187845
2007-07-31,0.005935186100379353,0.025133867608144955,21.42857142857143,63.51400240257452,0.08562597153920998,-0.5356232190984267
2007-08-01,-0.007430596881980889,0.02424051903056698,21.42857142857143,60.78405867569545,0.07543161527494416,-0.41179822499464935
2007-08-02,-0.00440313962250638,0.022866376013146325,21.42857142857143,59.173069454957506,0.06756417361519101,-0.36157789849787986
2007-08-03,-0.05926583292602572,0.017770621012911568,-21.42857142857143,42.801997605099615,0.0812188230050918,-0.6723878670155683
2007-08-06,0.008462426372874088,0.013012005508725893,-28.571428571428573,45.003066339408576,0.09297746933986287,-0.5691461375905587
2007-08-07,0.01584994356296554,0.010352587979962037,-28.571428571428573,48.99550640563371,0.09740796775558708,-0.3830351708165568
2007-08-08,0.046122409761000016,0.011460765527041655,-28.571428571428573,58.56995636516598,0.09788379147805097,-0.24439660574909788
2007-08-09,0.011844521445725897,0.01334281694948897,-28.571428571428573,60.70410795069263,0.09779671163946971,-0.15414577550832353
2007-08-10,-0.04638978570539842,0.011608310870456455,-57.142857142857146,49.76385828518826,0.09844095585327065,0.40805396009817463
2007-08-13,-0.010911909519283891,0.008834474825392452,-57.142857142857146,47.68775023144345,0.095600394497419,0.5502207271105998
2007-08-14,0.03884117971453449,0.009201279965398343,-57.142857142857146,54.832304699999426,0.08955847138266032,0.762212407158349
2007-08-15,-0.04225597115459301,0.0065484611410702685,-57.142857142857146,47.01684154346284,0.09175615629793543,0.4174967551030094
2007-08-16,-0.01663262481422989,0.0027970563196501362,-85.71428571428572,44.44497893463658,0.09772904697644119,0.4630949248426295
2007-08-17,0.05896172261635657,0.0041953994269875484,-85.71428571428572,53.90980631726611,0.097677815172974,0.7901662055010799
2007-08-20,-0.003992811430314935,0.005066888802046121,-85.71428571428572,53.20971626484683,0.09558038081352495,0.8258455470410789
2007-08-21,0.05412047822636379,0.009482847220540496,21.42857142857143,60.64094716364858,0.11099910351446086,1.0361131922278608
2007-08-22,0.022818069547187347,0.01452715629312394,28.571428571428573,63.42145254623761,0.13294883348583134,1.176183971783858
2007-08-23,-0.008468968611915373,0.01795592627374564,35.714285714285715,61.641186973550546,0.1459995357126199,0.8796452122920014
2007-08-24,0.005208762241470932,0.020648405387950184,35.714285714285715,62.335532191960766,0.15769749203882616,0.8249299020132006
2007-08-27,0.022590018767077558,0.0238585726205402,50.0,65.28566862244861,0.17643558291634018,0.8617462662151395
2007-08-28,-0.061004451985484764,0.022995523058257656,50.0,52.951273744398804,0.17717704255639097,0.543585387690434
2007-08-29,0.05676629515202514,0.024008369099866575,50.0,60.05296488382869,0.18933908231815236,0.6121863931694169
2007-08-30,-0.005719292532321951,0.025183892509313868,71.42857142857143,59.03129262893957,0.19758536032402757,0.42055086676499065
2007-08-31,0.050945751471358935,0.028330425850112383,78.57142857142857,64.75110758560686,0.2101801452719621,0.5840518655127662
2007-09-04,0.03088288722867305,0.03287752440676511,85.71428571428572,67.83233763380461,0.2312523999915008,0.8576330350463425
2007-09-05,-0.007584836702090203,0.036401381028661084,92.85714285714286,66.25324304976091,0.2436608265546003,0.588727918043985
2007-09-06,0.004395362399646663,0.03873092844844678,92.85714285714286,66.7328805010662,0.2598265797704847,0.305826928320418
2007-09-07,-0.03652296570860658,0.0387409201139069,85.71428571428572,59.17376510357699,0.2637018807087017,0.16157133433176316
2007-09-10,0.002763805693436705,0.03727441950639349,78.57142857142857,59.53367385218829,0.2577910757575722,-0.17446736387693196
2007-09-11,0.021263925181701504,0.03670020657414224,71.42857142857143,62.295317412145856,0.2496490709531436,-0.21208426133425204
2007-09-12,-0.039328821361744315,0.03466618048403417,35.714285714285715,54.70145236956897,0.24192822507549425,-0.3946759525756749
2007-09-13,0.0003009838232179707,0.03151489294822369,35.714285714285715,54.74513054176542,0.21888196479181615,-0.5411155335482182
2007-09-14,-0.029491304490722126,0.027142859327624027,35.714285714285715,49.68806617995853,0.18265796704265644,-0.7259717117632274
2007-09-17,-0.00217074144746221,0.02253360483607425,35.714285714285715,49.33745323807221,0.16600214233380456,-0.7702705188979583
2007-09-18,0.08763228003398393,0.023546486370918662,35.714285714285715,61.21101873405842,0.1503972144197001,-0.4291184699097962
2007-09-19,-0.018285835995105693,0.024483168679077624,100.0,57.89474218557898,0.1453655355154882,-0.42224447722746
2007-09-20,-0.00582101726020301,0.024271332922072664,14.285714285714286,56.8580099686713,0.1432807462326499,-0.42190176198679363
2007-09-21,0.009660373073957285,0.0242527930234037,14.285714285714286,58.18836897015921,0.13949307970179045,-0.4471360622214722
2007-09-24,0.025514691467765305,0.0255278511361164,14.285714285714286,61.589871912409535,0.14078175198930584,-0.3595320302396022
2007-09-25,0.01272266956233059,0.02737529420632406,14.285714285714286,63.236897670349244,0.14804837200117932,-0.15780535208605925
2007-09-26,0.023729697625400226,0.029944409915440055,50.0,66.18631551400338,0.14016665106604087,0.1760710506579547
2007-09-27,0.0030000440702109277,0.032255708615032616,57.142857142857146,66.56024750353889,0.14798177337476687,0.2964896477835426
2007-09-28,-0.014682085168765235,0.0330836580401816,57.142857142857146,62.88414970161591,0.14512593549123426,0.12657529158033062
2007-10-01,0.042218386575113565,0.03487426003306254,71.42857142857143,68.23682597899383,0.16459805836192684,0.22259818969066225
2007-10-02,-0.009530881492842758,0.03651745350897961,71.42857142857143,65.83125299966848,0.17698206640775851,0.2850594343068852
2007-10-03,-0.04250239403003042,0.035232755115910536,71.42857142857143,56.377365250460585,0.17838769281768885,0.22330874685201657
2007-10-04,0.004466918995997604,0.03276469607003973,71.42857142857143,57.045863655320694,0.18015881371724368,0.3459482199543442
2007-10-05,0.026403923457288148,0.03184584197500592,71.42857142857143,60.8791999419678,0.18299023513875443,0.5009119123089394
2007-10-08,0.01624678673399771,0.03219634105447331,64.28571428571429,63.117869192942436,0.18836856556512835,0.6588239154805817
2007-10-09,-0.017585906216695535,0.0316567714172859,50.0,59.11077111033363,0.1906810599659624,0.6191083451126247
2007-10-10,0.001084679208404049,0.03047519577412699,50.0,59.27946793890653,0.18431762340090294,0.7078998047437656
2007-10-11,-0.04443241885072313,0.02687886408429099,42.85714285714286,50.14328265363518,0.17383513742265116,0.4566993433940733
2007-10-12,0.024383963997093527,0.02400452348981677,35.714285714285715,54.13527616944717,0.14896737501961307,0.5859720201412294
2007-10-15,0.007196006146609646,0.022393167706732775,-21.42857142857143,55.3004846400423,0.11453950148955473,0.5503138478433307
2007-10-16,0.009068016823381209,0.021537952827109862,-21.42857142857143,56.80059124461641,0.11168071797438375,0.46848007588175183
2007-10-17,0.07679764786804322,0.024987460021318648,64.28571428571429,66.99460059120652,0.12762218526217745,0.8143165942519632
2007-10-18,-0.0007586253587203995,0.02856995846109724,71.42857142857143,66.81399429814702,0.13308110348602104,1.066503496081932
2007-10-19,-0.05365748264864145,0.028273001843404613,71.42857142857143,55.438667347429686,0.12125007891986761,0.723295807579343
2007-10-22,0.047338622025581145,0.028859130728214676,71.42857142857143,61.3544746829075,0.12631625383333897,0.8917383176161541
2007-10-23,0.004852050596418911,0.030231056956682035,71.42857142857143,61.938621316373386,0.13288707526677795,0.995889256556931
2007-10-24,-0.0337992933132768,0.029366933352748748,71.42857142857143,55.60298976836652,0.13318854278522044,1.189038773720331
2007-10-25,-0.08732262833212134,0.022527992500141675,-35.714285714285715,43.610904976066855,0.14640695026974967,0.9083177168596998
2007-10-26,-0.008645524049309739,0.014144359381908042,-35.714285714285715,42.714431049365736,0.15946102847120003,0.4848343003059825
2007-10-29,-0.02354644876399259,0.005512317440172156,-50.0,40.30534163413236,0.17926481334613006,0.6695794081961398
2007-10-30,0.036618193878426686,0.0012930355928890429,-50.0,45.34622058505174,0.18578011502903746,0.8402682663007782
2007-10-31,0.016082765476606697,-0.0005825217750167849,-50.0,47.51911809183345,0.1874853743736688,1.1427781370066021
2007-11-01,0.0,-0.0020293021751456196,-50.0,47.51911809183345,0.18959329424872895,1.2134187317768002
2007-11-02,0.03843974551987306,-7.056277095179393e-05,-50.0,52.80407850627573,0.18955885663127056,1.3686515107702468
2007-11-05,0.0,0.001406012860287064,-50.0,52.80407850627573,0.1886073260219847,1.2387518027845192
2007-11-06,0.031573389718955625,0.004910485463346412,-50.0,57.07965959201312,0.19063072099442996,1.257715410271516
2007-11-07,-0.04749326632717932,0.004037004842050291,-50.0,49.574729171093715,0.19128729238266004,0.8846045746178868
2007-11-08,-0.06260428409476626,-0.002004761296020325,-28.571428571428573,42.09156721537084,0.200680861529395,0.3490125253097031
2007-11-09,-0.014184380774738381,-0.008174190890979167,-28.571428571428573,40.68683770446827,0.21564457203427542,-0.07637023572833947
2007-11-12,-0.09981998782833623,-0.023167460330571613,-100.0,32.56676766375814,0.2671132727579432,-0.6757296400333483
2007-11-13,0.08824501292202735,-0.02471930027733159,-100.0,42.41584493823836,0.28075861354944665,-0.41011142346634927
2007-11-14,-0.015605974876727768,-0.02881997611214955,-35.714285714285715,41.16958075721007,0.2818914241603642,-0.5900665330087832
2007-11-15,-0.01336675839924295,-0.03290339739866727,-35.714285714285715,40.09975618255346,0.2804513410785126,-0.556710930420813
2007-11-16,0.022369681619425208,-0.032901316502857,-35.714285714285715,42.74533750468098,0.2839331913560544,-0.2996754229483739
2007-11-19,-0.06748831415083978,-0.041256830216351625,-35.714285714285715,37.27656526503676,0.2874932290789941,-0.4376788523587481
2007-11-20,-0.007600911203171634,-0.04642665808588477,-71.42857142857143,36.744856659675605,0.28152371922258607,-0.43676762674349046
2007-11-21,-0.010656343511102562,-0.051095007385902974,-71.42857142857143,35.975967261562225,0.2838405286816635,-0.4940433703581759
2007-11-23,0.017166227140246848,-0.05152460734691414,-71.42857142857143,38.19562016815047,0.29710501291362396,-0.4312290195642399
2007-11-26,-0.023163179177220328,-0.05507305127155485,-71.42857142857143,36.33373858414764,0.31430374189466265,-0.5633694884843855
2007-11-27,0.043021567691498896,-0.05065706165161623,-71.42857142857143,41.87019780779892,0.3212785410021846,-0.34182647817104445
2007-11-28,0.06690490942680616,-0.04036212845093502,-64.28571428571429,49.535947105024995,0.3181867185102553,-0.06488838628333178
2007-11-29,0.008218966998288169,-0.033395058320577445,-57.142857142857146,50.458089864132894,0.3117543061257481,-0.04739461738921183
2007-11-30,-0.04770564368408148,-0.0332033083289532,-50.0,45.24732998540536,0.30636404275859513,-0.37133067424374133
2007-12-03,0.014584722585733845,-0.029766394163280776,50.0,46.9645303821287,0.2854460653130649,-0.49612868204299976
2007-12-04,-0.0009373768257282533,-0.027208671054686998,50.0,46.86132098384805,0.258829291553879,-0.4279798699895324
2007-12-05,0.051923698595346846,-0.019707459680535312,71.42857142857143,53.01503078000742,0.20655357758550894,-0.29418019546248536
2007-12-06,0.02021993983180348,-0.012786564316056258,78.57142857142857,55.29868185939161,0.18282673967743615,-0.05140364107907241
2007-12-07,-0.012532433602374438,-0.008632432941546146,85.71428571428572,53.52703154610309,0.1831692003255893,0.005902314792367522
2007-12-10,0.010920688984781712,-0.0042348399888459285,92.85714285714286,54.866955066061905,0.1903182592129219,0.01962496963315544
2007-12-11,0.001167881745162136,-0.0007202286541100328,100.0,55.017952447639594,0.1924588445460316,-0.28093876209409363
2007-12-12,0.03441247398876879,0.004623761121445426,100.0,59.339651280444336,0.2122379762862092,-0.35696445342177907
2007-12-13,-0.0273470534132505,0.0067420261589656244,85.71428571428572,54.68826409589865,0.22028723211584267,-0.31439025286033184
2007-12-14,0.01652182998974827,0.009385859529598755,85.71428571428572,56.82973612244029,0.23033213582032522,-0.1817380999325118
2007-12-17,-0.05104088742718582,0.0077606012083486706,78.57142857142857,48.998256956748584,0.2309941942915191,-0.3835751355509505
2007-12-18,0.02554079221710026,0.007840479112764332,42.85714285714286,52.35583566782679,0.22406997348423593,-0.3627516513516874
2007-12-19,0.009376056543799471,0.008632150000119533,42.85714285714286,53.59444578835281,0.21362909922818601,-0.2826242939016317
2007-12-20,0.020899825607802125,0.010655615417817626,42.85714285714286,56.34439723431963,0.19945209569970726,-0.08077204776400423
2007-12-21,-0.0002845181301193156,0.012238759150142131,42.85714285714286,56.294467888368125,0.18593247789896095,-0.09826976620284517
2007-12-24,0.017633653714281383,0.014488453789331536,42.85714285714286,58.73444787094052,0.15928512754245222,-0.060463837936931386
2007-12-26,0.013415300182202827,0.01709293911418727,100.0,60.56977440899401,0.14830553632060822,0.11181182535600445
2007-12-27,-0.030887851592587667,0.01715485330857213,50.0,54.4809959880095,0.14655335524711632,0.027816814320458096
2007-12-28,-0.009960183152011748,0.015945307300204502,50.0,52.698173433537285,0.14418252275627133,-0.0906331205939422
2007-12-31,-0.02213288014468351,0.01320746194157086,50.0,48.90644578289985,0.12443208377294923,-0.33993951612261025
2008-01-02,-0.029688267255929435,0.008513614578758672,-21.42857142857143,44.394327270305205,0.1133603317446285,-0.579688947170735
2008-01-03,-0.007876390206678519,0.003824277521510138,-21.42857142857143,43.28716350686475,0.10309463313723342,-0.922184829670252
2008-01-04,-0.0839693089011111,-0.007253738065974233,-35.714285714285715,33.71085764052958,0.15295799563028672,-1.4198317166773937
2008-01-07,-0.1033336930356249,-0.027176474113349402,-42.85714285714286,26.573937077861693,0.2448214638187774,-1.9978792290821634
2008-01-08,0.021189614888165398,-0.03929777210991002,-42.85714285714286,29.528225652395157,0.2984522141968721,-2.128861501347191
2008-01-09,0.051692884195072786,-0.04246946927438017,-42.85714285714286,36.394142767001775,0.3242062682158776,-1.506976830863806
2008-01-10,-0.020768134144821926,-0.04865087571042618,-42.85714285714286,34.849186026087395,0.35161270578179826,-1.0896232173074105
2008-01-11,-0.04383213267344033,-0.058285081188104146,-42.85714285714286,31.840796328652427,0.3828350038867621,-1.09113255645869
2008-01-14,0.06654374336621305,-0.05448756221600666,-42.85714285714286,39.94522579326407,0.39492370203922733,-0.6480430085949769
2008-01-15,-0.07348369702752511,-0.06432960711661181,-85.71428571428572,34.710374344669276,0.41950924259987304,-0.6379698160728581
2008-01-16,-0.11298210488603677,-0.08673391049701897,-92.85714285714286,28.900115587443498,0.48016582147072295,-0.9919323696402176
2008-01-17,-0.017291662841872002,-0.09998737330835099,-92.85714285714286,28.20974931542991,0.5320411685065773,-1.6248354038894373
2008-01-18,0.06609454821749683,-0.09639245573843674,-100.0,34.53565903323892,0.555634186473044,-1.2525034216185889
2008-01-22,-0.049919615995205,-0.10663973455327658,-100.0,32.08414704646429,0.5796871023251043,-0.8267383520385949
2008-01-23,0.018219926259253727,-0.10609834463485542,-92.85714285714286,33.838008393554595,0.589894136168854,-0.3699579785742523
2008-01-24,0.07657163336323136,-0.0927498258306027,-85.71428571428572,40.8743598653695,0.5705696957745181,0.15872485601149736
2008-01-25,-0.03556277142202524,-0.09330193493017955,-78.57142857142857,38.660444083555554,0.5391556828160354,0.02144841371053391
2008-01-28,-0.012023823453209737,-0.09205774012743984,-71.42857142857143,37.93883863051314,0.5090731715928993,-0.014439629638602118
2008-01-29,0.030831384245320503,-0.08409205837204252,-64.28571428571429,40.94604706235463,0.46312105549853577,0.1537696927691511
2008-01-30,-0.008657997556356767,-0.08043712073317529,-57.142857142857146,40.33673313546349,0.41252939017717777,0.2941193957648256
2008-01-31,-0.023819048450790747,-0.07988436160428279,-35.714285714285715,38.647589151379755,0.36371342405224977,0.40088927262711666
2008-02-01,0.09231420722887984,-0.06375373698647532,-35.714285714285715,47.589729800228625,0.292150184632958,0.6833852936673619
2008-02-04,-0.03127322327904891,-0.06005139889008552,-35.714285714285715,44.97732852653958,0.259122889344185,0.48185390153446883
2008-02-05,-0.06264437638816711,-0.06385102980646512,-28.571428571428573,40.348706699423396,0.262153453971008,0.10776747849067064
2008-02-06,-0.003280349376712288,-0.06342572277129219,64.28571428571429,40.13040422405773,0.26031471590761346,-0.16215006900084292
2008-02-07,0.009872793125853763,-0.060817055328794424,64.28571428571429,41.15886497581042,0.23539286175194252,-0.13383590451323477
2008-02-08,0.017922797386750622,-0.05613021409736094,64.28571428571429,43.08903024404169,0.2116609352951776,0.0194565878029907
2008-02-11,0.0032013803077717284,-0.05223488372338902,64.28571428571429,43.45224195622862,0.20137480324973617,-0.04767039801905009
2008-02-12,0.03709571101213127,-0.04413175334313165,57.142857142857146,47.635904969204205,0.15308271505213197,0.021279123004075525
2008-02-13,0.039231026722945206,-0.034270062082536086,-21.42857142857143,51.84413961411507,0.15758275499976684,0.34317724345778133
2008-02-14,-0.16321264891011078,-0.048373326939045905,-57.142857142857146,37.72716950459819,0.17317574009926934,-0.4937625652955656
2008-02-15,-0.015037346950821373,-0.05567138174424904,-64.28571428571429,36.89309638116708,0.188992757589128,-0.9098768226116689
2008-02-19,-0.014818179573091728,-0.06228116364154884,-71.42857142857143,36.05979662077778,0.21624296923099917,-1.1525734285739024
2008-02-20,-0.007292606695835202,-0.06716552032398655,-78.57142857142857,35.6394800416434,0.23794537200382992,-1.0653717691089957
2008-02-21,-0.022498273078162323,-0.07331255377309945,-85.71428571428572,34.32008767189231,0.26668010378562124,-1.1524343140452868
2008-02-22,0.04838009751448813,-0.0688896977927099,-85.71428571428572,39.398692006399024,0.27401578077612004,-0.7816276620340216
2008-02-25,-0.0004482032689410165,-0.06735601976858087,-85.71428571428572,39.3668533854339,0.2834550768058993,-0.4368353448786155
2008-02-26,0.008515942009344135,-0.06413710602117721,-35.714285714285715,40.352703457363006,0.2903962372563483,-0.17889018269216767
2008-02-27,0.01555618189761021,-0.0591684801508619,-35.714285714285715,42.21668242105982,0.2904396629181786,0.0693726520183797
2008-02-28,-0.03763705433031117,-0.06065643525011458,-35.714285714285715,38.992411077002856,0.29658925385546486,-0.055782497114332134
2008-02-29,-0.027284983580814326,-0.06321951513504749,-35.714285714285715,36.8763552602712,0.30935820198435715,-0.2834981040908134
2008-03-03,-0.011687569146713539,-0.06486459509572463,-85.71428571428572,35.999723907540286,0.2988714699604911,-0.39144525943172087
2008-03-04,-0.009933700324331607,-0.06627936662739367,-92.85714285714286,35.24185588641469,0.295381503563363,-0.11355035725969569
2008-03-05,0.011467214243234158,-0.064468553013618,-92.85714285714286,36.877447216855025,0.3010931242764632,-0.08636510281161151
2008-03-06,-0.06282544015336344,-0.07246843935669305,-100.0,32.04705265522793,0.3203920609419025,-0.5557495872384663
2008-03-07,-0.014616920121120036,-0.07681308583654407,-100.0,31.09078609865792,0.336531246666705,-0.7522168852477711
2008-03-10,-0.05728920810592497,-0.08811770152419604,-57.142857142857146,27.658199461824662,0.3590960294244755,-1.1098387247834656
2008-03-11,0.03309881778622126,-0.0867998169134747,-64.28571428571429,32.05798066716334,0.3616633365943621,-0.8947892202919656
2008-03-12,-0.027311158908300937,-0.09167232878130509,-64.28571428571429,30.36271944465043,0.3450303231653572,-0.9547980951593885
2008-03-13,0.0637151784399228,-0.08221465137613186,-78.57142857142857,38.33204232114946,0.26057357507161394,-0.4913624176299282
2008-03-14,-0.07005099024651773,-0.09006740386166183,-78.57142857142857,33.50315821084775,0.2780009698357561,-0.6764309234751353
2008-03-17,-0.025108855382813045,-0.09472269805236963,-92.85714285714286,32.053656097077656,0.3005797392098135,-0.7098208090802407
2008-03-18,0.062149887780931445,-0.08521891887373986,-92.85714285714286,38.92086451893542,0.30488469363881054,-0.21866129372090695
2008-03-19,-0.06905658477046195,-0.09308085943401569,-85.71428571428572,34.49041498643818,0.32498177422285757,-0.36650962049920816
2008-03-20,0.04869763804142324,-0.08519359442790549,-78.57142857142857,39.36979997100051,0.3324237216498951,-0.15468449274278606
2008-03-24,0.08153359089563406,-0.06927716723191112,-57.142857142857146,46.854741418984645,0.31921605236383094,0.24455836218243707
2008-03-25,0.014478068537661981,-0.05903968839485265,-57.142857142857146,48.17790377568284,0.303766745894712,0.3833609125238521
2008-03-26,-0.0319882182358614,-0.05544605282209545,-57.142857142857146,45.446678466112616,0.2819734449513835,0.28697504275603597
2008-03-27,-0.014234794097612191,-0.0523508574745101,-50.0,44.282111634442465,0.24621561217465573,0.16399683972272833
2008-03-28,0.014956145881251048,-0.046808795845277765,35.714285714285715,45.83037476321508,0.22135682526563638,-0.02838647523515655
2008-03-31,0.005589490824828625,-0.041857838179681146,35.714285714285715,46.4383537308508,0.20440656033189195,-0.18732542786932008
2008-04-01,0.06114205013735696,-0.030936752484646,71.42857142857143,52.72395746216609,0.2020739365291615,0.025736615951543206
2008-04-02,-0.030476152648864274,-0.02717677587147308,78.57142857142857,49.42042978032115,0.19479993729415365,-0.055888158096268396
2008-04-03,-0.01866415127963672,-0.02511697665159532,78.57142857142857,47.516690718450235,0.17887687919748374,0.06840913525385064
2008-04-04,-0.06005979385639448,-0.029366839663450713,78.57142857142857,42.01290458418996,0.17930501877494137,-0.4579154050814768
2008-04-07,0.023961348835159768,-0.028509849539753752,78.57142857142857,44.604129376477694,0.17899393502225447,-0.726032828253874
2008-04-08,-0.005720086673196456,-0.02867223759485794,57.142857142857146,44.08553306187691,0.17443588938622195,-0.9492074919053946
2008-04-09,0.019874519410843172,-0.02623732621118497,57.142857142857146,46.403862896094125,0.17401024868859144,-0.8773665607444784
2008-04-10,0.019486952935931834,-0.022475890838124055,57.142857142857146,48.69468880778716,0.1708099695774051,-0.76647558740346
2008-04-11,-0.06790723787380593,-0.026910182536021045,-50.0,41.850828417707575,0.17485469482738095,-0.9905762959496517
2008-04-14,-0.03345949188104602,-0.03255309777176566,-57.142857142857146,39.130730154966855,0.18099167423529272,-1.1975195781311967
2008-04-15,0.011725353101702085,-0.03453307813674643,-64.28571428571429,40.54038871192107,0.17673993041458788,-1.0482991514155497
2008-04-16,0.039735125535369065,-0.03156249628355874,-64.28571428571429,45.22421148420659,0.17745057284096977,-0.8461558625528561
2008-04-17,-0.013800200872318924,-0.031444219478502566,-64.28571428571429,43.880013143487844,0.1629556255364015,-0.49971605692772214
2008-04-18,0.023681274459974366,-0.028092802967871252,-64.28571428571429,46.76383463080141,0.1587464106946565,-0.3347595625334174
2008-04-21,0.04468981054969956,-0.021204203006843992,-64.28571428571429,51.90544976619179,0.15758922228156122,-0.023923393681163842
2008-04-22,-0.01862101231179747,-0.018333887408460012,-64.28571428571429,49.65721343958352,0.1516675700956705,0.1808402186249656
2008-04-23,0.04820466276398716,-0.011176753407622288,42.85714285714286,54.99099927010141,0.1587547237624757,0.49897299729437217
2008-04-24,-0.023972198775971787,-0.008211682537418627,50.0,51.90391804262858,0.1606135205641846,0.4793721649242091
2008-04-25,0.010024657597783593,-0.0047328345424420175,50.0,53.06213085387863,0.16349017564436502,0.6347652203591428
2008-04-28,-0.01786573007149761,-0.003504966230102418,50.0,50.69557583374369,0.16349017564436502,0.48075913016115396
2008-04-29,0.02071737783987171,-0.000767007499016476,50.0,53.25273462665996,0.15092550077905925,0.4770008965833396
2008-04-30,0.01732697286024365,0.0026671169163054883,78.57142857142857,55.38027025907052,0.15367136476259133,0.45952220955341966
2008-05-01,0.046228461567976,0.008606897637987077,85.71428571428572,60.61914229996632,0.17832710758711798,0.7904288432383642
2008-05-02,0.04744211466265291,0.016267605860262456,92.85714285714286,65.32647279200128,0.2190277776926776,1.3089765260419914
2008-05-05,-0.024866637676828285,0.02092632962036949,92.85714285714286,61.01436732355553,0.23869316159014778,1.0827463445917638
2008-05-06,0.025956306529901774,0.02542352380485202,92.85714285714286,63.64487929292262,0.262514976235658,1.1674502220578133
2008-05-07,-0.023080882409936443,0.027874184756070848,100.0,59.688059952324664,0.2743546706335466,0.9037000127987749
2008-05-08,-0.0027252022229843353,0.02886723427229805,92.85714285714286,59.23063613942235,0.2841823135289535,0.9739449956169741
2008-05-09,0.026423407209386962,0.03055704446773427,100.0,62.24371290711218,0.28772139749443676,0.6921807042033665
2008-05-12,-0.028406875014678423,0.030721598430328803,92.85714285714286,57.218455993103504,0.2687954746521122,0.2959553842798218
2008-05-13,-0.020557189786080343,0.028751617056734725,71.42857142857143,53.92206516475999,0.24501633990812827,-0.06499200752505792
2008-05-14,0.029383804553820836,0.02789955358310823,71.42857142857143,57.60446334259971,0.23354626044027574,-0.19097882756654264
2008-05-15,0.07748086076538985,0.03131179467324307,100.0,65.63287103057397,0.23574823798483477,0.15891373882549306
2008-05-16,0.026493211541338768,0.03635058589896725,92.85714285714286,68.03459920902678,0.2482810939769368,0.6475173700537851
2008-05-19,-0.02089278399745087,0.039679619957035075,100.0,64.1277294290986,0.2550897526219122,0.44293865022858625
2008-05-20,-0.02594171016623059,0.04020139761791668,92.85714285714286,59.643580428878764,0.2437443634370664,0.33816541794851385
2008-05-21,-0.008161669922787995,0.038991267658602106,85.71428571428572,58.29821736190378,0.23965562116840441,-0.08799839629767241
2008-05-22,0.02425301022025428,0.03834437962632475,50.0,61.08441279976334,0.2307705164781963,-0.12558095031312194
2008-05-23,-0.022832844336254432,0.0371507746482743,50.0,57.12125815089576,0.21633901426287033,-0.23065039957197003
2008-05-27,0.01081820850800952,0.035568477358046705,50.0,58.464873720398295,0.19176531280738912,0.02671168666210538
2008-05-28,0.009417122968900404,0.03465978766724545,50.0,59.66261058153173,0.17044664062599052,0.05162731935682281
2008-05-29,-0.00254463727091081,0.03369559912823926,50.0,59.161483435948384,0.1494196411107469,0.20569736173991107
2008-05-30,0.050170577658936955,0.034745898668101044,28.571428571428573,65.32903725923315,0.15528473046488978,0.47323833540913324
2008-06-02,0.004048260858186659,0.03660876638778493,28.571428571428573,65.80037075653938,0.1680848370605447,0.6212544800985225
2008-06-03,-0.03387051173310718,0.0362880164679921,28.571428571428573,58.594125749220815,0.16434285992359843,0.4632265800245489
2008-06-04,0.011686016987320302,0.03513922357016465,21.42857142857143,60.16037439265962,0.16625523753497892,0.6171073085340969
2008-06-05,0.02516460496689721,0.035286589802301184,100.0,63.40781438010795,0.16762614063250517,0.547610831402866
2008-06-06,-0.03179045056112462,0.03422784337855519,50.0,56.93504135156363,0.15836276899964646,0.30645297739787525
2008-06-09,-0.015377821949550396,0.031356004182326695,50.0,54.14715278909393,0.15335844826139408,0.16323132039513372
2008-06-10,-0.05909711460977185,0.025098798347108233,-21.42857142857143,45.14007709742632,0.14753420082697727,-0.19724373551044994
2008-06-11,-0.04665757827598671,0.0153621867413853,-28.571428571428573,39.8385917506957,0.15168462632823687,-0.6442752816159727
2008-06-12,0.0061172708225201156,0.007041242403203153,-35.714285714285715,40.77488161701139,0.16350688993920048,-0.9506777309980837
2008-06-13,-0.0032739628244992103,0.00025458382504293936,-42.85714285714286,40.4101843703825,0.18378405768359152,-0.9290449478188783
2008-06-16,-0.013608130201726798,-0.006254278556756231,-42.85714285714286,38.859504211859594,0.2012668117087206,-0.892815903354826
2008-06-17,-0.024262691931487,-0.013549525876645551,-57.142857142857146,36.22660785595731,0.22561300451581914,-1.0122741425362578
2008-06-18,-0.029254295530244057,-0.02196517121683548,-64.28571428571429,33.362658020987155,0.2570276907633124,-1.1526222571694897
2008-06-19,-0.0025111013564083073,-0.028259674446505633,-71.42857142857143,33.127644390624205,0.28383779270804793,-1.0956660508791167
2008-06-20,-0.005035633194650391,-0.0333957667057569,-71.42857142857143,32.632462386688424,0.30591157653115764,-0.9362853153067695
2008-06-23,-0.020748768093421854,-0.0393998047931034,-85.71428571428572,30.61223708785955,0.3316573034147006,-0.9721421205110609
2008-06-24,0.033075027779510435,-0.03916653488708332,-85.71428571428572,37.152901982449734,0.34402561967006673,-0.780915074896591
2008-06-25,0.005502743841774738,-0.038872856786229745,-85.71428571428572,38.23062667680301,0.35125608125317653,-0.6466508787998264
2008-06-26,-0.051243840998275725,-0.0447486240104085,-100.0,32.59431737974051,0.3677158464384056,-0.844597533172178
2008-06-27,0.01101204652952359,-0.04581425272958483,-100.0,34.70785504046642,0.3642058471780433,-0.7196971540193992
2008-06-30,-0.029045673445943887,-0.05028655929481985,-100.0,31.840704027484808,0.3582085927117615,-0.7553833204957271
2008-07-01,0.0016027709516248656,-0.051932580592249825,-100.0,32.16404166050296,0.35592448789730846,-0.3829121798655456
2008-07-02,-0.03840015247208284,-0.05798324501919357,-100.0,28.65150918325617,0.35078712965635717,-0.46700399270507065
2008-07-03,-0.3072657022472257,-0.12262915994176338,-100.0,15.040798015573618,0.46203626978584034,-1.239354682037976
2008-07-07,-0.03122504523096703,-0.15919182379358973,-92.85714285714286,14.51794591957278,0.5576218367678277,-1.6188369053660117
2008-07-08,-0.005785009404544961,-0.18445549000136602,-92.85714285714286,14.421048238661175,0.6310311406491879,-1.7897972350722628
2008-07-09,-0.01745633640863775,-0.20641699489363,-85.71428571428572,14.11664194173518,0.7057987284240125,-2.14352851737397
2008-07-10,-0.002538398486884308,-0.2194630025732889,-78.57142857142857,14.070941206106632,0.7744840924326076,-2.09370876545113
2008-07-11,-0.010177775301675518,-0.22992368326461726,-85.71428571428572,13.877443778500714,0.8307705309984986,-1.860577848147218
2008-07-14,-0.045415758035460385,-0.24864653972271522,-92.85714285714286,13.025442720772995,0.885327587568033,-1.8207020231541922
2008-07-15,0.010772097206604103,-0.24837660614434814,-100.0,14.308252603053498,0.927065897848437,-1.4717756402520186
2008-07-16,0.005328590018598867,-0.24567656693619044,-92.85714285714286,14.983438831288016,0.9609918511750121,-1.1817201145465792
2008-07-17,0.003533219040123603,-0.24066069133096876,-85.71428571428572,15.461616716068011,0.9896171948526866,-0.8192918134877317
2008-07-18,0.01760607654233315,-0.2292257482557987,-78.57142857142857,17.946975024101906,1.0046315476010925,-0.3739564045751182
2008-07-21,0.006054678692220872,-0.21910709356340508,-71.42857142857143,18.84613541432169,1.0082231291601267,-0.24459955347367388
2008-07-22,-0.021495219754575245,-0.21612360114301576,-57.142857142857146,18.08389561853042,1.0091009438215441,-0.15603497742109448
2008-07-23,0.029876585682271806,-0.1992168839934551,-57.142857142857146,22.66511874965544,0.9781901153746906,-0.02316675743468949
2008-07-24,-0.058874204124270246,-0.2054021822172062,-50.0,20.19650912989209,0.9310276458817094,-0.1745411751474712
2008-07-25,0.04805144550162055,-0.1854014470017008,-42.85714285714286,26.792273138653393,0.8770640536313651,0.07704423172556432
2008-07-28,-0.0025952649379932247,-0.1756597004709585,-35.714285714285715,26.657961796844155,0.7861573858585958,0.08201884325044086
2008-07-29,0.010407845389047932,-0.16311951711607356,-28.571428571428573,28.2082516246983,0.6712959751418587,0.04802792587586888
2008-07-30,-0.014591917850851899,-0.1562980172721083,-21.42857142857143,27.32702971093953,0.4824574169181573,-0.014486813258356308
2008-07-31,-0.003484541278883868,-0.14807383727151033,-14.285714285714286,27.11238956426105,0.11487180900299929,-0.09567998539509051
2008-08-01,-0.052447867525882486,-0.15165247037177854,71.42857142857143,24.059843225214063,0.10597257828821724,-0.2395936374450408
2008-08-04,-0.023985269687530786,-0.15186244210988528,-28.571428571428573,22.85881621863474,0.11804775050065133,-0.42125695392832546
2008-08-05,0.05765600679178351,-0.1349939060722733,-28.571428571428573,31.498556954832367,0.10980375971927511,-0.23155449795605496
2008-08-06,0.02680926772557224,-0.12133390728818824,-28.571428571428573,35.33437006228669,0.10492162503736473,0.06353119804063542
2008-08-07,-0.015665214997019672,-0.11506246707376808,-28.571428571428573,34.10056879294749,0.09988693779475943,0.004978731962508826
2008-08-08,-0.027409676872190425,-0.11259761464233192,-28.571428571428573,32.026368783439196,0.10040127029121985,-0.2624272899509043
2008-08-11,0.02090930309431771,-0.10302064812177678,-28.571428571428573,35.17679822116307,0.09957137695428962,-0.40870819819731385
2008-08-12,-0.014247531360572663,-0.09869277375273806,-28.571428571428573,33.99638534702741,0.10152157192874237,-0.5453369714977135
2008-08-13,0.10749806069514989,-0.07623972007737524,50.0,47.97853060427737,0.12424876429052265,-0.1886109427537585
2008-08-14,0.06035825652798499,-0.05702777593106734,57.142857142857146,54.44159281353775,0.17523012813361963,0.09223118690574011
2008-08-15,-0.0030768194322734477,-0.045110127841677,57.142857142857146,54.05069822460932,0.20847657364523062,0.0501471144673444
2008-08-18,0.020061603625020075,-0.03286136000384307,57.142857142857146,56.24967254124677,0.24348061110254784,0.1589882872485824
2008-08-19,0.01512867521836414,-0.022044987787951702,78.57142857142857,57.91800980180428,0.27602043114307273,0.4410980832523699
2008-08-20,0.04918027055568053,-0.009321452362741997,85.71428571428572,62.940284016601076,0.3248903000106473,0.8642475050615573
2008-08-21,-0.03266986288639451,-0.002752314441458174,85.71428571428572,57.765809953337225,0.34080492424977227,0.9345405138010544
2008-08-22,-0.0007349786290682392,0.0026157535549110665,85.71428571428572,57.65472398254319,0.35699841862592596,0.8949674915801236
2008-08-25,-0.014694775802614801,0.005704880847107276,78.57142857142857,55.36401688199247,0.3648449646121097,0.6639837824469615
2008-08-26,-0.023862758814660157,0.006275734515943274,71.42857142857143,51.81656555767837,0.36673781323621774,0.4055337121365585
2008-08-27,0.0076393099541314236,0.007097385499566332,42.85714285714286,52.833634309837585,0.3661015203911664,0.35333984340565583
2008-08-28,-0.0037907460739619037,0.007423268134903216,42.85714285714286,52.239868776815804,0.3622944150779185,0.2692581023091654
2008-08-29,-0.03805170509130107,0.004716855225669562,42.85714285714286,46.599929348933856,0.3414570622618146,0.0511387742715999
2008-09-02,-0.02531621815908236,0.00030071750986810676,42.85714285714286,43.37256090876204,0.3100413538169311,-0.19914641420403206
2008-09-03,-0.053571666587327815,-0.007958507366640681,-64.28571428571429,37.589998267158755,0.3005182850500755,-0.46230868308434403
2008-09-04,-0.01372188651293671,-0.01566158085593754,-71.42857142857143,36.32564144830443,0.30032278424231007,-0.6249726090629346
2008-09-05,0.014782473589247669,-0.0199572758454927,-78.57142857142857,38.68545780536718,0.2931353946682777,-0.3915673039087624
2008-09-08,-0.04113116195462729,-0.02769438151065357,-85.71428571428572,34.767428284015025,0.287933752728291,-0.5114125733398392
2008-09-09,-0.033959197763640536,-0.036726079046352424,-92.85714285714286,32.003962755963514,0.2998212206959063,-0.8838801427857411
2008-09-10,0.0009250684879813509,-0.04250780256518595,-100.0,32.15678428030569,0.30695413398580373,-1.1209578378885232
2008-09-11,-0.04805868183759654,-0.05295868230530491,-100.0,28.56199321788907,0.3476990861226625,-1.0105889363784637
2008-09-12,-0.010679849172515632,-0.06035840680155749,-100.0,27.8526511667713,0.38442770945764115,-0.5444092131225192
2008-09-15,-0.0873406156561305,-0.0788766326075881,-100.0,22.897771799571796,0.44345205610430716,-0.5302901297342725
2008-09-16,0.03118304101319791,-0.08288853755541245,-100.0,27.42810979330823,0.47906824638710527,-0.10443738798331889
2008-09-17,0.04275274152035724,-0.08012011301566611,-85.71428571428572,33.387292614491315,0.49330238014057715,0.3215959651184098
2008-09-18,0.08900008529899495,-0.06666751352451158,-85.71428571428572,44.11498110513319,0.47066805324435346,0.5569332513991452
2008-09-19,0.047750884763211765,-0.054105362527562026,-78.57142857142857,49.25694772549691,0.4486235581749345,0.8520078284770508
2008-09-22,-0.021034482364753027,-0.04873008542332853,-71.42857142857143,47.10280845134718,0.4221215504302504,0.7244285557027323
2008-09-23,-0.02864893466211549,-0.04667511961574746,-64.28571428571429,44.31968980881019,0.39646788515866294,0.3726601549163561
2008-09-24,0.03686620833199217,-0.0390274617467642,-35.714285714285715,48.42201592787727,0.37140919335651346,0.3300013287399639
2008-09-25,0.01955600534792601,-0.031711005575148686,-35.714285714285715,50.578772560513194,0.33735209172354075,0.33846431662644966
2008-09-26,0.01918044899971494,-0.024209443902462987,-35.714285714285715,52.708360325637095,0.2995480597168229,0.5059009369225467
2008-09-29,-0.13601375824758477,-0.033998142828527485,-35.714285714285715,39.47057560227492,0.279742794593949,0.20839916424921234
2008-09-30,0.06039668695896516,-0.03156928214824716,57.142857142857146,45.16102923073619,0.2553945591683534,0.240016794470253
2008-10-01,-0.028011462683457555,-0.03401093287129473,57.142857142857146,43.01904238366159,0.24876386092479771,0.17796630097682112
2008-10-02,-0.10374644261282873,-0.04808861485918599,57.142857142857146,36.337311054110955,0.26873956341868255,-0.13949865240637688
2008-10-03,-0.0321544378525892,-0.05997923241347624,57.142857142857146,34.723917672032115,0.28853342145478816,-0.5563362021336568
2008-10-06,-0.13067543787802283,-0.08947666623095861,-42.85714285714286,29.227039622304023,0.36314968787565916,-0.7522543404306093
2008-10-07,-0.07770706918269099,-0.12002972525131847,-50.0,26.859894490642834,0.45290561067103396,-1.090006532744287
2008-10-08,0.020718025928224026,-0.13229929018942907,-57.142857142857146,28.395645805091206,0.5161506039750358,-1.0871766277591142
2008-10-09,-0.06359903871945849,-0.15739702488374502,-64.28571428571429,26.51684874611839,0.5907959319927161,-1.2399803085137802
2008-10-10,-0.015895741473568425,-0.17223260939164053,-71.42857142857143,26.081894052817283,0.6587260722823917,-1.1582500546309888
2008-10-13,0.18208456818546304,-0.13990202728098264,-71.42857142857143,38.35697104309263,0.6785826630164199,-0.7259641089998724
2008-10-14,-0.022359816554681222,-0.13864702813562965,-71.42857142857143,37.38642605280811,0.7029749945577917,-0.6429187193295307
2008-10-15,-0.10800515213554795,-0.15940969764141288,-71.42857142857143,33.12402391385656,0.7489262296239854,-0.8283019939831437
2008-10-16,0.09686585118281443,-0.13947021824650552,-71.42857142857143,39.10529211979606,0.7618222448531788,-0.5273272575478509
2008-10-17,-0.006493497700998718,-0.13468080663917223,-64.28571428571429,38.83028753087264,0.7579488017174815,-0.405458714287473
2008-10-20,0.019607475689765952,-0.12467079385701607,-57.142857142857146,40.18917223653429,0.7477822564803606,-0.31613504894121885
2008-10-21,-0.07692266563474437,-0.13387058160571788,-50.0,36.67910646971561,0.7502226275007018,-0.4382394506493855
2008-10-22,-0.037500126706739634,-0.13964116099970042,-42.85714285714286,35.18966808113294,0.735779987277873,-0.5316425465795466
2008-10-23,-0.05627717025401191,-0.15149982857523972,-100.0,33.098916407962506,0.7042877868003894,-0.6138037511366294
2008-10-24,0.010703251478433984,-0.15007995624091156,-100.0,33.85849718107534,0.6257028297667571,-0.5154994513206242
2008-10-27,0.05446307305300424,-0.136723193954776,-57.142857142857146,37.771624970519355,0.59451948592675,-0.38047318060997715
2008-10-28,0.15064572148454936,-0.10320839047682016,-57.142857142857146,47.5234512327069,0.49654989389967863,-0.006414464150740514
2008-10-29,0.03241899172440155,-0.08447385849797276,21.42857142857143,49.62844988895078,0.3877348506956241,0.08455618308701399
2008-10-30,0.042270632247026096,-0.06524241217955781,28.571428571428573,52.396689161261925,0.3511713327604866,0.24141217340845614
2008-10-31,0.015063332018737663,-0.05015849515076091,35.714285714285715,53.42059434522337,0.3364952383998396,0.3836396584033687
2008-11-03,-0.03652964232234923,-0.043012842705369696,42.85714285714286,50.53888337990443,0.35015229263974035,0.22889807619212107
2008-11-04,0.06398081908036368,-0.028506501234742177,42.85714285714286,54.954770137192725,0.3807123061581294,0.37778278822488337
2008-11-05,-0.05233819423078001,-0.02428911653658157,42.85714285714286,50.711074349974325,0.389542929186608,0.10938498782919304
2008-11-06,-0.10458317501900194,-0.031066457017958474,42.85714285714286,43.81169462207094,0.3771623910380362,-0.29090815921655294
2008-11-07,0.1443576870957961,-0.01947286981679676,42.85714285714286,52.42675019601693,0.3724024841639507,-0.30484347450613214
2008-11-10,-0.06422031169059439,-0.019621128070074306,42.85714285714286,48.36146890597867,0.37324956153885347,-0.4313199686239611
2008-11-11,-0.04411798645190679,-0.023000796123577284,42.85714285714286,45.897537461007374,0.37337680543202834,-0.5675011480945783
2008-11-12,-0.058974216308718685,-0.031222894531490446,42.85714285714286,42.89058491678651,0.36532038883885254,-0.7206185760676911
2008-11-13,0.08174395242461885,-0.02741744613805746,42.85714285714286,47.70330997561486,0.36459905145850613,-0.4282558933374587
2008-11-14,-0.09697737473080104,-0.03732813588417832,35.714285714285715,42.726976747663244,0.3729082844243232,-0.5162653501622765
2008-11-17,-0.020920113840696475,-0.04497027712142335,-57.142857142857146,41.811940704919095,0.38539045745761286,-0.6206246972623919
2008-11-18,-0.03276357388705331,-0.05421006577768791,-78.57142857142857,40.3837928250985,0.39720259613569503,-0.6717725798919576
2008-11-19,-0.08247458001237962,-0.07216927185069419,-85.71428571428572,37.06427830576933,0.4254881323989643,-0.8350219120088632
2008-11-20,-0.05296923227058992,-0.09062551240078433,-92.85714285714286,35.226700291722,0.45642999068674034,-1.0963316245275236
2008-11-21,0.08135603628522725,-0.0872980466327263,-100.0,39.894570959550784,0.46518224843286526,-0.8770928811248376
2008-11-24,0.06583041587259375,-0.078611657802104,-64.28571428571429,43.716594599267175,0.46961664035974027,-0.5327241836681103
2008-11-25,0.02794095000494945,-0.07092406434491301,-64.28571428571429,45.4078047942365,0.4770812307466608,-0.29909385405816546
2008-11-26,0.08869842213918022,-0.05390953705726639,-64.28571428571429,50.62190235005598,0.47256297875342806,0.08599039231497177
2008-11-28,-0.018396908254191713,-0.04682080820201578,-64.28571428571429,49.4728579278156,0.4590772962567734,0.23629150322725456
2008-12-01,-0.08567584561611141,-0.05115947212575446,-64.28571428571429,44.50013930494435,0.44591851545867645,0.030500838158667717
2008-12-02,0.055637102647154046,-0.04367037426160505,-57.142857142857146,47.8517792969065,0.4323703053229195,0.07557340825375367
2008-12-03,0.05131707904318006,-0.03359978941200358,-42.85714285714286,50.95731456622048,0.38859708528932696,0.3609006210897532
2008-12-04,-0.06596307293470649,-0.034537104717607806,-42.85714285714286,46.89321504474085,0.36186083993758955,0.3081341047054439
2008-12-05,0.039548347074729984,-0.028727808294122463,57.142857142857146,49.33036239269762,0.35958860073953136,0.4595356488323583
2008-12-08,-0.03260873799611019,-0.02840595813050091,57.142857142857146,47.325599873012905,0.30821662575565567,0.2985227008528484
2008-12-09,0.09691034540575094,-0.017631942083732508,78.57142857142857,53.21267812946567,0.29330340061392507,0.41150887493701477
2008-12-10,0.09474991958862744,-0.003103592969855411,85.71428571428572,58.56161591352249,0.3306897323648432,0.6852035393419486
2008-12-11,-0.04210551667171458,0.003925203060790582,92.85714285714286,55.25221912260295,0.35128757816738565,0.5415149398838704
2008-12-12,0.05006116139335659,0.012844708556850755,92.85714285714286,58.15268439079506,0.37882104935743943,0.7273959375257235
2008-12-15,-0.03255787768267138,0.017816001783269232,85.71428571428572,55.50664915930151,0.39739343252828085,0.7020433188167203
2008-12-16,0.06730768101132445,0.024864862472208312,50.0,59.47797242216532,0.43282448719233924,0.8798551584484389
2008-12-17,0.04954919057131524,0.03328763993185315,57.142857142857146,62.32346425916232,0.4739315010370431,1.1044788726906163
2008-12-18,-0.09227451787052998,0.036427427204462036,57.142857142857146,54.297798006216254,0.4521527423027223,0.8941564622708648
2008-12-19,0.007092498488954435,0.03613061475000242,57.142857142857146,54.7357649905321,0.405253842003092,0.46597393672008486
2008-12-22,-0.05868559017793851,0.03293888522484217,57.142857142857146,50.401329819802584,0.3679466322932823,0.15329112795071254
2008-12-23,-0.013715774143717496,0.027582237482567114,57.142857142857146,49.473135315557506,0.34493251036296513,-0.09080553098261479
2008-12-24,-0.024019950734432305,0.02130791703891742,57.142857142857146,47.83452012420456,0.32798849603432906,-0.2006150051937146
2008-12-26,-0.02720228443513273,0.013823515624639628,57.142857142857146,46.02019592030112,0.32961169441095217,-0.2569020689363385
2008-12-29,0.03195752209072156,0.009578527467234064,50.0,48.42768881023877,0.3255537150248792,0.008544592284489116
2008-12-30,0.034838575797346394,0.008946385414108882,42.85714285714286,51.071494074317684,0.2971240888761746,0.24032412256074967
2008-12-31,0.006234324609011299,0.009042759669972238,-50.0,51.566651928021415,0.28159117590802735,0.3602889618070389
2009-01-02,0.07930605656206358,0.014254577294235998,-50.0,57.496063860965364,0.2834105726135884,0.6259356982850661
2009-01-05,0.018369892466038706,0.019797767525038534,-50.0,58.8523209799354,0.2673756449012023,0.7642861075829211
2009-01-06,0.03382167733709296,0.025937344650917255,-50.0,61.343010924915845,0.26717586743471444,0.7478839273236697
2009-01-07,-0.05997804623110958,0.0278449311751755,-50.0,54.79455082648936,0.23418790302653975,0.6348790902199559
2009-01-08,-0.025522385013308946,0.026362417728408773,-50.0,52.38554853223619,0.2257295549807006,0.8994804118261199
2009-01-09,-0.05595216937419656,0.021043088629026405,35.714285714285715,47.573629079942414,0.2304595205735059,0.5260802682023741
2009-01-12,-0.040353039794179035,0.01270521652787834,35.714285714285715,44.57167647862622,0.24354339668093203,0.136956932847848
2009-01-13,0.0052563206645890315,0.0057238621564484025,35.714285714285715,45.03854814317151,0.2526078781030147,0.16071754300824134
2009-01-14,-0.04444421350926542,-0.003458141831507538,35.714285714285715,41.81459626647542,0.27375258577078193,0.06686977980729665
2009-01-15,0.03556748010152333,-0.007709685244404913,35.714285714285715,45.05367441075417,0.2739313796031415,0.2712541884260345
2009-01-16,0.055482348274562554,-0.006271938424998163,35.714285714285715,49.90506269582319,0.24291153501523005,0.6210135906943361
2009-01-20,-0.09762195781860794,-0.014604795176377146,35.714285714285715,42.41515045952711,0.2586258396047402,0.4125307321402815
2009-01-21,0.04854324883112482,-0.015796155895851424,-71.42857142857143,46.30907505180266,0.2585073849799777,0.5371608555591292
2009-01-22,-0.01851858236672732,-0.018906676615086583,-71.42857142857143,44.99830829683235,0.26655723490282207,0.5840307055057931
2009-01-23,0.039083601152041236,-0.017108291314030778,-71.42857142857143,48.264923696050296,0.26817362396078537,0.6685178297590652
2009-01-26,0.0337225675257653,-0.01293517341183967,-71.42857142857143,51.07069481663464,0.26655356456648305,0.7110998732074075
2009-01-27,0.05897090111520331,-0.004958837809360184,-71.42857142857143,55.74323090778061,0.2649710785958097,0.9071105408318939
2009-01-28,0.041469303904142274,0.003927794703543372,-64.28571428571429,58.89150735018259,0.2749458150634781,1.046311650951442
2009-01-29,-0.0580203348617222,0.00643580105700905,35.714285714285715,52.977654381206285,0.27557831815121453,0.8564349830517702
2009-01-30,-0.0398549404419235,0.005164390507589497,35.714285714285715,49.512960332520414,0.2760567810321812,0.537491651345017
2009-02-02,0.05408780657975565,0.0077932904535516845,35.714285714285715,53.75679835494731,0.26921489760615985,0.5668977522361602
2009-02-03,0.011933470420290693,0.010794913510308339,35.714285714285715,54.71026936891911,0.2580544778053115,0.6537103538216071
2009-02-04,0.028301843296016704,0.014930728069471736,71.42857142857143,57.00164377824376,0.23760402509861828,0.4994271843985308
2009-02-05,0.07339423626179387,0.022441405291171817,78.57142857142857,62.456503305796865,0.2715806151801713,0.7415298832940309
2009-02-06,0.05448711120690697,0.03150014603214712,85.71428571428572,66.14255689678433,0.3322546883102155,1.1886663675219737
2009-02-09,-0.013171210284606993,0.038604757245160104,92.85714285714286,64.40669255031194,0.3704632053854401,1.266522916742184
2009-02-10,-0.04312136558038082,0.04176269233362531,92.85714285714286,59.01766796430822,0.378499540819622,0.905390147784683
2009-02-11,-0.12553614805146462,0.0370325551481509,85.71428571428572,47.17588586739051,0.3711952271588702,0.3039268257761921
2009-02-12,0.020858867353316102,0.02926096728459423,78.57142857142857,48.783900476033246,0.35224781701806573,0.37475306135594305
2009-02-13,-0.0012021564410527041,0.023363681955059987,71.42857142857143,48.689989122703736,0.34000268401520234,0.48946473969068777
2009-02-17,-0.05776159102421974,0.014690224498820705,35.714285714285715,44.284134359410245,0.34290553457777095,0.23643928772917527
2009-02-18,0.02681997311403128,0.00851631314855626,35.714285714285715,46.56238873735403,0.3189731860433199,0.09335542868740598
2009-02-19,-0.07711457100711594,-0.0024583966831853714,-50.0,41.20524901034992,0.32384372124039784,-0.2577690988029308
2009-02-20,0.02560661541116427,-0.009305355464255902,-57.142857142857146,43.35604632219025,0.31737941498508376,-0.23191041678470234
2009-02-23,-0.04599214219235792,-0.019162018382431825,-64.28571428571429,40.42257490773819,0.3328902846262722,-0.4200574887432678
2009-02-24,0.08953165769247695,-0.017597016328418102,-64.28571428571429,47.52366909931068,0.33396676262626035,-0.2105311664835567
2009-02-25,0.011377823706177459,-0.01631080821953805,-64.28571428571429,48.44002328594666,0.33749249736705417,-0.04304151456827361
2009-02-26,0.03250012849425965,-0.012280592961787885,-64.28571428571429,51.096835489113445,0.33584138350780457,-0.18191685344828068
2009-02-27,0.002421462421615672,-0.009169947323351654,-64.28571428571429,51.3047106264786,0.33584138350780457,-0.1601230188576075
2009-03-02,-0.08454126449405241,-0.014632669809856322,-64.28571428571429,44.220165156951516,0.34391507337296834,-0.399681469551837
2009-03-03,0.03957805008321191,-0.014356912861651092,-57.142857142857146,47.562180828772966,0.3482771508220991,-0.3909511477206772
2009-03-04,0.0736038808322137,-0.007956547038986163,-50.0,53.377992471146506,0.3482170477175306,-0.21730055547846622
2009-03-05,-0.023640634624563783,-0.005641737197553332,50.0,51.26651393404056,0.3463285091987772,-0.438307630134068
2009-03-06,0.015738401274679736,-0.0023208958825687983,50.0,52.579577400931676,0.3278967068588016,-0.5234255383162848
2009-03-09,-0.010726966686932404,-0.0006235377099384731,71.42857142857143,51.544148035187064,0.2765008504424456,-0.7609167552539358
2009-03-10,0.09036149638911839,0.007283317261565596,78.57142857142857,58.821612011513714,0.2372650786775555,-0.5154316512672066
2009-03-11,0.027624203574458495,0.015140068078559391,85.71428571428572,60.928104216286215,0.23608870312206945,-0.6100355173354457
2009-03-12,0.05914013905467819,0.024542769446667955,85.71428571428572,65.15171168976477,0.2965102989439774,-0.1396408588020703
2009-03-13,-0.005076399367233031,0.032049954056028236,85.71428571428572,64.46939777266488,0.33790937509527935,0.17385354402111292
2009-03-16,-0.03877553028778735,0.035761776476233006,78.57142857142857,59.37990740913952,0.3558626631528533,0.10730869784297861
2009-03-17,0.04989378421299051,0.03927020454556878,42.85714285714286,63.244801967279194,0.3807554521856388,0.3910047162106457
2009-03-18,0.03134482349886292,0.04402349632953257,42.85714285714286,65.57162170671296,0.41293281598701637,0.5632115888824929
2009-03-19,-0.011764628467831217,0.04780489512609209,42.85714285714286,63.88565766889843,0.41535630673919643,0.4611614911976449
2009-03-20,-0.05456348969056235,0.048083073096768424,42.85714285714286,56.690921129503955,0.40264566111582284,0.20851715301941923
2009-03-23,0.07240257546860973,0.047899181386885696,42.85714285714286,62.41030511957636,0.3869539032493212,0.34299966979138247
2009-03-24,-0.043052225295349356,0.04840209529277337,35.714285714285715,57.220992706696364,0.3764295457087163,0.10546866044147273
2009-03-25,0.016359493353427013,0.04709082964576986,21.42857142857143,58.57000394908138,0.3671329675587213,-0.03814041122705328
2009-03-26,0.062374569299828764,0.04811201672145041,21.42857142857143,63.3881139427532,0.37593302535929185,0.32081553394196877
2009-03-27,-0.009469868653033675,0.050250407000327416,14.285714285714286,62.13300075660013,0.37566305231483915,0.38905503353724613
2009-03-30,-0.06405364437037353,0.049023174740251536,7.142857142857143,54.36597873421367,0.3308664812577543,0.2530704873945248
2009-03-31,0.007150344810693543,0.04505685014151912,0.0,54.998935112689495,0.2917270521041092,0.025221540501257217
2009-04-01,0.025354803883055332,0.042649775262922136,78.57142857142857,57.27796106785756,0.27341220315151327,0.16326178668819355
2009-04-02,0.04648870009740391,0.042866463271773174,64.28571428571429,61.251084300404216,0.24932595383724862,0.24183078537035288
2009-04-03,0.06994332624952482,0.046368498448056496,71.42857142857143,66.52904627788988,0.24817874562793216,0.5597219859075417
2009-04-06,0.0026501733221875323,0.05085595124156484,78.57142857142857,66.72691322318899,0.22878094197312204,0.801729130808076
2009-04-07,-0.034361190079167825,0.052967181219130674,78.57142857142857,61.62655056951348,0.22017189245963795,0.7093299785357781
2009-04-08,0.04105905392384601,0.05367150972171735,78.57142857142857,64.9551698074738,0.22884624411849716,0.8132666325320544
2009-04-09,0.0552141598257434,0.05653158569229669,100.0,69.00821501425114,0.26827734101902156,1.0351817844964473
2009-04-13,-0.03239198099651375,0.05967753583818177,42.85714285714286,64.06836816113206,0.28142021188567184,1.0339336702634059
2009-04-14,0.006008351215530672,0.060097730966484124,42.85714285714286,64.55873807045421,0.28159280817356047,0.9392216211381201
2009-04-15,-0.028156962145244213,0.0594490834826909,42.85714285714286,60.37539383217029,0.2807426369005941,1.0943442342630827
2009-04-16,0.025461356283693393,0.05746713055044278,42.85714285714286,62.66500242482533,0.28808953917730107,1.2582819231503128
2009-04-17,0.006848522535898294,0.05657475602862587,42.85714285714286,63.295002817363724,0.29208398394754614,1.3440540601640654
2009-04-20,-0.06037398531117144,0.05397995340855148,42.85714285714286,54.50371369230385,0.2697350103893026,1.1269168679798727
2009-04-21,-0.002714929244832187,0.048398635252190736,42.85714285714286,54.16140224241235,0.2630668191549058,0.8442049980864916
2009-04-22,0.02994575819377676,0.04441783361786284,42.85714285714286,57.33565300845746,0.24495730036710706,0.7071986189374558
2009-04-23,-0.01585866632923294,0.0412849336704024,35.714285714285715,55.094613887337076,0.227347028715639,0.5711649668111668
2009-04-24,0.02327647914331954,0.03875387864458979,28.571428571428573,57.66845412486935,0.22424633553364318,0.6577836057308931
2009-04-27,-0.03587091910243856,0.03547604828597095,-50.0,52.553006862513826,0.2174717577606348,0.4160051912392482
2009-04-28,0.0027223201514250395,0.03150539864538894,-50.0,52.88234763885558,0.18651932969565363,0.2939514425713342
2009-04-29,-0.015384304196623289,0.027303726253619702,-50.0,50.73335741367854,0.15326080143581786,0.11018038902385859
2009-04-30,0.05514752189250083,0.02626573147021773,-50.0,57.32504171840925,0.1219874647949825,0.1049347134909605
2009-05-01,0.016550038485029228,0.027142236706843216,-35.714285714285715,59.18717582067815,0.10863275161388476,0.06843657443628214
2009-05-04,0.053984391812609056,0.030513850878563564,64.28571428571429,64.6892609467315,0.12921467185694246,0.29592143542723964
2009-05-05,-0.04065014721119886,0.03195303556482247,64.28571428571429,58.00561459247544,0.1320112267024477,0.32899280269753645
2009-05-06,-0.020339064294583986,0.030705500502905596,64.28571428571429,55.064682764213934,0.12610489926298982,0.19428293254401366
2009-05-07,-0.07179898534385587,0.024920102376149927,-21.42857142857143,46.318522446866446,0.1385459791490564,-0.23692173885227658
2009-05-08,-0.13793140724022412,0.008397753473891352,-28.571428571428573,35.49281436133053,0.21200939423550091,-1.175344092715155
2009-05-11,0.019459434783968943,-0.0060957652123417826,-35.714285714285715,37.40886936770004,0.25648170714090973,-1.3424821992342237
2009-05-12,-0.047720397675509174,-0.022118278907,-42.85714285714286,34.63879682869309,0.30824779142202446,-1.5053645220689076
2009-05-13,-0.06458784446676225,-0.04204825513459131,-50.0,31.410406630361486,0.3756784403142823,-1.7548270048479393
2009-05-14,0.014286165332353828,-0.054075031495874684,-50.0,32.805834397533744,0.4206268080773406,-1.6913280178745238
2009-05-15,0.0258215587208106,-0.059742994647173656,-50.0,35.40055090660195,0.4471794121705999,-1.5449384615540296
2009-05-18,0.06064064636195887,-0.056316789255137854,-50.0,41.28302342420659,0.46191476680608784,-1.1268069972102432
2009-05-19,0.019417379499064857,-0.053087013724236506,-50.0,43.17556726251283,0.4710282934638863,-0.7325117473559697
2009-05-20,0.02962959285306299,-0.047034778002551805,-50.0,46.086623380994105,0.4707063327745322,-0.7265371434326996
2009-05-21,-0.006166353998037666,-0.04371535812598863,-50.0,45.548161713773794,0.47138787763409845,-0.5512673099693456
2009-05-22,0.015511871544802824,-0.03855241416543767,-50.0,47.208801908582494,0.464620391320661,-0.34056116581644374
2009-05-26,0.05397141513300263,-0.028734917796976178,-42.85714285714286,52.69803276930094,0.4603825417899096,0.0020750290176640373
2009-05-27,0.0019324276764089987,-0.022065611238828838,-35.714285714285715,52.89707754835268,0.4552926835371602,0.06478570037243142
2009-05-28,0.013500778536998714,-0.015348135197232568,-28.571428571428573,54.345301569440295,0.45239562404233163,0.2983184236149786
2009-05-29,-0.00761197202100683,-0.010830200520759227,64.28571428571429,53.33614932284137,0.4383716837759266,0.5130913860014656
2009-06-01,0.048897528480277064,-0.003026219585521797,85.71428571428572,58.61235081376152,0.4227615170063467,0.7949971887976885
2009-06-02,-0.008227393074446532,0.002087794941675741,92.85714285714286,57.37927733555524,0.37921481034154814,0.7608382100857385
2009-06-03,-0.03133565847932762,0.0037068227514915945,92.85714285714286,52.85586314278567,0.34538678366862025,0.6950012181173021
2009-06-04,0.036155735574509906,0.0074934218659770905,85.71428571428572,56.94155832742537,0.3240142981217284,0.8017015813702029
2009-06-05,-0.005509215754888386,0.010092193614449086,78.57142857142857,56.11468853080935,0.3262244098463028,0.7147159421610734
2009-06-08,-0.005540758231759146,0.01160302603408848,71.42857142857143,55.25049929371201,0.3284596894840136,0.662301576432642
2009-06-09,0.05478155680952068,0.016098577215312507,100.0,61.52460988676231,0.34474925416983265,0.7276222589769248
2009-06-10,0.031690455933412354,0.021748213610706033,92.85714285714286,64.7703492439416,0.3560927454085641,0.8930863754279499
2009-06-11,-0.012798396755970609,0.02562110741178404,100.0,62.40806315573079,0.3331395071517873,0.6645460503303081
2009-06-12,-0.005186043100929405,0.027873397067661555,92.85714285714286,61.442684869392124,0.30242644575497923,0.6783863603929602
2009-06-15,-0.01650736432238953,0.028367161386087723,85.71428571428572,58.36396767161918,0.26625651182089627,0.6578831064959871
2009-06-16,-0.027385124329267874,0.026608304056105463,71.42857142857143,53.6412570473325,0.24002669048704686,0.496486730740147
2009-06-17,0.024522892088810533,0.025629026878787813,71.42857142857143,56.911573109299866,0.21799669671229263,0.5614053437913841
2009-06-18,-0.019503294742449717,0.023980591494226888,64.28571428571429,53.59402594756353,0.19877019064958043,0.4402277823200944
2009-06-19,0.010849542011529323,0.022636285835883972,42.85714285714286,55.130420499637886,0.17266210303165733,0.2748827310220447
2009-06-22,-0.0563505152812489,0.0180485971148026,42.85714285714286,46.437674048047874,0.14945009479425705,-0.0011879295337696581
2009-06-23,-0.0047391462174258825,0.01287247147914832,-57.142857142857146,45.8201977755181,0.14576334806323782,-0.03111298283940436
2009-06-24,0.0333329195969545,0.01089882070771637,-57.142857142857146,50.75641569044242,0.13733807523423736,-0.0549942131730171
2009-06-25,0.05253451803990128,0.013058408003442696,-57.142857142857146,57.54099693445942,0.13502032496598368,0.28024784909923073
2009-06-26,0.013135525375936874,0.015867202763322753,-57.142857142857146,59.13662388196303,0.13119516406877357,0.5666214951516901
2009-06-29,0.0,0.018019649090385892,-57.142857142857146,59.13662388196303,0.13556244448711477,0.5780092046643596
2009-06-30,-0.02420070842880695,0.018005901259541504,-57.142857142857146,54.68756931213946,0.13409387183622734,0.4560955843481809
2009-07-01,0.0044286923392682365,0.017714629869835883,-57.142857142857146,55.333793029385035,0.12395248683882659,0.399461152312531
2009-07-02,-0.03880082880588909,0.014826820712044554,28.571428571428573,48.745547563029234,0.12379984656600687,0.30912021223428243
2009-07-06,-0.03211017483602563,0.009581230718397251,28.571428571428573,44.23390815726997,0.1307685712078719,0.13044059216043566
2009-07-07,-0.04360178818504956,0.0015669872411715913,-35.714285714285715,39.11043659077919,0.15335476022255112,-0.38925897502621604
2009-07-08,0.0019821582507817403,-0.004904219567944578,-42.85714285714286,39.43887987055851,0.17249287695094906,-0.1825657107102119
2009-07-09,0.02176060779033029,-0.008005835391301704,-42.85714285714286,43.07625704852593,0.1740981547319822,-0.1985013055774196
2009-07-10,0.0038724016927116356,-0.010078534918858474,-42.85714285714286,43.737945031697095,0.1750528809596813,-0.05493923496545773
2009-07-13,0.011571763742753483,-0.010566409524508637,-42.85714285714286,45.774272145430025,0.17249462993955544,0.19346399428543645
2009-07-14,0.020972763404885297,-0.009055599358924062,-42.85714285714286,49.390855120439205,0.16956573874382166,0.44263530754768504
2009-07-15,0.041082363137125766,-0.0044775995487025735,-42.85714285714286,55.74751924596277,0.17067253919024883,0.4082379289883478
2009-07-16,0.05201812234911696,0.002879990296257159,-42.85714285714286,62.44402614701182,0.18117533291678561,0.7340860379416202
2009-07-17,0.02898580835890341,0.010447627478368417,50.0,65.71896553684844,0.20328470989328512,1.1251219785472018
2009-07-20,0.012427272817579826,0.017100030599805697,57.142857142857146,67.0827093864638,0.22597941627883503,1.2568261330268327
2009-07-21,-0.020457707885645493,0.0210156068045065,57.142857142857146,62.61209913158176,0.23400506031331955,1.1827307850694002
2009-07-22,0.02506174195775812,0.02493829647258462,71.42857142857143,65.57672917059602,0.2454662117416533,1.2508498001990802
2009-07-23,0.059494970620127985,0.03102990428046138,78.57142857142857,71.4991689616085,0.28051024233570665,1.5735383775792156
2009-07-24,-0.0030768194322734477,0.036412674751574885,78.57142857142857,70.78060058226949,0.307842414774012,1.8243350042935833
2009-07-27,0.004629322360124588,0.040322578300082894,92.85714285714286,71.24737431687531,0.33173062156281785,1.8166769363736475
2009-07-28,0.0015363972190900466,0.0431141564367482,92.85714285714286,71.41135974082984,0.35215001840218546,1.6978113411265097
2009-07-29,-0.019938426505785922,0.044148138592672845,71.42857142857143,66.13203459617316,0.3628379596340441,1.4830162677840757
2009-07-30,0.007824612986110369,0.04404745747863231,71.42857142857143,67.13829690198585,0.37325613098974475,1.1767660399703272
2009-07-31,0.0038820836567474704,0.04387451255939832,71.42857142857143,67.65577328888533,0.37735847577125115,1.0153430174200073
2009-08-03,0.027068592387434975,0.04433179175100632,100.0,71.08779377657251,0.3776957136108514,0.9373453521591678
2009-08-04,0.006777100452650897,0.0453242594005518,100.0,71.91310769833053,0.361589977998956,0.8716723609687181
2009-08-05,0.0022437293671304648,0.04589513243589579,92.85714285714286,72.1979856011146,0.3383272242825083,0.8959691060795186
2009-08-06,-0.020895402774078087,0.045175974110340314,100.0,65.51830029429233,0.30977544521744177,0.48280987048472584
2009-08-07,0.04496965725994717,0.04489856891027861,85.71428571428572,71.50152309978715,0.28350917670508247,-0.015246596358714976
2009-08-10,-0.032822618370091816,0.04453620248400341,85.71428571428572,62.58206609809358,0.24339217830314236,-0.45469720737905045
2009-08-11,-0.023378842592688187,0.041659962514465104,85.71428571428572,57.280876058977185,0.1976128509818172,-0.7439955059989796
2009-08-12,0.03706589421858508,0.039585987354996036,78.57142857142857,62.568099252129215,0.1638705413430122,-0.6413640601141838
2009-08-13,0.029783925128876065,0.03986511646359785,71.42857142857143,66.31009723025846,0.15357850727164732,-0.33997133761909937
2009-08-14,-0.029645847117159452,0.03932751213164823,35.714285714285715,59.719967618410244,0.14142091789705416,-0.2585366110183654
2009-08-17,-0.041728617296894144,0.03566330925630251,35.714285714285715,52.10330612046179,0.12961042317410212,-0.23504654693821123
2009-08-18,0.036547284411001524,0.03276241378871099,35.714285714285715,57.05395971729239,0.10418824578162414,-0.05511134738241194
2009-08-19,-0.011252800001094854,0.030547532222223568,35.714285714285715,55.096641588817086,0.08425394159434284,0.12630556046101307
2009-08-20,0.03945396758596287,0.03013053172129726,35.714285714285715,60.194822323516696,0.08938725524984215,0.5034917668263168
2009-08-21,0.0167882020828527,0.031184571874102826,-42.85714285714286,62.23705717828706,0.09838093664206374,0.8655349535192536
2009-08-24,-0.02799727894542392,0.030670051792554588,-42.85714285714286,56.905577365548524,0.09809259686279768,0.7882704339373696
2009-08-25,0.008862907769893846,0.029657837037423408,-42.85714285714286,58.095109023199754,0.09892860976088287,0.7529192295435453
2009-08-26,0.011712823168579689,0.02932874215472244,-42.85714285714286,59.69261239954869,0.09596370434424731,0.8525535192772415
2009-08-27,0.013748268476180714,0.029694168763434912,-42.85714285714286,61.56638408098922,0.09746682855786087,0.9987024268957578
2009-08-28,0.05139188904962433,0.032388820102504726,64.28571428571429,67.69500884829134,0.12189917211495285,0.9982886597547985
2009-08-31,-0.014256688701034026,0.034624428238938736,64.28571428571429,64.46609441083562,0.1356621215966549,0.9823408096052736
2009-09-01,-0.03374624479746835,0.0340721848539891,64.28571428571429,57.56647929648329,0.13731654495674517,0.5775266790488058
2009-09-02,0.014254959203867212,0.032970956850392336,64.28571428571429,59.47305383446473,0.14131659857845041,0.42079749172710873
2009-09-03,0.023893242177132068,0.033219900547517674,64.28571428571429,62.55339029155841,0.1468073880072857,0.5772287419315592
2009-09-04,0.03706231461172438,0.03528786158891479,100.0,66.86147526014771,0.16985392254453366,0.7822542489621446
2009-09-08,0.027796125520294535,0.03858101706484282,100.0,69.77414725675159,0.19588052510951107,1.0918120620297307
2009-09-09,0.02768822636508461,0.04250112303053214,100.0,72.44450338605266,0.22082202923239444,1.395152337622099
2009-09-10,0.0319550956621204,0.04695127099965589,100.0,75.23868931476436,0.2589851171965483,1.6749531081735434
2009-09-11,-0.00910745587241979,0.0506688513056969,85.71428571428572,72.89736630217345,0.2850107033254516,1.5589161704468066
2009-09-14,-0.01654409518722244,0.052209973881179005,85.71428571428572,68.75020165915309,0.29368671079639125,1.3656481220891057
2009-09-15,0.020560313278358278,0.052710992239952625,100.0,70.92717428096466,0.29261207121149646,1.2253926384559002
2009-09-16,-0.026861682955949817,0.05259694444049045,92.85714285714286,64.47745941719076,0.2872572718831739,0.9543678682455874
2009-09-17,-0.04391511316778063,0.04943603557849613,85.71428571428572,55.7859927807542,0.26847032520528225,0.5473287198100727
2009-09-18,-0.0013119072536899035,0.04445704106603572,64.28571428571429,55.55564522400381,0.25747814157256915,0.2185015610278361
2009-09-21,-0.004599120027613535,0.03981483888820046,64.28571428571429,54.70399038807246,0.24866834995530981,0.049801211834177246
2009-09-22,0.001980195294276843,0.03565049273581041,64.28571428571429,55.022226425898445,0.23034656064499867,-0.06289249393273015
2009-09-23,-0.01581042667048993,0.03127646667697349,57.142857142857146,51.88183263581752,0.2124973892735574,-0.3466885079653849
2009-09-24,-0.013387126208490363,0.026328946370137246,50.0,49.35384938513391,0.19768123594424208,-0.6793128845606933
2009-09-25,-0.016281944149843186,0.020860957422467862,-57.142857142857146,46.430298077928626,0.18885784754008353,-0.8361463781791512
2009-09-28,0.022758502171157158,0.017416875349816514,-57.142857142857146,50.75031901567131,0.1879499350899608,-0.8556070798441882
2009-09-29,-0.018206141941979115,0.013680453194073077,-57.142857142857146,47.38345644414463,0.18740708747252022,-1.0225931644710111
2009-09-30,0.03228008692878914,0.012515170709314967,-57.142857142857146,53.20344656155741,0.17267198190689137,-0.7562738784543607
2009-10-01,-0.07119077829649412,0.006584462120573587,-85.71428571428572,41.85331136568482,0.17910782566294145,-1.09812854333149
2009-10-02,-0.00787973848350021,0.0004865568318131978,-92.85714285714286,40.88758955260421,0.19355502835523822,-1.3143243005648328
2009-10-05,-0.005054239065169219,-0.004764791240084812,-100.0,40.251097591845294,0.2118951807224631,-1.2913166172320418
2009-10-06,0.016690930368991053,-0.00737221284088377,-92.85714285714286,43.37037469256911,0.22211129003694177,-1.2304296032361084
2009-10-07,-0.00785124532006709,-0.01009792814810123,-85.71428571428572,42.23477352613558,0.22765978164782835,-1.109413301973633
2009-10-08,0.0064744347820215875,-0.011481859043098187,-100.0,43.53739535650569,0.21796157943250294,-0.3583954712584755
2009-10-09,0.012866503827830611,-0.01131421865420098,-92.85714285714286,46.15292768097291,0.20390024587679592,0.23364849694059014
2009-10-12,-0.011291537228805715,-0.012206796064043308,-78.57142857142857,44.1932504865085,0.19352822487357052,0.3345038664586417
2009-10-13,-0.003568781699751944,-0.012996836074688942,-78.57142857142857,43.570664538415144,0.16675215902856372,0.22266138362244417
2009-10-14,-0.0014328494650105439,-0.013567189217346138,-42.85714285714286,43.30780596750185,0.14634475005799494,-0.2759250562563637
2009-10-15,-0.029411354993724603,-0.016681659185681284,-78.57142857142857,38.218298742516126,0.1481253741169287,-0.8106999131886675
2009-10-16,-0.02291258772985172,-0.0209166014651942,-85.71428571428572,34.88042210334814,0.15396438941543752,-0.8677328026834331
2009-10-19,0.03630897825718149,-0.02006475450887511,-85.71428571428572,43.158382558031064,0.14716620567387315,-0.6081334575701233
2009-10-20,0.0007298308365895068,-0.019670290049508647,-85.71428571428572,43.320013177141625,0.13579597482896888,-0.5978560008134755
2009-10-21,-0.024070275027883392,-0.021588311088879354,-78.57142857142857,39.343598557023725,0.13266951405443606,-0.7194014457806228
2009-10-22,0.006726450192056976,-0.021781815412312895,-14.285714285714286,40.93593388604305,0.12938052153775953,-0.5859352342187547
2009-10-23,-0.02375627712605688,-0.024269855057608244,-14.285714285714286,37.196948109436754,0.13490895539420528,-0.6308707180156197
2009-10-26,-0.012927839105776884,-0.026906438222491003,-57.142857142857146,35.34969957315692,0.1332909152301454,-0.7601686078851058
2009-10-27,-0.033898465053597504,-0.03221257884930213,-64.28571428571429,31.05148511876467,0.14736105053906012,-0.9204632808548288
2009-10-28,-0.04146663795454408,-0.04023952249993203,-71.42857142857143,26.890240168459258,0.15867447504518567,-1.1932060372905018
2009-10-29,0.04409245099350967,-0.03970981968385886,-71.42857142857143,36.265302545694325,0.16978623672260656,-0.9788117500924569
2009-10-30,-0.04701159183249626,-0.04609067008617747,-85.71428571428572,31.43304938612304,0.1958170592751451,-1.0329896474340634
2009-11-02,0.00919731138581259,-0.04785606499386811,-92.85714285714286,33.21968133456477,0.2132789635611043,-0.9226949776826832
2009-11-03,-0.004970995507769693,-0.04966637547701992,-100.0,32.71888402025337,0.22542485843595486,-0.4570293894558273
2009-11-04,-0.002497806362168231,-0.05065718438540517,-92.85714285714286,32.45543909405452,0.23575445321114039,-0.5121634300990717
2009-11-05,0.02420632209591811,-0.0476737358282235,-71.42857142857143,37.679307300240886,0.23539049313415134,-0.38492559988900504
2009-11-06,0.07253500055604056,-0.03724328710002403,-71.42857142857143,50.366549799789475,0.22252606226798274,-0.2720290208945929
2009-11-09,0.022796622590535387,-0.028700102762241917,-71.42857142857143,53.78212601571066,0.21377300906745397,-0.2713837538469039
2009-11-10,-0.0245176330111726,-0.02489623892078203,-64.28571428571429,49.72821350387369,0.2027606991923943,-0.3687728986619839
2009-11-11,0.028180212171966534,-0.01830334390308098,42.85714285714286,53.92194277641752,0.19437030935221808,-0.48751666276687666
2009-11-12,-0.002962862419926382,-0.013741058387491994,50.0,53.40330356600883,0.19336684406909213,-0.6774035574901579
2009-11-13,0.007429312889498441,-0.009305624395668568,50.0,54.579513334031326,0.1972595795564512,-0.6266182136931402
2009-11-16,0.014011396111067054,-0.004621443749052103,64.28571428571429,56.81022102217995,0.1982181846648676,-0.5665541334279728
2009-11-17,-0.00145454407587986,-0.001117234486158624,64.28571428571429,56.4956786880891,0.19859680841799401,-0.37233728782811915
2009-11-18,-0.015295054911519501,0.00043273526686326327,64.28571428571429,53.16700300041132,0.2003079806316417,-0.19844174254885516
2009-11-19,-0.039940504564096146,-0.001594040193321685,64.28571428571429,45.70916640341764,0.19684538526334072,-0.1190520860714966
2009-11-20,-0.006163320771206293,-0.003692326574980785,64.28571428571429,44.70860024108343,0.196163693747069,0.04466125626640489
2009-11-23,0.007751827557828328,-0.004632173076262782,64.28571428571429,46.29122088721995,0.196204033812716,-0.015735856343746794
2009-11-24,-0.006153538613026033,-0.005864954918590488,57.142857142857146,45.177189175019386,0.19444468985326174,0.021154725113391015
2009-11-25,0.01160989072509988,-0.005748615944925937,50.0,47.71792167616848,0.1836247509784511,-0.034984449567207386
2009-11-27,-0.02142307644367991,-0.00751464176512369,-57.142857142857146,43.651192830924266,0.18167044527139575,-0.019908394634073356
2009-11-30,0.021110110364190637,-0.006884709173394604,-57.142857142857146,48.232691858045484,0.16659798289035183,0.2356680044473699
2009-12-01,0.019908489723181155,-0.004751690558709358,-57.142857142857146,52.25825148265376,0.1528775147456583,0.38743419517532707
2009-12-02,0.030029099492948186,-0.0007147160889570453,-57.142857142857146,57.706914345829304,0.13792430816202428,0.6889150245882237
2009-12-03,0.008018056561927445,0.0029636209433155972,28.571428571428573,59.0897936289128,0.11669241215999583,0.4444746129459428
2009-12-04,0.031092165277188055,0.00803765981512439,35.714285714285715,64.03946023799823,0.11259977699041393,0.6042312372912211
2009-12-07,0.1283306018909649,0.019700489217340446,42.85714285714286,76.86689168443732,0.20773028939215576,1.1251354684197634
2009-12-08,-0.04847773826929869,0.026759837325157097,42.85714285714286,66.05177601145738,0.23655721953777553,0.8824654194095485
2009-12-09,0.024820953586814687,0.03237576368958853,42.85714285714286,68.38554216642036,0.2669356627736825,0.8622283799254207
2009-12-10,-0.017845819495614035,0.036135811035233514,42.85714285714286,64.84810850113072,0.28499825412570534,0.6391942874197623
2009-12-11,-0.01297882149090468,0.0376624845871921,42.85714285714286,62.36647125630649,0.295042765076574,0.34072557373728724
2009-12-14,0.030243570064587777,0.039281686182088583,42.85714285714286,65.6248018546288,0.31149533285913433,0.3300741182490237
2009-12-15,-0.0012762392120566624,0.04091927036157895,42.85714285714286,65.35985734469246,0.3248374682625237,0.22879452677725431
2009-12-16,0.08051122797693555,0.04453371722958204,92.85714285714286,72.80846469936775,0.36267414074466825,0.623328318844621
2009-12-17,-0.004731383577867843,0.049101733490311626,100.0,71.7533892815981,0.3867266150700386,0.5312301244949666
2009-12-18,-0.0005942538579070122,0.051938691686245375,92.85714285714286,71.61368603335367,0.3954404227131158,0.4406371579299261
2009-12-21,0.03567201578118806,0.05444990430157654,100.0,74.78542802218061,0.406886019262252,0.5352082160278027
2009-12-22,0.02640639778213738,0.057779212480986906,100.0,76.91506662206264,0.41990702025752535,0.6830316352477402
2009-12-23,0.013982086601833421,0.06108795546187076,100.0,78.00248052364373,0.425511503820134,0.8437815599538427
2009-12-24,-0.0022061416135886747,0.06357259983311914,100.0,77.3745081740606,0.4226271692043995,0.8417605805863335
2009-12-28,-0.016030935540750635,0.06444322715336276,100.0,72.79831423508475,0.39893749901704256,0.661196695225604
2009-12-29,0.012359461055598597,0.06377716441504415,71.42857142857143,74.05207850471483,0.3753015964725231,0.6943239913711072
2009-12-30,0.036071132484154056,0.06372380177703972,85.71428571428572,77.37078757559793,0.3585584032938211,0.8720802402937115
2009-12-31,0.000535757540220061,0.06470351578860183,92.85714285714286,77.41865050444943,0.3410175057763093,0.5684028438392136
2010-01-04,-0.010171779684696625,0.06460620599915083,92.85714285714286,74.20776277373571,0.31305277500932216,0.5748771515224597
2010-01-05,0.014602684877015104,0.06351023621653523,100.0,75.74706570782641,0.2902188197522056,0.6204433092191661
2010-01-06,0.006396580931761431,0.06276510522954828,92.85714285714286,76.4206060261632,0.29659652803490066,0.807341114713808
2010-01-07,-0.019597434629601174,0.06142270334267393,85.71428571428572,69.96842468217811,0.2825085834984169,0.6989862783421752
2010-01-08,0.0021609914706597344,0.058733488073002396,78.57142857142857,70.26075174609724,0.27134959077474635,0.6786349376329084
2010-01-11,-0.014015944994854257,0.05572393767733699,71.42857142857143,65.77878850441061,0.24797239925303727,0.5407887640989979
2010-01-12,-0.03389861305491115,0.051105096528873045,64.28571428571429,56.519677447196756,0.21133076651517715,0.41554347567181027
2010-01-13,0.01358232792745584,0.04583303675425313,-42.85714285714286,58.929646861697115,0.17981538831372745,0.5270412147151486
2010-01-14,-0.01563348880883486,0.04111234885420639,-42.85714285714286,55.09309268957849,0.13852856187897722,0.5820323861555038
2010-01-15,-0.029495361195997605,0.03505607273903514,-57.142857142857146,48.74585820691554,0.13486993241259573,0.4022120015699823
2010-01-19,0.018702491781631192,0.029866059339627445,-57.142857142857146,52.38157829284806,0.12448815897836314,0.45070661463389056
2010-01-20,-0.004015984981068588,0.025746734835200735,-57.142857142857146,51.5206490525397,0.11361237922109296,0.6518307266850745
2010-01-21,-0.017857496773356463,0.021083553301835544,-57.142857142857146,47.77557545128002,0.12010226440672626,0.5721186760264012
2010-01-22,-0.034603847161653545,0.014566666937312556,-85.71428571428572,41.580684570239896,0.14298895199206338,0.06178703664133415
2010-01-25,0.017011075100959783,0.009891495597427809,-85.71428571428572,45.21158308215115,0.1552624763309646,-0.28766226047851107
2010-01-26,-0.031660809219861696,0.003904761596231615,-100.0,40.127627531853314,0.17628057664852212,-0.7350286189173217
2010-01-27,0.02714402947689054,0.001053164663835104,-100.0,45.59702150773246,0.185821300821745,-0.5148730741246564
2010-01-28,-0.033633742794740185,-0.003927269908348526,-100.0,40.52321870806348,0.20334345677501825,-0.5508209067558472
2010-01-29,-0.04350538839983209,-0.01179703243959211,-92.85714285714286,35.24392663381083,0.22687939177259406,-0.7370131817676983
2010-02-01,0.0766734969062377,-0.01074792510278568,-92.85714285714286,47.6297719791878,0.22369104023621728,-0.3415941066378041
2010-02-02,0.010259253840986915,-0.00954536371665329,-85.71428571428572,49.139048573911865,0.21910607168763946,-0.07983156239423987
2010-02-03,0.008363035786661754,-0.007847157301281155,-78.57142857142857,50.406623814445226,0.20681493932987288,0.2247297662789602
2010-02-04,-0.05805650045189814,-0.01180595222193647,-71.42857142857143,42.43414733732032,0.19820843139397842,0.0798379930145018
2010-02-05,0.020125428603465778,-0.012536350371830566,-42.85714285714286,45.467116006142064,0.18750252578776302,0.27431842221568004
2010-02-08,-0.001849646703016683,-0.013320404664607113,-42.85714285714286,45.2265257081547,0.1707697502115675,0.30717654965590485
2010-02-09,-0.008029398032618151,-0.014521815187509285,-42.85714285714286,44.13670400241175,0.15608768831337455,0.06683455223916715
2010-02-10,0.01930259013050084,-0.013414385519781614,-42.85714285714286,47.39227968683851,0.14834457244725197,0.05795160984651843
2010-02-11,0.045815537441055154,-0.00856224243095849,64.28571428571429,54.32723340702981,0.13434117151887248,0.2236442170443842
2010-02-12,0.01343433367643132,-0.003998153019686288,71.42857142857143,56.23263954091355,0.1289671561264959,0.34702426995525637
2010-02-16,0.01844385975494478,0.0009874295499667863,78.57142857142857,58.807559533997065,0.1382416487888961,0.5029631421064702
2010-02-17,0.009621184395634641,0.005539734788831306,85.71428571428572,60.14893936713015,0.14641513169063708,0.8385587558271125
2010-02-18,-0.0655831560331872,0.004086925841364822,85.71428571428572,48.4545895472538,0.14131049486600222,1.031971755193419
2010-02-19,-0.005398913462508981,0.00217856442017988,85.71428571428572,47.68655030646911,0.13938659211322105,0.9382110567065342
2010-02-22,0.001809563860601937,0.0007841350452088487,78.57142857142857,47.98255504770875,0.13915532341497502,0.7221200545061861
2010-02-23,-0.024082158226630956,-0.0022904626657175406,50.0,44.377288193897954,0.14052880418619754,0.4539545716077084
2010-02-24,0.02097452256389265,-0.0029532686686728564,50.0,47.956714079693796,0.13900759144681415,0.34916700719399907
2010-02-25,-0.00906272681720921,-0.004237124098712611,50.0,46.53406241188162,0.13938311616449475,0.505880666467161
2010-02-26,-0.012195498937875637,-0.006222290426359307,50.0,44.632662433387424,0.13834900771157882,0.45244214385994835
2010-03-01,0.040123324695284346,-0.004292764786768321,-42.85714285714286,51.55990683220847,0.12174742616188435,0.5962631495569841
2010-03-02,-0.0005933937761717356,-0.002969262295040885,-42.85714285714286,51.453263087717815,0.1219633606413731,0.48082647842871096
2010-03-03,-0.012470370738409065,-0.002927793543963072,-42.85714285714286,49.153713025675685,0.12193797377012937,0.29931192245361543
2010-03-04,0.0018038882419999513,-0.0026838206593133985,-42.85714285714286,49.500912102283934,0.12140014104206075,0.22570926982102696
2010-03-05,0.03061268073676504,-2.3463867767724982e-05,-42.85714285714286,55.11270784382967,0.11656467595552858,0.3767708358700681
2010-03-08,-0.014560636973027008,0.0008495081837003129,-42.85714285714286,52.05869555758272,0.11359322941124823,0.2823837447421395
2010-03-09,0.03723399953368833,0.0043329517278505245,-42.85714285714286,58.32571562527241,0.1162051087012528,0.39885108076394704
2010-03-10,0.002279422521541008,0.007202076916548096,64.28571428571429,58.694949021233754,0.1147196102742727,0.3540212687815092
2010-03-11,-0.02274038523875055,0.0077375189068418,64.28571428571429,53.582787073664974,0.11182194476770561,0.13330365924550563
2010-03-12,0.0034906248734827283,0.008187421119339712,64.28571428571429,54.22683006718814,0.11259265273925033,-0.0577225925709834
2010-03-15,-0.005217233105340502,0.008093729114090183,64.28571428571429,53.03816538744102,0.11112329032114276,-0.17075494244216993
2010-03-16,0.03496482995830141,0.01032272995114268,92.85714285714286,59.42401043721467,0.11285622906384685,0.04550872632552575
2010-03-17,0.01914404547471249,0.013435637932444323,100.0,62.53310278918759,0.1192150425480061,0.1323567483093045
2010-03-18,-0.035358640717152556,0.013531145023979991,85.71428571428572,54.12589650265778,0.12077953811023305,-0.08271401232792401
2010-03-19,-0.012027843975863206,0.012253826822655963,85.71428571428572,51.67100975893033,0.11921785806681703,-0.28907623146221356
2010-03-22,0.016232088639245523,0.01208310421394558,64.28571428571429,54.625957723407524,0.11952207671405538,-0.17577237607212676
2010-03-23,0.020535819829170077,0.013329450110252331,64.28571428571429,58.16734011142306,0.11678407304144572,0.04240428489225897
2010-03-24,-0.03353832330456752,0.012074047779040715,64.28571428571429,51.01994810858152,0.11222085953949124,-0.0793879158113868
2010-03-25,0.00289221861283262,0.01078998049619214,57.142857142857146,51.5542456922538,0.10398503014679955,-0.33119558695791157
2010-03-26,0.0,0.009688262823265787,50.0,51.55424569225381,0.0880423851130371,-0.4898865118223791
2010-03-29,0.012687559160081241,0.009604935941207244,14.285714285714286,54.108514930771825,0.08565325702690406,-0.3405760580512502
2010-03-30,0.00398602919293034,0.009804186048225505,14.285714285714286,54.92282571733328,0.08274781134354535,-0.21724027783622626
2010-03-31,-0.013046000977119498,0.008954556301382796,14.285714285714286,51.67784756753182,0.0729438807009042,-0.2551343794156923
2010-04-01,-0.010344739513492351,0.007335977705828101,14.285714285714286,49.22662518382502,0.062448880786085154,-0.3588025081479848
2010-04-05,0.015098777530242469,0.007009550939886464,14.285714285714286,52.71551914526567,0.06090310579533667,-0.17681408849808491
2010-04-06,-0.024600103948406615,0.004917994618973971,-92.85714285714286,46.96727451636375,0.058221375773435176,-0.0372119816451666
2010-04-07,0.006452295421753407,0.0035763959767231425,-92.85714285714286,48.514060009210354,0.0598035950547313,0.07521698358549372
2010-04-08,-0.016317447220633885,0.0012275857905531804,-85.71428571428572,44.92263182918401,0.06531290502968427,-0.22064715883567548
2010-04-09,0.00651650342594734,-0.00015229249282501067,-64.28571428571429,46.59519287973484,0.06775224619910618,-0.029860357332209313
2010-04-12,0.018246545836132944,0.00022600971780140533,-64.28571428571429,51.10202415191728,0.0675209972151069,0.25140726752529174
2010-04-13,0.020808915868320232,0.0021332661514982675,-64.28571428571429,55.76986105108956,0.06758038502055613,0.6076697609696079
2010-04-14,0.012457516434407623,0.00454400916913517,42.85714285714286,58.38438293958104,0.06941619045196197,0.7125033669248675
2010-04-15,0.007270903702364606,0.006931168452543879,42.85714285714286,59.89311234903389,0.06722209236375282,0.8764000960610278
2010-04-16,-0.05274840054614294,0.0047931416544394435,-14.285714285714286,46.59842495307399,0.06955551458853743,0.9403064320759138
2010-04-19,-0.004689324963787711,0.0023981995122606234,-21.42857142857143,45.67889080298287,0.07237120184786514,1.337642770279175
2010-04-20,0.0035335637515518936,0.0007560059280565179,-21.42857142857143,46.53109537381764,0.07398786613618043,1.3564876053327795
2010-04-21,-0.025821864652574966,-0.0026611933038922886,-35.714285714285715,41.40150575945305,0.07792579148229327,1.0405147665375887
2010-04-22,0.004216941014092868,-0.004966521489673523,-42.85714285714286,42.48776277476479,0.08418006047095587,1.0728879529584683
2010-04-23,-0.013797066932001001,-0.007934946795823038,-42.85714285714286,39.87246753794481,0.09393362479977069,1.0322410099509758
2010-04-26,0.00973210838698213,-0.009249405128581321,-42.85714285714286,42.522935610087,0.09889465943347979,0.9088331376187159
2010-04-27,-0.02831321966885192,-0.012856374653817343,-64.28571428571429,37.31878493652705,0.11047637248932465,0.5308711796634993
2010-04-28,0.001859724556831699,-0.015148155570305449,-71.42857142857143,37.84165814409257,0.11724809908186842,0.3887178504713301
2010-04-29,0.030322153627610593,-0.01394798525363333,-71.42857142857143,45.795825692185666,0.11736085777389928,0.7200855243359264
2010-04-30,-0.056456533461578196,-0.018760835176745025,-85.71428571428572,36.2203589922569,0.1344431834433886,0.3075752042942687
2010-05-03,-0.010821533462874955,-0.02277362270002736,-92.85714285714286,34.803024872141926,0.14924831049227702,0.030208869502388703
2010-05-04,-0.05083633620776773,-0.031135340839580066,-100.0,29.103820088198106,0.1844498514729531,-0.3315715186185761
2010-05-05,-0.016949044716553452,-0.03837863522441373,-100.0,27.565455704229763,0.21720069655718507,-0.621785645335776
2010-05-06,-0.02068989877999583,-0.04579357857675604,-100.0,25.802866793786123,0.25167248201218434,-0.512421752879914
2010-05-07,-0.016901024269180054,-0.05268453288660134,-85.71428571428572,24.455687761939004,0.28430326149942897,-0.3483198244175931
2010-05-10,0.042979882505970624,-0.05123554079675151,-85.71428571428572,33.766154454324614,0.2951867668656026,-0.41580315362521414
2010-05-11,-0.010988906724306635,-0.05267280959792606,-78.57142857142857,32.61191514483969,0.2996793849096429,-0.5418523733085083
2010-05-12,0.01944414477294898,-0.05022491871899201,-57.142857142857146,36.69044569277544,0.2900260853988063,-0.3559354641777396
2010-05-13,-0.002043328035914893,-0.04878448869013359,-57.142857142857146,36.43602701693305,0.27051268704676207,-0.5286174345731149
2010-05-14,-0.11535855341905377,-0.06355322870632124,-100.0,25.645979305419925,0.30044863740529365,-0.7972126073864106
2010-05-17,0.0023150131433133936,-0.06907121570975573,-85.71428571428572,26.064580551140455,0.3207891984690138,-0.7165769412482681
2010-05-18,-0.03310274127012702,-0.07794309709452751,-92.85714285714286,23.980768380086257,0.34207179547435407,-0.8005943016097901
2010-05-19,0.01592406917374589,-0.07961496541073836,-100.0,26.907842497833435,0.35678572252323,-0.5214171529686391
2010-05-20,-0.023511344315044647,-0.0848450971711305,-100.0,25.332217742690727,0.36937102112799075,-0.28574485923438175
2010-05-21,0.021669630751056657,-0.08294793659191695,-92.85714285714286,29.34235302833133,0.37240875282078983,-0.06461730890176016
2010-05-24,-0.029065261033178302,-0.08676669080781212,-85.71428571428572,27.187521718600184,0.3717705261037992,-0.14902903082419153
2010-05-25,0.02669878164342898,-0.08249211296100176,-57.142857142857146,31.985020260556812,0.3665589175227298,0.09648241685696356
2010-05-26,0.004728229746839174,-0.07921903225265463,-57.142857142857146,32.851345979221676,0.35243060702362994,-0.09272041924580385
2010-05-27,0.058823661692879003,-0.06739888674594695,-57.142857142857146,42.67952749148747,0.305601378259686,0.06379052580441022
2010-05-28,-0.02666682370259066,-0.06466994981779764,-57.142857142857146,39.67754467439765,0.2800436388797974,0.08113855618004208
2010-06-01,-0.0426178105188737,-0.06658562744915632,-57.142857142857146,35.495161572275705,0.257644013529956,-0.09127700282779051
2010-06-02,0.011128864445162145,-0.0634780391858642,-57.142857142857146,37.27527443141032,0.2478809270713612,0.02618643625574139
2010-06-03,-0.001572427246935959,-0.061115641386594935,-57.142857142857146,37.11767779541598,0.23995326853492935,0.23523633999647975
2010-06-04,-0.04724423670123801,-0.06534595046242747,-50.0,32.65717123596152,0.24445960509983086,0.13052609801006235
2010-06-07,-0.04958650269308296,-0.0731227808584001,-42.85714285714286,28.915123323701575,0.26359344044230437,-0.09762911118169518
2010-06-08,-0.027826612600256873,-0.08016171617570118,-50.0,27.12958925698579,0.2722007576843556,-0.16758862611007877
2010-06-09,-0.02415018752866227,-0.08715452129299475,-57.142857142857146,25.688250085529596,0.2838783895864273,-0.38904457977445994
2010-06-10,0.04033023019317983,-0.08350088168293708,-57.142857142857146,32.026114264642175,0.262851858410146,-0.3069833273675649
2010-06-11,0.022907460052778106,-0.07870361902996817,-57.142857142857146,35.52537576290729,0.22208177826905243,-0.13022204897859777
2010-06-14,-0.0215334712411841,-0.0789306595865527,-57.142857142857146,33.72743353634359,0.23014966767410494,-0.16091385906053532
2010-06-15,0.04929618830232574,-0.06949378111305012,-57.142857142857146,40.938085370863995,0.22655830463350596,-0.014193544757565821
2010-06-16,-0.012583548103108688,-0.06604847375001784,-57.142857142857146,39.69236583665196,0.22839491908890294,0.042193183130878636
2010-06-17,0.03823228882833796,-0.056685519487211455,-57.142857142857146,45.09059947169507,0.2250637948252608,0.3516788285412143
2010-06-18,0.006546637164281499,-0.049761440372517084,-50.0,46.01575260517623,0.22441786447536877,0.3755563863242168
2010-06-21,-0.02357699637871158,-0.04704841287302946,-42.85714285714286,43.17589195033495,0.221253053640012,0.20371484811588642
2010-06-22,-0.03746883167814863,-0.048241799025803916,-35.714285714285715,39.13935842190064,0.22499043641798086,-0.16397025793023123
2010-06-23,0.011245434047350455,-0.045780219874590036,-28.571428571428573,40.85947537049529,0.22293863994717733,-0.18267669134106226
2010-06-24,-0.04961500028930588,-0.050198731166388115,57.142857142857146,35.974184379394316,0.22740944768248625,-0.4279626282405177
2010-06-25,-0.0027002668594237056,-0.05157064419560042,57.142857142857146,35.73618066713233,0.20502178785552036,-0.4625398139390363
2010-06-28,0.001805404899305696,-0.051713932027999496,57.142857142857146,36.040044661986684,0.1869191508782377,-0.4536750551825921
2010-06-29,-0.0558557706001952,-0.0590645009739895,-42.85714285714286,31.12738349367654,0.19860816545696597,-0.6056917772738992
2010-06-30,-0.025763876738101543,-0.06549609398859946,-50.0,29.257012901610864,0.2086074086705935,-0.9012518974519602
2010-07-01,0.016650324735645983,-0.06613552018850852,-57.142857142857146,32.02641264231437,0.20453253082088382,-0.6930974993881273
2010-07-02,-0.01252382030068766,-0.06858117518111805,-64.28571428571429,31.026180124739888,0.21559174402374698,-0.45030458395245165
2010-07-06,-0.010731756563757688,-0.07067311687850002,-64.28571428571429,30.167604034026795,0.233942470965279,-0.5275920215669546
2010-07-07,0.04832340929141221,-0.06397735715813564,-64.28571428571429,38.35147338828947,0.23914544004045918,-0.281394821709896
2010-07-08,-0.030103627711655867,-0.0649101251408928,-64.28571428571429,35.43116688818957,0.2488972144153798,-0.3510181289162361
2010-07-09,0.0038799138628404783,-0.06279230229039709,-64.28571428571429,36.08633592619693,0.2576316028951066,-0.268509049108363
2010-07-12,0.018357590726764794,-0.05808331702335903,-64.28571428571429,39.23995036076056,0.2594762546020408,-0.14837682522157447
2010-07-13,0.03605264911770267,-0.04994231950287927,-57.142857142857146,45.076784119531595,0.2590986018450865,0.12820500494101345
2010-07-14,0.010073072036043795,-0.04333835363926796,-50.0,46.673735283350645,0.24979756233152176,-0.08861048379426996
2010-07-15,-0.02810461609355641,-0.04146804358669873,-42.85714285714286,42.8890057458867,0.2434233937348895,-0.35977926671856414
2010-07-16,-0.062499920217291116,-0.046436267465306366,50.0,36.0793256386836,0.2311400010247921,-0.9471378722255867
2010-07-19,0.040795899512350076,-0.04263971865348417,50.0,42.13408142728451,0.1987324822943928,-0.8143150309588292
2010-07-20,0.02485662788588283,-0.03768573366182429,50.0,45.649938989700864,0.16820477284713342,-0.24870014152321773
2010-07-21,-0.032649212053808774,-0.03803137939214831,50.0,41.954506060814865,0.1530149573745797,-0.1834948007515059
2010-07-22,0.016393483828492705,-0.03499088162622666,50.0,44.31253846777678,0.12311727514135848,-0.1309446655483543
2010-07-23,-0.017077775633139614,-0.034644542734711674,50.0,42.350763861924754,0.11520730857081796,-0.20043956273123262
2010-07-26,0.018339428466045415,-0.03146210051090334,-14.285714285714286,45.112936428441124,0.10518326659107408,0.036350635609472645
2010-07-27,-0.008530611430590751,-0.03003574479358416,-14.285714285714286,44.03661306987769,0.09175712030581373,0.1161198278080857
2010-07-28,-0.03154865556403896,-0.031886534043171454,-14.285714285714286,40.24504564789578,0.09625923287412286,-0.33287664385929633
2010-07-29,-0.09871700005641515,-0.044471566473669386,-78.57142857142857,31.41733961401163,0.1465731845269378,-1.2287455672726892
2010-07-30,0.006572163182525292,-0.05023411451818443,-85.71428571428572,32.375855846312135,0.1794004340512687,-1.3927325392838172
2010-08-02,-0.0010883504594840776,-0.05455014725351804,-85.71428571428572,32.29483286648207,0.20551223424798973,-1.574140397505471
2010-08-03,-0.026143830285331293,-0.06094602954084607,-100.0,30.33320142104467,0.2364864308391496,-1.6404661708574166
2010-08-04,0.042505397489966734,-0.05824853570907733,-92.85714285714286,36.87149268719208,0.24726184855283687,-1.2570793650300027
2010-08-05,0.012875733631202202,-0.05567421241626392,-64.28571428571429,38.824077182049486,0.25552059937187005,-0.7244569722601509
2010-08-06,0.011652666756910568,-0.0520666867322115,-64.28571428571429,40.63665586062878,0.2601915063261458,-0.33579129996872814
2010-08-09,0.00942407155181657,-0.04794573105478795,-64.28571428571429,42.146985323929286,0.26046764480531626,-0.0007270780709696333
2010-08-10,-0.04149365504442726,-0.04993347649942129,-64.28571428571429,37.57172387861537,0.25813172596833533,-0.07324766858166959
2010-08-11,-0.03896112505433824,-0.05452811507645592,-100.0,33.99493662988197,0.256992453561071,-0.2990906496702027
2010-08-12,0.009009217256051416,-0.054708914341724306,-85.71428571428572,35.46523981142519,0.2569895360293135,-0.2517827988754916
2010-08-13,0.0479909981333142,-0.04845481636802404,-85.71428571428572,42.835887449921856,0.258273019588478,-0.14122883565037375
2010-08-16,-0.025559276373246953,-0.04823736370341242,-85.71428571428572,40.0840987694829,0.2549953140832816,-0.20567317558406523
2010-08-17,0.0131148085034134,-0.04488664372330913,-78.57142857142857,42.08734482590063,0.23781990492741042,-0.2437698680271213
2010-08-18,0.005393384578863847,-0.04158461301239829,-21.42857142857143,42.94328176816697,0.22777398498105716,-0.20532243758131172
2010-08-19,0.060085917930631005,-0.031996585250803275,35.714285714285715,51.576226177305195,0.210033613771749,0.31808233602188946
2010-08-20,0.009109302128022856,-0.025012125729057963,42.85714285714286,52.81195255831142,0.19900579753215833,0.4150916752329248
2010-08-23,-0.015044858234436576,-0.02099728882632962,50.0,50.49897135248317,0.17444205724435777,0.2054974755811093
2010-08-24,-0.010183352232067677,-0.01831197211030053,50.0,48.959468922335866,0.1475254548023592,0.1887443217039194
2010-08-25,0.020575904356104457,-0.013902715919346846,50.0,52.104331619648924,0.1394142603346467,0.32880952945333447
2010-08-26,-0.012096630101539163,-0.011685311830513608,50.0,50.10934188376237,0.14118959056707736,0.13656217845219057
2010-08-27,0.03265328811608237,-0.006852897900538687,50.0,55.051777578466655,0.15198524151624643,0.307176638556535
2010-08-30,-0.047430956021484394,-0.0074135120144406905,50.0,47.45728356519322,0.14953139313406466,0.14468457362786874
2010-08-31,-0.032157635047081135,-0.010400656259548358,50.0,43.30253985795643,0.14034655908595817,-0.21822799606874532
2010-09-01,0.007502599729274806,-0.011742897753731083,50.0,44.48441945478465,0.13948019240314916,-0.5145653321104138
2010-09-02,0.018084945170478095,-0.011078345196351808,35.714285714285715,47.354581966987794,0.13921852085401745,-0.43063842450922
2010-09-03,0.034482993418691654,-0.007582614900588532,35.714285714285715,52.48954427226168,0.14305449401684325,-0.21337895965301362
2010-09-07,0.009090765479945473,-0.0042825844727654334,28.571428571428573,53.812675799073084,0.14826742505877202,-0.1773781640957549
2010-09-08,0.03303286379096759,0.0009034506767428586,100.0,58.38867608249875,0.15898819845182913,0.14823769532097347
2010-09-09,-0.013565625195743336,0.003818640934003925,42.85714285714286,55.8602039831785,0.1492536250491219,0.1852018591758351
2010-09-10,-0.010805423137566161,0.005244063648538802,42.85714285714286,53.885700445901705,0.1355239596575645,0.10659431102199497
2010-09-13,0.05660395550687314,0.010206114298492388,57.142857142857146,61.483292443911154,0.15248091781635661,0.24602364496835652
2010-09-14,-0.009398665582160737,0.013575395398741426,57.142857142857146,59.62719379857548,0.152140578616344,0.22664247844930313
2010-09-15,0.001897592450830432,0.01610538655746875,57.142857142857146,59.888012338693876,0.1520323673655166,0.39480238504021054
2010-09-16,0.0009468449372953547,0.01798268572383116,57.142857142857146,60.0270395368639,0.1497012479216147,0.4698714756034545
2010-09-17,-0.0018923917356932218,0.01914578071877394,57.142857142857146,59.58213226070793,0.15622194906428807,0.359814469128937
2010-09-20,0.015166478516090764,0.020707934579769778,57.142857142857146,62.00791274806093,0.16620971492024741,0.4112952128867366
2010-09-21,0.05415460214912882,0.024891969207141266,100.0,69.21943912640853,0.19374093238690665,0.7480276358568348
2010-09-22,0.008857384678536695,0.02916808551413042,92.85714285714286,70.2673556956371,0.21549823572771398,0.9513198186882706
2010-09-23,0.020193240893875863,0.03329565136058038,100.0,72.57962565991282,0.24196970758603756,0.8046883967015928
2010-09-24,0.05507782716942233,0.03885596413330138,100.0,77.76209528654499,0.2846211030956202,1.023823721319982
2010-09-27,-0.021207673256643855,0.04335907146728057,100.0,71.82310055747699,0.308751042741116,0.9028773243133892
2010-09-28,-0.0024994539843179453,0.04564812756595465,92.85714285714286,71.14805146503865,0.3170182035169952,0.7898763078419915
2010-09-29,-0.007519437162022413,0.04658668434464746,78.57142857142857,69.05067143586817,0.30750036265520103,0.4896750587961713
2010-09-30,-0.016834449852307087,0.04595079151387674,78.57142857142857,64.50079626842322,0.28936737324210343,0.13087206259997874
2010-10-01,-0.028253823694256663,0.043272711729647674,71.42857142857143,57.73999798733992,0.2669988357957686,-0.2914216245516881
2010-10-04,-0.009691388063612583,0.039241820296083085,57.142857142857146,55.64629332635831,0.2504780693520894,-0.4212719472693936
2010-10-05,0.0071171950955799534,0.03561897673483577,57.142857142857146,56.871148318329155,0.234023418135709,-0.641456367175514
2010-10-06,-0.04770317736427998,0.0302285399131656,50.0,47.362979169443314,0.22619268994451155,-0.9378546452037839
2010-10-07,-0.0074212013062435744,0.023847834396364304,-57.142857142857146,46.1324405273231,0.21500074560433613,-0.8647576818689269
2010-10-08,0.014953618217516729,0.01930407850987947,-57.142857142857146,48.987123043343225,0.19680459074062853,-0.5963098082541819
2010-10-11,-0.0046046444145252385,0.015503512381154898,-57.142857142857146,48.12867287335255,0.19402226436019254,-0.5443258492367914
2010-10-12,0.019426558809122252,0.013565386784805228,-57.142857142857146,51.93773017469216,0.1866220733791099,-0.2854857369569355
2010-10-13,0.0290383181433016,0.014032751034099197,-57.142857142857146,57.106613099828444,0.1779392857733932,-0.06385475268096304
2010-10-14,-0.015872995806436863,0.013486770420784933,-57.142857142857146,53.61382013253403,0.16856551177854787,-0.1119078002132745
2010-10-15,0.011648730555913422,0.013499970858705435,-57.142857142857146,55.72025058800122,0.15680586342856073,-0.16133524263395504
2010-10-18,0.006199822967742019,0.013886615166962343,-42.85714285714286,56.85628419008353,0.1480331932531262,-0.04828955029686802
2010-10-19,-0.006161622002134548,0.01368928324281499,-42.85714285714286,55.32761793476866,0.1480331932531262,0.18799965436280763
2010-10-20,0.0,0.013311222231654648,-35.714285714285715,55.32761793476866,0.14819666234929513,0.19915914978069388
2010-10-21,-0.01771511566430728,0.011656653082151582,-28.571428571428573,50.801318701113566,0.14838201630245954,0.12136995873193243
2010-10-22,0.0640221685166873,0.014235227080890315,78.57142857142857,62.52268607957415,0.13431293334697644,0.4787935835297637
2010-10-25,0.009321689174017544,0.01722580399151742,85.71428571428572,63.9554163172092,0.13163201514885986,0.6388778094459594
2010-10-26,-0.0033582997220673594,0.019272371179528798,92.85714285714286,63.01209635733961,0.12872959753307853,0.6580462028482761
2010-10-27,0.014321910639191415,0.02144604280128152,100.0,65.35132952015222,0.13362919639106766,0.7574387980747194
2010-10-28,0.0008305636152952101,0.023164877764925214,100.0,65.48958945662685,0.1425341693223578,0.645995544609106
2010-10-29,-0.002489298590154565,0.024122972806830543,85.71428571428572,64.65615967018681,0.15171579414020744,0.5343781261148705
2010-11-01,0.0016635653491796631,0.02464512736091613,100.0,64.97614189540771,0.15936336532184203,0.363099931586012
2010-11-02,0.020763982137416148,0.0259228792712387,57.142857142857146,68.78154653678173,0.17223609406856086,0.30836888113210453
2010-11-03,0.007323017532421927,0.027404809258912186,57.142857142857146,70.04342761193575,0.17600675971972699,0.42144076103766637
2010-11-04,0.0016152963001250242,0.02848405422743509,71.42857142857143,70.3303961960831,0.17338666863879695,0.19159781706666063
2010-11-05,0.01693578137858598,0.029884522779430014,78.57142857142857,73.23054593235717,0.17653255125466996,0.1527021800884128
2010-11-08,0.003965205082523626,0.031205422608941307,85.71428571428572,73.88508550678633,0.17428055896183647,0.1723570306079903
2010-11-09,-0.0055295267711695795,0.0317114194186429,85.71428571428572,71.2581080931941,0.17159065512162217,0.049490348124345544
2010-11-10,0.011914100550313167,0.03217757627514966,85.71428571428572,73.4374213666195,0.17651104645935234,0.22550427330084305
2010-11-11,-0.010203764301699225,0.031980975926164154,100.0,68.58393097640031,0.1710291401991941,0.38547992989683255
2010-11-12,0.05154652920016067,0.033583459445938504,92.85714285714286,76.8297943498064,0.18240338952603563,0.1359921802435819
2010-11-15,-0.012066445504030687,0.03514602523874559,92.85714285714286,71.83181736512253,0.18475704149347125,-0.2341410750151894
2010-11-16,-0.02977114987359264,0.0342944436747258,85.71428571428572,61.354714795078394,0.1736634121432056,-0.6390682462711994
2010-11-17,0.01652260803628236,0.0331616217580366,71.42857142857143,64.36842328014738,0.16185039975861665,-0.6723256629195844
2010-11-18,0.030960011216993433,0.033757512382523766,71.42857142857143,69.28223558882121,0.1449706886399138,-0.4963467401491454
2010-11-19,0.032281543685001024,0.03603190403078395,100.0,73.51112833813282,0.16073513552586816,-0.13705435668008997
2010-11-22,0.0007277459542944786,0.038260513503901514,100.0,73.60220624654615,0.1721106963691126,0.11314140757986478
2010-11-23,-0.02325597034228699,0.03863439034217823,92.85714285714286,65.80941713805429,0.16921739872345395,0.10954162346153162
2010-11-24,0.02455344350680333,0.03877981350905242,50.0,69.40667939420382,0.17433366629835986,0.20406876288697975
2010-11-26,-0.012345570345190238,0.03866978233841188,50.0,65.57889271712102,0.17178506579731856,0.164244259620311
2010-11-29,0.01102911053863087,0.03822137692033242,50.0,67.292880745386,0.16788873269703758,0.27630263286065404
2010-11-30,-0.01018180853115791,0.03733288516541905,50.0,64.08532425652578,0.15784795122425413,0.47186553158922473
2010-12-01,0.044085955298319046,0.03775562692206801,92.85714285714286,70.56171622175277,0.16434949337893007,0.6814861732779561
2010-12-02,0.011963019442371436,0.039374884048076514,100.0,72.09694941524145,0.1723605180962225,0.7905944909043634
2010-12-03,0.02851178579831326,0.04163194956346914,78.57142857142857,75.42566422991463,0.18727185370958582,1.0543341201132226
2010-12-06,-0.01893142290517047,0.04308654303118507,85.71428571428572,69.34188636979428,0.19186824215670692,0.9566022101975595
2010-12-07,0.032391404710451654,0.044256163725407804,92.85714285714286,73.24326339713448,0.20488079227014536,0.6154578619377368
2010-12-08,0.008678050813755833,0.04602022794990351,92.85714285714286,74.22043220337027,0.21314450484582742,0.4973341319427081
2010-12-09,-0.016545226557579396,0.04662781390931113,85.71428571428572,69.0014875823292,0.21280700337535494,0.6232440608876414
2010-12-10,0.006056606795207697,0.04616940349408824,78.57142857142857,69.8241367257378,0.206381180298509,0.6223742341573287
2010-12-13,-0.025418109706854097,0.04461028309692785,64.28571428571429,62.30577726210651,0.2039343834969021,0.3202682063411066
2010-12-14,0.0013725921830494148,0.04198881245138216,64.28571428571429,62.53441678253739,0.1969363352432854,-0.15750665314497564
2010-12-15,-0.021932890644526304,0.038601363701469105,35.714285714285715,56.616680017650246,0.17474759585024416,-0.6029541589545896
2010-12-16,0.0014017225625002627,0.03483275929843418,35.714285714285715,56.89129299984218,0.15457407002069481,-0.9303580968830294
2010-12-17,0.005598312334645916,0.03179412335789988,35.714285714285715,58.03540718937796,0.14270881968916027,-0.8466433508732817
2010-12-20,-0.0041758127543902734,0.028990977996097844,35.714285714285715,56.8173203976886,0.13834419904994388,-0.8933700277448635
2010-12-21,0.03913361603938181,0.028371437595500138,28.571428571428573,64.33957501673481,0.1372225253015462,-0.6077313170908488
2010-12-22,0.010759994685253682,0.02896480312828656,-57.142857142857146,66.15370234728904,0.12882228613926952,-0.23318400416066076
2010-12-23,-0.007318600345648241,0.028964396916891736,-57.142857142857146,63.75250844441953,0.12398316726735005,-0.09668587363030412
2010-12-27,0.005362185320905155,0.028740334662582825,-57.142857142857146,64.75454721748538,0.11296061563226974,0.0404462069511634
2010-12-28,-0.00400034128275395,0.028151797931264103,-57.142857142857146,63.34022416770756,0.10199523003333553,0.07474713329896708
2010-12-29,0.0,0.027279436548443385,-50.0,63.34022416770756,0.0806380594547076,0.09529518097588802
2010-12-30,0.0033467161269407075,0.02646349446293966,-21.42857142857143,64.09801132826875,0.07624125531271982,0.11250190714499654
2010-12-31,0.027351708304783617,0.027036347707469037,64.28571428571429,69.6399446188244,0.08216315094152159,0.32716346587824413
2011-01-03,0.027272605716309295,0.029110723742474007,71.42857142857143,74.05766183649403,0.10202114008060931,0.5725599455410284
2011-01-04,-0.003160799495761535,0.030811807524601192,71.42857142857143,72.70129180706438,0.11311616605538197,0.7843085526343633
2011-01-05,0.07672846689425827,0.035145262376829925,85.71428571428572,81.52102478035265,0.16519783490204112,1.5578032139720859
2011-01-06,0.13839799035565337,0.044712354950725806,92.85714285714286,88.97262580817124,0.29712175083549425,3.1845106933485674
2011-01-07,0.027935813338912485,0.055717927488471534,100.0,89.9731897488599,0.3918077951371721,4.3243205768223465
2011-01-10,0.038248828188873096,0.0652144041529101,100.0,91.18541199194465,0.4777262610061779,4.893402750034785
2011-01-11,-0.0155118098745608,0.07342115468934059,100.0,86.44630660267006,0.5249604331413426,4.083106056965611
2011-01-12,0.1496797973290349,0.07841266666551643,85.71428571428572,91.1512106177309,0.633754364150207,4.366070165138807
2011-01-13,0.0017138418769051533,0.08890331368919063,92.85714285714286,91.19454315813759,0.6992262601357115,4.2822092334583886
2011-01-14,0.00855020215434421,0.09607505343994988,100.0,91.4206525184852,0.742157697691608,3.9963618869305075
2011-01-18,-0.023315100082151874,0.10170084007800627,85.71428571428572,84.95933811394879,0.7564816462262672,3.5428986707996546
2011-01-19,-0.027343436238093766,0.1038099211375229,85.71428571428572,78.14631265395143,0.748415318065392,2.708386601158584
2011-01-20,0.0008923411148378246,0.10201948609294763,78.57142857142857,78.20605561551059,0.7387179721534406,2.3597886278352234
2011-01-21,-0.009362622789424346,0.09971332238149039,71.42857142857143,75.8606537028774,0.7211383017139337,1.8073841096952235
2011-01-24,0.1129611049662318,0.09436617444342048,92.85714285714286,82.58367192596292,0.7208167331373914,1.7680456544313523
2011-01-25,-0.030731452197872766,0.09757778018771202,92.85714285714286,75.70822884194897,0.6995131030957783,1.3789148578127144
2011-01-26,0.023779091667514907,0.09624613430382553,85.71428571428572,77.23876405108729,0.6719811908523605,1.1020588291775801
2011-01-27,-0.002852005341814179,0.09592775936901463,78.57142857142857,76.60055629192205,0.6316472625324177,0.8965973508403171
2011-01-28,-0.02901534822167362,0.09480565603803719,71.42857142857143,70.25826826302445,0.5744134572583798,0.6167169963072096
2011-01-31,0.006734328455140437,0.09052780279649618,64.28571428571429,70.84414119292498,0.5134314109745399,0.49199729977414863
2011-02-01,0.022993223980025457,0.08648702032895622,57.142857142857146,72.8256732792239,0.45027794032835217,0.4776918524790735
2011-02-02,0.04536176672850489,0.08374931382546136,100.0,76.3230931119459,0.3757055944343027,0.5613284456883764
2011-02-03,-0.01876504071162788,0.0836633545053051,64.28571428571429,72.00715251483838,0.30319463334438096,0.5501907130054027
2011-02-04,0.022709607071926374,0.08135187685485093,64.28571428571429,73.89497605485609,0.2760285610411696,0.5440047872637876
2011-02-07,-0.041683192344676434,0.08008225200443922,64.28571428571429,65.02930159411012,0.24004738524192804,0.30218454019013125
2011-02-08,-0.02967481513967074,0.0752689533611663,64.28571428571429,59.76139091200419,0.20887595459676414,-0.026945524854372415
2011-02-09,-0.0242982545030781,0.06844606965706047,64.28571428571429,55.88761969805943,0.16137423960657873,-0.25916433104514086
2011-02-10,-0.020179583734881046,0.06046224261481361,57.142857142857146,52.89555264680653,0.16528759416206984,-0.3903889203058224
2011-02-11,0.028482988403079057,0.05317131424793321,-50.0,56.37414974654882,0.16494401957649238,-0.34039220747468335
2011-02-14,-0.015338601348959147,0.047672639574444176,-50.0,53.9957555135028,0.1672807331640033,-0.5334825687069109
2011-02-15,-0.024232241162270518,0.04123859454704995,-50.0,50.43137495932414,0.17178505149062118,-0.7091744500225776
2011-02-16,0.03680723256438667,0.0363966889334197,-50.0,55.156316626281985,0.1634991371311013,-0.6221867791978154
2011-02-17,0.09837468102500546,0.037494447696986684,-50.0,65.08754272621749,0.16449020782962073,0.06113241521013857
2011-02-18,-0.0019469875741754405,0.040404576296102945,-50.0,64.75182932847386,0.15694209950211133,0.37242621841980333
2011-02-22,-0.09442059212886134,0.03824590863523176,-50.0,51.03183789118118,0.1603544221138496,0.19848785630088278
2011-02-23,-0.047392972136532374,0.030482172807777125,-100.0,46.23624005721036,0.1772074591465788,-0.09237224256214595
2011-02-24,0.024422945317514877,0.023925271869314802,-21.42857142857143,48.780823482303916,0.184004762073381,-0.15232393333713304
2011-02-25,0.02075069942137131,0.020318513488767013,-21.42857142857143,50.95656176378039,0.1859356694838747,-0.240494671604904
2011-02-28,-0.0198963923337091,0.01638096298513442,-21.42857142857143,48.77283629484966,0.19178373259060316,-0.31836731215919445
2011-03-01,-0.04457188165114734,0.009661173166728779,-50.0,44.285367146337364,0.20880788443586673,-0.5796076331267312
2011-03-02,-0.041570328553373725,0.0003875134530974874,-57.142857142857146,40.692485802994675,0.235222243235383,-0.8301619101743117
2011-03-03,0.005782936477828571,-0.00671077150113722,-64.28571428571429,41.37540975351394,0.2434303808177713,-0.7916700327124075
2011-03-04,-0.005270780049094537,-0.012681185014622268,-64.28571428571429,40.910347375598974,0.2527967985547206,-0.7586300993785229
2011-03-07,-0.013969031019516742,-0.018560090465217158,-78.57142857142857,39.64520185911451,0.2522979706703625,-0.6671591964009866
2011-03-08,-0.044943956859037404,-0.027641391821381128,-85.71428571428572,35.856775831780375,0.27402497655741387,-0.8188821713791786
2011-03-09,-0.020971844638771442,-0.036188984851309045,-92.85714285714286,34.28444417557955,0.3019791260410411,-0.9772807823622559
2011-03-10,-0.0637404469439139,-0.05030038095872405,-100.0,30.060420777283813,0.3488677617609919,-1.35551229702508
2011-03-11,0.007254525933275691,-0.05785439725365228,-100.0,31.035477352467574,0.3856452628901309,-1.4093527676604192
2011-03-14,0.008309947293774211,-0.06221738719810657,-92.85714285714286,32.20979846188662,0.41004346282514786,-1.367992647930035
2011-03-15,-0.029670434643252697,-0.06973619458272605,-78.57142857142857,30.215047045182036,0.43895214973685687,-1.0962904340974822
2011-03-16,-0.007360890722092672,-0.07447716107153231,-78.57142857142857,29.737608774929754,0.46677217089002665,-1.072983399502275
2011-03-17,0.018824842258335917,-0.07404216552500355,-78.57142857142857,32.64716577525296,0.47923907792848497,-0.807529102346401
2011-03-18,-0.013438121237457912,-0.07602940420315785,-78.57142857142857,31.62156412654693,0.45315057960316557,-0.8245118699934804
2011-03-21,0.007945580433145638,-0.07470236941814015,-71.42857142857143,32.9448732314631,0.40683600505580564,-0.8308020352793104
2011-03-22,-0.017455005281323377,-0.07599992693556941,-64.28571428571429,31.49158171893241,0.3982180857294111,-0.8816098309218013
2011-03-23,0.020630645042997386,-0.0719799470370247,-57.142857142857146,35.07350913158916,0.39399459826064065,-0.6572408716338859
2011-03-24,0.07973007326260917,-0.05821221042356904,-50.0,46.87272228185859,0.36770817814070095,-0.20984626200805498
2011-03-25,-0.031201212101825138,-0.05513574247639358,-42.85714285714286,43.292629635108156,0.3242965821427422,-0.28069814091245937
2011-03-28,0.0370369929910257,-0.045971078002457234,-35.714285714285715,48.19316649925298,0.2778924793393324,-0.24601813638020953
2011-03-29,-0.007763763880716423,-0.04074533390568955,-28.571428571428573,47.23749951229075,0.24638233562567619,-0.19737395466377652
2011-03-30,-0.03755856639273991,-0.04041914869669248,64.28571428571429,42.84549533574493,0.22863016066386377,-0.32891418467814715
2011-03-31,0.0005415101507371123,-0.038393214878670416,64.28571428571429,42.92479656180795,0.20287557385696858,-0.3245403488437802
2011-04-01,-0.014084210722508539,-0.0380449135909887,64.28571428571429,41.31816544583965,0.17251713846106045,-0.39209066017016514
2011-04-04,-0.03571445450508037,-0.04123029415925149,64.28571428571429,37.53559325943579,0.14499587212751713,-0.5515334379997223
2011-04-05,0.0017094740656744545,-0.041944052903803895,21.42857142857143,37.818547296071294,0.13433310330101084,-0.7561307715999062
2011-04-06,-0.006825411534455483,-0.042917806450354715,21.42857142857143,37.0947964949832,0.12992054281337628,-0.8504618310545231
2011-04-07,0.03665470112481972,-0.0386259436583776,21.42857142857143,43.324801401408024,0.12955112601835272,-0.6039715074923605
2011-04-08,-0.030386847143827,-0.039640705955207245,21.42857142857143,39.687108451718615,0.1324560825928733,-0.6290615213106422
2011-04-11,-0.01310532424683264,-0.04061329040796407,21.42857142857143,38.241118243863504,0.13754302528974938,-0.6420467980716147
2011-04-12,0.0028869077986390934,-0.04015381825104194,-78.57142857142857,38.763474818747326,0.14029201506620828,-0.4350881657715814
2011-04-13,0.022452550709340047,-0.03681026420244468,-78.57142857142857,42.825472257304085,0.1386532873830512,-0.18751834433108516
2011-04-14,0.04222960056698111,-0.02983341989522873,-78.57142857142857,49.73116233150986,0.1399636711070914,0.30345757069881873
2011-04-15,0.010804957353299338,-0.024073751667297305,-78.57142857142857,51.4163520049945,0.1409205496704231,0.5652692592218422
2011-04-18,-0.03313725080453034,-0.022940305257430887,-64.28571428571429,46.24118504498638,0.13963171036564523,0.6226311189577395
2011-04-19,-0.003869608208652786,-0.02153644450935455,-64.28571428571429,45.68211103572614,0.135233520002907,0.722625951639086
2011-04-20,0.03052167741647116,-0.017162692868218487,42.85714285714286,50.72320799377737,0.13503959605204632,0.6779002873458853
2011-04-21,-0.002692581588920717,-0.014293404875953201,42.85714285714286,50.266474476972434,0.1262188261823993,0.5044013178910622
2011-04-25,0.015658798938496643,-0.0104336818342086,57.142857142857146,52.91464142636687,0.12803741831704202,0.3501721453822269
2011-04-26,0.02604966378623974,-0.005248670102040964,64.28571428571429,57.07370634974266,0.12761450494878815,0.3620341035931724
2011-04-27,0.0,-0.0013340627241517026,64.28571428571429,57.07370634974266,0.13014879558728665,0.44008217173284403
2011-04-28,0.010881021309882222,0.002587982163114693,78.57142857142857,58.879123120931354,0.14414640669821585,0.45315983199123694
2011-04-29,0.025115430553291684,0.007436797937076021,85.71428571428572,62.80956216012422,0.1662415025178151,0.39923423007373293
2011-05-02,-0.013499852958607561,0.010262282727073002,85.71428571428572,59.43831163636426,0.17849716074694535,0.16525870612831461
2011-05-03,-0.047643248991832254,0.008902858616347745,85.71428571428572,49.480698443637344,0.1737704963861766,-0.1094567206355437
2011-05-04,-0.007450761868179612,0.006790328986543687,78.57142857142857,48.18592829371011,0.1679671457407768,-0.2317639424214068
2011-05-05,0.0005361923175724037,0.005045537823966811,71.42857142857143,48.29001324215871,0.1593510661912432,-0.19958946901488991
2011-05-06,0.035369588297450294,0.006225210718991534,50.0,54.75070382001014,0.16087099721214285,-0.038586599477268536
2011-05-09,0.02225690562620586,0.008793322417703147,50.0,58.39771093047999,0.15899877282220215,0.21337616796853312
2011-05-10,0.0015187873720774459,0.0109159349656684,50.0,58.6480895782512,0.14909408001293692,0.3455937682174621
2011-05-11,0.0045502431243791275,0.012769876289105898,-28.571428571428573,59.43693557881574,0.1364076025514166,0.40041207512322824
2011-05-12,0.03170611358016662,0.016133344816563974,35.714285714285715,64.53660181682994,0.13888406063181757,0.8738052103022623
2011-05-13,-0.10926859182242277,0.01142383641006577,-7.142857142857143,43.56466966440142,0.14181662660318753,0.32691222553684646
2011-05-16,-0.03066766817177924,0.0037209581979739496,-14.285714285714286,40.0599030512946,0.15530664859179347,-0.18601827207497965
2011-05-17,-0.0039549436980304,-0.002966861215850631,-21.42857142857143,39.630689683004505,0.1630519436095189,0.14170735353035385
2011-05-18,0.023255709085414633,-0.006185369503974145,-21.42857142857143,43.45217503721822,0.16277121411769432,0.38101318781204013
2011-05-19,-0.014412182421045805,-0.009982897868781822,-21.42857142857143,41.65157824702984,0.1718912071125616,0.3944749340603597
2011-05-20,0.01743514842536764,-0.011187643881284456,-21.42857142857143,44.59936203231935,0.1758173083714738,0.5629636326665114
2011-05-23,-0.0011055817614310515,-0.01223979506303596,-21.42857142857143,44.44336007952704,0.1809228279202366,0.7173053180019023
2011-05-24,0.003873963235394351,-0.012557263285814363,-21.42857142857143,45.16632568328216,0.18414924305363728,0.44012523109976653
2011-05-25,0.012127661194803352,-0.011591864602996991,-21.42857142857143,47.47943668427521,0.1848958307666028,0.4279870486197715
2011-05-26,0.025054435996932245,-0.008606995243154943,-21.42857142857143,52.03556561949223,0.18225294704666142,0.5339299390811448
2011-05-27,0.03613193991968333,-0.003387597886218073,-21.42857142857143,57.85582628282583,0.17638813526194078,0.7940668129577231
2011-05-31,0.027692137007706563,0.002641047237123125,-21.42857142857143,61.81810915071797,0.18059500104128412,1.2992844503244596
2011-06-01,-0.04491025713562924,0.003853193321880797,-21.42857142857143,52.89248329975593,0.1811659610470601,1.1014417448099831
2011-06-02,-0.004701984960239325,0.004306835125608782,-21.42857142857143,52.08267761187426,0.18114804314836577,0.907384796639239
2011-06-03,-0.030971430416627532,0.0021962763489561245,64.28571428571429,47.002006180406845,0.18189156032846146,0.5832963046979888
2011-06-06,-0.02112645728310425,-0.0013030004603083818,64.28571428571429,43.95007915609547,0.1838754949846778,0.22640229189729802
2011-06-07,-0.0005534748360438435,-0.004113316046178294,64.28571428571429,43.87140686654545,0.1805709929940749,-0.03396631405365751
2011-06-08,-0.027131677497779894,-0.00866719540907423,-42.85714285714286,40.08547994099509,0.17987824742773592,-0.27634400954254323
2011-06-09,-0.011383098249086787,-0.013103616046831286,-50.0,38.6205017434847,0.176988337997218,-0.2013004500832218
2011-06-10,-0.014392612615019118,-0.017755606052843056,-50.0,36.809591450426225,0.15625864111553192,-0.25340742400715716
2011-06-13,-0.00700926059780016,-0.021759729859698804,-50.0,35.93850700106224,0.16807671586846545,-0.37142969301867934
2011-06-14,0.008235129427685228,-0.023698600613178696,-50.0,37.7882019927449,0.17440346911070273,-0.5440803660174873
2011-06-15,-0.021586904892796577,-0.027400358186332657,-78.57142857142857,34.9185714243727,0.1858557349098099,-0.48705240449441384
2011-06-16,-0.03458575960761079,-0.033496155517665105,-85.71428571428572,30.95072812293365,0.20906236419185653,-0.6540937364531072
2011-06-17,-0.02347125400479766,-0.03993085120666877,-92.85714285714286,28.653456134366014,0.23637186238959673,-0.6841669305505065
2011-06-20,-0.01201720283181329,-0.04539056073255677,-92.85714285714286,27.552330923163193,0.2633855260078874,-0.8042413417664253
2011-06-21,0.021766513742522475,-0.04603199413433752,-85.71428571428572,32.54779022245601,0.2797224377467214,-0.6185776091416986
2011-06-22,-0.013783955443200768,-0.04853613496741827,-78.57142857142857,31.05563909005901,0.29685312443382517,-0.7060239771840379
2011-06-23,0.029859682469342008,-0.04569449259001259,-71.42857142857143,37.63385709007277,0.30336656300288034,-0.4453366450898198
2011-06-24,-0.028993932841167247,-0.04774723508420522,-64.28571428571429,34.12718862517965,0.30939598921760875,-0.45878892196569826
2011-06-27,-0.020965988983319472,-0.05047310784187803,-100.0,31.880920085381565,0.30481060819824657,-0.37333890096690187
2011-06-28,0.0058404400703682136,-0.050471780988035626,-92.85714285714286,33.17281447984551,0.27583584620774865,-0.2816687547902087
2011-06-29,0.015484101080897927,-0.04814450705552576,-85.71428571428572,36.62451975004852,0.25577184109191686,0.039735379158144415
2011-06-30,0.012706128063820765,-0.044792710776697456,-64.28571428571429,39.431951195433,0.22653442226629852,0.28642669487701145
2011-07-01,0.013174550302523791,-0.04054434899571326,-64.28571428571429,42.32126249229535,0.2030615929987633,0.5545096406124663
2011-07-05,-0.016718484062952954,-0.0391991712269907,-64.28571428571429,39.69908944299097,0.18508781457030998,0.4996316490178451
2011-07-06,-0.01322400094084919,-0.0387254533734127,-50.0,37.74051925226934,0.16235312243863323,0.4100038737885989
2011-07-07,0.003828717636170653,-0.037054123767228414,-50.0,38.6714450272804,0.14611773005026296,0.5372753746748976
2011-07-08,-0.019071732279073994,-0.03767810879851123,-42.85714285714286,35.78974195233711,0.133491521390841,0.48967984091171385
2011-07-11,-0.03499671522014458,-0.04141429442407398,-78.57142857142857,31.272434990637986,0.13320405949905634,0.18430260615964827
2011-07-12,-0.013431990863634446,-0.04446777084525218,-85.71428571428572,29.77351738917853,0.13545216141054564,0.027774383856965585
2011-07-13,-0.00204220322667914,-0.04616877441002595,-85.71428571428572,29.544764349403586,0.12726148502510032,-0.15356337357892988
2011-07-14,-0.039563481102722675,-0.052122233004782755,-100.0,25.470359319750045,0.1411862584037834,-0.6059148612292838
2011-07-15,0.0014206380912429317,-0.05451182297990528,-57.142857142857146,25.850142995070975,0.1586679452707673,-0.6147879103952755
2011-07-18,-0.021276568212202585,-0.058768388830329206,-64.28571428571429,23.884340569645566,0.1832841662982559,-0.6285411313978001
2011-07-19,0.03043436460984905,-0.05636197770013742,-64.28571428571429,31.713564077096372,0.19407219722254362,-0.3563298295997659
2011-07-20,-0.012657574693318963,-0.05692447770774071,-64.28571428571429,30.276293103273886,0.2029639374686257,-0.4283918343737363
2011-07-21,0.04700791587490438,-0.05004780678404761,-64.28571428571429,40.86020875284051,0.20249808327810206,-0.038042762595470216
2011-07-22,0.020408763967263654,-0.0435747755607203,-64.28571428571429,44.95089805030245,0.19240306950355668,0.3504911562336104
2011-07-25,-0.015999974977231934,-0.040718832813176474,-64.28571428571429,42.42289016797634,0.18928544121914204,0.5925160725864034
2011-07-26,-0.024390381732475763,-0.04039299303044524,-57.142857142857146,38.88979905724916,0.19161105185549743,0.5843854516633971
2011-07-27,-0.037500126706739634,-0.043502644101796946,-50.0,34.27823794845417,0.2001416226575299,0.3085238585159386
2011-07-28,-0.0021644993150784497,-0.04447916384134183,-100.0,34.0367638174621,0.20330593129943372,0.1457460471886825
2011-07-29,0.0,-0.044663425112283495,-92.85714285714286,34.0367638174621,0.199098076553047,0.13195021235580662
2011-08-01,0.053506987003962614,-0.037997318776719136,-28.571428571428573,45.10050131167788,0.17780946983728402,0.4903505610380105
2011-08-02,-0.01029493334139564,-0.035303522490107056,21.42857142857143,43.5075599746389,0.15976893990433527,0.012770213380350458
2011-08-03,0.02704536424834636,-0.029525030859572907,21.42857142857143,48.591635287450494,0.14460535106695513,0.08114374783424295
2011-08-04,-0.09520608863623703,-0.03645515684391528,-14.285714285714286,35.983061772359754,0.1373498808660569,-0.2994529609594236
2011-08-05,-0.033581956365553944,-0.04316366373437309,-21.42857142857143,33.03675823208147,0.14692963899444764,-0.6478094106688868
2011-08-08,-0.07876458492069749,-0.057768566143199016,-28.571428571428573,27.53354634328903,0.20074050443933775,-1.0659716062171516
2011-08-09,0.08382264213315027,-0.05441364636153473,-28.571428571428573,38.37232312145487,0.21063546723513307,-0.644385586195513
2011-08-10,-0.045630353496446174,-0.06109320316930891,-28.571428571428573,35.042131883130565,0.2321277206223944,-0.747806033487008
2011-08-11,0.08670976749736892,-0.052152770428662565,-28.571428571428573,44.456660110894305,0.23432147880815993,-0.4328078091869938
2011-08-12,-0.0395226942867809,-0.05364607381213436,-28.571428571428573,41.266304101560216,0.242738449482911,-1.1294317745290063
2011-08-15,0.0380433270325109,-0.047674819008334354,-28.571428571428573,45.18301233447114,0.244663422677858,-1.0573682974062006
2011-08-16,-0.02842161174007163,-0.04761407784717534,-28.571428571428573,42.79936712526398,0.24886148213539663,-0.994354416005292
2011-08-17,-0.013857295113060886,-0.04769760192949197,-28.571428571428573,41.677703828522795,0.25551667075941714,-0.9628259188726963
2011-08-18,-0.06791511998731947,-0.05591015036583645,-85.71428571428572,36.67497011815501,0.2704843064023571,-1.0021264062454793
2011-08-19,-0.01758834942808951,-0.06146861209256038,-92.85714285714286,35.56521340553408,0.2777687279325823,-1.121454050891525
2011-08-22,0.017903237830954488,-0.06180412489615739,-92.85714285714286,37.598677413834494,0.27784179793845637,-1.1434193357030247
2011-08-23,0.10803981760343428,-0.04836572570247163,-35.714285714285715,48.37600627666512,0.2666502188869624,-0.7330204916239834
2011-08-24,-0.014361283099035616,-0.043781687442890654,-35.714285714285715,47.086096077524395,0.26299914879193154,-0.4385626203411958
2011-08-25,-0.04294503360316859,-0.04447493328588228,-35.714285714285715,43.411915045786984,0.26264477120770796,-0.5021261065613356
2011-08-26,0.04246853537620909,-0.03797163777967954,-35.714285714285715,47.58092667704224,0.2576633299311662,-0.3002412285773983
2011-08-29,0.02690214200966734,-0.03088632205730515,-35.714285714285715,50.19060280016573,0.2358475118426965,-0.04413658694246343
2011-08-30,0.023952455633962977,-0.023293853935062298,-35.714285714285715,52.518167036265105,0.2190632393429603,0.21653843762502167
2011-08-31,-0.027047216162899512,-0.02035407518067279,-35.714285714285715,49.63031822795641,0.17685227054490185,0.13403879524215248
2011-09-01,-0.002253941754322586,-0.017530851187245667,-35.714285714285715,49.393165395192916,0.17525768913353387,-0.16648159185564862
2011-09-02,-0.02710820553504889,-0.017726118333146294,57.142857142857146,46.52047898835568,0.17519060152732405,-0.3462474486962655
2011-09-06,0.020123608845688645,-0.015379597635974743,57.142857142857146,48.83493643051723,0.16346668780318263,-0.1589394946344521
2011-09-07,0.08118341631871617,-0.0066257792999728895,85.71428571428572,57.069277092886836,0.1866044421215778,-0.06632273179543523
2011-09-08,-0.004911727014617506,-0.0009933354744694155,85.71428571428572,56.42952361800757,0.1968919591497478,-0.04804851271498818
2011-09-09,-0.02115716883980845,0.0018069702467533241,85.71428571428572,53.65316689869584,0.20296736004719462,-0.22440962934997483
2011-09-12,0.02377594497872071,0.0057569508976960245,78.57142857142857,56.20566096309063,0.2149134728561572,-0.0840015081491053
2011-09-13,0.022519040247351407,0.01038154534922505,71.42857142857143,58.58732062602863,0.23261644194200723,0.18368547692739742
2011-09-14,0.05161718428499218,0.017214856324032333,85.71428571428572,63.58575055305512,0.267177290949638,0.4457949302187738
2011-09-15,0.014398144444241812,0.023580691978031466,92.85714285714286,64.92319241407688,0.2973700218269977,0.4691548959680491
2011-09-16,-0.0025808096363231225,0.02835819228387717,100.0,64.45960274538332,0.3019628596270097,0.07600824665241611
2011-09-19,-0.020698466500197688,0.030714865107517354,57.142857142857146,60.724176885032776,0.28481424964333396,0.03568655547060021
2011-09-20,-0.025759800043694825,0.030471667902919667,57.142857142857146,56.43194707826429,0.259787841861406,-0.19650988998304644
2011-09-21,-0.018983029042680788,0.028320890430093577,57.142857142857146,53.50771722449995,0.2563850791346594,-0.5159681522630496
2011-09-22,-0.0663439925842424,0.02201956385453656,57.142857142857146,44.91425840263064,0.25042217235862463,-0.6940263479312332
2011-09-23,0.02072536061060548,0.016564988458957174,57.142857142857146,47.559645709682115,0.22900426258188714,-0.6860747635701798
2011-09-26,0.00217539209840667,0.012599103283604158,57.142857142857146,47.848610539890814,0.21831684427585327,-0.47578668323509493
2011-09-27,0.0014474591382067636,0.009478267720706132,-42.85714285714286,48.05416518006231,0.2131680066227084,-0.4990019473596271
2011-09-28,-0.030347151754027357,0.0046599833486500545,-57.142857142857146,44.121922563584576,0.2162353203735428,-0.7084638886649607
2011-09-29,-0.024590038163854078,-0.0013964797214096134,-64.28571428571429,41.26478542072403,0.22016405926719013,-0.8504924825909981
2011-09-30,-0.044308575194868194,-0.010204429637925875,-71.42857142857143,36.75927453837908,0.23718086766996246,-1.0615315275659962
2011-10-03,-0.05595536838666282,-0.022670438169298337,-78.57142857142857,32.19097170882768,0.2682916653418216,-1.3820548684599232
2011-10-04,0.09229466385575336,-0.022285643418020775,-85.71428571428572,43.88533032416584,0.2727049061811801,-0.8789337415834104
2011-10-05,0.03565897252647021,-0.019684478042155607,-85.71428571428572,47.96392149881184,0.27609138083129425,-0.39400316750273184
2011-10-06,0.039670608374228866,-0.014291809342374095,-85.71428571428572,52.2685882414169,0.27607749718841396,0.06933773391237953
2011-10-07,0.018718667343478712,-0.00883379805903522,-71.42857142857143,54.26729190982492,0.27601225494651055,0.36282587416714773
2011-10-10,0.04452263037529547,-0.001063636581342774,-71.42857142857143,58.77213633102413,0.27971852351756404,0.6397241216419673
2011-10-11,-0.010824899261121623,0.00392011864438901,-64.28571428571429,57.23034766749442,0.28037960184469485,0.4914716176857553
2011-10-12,-0.0006843500021039839,0.007739920718134843,42.85714285714286,57.12941646961374,0.2715379436775802,0.19046967795735614
2011-10-13,0.05817934577294204,0.014443131113007816,50.0,63.085655721485125,0.27066342013720407,0.3264381398823497
2011-10-14,0.016817572524717272,0.020854593777946878,57.142857142857146,64.70117245070952,0.2766912368821842,0.44636278611121866
2011-10-17,-0.049618341811632605,0.023010923346684795,57.142857142857146,56.68622787742523,0.2737246329854964,0.2912176433663679
2011-10-18,0.03614453417096164,0.025545087807375553,57.142857142857146,60.34834945083727,0.2850082329775928,0.3853695433590192
2011-10-19,-0.020025563617829478,0.026807690906499787,57.142857142857146,57.350622801375714,0.29212054697052675,0.2285013485151019
2011-10-20,-0.05009940757518183,0.024303484490107403,57.142857142857146,50.70108907691135,0.28986397375720635,0.19459711212398206
2011-10-21,0.0048580950569525605,0.0212411414558188,57.142857142857146,51.261646576344745,0.2894357047385995,0.1226229449988787
2011-10-24,0.03729286069290394,0.020887824581844395,57.142857142857146,55.467985768816774,0.2925990247997043,0.15666619608865545
2011-10-25,-0.03794943817543661,0.018651803364183494,50.0,50.512377468484594,0.29153028682936466,-0.031492135018988926
2011-10-26,0.011765051793916737,0.016782905043789223,42.85714285714286,51.89287320349133,0.2866541428684151,-0.03759354615317363
2011-10-27,0.04309149698019521,0.017960873968860334,35.714285714285715,56.71199742765135,0.2798380745196913,0.07197313575004731
2011-10-28,0.022950359027195555,0.020580766329674417,-28.571428571428573,59.159667948307245,0.25924187600446447,0.22838502024765606
2011-10-31,-0.0512819998710099,0.019630372613875197,-28.571428571428573,51.931459756655826,0.1920415323437606,0.06194462247647497
2011-11-01,-0.049999947164736436,0.01452827184915317,-28.571428571428573,46.29663091203296,0.16139917802210424,-0.09913974243002031
2011-11-02,-0.017069589599795876,0.008336490252069399,-92.85714285714286,44.60616307077907,0.14844627268913785,-0.23897174876888463
2011-11-03,0.060058096402155536,0.0075313478374052735,-92.85714285714286,51.23747758899463,0.13806973729231103,0.013361276111368397
2011-11-04,0.01160416800663211,0.008017405961855111,-71.42857142857143,52.491952996638936,0.13168166547103738,0.3491318580363547
2011-11-07,-0.005398630230587953,0.007986999619532635,-71.42857142857143,51.81632526526786,0.13178439784905147,0.5185869242957752
2011-11-08,0.023066816987743488,0.009459939071515459,-71.42857142857143,54.49669963856086,0.13161211245551757,0.6935392288297866
2011-11-09,-0.05039772622680416,0.006978609420417314,-21.42857142857143,48.06094080291365,0.13479597138204155,0.527385517890471
2011-11-10,0.010474572050770847,0.005341296432344909,-21.42857142857143,49.33271202430778,0.131303655419259,0.40596208630228814
2011-11-11,0.03524565417653358,0.00663217256334451,-21.42857142857143,53.50170622817254,0.11920378987419115,0.8766194833118447
2011-11-14,-0.019359464897468648,0.006287820098249394,-21.42857142857143,50.93522701294666,0.11881619167193279,0.8368763898404337
2011-11-15,0.01293404248712493,0.0067877738040359676,-21.42857142857143,52.54150082035741,0.11037287959644546,0.8907303849291003
2011-11-16,-0.02016135318624024,0.005671048900881367,-21.42857142857143,49.77088450345122,0.10709099798295853,0.6473925408660783
2011-11-17,-0.035665342867642225,0.0018426908937404824,-21.42857142857143,45.31081373886608,0.11245837407219422,0.3819366075749065
2011-11-18,-0.009245892521956622,-0.0020990322210973664,-14.285714285714286,44.243407219030686,0.12058515137105047,0.20154750322582515
2011-11-21,0.05025090978596358,-0.0011123147190940043,-64.28571428571429,50.944713383535245,0.11838105839720403,0.5707909196677626
2011-11-22,0.030759041156783518,0.0019873291929743604,-64.28571428571429,54.71299576816543,0.12063845464212887,1.0243445944877019
2011-11-23,-0.0424402632846419,0.0010251305294491889,-64.28571428571429,48.95345230741861,0.12136999047172713,0.7624529990554962
2011-11-25,-0.027700613014986608,-0.002076681373435989,-64.28571428571429,45.71443831888926,0.12070064635404203,0.446144225383209
2011-11-28,0.05626734617362872,-1.6595021254668408e-05,-64.28571428571429,52.41148598940503,0.10419339862553409,0.3314281374528027
2011-11-29,0.005394640265919515,0.0019308753191592044,-64.28571428571429,53.043259757707304,0.10537306399842752,0.286454923682621
2011-11-30,0.04828950029797752,0.0069510865051621035,42.85714285714286,58.39632582115832,0.11824004111582972,0.5052401572511959
2011-12-01,0.012156263633052777,0.011702247485281644,50.0,59.70190290851309,0.12598139123763674,0.7415561152709331
2011-12-02,-0.006321104704696157,0.014946949667558971,57.142857142857146,58.658559323744655,0.13827354068355294,0.6939613323868148
2011-12-05,-0.015267239491787987,0.016291259499245543,57.142857142857146,56.123533064508656,0.14395531739269393,0.4294817946219313
2011-12-06,-0.014211616982176323,0.016071997097435745,57.142857142857146,53.827179584383366,0.14593965246982935,0.1886225079776487
2011-12-07,-0.005897763390003363,0.015151929887200398,57.142857142857146,52.874057339811145,0.14652382775442582,0.18638338859385103
2011-12-08,-0.03164169492707791,0.012040562587328999,57.142857142857146,47.99300920497173,0.14309931593378972,-0.019127572737303995
2011-12-09,0.014295511304911024,0.010074137306203535,57.142857142857146,50.160727612444155,0.14081056486134208,0.05608794963392393
2011-12-12,-0.02483209688908672,0.006738053600099897,57.142857142857146,46.48442313276476,0.14240068351945934,0.19057135572905184
2011-12-13,-0.02752912309429345,0.0016972063118271528,35.714285714285715,42.829845289706725,0.14880781916224792,0.04366989276946305
2011-12-14,-0.03892421715067351,-0.005749833451557249,-57.142857142857146,38.363642827895546,0.1667393542187106,-0.17860320304501223
2011-12-15,-0.008836606701567717,-0.012387112693259495,-64.28571428571429,37.44614102539885,0.1843740267953518,-0.4373480223015928
2011-12-16,0.0037146080320702435,-0.017046291734655262,-64.28571428571429,38.11028611631627,0.1945689233017234,-0.7039989710781825
2011-12-19,-0.02590689369729826,-0.023206148835637375,-78.57142857142857,35.286000742042624,0.21095638419741922,-0.9395410359586438
2011-12-20,0.05623143137829678,-0.02170631679257929,-78.57142857142857,44.629209274485234,0.21615564739864476,-0.7860843917181439
2011-12-21,-0.012950463490321584,-0.022577281531165137,-78.57142857142857,43.002747177555065,0.22134213516480747,-0.6385418501496308
2011-12-22,0.043003167744555926,-0.01855103490343419,-78.57142857142857,49.49900772338562,0.22180915780309754,-0.2808511867507934
2011-12-23,-0.009782994176542159,-0.016859819470138822,-71.42857142857143,48.09819540871306,0.22074162821856108,-0.15261502843882707
2011-12-27,-0.007763144534325361,-0.015942107894802823,-64.28571428571429,46.97329158578183,0.2223799382732937,-0.16219760524766227
2011-12-28,-0.024893101290755948,-0.01735589548245557,-57.142857142857146,43.488309810353286,0.22668758672321665,-0.2697650052003022
2011-12-29,0.018964234426143367,-0.016128241097731137,-50.0,46.65452429318015,0.21652757183196436,-0.19566760998657381
2011-12-30,-0.007874005464029499,-0.01598970969517352,-42.85714285714286,45.493202528401525,0.19853495136263868,-0.23626337670634617
2012-01-03,0.01298727798343391,-0.014375941984544888,-28.571428571428573,47.783745546099816,0.1763389829366589,-0.4601083761422316
2012-01-04,0.011395436460105657,-0.012061890347853835,-28.571428571428573,49.80289273676173,0.15579264806184262,-0.38310368100244635
2012-01-05,0.035915823816633274,-0.007117617425318525,78.57142857142857,55.68548569116963,0.14302075336994616,-0.05509054885920118
2012-01-06,-0.0115566601500241,-0.004463917745129067,78.57142857142857,53.437508158984905,0.1286821226456792,0.0964068376736578
2012-01-09,0.0,-0.0022687384747060156,92.85714285714286,53.437508158984905,0.12607310698496185,-0.0032231242482552466
2012-01-10,-0.0041267208040329795,-0.0008557426184721339,92.85714285714286,52.56880391812936,0.11713658799889479,-0.2163263313693612
2012-01-11,-0.020028049097260636,-0.0013564225081530853,78.57142857142857,48.46770258229797,0.11319721901167905,-0.4966945497618188
2012-01-12,-0.006342030250562125,-0.00223965385771659,78.57142857142857,47.23619994111402,0.11309722303301836,-0.38909081613208
2012-01-13,-0.026241470516900844,-0.005127220756180318,42.85714285714286,42.459388372746375,0.11107904097522062,-0.5235119790742517
2012-01-17,-0.015295054911519501,-0.008636049646776788,-35.714285714285715,39.987728414378545,0.1098851102732987,-0.901545856703421
2012-01-18,0.03402383191286229,-0.008230147219863019,-35.714285714285715,47.2336705083554,0.10458172551568755,-0.7949348436971055
2012-01-19,0.026466166955583015,-0.005776825020380341,-35.714285714285715,52.22981272605719,0.08825825921919932,-0.3205688822734225
2012-01-20,-0.009059135224404269,-0.004720560847145453,-35.714285714285715,50.42332745073238,0.08739763656865669,-0.3478999040502225
2012-01-23,0.027426501803315073,-0.00156698536061217,-35.714285714285715,55.40647614883473,0.08804477789655392,0.03092067970338899
2012-01-24,0.02258724078561225,0.0025667497690268293,35.714285714285715,59.148153811163006,0.09971001677937096,0.5388023898659992
2012-01-25,-0.006024350729220473,0.005300419296932182,35.714285714285715,57.72551544182487,0.10719332879229877,1.3694581062693136
2012-01-26,-0.009427249277189631,0.0066805390455022115,50.0,55.48987359070592,0.11021562371756723,1.2134912750490854
2012-01-27,0.013596174997107191,0.008613658702246372,50.0,57.99287005924094,0.11049767010225285,1.236870250751837
2012-01-30,-0.007377851481120801,0.009582409188257562,50.0,56.12344300256916,0.11139123621765577,1.317909958694042
2012-01-31,-0.002026848767511802,0.010040705348354688,50.0,55.597127266393734,0.10875039011923127,1.34764722984776
2012-02-01,0.010832932219833502,0.011014939098243805,50.0,57.86675772642743,0.11007690400813079,1.2720577219166593
2012-02-02,0.03750805814170177,0.014196615218216602,85.71428571428572,64.67281679459478,0.12458863917063602,1.458823071891724
2012-02-03,0.02130421211073341,0.018152346562624305,92.85714285714286,67.95764265774724,0.14633586829417553,1.405918900933595
2012-02-06,-0.007585243264497721,0.020829626582705468,92.85714285714286,65.57008997666145,0.16039535428319934,1.3510854739874236
2012-02-07,0.0025480993599371615,0.0227264925280025,85.71428571428572,65.9989657627779,0.17253632372708438,1.3431000456097855
2012-02-08,0.03621291210087807,0.0259443852990896,100.0,71.45484804923765,0.19546555379727149,1.3489606801337042
2012-02-09,-0.0006128803803725491,0.028760860872794832,85.71428571428572,71.2389561421677,0.20950445092438313,0.9459249640464567
2012-02-10,-0.02453976398989799,0.02939093524983555,85.71428571428572,63.03205465001713,0.21026998514678583,0.5585980169936321
2012-02-13,0.015723247242151128,0.029768978693936535,71.42857142857143,65.69228692652952,0.20449458842168775,0.4240103469114694
2012-02-14,0.005572424532031439,0.03035773259965944,71.42857142857143,66.62339153624396,0.18887938844815036,0.3932313646902852
2012-02-15,-0.004310099233077236,0.03038945290308341,85.71428571428572,65.14253670602348,0.1787672765220634,-0.20929318344079806
2012-02-16,0.017315751796247225,0.030812795730975933,85.71428571428572,68.18855184435083,0.17763147962454875,0.39663728661997144
2012-02-17,-0.03647396522559365,0.02935985828153915,85.71428571428572,56.74532633223074,0.16214274285070862,0.2594869447378036
2012-02-21,0.0050475586473328615,0.0272382465811345,78.57142857142857,57.763155713462375,0.15332138710673676,0.04907814969417816
2012-02-22,-0.006905526810366047,0.02500292249150112,71.42857142857143,55.818222536600636,0.1483046353201161,-0.26150802103001897
2012-02-23,0.0056889118530885074,0.02314044681099539,64.28571428571429,57.09116317676052,0.14092417549139175,-0.2804806330669409
2012-02-24,-0.007542499412463766,0.021085702204214248,-7.142857142857143,54.82306070505692,0.1282002631207546,-0.3477386597116061
2012-02-27,-0.020265886850758585,0.017842728840771992,-7.142857142857143,49.2089054816118,0.1196429443938065,-0.31413589334312464
2012-02-28,-0.009049763082085494,0.014163135907574271,-7.142857142857143,46.94392210421595,0.10864596977504315,-0.3846888109050799
2012-02-29,-0.011741498970943898,0.010174009919665494,-7.142857142857143,44.13142472897268,0.09850898777688785,-0.7035382263302852
2012-03-01,0.006600737005306945,0.007279351408172386,-7.142857142857143,46.06476998340591,0.09040502198137357,-0.8415544681782767
2012-03-02,0.008524663239481312,0.0056129526269015325,-7.142857142857143,48.557036753630975,0.0919787372838437,-0.84934590765025
2012-03-05,-0.03381026094873241,0.0016502931465359435,-85.71428571428572,40.49622110990758,0.10678384118630524,-0.9307021744591983
2012-03-06,-0.009421251920919138,-0.0024012241492106187,-92.85714285714286,38.63656549611172,0.12231026890745972,-0.7692180991968459
2012-03-07,0.006113944698880935,-0.005041874832194306,-92.85714285714286,40.52726502658931,0.13302158878652523,-0.5171854126270804
2012-03-08,0.0033762690708778464,-0.006772537790171919,-85.71428571428572,41.60384064070315,0.13604648818841195,-0.4360329081686267
2012-03-09,-0.0026916985599313437,-0.008301650337983989,-78.57142857142857,40.9650218262688,0.13740934462087803,-0.4430359293564475
2012-03-12,-0.015519720829522798,-0.010796342901723932,-71.42857142857143,37.4080461177896,0.14615850029530314,-0.5378997172298493
2012-03-13,0.013707911497730763,-0.011277209503070445,-64.28571428571429,42.114728324131384,0.14597401030369386,-0.38752135568337387
2012-03-14,-0.028397354653496354,-0.014311550646968983,-100.0,35.99366888096592,0.14935179773184065,-0.5981930784256128
2012-03-15,0.014613485418302652,-0.01488429354252927,-92.85714285714286,40.639262125237,0.14648278136174842,-0.5402044658751703
2012-03-16,0.0013719192934595892,-0.01519461288286656,-85.71428571428572,41.077950533309526,0.13190786907558452,-0.4276458653485436
2012-03-19,0.002739633093939542,-0.015020861406397973,-78.57142857142857,42.00099232201735,0.12815103029291644,-0.38990223188275963
2012-03-20,-0.01639324414957488,-0.0163213618337944,-100.0,38.140237042000166,0.12364808869494728,-0.359828084079178
2012-03-21,0.004166389118570146,-0.016556791500119048,-92.85714285714286,39.6340823838137,0.11747371911960063,-0.25100325199870244
2012-03-22,-0.0013829439852707237,-0.016739089295633454,-92.85714285714286,39.293475862186156,0.10504247279087738,-0.17928243985283576
2012-03-23,0.007617357202418518,-0.015944087933230624,-85.71428571428572,42.23409724369736,0.08993971952960292,-0.006148217011943577
2012-03-26,0.011684285144353046,-0.014141357153955945,-57.142857142857146,46.54409991057897,0.08014222828169495,0.13427116948728898
2012-03-27,0.006793557174568532,-0.012088021443225381,-57.142857142857146,48.95661594543049,0.07236506152607093,0.0768336236673573
2012-03-28,0.022941584253060254,-0.008393627135174407,35.714285714285715,56.1951130833697,0.07257297690035233,0.10886925282891602
2012-03-29,0.004617924893664194,-0.00522340148254849,35.714285714285715,57.530613155070185,0.0720693590479755,0.20393524496268156
2012-03-30,0.011161905042256448,-0.001799811626702513,50.0,60.666504187400335,0.07272498484471578,0.40325191684811823
2012-04-02,-0.004545617646471434,0.0004974718966569328,50.0,58.74296603400978,0.08032899798102917,0.501363976496779
2012-04-03,-0.016307788596228834,0.0010137333308052581,50.0,52.358202988828175,0.08228294153933326,0.30688702499994497
2012-04-04,-0.0285144654706605,-0.0009001271629960618,50.0,43.583623285581254,0.08267221338353081,-0.006111720764823595
2012-04-05,-0.0013656305719769168,-0.002525032033661434,50.0,43.22069372603821,0.08297863110023523,-0.28595939743066334
2012-04-09,-0.012986643932935471,-0.004867550702333471,-35.714285714285715,39.82873601970843,0.08513883747402974,-0.2071142960474905
2012-04-10,-0.01939082622860444,-0.008329723921340456,-42.85714285714286,35.41728866937252,0.0916894433995456,-0.3840241616054233
2012-04-11,0.012711942405784216,-0.00973411823450199,-42.85714285714286,40.01678771824922,0.09444580938605601,-0.626903685774505
2012-04-12,0.023709874358078586,-0.00870757410401757,-42.85714285714286,47.60702373543053,0.09210128327117445,-0.5045730825916179
2012-04-13,-0.035422391221146876,-0.011203268503454033,-42.85714285714286,39.39614737692585,0.09772146691855846,-0.6182791323697652
2012-04-16,-0.012005544418857816,-0.013905024545427235,-71.42857142857143,37.14088746085672,0.1064579958865788,-0.6659681268875954
2012-04-17,0.00214410678054211,-0.015552278515287515,-71.42857142857143,37.81730695687137,0.1133884834184156,-0.8114434441786876
2012-04-18,-0.010698433733461354,-0.017732078401134145,-85.71428571428572,35.74591204691616,0.12177996190366124,-0.7615298875460786
2012-04-19,-0.015140662404684702,-0.020626151228874165,-92.85714285714286,33.01898174872143,0.13449174389041366,-1.0277525767408104
2012-04-20,-0.01976571109800651,-0.024506085752018156,-100.0,29.864491187261905,0.15233357592369706,-1.352504118518249
2012-04-23,-0.011949490381794492,-0.028231378693319802,-100.0,28.14828668864544,0.17145711033562372,-0.996642433490697
2012-04-24,-0.0309898416877058,-0.034125803728270614,-100.0,24.29551074973442,0.19771700989712454,-1.1321931056746057
2012-04-25,0.020280475329327308,-0.03531367773837212,-92.85714285714286,30.7670339238498,0.2109217512234512,-0.836686730647188
2012-04-26,0.000764624718122997,-0.03628462899639203,-85.71428571428572,31.011341558830612,0.21590355879109122,-0.6542693327636792
2012-04-27,-0.008403450030217363,-0.03763964836195143,-57.142857142857146,29.767149933479686,0.21768459581753588,-0.5428172433185335
2012-04-30,0.001540729786819961,-0.03785018832311092,-57.142857142857146,30.31454065776366,0.20988277952251524,-0.3768731456264161
2012-05-01,0.017692388433340644,-0.035588167643941605,-57.142857142857146,36.44921285176107,0.1940275035163101,-0.17157781210086312
2012-05-02,-0.028722369180735896,-0.03728815474581559,-57.142857142857146,31.51319585191988,0.18586936537554374,-0.3842251924090269
2012-05-03,-0.017120598258446695,-0.039411071010454574,-100.0,29.05959039979659,0.18831649698075506,-0.6096119298890944
2012-05-04,-0.029295079884837594,-0.043734449363266474,-100.0,25.468137809888454,0.19581363753624073,-1.001217489986103
2012-05-07,0.017128101137075635,-0.043578687615278874,-78.57142857142857,30.702734128329208,0.19679664399648022,-1.198455308611796
2012-05-08,-0.0008017148399287466,-0.043635976197403815,-92.85714285714286,30.592573027054293,0.19971310789110788,-0.9866331411615841
2012-05-09,0.00401304566705174,-0.042664844573949194,-100.0,31.90850853828116,0.1943044789166788,-0.614295739739504
2012-05-10,-0.007194026504604212,-0.042433576688466916,-92.85714285714286,30.777454560068772,0.17392676762106618,-0.44412383200344774
2012-05-11,0.06360667042956769,-0.034272592195537153,14.285714285714286,48.151253216872114,0.158424420597127,-1.0091800842554368
2012-05-14,-0.006056306971801928,-0.03014194586104603,14.285714285714286,46.86833866396704,0.14496992174537074,-1.1141863269339285
2012-05-15,-0.009900782736247948,-0.027460257291845452,14.285714285714286,44.78054475832593,0.12701544737505954,-1.311574616734897
2012-05-16,-0.02000007819618621,-0.026944471350201192,14.285714285714286,40.860118809977685,0.1107837466178145,-1.5098073892799058
2012-05-17,-0.0070636408982047705,-0.02654522119780381,14.285714285714286,39.568883706963476,0.09853066699339008,-1.6732596144603364
2012-05-18,-0.04506003382111656,-0.030760326010815787,-35.714285714285715,32.55189240069492,0.10467848683410855,-1.845258035185657
2012-05-21,0.017384412740413246,-0.03080847769941213,-35.714285714285715,36.985592002912114,0.10543840766739283,-1.5926186555503092
2012-05-22,-0.0122052413068795,-0.032274469640699174,-50.0,35.20541934565703,0.11334389797291398,-1.3375120219503467
2012-05-23,0.02471177769437638,-0.030043259765352538,-57.142857142857146,41.291523509869755,0.11179325690889634,-0.8243064427964338
2012-05-24,-0.026527195854932017,-0.03151471343208395,-57.142857142857146,37.1570887434421,0.11458885172114207,-0.7376784175606688
2012-05-25,0.023946904950110648,-0.029060792725524864,-57.142857142857146,42.5965945830805,0.11294119216581937,-0.5198890702063563
2012-05-29,0.025806844899327608,-0.024688671111596738,-57.142857142857146,47.950462676752814,0.10969022476417108,-0.3225698048455131
2012-05-30,-0.011792538373187944,-0.02276382505439787,-57.142857142857146,45.79438262921806,0.09943597706935263,-0.12675160928441365
2012-05-31,-0.011137614264175255,-0.021897873901886973,-57.142857142857146,43.81420259502112,0.09750806752124362,-0.05287749832770084
2012-06-01,-0.03620258112354202,-0.02454556618979188,-57.142857142857146,38.109949968133634,0.10472153999804197,-0.2526661231997373
2012-06-04,-0.020868516888323918,-0.027943677280350857,-92.85714285714286,35.35592110712086,0.11702973607564413,-0.46630908333131565
2012-06-05,0.02898580835890341,-0.02678893841558346,-92.85714285714286,41.5430065482603,0.12058391176923126,-0.32665582490801187
2012-06-06,0.026511760089594105,-0.02345882439518918,-85.71428571428572,46.71230394428477,0.12069940027645233,-0.04649286212819504
2012-06-07,-0.040355393969279896,-0.025367440876371963,-78.57142857142857,40.661778925560014,0.1270927184894839,-0.2546287139762272
2012-06-08,0.019344517633879565,-0.02379730873256842,-28.571428571428573,44.23975838645004,0.12897522044816934,-0.15553630335790755
2012-06-11,0.011551461559628606,-0.021503247511424795,-28.571428571428573,46.35995981466727,0.11504942852319734,-0.5678593644227803
2012-06-12,0.020391163538572954,-0.017686474621492428,-28.571428571428573,50.014825521292806,0.10089003853938668,-0.6634496892984731
2012-06-13,-0.02637865280068541,-0.01739436042633096,-28.571428571428573,45.598186767225755,0.08816818530040638,-0.8603729730527657
2012-06-14,-0.012315572172058697,-0.01779341423299058,-28.571428571428573,43.70872540356412,0.08323044936606264,-0.9859977178725691
2012-06-15,0.021612606982123195,-0.01567059412960475,-28.571428571428573,47.75011944655957,0.07787237340851463,-0.7219578517444242
2012-06-18,0.008950142675672845,-0.013290828465308727,-28.571428571428573,49.40509147909309,0.07778153946005227,-0.4588874285344197
2012-06-19,0.06774207449027969,-0.005600474237492781,78.57142857142857,59.860867323840274,0.10472824299880891,-0.09082790296641205
2012-06-20,0.015861008455109626,0.0010761051983231222,85.71428571428572,61.97642901757527,0.1313856964742674,-0.06748307363621706
2012-06-21,-0.045353204013450665,0.0027322690602754477,85.71428571428572,53.20437654949027,0.1353947905527406,-0.3354614704505022
2012-06-22,0.012461045277154525,0.0048917298318767975,85.71428571428572,55.003365941268015,0.14001788583907984,-0.360894819176815
2012-06-25,-0.03153842675889518,0.004169839771120379,78.57142857142857,49.72777680026499,0.14036862426078575,-0.6130689349389816
2012-06-26,0.011120234344252466,0.0042715119226152025,64.28571428571429,51.44053700891597,0.14046992383307286,-0.5214224796006288
2012-06-27,0.032207133213885575,0.006692117382692593,64.28571428571429,56.15188336206778,0.1484042676488218,-0.23581791506448793
2012-06-28,0.007610341018260414,0.009154188032009876,28.571428571428573,57.24155744763014,0.15745769497666387,0.11471787190819764
2012-06-29,0.04380669321504427,0.013903906871078814,78.57142857142857,62.98688699334068,0.17585936119551798,0.5512768669018793
2012-07-02,-0.02677285453483602,0.016062047572171816,85.71428571428572,57.66389280712876,0.17224992670486827,0.46098001279829426
2012-07-03,0.02602246836954758,0.018855388210295053,85.71428571428572,61.01974789518329,0.18119204638196285,0.5038479614840348
2012-07-05,-0.01014481968322245,0.020547369822599488,85.71428571428572,59.005009966497056,0.18782968274475562,0.532672070463558
2012-07-06,-0.019034029354853987,0.020356518098730306,78.57142857142857,55.34984242533002,0.17778977010523236,0.4630976725997415
2012-07-09,-0.013432821449798404,0.01884421181411874,71.42857142857143,52.906401967898674,0.16901416705030428,0.35982419731057996
2012-07-10,-0.030256758937576844,0.015276010686306903,28.571428571428573,47.851134694339734,0.1616329197411464,0.03862397632663108
2012-07-11,-0.016380833565708963,0.0107144564776379,28.571428571428573,45.39850231363945,0.16029622063349183,-0.3233938953605024
2012-07-12,-0.016653737324128226,0.00558365552845343,-50.0,43.023659118465105,0.1554736780656557,-0.40941467567881323
2012-07-13,0.01290321224485047,0.0023569025872912912,-50.0,45.368502314263694,0.1430232977886855,-0.288894639647368
2012-07-16,0.0031851251253203205,0.0001114177668384221,-50.0,45.96726876788366,0.1366440191106046,-0.12674734578464406
2012-07-17,-0.01825414868896258,-0.003157073115896816,-71.42857142857143,43.04614806693733,0.1373417191381902,-0.11530559678380822
2012-07-18,0.0557801480122293,-0.0011686175431225969,-71.42857142857143,52.74741048735257,0.13677233063080638,0.14240854556472604
2012-07-19,0.00995394548880646,0.0010554655255315905,-71.42857142857143,54.32592536181126,0.13430042033208514,0.20003694285737228
2012-07-20,-0.028809966584323665,0.0004928982363985678,-71.42857142857143,49.15654847734674,0.13452565383253745,0.07307607275334686
2012-07-23,0.013271175187366424,0.001066508144345181,-71.42857142857143,51.385263438486625,0.13455912281392063,0.22733439831647984
2012-07-24,-0.010785911755592514,0.0006554768366239781,-64.28571428571429,49.46238252979615,0.13165418775185617,0.22657576947834626
2012-07-25,0.01947058624707365,0.0018343563098234838,-57.142857142857146,52.85508517313653,0.1297384069528468,0.32705329246045206
2012-07-26,0.004583645709813844,0.0030983289458408657,-50.0,53.65914155818465,0.12976664093412668,0.22290662202012673
2012-07-27,0.025095123809614206,0.0059133633758496895,57.142857142857146,57.91091595337008,0.1322287207776013,0.3636643499752305
2012-07-30,-0.011127774740897878,0.0073045093688337715,64.28571428571429,55.421748055524326,0.12306486048594624,0.26916259798274245
2012-07-31,0.015753920001533306,0.009368198536821002,71.42857142857143,58.13476474694205,0.12456626639614408,0.22907329286911896
2012-08-01,-0.011077985002580726,0.010196289253619302,78.57142857142857,55.53495719918538,0.11576360852870274,0.035123956726943434
2012-08-02,0.003733929832915095,0.010903809982763413,78.57142857142857,56.23747886517515,0.11100131436840531,0.01502609609673472
2012-08-03,0.020832822223461278,0.012759651115816995,92.85714285714286,60.044640330940965,0.11795523487277984,0.1179853361536837
2012-08-06,0.021137580119771737,0.015599051222106005,100.0,63.57890024933468,0.134209916149911,0.2764839778209702
2012-08-07,0.009992942251392911,0.01846545472600327,100.0,65.18014406242493,0.15014812602716618,0.2210427464201132
2012-08-08,0.005653702436422936,0.020954238680206697,85.71428571428572,66.09737835664859,0.16087887358678812,0.1480949649937897
2012-08-09,0.033731506716828896,0.024607465081603462,92.85714285714286,71.02864082120561,0.17681246677044896,0.6438555203060331
2012-08-10,-0.006118012956146557,0.027404572149423358,100.0,69.00210509727489,0.18586705762660502,0.27874920896318006
2012-08-13,0.01299551860840098,0.029814285034260098,92.85714285714286,70.89035877214063,0.1952279058533064,0.41265472411349763
2012-08-14,-0.01485472151874112,0.030912116519237053,85.71428571428572,65.88561500035756,0.18757142511384362,0.24956160860927287
2012-08-15,-0.007539489779384123,0.030697750505377222,78.57142857142857,63.472689140875225,0.18908827805248876,-0.09800888114097198
2012-08-16,0.020718025928224026,0.031006313162999753,42.85714285714286,67.02006718970726,0.1955576545787913,-0.06341859920587503
2012-08-17,-0.008795307805351649,0.030953516020752102,42.85714285714286,64.11444720262077,0.1893574698294006,-0.044005302464669965
2012-08-20,0.0,0.03034384648701194,42.85714285714286,64.11444720262077,0.1835864664854346,0.152366192922967
2012-08-21,-0.0027305494610293524,0.02938279591917253,42.85714285714286,63.13753995287759,0.17017172253644386,0.19960873492231426
2012-08-22,0.0020533855259647904,0.02833551557362906,42.85714285714286,63.58565301575395,0.1600121802064581,0.3107966358269307
2012-08-23,-0.022541222577258324,0.026027796602141672,35.714285714285715,55.58148898241446,0.14586193117999188,0.1431693466345482
2012-08-24,0.020265892561379673,0.02453069789049561,28.571428571428573,60.30985349576491,0.1392525021753383,0.2222661824131929
2012-08-27,-0.01712380033376182,0.022502590146770064,21.42857142857143,54.88562429146897,0.12522344140852448,0.004248502038629773
2012-08-28,-0.004180545509830158,0.02007276175107203,14.285714285714286,53.638968723683554,0.114739521114969,-0.14827290745999383
2012-08-29,0.00209936712549208,0.01799597792683767,-85.71428571428572,54.199218239629175,0.09669308650602297,-0.22649473861903557
2012-08-30,-0.018854630137265405,0.014975007469124321,-100.0,48.516654162716335,0.07859487609835168,-0.3806764516833398
2012-08-31,-0.0014234852997734304,0.012070174413355261,-92.85714285714286,48.114235677903764,0.06949475717166849,-0.48898841921540454
2012-09-04,-0.053457258159505305,0.005679230726479253,-100.0,36.04141737173607,0.09616238389291691,-0.8044224581550936
2012-09-05,0.0030125353345067385,0.0003126557707654747,-85.71428571428572,36.950218880425886,0.11616569120101354,-0.9178759544769806
2012-09-06,0.030780044680993823,-0.0013841327913606332,-85.71428571428572,45.49727516832595,0.12245177209103654,-0.8958400826456406
2012-09-07,-0.024034842206089424,-0.004721220404656923,-85.71428571428572,40.713269596062155,0.133180603398309,-0.42202591181828236
2012-09-10,-0.00895511704092411,-0.008041620530191943,-85.71428571428572,39.10311835993895,0.14493381368856198,-0.41103164626682115
2012-09-11,0.012048276720266982,-0.00944311788008164,-85.71428571428572,42.37553982635977,0.14747804057971703,-0.36236412413144387
2012-09-12,0.011160894155407997,-0.009512057881463972,-78.57142857142857,45.34102418268893,0.14868046120107578,-0.21693548824359307
2012-09-13,0.006622698828170126,-0.0089517419764199,-64.28571428571429,47.100100098110765,0.14888610664285065,0.023941962525527924
2012-09-14,0.011695792222322421,-0.007439753131897119,-64.28571428571429,50.17023842455186,0.14192127355085063,0.0794680643776451
2012-09-17,-0.027456700197599937,-0.008680046314445463,-57.142857142857146,43.6854835462228,0.13969003164099256,-0.06415031817672698
2012-09-18,0.0066865655687287084,-0.008796091492127319,-50.0,45.48281918053931,0.13412405577140515,-0.06219764895305102
2012-09-19,0.011807907545024587,-0.007797921898218963,-42.85714285714286,48.6221258903677,0.1260844908306823,0.009152751062157809
2012-09-20,-0.007294316556836211,-0.0076450883204874105,-35.714285714285715,46.807809227794024,0.11556099097970758,0.011140517388554243
2012-09-21,0.004408806198010984,-0.007010722882652376,-28.571428571428573,48.06014693129389,0.11072112385704054,0.02574278573638881
2012-09-24,-0.0007313373128658984,-0.006523221314714106,-7.142857142857143,47.85797548428054,0.09589640329200441,0.26489867221068875
2012-09-25,-0.018301775165429968,-0.0076631366299861284,-7.142857142857143,42.98802391154298,0.08789429095559563,-0.006856113412182739
2012-09-26,-0.0171514550844325,-0.009911832828332922,-7.142857142857143,39.05095989203578,0.08283098051987042,-0.14554260892124127
2012-09-27,0.007587244411316529,-0.01076894727323082,35.714285714285715,41.557132051952756,0.07044894112204761,0.15640680364841186
2012-09-28,0.004517870692880344,-0.01096628488484365,-57.142857142857146,43.0696649766629,0.06348963898252505,0.340995172751351
2012-10-01,-0.016491542618294885,-0.01255650987060228,-57.142857142857146,39.07615330885999,0.0588133268261671,0.09232430419296163
2012-10-02,0.003810673063283865,-0.013161112245133572,-85.71428571428572,40.42800424111158,0.06086076361301254,0.11367531824490494
2012-10-03,-0.009870613091085612,-0.0144522169826051,-92.85714285714286,38.06304352625792,0.06645832208375706,-0.04452201530545881
2012-10-04,0.04447907392697159,-0.011152052822212951,-92.85714285714286,51.652544089376164,0.06485849832635862,0.1834859391502057
2012-10-05,-0.02349501140790955,-0.011055548980399092,-71.42857142857143,45.69549265782233,0.06556085373796743,-0.03229139973417184
2012-10-08,-0.009775106696588765,-0.011536276663424582,-71.42857142857143,43.50047206763601,0.06719973064545388,-0.14766909883618337
2012-10-09,-0.021260223544953938,-0.013682814154696677,-100.0,39.13984289353662,0.07630016385604979,-0.38785866133963465
2012-10-10,-0.017067778520577725,-0.016658162475349007,-78.57142857142857,36.07945647208065,0.08953058017031225,-0.6020781082947702
2012-10-11,0.005525063057393753,-0.018072694365309717,-78.57142857142857,37.74740686743101,0.09600268624208111,-0.6193752980699969
2012-10-12,-0.008633804897430375,-0.01990731451218821,-92.85714285714286,36.15113386132158,0.09959935245854613,-0.611919330144728
2012-10-15,0.012668231896913129,-0.019733950323234436,-100.0,40.11801166742434,0.10344542017444179,-0.3878738588613361
2012-10-16,0.02892860560063437,-0.016775365772429447,-42.85714285714286,48.141751580681905,0.10120093375680098,-0.034005140603322
2012-10-17,-0.0075986761315471885,-0.0154242726346166,-42.85714285714286,46.33471283369728,0.09557430234503157,0.276779585326814
2012-10-18,-0.015313915814975876,-0.01554905370962629,-42.85714285714286,42.868876736532044,0.09296594555971707,0.28030314442906523
2012-10-19,-0.05832039775866038,-0.02116857905481253,-71.42857142857143,32.92344707743623,0.10864931489359578,-0.20673498533451032
2012-10-22,-0.01156024823463997,-0.02579601865581695,-78.57142857142857,31.456461504002448,0.12334953767529228,-0.555016746601425
2012-10-23,0.030074700065773063,-0.02575972652339523,-85.71428571428572,38.985239416219535,0.12710221639846003,-0.31086529060763973
2012-10-24,-0.012976463670541727,-0.027418772510688257,-85.71428571428572,37.0380230231152,0.13579481217798076,-0.29457325186263605
2012-10-25,0.0008220128971210272,-0.02805216161352482,-85.71428571428572,37.2490649200552,0.14076581563193633,-0.4175971781641524
2012-10-26,-0.010673431682001633,-0.029411733790231605,-78.57142857142857,35.580036652254044,0.1454047852870412,-0.7347241708231596
2012-10-31,-0.005809012307837813,-0.030545471710558755,-35.714285714285715,34.679010104545554,0.1526137261660928,-1.019254551360182
2012-11-01,0.04757879121888098,-0.02592218461539322,-35.714285714285715,46.5490513139849,0.14928328735245044,-0.668584587459371
2012-11-02,-0.004780663836857824,-0.023585583724380226,-35.714285714285715,45.609541420731944,0.147470070787473,-0.5687053419351195
2012-11-05,0.04243358098933503,-0.017270700427929754,-35.714285714285715,54.3706619955593,0.13277139006105834,-0.17019055568520491
2012-11-06,-0.0007674478779569061,-0.012949684602647721,-35.714285714285715,54.19342441459545,0.1266527936338654,0.19937006688795317
2012-11-07,-0.030745734472864328,-0.01223513555461613,-35.714285714285715,47.51587428061993,0.11974393016330473,0.14468885024757078
2012-11-08,0.005551245774709557,-0.010711740015379868,-28.571428571428573,48.706997450968785,0.11780968228237344,-0.45421542730920467
2012-11-09,-0.038643683080254454,-0.013035471066885365,71.42857142857143,41.59143047051471,0.1203138312883714,-1.2026052056385086
2012-11-12,-0.022149274290554466,-0.01650257008937399,-14.285714285714286,38.27350626890321,0.12677675348885392,-1.6256615567373092
2012-11-13,-0.007550434998996547,-0.019549481848316914,-14.285714285714286,37.20796985738669,0.13469161390939047,-1.996475303607309
2012-11-14,-0.024513587384614177,-0.02416334233879025,-28.571428571428573,33.930158463698696,0.1469952812327608,-2.3883021841616356
2012-11-15,0.004332635847174471,-0.02665680823362356,-35.714285714285715,34.99345956749973,0.1463124290137673,-2.512308688570759
2012-11-16,-0.018118929227641467,-0.03038417954774962,-42.85714285714286,32.618992547891686,0.15004059898585254,-2.331898959147465
2012-11-19,0.028119119255766822,-0.02950019011863593,-42.85714285714286,39.37015383635302,0.14713528656580868,-1.864693033418746
2012-11-20,-0.01161313477445225,-0.030401962834885787,-42.85714285714286,37.64539372871522,0.1536538849317282,-1.5326572763585855
2012-11-21,0.028721318717729094,-0.02741198663728393,-42.85714285714286,44.09294442944907,0.15422816690753421,-0.9763808448515369
2012-11-23,0.006767956315579804,-0.02471488086512765,-42.85714285714286,45.56241426284453,0.15410115593936077,-0.7169702889458864
2012-11-26,0.01764653650485215,-0.020691651589655892,-42.85714285714286,49.327560649965314,0.15412952065398322,-0.3432289459281329
2012-11-27,0.004129187892163877,-0.01723894349641501,-42.85714285714286,50.21065325181668,0.15427918896509754,-0.1413584783579437
2012-11-28,0.008223563708978032,-0.013635893381653831,-42.85714285714286,52.01175797923272,0.15477816612710127,0.1417656021563556
2012-11-29,-0.017944401022412793,-0.012422129878947474,-42.85714285714286,47.90591697942514,0.1542587762089003,-0.020910200979820333
2012-11-30,-0.005813782156971703,-0.011666003932182123,-35.714285714285715,46.64423721619512,0.15154201248285765,-0.2000310977632535
2012-12-03,-0.018379463102495386,-0.012581141110770539,42.85714285714286,42.82655634493117,0.15056012289252144,-0.4857545102449239
2012-12-04,0.029786797440983115,-0.010300641955963941,42.85714285714286,49.857688880978,0.13356178154688672,-0.2229237882619782
2012-12-05,-0.011569912021709428,-0.009717037410844964,42.85714285714286,47.34936649935735,0.11179635566629324,-0.024967242848678413
2012-12-06,0.001672129816346235,-0.008906314465296428,42.85714285714286,47.75373473765804,0.10179928398735891,0.07574664702716344
2012-12-07,-0.001669338465724035,-0.008329416205070694,42.85714285714286,47.362003518653765,0.08636227740453466,0.16337602236109433
2012-12-10,0.03344476173720046,-0.004937740583997804,92.85714285714286,55.26622636293717,0.0921722545269881,0.4129563413822331
2012-12-11,0.02346311298294146,-0.0005507445295817966,100.0,59.960592356173606,0.10814724367911108,0.6095168720831028
2012-12-12,-0.010276916292497607,0.0020047399962622235,92.85714285714286,57.06938862520967,0.11582532456897007,0.4661942690725852
2012-12-13,0.000798462153618118,0.004048996697024216,35.714285714285715,57.24013011076388,0.11654692046577639,0.28113809945796314
2012-12-14,0.004788810936735555,0.005959208904244999,35.714285714285715,58.31186920618037,0.1173257929721737,0.15241466190227035
2012-12-17,-0.003971347711589579,0.007114473176291962,35.714285714285715,57.02918554329024,0.10703554455889819,0.1887426507748649
2012-12-18,0.0015947902691770821,0.008034309099682656,35.714285714285715,57.43251760292948,0.10438955158071773,0.07738032814468566
2012-12-19,0.007165851021230241,0.009178159939541002,35.714285714285715,59.2847162504853,0.09635341145467609,-0.12616708799091794
2012-12-20,-0.0007904611545461737,0.009959346561252316,35.714285714285715,58.97767573679516,0.09553030977659804,-0.12443461980826429
2012-12-21,-0.022943146985445195,0.00882443980592108,35.714285714285715,50.765873017626575,0.09158418990210307,-0.09147789778013106
2012-12-24,-0.008097046282990794,0.007062746549949275,35.714285714285715,48.27008841478542,0.0906570750377884,-0.1198580000360687
2012-12-26,-0.0008163777878855694,0.005484931216840882,28.571428571428573,48.015851679181026,0.09019207063812752,-0.20431764396827062
2012-12-27,-0.006536146853515334,0.0036844034376524557,14.285714285714286,45.93168155517488,0.09071174675509387,-0.20470180377331187
2012-12-28,-0.004934628078192449,0.0018188029444674923,14.285714285714286,44.37584302046257,0.08991053930111889,-0.26927785295989637
2012-12-31,0.013223444568026155,0.0013589989263309774,7.142857142857143,49.306770426345985,0.08658762141020829,-0.10827098719838853
2013-01-02,0.03752033207292094,0.003850467865843716,-78.57142857142857,60.22372028865561,0.08034389014751775,0.31115653360098233
2013-01-03,0.0007866204284112666,0.005855242752585167,28.571428571428573,60.42337060678755,0.08189296933724172,0.4671586627672214
2013-01-04,0.03299245775658077,0.009674278821862748,35.714285714285715,67.74240039937538,0.09129821884296266,0.8220931337538115
2013-01-07,-0.028896900405638415,0.010706900288066664,35.714285714285715,57.39952212579058,0.08682674626824104,0.5807826096653532
2013-01-08,-0.02192665082888745,0.009630402795915732,35.714285714285715,51.19664221081408,0.07758191212849626,0.21871781200066276
2013-01-09,-0.022417895998089632,0.006854529535937005,35.714285714285715,45.8596728782115,0.07981425947661779,-0.30283238799644974
2013-01-10,0.0016381048253459873,0.0045517783935419606,35.714285714285715,46.29038789191457,0.08141799113301512,-0.6198664474822155
2013-01-11,-0.0016354258264082988,0.0025782946318069185,35.714285714285715,45.897164204447535,0.08367726738572424,-0.6127517024816643
2013-01-14,-0.0008191584663326257,0.0009323115339951027,35.714285714285715,45.68815596876878,0.08571168041343954,-0.515075255287998
2013-01-15,-0.018032864315687847,-0.0018412797164438057,-50.0,41.239613834511864,0.09135437264713607,-0.5371147497922363
2013-01-16,0.009182334369445933,-0.003244466245426171,-50.0,44.166968304501786,0.09393789442388052,-0.4650882331031957
2013-01-17,0.013234160051068367,-0.0032216288052331196,-50.0,48.208506691529124,0.09382737812421524,-0.17446285160917777
2013-01-18,-0.006531022303085776,-0.003745680181831752,-50.0,46.39986913736286,0.09298798938992618,0.05047696739735379
2013-01-22,-0.004930361319715915,-0.004512536426806532,-50.0,45.03523304333165,0.0923389460489555,0.033182877475133626
2013-01-23,0.0016521670323654813,-0.004907479457807249,-50.0,45.60966055335054,0.09351845932603728,0.22320610907002617
2013-01-24,0.0049460838218799985,-0.004748766417426409,-50.0,47.385348617050546,0.09388211693325196,0.44295582127422256
2013-01-25,0.01804755026773086,-0.003093700814171428,-50.0,53.39392601587467,0.09382931744840832,0.798795189542603
2013-01-28,0.016116009390171104,-0.0005334921384241046,-42.85714285714286,58.08067061119404,0.09480422010811229,0.9843116264674927
2013-01-29,-0.021411800755959276,-0.0002739230965043465,-35.714285714285715,50.67229489531301,0.09288391445387967,0.7650691798478483
2013-01-30,-0.0016205334590894127,-0.00018786769088282063,57.142857142857146,50.16195991141523,0.09261088010919642,0.4562581919967059
2013-01-31,-0.004870122191875326,-0.0005089344203767397,57.142857142857146,48.58102630418114,0.08917236611337477,0.1264176509006344
2013-02-01,0.008971989268890201,-3.790791191908764e-05,57.142857142857146,51.59306179943175,0.08458096477485089,0.08831677251845654
2013-02-04,-0.01697616758324416,-0.001043929832209266,57.142857142857146,46.04736449299594,0.05896736039813634,-0.3244854532656197
2013-02-05,0.02302617006667096,1.6745774268541205e-05,57.142857142857146,53.26130024807164,0.04793743778950107,-0.2939640263191871
2013-02-06,-0.00803878084337073,0.000189411894989002,50.0,50.65615617541576,0.04521676314178432,-0.060536464987757416
2013-02-07,-0.0040517009252665215,-7.890501071064123e-07,21.42857142857143,49.35631795237496,0.04517371716516678,0.05353906306494807
2013-02-08,0.006509136529502024,0.00036646040807932574,21.42857142857143,51.50068986771282,0.04582748771367767,0.06775238271870442
2013-02-11,0.011318003359244155,0.0015354932294459821,21.42857142857143,55.08507263923876,0.048818433533437254,0.09906176127303756
2013-02-12,-0.006394977343121444,0.0019393784527501155,21.42857142857143,52.688786741536255,0.04957188847537268,0.0032619356300601938
2013-02-13,-0.004827232437435325,0.0018498198930655173,14.285714285714286,50.900311994427184,0.04406698922567168,-0.5092540588999224
2013-02-14,0.029103362436660785,0.003957656649900879,0.0,59.73215141723402,0.05010182474683118,-0.05022719406189497
2013-02-15,0.0,0.005604980549320551,7.142857142857143,59.73215141723402,0.056513580462866246,0.455285050974907
2013-02-19,-0.013354610761607155,0.005844470057568957,7.142857142857143,54.3755141458265,0.05610820606233465,0.5029797886269347
2013-02-20,-0.014330774157284565,0.004832114145192882,21.42857142857143,49.331328265204085,0.05227791107637892,0.0710207216033044
2013-02-21,-0.007270350061058473,0.003361786704247136,21.42857142857143,46.98417802114567,0.049109309002477654,-0.40375914739036556
2013-02-22,0.018714531406546664,0.0035698724119375496,21.42857142857143,53.122152202115714,0.04696796272825781,-0.3406182928176517
2013-02-25,-0.01757185590529975,0.002380696253535308,21.42857142857143,47.4618446170461,0.04775694626612645,-0.6705694544651654
2013-02-26,0.011860686909385798,0.0022908300113222676,21.42857142857143,51.17691682128631,0.04567074326461404,-0.6165348061025038
2013-02-27,0.018593638023037595,0.00363190201564833,21.42857142857143,56.43891899636729,0.04902314405824072,-0.3744059796545222
2013-02-28,0.004762380462963289,0.005029923705606116,64.28571428571429,57.719225965769205,0.05291159597053184,-0.2871196979313942
2013-03-01,0.003948585936361271,0.006371235475388674,64.28571428571429,58.805453343772115,0.05605460969750114,-0.03934605845201702
2013-03-04,-0.003933055927040852,0.007079108048622932,64.28571428571429,57.22228288022706,0.05836974737086638,0.08459116045391979
2013-03-05,0.011058195819201977,0.008323418567370372,64.28571428571429,60.43483664590722,0.05888923323560161,0.3099104526599419
2013-03-06,-0.0007815624854835557,0.009208963842477375,92.85714285714286,60.08757426463854,0.06298193484943317,0.24427340218578425
2013-03-07,-0.0023457163934188507,0.009628183266501977,92.85714285714286,58.99279570227427,0.06401027179219311,0.08277299150224386
2013-03-08,0.004702362568786533,0.010157298451663164,64.28571428571429,60.54122223772392,0.06416788815406788,0.04241079495954507
2013-03-11,-0.009360306129937324,0.00983678493592296,64.28571428571429,55.98797482217191,0.06279651727242799,0.09966359657739855
2013-03-12,0.0031497520055459027,0.009619340852803868,64.28571428571429,57.1450401384619,0.06352578708757081,0.2529409145734382
2013-03-13,0.0,0.00936355511151482,64.28571428571429,57.14504013846189,0.06267687874451407,0.19120344710175158
2013-03-14,0.0007848392771598878,0.00911190287885536,50.0,57.46917803077819,0.059936806217507244,0.10659775906682263
2013-03-15,-0.008627168261678753,0.008199181824870314,50.0,52.743035923536674,0.05989534356036335,-0.029251651250403493
2013-03-18,-0.007120351038499284,0.006809001350926557,42.85714285714286,49.179273590914505,0.059914944938494,-0.11203733567858522
2013-03-19,-0.006374795346015816,0.005120275017832201,35.714285714285715,46.191473350384136,0.06005458864675558,-0.19964440210272952
2013-03-20,0.012028626533470366,0.004608734207181693,-64.28571428571429,52.07078933421175,0.05606865817089353,-0.08420776845399555
2013-03-21,-0.015847782476113736,0.0029862283553855947,-64.28571428571429,45.00913705387233,0.050196265429991165,-0.21446863145205264
2013-03-22,0.004831505081448029,0.0019986209350834573,-64.28571428571429,47.317679996722184,0.049594848633015914,-0.2236032654144847
2013-03-25,-0.005609360670248309,0.0007701775861130364,-92.85714285714286,44.94708271023641,0.0433222379758853,-0.27007315915571156
2013-03-26,0.007252007117704906,0.0003659656394215734,-92.85714285714286,48.51797329298804,0.04013686055348161,-0.12681140962729145
2013-03-27,0.012000274701486235,0.0009947983043527787,-85.71428571428572,53.88677642668692,0.04002121468103651,0.044290835604459095
2013-03-28,0.014229143571536707,0.0025779431696238355,-57.142857142857146,59.36316890209877,0.04200943999719582,0.3637904721381449
2013-04-01,-0.032735736980162966,0.0012286790663140995,-85.71428571428572,45.71941500020277,0.044977505460017914,0.25887559441086055
2013-04-02,-0.010475052253403838,-0.0007543127773588761,-92.85714285714286,42.466121119280075,0.05128851972384888,0.08391148608896393
2013-04-03,-0.01221546583850297,-0.0033245977876321434,-100.0,39.016027009771946,0.05972279837825649,-0.10835783458738585
2013-04-04,0.009893074455303186,-0.004459845544057178,-92.85714285714286,43.005276070639816,0.06214177136504844,-0.01697890739659346
2013-04-05,0.017142571372047666,-0.003889796994030763,-35.714285714285715,49.26028875150568,0.060727078584894074,0.4936582130026672
2013-04-08,-0.0024074290987495806,-0.0036585927430931382,-35.714285714285715,48.442457390382216,0.057725357882240105,0.8569778746917858
2013-04-09,0.016089811787667774,-0.0021109198992767552,-35.714285714285715,53.93386782278948,0.056845042950591965,1.1206726436195027
2013-04-10,0.01583543675618082,0.00033818101636603657,21.42857142857143,58.67420050116792,0.05891275577136418,1.4124942208608895
2013-04-11,-0.004676404880081142,0.0018630228133091043,28.571428571428573,56.78637722476925,0.05950063043505982,1.9196356209539764
2013-04-12,0.025058679312580434,0.004911139826755758,35.714285714285715,63.52674685352838,0.06975342109341627,2.2363597831826225
2013-04-15,-0.020626525754594782,0.0057522078210865985,35.714285714285715,55.64073841994399,0.07206317744112581,1.9731960278235774
2013-04-16,0.01092018983236498,0.007058619368837116,35.714285714285715,58.51625392443379,0.07731907464372462,1.6726722697733896
2013-04-17,-0.013117075604966333,0.007097120706571362,35.714285714285715,53.94348948870152,0.0782598681897292,1.209864364268876
2013-04-18,-0.019546798053350245,0.005521541452024259,35.714285714285715,48.00254493951433,0.0783157335924272,0.5911055098482856
2013-04-19,0.002392994916887048,0.004293953168691302,35.714285714285715,48.732400875556934,0.07736694358428496,0.4500262350015713
2013-04-22,0.00159049756034646,0.003415006644250654,35.714285714285715,49.243564695814655,0.0769071477425505,0.3676985575064337
2013-04-23,0.02621165659693747,0.004661569054754722,35.714285714285715,56.88510340653414,0.0785735615812213,0.38847701567038295
2013-04-24,0.034055608201819965,0.008094462038248732,92.85714285714286,64.54877301023052,0.09265628765838096,0.6075269633416763
2013-04-25,0.008233553195955645,0.011375237515548793,100.0,66.1678455670992,0.10755943940922595,0.8441788608777371
2013-04-26,-0.004454119331835482,0.013572943726480912,92.85714285714286,64.4392015273377,0.11747057085512246,0.8856631868296999
2013-04-29,0.011931272599015719,0.015862761688665357,85.71428571428572,66.92108144481527,0.1274032841006462,0.9564540185766692
2013-04-30,0.014737936493514514,0.01850434838492289,92.85714285714286,69.76193514322104,0.13726206066147878,1.120321278973311
2013-05-01,-0.008714068941087283,0.020022937821562604,100.0,66.09431329217308,0.13560252161107808,0.9167356049013419
2013-05-02,0.011721492429404012,0.021539660508771714,57.142857142857146,68.47430909563573,0.1373326360814783,0.9397970572643275
2013-05-03,0.0043446457150595474,0.022911300103842548,71.42857142857143,69.34336019505635,0.14168907633896693,0.7871632095700193
2013-05-06,-0.002883962809870577,0.023635956796002087,71.42857142857143,67.99757160102028,0.1410502287249719,0.617294672598861
2013-05-07,-0.013014996243168708,0.02314543845180214,71.42857142857143,62.15218625275622,0.13890003085880961,0.40275033616711015
2013-05-08,0.018314802456217194,0.023287671836180565,92.85714285714286,66.46421501638055,0.14265802665638755,0.4260767184030371
2013-05-09,0.0007194346521395278,0.023500350841877102,92.85714285714286,66.6280018232398,0.1436480975770107,0.6737029324412018
2013-05-10,0.04529115092205105,0.025854285278002688,100.0,74.93375099531015,0.16214404260788054,1.1399256815470689
2013-05-13,-0.020632498393438503,0.027115224582671526,92.85714285714286,66.452354026002,0.16505103951316027,1.116065855680512
2013-05-14,0.014746853988213848,0.02812896714856252,85.71428571428572,69.0897221850616,0.17188989460707907,1.0609504124241873
2013-05-15,0.01730137368191831,0.029776377349009384,100.0,71.92000205214309,0.17800232246506426,1.1201955450135477
2013-05-16,-0.004761971051523428,0.03086968890694589,100.0,69.98764085877269,0.17131793992788302,0.9007669083995059
2013-05-17,0.016404789471179182,0.03204579643170238,100.0,72.6963074841943,0.16535160489060652,0.8571243942910443
2013-05-20,-0.0020175993588272823,0.032897837328783305,92.85714285714286,71.82366045808352,0.15246402083838204,0.7858857989801848
2013-05-21,0.01049744595191271,0.03362416337703612,71.42857142857143,73.59602042228653,0.14777954712865798,0.8502831028844223
2013-05-22,-0.03485241461229238,0.03242773342993762,78.57142857142857,59.96740483757173,0.14149414389137102,0.4925557095491266
2013-05-23,0.015972468926390482,0.030949335311911047,78.57142857142857,63.21241650922084,0.1383270586986216,0.5715646496789285
2013-05-24,-0.006151722353594846,0.029528686079932677,78.57142857142857,61.12451856278985,0.13035510373103568,0.5900332294071945
2013-05-28,-0.0006878142996504799,0.027893359024688813,78.57142857142857,60.883867185711594,0.12383521938127204,0.5252545274813231
2013-05-29,-0.006194236907926198,0.02594490502560127,71.42857142857143,58.64610192177749,0.11923828064599329,0.39538501828623107
2013-05-30,0.013158089595789235,0.02471095808016444,64.28571428571429,61.835190750910506,0.11213991664014253,0.3734206471491192
2013-05-31,-0.010936541173012793,0.02310685615056701,50.0,57.793368380036334,0.10579407425543721,-0.17967557603053805
2013-06-03,-0.0013821065257412224,0.0212918517474323,50.0,57.289304665750095,0.09949122600564114,-0.25530073703829753
2013-06-04,0.0013840193879690599,0.019685303010003402,-50.0,57.68674192406451,0.09087972628318361,-0.4374077574903992
2013-06-05,-0.02142371308254376,0.01687790612876253,-64.28571428571429,49.9307409264556,0.07554150200694143,-0.7893670513107944
2013-06-06,0.006355640790587813,0.014562833627408399,-64.28571428571429,51.95047822602228,0.06580191252032239,-0.8936117510989654
2013-06-07,0.014035526618005223,0.013595409188733445,-64.28571428571429,56.180980330421306,0.052081631328308335,-0.7883941803138562
2013-06-10,-0.000692186927866878,0.012794084427343162,-64.28571428571429,55.91584337755495,0.05218453307740344,-0.6576766318118893
2013-06-11,-0.018697824445829014,0.010722000024667343,-64.28571428571429,49.17004708043127,0.05213619628153918,-0.7978376890898004
2013-06-12,-0.008468566798631061,0.008179098608947631,-100.0,46.48578569801439,0.05853778977584584,-0.9405292365843937
2013-06-13,0.022775661764042443,0.00766414655049632,-42.85714285714286,53.738436140651835,0.05830270317479702,-0.7808450302252485
2013-06-14,-0.0013919917833187245,0.007215053831478926,-42.85714285714286,53.252589660874506,0.05856146266249049,-0.6350508461009503
2013-06-17,0.009756454063685638,0.007477942052731356,-42.85714285714286,56.235055506125086,0.05479039573839219,-0.5357720026677092
2013-06-18,-0.006211512206468206,0.007202541919199656,-42.85714285714286,53.85624078429282,0.05107734337050681,-0.6257585297457721
2013-06-19,0.030555401172471575,0.00902963667703592,35.714285714285715,62.26080838313197,0.048297650674530526,-0.8375469006603353
2013-06-20,-0.026953982993480508,0.0086073590157913,35.714285714285715,52.838747547248765,0.048267072063669696,-1.0912817556865162
2013-06-21,-0.0013846233383786322,0.007882917602102964,35.714285714285715,52.41178784841027,0.04656866672377572,-0.9620040222297009
2013-06-24,-0.020804985374873297,0.005674553149308524,-21.42857142857143,46.358609507456144,0.04925686641746237,-0.9046135029995064
2013-06-25,0.007082645464527637,0.004283124068093841,-21.42857142857143,48.4940801618061,0.04965519644843859,-0.6688215086029113
2013-06-26,-0.005626249503485226,0.002742039424008936,-21.42857142857143,46.88599158806104,0.051634731392125585,-0.7944621784545564
2013-06-27,-0.009193717470933893,0.0007579682290024584,-42.85714285714286,44.31456443501089,0.05317261105872261,-0.8176031302552054
2013-06-28,0.002141503573148462,-0.0006528453863457255,-50.0,45.06341279279366,0.05540789390536746,-0.6938660909866263
2013-07-01,0.004273125033232628,-0.0014026052630494899,-50.0,46.6095788559282,0.05621779254528979,-0.5698298204747527
2013-07-02,-0.0007091874604323589,-0.002034232229656589,-50.0,46.375299962804256,0.05647777859813913,-0.5092312699424254
2013-07-03,0.0028388539380246325,-0.00227222285258244,-50.0,47.51182251021773,0.05675775401498122,-0.44936562885596554
2013-07-05,0.007785133716871728,-0.0018022332074551669,-50.0,50.611912176299654,0.056780993698595586,-0.2909829001873282
2013-07-08,-0.00491559437785638,-0.0018283362556748423,-50.0,48.643133490327706,0.05602678121594019,-0.2769493902935009
2013-07-09,0.004939876808523591,-0.0014198981163557204,-50.0,50.708060675425685,0.05488033208827807,-0.25468845617908686
2013-07-10,0.013342533137143509,-2.6047767519228267e-05,-50.0,55.892113380063,0.05560782970578198,-0.10489682282543077
2013-07-11,0.013860266611577243,0.002127819670205584,-42.85714285714286,60.590692610641504,0.057937758824833076,0.11454730455307965
2013-07-12,0.000683145423848952,0.0038426658323416386,64.28571428571429,60.81532425087822,0.06150258878338375,0.15713129640877121
2013-07-15,-0.002048736899428083,0.004990345201090222,64.28571428571429,59.71527567796574,0.06413642922508134,0.2644437848177318
2013-07-16,0.00547562442618954,0.006229166870330878,64.28571428571429,61.70495417789146,0.06723614530468172,0.2975922879752822
2013-07-17,-0.005445805241986235,0.006752407164662763,64.28571428571429,58.5886442522778,0.06922018174356369,0.20932364733058673
2013-07-18,-0.004107112728675033,0.006758805763083516,64.28571428571429,56.29219706307945,0.06311334301412469,0.2627877710459234
2013-07-19,-0.021305658952626705,0.005073474820025335,64.28571428571429,46.21420213943342,0.0629221374817932,0.1226205520278995
2013-07-22,-0.0007018552268253098,0.003526450864312126,50.0,45.928709767053924,0.06280147028736924,-0.10123124983637243
2013-07-23,-0.0014059561644751417,0.002162299840676904,50.0,45.32509236209035,0.061971516066731715,-0.28679750622183503
2013-07-24,0.0,0.001064988985286478,42.85714285714286,45.32509236209035,0.06203403492799756,-0.5330711884018878
2013-07-25,0.003518847900595201,0.0004721801617911171,35.714285714285715,47.33148370723889,0.06114467839400202,-0.6072906714308053
2013-07-26,-0.004207828793926671,-0.00033178972787259903,-71.42857142857143,45.18847914413783,0.05842429385869145,-0.561533800398145
2013-07-29,-0.0021123989204717697,-0.0011303610454261534,-71.42857142857143,44.113220340355824,0.05642019330057468,-0.5951530582341547
2013-07-30,0.016936681757220295,-0.0003849955722029918,-71.42857142857143,53.62184037242035,0.05450650075814468,-0.5470238981554928
2013-07-31,0.002082148123542904,0.0003539783948132318,-71.42857142857143,54.66043868551014,0.05210320969926675,-0.5168420448684315
2013-08-01,0.013850223908332238,0.002005372229676124,-71.42857142857143,60.93962901090403,0.05226579311183535,-0.2678807176874822
2013-08-02,0.008196871869232014,0.003902031782892606,35.714285714285715,64.14803374775963,0.05573277565608334,0.04125836171251733
2013-08-05,0.00474276396221196,0.005707595277572499,42.85714285714286,65.90728460712431,0.05855167486725632,0.2968329003169901
2013-08-06,-0.01483471602448072,0.00597686658502679,42.85714285714286,56.52066251843772,0.0576427176102842,0.20351944201747282
2013-08-07,-0.0006843434952091831,0.006001901308549051,42.85714285714286,56.12941184784247,0.05808285520181139,0.05824302964740485
2013-08-08,0.0068489107776961156,0.006452073066094876,42.85714285714286,59.17328811881495,0.05891914339553995,0.18293760055764743
2013-08-09,-0.014285408156758717,0.005705154440673842,42.85714285714286,51.14733400432105,0.058085766082154267,0.5009903928437561
2013-08-12,-0.0082817217009582,0.004357120172831038,-35.714285714285715,47.20693147376889,0.05776955515831903,0.8227936029357235
2013-08-13,0.0034797566825808257,0.003479466717641347,-35.714285714285715,48.971080253864976,0.05599143140426067,0.9552658075915683
2013-08-14,0.042301732717206386,0.005889397568638748,14.285714285714286,64.53853358476664,0.06548275529618629,1.5696320810439894
2013-08-15,0.006653396905276665,0.008296596800375379,21.42857142857143,66.35086857092382,0.07646636330294986,1.9427303335189159
2013-08-16,0.003965619225568595,0.010393656598073292,28.571428571428573,67.42653584927321,0.08485881718614799,1.6808944074375032
2013-08-19,-0.01579982082903364,0.010855003916877652,28.571428571428573,59.26541012990558,0.08550913468406732,1.0877888943512573
2013-08-20,0.005042060425067607,0.011307232310551594,28.571428571428573,60.86747854928297,0.0858520881067248,0.7496654723554894
2013-08-21,-0.00468217819292982,0.011254539372510364,28.571428571428573,58.55288457049921,0.0837381581660923,0.42132187179743685
2013-08-22,0.0053763555946764185,0.011410858830644586,28.571428571428573,60.40601192537343,0.0824552738492642,0.22547943566916884
2013-08-23,0.0,0.011450446420668938,28.571428571428573,60.40601192537343,0.07835304852476756,-0.034026627908594544
2013-08-26,0.0020053305716671854,0.011487905263582829,28.571428571428573,61.16123012269379,0.07181219009729993,-0.076790180622046
2013-08-27,-0.012674952706066223,0.010526608094333237,28.571428571428573,54.12046573469064,0.06796974564943938,-0.22039562629062281
2013-08-28,0.0,0.009537948307600356,28.571428571428573,54.12046573469064,0.0640065289934928,-0.3767995623924809
2013-08-29,-0.0020275260420276053,0.008510177376078593,28.571428571428573,53.00285017716131,0.06288275536245205,-0.5164817977457777
2013-08-30,-0.0013536250574182063,0.0074949435390488355,28.571428571428573,52.22896325305659,0.06268684419600347,-0.5310715503487842
2013-09-03,0.0006779026789853759,0.006654648900714743,21.42857142857143,52.601703591770374,0.06268318592263065,-0.5971967159291167
2013-09-04,0.009485157661407673,0.006618314958859594,14.285714285714286,57.59117116977285,0.06133569365819456,-0.510863870299957
2013-09-05,0.0026847401718432806,0.006759434419851388,-78.57142857142857,58.92176520933763,0.059663477163943116,-0.3828171569410975
2013-09-06,-0.00401637010233058,0.006512614261854096,-78.57142857142857,56.07944156330164,0.05866611862289117,-0.3280821578550095
2013-09-09,0.016800961390677216,0.007438929405925382,28.571428571428573,63.89414800487195,0.05562014333406952,-0.033265654662710115
2013-09-10,0.021149912270448823,0.009647342805470518,35.714285714285715,71.00554380382597,0.05461418788107107,0.3529071402864806
2013-09-11,0.016828395164555587,0.012520096238200102,42.85714285714286,75.26787342991274,0.06121515688034357,0.7811197993653384
2013-09-12,-0.0006363157722292234,0.014711842621131187,50.0,74.8124990815389,0.07388675593802667,0.7446148969302585
2013-09-13,0.006369562694613418,0.016657135386776427,50.0,76.35372674757632,0.0865116037220516,0.731312006848153
2013-09-16,0.0006329328790366517,0.018103385671201344,64.28571428571429,76.50853072469282,0.09669722100537549,0.5236160730052936
2013-09-17,0.0031625014666951667,0.019229900927720728,64.28571428571429,77.30839656513422,0.10499096656770358,0.33241440217814094
2013-09-18,0.008827216960415774,0.020461614658681036,64.28571428571429,79.42127482787072,0.11486657847730583,0.39712560950527476
2013-09-19,-0.0043745913452751806,0.02106847606693431,85.71428571428572,75.62972329008956,0.12020802146728006,0.297900840188357
2013-09-20,-0.008788824667158912,0.020714354703120313,85.71428571428572,68.57735761703383,0.12244382677351456,-0.045839709527923746
2013-09-23,-0.00949968329278661,0.019481748811307837,85.71428571428572,61.9158386252601,0.12210567719398492,-0.3336203346864527
2013-09-24,0.0038362030656549084,0.018373902738966635,78.57142857142857,63.44539802129241,0.12195676424637242,-0.3265121924776622
2013-09-25,0.0012738476170846003,0.017434281856610917,64.28571428571429,63.964928187910374,0.11851721934682478,-0.29238696714607865
2013-09-26,-0.0031805269598734753,0.01631592070389939,64.28571428571429,61.607588967143265,0.11342835672477654,-0.2956989919986915
2013-09-27,-0.005743816654490863,0.014837218963375054,57.142857142857146,57.49943751849885,0.10595991619893287,-0.28870056805928695
2013-09-30,-0.0012832504737771977,0.013350523230499853,50.0,56.596626958364425,0.09633641375915122,-0.16526612808923066
2013-10-01,-0.0006427771904986557,0.011975075600749367,42.85714285714286,56.1219026603989,0.08480948578723195,-0.11038099701426762
2013-10-02,-0.0006431086836469202,0.010709835411600222,-50.0,55.61955110972507,0.07509712384685341,0.012502820847896518
2013-10-03,-0.010296278629435718,0.008860336241825017,-71.42857142857143,48.187466246327865,0.06578885710578568,-0.2871712798167511
2013-10-04,0.013654481670150043,0.008200307577811443,-71.42857142857143,56.418751733338446,0.049415042558375276,-0.27068901731101214
2013-10-07,0.0,0.007683250949974521,-71.42857142857143,56.41875173333843,0.038929278523504536,-0.21793801360958784
2013-10-08,-0.008338552828923151,0.0065802774779203255,-71.42857142857143,50.642778925727285,0.038740410405394644,-0.33693789167351146
2013-10-09,-0.015524210030802177,0.0044207484938509145,-100.0,42.07787650305293,0.046378423770948723,-0.5724622545747117
2013-10-10,0.01116947579189298,0.00344961589330619,-92.85714285714286,48.696462388703324,0.04859603222916959,-0.4486430506003852
2013-10-11,-0.008446669352827119,0.0020310510932283255,-100.0,44.50830383346615,0.0520410575119779,-0.2658571310555209
2013-10-14,0.015071840843872142,0.0020449615955613855,-85.71428571428572,52.32151737765689,0.0511566399636464,0.04971551279631694
2013-10-15,-0.005164468770707087,0.0016527382324859313,-85.71428571428572,49.70030868010173,0.049753301497126604,-0.06822577031814145
2013-10-16,0.012329576929118957,0.0022738096332456997,-78.57142857142857,55.413551011694864,0.04308223472177761,-0.017117504526967583
2013-10-17,0.0019232237764950089,0.002898108403599469,-21.42857142857143,56.258440376278976,0.037342353782526455,0.16948981365858434
2013-10-18,0.011516132816165259,0.004227604306430552,35.714285714285715,61.02963765682227,0.0378002703444248,0.46160352914595487
2013-10-21,0.002529968938293159,0.005434975691953593,42.85714285714286,62.02102277784197,0.04129395616947307,0.40710210494856064
2013-10-22,-0.005047329465134198,0.0059547632532197,42.85714285714286,58.799156148516204,0.04229970791452455,0.40482374072561395
2013-10-23,-0.017121213639123778,0.0049922202944084355,42.85714285714286,49.46045026094967,0.04124875098451283,0.14352896440650267
2013-10-24,-0.007096769685838056,0.003559064628269041,42.85714285714286,46.23842149153881,0.041409529701932596,-0.23907830635891483
2013-10-25,-0.009746176050249522,0.0016058853608709254,42.85714285714286,42.20138054343675,0.044353228563946266,-0.6603073699914241
2013-10-28,-0.0019686538606074055,-0.00012742255904867522,-35.714285714285715,41.42233815779509,0.04739544666672606,-0.5222282815432555
2013-10-29,0.0013147175912062714,-0.0013797652639766724,-35.714285714285715,42.18836094252149,0.049559527253181725,-0.053788693799507674
2013-10-30,-0.0006566211741713124,-0.0023993081776648552,-35.714285714285715,41.89331336199344,0.05151679585453686,0.137587549946893
2013-10-31,-0.001970822979948328,-0.0033338295711258337,-35.714285714285715,40.96781769075291,0.053633348857913606,-0.05751450996714202
2013-11-01,0.004608366825395338,-0.003639906991037617,-35.714285714285715,44.072942066509526,0.05408643691557887,-0.07393022291653976
2013-11-04,-0.0288340233961778,-0.006332967484533726,-71.42857142857143,32.50060083936102,0.06356386103466997,-0.5415161360080111
2013-11-05,-0.0013491439860657817,-0.008405038596046157,-78.57142857142857,32.08828793048042,0.07197588140281139,-0.3827608542208037
2013-11-06,0.006756727091568271,-0.00932397138813555,-78.57142857142857,36.431901684725794,0.07639201161887542,-0.058469590452957174
2013-11-07,-0.02349030074870362,-0.012140936698719672,-92.85714285714286,29.354909853580757,0.08898671402039271,-0.4808538801889432
2013-11-08,0.06941617022349766,-0.007944898819717078,-92.85714285714286,55.94788525264652,0.0899968636554271,0.13043340613123955
2013-11-11,0.008354875239813264,-0.004480381407897967,-85.71428571428572,58.13248979671545,0.09191084993004148,0.5811111437454957
2013-11-12,0.0019117044596828059,-0.001610952283194577,21.42857142857143,58.642106149063686,0.09437131349095,0.7618097905407235
2013-11-13,0.02735389347901207,0.002755538840505719,28.571428571428573,65.18468646102687,0.10386824633655703,1.11284872004687
2013-11-14,0.004334512360456344,0.006429475899930706,35.714285714285715,66.12420634500505,0.11348458569446203,1.2223835999405444
2013-11-15,-0.0030826396268280876,0.009025878575666422,35.714285714285715,64.77952613481966,0.1193570442183874,1.1728762443530383
2013-11-18,-0.024118686947480206,0.009240533582726272,35.714285714285715,55.32844016853339,0.11860272635351424,0.8281932802550466
2013-11-19,-0.016247320211114857,0.007961910597210678,35.714285714285715,50.14864145365644,0.11704568087848877,0.4318483759184792
2013-11-20,-0.014896574840800425,0.00564560692110556,35.714285714285715,45.96841965998051,0.11715335594225382,0.05240719954154812
2013-11-21,0.007889723663463855,0.004267879472724307,35.714285714285715,48.38583322923164,0.11714800183743544,0.05101516371599462
2013-11-22,-0.009784850667158729,0.0024175486601152553,35.714285714285715,45.63722630043808,0.11704587599232688,-0.07363528143353465
2013-11-25,0.021739304654132763,0.002585255064404598,35.714285714285715,52.08580893678266,0.11683751007521423,0.11778758296792502
2013-11-26,0.008381433111248615,0.0033678643169782387,35.714285714285715,54.38143778608562,0.11732734985934185,-0.18810879571946967
2013-11-27,0.0038364439569991138,0.004249214096189464,35.714285714285715,55.442589681535395,0.11785885967260518,-0.19444134173199612
2013-11-29,-0.006369232932397106,0.00442146490212194,28.571428571428573,53.220700163294964,0.11703387017421453,-0.2008513314143762
2013-12-02,0.009615252612499736,0.005201705070768176,-42.85714285714286,56.06498454556984,0.11744143421174114,-0.042202257548078326
2013-12-03,-0.0006353035682563624,0.005739683694202827,-42.85714285714286,55.821158929269,0.11046854169725254,-0.0834075808526281
2013-12-04,0.01397727104388058,0.007108810853106378,-42.85714285714286,59.94579400009699,0.10306378898475295,0.2997155174935884
2013-12-05,-0.016290551599172698,0.0069765860010051264,-42.85714285714286,53.57937574886379,0.09350294931118919,0.1991311868040164
2013-12-06,-0.014649962180913856,0.005614851088773509,-35.714285714285715,48.65639005078173,0.06666275992005848,-0.08320181804326267
2013-12-09,-0.0168065437146665,0.003114359477255946,57.142857142857146,43.761527265943265,0.07048290269320993,-0.4924130799765538
2013-12-10,0.023011228840478237,0.0028154624354153317,57.142857142857146,50.91956675650604,0.07059627559457973,-0.2706607972740139
2013-12-11,-0.00963989142559829,0.001852951873976781,57.142857142857146,48.09434832093519,0.07170756949102314,-0.4450920015879731
2013-12-12,-0.019467940330595956,-0.0005065997467848992,-35.714285714285715,42.960296078185664,0.07231272377021858,-0.6751818240704027
2013-12-13,-0.005956306219605967,-0.0028705464539266357,-42.85714285714286,41.52807031221889,0.0708913356162589,-0.8629756661303143
2013-12-16,0.0013312641466325381,-0.0045752618054945736,-42.85714285714286,41.99079059827948,0.06752565108396573,-1.0197747081282067
2013-12-17,0.004654535821650541,-0.0054649763717102605,-57.142857142857146,43.6714296196121,0.06899417196233178,-0.8279369482293285
2013-12-18,0.013897991934526788,-0.004939059900831357,-57.142857142857146,48.49231329827411,0.06932126610615982,-0.3226337115325382
2013-12-19,0.003916412586915108,-0.00420055105068758,-57.142857142857146,49.81390308364462,0.0681389447602977,0.1099311194230131
2013-12-20,0.02015617554881155,-0.0019421277716022995,-57.142857142857146,56.08368521133891,0.06918414754993978,0.6270980497606867
2013-12-23,0.005736204844105641,0.00024060954650162352,-57.142857142857146,57.73458983036115,0.06933944620292638,0.8282503683023076
2013-12-24,0.002534696382113122,0.0021360945531209447,-57.142857142857146,58.48156662731914,0.07179093570781278,0.8829763446598339
2013-12-26,-0.009481700571822627,0.0028681144357649564,-57.142857142857146,54.58535490403994,0.07199758727010201,0.6984906291027064
2013-12-27,0.005743688545609471,0.0038291216524968894,42.85714285714286,56.45977135969258,0.07260922560411907,0.6838496632488041
2013-12-30,0.013324866923001721,0.0055403713802522825,57.142857142857146,60.55096935009095,0.07697197944972868,0.8621948629673712
2013-12-31,0.003130774485604393,0.007084972173451083,64.28571428571429,61.47903612861977,0.0809274308090196,0.928807129506584
2014-01-02,-0.00998744795822859,0.0075061846853306,64.28571428571429,56.86841932566297,0.08216350184305317,0.8909877723635751
2014-01-03,-0.011980016154356954,0.006820696522392895,64.28571428571429,51.89154327989528,0.0789057621564715,0.5944127229553412
2014-01-06,0.013401158199462193,0.007108374509767968,64.28571428571429,56.43000351540902,0.08078051850284546,0.5228955249692906
2014-01-07,0.016373020294964347,0.008490517367376908,92.85714285714286,61.298227093141314,0.08721300101821963,0.6445390950550707
2014-01-08,0.013630788018743845,0.010510441837884684,100.0,64.87453608447257,0.0945820889032958,0.7799227718850942
2014-01-09,-0.037286012956243564,0.009440288794678047,92.85714285714286,50.8450360896492,0.09466753920479225,0.5277543494112575
2014-01-10,-0.0012698830063053723,0.00808430318859258,85.71428571428572,50.45972409397444,0.09372748496695303,0.3713160698728867
2014-01-13,-0.02352210249303932,0.005165484205775692,-21.42857142857143,43.84079608008958,0.0898765513299297,0.02076691093690065
2014-01-14,0.03125012633092994,0.005003739889212515,-21.42857142857143,52.53854005636237,0.08166424499322687,0.11090687875155934
2014-01-15,0.010732156966025697,0.005737186361883314,-21.42857142857143,55.185734809853926,0.07304444731096743,0.2346549544156726
2014-01-16,0.0031232702750774166,0.006516865332644451,-21.42857142857143,55.963768256800826,0.06417327453016773,0.41434137943933286
2014-01-17,-0.004358522289165889,0.006749181947917337,-21.42857142857143,54.53639643990098,0.058262380439803425,0.28392319756699763
2014-01-21,0.003752309679075916,0.00710460232650567,-21.42857142857143,55.582162740941854,0.052817163393011006,0.2757560595271878
2014-01-22,-0.0012463836635153713,0.007231455375006422,-21.42857142857143,55.126861982363984,0.05237113579622528,0.4237343229291168
2014-01-23,-0.0037426314201743915,0.0069690104809438545,-21.42857142857143,53.705992971048,0.0521412610302072,0.41412030596381083
2014-01-24,-0.02567338233862304,0.004736265003447521,-21.42857142857143,45.14270400341787,0.05526078212495983,0.08191131828657908
2014-01-27,-0.006426539989473068,0.002291182730602049,-21.42857142857143,43.32814409101439,0.058959102975011696,-0.23189734692162076
2014-01-28,0.009702243280024891,0.0010888123164694064,-21.42857142857143,46.783626078268824,0.060461628998804154,-0.1497940725117436
2014-01-29,-0.009609014285743456,-0.0006208719157844515,-21.42857142857143,43.90092536162275,0.06416362820419064,-0.28549938523104096
2014-01-30,0.01681740747987348,-0.0006097551508889133,28.571428571428573,49.68787744239706,0.06366996672333795,-0.12108746814893352
2014-01-31,-0.0012722259657756974,-0.0007045264125685784,28.571428571428573,49.26687744807302,0.06403459126189552,0.12653780893941016
2014-02-03,-0.013375792733811953,-0.001862061409804307,28.571428571428573,44.95925313744059,0.06613329436910541,-0.1635170895183747
2014-02-04,0.00580994149726477,-0.0022636360099319366,-42.85714285714286,47.09414177002193,0.06722024173262126,-0.015591085817687127
2014-02-05,-0.008985526837950841,-0.00330740353650684,-85.71428571428572,44.220783791915096,0.06689926269077069,0.10211998209681085
2014-02-06,0.012953136536574705,-0.0029992502119195736,-85.71428571428572,49.00737457490196,0.05732970982088434,0.2847725811095609
2014-02-07,0.014705841840533695,-0.001560708797916346,-85.71428571428572,53.90613298145287,0.05787717940033439,0.5065448007516881
2014-02-10,0.0031507428176829055,-0.0001979511391532588,-64.28571428571429,54.920067284631756,0.05880761757781134,0.3608376999348311
2014-02-11,0.020728570116312683,0.0024705029372238353,28.571428571428573,61.015031156076674,0.060783894902100795,0.498192555312735
2014-02-12,0.035692472680902476,0.00712289764649142,35.714285714285715,68.95882949794735,0.08370630840274922,1.0245265577645872
2014-02-13,0.031491101771423446,0.012860585054530055,42.85714285714286,74.14356283142068,0.11809925325233213,1.661809636334374
2014-02-14,0.03168238414096014,0.019295772925112798,50.0,78.21088122204526,0.16067027426919764,2.4362224051202834
2014-02-18,-0.0005585424913641113,0.024396189102818818,57.142857142857146,77.97064434559525,0.19025913346919246,2.656005315306
2014-02-19,0.013407697199617319,0.02878933498290863,64.28571428571429,79.59039136479082,0.21889852619486283,2.659887672184252
2014-02-20,0.03528140673783953,0.03377876542785829,71.42857142857143,83.14867140055034,0.25689328662648475,2.7525813005421202
2014-02-21,-0.007454646670827736,0.03775840145230835,78.57142857142857,79.86843683803737,0.2815173731363972,2.296839152479176
2014-02-24,0.014484875324234148,0.040811624261616636,85.71428571428572,81.3930105885086,0.30166530239002404,2.1082727134847032
2014-02-25,-0.004515378825406424,0.042994983013499216,85.71428571428572,79.3465256825679,0.31200540110726294,1.8863734707415443
2014-02-26,-0.0016007452327694294,0.044013346027403005,100.0,78.59548014806478,0.3182242662508387,1.3903861917875828
2014-02-27,-0.011223991190989047,0.04385246232278997,92.85714285714286,73.36050418277007,0.31493380381885616,0.7732255545339336
2014-02-28,-0.006486728140313924,0.04259407231456223,85.71428571428572,70.47186134979593,0.31026992835729433,0.4961114536579339
2014-03-03,-0.004896295611968693,0.04070715641679414,78.57142857142857,68.29990094948276,0.30134059185625456,0.6769773637050138
2014-03-04,0.010388288958204317,0.03902400671330791,71.42857142857143,70.37582670568897,0.2868227672319414,0.7071881295699459
2014-03-05,0.008657806228074882,0.03795057220080402,64.28571428571429,72.03648322271067,0.2708137027049891,0.8572109605658533
2014-03-06,-0.01394872441811168,0.03633360053717623,57.142857142857146,65.60075653330462,0.24423948402321957,0.6166738774700945
2014-03-07,-0.0010876767534780951,0.03418248820281997,50.0,65.1190278200821,0.21584828465531575,0.4659775234328363
2014-03-10,-0.014706049077835015,0.031364722727987494,42.85714285714286,58.835005718742025,0.18572623219764858,0.20777671715267232
2014-03-11,0.00995013079412832,0.028906039449647095,35.714285714285715,61.50216746143799,0.14833386654265363,0.07512267005958521
2014-03-12,0.0027369786194864076,0.027036743188961668,-21.42857142857143,62.23422782132461,0.10952242774892296,0.0811983134843524
2014-03-13,-0.031659621164560114,0.023545796644276314,-78.57142857142857,50.289106727259956,0.08423683944678567,-0.18404340045010567
2014-03-14,0.004509585188563703,0.020118847379549325,-85.71428571428572,51.66710189628998,0.0715874417313936,-0.1752691934432351
2014-03-17,0.0,0.017287458383388337,-85.71428571428572,51.66710189628998,0.07174723696042039,-0.36337012966775845
2014-03-18,0.023568911778006685,0.01636652551311634,-85.71428571428572,58.6467312299911,0.06727013780718709,-0.26845126143238973
2014-03-19,0.017544216384270728,0.016873857814896007,21.42857142857143,63.027628282873074,0.06630418622480963,-0.26700069594930415
2014-03-20,0.0005386658053452287,0.017333765865874207,21.42857142857143,63.15894158059427,0.06512535676465823,-0.2293028756157034
2014-03-21,-0.0016154670714076946,0.017402919035165523,21.42857142857143,62.44229094790135,0.06501949637345862,-0.4432369422715588
2014-03-24,-0.004854311127858946,0.01693175402423116,21.42857142857143,60.23414673550622,0.061085271155954364,-0.4777098322590269
2014-03-25,0.0,0.016303142930349342,21.42857142857143,60.23414673550622,0.058155635797264064,-0.5071859041404528
2014-03-26,-0.022764661800140473,0.014130543177834222,57.142857142857146,50.55751989837175,0.05666601199856755,-0.7768510969729993
2014-03-27,-0.013311088013730599,0.011055084771350004,57.142857142857146,46.009094118344464,0.060656283993367824,-0.9566636986180133
2014-03-28,0.006183421653576993,0.008808994091798255,57.142857142857146,48.30474717356223,0.06277402352807054,-0.8893142409831989
2014-03-31,0.0005588092661839017,0.007042718784007336,57.142857142857146,48.51909957360703,0.06467121779387543,-0.8721937822422249
2014-04-01,0.04131773213379586,0.008526198721585167,57.142857142857146,61.30281823758844,0.0667764978624703,-0.5910123323751614
2014-04-02,-0.006434622866650308,0.00935714812761412,57.142857142857146,58.75476367606417,0.06534742194500492,-0.5096515034071275
2014-04-03,0.010793485239122491,0.010604836212268685,100.0,61.61811304494871,0.06935165241002299,-0.6549162980343339
2014-04-04,-0.030966327945723737,0.009359377095243763,35.714285714285715,50.639134348405626,0.06923291892778055,-0.9292244992553771
2014-04-07,0.0033056996489675416,0.008247858368574027,35.714285714285715,51.599855690950704,0.06887138706567604,-1.10384146818115
2014-04-08,0.035694561599331376,0.009804635251176383,35.714285714285715,60.55652373192789,0.07498648237265597,-0.7027525609080854
2014-04-09,-0.001060262097646758,0.011062456967277114,35.714285714285715,60.18751740278374,0.07976138660190565,-0.5850110955820474
2014-04-10,-0.024416397609089313,0.010215384760444434,35.714285714285715,52.29326571866343,0.07477140117466174,-0.7516000831309807
2014-04-11,-0.014145631866272823,0.008206045443628691,35.714285714285715,48.42707960582974,0.0711976694490846,-0.8246724274539865
2014-04-14,0.011037777030512785,0.007224188874730139,35.714285714285715,51.403528582656385,0.06628183321483676,-0.6657548259580397
2014-04-15,0.007096046000728107,0.0069594724577051416,35.714285714285715,53.29051455816774,0.06608032299656315,-0.40767970266964365
2014-04-16,0.002167577886753591,0.0068706632901416684,35.714285714285715,53.88375633242587,0.06570310748938187,-0.15825451841849816
2014-04-17,0.0037863020536363923,0.0070100775441588456,28.571428571428573,54.96213190986457,0.06563386893946299,-0.0384305887350093
2014-04-21,0.008081754311841438,0.0076426553766045045,21.42857142857143,57.2677542449074,0.0671371759723316,0.08519812607393608
2014-04-22,0.008551512803063543,0.008702948560792597,-42.85714285714286,59.641133028774995,0.0709868598086733,0.20000879344792982
2014-04-23,0.011658505819559073,0.010295250593616577,-42.85714285714286,62.70809649241126,0.07807976572548998,0.3761748985724519
2014-04-24,0.008905332493986062,0.01210661732103531,57.142857142857146,64.92618326201669,0.08437614096163129,0.1786548714741698
2014-04-25,-0.027518097185506685,0.011582563488238086,57.142857142857146,54.11890482312549,0.07726228827362135,-0.16180119567216322
2014-04-28,-0.004271089908217229,0.010475611829318075,57.142857142857146,52.69317459756556,0.07046646398324502,-0.3298022402989893
2014-04-29,0.0021444684342133424,0.009600517587269238,57.142857142857146,53.354784813699055,0.06230755298041015,-0.2932213844565494
2014-04-30,-0.011770586123013294,0.007977999246558011,57.142857142857146,49.27273313082488,0.06267043012114856,-0.43970437322573336
2014-05-01,0.005413998491216709,0.006920705074142592,57.142857142857146,51.10395659731509,0.06258029652161295,-0.5021337150374614
2014-05-02,-0.007539299225601592,0.0054870737175701425,57.142857142857146,48.465931595031016,0.06285212046220952,-0.5321932917748019
2014-05-05,0.010852118672172839,0.005070804447738605,50.0,52.25743690467498,0.05886327702430783,-0.45109906339474853
2014-05-06,-0.020397268049146655,0.0031705714037520093,42.85714285714286,45.4199888475779,0.058246009347370106,-0.7105898926020334
2014-05-07,0.0010958390879920454,0.0016485411370675473,-64.28571428571429,45.82176140724771,0.05923882578703083,-0.7149350366274205
2014-05-08,0.012589010669714629,0.0014262955579846923,-64.28571428571429,50.34848818531499,0.058090508135876934,-0.5982090255533041
2014-05-09,-0.024324241758037934,-0.0007055829606161808,-78.57142857142857,42.8116827768448,0.06257249773907822,-0.12774922776865227
2014-05-12,0.029362795816942677,-5.182356367146519e-05,-78.57142857142857,51.93721304406252,0.05867630640282868,0.32627261995676193
2014-05-13,-0.01614638439769034,-0.000856659893748245,-78.57142857142857,47.333092307715596,0.05911953573575686,0.33210928038141296
2014-05-14,-0.009847124849753142,-0.0022848254095071555,-78.57142857142857,44.768658636895985,0.06306895056659614,0.1141711809250776
2014-05-15,-0.005524534952908167,-0.0038329245327289336,-71.42857142857143,43.3631903930196,0.06838761653770498,0.027610932707465063
2014-05-16,-0.0022223282843331083,-0.005180991830276144,-64.28571428571429,42.78452841271508,0.07361779430648277,-0.04923875007190757
2014-05-19,0.0322941616924195,-0.003482792441680984,-21.42857142857143,52.65075426444588,0.07297516260311428,0.16974515321528078
2014-05-20,-0.011650115358017965,-0.0032062990195003025,-21.42857142857143,49.24514105605036,0.07104564644833675,0.11098245077719121
2014-05-21,0.0,-0.002920969904208381,-21.42857142857143,49.24514105605036,0.06433961531826396,-0.0068891024590179645
2014-05-22,0.004385893046886968,-0.0023041564519711085,-21.42857142857143,50.6233659790643,0.04945112586599864,-0.04420225672454159
2014-05-23,0.009279513098714887,-0.001054600940494185,-21.42857142857143,53.512270880670485,0.04743757535557891,0.014699288160688339
2014-05-27,0.01784738007740927,0.001319980394155306,-21.42857142857143,58.57848112918017,0.05218352512263871,0.288651765409779
2014-05-28,0.008501789541391691,0.0037968027662045635,85.71428571428572,60.80865279530704,0.059720107579245445,0.48138330522614603
2014-05-29,-0.0015808663695523473,0.005585503842258178,92.85714285714286,60.15457842945433,0.06656360379993351,0.3904827458545982
2014-05-30,0.0026387944868737634,0.007110284843714994,92.85714285714286,60.90922570057008,0.07301391812687913,0.4604428870980819
2014-06-02,-0.00315800799766075,0.0080087731053131,78.57142857142857,59.45415323271895,0.0774996533231644,0.40147549558958306
2014-06-03,-0.004223729503093687,0.008301930088787103,78.57142857142857,57.48249764318696,0.08010817102112966,0.41834623382847086
2014-06-04,0.0010605943682964192,0.008485993253560156,78.57142857142857,57.8588158810067,0.0815847652083965,0.34112949712650137
2014-06-05,0.004237217677896199,0.008840937679245599,78.57142857142857,59.40628787472614,0.0834204781592126,0.38408941104669486
2014-06-06,0.0036917398546034708,0.009306469889463166,100.0,60.76389244123981,0.08675550291341606,0.26573951251699546
2014-06-09,0.0010511859594812822,0.009664320131334832,100.0,61.16364065175078,0.08503473497376204,0.18104177027790966
2014-06-10,0.005249026350403696,0.010207356057740223,92.85714285714286,63.182892313802554,0.08871936568528328,0.259631861469395
2014-06-11,0.01305493010399883,0.011447991449117526,100.0,67.70409100532252,0.09297779369614263,0.5092108818030703
2014-06-12,0.006185466112696103,0.0128068069080955,100.0,69.63178773496658,0.09450801374331655,0.7863940061991727
2014-06-13,0.0010248630449476437,0.013848160164609396,100.0,69.95377393090929,0.09150554136417084,0.8259299695605218
2014-06-16,-0.0030707344075654452,0.014315494409499151,92.85714285714286,67.63738848543308,0.08303876323929889,0.7969272000407779
2014-06-17,0.006673579297947763,0.014917890348902013,57.142857142857146,69.9584547760272,0.08548229811086303,0.8107941614403699
2014-06-18,-0.0010198390260363066,0.015228377959310924,57.142857142857146,69.13696820031393,0.08190768492463976,0.8703999219909363
2014-06-19,-0.02297089331308766,0.013770036981911269,57.142857142857146,53.82222511853977,0.07212977084699132,0.6969934079242421
2014-06-20,-0.010971917433980627,0.011440297153395403,57.142857142857146,48.430640466317705,0.06257343713100515,0.4088470051257005
2014-06-23,-0.011621607332401696,0.00853707987654701,-42.85714285714286,43.513060978446674,0.058387991328137004,0.7494165816392323
2014-06-24,-0.01549979539564006,0.004899286244950632,-50.0,38.03107995292854,0.06547944981178624,0.5795075209404095
2014-06-25,0.01031479053005091,0.0026831824845779577,-57.142857142857146,43.089824606373966,0.0691936288375246,0.7188592092537198
2014-06-26,-0.013433603347294154,-0.00011767721885749702,-57.142857142857146,38.62217540720406,0.07675176492627013,0.498981027018567
2014-06-27,0.0010892725395323932,-0.0022500222640272015,-71.42857142857143,39.16556194658219,0.08293720935867177,0.42683228684183033
2014-06-30,0.00870517677729521,-0.003173069818226977,-71.42857142857143,43.476990486048365,0.08593893848260753,0.5153638750362685
2014-07-01,0.011326793328794382,-0.002938463040448417,-71.42857142857143,48.62351875236259,0.08652966118792832,0.6957749676263912
2014-07-02,-0.0037332220327475074,-0.003058234806039702,-71.42857142857143,47.08458174815407,0.08768249391667954,0.7505540913270571
2014-07-03,0.009100475705309696,-0.0023611431212174905,-71.42857142857143,51.129948157109695,0.08794345569758932,0.8469658047209295
2014-07-07,-0.00795718011846136,-0.0024640573819701564,-57.142857142857146,47.667285077455205,0.08896287754170874,0.6810817937530016
2014-07-08,-0.008021810524992512,-0.0031670920643988576,-57.142857142857146,44.42681249477505,0.09103545829029865,0.5481174954927924
2014-07-09,0.0301887298251855,-0.0012211171819996984,-50.0,56.35515579166156,0.09086321467508562,0.8113075364982285
2014-07-10,-0.005232809868353949,-0.0001736312028585516,-42.85714285714286,54.12120366809546,0.08832051390916393,1.0794577362928062
2014-07-11,0.00210431944330125,0.0008202000205938551,-35.714285714285715,54.8915411770067,0.0838764658166567,1.139706971227931
2014-07-14,0.012598414712171158,0.0025619354644777275,71.42857142857143,59.306218156216985,0.08037850922266934,1.2837244920723445
2014-07-15,0.0041471580353904525,0.004218674175383885,78.57142857142857,60.687333826079225,0.07872763650665913,1.4743496839657448
2014-07-16,-0.0010324751221533202,0.005400115428942341,85.71428571428572,60.137842425165175,0.07416807507674243,1.264100469823129
2014-07-17,-0.0025839204685167427,0.006070350763782955,85.71428571428572,58.7066895304859,0.06891142489691854,1.014778114285768
2014-07-18,-0.044559726004918754,0.00309878457969225,85.71428571428572,40.74529434771736,0.07011892602185528,0.19503142146440466
2014-07-21,0.005965143865555023,0.0009834973053485714,78.57142857142857,43.14144930618352,0.07104839392267172,-0.09235572182321884
2014-07-22,-0.004312462932579142,-0.0010189990938458912,-21.42857142857143,41.81705422153967,0.07264509532890384,-0.4652336339906532
2014-07-23,-0.02111546728681246,-0.004356035821162338,-35.714285714285715,36.01261159650308,0.07813987828206968,-0.8757043482241357
2014-07-24,0.0016594906815914356,-0.006760061164174366,-42.85714285714286,36.74009964211865,0.08385407474453863,-0.9556032186541542
2014-07-25,-0.017669989163540123,-0.010161295034808164,-50.0,32.49650070004829,0.09362147305494557,-1.157634351489028
2014-07-28,-0.003934607071874097,-0.012979954220694674,-57.142857142857146,31.63574626920735,0.10376866611311164,-0.9935662400812586
2014-07-29,0.003385842306403708,-0.014689107397678336,-57.142857142857146,33.26736556642377,0.11217437077419136,-0.9873772871607405
2014-07-30,0.01687286220883144,-0.014307711006512716,-57.142857142857146,40.8670256071762,0.11530806847809964,-0.706792971558582
2014-07-31,-0.03207943496332177,-0.01714587898627098,-57.142857142857146,33.03433817003628,0.12685566307278723,-0.9097176136310829
2014-08-01,0.010857052976344983,-0.01774386401295569,-57.142857142857146,37.27549796741306,0.13259774245916003,-0.837707524981693
2014-08-04,-0.002261127301119048,-0.018376368127030175,-57.142857142857146,36.74784087077272,0.13835780224042282,-0.8152741898296828
2014-08-05,0.0005666874037022485,-0.018575265106071815,-57.142857142857146,36.98804000629664,0.14342226510122458,-0.7742947867954431
2014-08-06,-0.00113244847434113,-0.01863901185696321,-100.0,36.68803661052532,0.14371146024023299,-0.6810291160860175
2014-08-07,-0.010204231998118929,-0.019472763391598463,-100.0,34.013944788730996,0.14567635328590064,-0.8466976687653528
2014-08-08,0.0882015502805511,-0.01168671717389589,7.142857142857143,60.524019126152815,0.14505394558701845,-0.054434780516249115
2014-08-11,-0.005263236509432945,-0.007147408179165636,7.142857142857143,58.87006305169401,0.1395480919866534,0.03165090485961437
2014-08-12,0.0,-0.003461071016019735,7.142857142857143,58.87006305169401,0.13204814037343326,0.17217546246078674
2014-08-13,0.005820093551241801,-6.879137493883523e-05,28.571428571428573,60.25562669814977,0.125893731847837,0.2454943415831968
2014-08-14,-0.011046950447689885,0.0017117420149718625,28.571428571428573,56.35261425572562,0.11733799769826199,0.10312473625026916
2014-08-15,0.012766351395914644,0.004054479311778746,28.571428571428573,59.57540942327255,0.1239254212204427,0.23434429992982633
2014-08-18,0.013655400111328708,0.006856351051547867,50.0,62.78142610495108,0.13369941992540443,0.5169712848106203
2014-08-19,0.008066325871002755,0.00958238083715135,57.142857142857146,64.59220484477692,0.14535139184748438,0.677900171293645
2014-08-20,-0.0061951936517595785,0.011227293862154038,57.142857142857146,62.074126770388325,0.15283386930894174,0.588793885247689
2014-08-21,-0.009350784945195367,0.011704813900994088,57.142857142857146,58.39660190970574,0.15663571460037023,0.2819348157289298
2014-08-22,0.0005249342111302013,0.011898151627467463,57.142857142857146,58.54369658925336,0.1570742912787551,0.12198760473600605
2014-08-25,0.00157194512384784,0.012025341089303657,57.142857142857146,59.01129971999517,0.1555344155132409,-0.05229457079047735
2014-08-26,0.017791756897476363,0.01318724181676225,92.85714285714286,63.97232421464077,0.15683934600783345,0.10083118447165604
2014-08-27,-0.011310903120016369,0.013360805388734633,92.85714285714286,58.99660035953539,0.15710017824372435,0.006793557462934864
2014-08-28,0.008320285582716025,0.013775439356096585,85.71428571428572,61.3510388233349,0.14903239914476046,0.10638489681796193
2014-08-29,0.003094272468776804,0.014232484296307267,71.42857142857143,62.226936145872195,0.14210438111632195,0.29634868103448403
2014-09-02,0.0025707562178245436,0.014629133629209036,78.57142857142857,62.97991292814969,0.13171650911339727,0.5615155886580703
2014-09-03,0.009230773768048373,0.01539601836298733,85.71428571428572,65.63564635729513,0.11943833458129746,0.7659706784989163
2014-09-04,0.017784536802297746,0.017041860180497227,92.85714285714286,70.12365899824916,0.10617426755573577,1.045937361113399
2014-09-05,-0.0029955290518007827,0.018163353206194485,92.85714285714286,68.47270532113951,0.07394963374230851,1.0724520794359524
2014-09-08,-0.009013337199805238,0.018240303275257514,85.71428571428572,63.63271343301998,0.0758927502005769,0.8312629827026905
2014-09-09,-0.012632692675317525,0.017172492407806866,57.142857142857146,57.548252686436406,0.07303127758065084,0.47909647939370953
2014-09-10,0.003582378714822365,0.016185141508122433,57.142857142857146,58.73793658687797,0.06971324411114087,0.3718435066419559
2014-09-11,-0.010198931864099259,0.014610578324363402,57.142857142857146,54.07505992039561,0.06643910669364576,0.35829525285227803
2014-09-12,-0.014940905800384874,0.012068225104032314,57.142857142857146,48.11109203944833,0.05983227582505679,0.057524609768027604
2014-09-15,-0.013598015083041148,0.00880012239691673,-50.0,43.48106026656755,0.06153170761576261,-0.2785957622140201
2014-09-16,0.014845834800538027,0.007088067753128038,-57.142857142857146,49.155822956861904,0.06212842889375155,-0.24596428397509817
2014-09-17,0.0005225571254550143,0.005805450459261013,-57.142857142857146,49.35145257203756,0.06318678015951763,-0.23098674841086322
2014-09-18,0.015143630440577427,0.005856640404328233,-57.142857142857146,54.783885966126945,0.06282727224805151,0.007030845940491808
2014-09-19,-0.018518143367437068,0.00450403185541461,-57.142857142857146,47.91372422929124,0.06271507297145981,-0.4808339718098916
2014-09-22,-0.009958360818347334,0.0025372612613515505,-57.142857142857146,44.72565179670339,0.06534449590433733,-0.9396224429160398
2014-09-23,-0.004234922053991674,0.0005966330958749384,-92.85714285714286,43.415830429869814,0.06942039734349328,-1.1410531483025932
2014-09-24,0.005847973816816232,-0.00046980321529974757,-92.85714285714286,45.7677091114044,0.07236858551981916,-1.0525187794619386
2014-09-25,-0.021670326240022963,-0.003092971319970375,-100.0,39.22367816299799,0.08176174270010521,-1.2163063242458403
2014-09-26,0.0021610326271011004,-0.00492173329467404,-92.85714285714286,40.12319760339814,0.08879594566338425,-1.2974476124755334
2014-09-29,-0.001617262627315763,-0.006443093934304478,-100.0,39.64922605014478,0.0947979873491354,-1.1329230949874245
2014-09-30,-0.0037796806018002282,-0.00788669338409025,-92.85714285714286,38.50623176633563,0.1003146236585293,-0.861369595397289
2014-10-01,-0.009756034095636301,-0.009782385919506349,-85.71428571428572,35.65952226237239,0.10557774360072267,-0.9901570239756643
2014-10-02,-0.0043788406808875635,-0.011494901728684804,-100.0,34.44081805062019,0.10403407257529193,-0.7693276122796779
2014-10-03,0.0021989121663359423,-0.012469081963038435,-64.28571428571429,35.62539936686684,0.09946251805771572,-0.9142413061983617
2014-10-06,-0.006033757936448225,-0.013673820630839741,-64.28571428571429,33.81585064622278,0.09712378928579912,-1.012042758234944
2014-10-07,-0.010485543188077928,-0.015400510541752224,-64.28571428571429,30.896543418497817,0.09995865924178612,-1.263669354612174
2014-10-08,0.01840489984769378,-0.014725091799240357,-64.28571428571429,40.503774798406106,0.09366723737547297,-1.039460175778617
2014-10-09,-0.019167693508612804,-0.016083499448681596,-100.0,34.95332106935231,0.0938603014509306,-0.957942516569513
2014-10-10,-0.05918470744632598,-0.02281034778423468,-100.0,24.15666859478785,0.12257827664860282,-1.5661217080089518
2014-10-13,-0.003560930508915483,-0.027409686001252872,-100.0,23.71021208517492,0.14605044269286482,-2.069378044029741
2014-10-14,0.023227982472234565,-0.028130568129820326,-92.85714285714286,32.44910910164884,0.15281545844339275,-2.1755025273413913
2014-10-15,0.015134036715353627,-0.02724271311672981,-85.71428571428572,37.58241953855064,0.15258334894412415,-1.6810724618681117
2014-10-16,0.0005731357817810867,-0.026504306870278597,-78.57142857142857,37.77817774913645,0.14437428201454824,-1.2525005718720852
2014-10-17,-0.0017190672673730312,-0.025817481639884468,-71.42857142857143,37.39908722455553,0.14005463717465386,-1.1776918122684326
2014-10-20,0.008610640126456959,-0.024055374809676212,-57.142857142857146,40.608364462935334,0.13514795944084848,-0.9999830746025353
2014-10-21,0.042686432583022516,-0.018383445925333954,-57.142857142857146,53.45668896399122,0.12974067498995084,-0.45692717205588634
2014-10-22,-0.023471404136419127,-0.01676761867148578,-42.85714285714286,47.157820328785995,0.1201000525330779,-0.45642008906044207
2014-10-23,0.022358905206474322,-0.012892510688262927,-42.85714285714286,52.73691433928632,0.1178008484491442,-0.35827633397937875
2014-10-24,0.010388014427877401,-0.009073906456355574,64.28571428571429,55.15867632228685,0.11687546985363445,-0.22559988510418025
2014-10-27,0.0005409491248713483,-0.006036148510164353,64.28571428571429,55.288491495024,0.11648120271868342,-0.06958408138316663
2014-10-28,0.023797074436237464,-0.0016535036647146073,78.57142857142857,60.68367963869213,0.12430834878020522,0.1995705513531717
2014-10-29,-0.00633932151969363,0.0011909601310446506,85.71428571428572,58.60660726252617,0.1307245895960809,0.30347751639091824
2014-10-30,-0.006379631969464228,0.0029239585642580443,85.71428571428572,56.52316333614572,0.13521266551635447,0.364023092212944
2014-10-31,0.04547888817997903,0.007527989334077113,100.0,65.79799748314798,0.1547861890425868,0.6566703575794349
2014-11-03,0.01688874983364541,0.012288709874619042,92.85714285714286,68.59879754889934,0.1780426979830887,0.5927316757918947
2014-11-04,0.013084620447726403,0.016800491638397686,100.0,70.63877996359315,0.20134972261222336,0.8045387761821027
2014-11-05,0.0,0.020268255221884086,100.0,70.63877996359315,0.2201225246681641,0.8324738375340087
2014-11-06,0.0044709101112736516,0.02300797395951374,85.71428571428572,71.38509526744588,0.23547976976110416,1.130933071079125
2014-11-07,-0.021265881923181018,0.0237720691437991,100.0,63.128798745825286,0.22836092615216785,0.8206810965791506
2014-11-10,0.01162203177586596,0.02435223159314502,92.85714285714286,65.43184177050159,0.21820231124684708,0.7467247390942151
2014-11-11,-0.011988099328467117,0.024075532474841947,85.71428571428572,61.1402979463389,0.20794308085867166,0.6223868391280717
2014-11-12,-0.0065721751624368,0.02297962964188417,78.57142857142857,58.887345421058804,0.19766625297689486,0.6145279233772621
2014-11-13,-0.005088989395483967,0.021437487648556172,64.28571428571429,57.14300601618278,0.18381381886024684,0.5279258680306104
2014-11-14,0.012276111173035842,0.020619033531406754,64.28571428571429,60.1908328845974,0.1670025569034315,0.6230475617202859
2014-11-17,-0.004547847699126084,0.01967318524189443,57.142857142857146,58.51036519397469,0.14817525609001256,0.56487990493264
2014-11-18,0.02385776915360327,0.020058762785278978,42.85714285714286,64.14065959321633,0.14464711737697106,0.6846961120664999
2014-11-19,-0.0037339794547760485,0.02026924326043552,42.85714285714286,62.672956928781744,0.12819418739732907,0.7153497810664471
2014-11-20,0.016491373176135804,0.021111650620195592,35.714285714285715,66.32440277602629,0.120266779126094,0.9008599308181555
2014-11-21,0.005408552104313236,0.02210062857048549,-35.714285714285715,67.46696137802708,0.11398056130896524,1.00917571101022
2014-11-24,0.006356726579850758,0.02307300905133247,42.85714285714286,68.81347257561346,0.10559267815178397,1.0182115636589522
2014-11-25,-0.00048606246873639236,0.023654001861967762,50.0,68.57825651388843,0.10263989161666238,0.849920990982023
2014-11-26,0.01701543603908351,0.024766782606340233,57.142857142857146,72.16360242753225,0.09960624696084822,0.9744914756924941
2014-11-28,0.002389444738555957,0.02579541110170348,64.28571428571429,72.6436943154691,0.08877809473183977,0.9867146908951996
2014-12-01,-0.01859759905808911,0.025341325147641012,64.28571428571429,63.44937202337817,0.08691583584871197,0.6768802380882943
2014-12-02,0.0014580059267559342,0.024394529066264176,64.28571428571429,63.828704540014925,0.08798018118002406,0.6315101609190003
2014-12-03,0.025715348671109473,0.024816835758333395,85.71428571428572,69.79213105293053,0.09732400283213703,0.9371392544396515
2014-12-04,-0.008986954181986584,0.02485047527328111,92.85714285714286,65.61600823019506,0.10186743050532708,0.9147342463695187
2014-12-05,0.005727474609297234,0.024732550777636322,92.85714285714286,66.96066904165377,0.10731889716840147,0.8352630643740265
2014-12-08,-0.012814876894839178,0.02375128520036135,100.0,61.164120795741994,0.10558765830445045,0.5800667569117736
2014-12-09,-0.003365373220231227,0.022266748673193625,92.85714285714286,59.72075294879914,0.10479561141546992,0.6679338364664205
2014-12-10,-0.022189584092659254,0.019448506934652554,85.71428571428572,51.174588735783665,0.10009298630079551,0.3881679629105684
2014-12-11,-0.0004933730897993538,0.01659178376854809,78.57142857142857,51.003700061632564,0.09269817158888327,0.10173533147592202
2014-12-12,-0.031095758245957006,0.012051175884542562,-28.571428571428573,41.58321902895229,0.08955780663579041,-0.4292517359388887
2014-12-15,-0.0030568151967202972,0.0077189362219044644,-35.714285714285715,40.81005411059741,0.09195442676005453,-0.8912506598463511
2014-12-16,-0.011241628958239769,0.003348692562883039,-42.85714285714286,38.0189902835067,0.09723885324105477,-1.2606689873024497
2014-12-17,0.040827183971800185,0.0029540564973833286,-50.0,50.98311834020072,0.09686445626363263,-0.8461493589290313
2014-12-18,0.003971905207118098,0.003018973632720479,-50.0,52.07619031432454,0.09540615293064594,-0.7236521043773474
2014-12-19,0.009891002319348585,0.0037960656455461967,-50.0,54.79062416900887,0.09525999924658385,-0.37233133846432287
2014-12-22,0.01762987039115793,0.0056908469263846516,-50.0,59.26343319080598,0.0961391256772856,0.018694653221118487
2014-12-23,-0.0062561386233404015,0.006704915979922386,-50.0,57.06772716493026,0.09631033724830632,0.03995551062118171
2014-12-24,-0.0038741131470133583,0.007113447985380156,-50.0,55.7000977787114,0.09631033724830632,-0.00925956594606362
2014-12-26,0.0009727792484088837,0.007402427274558263,-50.0,55.98423427186546,0.09452746184472008,-0.04841054890207056
2014-12-29,-0.0014571159334983985,0.007444503979206377,-50.0,55.41037932213624,0.0920133986431713,-0.0664161040529211
2014-12-30,-0.009241382968519729,0.006708965128854641,28.571428571428573,51.789824763527236,0.09190431056952215,-0.19109545359109953
2014-12-31,-0.015709214156089835,0.004824460656968577,28.571428571428573,46.30252504410008,0.0930765771704268,-0.4349079969278484
2015-01-02,0.00398961048379709,0.0035133696020913942,28.571428571428573,47.79167402271355,0.08783335480632447,-0.4345446901551239
2015-01-05,-0.016889996829801412,0.0011329282882234888,28.571428571428573,42.40837076498547,0.08696467662128579,-0.6061357436828939
2015-01-06,-0.03031843894597941,-0.00331124833216562,28.571428571428573,34.93067704633495,0.09231135958135057,-0.9374147651156045
2015-01-07,-0.0026055700929364933,-0.007009285727718538,-64.28571428571429,34.38653258243832,0.09925480793602756,-1.3466741140203868
2015-01-08,0.037617627855431435,-0.006571897716301797,-64.28571428571429,47.152930765547204,0.0960028451604933,-1.080917186175118
2015-01-09,0.004028093472731031,-0.0060078834850229666,-64.28571428571429,48.35528230388225,0.09583397401013942,-0.7827788345440945
2015-01-12,-0.012537649723245448,-0.006601099889808321,-64.28571428571429,44.91606661020549,0.09681030813255465,-0.6758602025836681
2015-01-13,-0.0015232134030135347,-0.007063148537395749,-64.28571428571429,44.50709366806693,0.09656323874327415,-0.7883332543465714
2015-01-14,0.004068943310189699,-0.006983766346862737,-64.28571428571429,45.92145825303289,0.09517021842524126,-0.5986493208647892
2015-01-15,-0.0070919838842800065,-0.007483223944001519,-57.142857142857146,43.816720041541814,0.09206486452873112,-0.7591421725645805
2015-01-16,0.01836718619987021,-0.006171632062985685,-50.0,50.144664351203204,0.09210618663130693,-0.49412733434325334
2015-01-20,0.003006027773338804,-0.004924841524270389,-42.85714285714286,51.13256783760842,0.0918076499995955,-0.30625348451661877
2015-01-21,0.013985838301780129,-0.0027522079923564605,-35.714285714285715,55.558227246760254,0.09097779860609989,-0.0017399568052579172
2015-01-22,0.017241319040172565,0.00029837353585405156,71.42857142857143,60.38757478745428,0.08902247544932226,0.3377377438314828
2015-01-23,0.002905765724552589,0.0028719366865495176,78.57142857142857,61.166687529878274,0.08988631001143128,0.5959892313485083
2015-01-26,-0.004345599276715295,0.004529234523487002,78.57142857142857,59.283319141569905,0.09050289819551065,0.6830602114992549
2015-01-27,-0.048011553511365546,0.002033921617815032,78.57142857142857,43.43857399729655,0.0884547633323097,0.09549574040110843
2015-01-28,-0.01630185166934095,-0.0014472633959942826,78.57142857142857,39.74113861581545,0.08913616716027883,-0.5896107823895318
2015-01-29,0.02433988204897597,-0.002189663323662311,-28.571428571428573,46.89134250039459,0.08694224038103432,-0.5540236139565606
2015-01-30,-0.029322825243358275,-0.005266888154587762,-35.714285714285715,40.504110237059535,0.0918033250613723,-0.9308650905153925
2015-02-02,0.021875119145529087,-0.005696341517353583,-42.85714285714286,46.217158602448244,0.09144854057862367,-0.675027546728744
2015-02-03,0.024974680642330327,-0.0039649222612318565,-42.85714285714286,52.00728781187701,0.09223582317573766,-0.2222947504902823
2015-02-04,0.002486245203294324,-0.0024674899438820222,-42.85714285714286,52.56840564489984,0.08795978878125116,-0.062571901055773
2015-02-05,0.016368917403873917,3.1396054377710006e-05,-42.85714285714286,56.20768803875775,0.08439035151351515,0.2413549683807024
2015-02-06,-0.004392440528009023,0.00161441699551049,-42.85714285714286,54.96892770759103,0.08635657178686493,0.13931331866549287
2015-02-09,-0.0009800313202362743,0.0027606955624627618,-42.85714285714286,54.68063606057518,0.08797353019501175,0.3474063878141533
2015-02-10,0.027969074447201203,0.005697862621653572,42.85714285714286,60.9663043419947,0.09554084871716237,0.7416023820503473
2015-02-11,-0.006683143164283978,0.007510040839288664,50.0,58.80867687123064,0.09859074648942925,0.7327874743117975
2015-02-12,0.07160005422497129,0.013555340967414092,57.142857142857146,70.69472471741315,0.13389629540481934,0.9659339047877874
2015-02-13,0.00044862826715386106,0.018557813998440455,57.142857142857146,70.75574342579861,0.1560118744472863,1.3455768558718588
2015-02-17,0.0031376503759734664,0.022450263655695264,57.142857142857146,71.20748923717845,0.1752704549077055,1.4766592058910328
2015-02-18,-0.011617518820531747,0.024649146001829582,57.142857142857146,67.063722904434,0.18560453834254506,1.2352146007441733
2015-02-19,0.0027122097277096913,0.02603002966478157,57.142857142857146,67.5332152044539,0.19549145117168917,0.9226722077160386
2015-02-20,0.007213744507041042,0.027246423268036182,57.142857142857146,68.81014154012067,0.2063532611715348,0.9349642811344473
2015-02-23,-0.008057171803520946,0.02761475987182876,57.142857142857146,65.68052332548291,0.21338012423974798,0.8275879568435497
2015-02-24,0.010645436318618806,0.027966742185497193,50.0,67.7507177299366,0.22144229548598776,0.9225001921026867
2015-02-25,-0.007620036136803954,0.027755326217649694,42.85714285714286,64.70971354327088,0.2181913773436276,0.8314677633106912
2015-02-26,0.0027102335515083453,0.027247494128273382,21.42857142857143,65.30171595060649,0.207759851982516,0.7607228124339348
2015-02-27,-0.006306450243342199,0.02626041500650814,21.42857142857143,62.66051972019094,0.19994144738967512,0.6022628543772665
2015-03-02,0.02447898366467416,0.026359793950583507,100.0,68.0313977146691,0.182780306623612,0.7737662400225919
2015-03-03,-0.018583943661446223,0.025622553038729155,92.85714285714286,60.71638389200539,0.16483939303994444,0.6219865045836616
2015-03-04,0.011271038912923803,0.024979449571867207,85.71428571428572,63.24937899842462,0.15365837545388908,0.7538343207503247
2015-03-05,0.019170774408034053,0.025455950128242838,100.0,67.17053933731037,0.1435658224421111,1.109067749982629
2015-03-06,-0.013560751313059671,0.02516682209487728,92.85714285714286,62.031980801108546,0.13245523134117002,0.8341751600844446
2015-03-09,0.0026607361252619643,0.024526315012420394,64.28571428571429,62.62789416430078,0.11568389352053852,0.5639790614231719
2015-03-10,0.017249219173292918,0.024746464062755137,85.71428571428572,66.32743411448817,0.09546700110554389,0.6412457818680259
2015-03-11,-0.0052176790058166,0.02467529384976951,92.85714285714286,64.22076845935395,0.08177680833834233,0.37739133898230354
2015-03-12,-0.009178478129037493,0.02372218879251693,92.85714285714286,60.59385602414822,0.0518924251559802,0.4672491203852899
2015-03-13,0.0013235451315540825,0.022601696682549806,78.57142857142857,60.93333749528521,0.05273821801023187,0.8045711606097959
2015-03-16,0.011893975749851515,0.022175863631693733,78.57142857142857,63.943456288721435,0.05634729569584294,0.9593115718978329
2015-03-17,0.01219020349976363,0.022495867526307025,50.0,66.8004732474516,0.06384297555731927,1.2932603666209874
2015-03-18,-0.016344153976535214,0.021751161778992854,85.71428571428572,59.86751966881268,0.06243708382468712,1.0670874187012354
2015-03-19,0.015303862064492746,0.021518479837681515,85.71428571428572,63.613343609389226,0.06489201545264299,1.1393206240098972
2015-03-20,0.010766331196659706,0.021970138964284524,100.0,66.05075530357196,0.07140926648566358,1.2097026013917649
2015-03-23,-0.03238180407428071,0.020328313004177367,85.71428571428572,54.170666757861596,0.06738548789142532,0.6602966838978913
2015-03-24,-0.013649887346762646,0.017382668347040914,85.71428571428572,50.20424352509107,0.06668085147987077,0.16216157497331896
2015-03-25,-0.06071479388483769,0.010447286737529394,-21.42857142857143,37.30016792196908,0.0902639823983912,-0.5838362406953406
2015-03-26,-0.0033271324628537657,0.0037613109515686667,-28.571428571428573,36.7761924386929,0.11010588437506227,-0.5969833158220293
2015-03-27,0.019552290584717635,1.2308964781884603e-05,-28.571428571428573,41.92225210573398,0.11810327680550886,-0.29166325971548224
2015-03-30,0.004209513465628589,-0.0025221513057973057,-28.571428571428573,43.01861819724614,0.12536693725867518,-0.009017131439683487
2015-03-31,-0.02515166855629003,-0.006652786246646093,-28.571428571428573,38.341687215829864,0.13916553335682302,-0.2633288234092151
2015-04-01,0.003822319387291273,-0.00942131469813156,-28.571428571428573,39.39294587899551,0.1500289275026925,-0.09176095098103988
2015-04-02,0.0023798825724690165,-0.011286163560896866,-28.571428571428573,40.08057721376656,0.15711469500688605,0.018837107869086045
2015-04-06,0.028965067258526878,-0.010034870958681096,-28.571428571428573,47.85364536550384,0.15856362064258184,0.526567518273024
2015-04-07,0.008767975935939143,-0.008415838454229146,-28.571428571428573,50.02815032019937,0.15852609860208927,0.7192884088595088
2015-04-08,0.0073189525401600175,-0.006488457278023299,-28.571428571428573,51.84897259572286,0.15522710376868143,0.9522561673903016
2015-04-09,0.02316083952002912,-0.003034496105562955,-28.571428571428573,57.2022541248828,0.1531732181407948,1.2433810383692496
2015-04-10,0.010208838008306076,0.00040138845821878884,-28.571428571428573,59.39479089209574,0.15372045661473413,1.4783873165541237
2015-04-13,-0.009226760504286391,0.0023503692305683753,-21.42857142857143,56.54639909934416,0.15294926478378923,1.3240723530363296
2015-04-14,-0.008425811054297183,0.003202473966329162,78.57142857142857,54.02208091128262,0.14936598493859893,1.1702434512323694
2015-04-15,0.012075165620875516,0.004724150521417706,78.57142857142857,56.96229860847109,0.14345318160700907,1.0593304764403133
2015-04-16,-0.006186291077259876,0.005432560720468349,78.57142857142857,54.998418012505354,0.140738368621002,0.9116963994727939
2015-04-17,-0.01289471594568603,0.004937665329083381,50.0,51.07044654992254,0.1323000960044728,0.7468663100447284
2015-04-20,-0.004954884496266021,0.004062926503608448,50.0,49.62277807854323,0.1172754401068004,0.4341444692805584
2015-04-21,-0.001358295946603305,0.0032080283956991947,50.0,49.21298230962841,0.11277881679587906,0.1626341760112716
2015-04-22,0.011332804507351302,0.003363274144768881,50.0,52.71671835469406,0.11215520792846487,0.21974700168455258
2015-04-23,-0.004034038681411389,0.003165709284101877,35.714285714285715,51.34348158417611,0.10702803746506896,0.3404381465841157
2015-04-24,-0.008550612088757181,0.002301753912421954,35.714285714285715,48.4728220536697,0.09900875149616772,0.3985456177683337
2015-04-27,0.007716546479253239,0.00217601798965475,28.571428571428573,51.1068788682978,0.09587891483619444,0.3506547384503341
2015-04-28,0.004954884496266132,0.00244964197848055,-57.142857142857146,52.788657246759755,0.093456109309013,0.4507038224325748
2015-04-29,-0.007620036136803954,0.0020522816514908352,-57.142857142857146,49.930154227973524,0.08045215624485072,0.3669957432559781
2015-04-30,0.0027102335515083453,0.0019138486857108402,-57.142857142857146,50.939961016610035,0.0656584200513143,0.38122421979806115
2015-05-01,0.02477486939072837,0.00367326383450356,-57.142857142857146,59.08525350531828,0.05023926711706728,0.5546419054869485
2015-05-04,-0.006153986042897075,0.004583403046733247,50.0,56.51316046668781,0.045307892653838035,0.4615558085010963
2015-05-05,-0.025652122353414075,0.00326382310063102,50.0,47.32251580838573,0.04297025051498161,0.15699078106366726
2015-05-06,0.003176937887638509,0.002344211544931085,50.0,48.41275763765268,0.04215874441766664,0.03453731696152935
2015-05-07,0.01764750775529622,0.002960632220167485,50.0,54.11219493629687,0.041883775566060766,0.4450625900965014
2015-05-08,-0.07381055840340212,-0.0026412829028720952,-28.571428571428573,35.921166160761096,0.06920436267628854,-0.059455753105179344
2015-05-11,-0.009601371466294584,-0.008028002796944284,-35.714285714285715,34.419855913165996,0.09242822457255086,-0.1912741054125166
2015-05-12,0.009694451496272238,-0.01125436718446746,-35.714285714285715,37.24445497635776,0.10546023292671407,-0.08820721489504359
2015-05-13,0.005761001493328477,-0.01317879073594124,-35.714285714285715,38.943731667813374,0.11163527049041291,-0.03150028513829487
2015-05-14,0.016228925932941785,-0.013079962224012136,-35.714285714285715,43.60321345997908,0.1128923384766051,0.1400272270191449
2015-05-15,0.00046973976510211735,-0.01297479809922368,-35.714285714285715,43.73921909468111,0.1149858630203085,0.16259965300010976
2015-05-18,-0.0014087905362067943,-0.012879882369381262,-35.714285714285715,43.40101398947254,0.11719261677456802,0.14724718584818006
2015-05-19,-0.006234803933572897,-0.013224211369599692,-35.714285714285715,41.86051130333094,0.12013545878795967,-0.05493973121164997
2015-05-20,0.0,-0.013279970930208376,-35.714285714285715,41.86051130333095,0.12092692392882594,-0.31258890480136065
2015-05-21,-0.007128537807805313,-0.013839633130260771,-35.714285714285715,39.99006395162994,0.12279710817324252,-0.6120298869155668
2015-05-22,-0.0014363219379768255,-0.014180643011863938,-35.714285714285715,39.60876874118355,0.12519054696644746,-0.799259127739599
2015-05-26,-0.006232185850182814,-0.014860383862164319,-28.571428571428573,37.92165045531662,0.1267182019393971,-0.8082224192574272
2015-05-27,0.053545537329989346,-0.010329388710540557,-14.285714285714286,55.39251578325617,0.12379557162818983,-0.35140680133994895
2015-05-28,0.013736077707658056,-0.006074290200501397,-14.285714285714286,58.76979668153057,0.12471802123631791,0.08343244718394813
2015-05-29,-0.00045107412513922807,-0.0028182126478656718,92.85714285714286,58.6107109588085,0.1250181122532578,0.021723834878065253
2015-06-01,0.011296333918265011,0.0006607769972989217,100.0,61.42555930198792,0.12099203390840019,0.01904176813947561
2015-06-02,-0.01966023559760932,0.001821765661573279,92.85714285714286,54.41146262608952,0.11423558568077934,-0.18829791665481999
2015-06-03,-0.010939090724233935,0.0018478083514500564,28.571428571428573,50.99110985347328,0.11276819164304583,-0.4671664392222311
2015-06-04,0.017972143075834834,0.003207399755250416,28.571428571428573,55.84798957574709,0.11369069070905964,-0.28822639781120923
2015-06-05,0.0076963476186096,0.004838330468510387,28.571428571428573,57.81084664259781,0.11186627472095054,0.009998274779594985
2015-06-08,-0.02291125689489415,0.004352216242686362,28.571428571428573,50.55072074250504,0.10908958545468465,-0.005992928335753241
2015-06-09,0.00505782266052579,0.004215027243339652,28.571428571428573,51.95237256425689,0.10312976144087284,-0.03778216876441602
2015-06-10,-0.017841042529663453,0.002701651351461517,28.571428571428573,46.87906192886772,0.09780776579359483,-0.2382515266518563
2015-06-11,0.010712372297830175,0.0022555676723742916,28.571428571428573,49.981133469896726,0.09348138558230824,-0.24069322601933665
2015-06-12,-0.027189178076128973,-0.0002735737684860604,28.571428571428573,43.03792665519073,0.0941244639236939,-0.4707446656224251
2015-06-15,-0.0018944373387774771,-0.0024571464555822706,28.571428571428573,42.60588971457383,0.09517457996021121,-0.4092022881506952
2015-06-16,0.012339909853390507,-0.0031166745310033865,21.42857142857143,46.37492623050495,0.09424555375729571,-0.13644318297963273
2015-06-17,0.011720710493126285,-0.002655240561745159,-78.57142857142857,49.78930902142562,0.09143145820604137,0.08174964255457677
2015-06-18,0.016681905776537942,-0.0009452290556513485,-78.57142857142857,54.301460541779264,0.08909240347611326,0.2369670330959865
2015-06-19,-0.0031904649749354697,0.00011702450307494368,-78.57142857142857,53.298507454356645,0.08341590870524722,0.24662763954258274
2015-06-22,-0.004115204038054543,0.0006246031202793652,-50.0,51.96942692653479,0.07557684849822124,0.3126081061346601
2015-06-23,-0.025712353460352277,-0.0010636962188746903,-50.0,44.52862454818759,0.06650274001869257,0.040027382220935215
2015-06-24,-0.00989569565395454,-0.0032083800488774904,-50.0,42.09486672323024,0.07293009382136219,-0.20533373622079032
2015-06-25,0.007615928748468281,-0.004204238201714045,-50.0,44.58053179046127,0.07393075871279386,-0.2487603929214883
2015-06-26,-0.020312186938968413,-0.006712242494342908,-100.0,39.65415360794893,0.0802877329025108,-0.46008075229120055
2015-06-29,-0.029893682911972363,-0.01125350644873641,-42.85714285714286,33.846606246185665,0.09381559950671389,-0.8485961523814695
2015-06-30,-0.0004972809377769005,-0.01456809367194056,-50.0,33.76067687668732,0.1073779745694632,-1.004585949431799
2015-07-01,0.014420464798902577,-0.015619003934597876,-50.0,38.62439494850759,0.11412562744665825,-1.1129028037849744
2015-07-02,0.0009805484221121485,-0.01633238905728916,-50.0,38.957344471625696,0.11540440668124724,-1.0637676433769325
2015-07-06,-0.012242853645192509,-0.01791311783708604,-50.0,36.30646199350737,0.1152710667296986,-1.0352567739920373
2015-07-07,-0.018839616520656355,-0.02068134478237928,-78.57142857142857,32.66777310903792,0.12526722108823873,-0.7222224546453617
2015-07-08,-0.007074406271228018,-0.023072582226073148,-78.57142857142857,31.41841236465941,0.1331774361635613,-0.5305823274193028
2015-07-09,-0.012213924225422113,-0.02585783353403713,-78.57142857142857,29.3464114594073,0.14581582009572733,-0.6439972966132771
2015-07-10,0.017516735165082453,-0.0256747316271521,-78.57142857142857,35.80520020633888,0.14787634783339138,-0.6636229361383368
2015-07-13,0.006582264207881217,-0.024898479035596083,-71.42857142857143,38.13392315322573,0.1514850969136512,-0.5986308790786633
2015-07-14,0.0005030361313571596,-0.024085856188969752,-64.28571428571429,38.319287064849696,0.15425563880759952,-0.338853719271895
2015-07-15,-0.007038716727928218,-0.02391433041659509,-50.0,36.66313719630473,0.15546751147856477,-0.224111564033708
2015-07-16,0.022278278846885824,-0.02112581769665353,-50.0,44.74577069348318,0.1492575644371272,0.1225984323512114
2015-07-17,-0.005943261309921732,-0.019699838968079825,-42.85714285714286,43.12930746610253,0.135045482645038,0.3824417564035469
2015-07-20,-0.018435704090372873,-0.02010038027636422,-21.42857142857143,38.5096082724417,0.12025006911338318,0.3069024900195703
2015-07-21,0.004569005556698702,-0.01944193382272124,-21.42857142857143,40.18800601899646,0.10054333914853854,0.19458019270622331
2015-07-22,-0.0192019242345135,-0.020705485238339344,-21.42857142857143,35.75124240879497,0.09365686495960883,0.12694804292793738
2015-07-23,0.012364948772784157,-0.019928479439874885,-14.285714285714286,40.23871315457362,0.08507588918183899,0.0750958556729871
2015-07-24,-0.011704937423270168,-0.020464003402164022,-7.142857142857143,37.533191877257174,0.07022366783475935,-0.08835634673528871
2015-07-27,-0.005664275298476129,-0.021036453439405845,-50.0,36.2769194249996,0.06421072164332221,-0.14972919909338894
2015-07-28,0.021750398530360204,-0.019005439164720802,-50.0,43.98604575022721,0.06314299029535748,-0.025071328579705107
2015-07-29,0.01216427610300208,-0.016378845274242177,-50.0,47.86725902591348,0.06216868549555206,0.12813479367353678
2015-07-30,0.0025039067522525382,-0.01407827941677243,21.42857142857143,48.66534466648492,0.05699859335662581,0.10955567307000888
2015-07-31,-0.003496935988041683,-0.012470021221168075,21.42857142857143,47.56737977069511,0.04990712446785813,0.057566292358785486
2015-08-03,0.01704260043707917,-0.009507616647460658,35.714285714285715,53.10139189576758,0.05206718707661596,0.43584662134061836
2015-08-04,0.003942909910954473,-0.006900269612728779,42.85714285714286,54.323024744381634,0.058101783118174107,0.7436747680945187
2015-08-05,0.010309648209260835,-0.003945002468849707,50.0,57.455884406063994,0.06650832300717748,0.6009992219859781
2015-08-06,-0.006317216700879369,-0.0021573984079456183,50.0,54.94352794632575,0.06782103311392877,0.600477818105947
2015-08-07,0.12371617685674541,0.008148390323204432,64.28571428571429,76.48887047211377,0.14891875421086254,1.1642779256466615
2015-08-10,0.03481327797709266,0.018091093225534448,71.42857142857143,79.78125243077712,0.21682533078204347,1.7560660450593018
2015-08-11,-0.0050464375873738865,0.025616273288024592,71.42857142857143,78.01639645335531,0.2579998190851295,1.8420949996292493
2015-08-12,0.002536016643398309,0.031271254528795735,71.42857142857143,78.27516977434554,0.28791992821160495,1.8648722436733831
2015-08-13,-0.008431380590171678,0.03501886484549721,71.42857142857143,75.10192939625594,0.30877594422174853,1.5413879983353633
2015-08-14,0.0008500553932120347,0.037383656304068334,71.42857142857143,75.21012491731317,0.32420545210405693,1.2838784909535879
2015-08-17,-0.00637199335132832,0.03857115925889451,64.28571428571429,72.65909608498569,0.33068359839306816,1.1773394188081288
2015-08-18,-0.009101750494153182,0.038498492447654006,57.142857142857146,69.07783569916128,0.3320667495151395,0.9918449803901295
2015-08-19,-0.0038996313629726664,0.037560644043984986,42.85714285714286,67.55547064859103,0.3255601516603637,0.7872126904513971
2015-08-20,-0.036102871303074546,0.03465072696401788,42.85714285714286,55.42467673513912,0.3146575467723348,0.32065935572723164
2015-08-21,-0.031137035619386744,0.029302294317655252,35.714285714285715,47.74858590260767,0.29865889060194684,-0.2530814149162269
2015-08-24,-0.03539798282341278,0.02185538886132721,-71.42857142857143,41.01124958027741,0.28259444184338117,-0.5827774275170087
2015-08-25,-0.02076296292515023,0.013554505445726039,-71.42857142857143,37.76445647403745,0.2752875691878509,-1.2012795411575872
2015-08-26,0.07544326018124714,0.011671184540213158,-71.42857142857143,52.24984203407548,0.2623130451274814,-0.7998320605970758
2015-08-27,0.03759783293634644,0.013306577957670433,-71.42857142857143,57.90490699080413,0.2491614837229083,-0.18587127673302514
2015-08-28,0.004418807281639792,0.015053546217611853,-71.42857142857143,58.5495920142741,0.23226852203798215,0.15732017240637305
2015-08-31,-0.010998796888285645,0.015590649729617838,-57.142857142857146,56.23096298171667,0.21682865539466614,0.18277811418331152
2015-09-01,-0.04092488801069438,0.012968701916646879,-57.142857142857146,48.60321683064023,0.20274579245988208,-0.001301139628051191
2015-09-02,0.03014855216659007,0.01228023491172654,-50.0,53.411757598609235,0.18760988437879383,0.19597882466153954
2015-09-03,0.0027012211618460125,0.012081104488777063,-42.85714285714286,53.84100916849831,0.16729356362178288,0.08266409515653798
2015-09-04,-0.02334972456677975,0.01018857776982508,-35.714285714285715,49.57722126605727,0.1695163680278032,-0.19541451181285316
2015-09-08,0.04275839617298871,0.01129154272939099,-28.571428571428573,56.25022850159791,0.16272727700562,-0.15690951769254544
2015-09-09,-0.01984139373015692,0.01098959337038618,-21.42857142857143,52.62132244252478,0.15624891128060106,-0.3280470706615752
2015-09-10,0.01574472490168466,0.011523261565579979,78.57142857142857,55.050292957428624,0.14796982496662445,-0.26591632341070587
2015-09-11,0.0031000035604691334,0.012153139431114334,78.57142857142857,55.54119346755255,0.14163519503563707,-0.10545633420971408
2015-09-14,0.001766157721759587,0.01265457721315831,78.57142857142857,55.8380258678414,0.13452001156648086,-0.04297486488357979
2015-09-15,0.011018184674813192,0.013648577978603586,100.0,57.73711038668774,0.13069602369227623,0.10152217776104784
2015-09-16,0.006974248524560744,0.014832766945730182,100.0,58.953582330168345,0.1309121295713141,0.21918257377178912
2015-09-17,0.00909130095357602,0.01624313809195134,78.57142857142857,60.55841207081728,0.13451777371434337,0.07978832704027984
2015-09-18,-0.0008583388601158815,0.017214025925545863,78.57142857142857,60.31645551018548,0.14060834344528958,0.11654188943995719
2015-09-21,0.010304797884844064,0.01840001581615096,78.57142857142857,62.26410172275886,0.14413347804849083,0.3212727537990607
2015-09-22,-0.027199283471027846,0.01756509900793653,78.57142857142857,54.57231744650783,0.1274870970359203,0.2970864535259148
2015-09-23,0.004805338620684552,0.016611231996020576,57.142857142857146,55.58778694201519,0.09125998542680931,0.2812696969622368
2015-09-24,0.019130927613217663,0.0169424025034467,57.142857142857146,59.48898560301548,0.0900300856717744,0.4665668071337481
2015-09-25,0.007252585725225469,0.017703255856486938,100.0,60.917388538908746,0.0963074097910662,0.3765064867834488
2015-09-28,-0.01313010087862021,0.01737390253089763,78.57142857142857,56.97244543911994,0.09847869172654458,0.11146869850854851
2015-09-29,0.017596748350090508,0.017823425409880047,78.57142857142857,60.606052144620946,0.10361226503609054,0.2984266836230643
2015-09-30,0.03964547170202626,0.020555552382280844,100.0,67.40269578897247,0.11124644502005553,0.8126608275850149
2015-10-01,-0.01947261222247898,0.021866795952283774,100.0,61.56183167084854,0.11467502426788045,0.9833013615659928
2015-10-02,0.026065574070649467,0.023784449003437246,42.85714285714286,65.75622334972309,0.12600927702216075,1.320585183186001
2015-10-05,0.02500003469762402,0.026775954889312045,50.0,69.30594048377084,0.1363952542461925,1.4576447193786655
2015-10-06,0.012981505078909938,0.02991629295630197,57.142857142857146,71.02738408907501,0.1578075517400321,1.7155176326880277
2015-10-07,0.01048594339356912,0.03279716181633872,64.28571428571429,72.39179535037398,0.17216641826775006,1.8230354630759817
2015-10-08,0.005764515461521125,0.03518076960083491,64.28571428571429,73.14827972145665,0.18613408686187086,2.0626650782709652
2015-10-09,-0.0038211720778800196,0.036629768696805017,64.28571428571429,71.73697869971075,0.1935944006226329,2.1308380147800836
2015-10-12,0.010740397883607367,0.03769380055345417,85.71428571428572,73.29087138992635,0.2006232617534991,2.0875618824357627
2015-10-13,0.0018974411416294856,0.038481190127449466,92.85714285714286,73.57029748588582,0.2062279923656285,1.963118602681042
2015-10-14,0.036363533076399834,0.04015606637352832,100.0,78.27091035884145,0.222165058864758,1.9135992748873947
2015-10-15,0.002558859106122746,0.04216476376298121,92.85714285714286,78.5702446904795,0.23450377302039888,1.564061529059863
2015-10-16,0.015675987348784837,0.04390063921685948,100.0,80.35979574036132,0.24673192895006985,1.360018933120071
2015-10-19,-0.001794777302182693,0.04520819366216373,92.85714285714286,79.52810276334496,0.2546335430073572,1.1857474143564022
2015-10-20,-0.0014380144685508522,0.04560646465033166,78.57142857142857,78.8254385844295,0.2497607457246574,1.0947743514602584
2015-10-21,-0.012964132260496641,0.04489561833676096,78.57142857142857,72.60615262343958,0.23755973467243674,0.6538039030695856
2015-10-22,0.03611800875651161,0.044627109903117565,100.0,77.79453491016905,0.23581799509547557,0.6317975989333884
2015-10-23,0.006690529859492367,0.04536452520292454,100.0,78.63108514364502,0.23240621814819082,0.6684052372667717
2015-10-26,-0.004546858987605429,0.04550185040095536,92.85714285714286,76.50750893355391,0.21646235776392558,0.6395096800307588
2015-10-27,-0.0007030175763896862,0.04490404627923469,85.71428571428572,76.16655313032457,0.19994055393367066,0.5541520773765963
2015-10-28,0.008087537037477333,0.044186672576628165,78.57142857142857,77.41275023551832,0.19378277509351288,0.656311419378418
2015-10-29,-0.03453092294131266,0.04210255936408322,71.42857142857143,62.31065984992655,0.16867756223940059,0.3807866186363434
2015-10-30,0.02492744184955864,0.03974938108508158,64.28571428571429,67.12447918716389,0.15208143702336221,0.36842906243210743
2015-11-02,0.01163225917769184,0.038732389318136405,57.142857142857146,69.15374027256762,0.14306421413526396,0.47855475130013764
2015-11-03,-0.006968988549209576,0.037558111737723,50.0,66.47555693344039,0.13337472475648662,0.5566396844352811
2015-11-04,-0.01649091733164665,0.035263123198455995,42.85714285714286,60.542138890462695,0.12226060007522739,0.2831914402264063
2015-11-05,-0.011416453101917967,0.032024694352667256,14.285714285714286,56.823207640455045,0.11065410725459895,-0.151595795854499
2015-11-06,0.13857845915571243,0.03500694009154758,85.71428571428572,75.93027687121597,0.14735191705725065,0.2934698770924907
2015-11-09,-0.004437668320781962,0.03982104779379484,85.71428571428572,74.63344419879796,0.1678600780918743,0.6968942937923955
2015-11-10,-0.019101899208129103,0.04230095905789479,85.71428571428572,69.18054128478697,0.17085512238216508,0.9143126487628912
2015-11-11,-0.009737422509225269,0.04279421574352372,7.142857142857143,66.56178383253459,0.1753778909184912,0.6031063238009435
2015-11-12,-0.003605346075268856,0.04223175236667469,7.142857142857143,65.58154709996408,0.17667376352269895,0.333443944861452
2015-11-13,-0.019736777193093413,0.04041163581501768,7.142857142857143,60.35998446902748,0.17531776493615198,0.03516391614332349
2015-11-16,0.020134160635526754,0.038686128109152174,7.142857142857143,63.49045711133944,0.1757854387132502,0.15948117752638763
2015-11-17,0.0,0.0375182637723288,7.142857142857143,63.49045711133944,0.1741290530518775,0.12934483454175533
2015-11-18,0.02459974155847444,0.037222422360266884,7.142857142857143,67.23121892775333,0.1724907165500488,0.36440065729180054
2015-11-19,0.0029005311286338653,0.03739510616342805,7.142857142857143,67.66228995575709,0.1768762658689954,0.40420438882147686
2015-11-20,0.008675954913840211,0.03755486252104612,7.142857142857143,68.98056121833925,0.1824501794416259,0.4116992664316224
2015-11-23,-0.01497303262372518,0.03686155457163406,7.142857142857143,64.08313284342006,0.18162979934061235,0.22451189478737935
2015-11-24,0.008085457820275588,0.0358065184324445,7.142857142857143,65.48676927958533,0.18044776656577516,0.15888617068588856
2015-11-25,-0.001283413501167452,0.034745720468375506,7.142857142857143,65.04870397873249,0.17886883599634476,0.05832594245193665
2015-11-27,0.008352239221676605,0.033866016190830156,-35.714285714285715,66.61199222160357,0.1663148320638683,0.05455072332707494
2015-11-30,0.010512528791067455,0.03350274435507894,71.42857142857143,68.53551623294851,0.160591578108594,0.17042589878026926
2015-12-01,0.03247204606367027,0.034579845621985635,78.57142857142857,73.64029074971712,0.16456028705048453,0.5480121858485669
2015-12-02,-0.007633733364005968,0.03551736584420208,85.71428571428572,70.64441297476408,0.159124081802431,0.43528560071617556
2015-12-03,-0.0021537790234327225,0.03554346763888106,85.71428571428572,69.78833705884128,0.1407151948406735,0.2143235558903716
2015-12-04,0.04070304371626299,0.0368460226196682,100.0,75.75499102130141,0.12197809931766473,0.48363484525978956
2015-12-07,-0.018963044694142228,0.03773870884763218,92.85714285714286,68.67330215594535,0.13184053801682638,0.33113606356187275
2015-12-08,0.013590996137972544,0.038017516214305234,78.57142857142857,70.74416510784093,0.14466645055890856,0.4568763542920288
2015-12-09,-0.02532795358930784,0.037118849579598996,78.57142857142857,62.35865103353013,0.14611332907997804,0.29049994975330823
2015-12-10,0.008254679100389017,0.0355825121724335,50.0,63.8254983497565,0.1461075400129989,0.2447010032168621
2015-12-11,-0.014857471237734732,0.033524300115952435,50.0,59.308631700567595,0.14100915405905945,0.0626527846919077
2015-12-14,0.0024621653440408675,0.031228775288727303,50.0,59.80870210563777,0.12750168622301838,0.07376581010355052
2015-12-15,0.01228141708103303,0.02975321731977889,50.0,62.3033839463611,0.12014978439973624,0.05821428172835876
2015-12-16,0.0060660583472560425,0.02886374196622455,42.85714285714286,63.52251956122122,0.11107859533528518,0.1733011754662672
2015-12-17,-0.01507385555675178,0.027185802923884936,35.714285714285715,58.43450906117926,0.10576420961995943,-0.01707920779193813
2015-12-18,-0.01622271349321569,0.024315616437706807,28.571428571428573,53.53920472020632,0.10014532462538503,-0.4210772775771181
2015-12-21,0.023646240680431863,0.022786066474798597,21.42857142857143,58.86128153096335,0.09677765904659485,-0.33334665927614626
2015-12-22,0.0009118151605946867,0.021820942896587953,-71.42857142857143,59.06063092803867,0.08693517616895029,-0.2948329978267239
2015-12-23,0.003948070610225063,0.021064166415673748,-71.42857142857143,59.966053208107,0.07835859742567912,-0.25410772597629105
2015-12-24,0.0033271901445828256,0.02049565830659587,-71.42857142857143,60.75684578017908,0.06660018526601798,-0.18985715389000865
2015-12-28,-0.0009044667766292536,0.01981717740729471,-50.0,60.406369066131205,0.055161229222756916,0.03172358737612947
2015-12-29,0.01629454913725903,0.02001888175302753,42.85714285714286,64.38833597664771,0.04989773538001247,0.3029136215942416
2015-12-30,-0.008610494166574334,0.019680294236936527,50.0,60.84904636961706,0.05097081849705125,0.17525203039067688
2015-12-31,-0.012878020111779076,0.018262396729213787,50.0,55.93912443896867,0.04926477759516473,-0.08407548826836676
2016-01-04,-0.01790028674195754,0.015593416272974513,-14.285714285714286,49.979987711874585,0.04979244337735627,-0.08168301647154907
2016-01-05,0.016064119068758487,0.014118510631038951,-14.285714285714286,54.57320486598526,0.04511115492133243,-0.17444102245575052
2016-01-06,-0.04135006316431633,0.010114887290637196,-28.571428571428573,43.35881501048431,0.058400167329899284,-0.43495402116543136
2016-01-07,-0.039644921231706154,0.0033562533022161163,-35.714285714285715,36.03024109541463,0.08761010048982167,-0.6663361934628004
2016-01-08,-0.021466178936349833,-0.004104885147331708,-42.85714285714286,32.91481670511612,0.12045020600627948,-1.0911042058707343
2016-01-11,0.0016872136795658133,-0.009810267071318627,-50.0,33.39185501006648,0.14270388766779568,-0.9438483080165918
2016-01-12,0.016846276049645947,-0.012617494527362461,-50.0,38.130497099662506,0.15498062429162002,-0.9505363573986708
2016-01-13,-0.030483252248090675,-0.017773957732124007,-50.0,33.41939491878196,0.17545123657781156,-1.3397535160985674
2016-01-14,-0.02016415493307311,-0.023380537978231013,-71.42857142857143,30.791881133632675,0.19782396901486662,-1.0906730818818409
2016-01-15,-0.05441250392550245,-0.03337685610896363,-78.57142857142857,25.159361350929704,0.23532821693828088,-1.0296874682707955
2016-01-19,0.008115131640168638,-0.038811952738918055,-78.57142857142857,27.18231817989578,0.262579937620969,-1.2648650808015625
2016-01-20,0.0054885980568011306,-0.04216913366973547,-92.85714285714286,28.5994535596723,0.2840806727044163,-1.032246328754051
2016-01-21,0.011644838443698236,-0.043054535101617726,-92.85714285714286,31.655176615531367,0.2953526058207751,-0.7634194333871467
2016-01-22,0.0233813203175246,-0.04081831253176796,-85.71428571428572,37.50577959067115,0.2978358730953114,-0.5996320524334535
2016-01-25,-0.0010542641264806862,-0.03949754547495182,-71.42857142857143,37.346905822994,0.29669896796769285,-0.6587849987413669
2016-01-26,0.009852165379591327,-0.03683010684837267,-71.42857142857143,39.90604344595408,0.28986684811089897,-0.49016997651575905
2016-01-27,-0.011847061528323044,-0.03599390823982141,-64.28571428571429,37.88250596464881,0.28142146860226896,-0.34155976772611557
2016-01-28,-0.010930623424240116,-0.03584641071858322,-57.142857142857146,36.08589832732403,0.26353302144070806,-0.2692030460676853
2016-01-29,0.04420664994116508,-0.030151343543772052,-50.0,46.92842768081556,0.23803951866609507,0.04344150688567672
2016-02-01,0.000341510320192695,-0.026498472907928887,-35.714285714285715,47.00652635673581,0.21224546200395245,0.2516192962085884
2016-02-02,-0.04232078521895555,-0.027899365110469174,-35.714285714285715,39.288146982341935,0.19195682298981373,0.09548286288409494
2016-02-03,0.004989065116565383,-0.027227714714874843,-28.571428571428573,40.476449428863916,0.15037587338808125,0.15774899298711526
2016-02-04,0.0003547974345496918,-0.02646202595101804,57.142857142857146,40.56598505814959,0.12380967095722689,0.042854405236525055
2016-02-05,-0.0630985517330418,-0.03266259701223134,-28.571428571428573,31.490590281501085,0.12979241100368516,-0.49083458628081206
2016-02-08,-0.045781060735447965,-0.04129464896922942,-35.714285714285715,27.058993913512086,0.15826620697415206,-0.8575949265864811
2016-02-09,0.010706010706496238,-0.045023236578674984,-42.85714285714286,29.445054117287217,0.17283785832690232,-0.9815151525823645
2016-02-10,-0.0023544356219969975,-0.04807512374343579,-42.85714285714286,29.21628190456681,0.17647400553758275,-1.1386149200352926
2016-02-11,-0.005111502233242304,-0.05050098200606494,-57.142857142857146,28.696239687174746,0.18653180030406855,-1.0038407482713905
2016-02-12,0.016995929461292247,-0.049436535481666856,-64.28571428571429,32.94811117580117,0.19233365676937555,-0.6115303331779963
2016-02-16,0.04896987687565102,-0.042702834419273444,-64.28571428571429,43.56720065119193,0.19261800456920547,-0.051059822587965445
2016-02-17,0.024824067832663,-0.03587777236138398,-64.28571428571429,48.25962691837832,0.19263834169300417,0.31627367818476126
2016-02-18,0.08604489858842612,-0.022161210485575414,21.42857142857143,60.74599240006167,0.20881209064420947,-0.13815329699426415
2016-02-19,0.013315525269925743,-0.012164919512106563,21.42857142857143,62.38880947020154,0.2268004713997045,-0.12396231294221123
2016-02-22,0.03547996490874872,-0.0015377234857090812,35.714285714285715,66.46921379925355,0.2548305213676461,-0.0024248929432106165
2016-02-23,0.0025378580664412453,0.00666491675576051,42.85714285714286,66.75688629819516,0.27884793438048167,0.10896266159641704
2016-02-24,0.006961985090429446,0.013474049384229757,42.85714285714286,67.58066384598597,0.30104768115949526,0.3672469763236582
2016-02-25,0.0021998826626616896,0.018825467633192212,57.142857142857146,67.85362724604315,0.3205137313032339,0.5848909046874862
2016-02-26,-0.006585238209419808,0.022449327301063,64.28571428571429,66.05670932529566,0.3342404884120459,0.5834496882531618
2016-02-29,-0.00649452110067994,0.024576460198492737,71.42857142857143,64.26117074933065,0.3443789872722897,0.3127219104758978
2016-03-01,0.04432401448106282,0.028136657281675078,78.57142857142857,70.17996063694183,0.3653150926900596,0.444755217377145
2016-03-02,0.005801555750173604,0.031701462516527806,85.71428571428572,70.88964531435374,0.38293534122977074,0.5653639460859197
2016-03-03,-0.008803902361541605,0.03385604463647063,85.71428571428572,68.22092800261973,0.39445444643047595,0.5828999471203974
2016-03-04,-0.003062625401336616,0.03479994325260938,85.71428571428572,67.28040099636303,0.4022806854865617,0.5179774172690566
2016-03-07,-0.006451758496675897,0.034771061810122995,78.57142857142857,65.24596473514661,0.3953282670384536,0.48876243609049047
2016-03-08,-0.018243640684077134,0.033327821207964986,71.42857142857143,59.777097381419054,0.3689594753411318,0.2881878581638578
2016-03-09,-0.0006299648354182175,0.03128049091199006,57.142857142857146,59.59473099161673,0.3397759737685062,0.19454147312874295
2016-03-10,-0.0015758279422620758,0.029223869369459,57.142857142857146,59.10925366735379,0.30255974270560465,0.18641054808845312
2016-03-11,0.01704532542879078,0.028121245359528726,35.714285714285715,62.64816215043716,0.2543950863916629,0.38350294156388387
2016-03-14,0.0024831778617326883,0.027450552012430695,35.714285714285715,63.15693920782526,0.19838899799068233,0.510828771877365
2016-03-15,-0.004953676158096054,0.026402451998284886,35.714285714285715,61.35698637365985,0.14908398342521625,0.6080215589687011
2016-03-16,0.029869643722200134,0.02675688503737036,28.571428571428573,67.36643917964514,0.09739983190717935,0.8463782956029997
2016-03-17,-0.00845935527441588,0.02688219216970686,28.571428571428573,64.22904168195542,0.08233460545929838,0.9147993249252766
2016-03-18,0.03016438680685063,0.028055176617328356,42.85714285714286,69.61684005281558,0.08033499544313989,0.9773193563721957
2016-03-21,0.0029576208359827216,0.02942009257733572,42.85714285714286,70.10661333536663,0.08890784065076568,1.2151941175338976
2016-03-22,-0.0017693682529161814,0.030131184873428814,42.85714285714286,69.38390364114998,0.09408408852205667,1.2890264906749551
2016-03-23,0.01713445015197057,0.03113740544002846,64.28571428571429,72.35112455865969,0.10509480794290152,1.3318139829029114
2016-03-24,0.0014522515853456763,0.03203791453542441,64.28571428571429,72.59768424362314,0.11348474488829845,1.402728735217472
2016-03-28,0.01015087771002543,0.03288961224663163,78.57142857142857,74.32373331865355,0.12111959661910249,1.4243617501139338
2016-03-29,0.016078084424376637,0.034167555823834427,85.71428571428572,76.83764608884177,0.12962490381739225,1.497000915951036
2016-03-30,0.010454895347955961,0.03564847521110623,92.85714285714286,78.34616351722362,0.14639265829287892,1.2978615615084241
2016-03-31,-0.0036351888574377433,0.036522244006804816,92.85714285714286,76.461984730395,0.15830678347385582,1.0850422611949362
2016-04-01,0.01459442310450454,0.03730844482194909,71.42857142857143,78.6716415314066,0.17175147773700014,1.2763558955786356
2016-04-04,-0.009681942115729258,0.0375015882224932,92.85714285714286,73.65935813165014,0.17813864830916795,0.9397108955530218
2016-04-05,-0.001396744583064602,0.03687986085034975,92.85714285714286,72.94433046837207,0.18061319900251555,0.7549174086799527
2016-04-06,0.0013986982072089482,0.035992607493243636,85.71428571428572,73.22424237067622,0.17636142178788128,1.0417556286021985
2016-04-07,-0.010335160076199945,0.03445933757028235,78.57142857142857,67.64727288107278,0.16669058728298256,0.8699645917887777
2016-04-08,0.006491777809263244,0.03287531385838862,71.42857142857143,69.21682608482327,0.15410224259221336,0.7539009862207087
2016-04-11,0.006169255553137631,0.031730140129966174,64.28571428571429,70.68191754664451,0.1450380063689646,0.3737334195129279
2016-04-12,-0.001114836224974547,0.030574407156939702,57.142857142857146,70.02929044456309,0.13311265966058908,0.3452851600425771
2016-04-13,0.025111436117279284,0.03052930336861928,100.0,75.50865445015228,0.12043325717553867,0.6472620199181115
2016-04-14,0.0027220840585349126,0.030865971768891484,100.0,76.03301767598637,0.11619033434118949,0.8525628852863961
2016-04-15,0.007871759321515404,0.031225077354692852,100.0,77.53498936786035,0.1062629123584201,0.9034653116434761
2016-04-18,-0.004309087546341406,0.031129856900574602,92.85714285714286,74.75160994179491,0.10303303790739111,1.0138298054800163
2016-04-19,-0.01785248916448723,0.029700725329196723,50.0,64.47012424750201,0.09407436178743542,0.7924079682192887
2016-04-20,0.003855752423177927,0.02799886266508744,50.0,65.55246797170562,0.08178293652533981,0.6458777524059907
2016-04-21,-0.0010972017806162304,0.026377212143870576,50.0,64.94385259356207,0.07378376941902322,0.4998015324279827
2016-04-22,-0.003845228642308518,0.02456973244576718,50.0,62.74753997594775,0.06343402069864923,0.26068054645758404
2016-04-25,0.00496271838386475,0.023075217603982654,50.0,64.41381434504558,0.0557449698825294,0.16725804214515616
2016-04-26,0.0008229013354621451,0.021784113884080674,50.0,64.69719068944453,0.052897668349899944,-0.01070128247231761
2016-04-27,0.022752431888003466,0.021856889690490777,21.42857142857143,71.46794657134687,0.058038195186866065,0.24729008638529884
2016-04-28,-0.029750633511989588,0.020274417690426146,21.42857142857143,55.999808778089424,0.05577589417667619,0.016119054150034662
2016-04-29,-0.018508619911489554,0.017118835026493612,-71.42857142857143,49.09279452036284,0.058708611008310055,-0.14638538144479898
2016-05-02,0.013228419035818284,0.015008599825180402,-71.42857142857143,53.4318744053669,0.05792597568921454,-0.1661723168282469
2016-05-03,-0.011944524660752798,0.012556490947574946,-71.42857142857143,49.29234614693717,0.059078253630276384,-0.09299061999887943
2016-05-04,-0.022771860077992145,0.0087323706884955,-92.85714285714286,42.59763854073717,0.06866827853506335,-0.08580722008480426
2016-05-05,0.00604142304957489,0.005854077627251751,-92.85714285714286,44.6948354186039,0.07268650433857816,-0.13308441244229133
2016-05-06,0.010294621330946052,0.004349819980296475,-35.714285714285715,48.18945027054962,0.07459675001921431,-0.012972067096456054
2016-05-09,-0.001415325509325549,0.0030598626317749783,-35.714285714285715,47.73824026944504,0.07744657415621253,0.03743184220838922
2016-05-10,0.019274324891253247,0.0034799903409703107,-35.714285714285715,54.04047656843376,0.07720091720390447,0.28699261112640784
2016-05-11,0.0027809242090588437,0.004025470914575373,-35.714285714285715,54.901779265856945,0.07580771407285317,0.24726778453955903
2016-05-12,-0.013588590483709528,0.0033764192057637323,-35.714285714285715,49.96108317046454,0.07466692954325883,0.08765505593607466
2016-05-13,0.15209463062765893,0.012949355833020837,50.0,75.82661558536728,0.13839985538818034,1.726257561640925
2016-05-16,0.029526851481535443,0.022346764490411595,57.142857142857146,78.50310401519138,0.1974313005482947,2.4906591189727307
2016-05-17,0.0021330066995703945,0.029852195408945223,57.142857142857146,78.69206265945596,0.23870523119037898,2.774465557955623
2016-05-18,0.02554356245614775,0.03653404185231474,71.42857142857143,80.86577100696016,0.28177564859409454,2.837850567909537
2016-05-19,0.0043823357155969855,0.04210039895938663,78.57142857142857,81.22861435717455,0.3153471010799502,2.655282557506772
2016-05-20,0.01791045144119363,0.04669897323339479,85.71428571428572,82.68048697794848,0.3472969091892645,2.4714868571662043
2016-05-23,0.001579175103136654,0.050396427152041394,92.85714285714286,82.80900123364722,0.3717816934133525,2.1675999718898384
2016-05-24,0.024274225170175523,0.053416424602121225,100.0,84.69226681663378,0.3981199391667622,2.068357488295546
2016-05-25,-0.004188133749828515,0.056010004951311705,100.0,82.9625748161804,0.41809167340624626,1.7712557807068803
2016-05-26,0.010626023173429866,0.05746474737231768,100.0,83.8594960522196,0.43140587044780504,1.5619687959531385
2016-05-27,0.005476401268336151,0.058527371957343456,71.42857142857143,84.32244007222388,0.43639033525606696,1.4848033293976193
2016-05-31,0.017865067008319357,0.05930381779537852,85.71428571428572,85.7647012896956,0.44248260159865416,1.5260084575114123
2016-06-01,0.0019265146516811438,0.06007907670199433,92.85714285714286,85.91783731581675,0.4396513130874473,1.40058201657668
2016-06-02,0.007049576558457504,0.060228922162697866,100.0,86.49159197669324,0.4255420926716513,1.2496749797656745
2016-06-03,-0.014000972179293858,0.059708548262543924,92.85714285714286,79.51362191828235,0.4021720405626361,1.2294412306771978
2016-06-06,-0.005163585998984477,0.05783708743189687,85.71428571428572,77.07837961800664,0.37344963267020065,0.996530507648893
2016-06-07,0.0019467241268402713,0.055516143349723546,78.57142857142857,77.35846845265652,0.3360953144537406,0.6876081540084094
2016-06-08,-0.0032380961587525903,0.05306664487802295,71.42857142857143,75.69830339053131,0.2953874306222419,0.5098272997712572
2016-06-09,0.02598576141435016,0.05114536081287279,64.28571428571429,79.48998015449263,0.24724383184638032,0.6916545222430814
2016-06-10,-0.024905419369196657,0.0493526509258112,57.142857142857146,68.21849204989238,0.1614047931456198,0.4518541910451416
2016-06-13,0.012771034521127822,0.04678350202532191,100.0,70.47300032492352,0.13869754679880716,0.22463876292667975
2016-06-14,0.0019233200211625778,0.044792353561570734,92.85714285714286,70.81308491820725,0.12345192285689907,0.22368202909916868
2016-06-15,0.010238846536823942,0.04316703774106379,100.0,72.62422761641359,0.10559366800243704,0.24304148956333868
2016-06-16,0.004012091781842031,0.041909296592272764,92.85714285714286,73.32976477920153,0.09545311740532064,0.382756986055314
2016-06-17,-0.01745552628310898,0.0398851894122908,85.71428571428572,65.40070556597018,0.07956012978527485,0.18282598315628
2016-06-20,0.017979240447450806,0.03801229442341793,78.57142857142857,69.04825962394672,0.07164193698873789,-0.04993420838676098
2016-06-21,-0.006097235803081635,0.036399195077872794,78.57142857142857,66.44405053740596,0.05905874759567756,-0.2592952656250185
2016-06-22,-0.0008465407943581971,0.034499540023481566,78.57142857142857,66.0737150575367,0.054883730166546865,-0.4218314403351236
2016-06-23,0.0266782176865632,0.03381981174029951,100.0,71.46657276105633,0.05619583566942799,-0.2648728733887627
2016-06-24,-0.056919212819482645,0.030817772018209715,-7.142857142857143,51.97658709440742,0.055587937262665775,-0.5775459327802863
2016-06-27,-0.01071456173344043,0.02593852939644654,-14.285714285714286,49.40090321225038,0.060845589489905434,-0.6794565822235886
2016-06-28,0.014588445544805984,0.02239569271500535,-14.285714285714286,52.79419434457887,0.06323947141119644,-0.5245347235670706
2016-06-29,0.016340145174085885,0.020623448235543556,-14.285714285714286,56.374653582093934,0.06328728358277437,-0.37484354592617825
2016-06-30,0.00771689033602696,0.019745235608305232,-14.285714285714286,58.0205053109632,0.06306099794831135,-0.13427909685924463
2016-07-01,-0.007445404457736116,0.018499697136095904,-14.285714285714286,55.81566514697426,0.06284595773583235,-0.14055382712357162
2016-07-05,0.014787897959654073,0.01810885092350656,-14.285714285714286,59.11422997765256,0.06276335357950942,0.15360169593229228
2016-07-06,0.006336171479753849,0.01819762337238199,-14.285714285714286,60.49520847617204,0.06368613521573493,0.385736287472066
2016-07-07,0.026022855152114888,0.019712057972851638,50.0,65.65811904470516,0.07186390417485124,0.7017216105923555
2016-07-08,0.04008979096735299,0.023299523071723418,57.142857142857146,71.90772110995317,0.10058709329957637,1.0778534425236466
2016-07-11,0.023008955628539773,0.027639488861015308,64.28571428571429,74.85000650178594,0.13146775937141167,1.1728889663667896
2016-07-12,0.014994238168312357,0.03185383727894154,71.42857142857143,76.6089020478105,0.1616762283157724,1.2001393613307167
2016-07-13,-0.000378847109882785,0.03509564657763355,71.42857142857143,76.46121880418697,0.1831497996670907,0.9287334445030646
2016-07-14,0.010230903928304613,0.0376569923223137,85.71428571428572,77.7103971947496,0.20422706086801343,0.7849337621926695
2016-07-15,-0.011627628829610104,0.03903944724396661,85.71428571428572,72.9251920693595,0.21652960103058147,0.8528520550672687
2016-07-18,0.005123632837289671,0.039536734611283715,85.71428571428572,73.68519234678988,0.22507893971452192,0.734521392282028
2016-07-19,0.010382788768813933,0.04004418740514382,78.57142857142857,75.2114891351465,0.23600937542359413,0.7842689168345809
2016-07-20,0.013079360008761087,0.040813289465599215,78.57142857142857,77.03710160255706,0.24675538870785302,0.8392147631660986
2016-07-21,-0.01844330056760979,0.040633967107042465,78.57142857142857,69.19693463310664,0.24898327153285754,0.5628355580309459
2016-07-22,0.027245493645459362,0.040499577571297275,92.85714285714286,73.42091184611442,0.2592715785110058,0.6796178680413874
2016-07-25,0.01847438651343336,0.04148446786903332,100.0,75.89993258101143,0.25971019323109706,0.8713937821207614
2016-07-26,0.01706195703529767,0.042986548385299,100.0,77.98032209914487,0.2560858780650387,0.9991874493491475
2016-07-27,-0.01006531779877562,0.04385726897383882,100.0,73.86058157576643,0.24692982649161607,0.741083413824238
2016-07-28,0.0021404637083766165,0.04377427577081324,92.85714285714286,74.16995401282469,0.23766663964826687,0.4969234487793637
2016-07-29,0.01637598005888541,0.043871696041525535,100.0,76.4694395509005,0.22970569414499473,0.6354893601851975
2016-08-01,-0.006479976789873443,0.04376733311102278,78.57142857142857,73.63042237074563,0.2104159211337813,0.5493041974610655
2016-08-02,-0.01216267552774708,0.04250939517048224,78.57142857142857,68.52155857501782,0.18690834965435085,0.3891142962921209
2016-08-03,0.0026767733232357926,0.04072172157130351,78.57142857142857,69.0247513803739,0.1583723834016492,0.4535399694651507
2016-08-04,0.018508226383774362,0.03968785741283608,78.57142857142857,72.32745192427521,0.13774016181965626,0.562869574652313
2016-08-05,0.016949123707635128,0.03968477624001839,100.0,75.00445393354752,0.13387557272883593,0.8365563339557824
2016-08-08,0.009278212544708175,0.0401162892922055,100.0,76.37463824666393,0.1369616921060413,0.9917072514561875
2016-08-09,0.0025538187359712694,0.040383621402029626,85.71428571428572,76.75583711740026,0.14126028534476254,0.7523502124725677
2016-08-10,-0.0064527254103664555,0.03995599759986238,92.85714285714286,73.5197325147297,0.13999306613891538,0.35274747733564576
2016-08-11,0.02033838089691331,0.039773641635285906,100.0,76.81615597734695,0.14501151865312212,0.5095607733035216
2016-08-12,0.055946586632616535,0.041919239475989745,100.0,83.154657504139,0.16771234094293333,1.348682081400145
2016-08-15,-0.0009519253379173254,0.04474022451033747,78.57142857142857,82.71708271895243,0.18103900498019318,1.6484126754466601
2016-08-16,-0.0060334455212860405,0.046206729553951345,78.57142857142857,79.85169479235587,0.1874364939963685,1.5705734574136372
2016-08-17,-0.02316301793227249,0.04583015755909215,78.57142857142857,69.90091169205111,0.18526205218002237,1.114911594334408
2016-08-18,0.015535248925171219,0.044699278257169836,78.57142857142857,72.33344119291189,0.17764707153339743,1.06587967566178
2016-08-19,0.0025765009193781108,0.04394546357389674,64.28571428571429,72.73313893141622,0.17504425886750868,0.9588649960975275
2016-08-22,0.004175985969537832,0.0430972179744831,64.28571428571429,73.40549509392963,0.17518325318210298,0.9903713187706639
2016-08-23,0.008092754161247662,0.04238723023112982,57.142857142857146,74.71228469417039,0.17855286649071653,0.8080238824157014
2016-08-24,-0.015419039480155994,0.04102149311021,50.0,67.81921502728152,0.17341167760767096,0.5108032496548139
2016-08-25,-0.006619266870850349,0.038691994066689564,42.85714285714286,65.08586035692558,0.1655446737527894,0.42091448151073113
2016-08-26,0.008125626102898575,0.03656289875226203,35.714285714285715,66.84092453338484,0.16118011112447025,0.4493304243050011
2016-08-29,-0.0006445473899394649,0.034693414379101686,21.42857142857143,66.55281644326018,0.15294852287382033,0.26591968432739244
2016-08-30,-0.005807333029768991,0.032540587386798006,21.42857142857143,63.882743583362725,0.13682079408695472,0.03807264381678181
2016-08-31,-0.004705582559273336,0.03009051216487581,14.285714285714286,61.734055449672866,0.11707732857982203,-0.22324437003390937
2016-09-01,0.029507861932034807,0.02919977153505457,7.142857142857143,68.78985466317147,0.10484755513135535,-0.04299859535213045
2016-09-02,-0.009818063880203565,0.028339886827869528,-14.285714285714286,64.40877380547512,0.09414761077130908,0.015572450158165517
2016-09-06,0.009435713659043055,0.027608588041927905,78.57142857142857,66.58944010807613,0.08592996224430711,0.2830728554846118
2016-09-07,-0.014733786445316754,0.026138325674226318,78.57142857142857,60.31631394553764,0.07374528198883762,0.2145270846247113
2016-09-08,0.007235623724751061,0.024763094944940254,71.42857142857143,62.17317099964942,0.052680305464986116,0.3861445625209838
2016-09-09,-0.04980829002240095,0.020603458666513478,-35.714285714285715,46.07509083893431,0.05338699123539311,0.02950109071172489
2016-09-12,0.020665353689165444,0.017382000318211896,-42.85714285714286,51.41584793174104,0.05536683915173832,0.3191361130644253
2016-09-13,-0.014485846976204253,0.014034548884335413,-42.85714285714286,47.770474175178975,0.06157168546431829,0.18215753571017962
2016-09-14,0.008852750135337706,0.011654815593588866,-42.85714285714286,50.06671311464922,0.06421418841909841,0.2642595712641517
2016-09-15,0.037913839022277074,0.012311703866872595,-42.85714285714286,58.546650461803104,0.06448731054991835,0.6313476217725238
2016-09-16,0.0023927676562920386,0.013178952475570969,-42.85714285714286,59.037376392775045,0.06595706963025408,0.867918072736992
2016-09-19,0.013208067151202485,0.014592159386948373,35.714285714285715,61.736515355096046,0.07048281644948054,0.7319483978063185
2016-09-20,-0.009109476581726339,0.015078355025658017,35.714285714285715,58.81977150834854,0.07199190743263346,0.47438031888406773
2016-09-21,0.028055031479480075,0.016944958822570185,35.714285714285715,64.3544146446849,0.08160615276974165,0.5322941592252902
2016-09-22,0.0024670447620660507,0.018687375791395667,57.142857142857146,64.8148070218392,0.09109376388271707,0.4956844729888035
2016-09-23,-0.0010765357505527762,0.01980767371368152,57.142857142857146,64.42282302175742,0.0976373704245907,0.43199775330744455
2016-09-26,-0.009391927372945363,0.01988140399271662,57.142857142857146,60.96262514749318,0.10085678175702703,0.4925923766459314
2016-09-27,0.03419318655727066,0.021556058821649134,78.57142857142857,67.70056981683399,0.11443852646040538,0.7664827466875443
2016-09-28,0.0036069892619170485,0.02334100742167252,85.71428571428572,68.34253952773675,0.12540726376639752,1.0364777453362206
2016-09-29,0.00928423276142154,0.025042299300408105,92.85714285714286,70.0012564435775,0.1359730964566232,1.2835481697393605
2016-09-30,0.01661713893025718,0.02713277266885119,100.0,72.77619533281006,0.1529621256965092,1.3417242486291796
2016-10-03,-0.0010213336907505255,0.028729971253818362,92.85714285714286,72.32600274605471,0.16509655915196467,1.0922032606114656
2016-10-04,-0.002191631181829634,0.029522067516590113,100.0,71.30767869644735,0.1745247945437917,0.7765435122879222
2016-10-05,-0.0010249080545918776,0.029705467965077583,92.85714285714286,70.80670470342073,0.1797507340974892,0.39387446187400915
2016-10-06,-0.013044200654218518,0.028822304567374026,85.71428571428572,64.59318748597013,0.1812402762437062,0.31175594214007984
2016-10-07,-0.007276562708245726,0.027111120598860505,71.42857142857143,61.398613999811694,0.16682998373602603,0.08301166151122318
2016-10-10,0.003739999627839108,0.025498951551001656,71.42857142857143,62.419888463106744,0.15659702110521226,0.018193228089810675
2016-10-11,-0.01445606871663796,0.023206701789606286,64.28571428571429,56.20672970002849,0.13579777786694605,-0.09059687283274699
2016-10-12,0.004536450687683047,0.021119354202131294,42.85714285714286,57.61199744009794,0.1137082795566765,0.055265032664423265
2016-10-13,-0.01625792477186827,0.018326421382743888,42.85714285714286,51.23759166337951,0.10443942082717753,0.29246932972915257
2016-10-14,0.009793964410040434,0.016277781298391282,42.85714285714286,54.45375912573689,0.09391813174422138,0.3057829163646314
2016-10-17,-0.005758914797750703,0.014249139426837382,-50.0,52.25012043738455,0.08725815132735168,0.14931328419696435
2016-10-18,0.015241920617826477,0.01343460454510346,-50.0,57.16270452960689,0.07440409644871737,0.0644425039561455
2016-10-19,-0.0021020415517771784,0.012669887683202204,-50.0,56.289490189935655,0.07064969522050459,0.08435397392303633
2016-10-20,0.018955958742586487,0.013166760011032473,-50.0,61.926018140732886,0.0683106825932027,0.2801038189626948
2016-10-21,-0.002805233326668377,0.013404489063503434,-50.0,60.65584827363112,0.06414811232887956,0.5176513423946526
2016-10-24,0.046935175319382294,0.016384092849750655,50.0,71.2509704277544,0.07183203475683285,0.8688872496492659
2016-10-25,0.01640490754965085,0.019983473074758673,57.142857142857146,74.00917035386773,0.09283371644513468,1.1465283813983034
2016-10-26,0.00403520157786863,0.023011990259146086,64.28571428571429,74.66364021918146,0.10976527277388719,1.181398705269419
2016-10-27,-0.0205099301224827,0.024042427450628637,64.28571428571429,65.5870968272836,0.11565967520288335,0.8270187777523169
2016-10-28,-0.0016978222830512646,0.024103723861153045,64.28571428571429,64.89819597516802,0.1202333615112784,0.3968924785644403
2016-10-31,0.008503204601116865,0.024316575609299364,64.28571428571429,66.77713422582815,0.1265535082750618,0.149072595843685
2016-11-01,-0.029651327111781645,0.022672372113632155,64.28571428571429,55.521548210656015,0.12700863718664798,-0.2346791600201066
2016-11-02,-0.004199787435021363,0.02029384532451955,64.28571428571429,54.17011142383446,0.12717681372616776,-0.6269417290431613
2016-11-03,-0.011634731423760147,0.01739844123343247,50.0,50.51704116672616,0.12664004305677576,-0.7127481039115737
2016-11-04,-0.00573841201064651,0.014369214022026353,50.0,48.78975437867638,0.12554979655716902,-0.7050044967236814
2016-11-07,0.05475745573675406,0.015284631496559299,35.714285714285715,62.0482721998752,0.12968241528044902,-0.34423784039043387
2016-11-08,-0.0015433173017690427,0.01631417193405276,35.714285714285715,61.53819941269241,0.1294630757076096,-0.1561464395783485
2016-11-09,-0.016863292637883553,0.01583823022583522,28.571428571428573,56.118108751494,0.12621896823216786,-0.005126640656044005
2016-11-10,-0.031303314314544695,0.01297462748818264,-50.0,47.83726405437238,0.11797413305729927,-0.3944001221959694
2016-11-11,0.2980664347525068,0.026161675924295413,35.714285714285715,78.84528475776939,0.2576986245765513,0.9713594414237663
2016-11-14,-0.049221195777176985,0.03639435927723062,35.714285714285715,69.33127560804105,0.2964228711069488,0.35613179962816105
2016-11-15,0.030487987668720518,0.04402539454153593,35.714285714285715,71.5114860208101,0.3390872584673306,0.22484444986993546
2016-11-16,0.06311599384719302,0.05209302061277131,57.142857142857146,75.51103808555798,0.3989364190736897,0.6023161490391654
2016-11-17,0.008294478871166078,0.06003169414842126,64.28571428571429,76.01761905525495,0.4447851513898463,0.5994243374606979
2016-11-18,0.010498733218004874,0.06604716783230452,64.28571428571429,76.68062180327472,0.47885349649457887,0.6250169507685733
2016-11-21,-0.0040697126707489595,0.07045822738669934,64.28571428571429,75.79668634410223,0.5057946036153113,0.46826383022832924
2016-11-22,0.007205450882097564,0.07294895331000002,64.28571428571429,76.31514799980526,0.5283553686571671,0.543498815538522
2016-11-23,0.00491946332334936,0.07448994695882363,92.85714285714286,76.68500719064087,0.5452095789161883,0.51447912810785
2016-11-25,0.0020219287362026606,0.07513754987627674,92.85714285714286,76.84583418206627,0.5523097106455146,0.44820184334211827
2016-11-28,-0.000531359977525403,0.07490383973040127,64.28571428571429,76.69580347432256,0.552306485981402,0.36044575234042486
2016-11-29,-0.009138043194816703,0.07378108554694522,64.28571428571429,74.02075556495608,0.546126607245548,0.21858103295125914
2016-11-30,-0.011260170012895254,0.07142542513358173,64.28571428571429,70.77490274527445,0.5262724933783333,-0.10248652113543431
2016-12-01,-0.04945767042350946,0.06750062504837266,64.28571428571429,58.73028920221566,0.4955553582924652,-0.3473535839747271
2016-12-02,0.009242539998892463,0.06091899211502022,57.142857142857146,60.03149305779822,0.45671698098563773,-0.19068982024255873
2016-12-05,0.038778717306269916,0.05645666676320469,50.0,65.05575132193853,0.4110495662616685,0.09418802037230016
2016-12-06,0.01643470134101288,0.05451402848397779,42.85714285714286,67.02121398543251,0.3759247387329454,0.390192222924705
2016-12-07,0.017988680859164052,0.053557533862957946,28.571428571428573,69.10331880826092,0.33337139170492186,0.7032784772367312
2016-12-08,-0.01672441119767576,0.0524963584269283,35.714285714285715,64.92538449158091,0.266401441104672,0.6051099771624724
2016-12-09,-0.017757733467700265,0.04982113323469601,35.714285714285715,60.7928913758939,0.13270761028657813,0.43092857223987346
2016-12-12,-0.02428669774170178,0.045583495977237855,35.714285714285715,55.66688908010232,0.1289572297535995,0.5449754988033412
2016-12-13,0.01763627015188063,0.04144823412687902,35.714285714285715,58.34679532931077,0.10028917141163811,0.5410271410598547
2016-12-14,0.0579135665717998,0.040622256289799936,64.28571428571429,65.78908983955,0.08965163248910164,0.872775529096978
2016-12-15,0.023431717295355314,0.04217096305224686,71.42857142857143,68.39230428140488,0.1059287042686428,1.0137562730929215
2016-12-16,0.017222182462784952,0.04424429911356019,78.57142857142857,70.22752330779568,0.12660218663000056,1.3804761457045611
2016-12-19,0.012150208210175428,0.04633021067340555,85.71428571428572,71.50614570098593,0.14811544601356888,1.5804027100972848
2016-12-20,0.03483223514950207,0.04892701764608027,92.85714285714286,74.87758950667656,0.1810165688769264,1.5209997644775886
2016-12-21,0.00627578541661622,0.05180132181724544,92.85714285714286,75.46059169766225,0.20835457052039608,1.6022430987071332
2016-12-22,0.012094692996704737,0.05401355271970542,100.0,76.59494169787935,0.23451595029238811,1.3068565984575344
2016-12-23,0.024927595106617684,0.05620374314279895,64.28571428571429,78.79673751484506,0.2650843553388482,1.3813241707444215
2016-12-27,0.06868317081197284,0.05968788900795291,71.42857142857143,83.51349660878307,0.3207571052620588,1.9271168077714087
2016-12-28,-0.06878647355541867,0.06344433879097858,78.57142857142857,66.4701765266156,0.33172774209413775,0.8830780567872396
2016-12-29,0.019954238856824347,0.06255365061316798,78.57142857142857,68.3492657535606,0.342548329287788,1.3210508403778525
2016-12-30,-0.0420892799636059,0.06133960911702745,78.57142857142857,60.49449216361701,0.32757808421225326,0.9487774113422548
2017-01-03,-0.04431335920896007,0.056504966201386606,78.57142857142857,53.781644532083064,0.30738696016053313,0.5385623300336293
2017-01-04,0.02333110738216737,0.05052716361750934,71.42857142857143,56.40312822463921,0.29551245993872916,0.5403937301605011
2017-01-05,-0.02538543591173703,0.04540478906333558,64.28571428571429,52.81134565971968,0.28502616962791344,0.20710442956289965
2017-01-06,0.013367303356619065,0.04036969931018408,57.142857142857146,54.41569501131001,0.2771968089157298,0.1350280875535713
2017-01-09,0.04054311994855753,0.03812262362870157,50.0,59.02662016916649,0.2664304908587823,0.3323412855499142
2017-01-10,-0.007550305975896454,0.036835828212088285,42.85714285714286,57.80639281616223,0.24637031479896623,0.199812818731855
2017-01-11,-0.012303711255604477,0.03462516976121942,-21.42857142857143,55.797430440113295,0.21051750105596026,0.12697741382577268
2017-01-12,-0.016356220341132044,0.03134702455984955,-21.42857142857143,53.183880042936984,0.17431366794713682,0.12761122889226864
2017-01-13,-9.653156188071943e-05,0.027965355778549802,-21.42857142857143,53.16831040716724,0.1573620440120546,0.012574820788345606
2017-01-17,-0.022430509095061058,0.02373796186745912,-21.42857142857143,49.53951299315526,0.15084945926490131,-0.1641084077243482
2017-01-18,0.01819798174923326,0.02072714857944506,-92.85714285714286,52.31904225944882,0.1457368541027018,-0.010163601152271409
2017-01-19,0.02146667907095634,0.019752855114036797,-92.85714285714286,55.49031018375099,0.14117542307393258,0.11361450714869452
2017-01-20,-0.01093607461415902,0.018434904125257074,-78.57142857142857,53.49634502925183,0.1420267747475257,0.05980025930117419
2017-01-23,0.010383763942296342,0.0176660150161899,-78.57142857142857,55.12709357195301,0.1422277101351702,0.06877758747937243
2017-01-24,0.02131533453828416,0.01832058069006245,-35.714285714285715,58.38652802827594,0.14236372374515524,0.19534914860785965
2017-01-25,0.004285752258331055,0.019173213257148568,35.714285714285715,59.04441402440689,0.1394942634767824,0.2249205336679264
2017-01-26,0.01725593389632052,0.020703273502052744,42.85714285714286,61.6823766860614,0.10416900296467611,0.3572245920821332
2017-01-27,0.01933408049287033,0.02301820507880075,50.0,64.4898041066389,0.11252563941533505,0.5381463626365223
2017-01-30,-0.015657284635826607,0.024004066912942656,50.0,60.54621954729872,0.10775845555811775,0.6422491901438869
2017-01-31,-0.0076349841812484165,0.023788624248622707,50.0,58.69100411047563,0.11157726253636986,0.6400608721339047
2017-02-01,0.04368947225933906,0.025572014110177708,71.42857142857143,65.21007364546863,0.126161955839725,0.8011294354632588
2017-02-02,0.01263675712289225,0.028110858260512534,78.57142857142857,66.9078511311381,0.14528610565532216,0.9521153475078722
2017-02-03,-0.008752524346159252,0.029590432099557716,85.71428571428572,64.52925888995078,0.15063599919893225,0.8641453020487958
2017-02-06,0.025616011375128034,0.031455634834498564,92.85714285714286,68.0750863932459,0.16521355777357632,0.9465153088810496
2017-02-07,0.015514193453766811,0.03384998487832495,100.0,70.07611151120294,0.18658701558550983,0.8361665931733143
2017-02-08,-0.0043647224791923955,0.035523514590180896,92.85714285714286,68.75025886089371,0.20072142279601587,0.8171820497024298
2017-02-09,-0.01880082568745045,0.03548088446994212,85.71428571428572,63.2253893436133,0.20429008473717142,0.5519709500026071
2017-02-10,-0.02371555805177994,0.0334103629377442,78.57142857142857,57.108295170880865,0.19825313220767854,-0.12638803016730707
2017-02-13,-0.04611839746488067,0.02836115587591702,71.42857142857143,47.67712421773306,0.19024272354100427,-0.9105152260407826
2017-02-14,0.003690814963495992,0.023025889076385236,-35.714285714285715,48.37797996236775,0.17364485908152788,-1.0540139630988594
2017-02-15,0.002022207079036109,0.018788464308568772,-35.714285714285715,48.784262771985524,0.16119515614736182,-1.029190774261742
2017-02-16,-0.01605500299215734,0.014238699905770653,-50.0,45.70262630972335,0.15672064641760522,-0.9772880463158427
2017-02-17,-0.00018665701804621015,0.010258639283559638,-57.142857142857146,45.667088192401344,0.14860238143947796,-0.6294812586919026
2017-02-21,0.03581108339741923,0.009536577359401416,-57.142857142857146,53.18675733206393,0.13864941712933226,-0.17538802863496325
2017-02-22,-0.0015327602606215462,0.009031629002184573,-57.142857142857146,52.837616230831884,0.13376828552406236,-0.0030585295061151614
2017-02-23,-0.09272297357661008,0.001239880760734683,-78.57142857142857,37.02703022904179,0.15816134616780889,-0.5423779448025843
2017-02-24,0.009652812946080225,-0.004785841038640798,-85.71428571428572,38.88709811201432,0.17678986608349673,-0.2760348396739243
2017-02-27,0.02907551037699463,-0.0069223369793861,-85.71428571428572,44.27766144800177,0.18487587269448566,0.0794069550575336
2017-02-28,-0.028062610905308483,-0.011175510591856284,-85.71428571428572,40.46030227634953,0.19945519842561035,0.008077690786155138
2017-03-01,0.01290896396035457,-0.01302589568376881,-64.28571428571429,42.83335475245812,0.20858990099477273,-0.014107320178272426
2017-03-02,-0.036870634002476144,-0.018045362535318993,-64.28571428571429,38.10192933218915,0.22470685092258771,-0.36672107002388776
2017-03-03,-0.0057580692656015176,-0.021967484385766414,-64.28571428571429,37.432167383238394,0.23632187346298872,-0.16873279599458335
2017-03-06,-0.007721363729499275,-0.025521157905390564,-100.0,36.51068431262162,0.2477823872848874,0.22054395489925185
2017-03-07,0.010955348762534456,-0.026714016892422813,-57.142857142857146,38.79512011381045,0.24559799682429986,0.44851715886757326
2017-03-08,-0.0018230853407900094,-0.02775687491974155,-57.142857142857146,38.54385573866151,0.23201053056672424,0.22205018151820924
2017-03-09,-0.00020276019359177777,-0.028241285602800988,-57.142857142857146,38.51403346690609,0.21234724322718088,0.13602450081143422
2017-03-10,0.005885958979254369,-0.027662207534036035,-57.142857142857146,39.965860918447305,0.19247934791472546,0.05719635546315851
2017-03-13,0.027542199494242636,-0.024160223619762777,-57.142857142857146,46.38319631366167,0.1737703078156424,0.26792293045611876
2017-03-14,-0.000687022385035374,-0.02179186390925406,-57.142857142857146,46.246739825081754,0.16872326389931314,0.36493040515473396
2017-03-15,0.007565203207534177,-0.01892826934923693,-50.0,48.057626327481906,0.16119860450454337,0.5515738905122434
2017-03-16,0.01228652530849561,-0.015427527114870766,-28.571428571428573,50.96852890755298,0.1520432911491626,0.8094207938967422
2017-03-17,0.021770819679599818,-0.010718900942430741,64.28571428571429,55.75786978696867,0.14985082541403322,1.2827875897030971
2017-03-20,0.03186553747156928,-0.004480440895393532,71.42857142857143,61.77193086548175,0.1566441143830669,1.6374272525429245
2017-03-21,-0.0323433219947572,-0.0024607240889727307,78.57142857142857,53.560028585919426,0.1411481705496826,1.2851590289776833
2017-03-22,0.02039459584800274,0.0008760993510242983,78.57142857142857,57.29089364084942,0.1301537400647596,1.269544107843889
2017-03-23,-0.009068314124894727,0.0027433820105914495,78.57142857142857,55.1269504698312,0.13586867666285363,1.0098194230318458
2017-03-24,0.0035484821211615447,0.00443613591543571,78.57142857142857,55.82372744044073,0.14197106794955996,0.7778531294181183
2017-03-27,0.0072578197953738766,0.0062530016169449355,71.42857142857143,57.28970517435109,0.14889291350730188,0.8515224688453242
2017-03-28,-0.0051732008820101205,0.007255111326717173,57.142857142857146,55.856557431643076,0.15339022907113478,0.7182871832345271
2017-03-29,-0.0032502662732677434,0.007697824472434085,57.142857142857146,54.93158609786164,0.15702789933521316,0.45661436366850405
2017-03-30,0.019191665562887872,0.009291067598184575,100.0,59.212582416812765,0.15903190237021203,0.4333564274924851
2017-03-31,-0.004296541824221345,0.010248308639175077,92.85714285714286,57.862024755920594,0.15591700913049292,0.32856690490013934
2017-04-03,-0.005048645651536399,0.010500354689274493,78.57142857142857,56.24559010669608,0.1465754850890054,0.2254961966397631
2017-04-04,-0.07012383099451014,0.005316296980350864,78.57142857142857,39.728219819529826,0.1410410811857301,-0.3101765608851775
2017-04-05,-0.007441496377196599,-2.0041592378708047e-05,-28.571428571428573,38.525927771269835,0.13649792261862215,-0.7074228010118948
2017-04-06,0.007297313244326142,-0.003623370147241739,-35.714285714285715,40.41602377386225,0.12968594639543227,-0.64573029083772
2017-04-07,-0.00426752807226094,-0.006774653208016011,-35.714285714285715,39.64278819488381,0.12582318651946459,-0.6489674882195425
2017-04-10,-0.025515627808861074,-0.011482658405502593,-50.0,35.31137070017452,0.13811530991818444,-0.9156180388671408
2017-04-11,0.003579748809938721,-0.014563734092881694,-57.142857142857146,36.335533077879404,0.14775042901368055,-0.8230180383082428
2017-04-12,-0.008255326739725843,-0.01764803863365164,-57.142857142857146,34.956156551733045,0.1601621986920562,-0.866168530772971
2017-04-13,-0.018703230222041123,-0.021665632059543152,-71.42857142857143,32.01528795506313,0.17811874845126074,-1.070668600393795
2017-04-17,0.0391666232783332,-0.02038025372724629,-71.42857142857143,42.68607926852464,0.18266426234777997,-0.8179635474877819
2017-04-18,0.0006044663706614717,-0.019720573273226117,-71.42857142857143,42.84103071647009,0.18049534284944738,-0.5036486521001523
2017-04-19,0.003928561249362028,-0.018602170414680413,-71.42857142857143,43.90317209715677,0.1821548544334234,-0.4580882886858805
2017-04-20,0.015850025570673276,-0.01605552932858615,-71.42857142857143,48.109200797646665,0.1777039134726669,-0.2213479565354128
2017-04-21,0.004147970935969081,-0.013716938514948939,-64.28571428571429,49.19968738795424,0.1739813473512298,0.056235739292634916
2017-04-24,0.012490301746734156,-0.010650942306339508,-57.142857142857146,52.453328966179356,0.1685885619092437,0.21317112889211526
2017-04-25,0.017386666174634913,-0.00675557872598178,50.0,56.665942514874146,0.16178661295335597,0.38604207980417915
2017-04-26,-0.006873862749443349,-0.004347503509041751,57.142857142857146,54.57157330249937,0.15514212165675248,0.2579996928459049
2017-04-27,0.015573612178558793,-0.0011149533872946318,64.28571428571429,58.30567127823777,0.1512827798596052,0.3169100609422851
2017-04-28,-0.012684378852861,0.00037099106387726533,64.28571428571429,54.32775437031072,0.1374596489828409,0.16857104419692473
2017-05-01,0.02243522227499062,0.0032587802715698883,78.57142857142857,59.52139937113887,0.12919357562990083,0.2534578258315528
2017-05-02,-0.029632576876723937,0.0032221627726470477,78.57142857142857,51.07472985258853,0.11499510383498536,0.1080795280298682
2017-05-03,0.00744157818850355,0.003645289957540561,78.57142857142857,52.83136745976294,0.11771176720596768,0.17465496237897285
2017-05-04,-0.003837214566726921,0.003661854225822894,78.57142857142857,51.791065588468754,0.11873509658781782,0.11253050539576157
2017-05-05,9.630921978809326e-05,0.003629433349972593,71.42857142857143,51.81661210198575,0.1199476901471934,0.16783698861099064
2017-05-08,-0.010495107692172878,0.0027546412860105433,64.28571428571429,48.78261786962666,0.11948052771125196,0.03478064268081582
2017-05-09,0.0016543685306533717,0.0021361492648834805,50.0,49.28145697983995,0.1137562314950207,-0.4504534577971778
2017-05-10,0.17825920396656292,0.013452815900470066,100.0,76.21136637435833,0.19281710522080636,0.5584517086967109
2017-05-11,0.04295498556330646,0.024781177794705206,100.0,79.5340380172351,0.26455522971054546,1.086151068640935
2017-05-12,0.010988184239022702,0.03430793383733674,92.85714285714286,80.32366982110342,0.3102420501326513,1.24777064090264
2017-05-15,0.05019926507977024,0.04341696476653985,35.714285714285715,83.49174713283129,0.3730865598693464,1.7046142318254716
2017-05-16,0.01861337862565704,0.05186319861732389,42.85714285714286,84.53589207172084,0.4235627878517449,2.0760980181888833
2017-05-17,-0.06644235972545631,0.056998007063250256,42.85714285714286,67.75500382770487,0.43124798550453525,1.4639672410148368
2017-05-18,0.04188855044062101,0.05837577851797585,42.85714285714286,71.35865922353078,0.4481344309112002,1.554919750083576
2017-05-19,0.02309483606972873,0.061018481448692666,64.28571428571429,73.21076879460998,0.46506518756406795,1.2029737135160394
2017-05-22,0.021323395675054257,0.06376730602018355,71.42857142857143,74.86427848815941,0.4824779722680009,1.1220858021182833
2017-05-23,-0.013462913838369062,0.06600704690190456,78.57142857142857,71.7872978350989,0.49004192219185116,0.8880313842060504
2017-05-24,0.011238619176833886,0.06647724031031642,85.71428571428572,72.77953976271469,0.49252138054150113,0.4490625920214178
2017-05-25,-0.0022371916394524627,0.0666334013125706,85.71428571428572,72.22884351894574,0.4909120626173763,0.23386715747165573
2017-05-26,0.025893261213332686,0.06623025507571889,100.0,74.61739477057174,0.48645323365941107,0.18035699227495283
2017-05-30,0.021362117209339226,0.06675535999117288,100.0,76.46259531772252,0.485206853402641,0.19409467750230294
2017-05-31,-0.0035893368294227512,0.06744707541927,100.0,75.44892947591623,0.4675488648309913,0.15234328467181338
2017-06-01,6.921502714574146e-05,0.06703286891752494,92.85714285714286,75.4556624403538,0.4434859979101608,0.2234120485468068
2017-06-02,-0.0049874291542355564,0.06587880638616565,85.71428571428572,73.8832269746472,0.4082184372257683,0.07568940316468213
2017-06-05,0.030423164255767965,0.06442745683206878,78.57142857142857,77.0142138671592,0.3683021490468567,0.2919589507606863
2017-06-06,-0.004526919334193358,0.06400869663620173,85.71428571428572,75.51929260728814,0.30699291473095475,0.15276184185842848
2017-06-07,0.012081233503645539,0.06292514998186505,92.85714285714286,76.80730874544246,0.22141356623876868,0.15882984509756073
2017-06-08,0.0725587031307906,0.06316289531901098,100.0,82.74879469148131,0.22991319065587326,0.59358299325328
2017-06-09,-0.06464901491250785,0.0650101885491376,100.0,65.48413012440746,0.21761052578390752,0.03387075861242026
2017-06-12,0.0024731537337236986,0.06233937063124594,85.71428571428572,65.75941738055447,0.2044483800006407,0.19724294265215173
2017-06-13,0.00953516759991313,0.0598520269522252,85.71428571428572,66.85958750139027,0.20386587946187573,0.373151693831996
2017-06-14,0.0021136628022970783,0.05772908262122167,71.42857142857143,67.1142354327831,0.20507719248408154,0.4653634835236884
2017-06-15,0.004284198321646393,0.05561034564469145,71.42857142857143,67.657844550024,0.18170795565218384,0.6452444306880639
2017-06-16,-0.004922213110071905,0.05337966615601079,64.28571428571429,66.29608991426488,0.16762797857230893,0.5447116368681877
2017-06-19,0.03759406897945916,0.051857569054880585,50.0,71.06298006544931,0.16727101518931295,0.6566938375293414
2017-06-20,-0.0014621156115658396,0.051548088020258634,50.0,70.62885827376654,0.16834448424566797,0.34217725952921973
2017-06-21,0.015150639264853272,0.05109318659345007,-7.142857142857143,72.500777316002,0.16595116236559124,0.36980637359495966
2017-06-22,-0.006897964377455379,0.050555742473438504,-7.142857142857143,70.27156703750197,0.16023249828245179,0.3168679356154138
2017-06-23,-0.028667101025944497,0.04838058571791797,-7.142857142857143,61.82271280585574,0.14358129441289566,-0.004226115031378441
2017-06-26,-0.010920967204749665,0.044571641977491167,-7.142857142857143,58.99606728198948,0.13244044138089509,-0.16335677480077665
2017-06-27,-0.036608681011618294,0.03917474268760298,-7.142857142857143,50.716441266299505,0.12979604769814979,-0.49760653050044795
2017-06-28,0.03527074658691176,0.03476057280406817,-7.142857142857143,56.77954471800767,0.1222366601833263,-0.3009083100872772
2017-06-29,-0.03341006776205324,0.03029880493052332,-7.142857142857143,50.250699678759126,0.1179073815855744,-0.26583149768439446
2017-06-30,-0.014453434700546275,0.02472081005630269,42.85714285714286,47.776799524153326,0.11573708442692526,-0.3507242221347223
2017-07-03,-0.036178627225326054,0.01746660825112675,-64.28571428571429,42.25072124220418,0.1354499995614911,-0.534915017682392
2017-07-05,0.02669937756461538,0.012649190770377983,-64.28571428571429,46.950839484173976,0.14233890898698048,-0.4965507142009262
2017-07-06,0.003005729850182437,0.00929840584411248,-64.28571428571429,47.482874184163904,0.14918857262901017,-0.35723380810080924
2017-07-07,0.022860569070938475,0.00823232039332328,-64.28571428571429,51.480506876627594,0.14130224790563115,-0.17653849743357514
2017-07-10,0.04728791610047356,0.010730885683149382,-64.28571428571429,58.65215646601085,0.14232740553579865,0.18589080822220314
2017-07-11,0.014183450990203683,0.01379319722608401,-64.28571428571429,60.62116752171085,0.1452553067024618,0.5210032430083601
2017-07-12,0.042532637724364886,0.018748335656888444,42.85714285714286,65.93433779072562,0.15955774624279842,0.9151764310781876
2017-07-13,-0.011568337033083576,0.022191683771648225,50.0,63.32523801157174,0.16768106426087648,0.7643325932324886
2017-07-14,0.026894518044455307,0.025913162057873355,50.0,66.59636177617352,0.18303753561325026,0.9109360950712243
2017-07-17,-0.004244195485136659,0.02877244991556869,64.28571428571429,65.57562388864213,0.19404106415936315,0.8431458976847824
2017-07-18,0.01041086446613626,0.031104874870111526,64.28571428571429,66.90973771314056,0.20569630066721117,0.9277247518105065
2017-07-19,-0.00518242379087086,0.03256542592035877,64.28571428571429,65.53404137944253,0.2146235150269403,0.7439465566322668
2017-07-20,0.014536981448906028,0.03387881274662053,85.71428571428572,67.5396922235523,0.22551710028608832,0.8096738342799852
2017-07-21,0.0035821714029944385,0.03504753245169763,92.85714285714286,68.04040755906502,0.23695938716116757,0.8269228121866432
2017-07-24,-0.011600271700849873,0.035140802022270885,92.85714285714286,64.55519799863568,0.2442483762466414,0.674921913928436
2017-07-25,-0.004814764142400896,0.0342720706523926,78.57142857142857,63.12663696341061,0.2484444663615357,0.6275323952394437
2017-07-26,0.011551032409896411,0.03360099815216924,100.0,65.11173235379134,0.2475942703726984,0.48681211812847575
2017-07-27,-0.03300215414650043,0.031402634765053644,92.85714285714286,55.767497316714966,0.2459584774367098,0.3060496506307309
2017-07-28,0.016384130334637925,0.029251686912653608,85.71428571428572,58.82265834113186,0.23862371551203246,0.3380834590691068
2017-07-31,-0.011436273933000951,0.027026510103806335,78.57142857142857,55.87411855971085,0.22393791935619137,0.24735486954822594
2017-08-01,0.012184094930613343,0.025372820804104173,71.42857142857143,58.247889743540426,0.19147131190221142,0.3524165075308207
2017-08-02,-0.0006081103271753374,0.024009024193988877,-7.142857142857143,58.07791290100369,0.1624500703031983,0.4384336124401998
2017-08-03,0.012713540855050276,0.023371865911011088,-7.142857142857143,60.66099149075468,0.1258037242789679,0.59755422585178
2017-08-04,0.004385119646668878,0.02309102067488991,42.85714285714286,61.55214608792701,0.08831200175196599,0.4606293281990296
2017-08-07,0.030739803539840294,0.024390213998483425,50.0,67.18807986083407,0.07879260951076783,0.6648364764101073
2017-08-08,-0.011894369933071247,0.025018425527568066,57.142857142857146,63.20844722159483,0.06604148385914471,0.5492121470849691
2017-08-09,0.010628034812965037,0.02557152196700182,57.142857142857146,65.17001631149644,0.0718725563850096,0.6756492888606455
2017-08-10,-0.042821198363541146,0.023510385963023628,57.142857142857146,52.820732197224594,0.06576772555864531,0.14482062790045547
2017-08-11,-0.05329610205827884,0.01740753541439922,-21.42857142857143,42.490689504319654,0.08527336174272736,-0.0788677534793555
2017-08-14,0.0797639743340246,0.016442195569101526,-21.42857142857143,55.707767598504645,0.0857366049984873,0.3436787525742285
2017-08-15,-0.0084321191127803,0.015967986179957764,-21.42857142857143,54.17718354623165,0.08585514202765077,0.3848586465754797
2017-08-16,-0.01095982764840464,0.014590558219430672,-21.42857142857143,52.18706729370055,0.0858377520570542,0.262720113073726
2017-08-17,-0.022282493236218115,0.011689418514344612,-21.42857142857143,48.34166073604289,0.08888910003945426,-0.018028936718023376
2017-08-18,0.00018586917040841477,0.009035856663809513,-21.42857142857143,48.3750710448549,0.09080686811200993,-0.18521501550092803
2017-08-21,-0.014551151221550929,0.005778898461301582,-21.42857142857143,45.87325704958936,0.09673713583690063,-0.33491474116482356
2017-08-22,0.022262563186779882,0.004727445944933756,-21.42857142857143,50.06625029410596,0.09762529235594027,-0.20794483473666792
2017-08-23,0.019994249238845407,0.005434705777345191,-21.42857142857143,53.618732850611806,0.09700004233069343,0.0718782584133651
2017-08-24,-0.00367953990290959,0.005727044928729238,-21.42857142857143,52.858540036839806,0.09530165071315007,0.12086548338182725
2017-08-25,-0.008353603479633653,0.00525258862804264,-21.42857142857143,51.0939620121975,0.09543425795593169,-0.006073333630857295
2017-08-28,0.007080956598759958,0.005310466120861739,-21.42857142857143,52.52851988334418,0.09430510241338999,0.10912788943794019
2017-08-29,-0.001636478303381872,0.00520219680868067,-7.142857142857143,52.14513343178931,0.09423673410390224,0.22470038731871483
2017-08-30,0.00594984226821782,0.005493213739484896,-7.142857142857143,53.472586265132115,0.09413687962425951,0.35358682128118957
2017-08-31,0.022694703051333587,0.007326847667463508,100.0,58.25727656050921,0.09660468026939246,0.6529343227151096
2017-09-01,0.006019968218367477,0.009200304432635035,64.28571428571429,59.47478132688465,0.0999327999650649,0.6661142076282323
2017-09-05,-0.026692485192783222,0.008700539924766614,64.28571428571429,52.16572611033483,0.09294599500208511,0.5842559354139046
2017-09-06,-0.0006024918231586351,0.007968892439771419,64.28571428571429,52.01449203440244,0.08893366682047978,0.46638580127649004
2017-09-07,0.004643978922591829,0.007635740942025881,64.28571428571429,53.14146914844967,0.08070397690640854,0.4001808301489773
2017-09-08,-0.017349488763148235,0.0060373075689222995,64.28571428571429,48.534174778701654,0.08088820456990449,0.20545935372692362
2017-09-11,0.03243912427116635,0.006972115176508116,64.28571428571429,56.07013326649536,0.06737585092534872,0.33900467459718786
2017-09-12,0.0036094119672536173,0.008032616004538235,57.142857142857146,56.85175948225244,0.06945630911479113,0.5272088884142389
2017-09-13,0.004481309702653036,0.00910826482214407,50.0,57.85793321718532,0.07395978260893098,0.6875647714806166
2017-09-14,-0.005693575903141679,0.009475046915696603,78.57142857142857,56.0612185294044,0.07654937295551244,0.603187679599021
2017-09-15,0.06322298840020912,0.013785443774079519,85.71428571428572,67.91014074622494,0.10334102573728325,1.1680300013090061
2017-09-18,0.04130821928107875,0.019919274744024093,92.85714285714286,73.29726591006386,0.1452504158185011,1.1144269700409801
2017-09-19,-0.0010665685231079358,0.024867876705795457,92.85714285714286,72.94270781645201,0.16685398573178534,1.0271128784864167
2017-09-20,-0.008059951042418967,0.028027873199017762,42.85714285714286,70.18279623700485,0.18126984026324383,0.776065993089116
2017-09-21,-0.027334816604236756,0.02862792069439415,42.85714285714286,61.72207006673317,0.18569604144248264,0.7029272166677126
2017-09-22,-0.009736653573299225,0.027647158536795592,42.85714285714286,59.0653174200951,0.185833348847973,0.46034127736008046
2017-09-25,-0.04469275192090172,0.02384355469466644,42.85714285714286,48.78591516531488,0.18038969611830036,-0.016669049012938867
2017-09-26,0.005613543733464121,0.01991444044034711,42.85714285714286,49.912318729592464,0.17573391304578714,-0.5585026267609775
2017-09-27,0.021923825966159383,0.018066237892910033,42.85714285714286,54.17517282153159,0.17046017331118937,-0.4866617320645091
2017-09-28,-0.00028424687733008547,0.016729140729407448,42.85714285714286,54.10946374931292,0.16549524444230673,-0.28857655522938364
2017-09-29,0.017588454049087376,0.01659802151895439,35.714285714285715,57.54026452126121,0.16521476885402522,-0.10939598589457654
2017-10-02,0.0012870107576266054,0.01661397183387221,28.571428571428573,57.79329056417776,0.1652011172611579,-0.07626850366346989
2017-10-03,0.0020667512114860287,0.01658444359653191,21.42857142857143,58.22437287972234,0.15948099155984524,-0.018144024422496727
2017-10-04,0.00836276933659863,0.016924736941519948,14.285714285714286,60.00796470238885,0.1529011489203094,0.11669347012879693
2017-10-05,-0.0005534076337095906,0.017071535631652198,-35.714285714285715,59.82441761934292,0.14555193207695857,0.1606512396509238
2017-10-06,0.002932415741874639,0.0171682396064394,-35.714285714285715,60.51325171103771,0.12941422818687537,0.26642292227663056
2017-10-09,0.02255885724212381,0.018470358922362137,-28.571428571428573,65.43715824414184,0.1259550247309349,0.40478120781844756
2017-10-10,0.01909540512737884,0.020704707608983543,78.57142857142857,69.03627852237778,0.1264039812630724,0.21465858802660467
2017-10-11,0.010638259746055034,0.023093430141781574,78.57142857142857,70.88970259712717,0.12840044613960577,0.36959352841151677
2017-10-12,0.00047184005463085654,0.02489840847099704,92.85714285714286,70.97357514372243,0.12425261797065135,0.3197478161893156
2017-10-13,0.018635829341496546,0.02702042658471815,100.0,74.14374336823701,0.13818644778258607,0.5006611416465061
2017-10-16,0.017164109289343754,0.02959321077909103,100.0,76.7133782953919,0.15508276579885674,0.788812735768426
2017-10-17,-0.0009095713471537481,0.03158508089169214,100.0,76.27336087437402,0.16913781756917654,0.8683295658131811
2017-10-18,-0.0008595281869189231,0.032724171819910566,92.85714285714286,75.83111981049832,0.18142651918085045,1.0209497829664982
2017-10-19,0.0011138634583169882,0.03327420092259821,78.57142857142857,76.02495325489477,0.19119376937780552,1.2349382783811484
2017-10-20,-0.004550257191639262,0.03314229082050823,100.0,73.43122135641238,0.1961483589724126,1.0529971988095954
2017-10-23,-0.001421896917779053,0.03247483541804004,92.85714285714286,72.60146517423885,0.18714253713273815,0.7925797234053108
2017-10-24,0.01047682383624271,0.03204487241534641,85.71428571428572,74.85302621217974,0.17821650464134975,0.797082220337579
2017-10-25,-0.025266987355941573,0.03035808082229019,71.42857142857143,61.573436915952776,0.16800750530818365,0.5675408641139268
2017-10-26,0.010482723540180983,0.028576422795671106,71.42857142857143,64.32941959866186,0.15619056427502465,0.5229397107177358
2017-10-27,0.03152912863228052,0.028711517827399113,100.0,71.11097404759533,0.1538088323316125,0.758245380707046
2017-10-30,0.00980886377267054,0.02966597604778259,100.0,72.89207396462423,0.15093286303204817,0.848172752059297
2017-10-31,0.014570329364438805,0.031004758025653074,100.0,75.34731502521693,0.14919778831462047,0.8707071999904772
2017-11-01,0.0018853698851566403,0.03212395359791565,100.0,75.6590102277294,0.14605044556076696,0.7929921577380386
2017-11-02,-0.006080745147340916,0.032392339392969406,35.714285714285715,72.47048390090703,0.13569128329291902,0.734853187780182
2017-11-03,0.013353294684440131,0.032707952294447076,35.714285714285715,74.95175425106102,0.12523204985490163,0.8411236161566739
2017-11-06,0.0045046126555021715,0.033127027518165014,57.142857142857146,75.75618929079143,0.12052626836117429,1.0142402398387926
2017-11-07,0.011448433828781468,0.033719988192509556,64.28571428571429,77.7231375320023,0.12286528390392991,1.1314396391046209
2017-11-08,-0.013535540716795191,0.033467296862305713,64.28571428571429,70.37053849833313,0.1203375843176905,1.0066598342985023
2017-11-09,-0.01835939541338838,0.031641783193692555,64.28571428571429,61.92879621857132,0.11179691471345636,1.2251148740276698
2017-11-10,0.05269829831542627,0.03188415751153191,85.71428571428572,72.08882174385685,0.12177416488409343,1.3775810485584499
2017-11-13,-0.016239537019782313,0.032178828526682135,85.71428571428572,65.94102449185816,0.12580956821543218,1.068350811933423
2017-11-14,0.007289476437646991,0.031979004476966014,85.71428571428572,67.26846399024942,0.12987949854733283,1.0412049411587876
2017-11-15,-0.019609492005767448,0.030677746610478947,78.57142857142857,60.399013640650026,0.1275647700839811,0.9459938988892218
2017-11-16,0.007762895187049201,0.029200085234193453,71.42857142857143,62.020097507577354,0.12553046596948134,0.629428584437667
2017-11-17,-0.0011819905199405012,0.027833363780418112,7.142857142857143,61.603384200033084,0.12054315754735072,0.22083765493839416
2017-11-20,0.012869644394680746,0.027096227713249325,7.142857142857143,64.40445551977648,0.11552092509343731,0.21078808721258854
2017-11-21,0.009201965840427428,0.02697284669151772,7.142857142857143,66.32068191019455,0.11365628638275076,0.3263543386373095
2017-11-22,-0.004492993001149581,0.02652312008246752,7.142857142857143,64.47870006128939,0.0964354249451516,0.2968285282490695
2017-11-24,0.009445065628486349,0.02627838680983211,7.142857142857143,66.57115437931334,0.08060532488844825,0.3702135787321279
2017-11-27,-0.012997894261113085,0.025273239377199525,7.142857142857143,61.17965510176142,0.07257031240771886,0.12408411791805576
2017-11-28,-0.016017542261555273,0.023017516958226587,7.142857142857143,55.31195249752911,0.06537179314854567,-0.06703096918752359
2017-11-29,-0.06781823169596046,0.016365454202632877,-85.71428571428572,38.67124340078746,0.08824134872781038,-0.5051046241540328
2017-11-30,0.021840823118141284,0.011153912347316127,-85.71428571428572,44.10766262138298,0.09668425808466197,-0.4630018944097117
2017-12-01,-0.015096462652405274,0.006105638771089959,-85.71428571428572,41.32154493150895,0.10901156076161603,-0.23256109647498663
2017-12-04,-0.05574645333057937,-0.002647699009631178,-35.714285714285715,33.126045361850856,0.14674565524622063,-0.6102323327688042
2017-12-05,0.005785813860516464,-0.009242943025876967,-42.85714285714286,34.49717783500888,0.1721411970528524,-0.5966143166678703
2017-12-06,0.008096627359491126,-0.013561073647349315,-42.85714285714286,36.471512669544715,0.18878255765706636,-0.3770060388622989
2017-12-07,0.014424149464464797,-0.015474000374018576,-42.85714285714286,39.97092680640009,0.1991286278476488,-0.2359218693429161
2017-12-08,-0.00260415775101952,-0.017199995029696578,-42.85714285714286,39.541331571575455,0.20893795768467774,-0.3561511771953814
2017-12-11,0.016554570436882576,-0.016727102249318046,-42.85714285714286,43.67485514242035,0.20869648835185925,-0.19056561606405356
2017-12-12,-0.019623889033003383,-0.018310188300125402,-42.85714285714286,40.11561087182231,0.2135944467360898,-0.23235897926561422
2017-12-13,-0.024418835523463356,-0.02155376964486376,-42.85714285714286,36.23603487130598,0.22066954159523786,-0.49795326272951146
2017-12-14,0.0015578617451956767,-0.02332972105541782,-42.85714285714286,36.64670406118524,0.22795019345787168,-0.614118847815531
2017-12-15,0.027296428359264713,-0.02171140014042708,-42.85714285714286,43.52118654461437,0.22637827770259425,-0.32472551377016323
2017-12-18,0.03309674562981857,-0.01746355288294307,-35.714285714285715,50.697474992968615,0.2206158107646792,0.06159052651389356
2017-12-19,-0.009044864638652839,-0.015341695114486562,-28.571428571428573,48.81173829389824,0.21038692522430955,0.17992048751165135
2017-12-20,0.003518478320231111,-0.013052950104766065,-21.42857142857143,49.59013632722972,0.1940937396787014,0.2563371035758483
2017-12-21,-0.004624233166500513,-0.011575578407010718,-7.142857142857143,48.54170195691104,0.1759599194284239,0.15094795986314916
2017-12-22,-0.0031647793260207724,-0.010524436376401505,-7.142857142857143,47.80030286258031,0.14690496676222273,0.3093747104115213
2017-12-26,0.0111126863582236,-0.008570439648996519,78.57142857142857,50.64200307814897,0.11731877111313084,0.549107284770988
2017-12-27,-0.0013675769028236306,-0.007151360338135839,57.142857142857146,50.27524355175955,0.08921451903002148,0.49584301846179324
2017-12-28,0.0011665864462813147,-0.005848969236227791,57.142857142857146,50.60343164577944,0.09000398162673769,0.32049385515657147
2017-12-29,-0.019756955445096036,-0.006472379028632872,57.142857142857146,45.1608339395354,0.08335381131062741,0.04722604973237985
2018-01-02,0.0302325402489263,-0.004254352173238177,57.142857142857146,53.2782600620065,0.08559508966487685,0.13510441686071573
2018-01-03,0.06581413767652067,0.002470620769826934,85.71428571428572,65.58284508766128,0.11615715920739904,0.5687891349283822
2018-01-04,0.005271322907880682,0.007884437626550361,92.85714285714286,66.39642466284256,0.1389182158972239,0.45750329218296965
2018-01-05,0.008474120646496885,0.012615424533212734,92.85714285714286,67.72426016373595,0.159395678020953,0.5332966340337101
2018-01-08,0.030640724274138664,0.01811926656542734,100.0,72.05979086357482,0.19024106001219224,0.5345277254741292
2018-01-09,-0.00027021691460349384,0.022503276734755703,64.28571428571429,71.96516847811792,0.21123977652082324,0.5602722765518114
2018-01-10,0.007839802290260822,0.026098547779930394,64.28571428571429,73.06975830670235,0.2313516097637059,0.8301202647429209
2018-01-11,0.0017884634814391287,0.02884616194286793,85.71428571428572,73.32994089092783,0.24330155516088128,0.7749934384124485
2018-01-12,-0.004909084320884549,0.03046456965030874,85.71428571428572,71.29031904631766,0.24242152461974867,0.702030659140996
2018-01-16,-0.012871010977141717,0.030641524435859862,100.0,66.12283219033183,0.23353830404564574,0.4380375617931135
2018-01-17,0.020944079910033775,0.031138347653216103,92.85714285714286,69.89734449731995,0.23320187569440728,0.5884986666504417
2018-01-18,-0.0012460357026564672,0.03160521358600689,71.42857142857143,69.39161696633698,0.2360943759998185,0.5975010388575602
2018-01-19,0.02526275496075181,0.03276783860312377,92.85714285714286,73.56284605729503,0.2407130451390675,0.7560327851933154
2018-01-22,0.015557927158918128,0.03461794962961431,100.0,75.80488066579399,0.2464059285797012,1.0933312512265028
2018-01-23,0.022337340457170285,0.03702119806104893,100.0,78.64823224211639,0.253086814910691,1.3299267788072748
2018-01-24,-0.013017728496440006,0.038538020655014514,100.0,73.1337671502141,0.24827973072337692,1.160590281026902
2018-01-25,0.0023324213204412025,0.038999770839352486,85.71428571428572,73.48778589103611,0.24205869901243504,0.8007439114153987
2018-01-26,0.029532674963161476,0.040157290133503304,100.0,77.53391013812994,0.23863196740202225,0.9130614649329257
2018-01-29,0.014466062235052757,0.04202903545753379,85.71428571428572,79.25344713757633,0.23330331314230762,1.0805323945391214
2018-01-30,-0.016730806174841573,0.04284740458955272,85.71428571428572,72.26470506202517,0.20514247662639443,1.0669722907146364
2018-01-31,0.012689534787679646,0.04290777982294332,100.0,74.09905587166968,0.18396671110076715,0.843203617525544
2018-02-01,-0.021562443666538034,0.04207388830629379,78.57142857142857,66.0087590120027,0.17538159247830493,0.5153954872976412
2018-02-02,-0.029022983585702433,0.03901741448866902,78.57142857142857,57.157820574777006,0.1617064135387141,0.18604699856099505
2018-02-05,-0.08487474975698006,0.031058214803751413,-21.42857142857143,40.53653912762003,0.1643784164474004,-0.23243335343291993
2018-02-06,0.05559201283440962,0.02469508662033703,-28.571428571428573,49.93437031365168,0.16177125117500363,0.27244967228001976
2018-02-07,0.014274267154016584,0.021541009438183285,-28.571428571428573,52.1421359506242,0.15753498739759747,0.21854276662909558
2018-02-08,-0.04930085144962737,0.015950203715547322,-28.571428571428573,44.70493605546514,0.16404938534673105,-0.4429124776113664
2018-02-09,0.06693679644076433,0.014858115714621171,-28.571428571428573,53.8542870560335,0.1611318207643635,-0.3189179237087515
2018-02-12,-0.017451136326813943,0.013459949503612982,-28.571428571428573,51.31099337961571,0.15790123126181618,-0.46371589653480527
2018-02-13,0.020172984448016518,0.013344418226381709,-28.571428571428573,53.969902009412586,0.15017990558070654,-0.30300836389606856
2018-02-14,0.03778504617132605,0.015730183593656927,-28.571428571428573,58.62008842835786,0.1494768928535359,0.06778360738801549
2018-02-15,0.021042365643163974,0.01907792078076752,-28.571428571428573,61.06803261893226,0.15161063846879808,0.3610383901407441
2018-02-16,-0.010791348569177961,0.021104260939413092,57.142857142857146,59.096590708223594,0.15369132703562408,0.1839808569794128
2018-02-20,0.021489596514094877,0.02349760193550531,64.28571428571429,61.718310554468204,0.16108901652205448,0.16847208758144339
2018-02-21,-0.030391652366127953,0.02375019859343291,71.42857142857143,56.12196731523462,0.16192271375402945,-0.2534996518568994
2018-02-22,0.0032728279872180632,0.02328527447001554,71.42857142857143,56.56484276693098,0.16319264394318805,-0.4356842181277308
2018-02-23,0.01561031180092054,0.023593327420478795,71.42857142857143,58.71240697481592,0.1665331342262273,-0.2815308943661047
2018-02-26,0.002643156855509865,0.023993649414976337,71.42857142857143,59.08702525101551,0.1686817369592155,-0.1286768984722213
2018-02-27,-0.0021088728425286973,0.023964899281871805,71.42857142857143,58.62873726611244,0.168205077869144,-0.16128484219443712
2018-02-28,-0.016500067094190274,0.022687645684676603,57.142857142857146,55.0393307225002,0.1679737004968428,-0.3702439854572109
2018-03-01,-0.040454793490336094,0.01864032581523456,57.142857142857146,47.48926317150017,0.16590506455833856,-0.6419291299472067
2018-03-02,0.018647119330863937,0.015702231327792276,50.0,50.70981314616905,0.1653263871774388,-0.29079517924546594
2018-03-05,-0.003762615289616633,0.013238363784625696,-50.0,50.03060297931032,0.16490437802222527,0.034506326971700196
2018-03-06,0.027625777915808003,0.012956487679902354,-50.0,54.79959615998558,0.13948833220502413,0.3663536178912385
2018-03-07,-0.0013214492523753174,0.012778293353737846,-50.0,54.52413080216413,0.13132793682544117,0.5423542018205519
2018-03-08,-0.0027291603537892284,0.012295474456114983,-50.0,53.922063412220986,0.12559619976130088,0.5712184424203879
2018-03-09,0.017207310184911062,0.012900362834612105,-50.0,57.12770404000903,0.09491747863927376,0.68176607098673
2018-03-12,0.018057111788240876,0.014567627150645423,42.85714285714286,60.30249055347158,0.09411564457118417,0.6570289723489344
2018-03-13,-0.00820803423196137,0.015358434477097671,50.0,58.15623341145506,0.08086406057540683,0.4204033054943741
2018-03-14,0.004158260684274495,0.0159738210202045,50.0,58.94685873396962,0.07419947676342718,0.32450142520056574
2018-03-15,0.002412125015728739,0.016476429637630824,50.0,59.42774682851946,0.07671806972314288,0.20020482540649234
2018-03-16,0.004572280472151746,0.016999574586159947,50.0,60.37748461899356,0.0799439777297764,0.20966098527695282
2018-03-19,-0.03784751449774437,0.014816048706308392,50.0,49.91417922872186,0.08065071945223379,0.08312548968908053
2018-03-20,0.03560162498972863,0.014728221754737652,50.0,57.15168153429669,0.08123758199084774,0.19749124423729691
2018-03-21,-0.004086463115817285,0.014624402027701919,50.0,56.11368036504424,0.08230056624451666,0.13542927690504444
2018-03-22,-0.026995635055981904,0.012513362115479688,50.0,49.7160684593197,0.08240986283627712,-0.06072531240496771
2018-03-23,-0.03671703364847345,0.007754650587899153,42.85714285714286,42.76693331667837,0.091375700286725,-0.4634865349619167
2018-03-26,0.04940521476406867,0.007152059395541534,-57.142857142857146,52.11059652256363,0.09075946898262968,-0.309274617161114
2018-03-27,-0.07755227676209464,0.0007566458584032399,-71.42857142857143,40.40789668476107,0.1107364042564548,-0.6468401043748075
2018-03-28,-0.018490588505910566,-0.006325723639576268,-78.57142857142857,38.36709159647621,0.1346433671253446,-0.8557495772933027
2018-03-29,0.04626180297219307,-0.007764087658353397,-78.57142857142857,45.62904144712071,0.13525381404909728,-0.6477856912190424
2018-04-02,-0.04551161165858486,-0.013255504850823574,-78.57142857142857,40.35801607872476,0.1536089738098216,-0.7635878477037085
2018-04-03,0.01945280327038823,-0.01526799501366842,-78.57142857142857,43.23886286054716,0.16274735234436424,-0.7793898837395388
2018-04-04,0.003949022535260083,-0.016488771354045133,-92.85714285714286,43.84340705609996,0.17048374592953697,-0.3563075704960883
2018-04-05,-0.02148154220851306,-0.019435498412769172,-92.85714285714286,41.25896114921698,0.18274991492122325,-0.3100067777102681
2018-04-06,-0.03220708070193323,-0.024600638435428854,-78.57142857142857,37.743776723598764,0.20321274644859136,-0.4918339165484071
2018-04-09,0.0054146448355496535,-0.02728065305171677,-78.57142857142857,38.65949713746073,0.21623279805227308,-0.7079112630772204
2018-04-10,0.05802878446985793,-0.023198056948725215,-78.57142857142857,47.6026883900182,0.2112173406382049,-0.4800999947372876
2018-04-11,-0.007327827586750657,-0.021650550429074933,-78.57142857142857,46.6246085211261,0.2072581989796093,-0.4238109764115491
2018-04-12,0.03695230385073911,-0.016499753327872825,-50.0,51.947147181651424,0.19876763760327576,-0.13695943541562755
2018-04-13,-0.013214144829761465,-0.014121392588719315,-50.0,49.957749429061835,0.18798296610798218,-0.13268368805879102
2018-04-16,-4.31472811996958e-05,-0.01192792478830011,-50.0,49.951111584937244,0.1731373907135413,-0.03712089777230404
2018-04-17,0.026134943477961192,-0.007784696331289813,-50.0,53.94279287058893,0.1706177068817251,0.17774544574099607
2018-04-18,-0.004925562669019112,-0.005105951514104221,57.142857142857146,53.06141190357487,0.15533579112972576,0.27515637736257276
2018-04-19,-0.031010570299192075,-0.005565199736174395,57.142857142857146,47.792902021778914,0.1366189491865967,0.22056704062884216
2018-04-20,-0.0014407559143536641,-0.005856934558687707,57.142857142857146,47.56393593416878,0.1265900062435822,0.08660332606590415
2018-04-23,-0.021118690216972547,-0.0078632074710278,57.142857142857146,44.224266453442304,0.12628552533652107,-0.1437490509838678
2018-04-24,-0.01197033882764209,-0.01032495709443841,57.142857142857146,42.443562530181865,0.10934080381204937,-0.3324240751263602
2018-04-25,-0.02052449716785576,-0.013985708127017153,-35.714285714285715,39.53902008260519,0.11597341145434403,-0.3400741337885367
2018-04-26,0.03950887952608295,-0.012864942655145336,-35.714285714285715,46.915275028882306,0.11435108295512002,-0.14208976471830423
2018-04-27,0.004928469339339658,-0.011805367494193666,-35.714285714285715,47.80452492809621,0.11244409696324714,-0.13133190071743558
2018-04-30,-0.006318428910333296,-0.011466599265443448,-35.714285714285715,46.71869493643017,0.1106535337299056,-0.23358772313487017
2018-05-01,0.00996022285099829,-0.01011638776125191,-35.714285714285715,48.68490465070647,0.11060706062489935,-0.12868344894875866
2018-05-02,-0.003654304589119972,-0.00935754830418912,-35.714285714285715,47.978383390613935,0.11060507973656881,-0.13246077566118192
2018-05-03,0.02951692667248551,-0.006092838689586678,-35.714285714285715,53.790369078197166,0.11128399586985196,0.06106652290094616
2018-05-04,0.026052601748371984,-0.001556947365470386,-35.714285714285715,58.34455361099682,0.1077107275801521,0.3519347054821199
2018-05-07,0.04024112802268709,0.00490604364825475,57.142857142857146,64.34249752007034,0.12061345653054738,0.6050417723629642
2018-05-08,0.006916789535649226,0.0103467432665609,57.142857142857146,65.30445837059791,0.14264613995256822,0.9255900093379331
2018-05-09,0.021485343540581736,0.015890411539397704,71.42857142857143,68.19462574242104,0.16816781292420685,1.361256702224628
2018-05-10,0.017006972546029564,0.021218971084352545,78.57142857142857,70.34562208317193,0.1967182336316371,1.846625809797343
2018-05-11,-0.02152780320552239,0.02416300753628914,78.57142857142857,64.31537273989815,0.2101951821205429,1.7486598941823457
2018-05-14,0.0032608369752300526,0.026003792373375044,78.57142857142857,64.79703211754189,0.22187509446355183,1.4374975348664933
2018-05-15,-0.03837716112600087,0.025113554875992438,78.57142857142857,55.304881456898755,0.22424818479740782,0.9795471123105058
2018-05-16,0.0018326592418251852,0.02342008050529317,71.42857142857143,55.626345964349625,0.22656049485296828,0.7780057474750134
2018-05-17,0.006910025014059906,0.022259793366496815,50.0,56.88774203169743,0.2268543144447606,0.5488315149291404
2018-05-18,-0.007145338519109035,0.020801622127730648,50.0,55.130479743780434,0.22503386838457878,0.1317055609208678
2018-05-21,-0.006912149889226837,0.018875688173500313,50.0,53.423566411820836,0.21748061206925823,-0.1349577065010893
2018-05-22,-0.006305281164407317,0.01664015817701334,42.85714285714286,51.85720328166445,0.20482832453611413,-0.2717696280174796
2018-05-23,0.020572817076630612,0.015918845793117885,35.714285714285715,56.32804393800519,0.18299391743634255,-0.03671109315607685
2018-05-24,0.0006059116950787313,0.015474067076654949,28.571428571428573,56.45893235055416,0.1711361161094308,0.11134869153240624
2018-05-25,0.006419413977950539,0.015370225614215796,-57.142857142857146,57.89945493298128,0.15876288746881057,0.2706095107844078
2018-05-29,-0.0027679866266649977,0.015011783160532656,-57.142857142857146,57.01786975927639,0.14021956349010087,0.26977937865610063
2018-05-30,0.01770002029556972,0.015661216145937663,-57.142857142857146,61.086776050363945,0.12308082060647434,0.45128613526394795
2018-05-31,-0.003162193437126315,0.01599443433375441,-57.142857142857146,59.97509593200575,0.09641476119638115,0.317780776184355
2018-06-01,0.02153136075520279,0.017377741193071075,-50.0,64.67421723715023,0.08295208689912717,0.46801604388599327
2018-06-04,0.028064728355590374,0.020199507611276566,57.142857142857146,69.76437316028654,0.08918118263115672,0.7848339826045587
2018-06-05,0.000830438051515836,0.022599249463342626,64.28571428571429,69.90643077967607,0.10117858058287793,0.8749179093236904
2018-06-06,0.00030200503370858556,0.02425174666912781,64.28571428571429,69.96174952473937,0.11095654279317976,1.0493459827170717
2018-06-07,-0.008485920226291244,0.02480899838268439,64.28571428571429,66.27415304619716,0.1161859478260344,1.0786354098468143
2018-06-08,-0.002358425783105078,0.024670296494422386,64.28571428571429,65.25346472692483,0.11818951088166024,1.0512671624183652
2018-06-11,-0.006329032851753014,0.023880796496724883,64.28571428571429,62.479133473677294,0.12097436867993243,0.837052990168609
2018-06-12,0.007520793422443273,0.023291762947042,64.28571428571429,64.4036170227081,0.12494273176072475,0.81344385728685
2018-06-13,-0.0006858445277886371,0.022665333735516827,57.142857142857146,64.07841456394324,0.12443988942525355,0.5564222505275369
2018-06-14,0.017187682234648838,0.022881539499393942,100.0,68.38397062890783,0.1269685031328874,0.44617594963835844
2018-06-15,-0.006181771752470144,0.022737656516070903,85.71428571428572,65.30028392961572,0.12743602006130977,0.3429974538060306
2018-06-18,-0.0006410643225467361,0.022217402066854394,85.71428571428572,64.9750894958326,0.12443228529337136,0.40015168745532403
2018-06-19,-0.0185595257553125,0.020444078465117862,78.57142857142857,56.24735390721934,0.11507092758824632,0.4618331916535192
2018-06-20,0.008225181315042018,0.018992493385804884,71.42857142857143,58.837272376446414,0.10120966045432722,0.4419413314262135
2018-06-21,-0.019823772819233754,0.0165154596449403,64.28571428571429,50.94556131685518,0.09282875884394515,0.18599809043212942
2018-06-22,-0.023958633802225515,0.012473217752356576,-42.85714285714286,43.501828991426436,0.08836708782517745,-0.18213949775231222
2018-06-25,-0.04714086986495314,0.005337543784104258,-50.0,33.40679727708336,0.10738685392667209,-0.5003979729123854
2018-06-26,0.012002320362472618,0.00015816717259965873,-50.0,37.21348750388226,0.11716828782249332,-0.675913760784295
2018-06-27,-0.02591009974377867,-0.006076294936172476,-64.28571428571429,32.80197342921996,0.1402474198951333,-1.0275724897262521
2018-06-28,0.021805701962364088,-0.008960029748353101,-71.42857142857143,39.168473157450975,0.1510661481625062,-0.8739838330557084
2018-06-29,-0.016441123258041257,-0.012739851156447504,-71.42857142857143,36.31395886685825,0.1669781374551942,-1.0195021736461474
2018-07-02,0.022540816923674045,-0.013339900679627184,-85.71428571428572,42.40895900729187,0.17148449105570587,-0.7328733375293218
2018-07-03,-0.022291899047478414,-0.016013269113389416,-85.71428571428572,38.40608218554372,0.17964510359166447,-0.7203731438900608
2018-07-05,0.024869260512659697,-0.015322084009690574,-85.71428571428572,44.553572893475,0.1794581044156041,-0.4266984805334947
2018-07-06,0.018951196373817814,-0.013149411926394494,-78.57142857142857,48.84749232857223,0.17698421658137972,-0.05254794536260612
2018-07-09,0.007762689471030759,-0.01081737539965768,-71.42857142857143,50.56817436427205,0.17356855454545578,0.1990320163850076
2018-07-10,0.01604844528362337,-0.007545059106317576,-57.142857142857146,54.03717307512785,0.17067079760133655,0.48638801220203265
2018-07-11,-0.02258669929023016,-0.0069888015799806176,-57.142857142857146,48.766807762775066,0.16607341323032673,0.33112402216994963
2018-07-12,0.014948010633211828,-0.005068540531802678,-50.0,52.02626428654903,0.1603940267631758,0.2605013797069192
2018-07-13,-0.0076028339316774884,-0.004225564724078759,-42.85714285714286,50.24904042806926,0.14783025356377422,0.16704449316419867
2018-07-16,-0.004491989957049469,-0.0038622206951830877,35.714285714285715,49.18804736195131,0.13518575512106187,0.010776108281057078
2018-07-17,0.022118960799599297,-0.001716161903894898,71.42857142857143,54.283820516418615,0.1218638627415578,0.21317948246902002
2018-07-18,-0.007844055948207362,-0.0007120238254750635,71.42857142857143,52.2387917692548,0.11376945507896301,0.2687165982689442
2018-07-19,0.0013111580996461036,0.0001977730475773988,71.42857142857143,52.557997752081064,0.10074370678569304,0.29249922785013166
2018-07-20,-0.004523287399210152,0.0005492449146857081,71.42857142857143,51.28296395884183,0.0943418869535212,0.13678589254875942
2018-07-23,-0.005899173563132187,0.0003491215243579657,71.42857142857143,49.600590119545124,0.09347630513485036,0.29077252313405805
2018-07-24,-0.0028067226019011793,-3.820783363795945e-05,100.0,48.78539300683279,0.09007689856093251,0.07401968710341944
2018-07-25,0.012705821451312715,0.0006631386138245285,92.85714285714286,52.5746464027917,0.09017304651078573,0.21225439446240427
2018-07-26,0.011791461131567926,0.002120321549265234,100.0,55.87865672657638,0.08355983502033106,0.3944834238983479
2018-07-27,-0.011065412052226886,0.0023875895049763774,28.571428571428573,52.162732800953485,0.08022614714340798,0.34388996242396414
2018-07-30,-0.031307015472582855,5.5502591908770836e-05,-7.142857142857143,43.45530325938354,0.06994632594648026,0.06892466764986802
2018-07-31,0.0029901737198632095,-0.001589434662259325,-14.285714285714286,44.38039147982351,0.06725939043057734,-0.06502664887354474
2018-08-01,0.006574982845162447,-0.0023202049470949816,-14.285714285714286,46.46077275279307,0.05128806723652023,-0.07625271452965977
2018-08-02,0.01683808025657796,-0.0015058742099224522,-28.571428571428573,51.497074147009826,0.0449058198369917,0.1750367166249388
2018-08-03,0.00590498889357316,-0.0004073480234785956,-28.571428571428573,53.18813243306229,0.044491932990913634,0.2865691163981407
2018-08-06,0.007655793068259031,0.0010536885944958804,-28.571428571428573,55.37336434000844,0.0463504571205155,0.5051298060548846
2018-08-07,0.011494795414820791,0.0030656673121520085,21.42857142857143,58.52769818008661,0.05084247183620978,0.6930722059063158
2018-08-08,0.005721120851247985,0.005043977606568216,28.571428571428573,60.05832049974658,0.05634108498293205,0.7749871489445486
2018-08-09,-0.007584892290270595,0.00599049244961712,28.571428571428573,57.03567617719879,0.059307623910238506,0.5738259811860218
2018-08-10,-0.006511509617253108,0.0061542295211649625,28.571428571428573,54.51819822211955,0.05991866220398833,0.4991332819326521
2018-08-13,0.005220054594482493,0.0065637697963427145,50.0,56.17724871520665,0.06040956945247485,0.15449383088129418
2018-08-14,0.020732209842015736,0.008316308709173931,57.142857142857146,62.11835298251327,0.06841297318708338,0.3907208111040133
2018-08-15,-0.008988732344643036,0.009063478085443,64.28571428571429,58.34831921409476,0.07201799983281572,0.3241687530626752
2018-08-16,-0.00633044030924379,0.009038707867056515,64.28571428571429,55.80277945819522,0.07364801482172809,0.017692973228315246
2018-08-17,-0.04902107404724576,0.005216249992935857,64.28571428571429,40.98577882553621,0.07874760287955271,-0.8903779588543577
2018-08-20,0.012335758248761097,0.0027471207851952517,-21.42857142857143,44.765448969756925,0.07978080521668016,-0.9292522735555883
2018-08-21,0.022111047842335196,0.0025388194687771186,-21.42857142857143,50.909406919205736,0.07843146940075423,-0.3222439159315248
2018-08-22,0.03750190743603543,0.005190210544077579,-21.42857142857143,59.35083354745569,0.0852533314655439,0.5355416098144646
2018-08-23,0.015295715750838212,0.008372372014752773,21.42857142857143,62.304724929214316,0.0966949490212359,1.034361490440632
2018-08-24,0.020161837394005344,0.012193869236448052,28.571428571428573,65.87836084106303,0.11421874489059636,1.4513506734664912
2018-08-27,0.013518547573240891,0.016040160119149775,35.714285714285715,68.10571817785647,0.12693855297533427,1.50550861485607
2018-08-28,-0.005509355771246782,0.01866159077849256,35.714285714285715,66.1839548804276,0.1323963742112821,1.5260665254461696
2018-08-29,0.015534371106731282,0.021340823279588826,50.0,68.83919177711287,0.14176526780440749,1.5981141700627863
2018-08-30,-0.002441727887142142,0.023282456767934778,57.142857142857146,67.9223881873188,0.14962679249267635,1.3629456340311255
2018-08-31,0.010330901003526183,0.02506262474349887,57.142857142857146,69.75335966386072,0.15893194747870332,1.313417843387204
2018-09-04,0.010759550240431848,0.02692684179880899,71.42857142857143,71.5909174184042,0.16989730115661017,1.3138228733650144
2018-09-05,-0.01861126004121849,0.027313252319153207,71.42857142857143,64.24239876594507,0.17381785341811956,1.111423597867749
2018-09-06,-0.0204727803000746,0.025799689633246938,71.42857142857143,57.39335010874043,0.17353040265674152,0.7921588711049007
2018-09-07,-0.003153230129120277,0.023695755580760106,71.42857142857143,56.416131254087446,0.17102595626150302,0.5822390603026775
2018-09-10,0.010556862968907454,0.02231991253870261,71.42857142857143,58.929480083245025,0.167387936101086,0.5271454876010447
2018-09-11,-0.007024912452882837,0.020767050978540598,64.28571428571429,56.56713861851811,0.16292247375252553,0.34438060819778343
2018-09-12,-0.01686244480089416,0.018150962810970627,57.142857142857146,51.28948302410781,0.16095326374227484,0.30957431656481793
2018-09-13,0.011707768166129728,0.01635784582575691,50.0,54.4158721228335,0.1573083432503494,0.1551920360011071
2018-09-14,0.018758784256734273,0.016125075884551178,-42.85714285714286,59.008720477545985,0.15287119379656255,0.09030292607286382
2018-09-17,-0.009043572912200926,0.015412893058621863,-42.85714285714286,56.023149620738444,0.12547743418844828,-0.036730007544948075
2018-09-18,-0.010623546527294359,0.013863794192183166,-42.85714285714286,52.681665485522444,0.09565509721898979,-0.2823984992696829
2018-09-19,0.0035423459117978062,0.012600402616545416,-42.85714285714286,53.66355426577718,0.06915994309087746,-0.2498116903759385
2018-09-20,-0.020957536601826976,0.010043983405063633,-42.85714285714286,47.37754455438341,0.0636831230915917,-0.230342282445392
2018-09-21,-0.01062792514526989,0.006941265122280557,-42.85714285714286,44.585128645212556,0.0683368584152858,-0.37611098818569144
2018-09-24,0.008540551872568303,0.004985445026139966,-100.0,47.24728845169563,0.07299451136790179,-0.20710131943454582
2018-09-25,0.01019951112710582,0.004213011590705337,-92.85714285714286,50.341653300296294,0.0743873249996298,-0.01278785781887415
2018-09-26,-0.005551219383131745,0.00317404146053323,-42.85714285714286,48.65188456269457,0.07692851087888554,-0.05870616664913708
2018-09-27,0.0017982702683163598,0.002444492303824835,-42.85714285714286,49.24294230609116,0.07633788919586884,-0.1009922607354453
2018-09-28,0.05093480329589761,0.005626124285984413,28.571428571428573,62.45076265931125,0.07946942978709197,0.31860122133134666
2018-10-01,0.029677915732403415,0.010211962292136676,35.714285714285715,67.95042700048948,0.09284202101064029,0.6838560401051066
2018-10-02,-0.009953280059413983,0.013152443507715541,42.85714285714286,64.44038664546984,0.09665190092863753,0.5681201292827783
2018-10-03,0.0008729415077322056,0.01528221476973588,42.85714285714286,64.61132656509709,0.10485231720860312,0.5202686755856787
2018-10-04,-0.025948015532734847,0.015107759380081008,42.85714285714286,55.988185433033834,0.10639037057655573,0.3348466640315644
2018-10-05,-0.03376394157550777,0.012198397460573222,42.85714285714286,47.36059036720519,0.10698153474866373,-0.011409261984896932
2018-10-08,-0.01515620450149513,0.008282850099042588,42.85714285714286,44.1805698998106,0.10989526888911358,-0.14776144879458308
2018-10-09,-0.0008655222410171026,0.004908847046874515,42.85714285714286,44.00162417486329,0.11268237542168665,-0.21379765475692067
2018-10-10,-0.07475302526607341,-0.004063098727787582,-42.85714285714286,31.968640012006638,0.14228736032566014,-0.8081425400073662
2018-10-11,-0.042980946003071785,-0.015449538053628161,-50.0,27.63844205872259,0.18557085292761247,-1.4887956755258653
2018-10-12,0.048526340065773166,-0.019246497429447073,-50.0,37.49068601739594,0.1996520255710059,-1.4048183385303994
2018-10-15,-0.04526670438976832,-0.02741415238454297,-50.0,32.7883640206518,0.2268991023317662,-1.6073709702952936
2018-10-16,0.044396102004043314,-0.028001237661127207,-50.0,40.334813902073094,0.23703023775233772,-1.2502313185156897
2018-10-17,-0.011267744281386438,-0.03029533318200275,-50.0,39.08219421980109,0.24776919597639954,-1.146211659163138
2018-10-18,-0.014522975590333331,-0.03313722241228135,-50.0,37.48457323728866,0.26135960150422216,-1.2032881144921235
2018-10-19,-0.043251711307215945,-0.039808410025618905,-92.85714285714286,33.19559231592088,0.28543352346879935,-1.483651681553272
2018-10-22,0.008945435462528462,-0.04231566537535688,-100.0,34.78569432796201,0.30310943222323655,-1.4567514214521369
2018-10-23,-0.04394069175481574,-0.0497663421713774,-100.0,30.86467211004561,0.32945420002806863,-1.2034683343464385
2018-10-24,-0.09793735415999227,-0.06798370728800651,-100.0,24.521614191567732,0.3847287302356938,-1.5848029161228512
2018-10-25,0.042274882397189906,-0.07087979746458095,-100.0,30.510063120346715,0.4158988810381334,-1.0347636242880813
2018-10-26,-0.04594880771258458,-0.08193153745569744,-100.0,27.817484489063236,0.44425116483150373,-0.7846245067669853
2018-10-29,-0.06389636936786924,-0.09836433627166323,-100.0,24.70269995692209,0.4722769104376937,-0.7529328834353202
2018-10-30,0.09363188061269323,-0.08985409557694941,-92.85714285714286,35.38995926700885,0.4656012132916404,-0.17303247079869008
2018-10-31,0.03857156668452899,-0.0825014586006638,-57.142857142857146,39.55255531735419,0.43887319763344995,0.33618356590782905
2018-11-01,0.034530560702735524,-0.07313521738429196,-57.142857142857146,43.215667674663095,0.40702041835224084,0.8274911895159285
2018-11-02,-0.014625751781160101,-0.06930133889130662,-57.142857142857146,42.01420301980187,0.38206342541427385,0.8982278911200682
2018-11-05,-0.014656883080033989,-0.06680571282660619,-57.142857142857146,40.80771944670664,0.35659620690117044,0.9079364067029961
2018-11-06,-0.003352534849868638,-0.06376269035100682,-57.142857142857146,40.525260750887476,0.32128895638831967,0.7525096331962504
2018-11-07,0.01293463031347919,-0.05868496081083983,-50.0,42.1824766034224,0.3088476250431038,0.566090153884802
2018-11-08,-0.03648439648030566,-0.05976681862669309,-42.85714285714286,38.851485945675925,0.3090010467036766,0.3058618261327433
2018-11-09,-0.00155336134898576,-0.058406958481341247,-35.714285714285715,38.716420175773656,0.2922908443418415,0.2080603568695236
2018-11-12,-0.07842693867057493,-0.06820876893318129,-28.571428571428573,32.56957746944551,0.3033441327366458,-0.17409797417694034
2018-11-13,0.051546247953540236,-0.06381528577698486,28.571428571428573,38.89751296165913,0.27999343215439687,-0.26944471330235814
2018-11-14,-0.010636980460817735,-0.06379254945820176,28.571428571428573,38.06279228469219,0.2541138058517234,-0.3967859864613586
2018-11-15,0.026370734975498245,-0.05885452724875712,28.571428571428573,41.385329793345484,0.2211657176681791,-0.21146448041175542
2018-11-16,-0.18755865191697496,-0.08685068384815167,-71.42857142857143,29.109381306312144,0.2715093630025168,-0.4917767868490878
2018-11-19,-0.11999036694227527,-0.12127367803365628,-78.57142857142857,24.96445587406604,0.3561168054876387,-1.3428709350336998
2018-11-20,0.030269547796542673,-0.13119720648101166,-85.71428571428572,27.434724906516482,0.41393464611030834,-1.0920147275664418
2018-11-21,-0.029312974589368213,-0.14691331040299402,-85.71428571428572,26.497442048859487,0.4798475536410309,-1.2804090939317088
2018-11-23,0.0020038588936082125,-0.15397980051281085,-85.71428571428572,26.676455089983435,0.5309292871034996,-1.331241976758405
2018-11-26,0.05551725569777677,-0.14548595012873028,-64.28571428571429,31.652879063212723,0.5631569892890126,-0.8933506823438857
2018-11-27,0.0044427820411010455,-0.1425309181399859,-64.28571428571429,32.07224986427287,0.5906949927697024,-0.6347953349333142
2018-11-28,0.04124123585059092,-0.13042674808191168,-64.28571428571429,36.014516283355974,0.6047619486864856,-0.14142648865103344
2018-11-29,-0.015946399669669598,-0.12718020303455355,-57.142857142857146,35.130520207547946,0.6120625140866961,-0.05966705856442258
2018-11-30,0.038574183695246456,-0.11405465092131747,-50.0,38.97067603585958,0.5988955411599088,0.25462608031199874
2018-12-03,0.04044535804619276,-0.09894397008302633,-28.571428571428573,42.93246802772826,0.5789375270795809,0.25715584850130574
2018-12-04,-0.07604083453153254,-0.1033781096232333,-28.571428571428573,37.76764791650958,0.5662743262650484,-0.06707780644117048
2018-12-06,0.007510410469958373,-0.0979593876571873,-28.571428571428573,38.4948168572962,0.5452681736098689,0.07697311995549042
2018-12-07,-0.06747121497890429,-0.10571650993577167,-21.42857142857143,34.5587195108992,0.5191164238321525,-0.06655050338562574
2018-12-10,0.02879220228901236,-0.09986415483730264,57.142857142857146,37.30593839554857,0.49095324748063773,0.0688857379418234
2018-12-11,-0.024167142938027797,-0.10082341201539914,57.142857142857146,35.90425425854512,0.4537182727127588,0.00214031657832821
2018-12-12,0.004791399690911469,-0.09763824476035958,57.142857142857146,36.40211976757786,0.438839413869181,-0.018569279400547204
2018-12-13,-6.719643524855101e-05,-0.09441844256034235,42.85714285714286,36.39782931855595,0.3900282544186621,-0.12848699430901933
2018-12-14,-0.016388097792274015,-0.09365684129549638,42.85714285714286,35.30500546318959,0.32839884245856515,-0.2911585370129032
2018-12-17,-0.019596953243701254,-0.0941690461090031,-64.28571428571429,34.01149807916459,0.1925124907992133,-0.4209929457301535
2018-12-18,0.023401550203157484,-0.08810195598674662,-64.28571428571429,36.92512816324702,0.18317471266911378,-0.4619316930536054
2018-12-19,-0.057370181617422134,-0.09400098616206572,-78.57142857142857,32.98949863826482,0.19489888031514507,-0.628534833303201
2018-12-20,-0.024619318625470288,-0.09772020235844396,-85.71428571428572,31.52572815193547,0.21750310217001315,-0.7755670628185394
2018-12-21,-0.040932597829190676,-0.10523437606170356,-92.85714285714286,29.25846988710778,0.2492096770364325,-1.0219915919339968
2018-12-24,-0.019217436930637932,-0.11030753074390491,-100.0,28.272507901319727,0.2835280007114678,-1.048110792401919
2018-12-26,0.04737170184626516,-0.10276268029269568,-100.0,34.05813855213767,0.2996328591853693,-0.6747696763166289
2018-12-27,-0.014500311664508603,-0.10222829919699354,-85.71428571428572,33.135353530787434,0.3162201937542305,-0.2957418771397312
2018-12-28,0.018906450997747903,-0.09613423791298831,-85.71428571428572,35.55173078169963,0.3181930275425755,-0.12836574860429623
2018-12-31,-0.0011221642255860864,-0.0919430175701986,-71.42857142857143,35.468252523513485,0.3202908620008484,-0.13113519753740932
2019-01-02,0.020374576531488664,-0.08418631629570411,-71.42857142857143,38.29795901927912,0.3035202712149846,-0.025606273216803255
2019-01-03,-0.06041696195238633,-0.0887709788928781,-57.142857142857146,33.50993658373554,0.2683476375112691,-0.2580680053424116
2019-01-04,0.06406766444296208,-0.0770620965587073,-57.142857142857146,41.37437782469875,0.2507679116327753,-0.18256787698211846
2019-01-07,0.05294024927871921,-0.06360733818388134,-50.0,47.27904486703957,0.22355268233311215,0.08301665856732293
2019-01-08,-0.02489503859704001,-0.05882705028180195,-35.714285714285715,44.86929256784668,0.21758762466143092,0.03583062422926826
2019-01-09,0.01966669111580721,-0.050575595472793354,-35.714285714285715,47.10578003271399,0.2028013442519889,0.06426676439493653
2019-01-10,0.01858609568474545,-0.04215717821679264,-28.571428571428573,49.242619477529374,0.19793533700074872,0.29611540386150614
2019-01-11,0.024788350164367756,-0.033008514757755326,78.57142857142857,52.07509900755382,0.19778559812460128,0.6635320687052683
2019-01-14,0.010817690455309226,-0.02512874181609052,85.71428571428572,53.329442155102,0.20131735172883505,0.9833306300682303
2019-01-15,-0.0037889379466101714,-0.01932098693358007,92.85714285714286,52.8025154500776,0.2077586886406717,0.8274806288752226
2019-01-16,-0.006872513406652625,-0.01512789134629781,92.85714285714286,51.80642013342257,0.21504771924378718,0.4972262014313558
2019-01-17,0.019349492666451917,-0.009831763210173363,85.71428571428572,54.396923157015586,0.22396210851022455,0.4501980072909937
2019-01-18,0.03433963364593984,-0.0029545146237436202,78.57142857142857,58.71977941729012,0.24839146417765315,0.6075072777714416
2019-01-22,-0.0519978133081086,-0.0020426065980023523,78.57142857142857,50.62541877066463,0.2505817566132249,0.37755839390123275
2019-01-23,0.003495518914379936,-0.0008959286185821186,78.57142857142857,51.08815423520417,0.24306378487352637,0.0662953782216505
2019-01-24,0.057271026980168616,0.004327868759116056,100.0,58.049455069898315,0.24025251777393863,0.20522428331151915
2019-01-25,0.014634888711895222,0.009363663291028121,100.0,59.717538686842566,0.24938082091953345,0.71746406609856
2019-01-28,-0.1382453888650943,0.00257981060682297,-7.142857142857143,42.34004240632381,0.2378742907236579,1.1458366588217186
2019-01-29,-0.046445986940030215,-0.008019014101023693,-7.142857142857143,38.818076431207906,0.24204315964297912,0.7866228122646843
2019-01-30,0.04399735989764797,-0.012279955426039827,-7.142857142857143,43.39815431562646,0.23582555875324684,0.9092971445665791
2019-01-31,0.046291440328207534,-0.011517217256692379,-7.142857142857143,48.002718540653994,0.22875815142513448,1.115720000046251
2019-02-01,0.00681748611527877,-0.010597951001187465,-7.142857142857143,48.695308115070254,0.19962805608171305,1.1043562298074605
2019-02-04,0.030746782940707762,-0.0071456150498431705,-7.142857142857143,51.832630130690205,0.1890387642597199,1.1257564214307396
2019-02-05,0.005161441729985006,-0.00417376276809822,-7.142857142857143,52.37530812398349,0.1880950800724843,1.0499608924089674
2019-02-06,0.020340153004183126,-0.00019992885480513183,-7.142857142857143,54.55923744520991,0.18424800614765716,0.8811633454254708
2019-02-07,-0.03647054220700352,-6.099041789858213e-05,-7.142857142857143,50.03831800196761,0.18102157445001443,0.6212872105252263
2019-02-08,0.005087451317401515,0.0004579950319129403,-7.142857142857143,50.63045921768785,0.17994064230761334,0.6271889085260064
2019-02-11,-0.011608419859721053,-6.766692482754022e-05,-7.142857142857143,49.19056229857381,0.18037121697033817,0.5640862356888665
2019-02-12,0.03222961564860216,0.0020228734823251947,-7.142857142857143,53.12979911549745,0.18071143605523132,0.6695143022117443
2019-02-13,0.011311796667202723,0.004487655361906008,-7.142857142857143,54.5059306564407,0.18238997525166825,0.5247386390599841
2019-02-14,0.010792651743430248,0.007168918764080565,-7.142857142857143,55.8528215488038,0.1856055690531866,0.5903982335717712
2019-02-15,0.018184283810511737,0.01048539679668075,100.0,58.126513134672585,0.1914363779783564,0.07668366139738467
2019-02-19,-0.004449043591327362,0.012766485623841776,92.85714285714286,57.33433128697265,0.19102473709433979,-0.29902459870362197
2019-02-20,0.012193747860412607,0.015159335505551923,85.71428571428572,58.97717011267023,0.1985155904644668,-0.5170542769661391
2019-02-21,-0.017533962648200174,0.015861203980647446,78.57142857142857,55.62025341125312,0.20151876505623897,-0.7098962274982973
2019-02-22,0.021955191841761534,0.017388033174028754,71.42857142857143,58.73216805896438,0.20350926094946725,-0.655509817459722
2019-02-25,-0.0031407067886085605,0.01846052388587165,71.42857142857143,58.09087363842934,0.20112047567127764,-0.8170083806476658
2019-02-26,-0.010019628393223345,0.018432901297766566,71.42857142857143,55.99682112375892,0.19074349299171786,-0.9214153952629589
2019-02-27,-0.010757253035875602,0.017383686034061326,71.42857142857143,53.77788688757009,0.1516183153977791,-0.8778738647367896
2019-02-28,-0.006377006010130026,0.01579854426746324,71.42857142857143,52.46492206697989,0.12357688951863582,-0.8284972055197243
2019-03-01,0.014196869760975117,0.015205812274169376,71.42857142857143,55.07764842964632,0.11244107519795626,-0.7009026798538767
2019-03-04,0.002109405726391511,0.01487828868897563,64.28571428571429,55.47480342935113,0.10104921889345615,-0.5797018496379945
2019-03-05,-0.0016584464995919035,0.01436873806674975,57.142857142857146,55.061766522712354,0.09768812621445552,-0.4420898897230201
2019-03-06,-0.028558676058937582,0.011846543547118166,42.85714285714286,48.39123786013482,0.09500525024428287,-0.5218657668878155
2019-03-07,-0.018349374517622863,0.008089172841596862,-57.142857142857146,44.74737417844389,0.09904155619302474,-0.5269607642637218
2019-03-08,0.009245735845132108,0.0055657785996668764,-64.28571428571429,46.87811541645958,0.09272488022388543,-0.31659717194845144
2019-03-11,0.06970272371949005,0.008547910840050953,-64.28571428571429,59.63339289874459,0.09215083435756143,0.14428821616313808
2019-03-12,0.008563915339077743,0.011654424753357585,-64.28571428571429,60.96016051156007,0.0860053088452111,0.44068618966962125
2019-03-13,0.03753366296953664,0.01639126943052955,21.42857142857143,66.24200859763906,0.10710394377674849,0.7776689864825712
2019-03-14,-0.01814714505803583,0.019145803838943244,21.42857142857143,61.7302083281967,0.11485332058640761,0.6201445777040604
2019-03-15,0.025670583968241623,0.022323121431945852,35.714285714285715,65.26853557527839,0.13206000165363976,0.574126896104291
2019-03-18,-0.005064685114428036,0.024654352664609407,42.85714285714286,63.97942108757355,0.144370625062633,0.34261026115398396
2019-03-19,0.040011636134163364,0.028175295981502205,50.0,69.13896689117446,0.17034623796653497,0.36979163059995374
2019-03-20,-0.007455104200255969,0.03099225944487864,57.142857142857146,67.13226718395497,0.1873363623342856,0.13755515602349183
2019-03-21,0.05470156578247609,0.035122680984814095,64.28571428571429,73.2268028282448,0.22244998986322645,0.3798563053207499
2019-03-22,-0.03501122340507401,0.03774649809159608,64.28571428571429,64.52832839434527,0.2358006012532519,0.09901470657561919
2019-03-25,-0.020957660229389496,0.037487463623834726,64.28571428571429,60.08811299744114,0.24052283453197507,-0.10013521020220592
2019-03-26,0.017780740914443927,0.03698503607399811,64.28571428571429,62.402348528019346,0.2461143955045598,-0.3057296571409091
2019-03-27,-0.002091373885755643,0.03659271636724308,64.28571428571429,61.939336171593474,0.246664433156298,-0.38435067291465097
2019-03-28,0.004249126104181489,0.0359936240475535,64.28571428571429,62.546117061606786,0.2439275216608723,-0.4107433651812517
2019-03-29,0.01303254686999189,0.0358083305073095,57.142857142857146,64.4272882986592,0.2441766022912661,-0.3277151331211207
2019-04-01,0.015148123626536059,0.03627674945972341,50.0,66.55724675495283,0.2453320649434018,-0.2149026275376207
2019-04-02,0.003949885217191307,0.03681863370977789,42.85714285714286,67.11848303763298,0.24329182915239336,-0.1661593060564074
2019-04-03,0.030710201629787992,0.03821174923398039,100.0,71.18364350550854,0.23638744075695825,-0.02394946214014595
2019-04-04,-0.0019086112849131531,0.03965067086022108,92.85714285714286,70.58167483992791,0.21299094265965574,0.0862397246644135
2019-04-05,0.014288609325978419,0.04082541604099048,100.0,72.45601298496106,0.18729221780683467,0.27480775931966017
2019-04-08,0.004399388200623022,0.04188486154175662,71.42857142857143,73.03383976501816,0.18331399737616844,0.45509428502270166
2019-04-09,-0.013191466501182192,0.04187781136430329,71.42857142857143,68.38119933110002,0.1722640847995444,0.4927092472337246
2019-04-10,0.015005495933456903,0.04153021095364378,85.71428571428572,70.64206962115136,0.17329791075693468,0.5919378385895113
2019-04-11,-0.0029148661582685254,0.04115709376566411,92.85714285714286,69.58556655093423,0.16301550205256796,0.5796211365473677
2019-04-12,-0.007988212740962064,0.03998277239192731,92.85714285714286,66.6521778008699,0.15540322241593968,0.29935700194141784
2019-04-15,-0.027945595297726444,0.03715649932621695,78.57142857142857,57.58043633173021,0.1389656906286433,0.024415338290255533
2019-04-16,0.019003306296477618,0.03447888942284882,78.57142857142857,61.327331324381106,0.13470304928389745,0.051345962051217366
2019-04-17,-0.004887984331927386,0.03229896989837468,71.42857142857143,59.83548176475472,0.12609472760820123,-0.055194824741490726
2019-04-18,-0.005285671288891014,0.02982628974597575,64.28571428571429,58.1949550733754,0.12618542568190116,-0.18321929079394866
2019-04-22,0.011648028938236354,0.028017476014509247,57.142857142857146,60.73623110539689,0.12151944053154266,-0.09805659541834863
2019-04-23,0.011672708820113398,0.027164162856930463,50.0,63.17989516168807,0.10898618382274276,-0.0048943565078069145
2019-04-24,0.002622398635702128,0.026578814928651398,-14.285714285714286,63.73237998066723,0.10068398698976978,0.07727540811982674
2019-04-25,-0.022283918274434877,0.024644523697704174,-14.285714285714286,56.01992278193294,0.08657881481331162,0.09047229293823332
2019-04-26,-0.047188730295311565,0.019530885211848238,-71.42857142857143,44.116370529629485,0.08437402879272927,0.22439064624582472
2019-04-29,0.006962925137957043,0.01479804530629984,-71.42857142857143,45.85822384061944,0.08487489337783752,0.39760962728108307
2019-04-30,0.009312526854797332,0.01166143315108755,-71.42857142857143,48.19992431877746,0.08686510386069052,0.5635031957155324
2019-05-01,-0.0029282749788633877,0.008970726244270437,-71.42857142857143,47.4977793049439,0.09055677730795604,0.3698704453459868
2019-05-02,0.01507185317866222,0.007818040152015135,-71.42857142857143,51.40974902325617,0.09233950533014026,0.36356280673517977
2019-05-03,-0.000982539993088949,0.006858560941787437,-64.28571428571429,51.13821240519283,0.0940442607863888,0.4419355950552466
2019-05-06,-0.017266818447531196,0.004726855496913711,-14.285714285714286,46.49509264033909,0.09712303085024233,0.6896466832564013
2019-05-07,-0.03747564022348837,-8.423154571887546e-05,-64.28571428571429,38.47162789653654,0.11117598089431666,0.5575293501231349
2019-05-08,0.004678995728071733,-0.003606702895054332,-64.28571428571429,39.8157468569822,0.12171626122921148,0.4188435121353574
2019-05-09,-0.02144641761875743,-0.008212636174879374,-78.57142857142857,35.92386656787251,0.1337336275797576,0.5771773753983241
2019-05-10,-0.008050073655701429,-0.01240780622142434,-85.71428571428572,34.58657367240213,0.14484500170150008,0.6958606354475196
2019-05-13,-0.06142644647916695,-0.021736302294195882,-92.85714285714286,26.53483280734718,0.18031514924526826,0.3064628790392702
2019-05-14,0.022657347553106666,-0.025769727994398722,-92.85714285714286,32.40192916815596,0.20121127854642507,0.2781207639565325
2019-05-15,-0.015181588128943213,-0.030690446742281927,-100.0,30.598634256915354,0.2196274783313938,0.30684178962069414
2019-05-16,0.003822467397364804,-0.0334519262131992,-64.28571428571429,31.614940389955905,0.23255272962074086,0.394445156297497
2019-05-17,-0.022847951568041314,-0.0380170626781685,-78.57142857142857,28.8820074234984,0.249207886448201,-0.05069721930499474
2019-05-20,-0.03053716404447293,-0.044337633905833944,-85.71428571428572,25.75116148712066,0.267720137436754,-0.40894874545238125
2019-05-21,0.021812232254566633,-0.04512194524826421,-85.71428571428572,31.3044494037979,0.26927281612700343,-0.38211745952164866
2019-05-22,-0.018444525547943846,-0.048326468164455696,-85.71428571428572,29.267547939887624,0.2682540369380501,-0.4863740737096382
2019-05-23,-0.032063085925476575,-0.05390830833607273,-100.0,26.141910259820467,0.2778974201442052,-0.47542129047138804
2019-05-24,-0.014729964914244054,-0.05844899068417134,-100.0,24.87000072517907,0.2980314129392924,-0.6379019731821852
2019-05-28,-0.01253856792323016,-0.062492783993265424,-100.0,23.823104943015778,0.31456691119234553,-0.9191181673731372
2019-05-29,-0.020861113484908822,-0.06743832856272917,-100.0,22.17181522407982,0.32833647595082377,-1.0439625741789396
2019-05-30,-0.007632794793215658,-0.07064949753852355,-92.85714285714286,21.594331484611057,0.3376422875550949,-1.0711409953073563
2019-05-31,-0.02623851774883923,-0.07604219324640474,-100.0,19.70849208588498,0.34082378882581144,-1.2285536542664957
2019-06-03,-0.012402042193101703,-0.07988929567052099,-100.0,18.89076989933419,0.3371010016620721,-1.3344731816231092
2019-06-04,0.06891927519675822,-0.07086315863884991,-71.42857142857143,34.86379574436071,0.3141693053189514,-0.8456168544293442
2019-06-05,-0.012028188637307258,-0.0688065909554943,-71.42857142857143,33.53692306825602,0.3012277436976338,-0.7489577214019599
2019-06-06,0.01769544655130395,-0.06320522202184838,-71.42857142857143,37.273680616841304,0.27584549807906306,-0.5343781872691231
2019-06-07,0.01196260334313104,-0.05739289219450737,-71.42857142857143,39.78213674088528,0.25104217141800134,-0.3512416477804871
2019-06-10,0.02013740036655509,-0.05015403092383871,-57.142857142857146,43.89800846902535,0.22161342883797533,-0.4089640720627065
2019-06-11,0.01563042907733636,-0.04288149721986625,-57.142857142857146,46.987759586612945,0.21370830527865453,-0.3926208402574084
2019-06-12,-0.0301824303691699,-0.040943182242841054,-50.0,42.09171326786868,0.195647603044299,-0.5054487782259358
2019-06-13,0.014090100962466767,-0.036277238019442194,42.85714285714286,44.89143280650086,0.1803538360276318,-0.4199749246490046
2019-06-14,-0.02441639324587097,-0.035467607573820344,42.85714285714286,41.128350346570336,0.15945272993572984,-0.2541722635836111
2019-06-17,0.0026962516210693455,-0.033412578837580705,42.85714285714286,41.695387178350906,0.1446633668187528,-0.1708266115143853
2019-06-18,0.05412681401151054,-0.025783099884076194,78.57142857142857,51.76616428376357,0.14705780468423554,0.048279546408474684
2019-06-19,0.0015697775264555958,-0.020698220395475777,78.57142857142857,52.03890647884863,0.1429712699052996,0.08707139817992583
2019-06-20,0.006400365336730607,-0.015897801594289402,92.85714285714286,53.2026423343889,0.14725844672329702,-0.0654348115871748
2019-06-21,-0.015185141470644536,-0.013474715758473116,92.85714285714286,50.07812495022053,0.15204864705318563,-0.37697171318708506
2019-06-24,0.005930474922841045,-0.010694165305874121,85.71428571428572,51.26365510607586,0.1579303821339956,-0.43301500175127977
2019-06-25,-0.00772933771890727,-0.00914329709451889,78.57142857142857,49.60057234173193,0.1603469964303287,-0.631827091671539
2019-06-26,0.05135958298963561,-0.003482829240706173,100.0,59.036690513660496,0.17279968352706315,-0.5970084488773926
2019-06-27,0.024928490422892358,0.002566378145961486,64.28571428571429,62.85824965606348,0.1886766968591532,-0.3951002634569932
2019-06-28,0.006126092958175011,0.007651985350039213,71.42857142857143,63.77493558769897,0.19172540939755423,-0.21327764321978343
2019-07-01,0.011812130848948499,0.012357782531861889,78.57142857142857,65.55122506940343,0.18664494995595002,-0.47138773336556977
2019-07-02,-0.023710233036653983,0.014424411516259835,78.57142857142857,59.20183663568732,0.18847024404488327,-0.7704696697876238
2019-07-03,0.0032051297253430366,0.01584892830214031,78.57142857142857,59.755858571835596,0.18411501004414157,-0.720509958367356
2019-07-05,-0.015483690696854735,0.01583044160570797,78.57142857142857,55.800994257200585,0.17782592940130554,-0.40221882565162975
2019-07-08,-0.018848143465042044,0.014204436821595553,71.42857142857143,51.409650468238276,0.17020673933315023,-0.25867747594633067
2019-07-09,0.0006361660587970164,0.012573117324003177,64.28571428571429,51.545641784071115,0.16605932491532072,-0.08287362852603536
2019-07-10,0.017481426534591282,0.012337659757907482,35.714285714285715,55.25400745865041,0.1655575562791054,-0.07043226507275896
2019-07-11,0.03886083485231362,0.014710189902351609,35.714285714285715,62.28491283503133,0.16488412511563721,0.19492588496288063
2019-07-12,0.007998016634403138,0.017262908971412052,35.714285714285715,63.601801998994326,0.1669114807806561,-0.0458428702057311
2019-07-15,-0.002028342159389629,0.01903442386094469,35.714285714285715,62.99624911675761,0.15578809415163813,-0.19219420303563775
2019-07-16,-0.001136008953746992,0.020110180684615456,28.571428571428573,62.637278449369745,0.13950941713445295,-0.1466398465100938
2019-07-17,0.015741106186926368,0.021622216843303628,-35.714285714285715,65.56226196911152,0.14259002367556783,0.11871994487734495
2019-07-18,0.002769718873817606,0.022961972379310185,-35.714285714285715,66.07346402595374,0.14379998998099935,0.20481573197578115
2019-07-19,-0.010224797465249513,0.023218505434070773,-35.714285714285715,62.38181103512618,0.14123710961956998,-0.016681446694373395
2019-07-22,0.01709776243622363,0.023923927095245937,-35.714285714285715,65.78877997262836,0.1352497695197224,0.052860053428819824
2019-07-23,0.025333133615229375,0.025875147964440036,71.42857142857143,70.17286393638486,0.13606397373547033,0.4007376562480997
2019-07-24,0.017078245633247446,0.028448630914374686,78.57142857142857,72.77036720555492,0.13497763702012056,0.7692514477931819
2019-07-25,-0.029553537300335386,0.028980012385666144,78.57142857142857,62.46045527391551,0.13507825453477376,0.6517058014573084
2019-07-26,0.009747616019708527,0.02888335070544521,78.57142857142857,64.20839622131548,0.14053052213542996,0.4342509322459214
2019-07-29,-0.001427892055536062,0.02862461500766027,78.57142857142857,63.73566448718564,0.14478413576285676,0.44679180758470477
2019-07-30,0.0036034993160636297,0.02824900024381494,71.42857142857143,64.44606584011657,0.14975824754572734,0.5281290741542393
2019-07-31,-0.038358411596804864,0.025636769117793334,64.28571428571429,52.59290367533951,0.1460942700843979,0.36532713679469375
2019-08-01,-0.02252241261559773,0.021093583189700393,-42.85714285714286,47.30266089522173,0.14406873042416582,0.05964984866047415
2019-08-02,-0.022617071914404763,0.015374434282284369,-50.0,42.756322499543884,0.14255882009667423,-0.13451963425611072
2019-08-05,-0.06452007308732488,0.005546977202483922,-57.142857142857146,33.18065520196185,0.1600420446425101,-0.31085564958388345
2019-08-06,0.010345583345314546,-0.002198555028267281,-57.142857142857146,35.51366046870997,0.1715074740388357,-0.42856462646294874
2019-08-07,0.01010820474296259,-0.007317121014973989,-57.142857142857146,37.8216117839825,0.1825474479586066,-0.1953661455145088
2019-08-08,0.028396740472178772,-0.008747575142322115,-57.142857142857146,43.951721406382134,0.18935445741090234,0.16072416219945934
2019-08-09,-0.025780306315411727,-0.012300572359240593,-57.142857142857146,39.9878314487264,0.20198454914167557,0.2633581659055454
2019-08-12,-0.01770643328752053,-0.016466767687171875,-57.142857142857146,37.54769778748345,0.21785714834799863,0.16513816409142099
2019-08-13,0.03037272408748981,-0.01644707129066198,-57.142857142857146,43.77363080117763,0.22432819920676172,0.27549626292334306
2019-08-14,-0.03832087949692875,-0.02046570611784451,-100.0,38.412468358085405,0.23784221205519776,0.20638851817057166
2019-08-15,-0.008662608887483714,-0.023764402667072245,-100.0,37.341764564566006,0.2505170954956976,0.016993513910346706
2019-08-16,0.07252816764864156,-0.018789432860527353,-85.71428571428572,49.83931167965,0.25007673486622733,0.06295836771356952
2019-08-19,0.0703181531794701,-0.00964870706336691,-85.71428571428572,58.99752638437603,0.24957380498278217,0.5953235176618442
2019-08-20,-0.01703955116889111,-0.004785180698463649,-78.57142857142857,56.13487562340113,0.24125915532163486,0.5698241379780902
2019-08-21,0.020015832158946756,0.0007917081653817156,28.571428571428573,58.63088938550144,0.22948245706248238,0.45541984327503715
2019-08-22,0.001459913712864358,0.005187362184713659,28.571428571428573,58.81863658375368,0.22693856062638887,0.35947663568503013
2019-08-23,-0.052717314363163736,0.004610735447360789,28.571428571428573,49.98427759017202,0.21514437386599122,-0.08208623863836072
2019-08-26,0.018529718307307208,0.005260913648253683,28.571428571428573,52.5403013622276,0.20308876636152356,-0.21606414457481013
2019-08-27,-0.02206111727789095,0.004106817866938077,28.571428571428573,49.253222895495284,0.18598192061874158,-0.39633275404764745
2019-08-28,-0.002598382760862772,0.002862988387133101,28.571428571428573,48.87393685801391,0.17990873821410525,-0.4323650448796476
2019-08-29,0.03585204024342881,0.004544530277586459,28.571428571428573,54.11120008409737,0.18222697792896422,-0.334330239463533
2019-08-30,0.003053540000510946,0.0061127455038388215,28.571428571428573,54.55351793660639,0.18675777835263516,-0.41182671859562464
2019-09-03,-0.01993885354001379,0.005807819814284768,28.571428571428573,51.080640395411756,0.1792975274822255,-0.47868227295517685
2019-09-04,0.02795852763772566,0.007427934101597787,28.571428571428573,55.29272314544481,0.17670546538920523,-0.3311283754129535
2019-09-05,0.0650629682219186,0.013075821312682657,100.0,63.40920511450747,0.19485235807321294,0.2779712812424008
2019-09-06,-0.006064252334824771,0.017328629437933358,100.0,62.20195568161158,0.20909931988640415,0.43083003598342734
2019-09-09,0.010355390014656685,0.021009132772010605,50.0,63.473085423038846,0.2176421136552262,0.22748913939839244
2019-09-10,0.014847552113998574,0.024611447689117428,57.142857142857146,65.29393141724744,0.22108305267915704,0.29010766413905076
2019-09-11,0.006278113657756101,0.02772090239916946,64.28571428571429,66.07544088851468,0.22883438374142548,0.2706004905098698
2019-09-12,-0.00032538596446962664,0.029945266486264326,71.42857142857143,65.99197820878648,0.2183523161452017,0.025941494210423882
2019-09-13,-0.012644749240371178,0.030719417423052495,71.42857142857143,62.67964850124406,0.19221654752571005,-0.024004208120011694
2019-09-16,-0.009508498709243973,0.03020408722777664,71.42857142857143,60.26118287626521,0.18438079385190728,-0.024314935112936524
2019-09-17,0.004772162562784565,0.0294651584934833,71.42857142857143,61.06542627551206,0.1883418170862366,0.1337228796767717
2019-09-18,-0.006019921354694535,0.02835329632317584,71.42857142857143,59.42384943255915,0.18844389733280245,0.27516165220426647
2019-09-19,-0.01689091574989865,0.026112899068507247,50.0,54.984391084500764,0.1882476986784404,0.1481723297583049
2019-09-20,-0.024019291113278496,0.0222978658090209,50.0,49.42520667514838,0.18777904866701153,-0.1633245197428296
2019-09-23,0.012450044469213939,0.019304101751552644,50.0,52.06552488355912,0.17656061335621437,-0.2548802374959733
2019-09-24,-0.01321221631265701,0.01611230935983039,42.85714285714286,49.09958054795645,0.16966822651642488,-0.40815134992825
2019-09-25,0.033037877889183775,0.015353745360041407,-64.28571428571429,55.7916704409358,0.15415744245381094,-0.22947482095479363
2019-09-26,-0.004993493826143447,0.014663054937995166,-64.28571428571429,54.58495012197796,0.1332527181945712,-0.05563976983148785
2019-09-27,-0.03146492771910403,0.011754270289168282,-78.57142857142857,47.629208373259885,0.12609616005182528,-0.10590255184982848
2019-09-30,0.013449248120300794,0.009907761700863221,-78.57142857142857,50.44456322847053,0.11719627074630659,-0.0030123238340795085
2019-10-01,-0.0004021946158252465,0.008441682227645391,-78.57142857142857,50.35621009118435,0.09730034409508494,-0.2865811021280018
2019-10-02,-0.005517573632719763,0.006791041415535372,-78.57142857142857,49.08653714127187,0.08910694257850832,-0.18984860175250873
2019-10-03,0.047792564451005326,0.00877676671088334,-71.42857142857143,58.73781907954132,0.09018181781039247,0.28344875843974854
2019-10-04,0.0036402418433207906,0.010726543967665144,35.714285714285715,59.39929769803805,0.09210183597773568,0.571764661879205
2019-10-07,0.012969218541323047,0.01302253772305664,42.85714285714286,61.75993146249495,0.09620679919548396,0.19352383103621593
2019-10-08,-0.03851783721860791,0.012176968437706484,42.85714285714286,51.97005404476801,0.09327803966301769,-0.26012619286935695
2019-10-09,0.019635370384727846,0.012291978261837791,42.85714285714286,55.67846898420895,0.08884803644062556,-0.45622563496311974
2019-10-10,0.012838342044620976,0.013279383200366118,42.85714285714286,58.006342330110726,0.08682366983754951,-0.4559297610340548
2019-10-11,0.016172128634487137,0.015070099829197775,71.42857142857143,60.832846713618515,0.09353086186762329,-0.7597230209387416
2019-10-14,0.002903266603734078,0.016650181900001282,71.42857142857143,61.34400395962353,0.10175075205712275,-0.7398918034312771
2019-10-15,0.05275288007762491,0.020841338412413726,85.71428571428572,69.22575780507051,0.13364437000594467,-0.39257267241804983
2019-10-16,-0.010999501868726225,0.023926909504195296,85.71428571428572,66.04253037828325,0.15187262241146404,-0.5467342653374643
2019-10-17,0.0004119418610806225,0.025912290547675656,85.71428571428572,66.10470075864818,0.16544048316506121,-0.6458206066073263
2019-10-18,-0.0195581425758643,0.02613109283317263,64.28571428571429,60.44416167019085,0.16573145911736686,-0.6999434780571151
2019-10-21,0.028977345754626738,0.02712530923742448,64.28571428571429,65.11696247206206,0.17458866563112524,-0.47545592415069093
2019-10-22,-0.0020405990280265573,0.028066170976804142,100.0,64.52217034503613,0.1760592309266399,-0.6298732000749133
2019-10-23,-0.0026584093773600603,0.028303190049226736,92.85714285714286,63.707423178771826,0.18061788738731316,-0.4330708854957823
2019-10-24,0.009072968317062724,0.028572267532675572,71.42857142857143,65.31302010279548,0.18450335028611553,-0.30353403619127567
2019-10-25,0.03901231284940421,0.030576104943629324,92.85714285714286,71.25510677219151,0.1896538139549238,0.07212435324341489
2019-10-28,0.011000515910497555,0.03315099958887688,100.0,72.72907813297113,0.1968834962232788,0.17830030535029337
2019-10-29,-0.018714637121794997,0.03419833901159813,92.85714285714286,66.42045466480563,0.19148364771739756,0.07400860832970935
2019-10-30,0.0003942599240231992,0.03415182008198214,85.71428571428572,66.48517558753649,0.17906809092910914,0.1014282601434974
2019-10-31,-0.009753779801493612,0.03328329721588855,71.42857142857143,63.23665968032559,0.1752939049700263,0.15253250338846103
2019-11-01,0.007810208566679133,0.032330508573601514,71.42857142857143,64.7091090218112,0.17160924544816855,0.30363007144773596
2019-11-04,0.03904427798834598,0.03323468757954898,78.57142857142857,71.00916398292509,0.17950408652632321,0.6406975142235378
2019-11-05,-0.004227891282847729,0.034324032179946916,85.71428571428572,69.50571944482792,0.16806223482419888,0.7231750155694044
2019-11-06,-0.009446105079232048,0.03424574804628124,85.71428571428572,66.15006751910555,0.1556614498523082,0.7639371521514441
2019-11-07,0.003419439137565261,0.03369525873185325,100.0,66.76958984796028,0.1441021331075933,0.6236976182015256
2019-11-08,-0.0026877457959580964,0.0328452781624411,78.57142857142857,65.74752356098075,0.1336791666616138,0.5437032395256579
2019-11-11,0.0019248205475494995,0.03182617491764135,78.57142857142857,66.14611390816721,0.12053605685038575,0.6024660663163568
2019-11-12,0.006869276141706848,0.03104916905403328,100.0,67.59804678472953,0.1224206115686582,0.502227553967704
2019-11-13,-0.004961703529825057,0.030009778381282305,92.85714285714286,65.40119233252575,0.1191602651189753,0.5629523435423793
2019-11-14,0.005849153733480605,0.02902895192633227,57.142857142857146,66.76559255540789,0.11534020642635255,1.0189654687761263
2019-11-15,-0.02669306950283712,0.026648374315664976,57.142857142857146,55.87353730628466,0.09835925745170923,0.6801362472983965
2019-11-18,0.03961992295796679,0.025986790325276333,85.71428571428572,64.80606816107442,0.0957579660916847,0.9118484485308096
2019-11-19,-0.0202090787904301,0.024858225421719435,85.71428571428572,58.09063956276361,0.08578870487213042,0.8304626415224524
2019-11-20,0.015337096238289938,0.024124269405492834,100.0,61.301810533622195,0.07358788067453262,0.7746175684615569
2019-11-21,-0.004735351836659629,0.02330109266105007,92.85714285714286,59.75606349559299,0.060451752638036496,0.5442904378551765
2019-11-22,0.0033784108128895873,0.02249419463856964,21.42857142857143,60.51736161171761,0.0607906208901198,0.33236783140977
2019-11-25,0.04893524072176625,0.02437786288669886,42.85714285714286,69.53694472424601,0.08277431500033611,0.6247883447637806
2019-11-26,-0.019031425490830256,0.02536255421740918,42.85714285714286,63.19468793604703,0.0862670940463336,0.40431887456054827
2019-11-27,0.006456078078692418,0.025822763081529847,42.85714285714286,64.35963864224314,0.08989177620264133,0.2235887274553342
2019-11-29,-0.006873106233091675,0.025644489862578057,42.85714285714286,62.091885963220825,0.08534873655753833,0.10248863894937958
2019-12-02,-0.034557556721651395,0.02311461293319271,42.85714285714286,52.20090199267736,0.07798533087794292,-0.25576340123782165
2019-12-03,-0.0075986271482012535,0.01969340798736099,-35.714285714285715,50.36668305068762,0.0791167339587634,0.03804870109616418
2019-12-04,0.008475311375147898,0.017180371869128137,-35.714285714285715,52.36203246742013,0.07912753147972129,0.060061628604685134
2019-12-05,-0.0032467720032831604,0.014934838679588756,-35.714285714285715,51.50063356466528,0.07834863832320227,0.015690712933138465
2019-12-06,0.016431819064155695,0.014041547208325213,-35.714285714285715,55.47945523234922,0.0776548761660061,-0.028803440874014825
2019-12-09,0.0,0.013370819170347237,-35.714285714285715,55.47945523234921,0.07633468971177122,-0.09942515166594194
2019-12-10,0.008530752324886093,0.013260341156481278,-35.714285714285715,57.60785456142897,0.07577140117189357,-0.08710658571687309
2019-12-11,0.01570231765049024,0.014141826203044723,-35.714285714285715,61.306019728017155,0.07876697215139145,0.12000130427671131
2019-12-12,0.03096516726827514,0.016782386226846004,50.0,67.43410409758317,0.09144962527560649,0.507902775349387
2019-12-13,-0.00035686823951519564,0.01897103335704933,57.142857142857146,67.2977259262393,0.10111183376832227,0.4425512515109129
2019-12-16,0.005178494390607469,0.02077043695572475,57.142857142857146,68.29924708625671,0.10311974388775355,0.15360832445021294
2019-12-17,0.01394662929733781,0.022814465905884034,71.42857142857143,70.89763549629909,0.11642642928576502,0.1713167141767997
2019-12-18,0.005343993561198079,0.024674195561671053,78.57142857142857,71.86260766424284,0.12476166304716468,-0.11344061334802216
2019-12-19,0.02592487692921064,0.027305270758596515,85.71428571428572,76.03605529692808,0.14354640385137912,0.10329186681046146
2019-12-20,0.016605994717523664,0.030364451888529664,92.85714285714286,78.31255666627533,0.16314831925370135,0.34843817767403656
2019-12-23,-0.002297971601229909,0.032656391463369946,100.0,77.20145902218299,0.1759707338239582,0.1834917880034023
2019-12-24,-0.0008374702945306289,0.03398677995000763,85.71428571428572,76.77492808682666,0.1894123258423499,0.15616753396210464
2019-12-26,0.0023888110001677454,0.034727950243372496,85.71428571428572,77.16219692442291,0.19993514351054972,0.1354250351101008
2019-12-27,-0.009699225966297687,0.0345375968715034,71.42857142857143,71.90684392369398,0.20600525677313464,-0.00467291987952572
2019-12-30,-0.019208946842008023,0.03282660954759332,71.42857142857143,62.863771286967406,0.2062539646463511,-0.1818815058737601
2019-12-31,0.012827225217444838,0.03120501860168863,64.28571428571429,65.88946310726863,0.20000861871321496,-0.06297066457677566
2020-01-02,0.019591666180389877,0.030862865026200635,57.142857142857146,69.96606112011571,0.19233131327939826,0.23803296958547887
2020-01-03,-0.016006056501465915,0.02991484535644442,50.0,63.19134831827835,0.180302477725319,0.3601462878464403
2020-01-06,0.004193912059465843,0.02865225007495058,42.85714285714286,64.1550519637311,0.16373863969240365,0.6426421173829686
2020-01-07,0.012106738380538884,0.028060459470830353,35.714285714285715,66.8634413394948,0.1510296085601965,0.7994004650041961
2020-01-08,0.0018752902377816572,0.02764331038373452,100.0,67.28082726064936,0.13364305914114816,0.8296477029313599
2020-01-09,0.010982627835471215,0.027615428294337545,100.0,69.69300544980258,0.11645268154316223,0.7496052474044936
2020-01-10,0.0053494393626030146,0.027792217051382954,50.0,70.83331944653662,0.1019055236559643,0.3815789732091334
2020-01-13,0.031352307550586156,0.029311196200765412,57.142857142857146,76.45476050756089,0.10868166657911962,0.42432156484077727
2020-01-14,-0.018652289100230757,0.02989892916809807,57.142857142857146,67.81783924387175,0.1027659616031796,0.10657210019184184
2020-01-15,-0.006915146504498093,0.02923270397397728,57.142857142857146,64.94331658394853,0.0932796573964743,-0.16909970798569487
2020-01-16,0.01368237958153884,0.028910389514312834,57.142857142857146,67.82881071009903,0.09015482593203945,-0.026208273410267918
2020-01-17,0.0014058769110947278,0.028709328115550634,57.142857142857146,68.12311560137239,0.08640043600128834,0.16095230156797974
2020-01-21,-0.005375260612626831,0.02797802222655749,57.142857142857146,65.64688254429377,0.08697542374884529,0.22381044565507657
2020-01-22,0.00875203002422098,0.027422826655740033,100.0,67.69484529944718,0.09149000668600286,0.09558151926524146
2020-01-23,0.01099524538022556,0.02744090852410926,78.57142857142857,70.12549228917156,0.09795847318206524,0.26248359599049353
2020-01-24,-0.009412275594102626,0.026878171248907106,92.85714285714286,65.53018098630203,0.09999766987615973,0.06033511221167783
2020-01-27,-0.04104107780123101,0.023622246649311066,92.85714285714286,50.22169804558375,0.09946163491283525,0.26241443944259474
2020-01-28,0.03234792867069536,0.02177688612156701,-7.142857142857143,58.174871864151356,0.09718907766358914,0.5519069357599925
2020-01-29,-0.009799470120165799,0.02007786831926533,-7.142857142857143,55.20429915145322,0.08643530299666541,0.5365469959484925
2020-01-30,0.0010994665264529857,0.018416529877166833,-7.142857142857143,55.476308090992944,0.07877039577556594,0.7416534389839347
2020-01-31,-0.03815954036555047,0.014428844833581709,-7.142857142857143,45.205181238731456,0.08282683560671947,0.49464479602991446
2020-02-03,0.016495385283411323,0.01169074217124428,-7.142857142857143,49.39995460532568,0.0778413019561823,0.553459199907706
2020-02-04,0.028294364435338837,0.011526685772270628,-7.142857142857143,55.75937883359868,0.07155540344400602,0.7158897877677695
2020-02-05,0.014688791573173265,0.012506866793625001,-7.142857142857143,58.740496720671885,0.06998359508244013,0.8289498735046106
2020-02-06,0.0139177238581083,0.014175967468782018,-7.142857142857143,61.43136185720791,0.071466642765742,1.054910954086863
2020-02-07,-0.010462271079756391,0.014776623219149373,-7.142857142857143,58.3099180639268,0.07147027471017327,0.9705680853112046
2020-02-10,0.04523226264127844,0.01776607185965363,71.42857142857143,66.21827973578084,0.08858136692914848,1.4044847225924215
2020-02-11,0.01870928143264372,0.02149705234279535,78.57142857142857,68.95976003167563,0.1112443038505747,1.2691900273049117
2020-02-12,0.01735793434961197,0.02537506149178132,85.71428571428572,71.32805807285524,0.13699525543026406,1.456893287235123
2020-02-13,-0.0064577062132267216,0.028077748066453283,92.85714285714286,69.17671380015939,0.15202327951123376,1.2359603171074465
2020-02-14,0.07020446448086881,0.033027708304391896,100.0,77.18210530407852,0.1991152909827677,0.8168071594015214
2020-02-18,0.023396167499963427,0.038928154228437144,78.57142857142857,79.25183990604242,0.2443275114784658,1.0811647694085036
2020-02-19,0.061132557715785296,0.045777150395860756,85.71428571428572,83.54904841669283,0.30911177807490764,1.6023037916205618
2020-02-20,-0.019065729113628693,0.051846151074296465,92.85714285714286,77.8058445485995,0.34442686394095806,1.7739182902709012
2020-02-21,-0.047392433877264994,0.05409630077017625,92.85714285714286,65.9088643397252,0.355365464396203,1.3158917966519277
2020-02-24,-0.07069750949172426,0.05120206352403143,85.71428571428572,53.41069139683393,0.35155574802197365,0.8337653047048273
2020-02-25,-0.04109326826286086,0.04364195970141097,78.57142857142857,48.10434761213954,0.33942997049276397,0.09450228578011878
2020-02-26,0.021369949064696137,0.03642858091934854,71.42857142857143,50.73290804571047,0.33205667199970745,-0.27443596495532036
2020-02-27,-0.055665877025311006,0.028206914807584745,64.28571428571429,44.303404768311395,0.32705520436148083,-0.7412490313727342
2020-02-28,0.06916079641657369,0.023643483102637457,-42.85714285714286,51.99101697268649,0.3166811920048097,-0.2170378986482591
2020-03-02,0.023549708253544077,0.022575218822993855,-42.85714285714286,54.4556409517995,0.29466403644270533,0.46352286003889714
2020-03-03,-0.03812906285126327,0.01961339820523445,-42.85714285714286,49.88514215035846,0.2750566490460713,0.4358696002229789
2020-03-04,0.0700288858606819,0.02051775595161233,-42.85714285714286,56.785516111965286,0.2619140492987814,0.7104744618024098
2020-03-05,-0.03943612871125235,0.019626239415386094,-42.85714285714286,52.127802459653836,0.2487701846562732,0.536247810921912
2020-03-06,-0.0265287476755226,0.0163619363651931,-42.85714285714286,49.31310965615449,0.24022178822956208,0.5721256997171732
2020-03-09,-0.07743191691644424,0.00761139200375036,-85.71428571428572,42.32071878454514,0.24756809755838283,0.4241816825194917
2020-03-10,0.06372219836423532,0.004396016678397515,-85.71428571428572,48.313077836263815,0.24865168975381063,0.6435168480118969
2020-03-11,-0.05595970641793957,-0.002415191116910958,-85.71428571428572,43.74147022326012,0.26534352148595886,0.5486052026341718
2020-03-12,-0.12236783038558885,-0.020156257341294347,-100.0,36.13910569140529,0.32683796292585904,0.04219094806795627
2020-03-13,0.1134019530078556,-0.022019099050927828,-42.85714285714286,44.57635512432018,0.3434307124906964,0.16203549902218556
2020-03-16,-0.1845206528385277,-0.04850606430162636,-57.142857142857146,35.44087397113078,0.41802219918241873,-0.11900472638942358
2020-03-17,0.10626260332331006,-0.0509145558173238,-64.28571428571429,41.5038679934862,0.43880946908132884,0.09467521471183607
2020-03-18,-0.06650698477259775,-0.06553574117926393,-71.42857142857143,38.78771975397821,0.44882137464132793,0.3800164529693606
2020-03-19,0.0500443511811115,-0.06610206514318485,-71.42857142857143,41.675090359033405,0.4381182948453664,0.6906315883148433
2020-03-20,-0.033901602724607516,-0.07343347746304865,-71.42857142857143,40.22170124702864,0.4439001442399137,0.3943942969518644
2020-03-23,0.03373022683821936,-0.07142340110156,-71.42857142857143,42.30452342708004,0.45375899577436646,0.40373482836930213
2020-03-24,0.17156431033549313,-0.04884568625249367,-71.42857142857143,51.811668440438844,0.45036973223033727,0.7032803467703711
2020-03-25,-0.014286891603272345,-0.040513031938420735,-64.28571428571429,50.9299234636219,0.4431197745107431,0.49599554209666435
2020-03-26,0.04730905165300614,-0.02787553022152668,-57.142857142857146,53.699677119274156,0.44450837988710434,0.41691967017602033
2020-03-27,-0.017532464335003217,-0.02085472338062283,50.0,52.46194389243182,0.4355692612861096,0.23070378545567347
2020-03-30,0.050884376802124986,-0.010151011472930198,57.142857142857146,55.60420047494104,0.42621566277815404,0.37812448426599327
2020-03-31,-0.007492908217564986,-0.003061043629229888,64.28571428571429,54.998363790599804,0.42464399878979175,0.2619868439826796
2020-04-01,-0.0778831325631908,-0.003930304172976001,64.28571428571429,49.059755914860546,0.39433883072836756,-0.034090400990643185
2020-04-02,0.051014094033018376,-0.0002802047328139704,64.28571428571429,52.40273957601131,0.37882873206455375,0.1104195012623295
2020-04-03,-0.045249626481303595,-0.0012321196563517109,64.28571428571429,49.163562982742576,0.36561250668306844,0.05900484985987886
2020-04-06,0.1004054711498279,0.0055034960614402375,64.28571428571429,55.446711158352755,0.3809538737920684,0.28927493728239345
2020-04-07,-0.0349104223650486,0.008128791324706421,100.0,52.75987546975121,0.3794218556006797,0.07814623055456334
2020-04-08,0.030575450684657834,0.01200892593548372,92.85714285714286,54.755598363801425,0.39156078311468184,0.15543820938670233
2020-04-09,-0.014983954749489103,0.014117243499580174,78.57142857142857,53.52569889454578,0.387230635587929,0.03669823930459619
2020-04-13,0.02624086982302165,0.017109378630057914,78.57142857142857,55.38727007268781,0.39850394295585684,0.1566490453648462
2020-04-14,0.05225119696853309,0.022532327234741585,100.0,59.00127803002629,0.3777384816520717,0.38330302813051514
2020-04-15,-0.010952944938422249,0.026607625883584146,42.85714285714286,57.887361037130404,0.3740564286384319,0.48845402111795067
2020-04-16,0.04935226514486146,0.03167547957613249,57.142857142857146,61.38611004493689,0.35581945150928584,0.5899660658075024
2020-04-17,-0.008075959567647062,0.03591125991023127,57.142857142857146,60.457267965298065,0.33918319337059705,0.5546258635210987
2020-04-20,-0.018028249426609078,0.03786304697784473,57.142857142857146,58.351800423732556,0.29073096049259933,0.37073596698283445
2020-04-21,-0.0611043568096864,0.035754524653269205,57.142857142857146,51.87632669199148,0.23018379985187165,0.00783038103316296
2020-04-22,0.06174144862674491,0.034556168939133804,57.142857142857146,56.776828569292014,0.23065061238479337,0.02422720651447299
2020-04-23,-0.007478491030009304,0.03451399738639685,57.142857142857146,55.987220971983966,0.22227017406866478,-0.13223078934859103
2020-04-24,0.01964729381836028,0.034767848764110126,57.142857142857146,57.641446367854556,0.22605304484759983,-0.020613429578759584
2020-04-27,0.02586401945249106,0.03621804580323664,100.0,59.82421734696284,0.23010415258013603,-0.05403122880086555
2020-04-28,-0.019253929141912707,0.036800902106646806,78.57142857142857,57.39192554073743,0.23449012457984286,-0.27612225367719484
2020-04-29,0.024368604630329305,0.037315700492935984,78.57142857142857,59.58826133679299,0.24173905361591477,-0.2767091596102096
2020-04-30,-0.020706512013219935,0.0370960060559456,78.57142857142857,56.84168903562444,0.21791818844311295,-0.41957709925060543
2020-05-01,-0.03250295435140471,0.03440850947792938,78.57142857142857,52.81195825482742,0.20326223025022286,-0.5420210520031774
2020-05-04,0.030093721859755673,0.03236117593541053,35.714285714285715,55.83259393491089,0.16631060021554075,-0.3968309580469887
2020-05-05,0.008411252760968768,0.03158126904678246,35.714285714285715,56.69215972812657,0.16251067701178512,-0.39350772363968395
2020-05-06,0.01378770122023698,0.031487544863887315,35.714285714285715,58.14228749157824,0.1459420832153441,-0.42320765762347173
2020-05-07,0.023774884425004528,0.03251531744829384,85.71428571428572,60.62441997250224,0.14327255204703207,-0.3622522074108158
2020-05-08,0.025027083332939792,0.03465212759154193,92.85714285714286,63.159851131053166,0.13854714157047754,-0.11464586189570954
2020-05-11,0.032384003922668825,0.03790906001270047,100.0,66.26279740232377,0.15391941667746523,0.2098156067889346
2020-05-12,-0.032608027058028344,0.03956946553640983,100.0,60.55314688156847,0.16093794410133783,0.03364117083028717
2020-05-13,-0.0028834180402719234,0.03930159527909583,85.71428571428572,60.07626269753096,0.16219711143862675,-0.13668387817834504
2020-05-14,0.03219790737746275,0.039839926358950464,85.71428571428572,63.5210991113779,0.17809703947283892,0.17932170801598413
2020-05-15,0.05731280072695766,0.04288243509014943,71.42857142857143,68.8408851847891,0.21527998062872872,0.8878842194939152
2020-05-18,0.030562367360057907,0.047457069880038234,78.57142857142857,71.37551017242828,0.2547086339142854,0.8929797393471572
2020-05-19,0.006314220215681621,0.05167414401493068,85.71428571428572,71.89963206728238,0.26857699528982415,0.48715652653869584
2020-05-20,0.018681587293042146,0.05508375627089864,85.71428571428572,73.45790012665945,0.29581424068519657,0.3000842590068591
2020-05-21,-0.021711392634729654,0.05738374989281486,85.71428571428572,68.60727846577342,0.30301123471860486,-0.16984908585569936
2020-05-22,0.02860297854150562,0.05819127957065224,100.0,71.24287882555336,0.31801866642143267,0.07260887000378062
2020-05-26,-0.03417783637716321,0.05869048333341153,100.0,64.11772179408084,0.3211690606145038,-0.2135281974481932
2020-05-27,-0.022081273059917805,0.05628068148874237,92.85714285714286,60.079931137287716,0.3129527352558889,0.1425779728356037
2020-05-28,-0.00448663992091991,0.052591053045260266,85.71428571428572,59.28107905713479,0.3067072727024892,0.08891817384495274
2020-05-29,0.045775728396183935,0.050253496907897724,57.142857142857146,64.4512728589472,0.3004596334460398,0.47349295973259614
2020-06-01,-0.007802340280423703,0.049416116063841414,57.142857142857146,62.917728089390145,0.2768313178826021,0.7115385229861113
2020-06-02,0.002157462861160253,0.04795593143934508,57.142857142857146,63.176603101601145,0.2572443920041611,0.9353552416444881
2020-06-03,-0.006316774715329765,0.046136285291135164,57.142857142857146,61.81303579517506,0.2335260276005666,0.9274285241881595
2020-06-04,0.00011391131856131054,0.04395010294411523,50.0,61.82893438941716,0.20864592063855372,0.7536459293827197
2020-06-05,0.017510037770266385,0.04239501696935531,42.85714285714286,64.29034252364183,0.18944374032688194,0.7397262900967626
2020-06-08,-0.01289268998811366,0.040783403836543185,-7.142857142857143,61.11092163310619,0.17253759780064234,0.7039895301730907
2020-06-09,0.027370766918518585,0.03971844457124777,-7.142857142857143,65.01546998826491,0.16738482240260988,0.7994260480610913
2020-06-10,0.035457798415820196,0.040669217249167576,71.42857142857143,69.41661248490013,0.1554209786234946,0.8397109050553511
2020-06-11,-0.06090716595733525,0.039567519176657386,71.42857142857143,55.937378618871726,0.1185808255535758,0.46145875563964417
2020-06-12,0.015489802734631297,0.036851706230552145,71.42857142857143,58.03331070635378,0.08941415618644609,0.24919824472539276
2020-06-15,0.027007785846485,0.03596009706845309,71.42857142857143,61.52318169622764,0.08850390589979786,0.35349012816670294
2020-06-16,-0.01147243806508258,0.03509850014594236,71.42857142857143,59.209922406047966,0.08998557095511875,0.38130382027133
2020-06-17,0.018470397652441406,0.03453210315812289,64.28571428571429,61.67943594104122,0.0962478384578957,0.45870776741430586
2020-06-18,-0.001949171781135517,0.034104505634777404,57.142857142857146,61.250224266532896,0.10109433072056442,0.4830262626964868
2020-06-19,0.004692080463670534,0.03354490167197289,42.85714285714286,61.93555981348794,0.10553106540586699,0.2494521397824773
2020-06-22,0.02866778478100973,0.03415666739513434,100.0,65.92010420599006,0.12008141140548916,0.3398480802618033
2020-06-23,-0.008056204249852428,0.03461536794570339,92.85714285714286,63.839706993414445,0.1260366963135855,0.21831422275457985
2020-06-24,-0.02269829019090719,0.03330828038311562,92.85714285714286,58.30181038741225,0.11799424201253451,0.012032044359226052
2020-06-25,0.02755658423979912,0.03257532694804937,78.57142857142857,62.46249626022474,0.11171340625043853,0.11333536185399531
2020-06-26,-0.0353004756099915,0.030593663239961308,78.57142857142857,54.722210984674035,0.10976546745101001,-0.1298831585407905
2020-06-29,0.004915782648230449,0.028012963218011434,50.0,55.51964496734263,0.105944697471543,-0.03570775246250137
2020-06-30,0.03236396266892316,0.027481396855556128,50.0,60.47895558661679,0.1074274369759814,0.17699915225613388
2020-07-01,0.0033952352791002394,0.027616868064371695,50.0,60.98629195735015,0.10582772000307428,0.34047028887093406
2020-07-02,0.008630868868041208,0.027928594138446373,100.0,62.315141569590985,0.10416322158028955,0.2526228377565863
2020-07-06,0.023615559608624714,0.02923320263836168,100.0,65.77937539907998,0.11391527757786025,0.255249713964959
2020-07-07,0.003303227512098328,0.030589470617161548,100.0,66.25765013698235,0.11665115670807391,0.05060795314915303
2020-07-08,0.03487230998265245,0.03300959794817242,42.85714285714286,70.8972696640348,0.13897514599726332,0.18633744035966399
2020-07-09,0.028680376691599285,0.03657600216127289,50.0,74.15462719058965,0.17278683886587717,0.45987779681118035
2020-07-10,-0.002830944504287447,0.03956059448945869,57.142857142857146,73.25802755370309,0.18417806016737692,0.4372009876822221
2020-07-13,-0.04074726071739099,0.03973537629831641,64.28571428571429,61.722793414362066,0.1798353157217088,0.07916600544363515
2020-07-14,0.03230629671122287,0.03940693736451204,64.28571428571429,66.09536347277971,0.18798606189967826,0.28620597401793957
2020-07-15,-0.014430813637823392,0.03908769765771843,64.28571428571429,62.54721783565319,0.1856799071251714,0.3181317887774284
2020-07-16,-0.009044638913142555,0.03755826237267364,64.28571428571429,60.39060570711147,0.1833300482935839,0.43851288868848304
2020-07-17,0.006586171226634185,0.035941137058563284,64.28571428571429,61.424221890627095,0.1797369789160276,0.5350895450272201
2020-07-20,0.030314349968845855,0.03579038591230202,64.28571428571429,65.86819335738109,0.18210322654165256,0.7227089354211358
2020-07-21,-0.01733946485379645,0.035322177337773444,57.142857142857146,61.380445341013015,0.18322596333908941,0.5907963077862087
2020-07-22,0.010674364373194578,0.03454083642646118,50.0,63.021765906256974,0.18335480360698522,0.46951076406444714
2020-07-23,-0.029601018011934377,0.03242583305207799,42.85714285714286,55.85667380591814,0.17097373068138305,0.1838564735479677
2020-07-24,0.006391806851989701,0.029892578539839006,35.714285714285715,56.96087113628157,0.16483917089056735,0.20372555567525555
2020-07-27,0.022267061729361437,0.028862145066870844,-64.28571428571429,60.67487847896735,0.14656964817910043,0.3896703561164798
2020-07-28,-0.019766796530939823,0.027196805099476074,-64.28571428571429,55.95590396681287,0.12185208150232713,0.22814018910196185
2020-07-29,0.024472743797897323,0.026431510514665135,-64.28571428571429,60.019813203120854,0.10951298854841071,0.2372617801729563
2020-07-30,0.01418908236730343,0.0267914625912367,-64.28571428571429,62.24800680533969,0.09749129679858064,0.463962475550192
2020-07-31,7.0667654808787e-05,0.02706160841582034,-64.28571428571429,62.25944839402104,0.08418804713299258,0.5365836480308411
2020-08-03,0.03725973452706843,0.028863201269481067,42.85714285714286,67.80091179162822,0.09389328595615766,0.7107014907686225
2020-08-04,0.01975406232909016,0.03165783983024813,50.0,70.37685484818749,0.10956334491898347,0.9824264940595311
2020-08-05,0.005254762120162626,0.03416431375390148,57.142857142857146,71.05335467940739,0.12909301749960925,1.0500281728765002
2020-08-06,0.004319267147174344,0.03605720803551221,57.142857142857146,71.62987628000185,0.1472222042944744,1.154904312721082
2020-08-07,-0.01199761382963438,0.0367280268151001,71.42857142857143,67.58584608472039,0.1572159914928031,0.9966387993912152
2020-08-10,-0.0030805106167521856,0.0363582596010524,71.42857142857143,66.55925113534967,0.15797769970893355,0.8973751175333317
2020-08-11,-0.028213002676381715,0.03428188460047088,71.42857142857143,57.91017681088332,0.1575568417452528,0.5545626699652202
2020-08-12,0.05440087030218432,0.033931199477607296,71.42857142857143,66.65425339200803,0.16587053484055053,0.7249961118145991
2020-08-13,0.00024037268413867885,0.034666375475303546,100.0,66.68897457851448,0.16849527281749904,0.5568130093219694
2020-08-14,0.010574275541045841,0.035323707588373124,85.71428571428572,68.25529283644957,0.17258199025954443,0.4177411083555011
2020-08-17,0.0668453722077329,0.03848050750106969,100.0,76.01446061755414,0.20715587944973418,0.71163518545589
2020-08-18,-0.0061808819955340155,0.04201594370428618,92.85714285714286,74.0906060773841,0.2250242176353412,0.6994604522473479
2020-08-19,-0.00997070894491947,0.043760493594885715,92.85714285714286,70.98867118294741,0.2346568949264345,0.30115087139426544
2020-08-20,0.00020592180866030318,0.04430438859735006,85.71428571428572,71.01539177015194,0.23196384513268095,0.15442756727637394
2020-08-21,0.04468341695044864,0.04575278098981885,100.0,76.14978193374102,0.24133040475813544,0.5299387566675033
2020-08-24,0.002897267764273792,0.047943063229123214,64.28571428571429,76.45404510201512,0.24999070485394564,0.654987391423583
2020-08-25,0.0023389727114824233,0.04928759500416238,64.28571428571429,76.71307318972495,0.24625203501867055,0.8567729540117716
2020-08-26,0.0018040560831920072,0.04992082644383447,64.28571428571429,76.92442562249963,0.24377481722404462,0.8613766802198922
2020-08-27,-0.011332673265096127,0.04957537962080243,64.28571428571429,72.46698982062681,0.2364937778076713,0.644759813991481
2020-08-28,0.04113797092334792,0.04953532604327705,92.85714285714286,77.5049351355948,0.2363777234230847,0.8948418490897317
2020-08-31,0.017246169033787728,0.050970860186697844,100.0,79.28647863562956,0.24647873772395948,1.0010145481327868
2020-09-01,0.033693777426848204,0.05307229032930024,100.0,82.28860968248448,0.26793616699724304,1.0852216030324977
2020-09-02,0.038021933665622676,0.056307740409581745,100.0,85.01662306688058,0.29846199128146517,1.0393372419826294
2020-09-03,-0.09277564801653493,0.057673850232903466,92.85714285714286,59.865333414239196,0.29132722489093604,0.4383740213423607
2020-09-04,-0.03019467892391481,0.05275987032311078,-14.285714285714286,54.71799864432706,0.27632665748815555,0.3889521648459092
2020-09-08,-0.056208793337501284,0.04494413909927091,-21.42857142857143,46.8810433436523,0.26203761529523306,0.08608448692026756
2020-09-09,0.06732157605493994,0.03861729633967938,-21.42857142857143,54.76744524438355,0.23083420153159592,0.25695562126877086
2020-09-10,-0.031714808348285106,0.0339893406947914,-21.42857142857143,50.692160493915004,0.21553069825207277,0.021100279993799043
2020-09-11,-0.011960351894537702,0.028370340628816732,-21.42857142857143,49.25097414019886,0.20013232402070955,-0.1785323902550353
2020-09-14,0.058181858884639004,0.0264260925341206,-21.42857142857143,55.761060350397415,0.18264098660208064,-0.4254783514361144
2020-09-15,0.009225215121182462,0.026316934407937056,-21.42857142857143,56.7632411202807,0.18058620307225545,-0.6019134319252468
2020-09-16,-0.036679289313304775,0.024077936807527806,-21.42857142857143,51.70190597454363,0.17767013081746175,-0.9066922486060618
2020-09-17,-0.004075180826284219,0.02102486390394453,-21.42857142857143,51.17595481417213,0.17295622445616599,-0.703366484864827
2020-09-18,-0.022004207719733215,0.01693334839708539,-21.42857142857143,48.32877595452974,0.17198840734177767,-0.6852275229054902
2020-09-21,0.026908741289630056,0.014909523335144627,-21.42857142857143,51.78380013856675,0.17300444468034148,-0.26280059557867624
2020-09-22,0.009626655049342014,0.014133516290022087,-21.42857142857143,53.02646535978036,0.17330743329046427,0.22958150835446148
2020-09-23,-0.04067168578667835,0.010665151747481814,-21.42857142857143,47.41311778273374,0.17956708748347563,0.136363922868682
2020-09-24,0.018496812481670677,0.008671896399320849,-14.285714285714286,49.90474197830492,0.18201373730766587,0.15586471563974985
2020-09-25,0.042577553511690125,0.010128411483909572,28.571428571428573,55.257234922591394,0.18188698716044632,0.41473663481671297
2020-09-28,0.01252568272188248,0.012277021391805526,28.571428571428573,56.78245778867505,0.1809470985296548,0.7143045415636647
2020-09-29,0.014633710712421255,0.014868443451491437,85.71428571428572,58.58113198029713,0.1788301047082745,0.8161394235799838
2020-09-30,0.023042127161447823,0.01828484353113055,92.85714285714286,61.34882080980433,0.1712610613866767,0.9691500740753197
2020-10-01,0.006208235367403336,0.021378033557884545,100.0,62.10057432883387,0.14210687590811613,0.9554625385310868
2020-10-02,-0.040563230611726286,0.02127333961439018,57.142857142857146,54.58407549473105,0.1426581772976654,0.6304972510420426
2020-10-05,0.04442183796094157,0.02277277287910677,57.142857142857146,60.05485275204582,0.1562714856221224,0.6730895471982348
2020-10-06,0.006890139699111231,0.024775850320341377,78.57142857142857,60.87702882613565,0.15753504629174925,0.3534887816161927
2020-10-07,0.016561600736248128,0.027057988904379934,78.57142857142857,62.86898023077787,0.17420550193869036,0.15128341899872913
2020-10-08,-0.008969321485754689,0.028393045327907904,78.57142857142857,61.02675448341355,0.17920653594155195,-0.03424200166981926
2020-10-09,-0.00549193874493803,0.02864279932151293,78.57142857142857,59.88011489226781,0.17626086889475864,-0.06645239780688482
2020-10-12,0.033659762573396756,0.030062432507008165,85.71428571428572,64.28500977868086,0.19142341430410945,0.0166869469237838
2020-10-13,0.0015639553815385288,0.03163812776771882,92.85714285714286,64.48668044934053,0.20439483428664912,0.11377849417295173
2020-10-14,-0.010737986112943076,0.03203629075729867,92.85714285714286,61.89827330197001,0.2062564872736727,0.10592711328575038
2020-10-15,-0.008886072513502818,0.03128322116232492,85.71428571428572,59.78273270719886,0.20250687841389778,0.18800574842296108
2020-10-16,-0.01134591363844717,0.029541759473540697,78.57142857142857,57.122100282319586,0.187467000871533,0.10064769144674728
2020-10-19,-0.022716540096093918,0.026345771655864905,71.42857142857143,52.172370946885636,0.17653414294016614,-0.05545599527836132
2020-10-20,0.010946380085499197,0.023618235597750836,50.0,54.18568733824325,0.16696918195519342,-0.12795559148775082
2020-10-21,-0.008849175076006466,0.020914785673590827,50.0,52.249873934819746,0.13712213878943078,-0.23955518324729608
2020-10-22,-0.012107318266331935,0.01764090113620006,50.0,49.658998892450754,0.10996575228382248,-0.3241761380916349
2020-10-23,0.017157954023840016,0.015772139281750794,42.85714285714286,53.160734026055636,0.09724695907013063,-0.1945258945557598
2020-10-26,-0.033038118805908456,0.012126532073892693,-64.28571428571429,46.35901702605539,0.0944403724861263,-0.27800538885338993
2020-10-27,0.01944256007242995,0.010065169993840896,-64.28571428571429,50.259096318659424,0.09149225197170482,-0.18392563135086593
2020-10-28,-0.05745812411854945,0.004172847654519324,-78.57142857142857,40.6660929717905,0.11378635340477924,-0.3691104515560203
2020-10-29,0.031440729424193625,0.0014893424808320632,-78.57142857142857,46.353423167178406,0.12063828021199996,-0.3709696350823323
2020-10-30,-0.03762290032094118,-0.0036697586858717222,-92.85714285714286,41.11506599329965,0.1351363806036618,-0.4193571950400053
2020-11-02,0.0037298597708899095,-0.007390481815409772,-92.85714285714286,41.79095281915835,0.15007953626241116,-0.44636018821411816
2020-11-03,0.034874604924951313,-0.007198959746014207,-85.71428571428572,47.84173157528365,0.15323509590829543,-0.2854863267287827
2020-11-04,0.059507034136535575,-0.0022793578520600363,-71.42857142857143,56.45040653496481,0.15141797146307626,0.08535961507755711
2020-11-05,0.026514554073503893,0.003311542260601896,28.571428571428573,59.82179091000559,0.15589200306386633,0.2322481793890202
2020-11-06,0.02838994806690387,0.009600187877282833,35.714285714285715,63.19441512003685,0.16922180064202189,0.5660989197372676
2020-11-09,-0.06395063355895236,0.010029316344320914,42.85714285714286,52.252211035830854,0.16328157686374092,0.18709802224962127
2020-11-10,-0.06314762857322143,0.0050167439173082334,42.85714285714286,44.570329762496364,0.16276304784524837,-0.36043363610243573
2020-11-11,0.05074367418900927,0.004330865857792246,42.85714285714286,50.473450891406266,0.1568265298753012,-0.24842746339629615
2020-11-12,0.0028880661069428104,0.004152353101449247,42.85714285714286,50.81082799043144,0.15233386426187248,-0.29578324891336666
2020-11-13,-0.01187135885128121,0.003064318413934565,42.85714285714286,49.3193217435646,0.14972820514057197,-0.3584351661970869
2020-11-16,0.016413480384733337,0.0033915344578439865,42.85714285714286,51.41752176754809,0.14979941358769638,-0.1862324721102476
2020-11-17,-0.006881368895207851,0.0031205523606366073,42.85714285714286,50.458847532365425,0.14866778071128284,-0.15655852680246743
2020-11-18,0.0004843591292909011,0.002891508636764277,42.85714285714286,50.528285234664125,0.14832044713308135,-0.05213192374173859
2020-11-19,0.0008565721490663147,0.00274626855032373,42.85714285714286,50.660056080714035,0.14842568496300576,0.376054464497739
2020-11-20,-0.026227300752376448,0.000524673227739514,35.714285714285715,46.56666116189741,0.14853604992716335,0.24513748971710275
2020-11-23,0.003992296891318636,-0.0009575270188548065,28.571428571428573,47.247079484629275,0.148543386900379,0.06610944796868774
2020-11-24,-0.013869933913359,-0.0032578683398207507,-7.142857142857143,45.09026353461896,0.15047581849399744,-0.1614270907814586
2020-11-25,0.021377280235948426,-0.003237923684280555,-7.142857142857143,48.90785291772938,0.14307803833071564,-0.0716840868819344
2020-11-27,0.0020024140834089543,-0.003072930740883832,-7.142857142857143,49.27123745259224,0.14154778704851334,-0.06416045255410897
2020-11-30,0.010575721812428052,-0.002048402593685486,-7.142857142857143,51.24738680589612,0.1299455235138839,0.1915297857477841
2020-12-01,-0.0008580276240247597,-0.0013171380689464968,14.285714285714286,51.071719568189685,0.11751178222017804,0.2991720540614775
2020-12-02,0.01153846594531971,0.0001904284798704206,-57.142857142857146,53.383859177677465,0.11426201066645472,0.41948929096865945
2020-12-03,-0.010671788230173451,0.0005117798528326228,-57.142857142857146,50.95769552506789,0.11193554977965635,0.32507540644985283
2020-12-04,0.012111804597917608,0.001701682653282708,35.714285714285715,53.512418494725466,0.10092817212640355,0.438636411975886
2020-12-07,0.0035773046578631007,0.002894363618416611,57.142857142857146,54.27915725152973,0.06449305187147611,0.4289569378755654
2020-12-08,-0.018869369415701276,0.0023394637945859755,57.142857142857146,49.614143426877035,0.06158245043325548,0.24691752231016992
2020-12-09,-0.03140454861885256,-0.0006925139029223817,-14.285714285714286,43.10017617530213,0.05539177269241707,-0.1321673983577666
2020-12-10,0.003209732761966233,-0.002854322564148894,-21.42857142857143,43.885624531120015,0.06012874386460939,-0.2554375239399073
2020-12-11,0.0031603724994979654,-0.00425170886137622,-28.571428571428573,44.69769877384198,0.06258751962512867,-0.10428052198178772
2020-12-14,0.022707480838431326,-0.0034161253412200825,-28.571428571428573,50.282602867512885,0.06259024903022099,0.09103370701141468
2020-12-15,0.0038886134242299697,-0.002476663771302609,-28.571428571428573,51.21188688741959,0.0610348872419482,0.21144053442742955
2020-12-16,-0.008832080128573172,-0.0024489443368389775,-28.571428571428573,48.96458901880787,0.06046264346556029,0.0862281524262187
2020-12-17,0.007456946330747449,-0.001773943779093848,-28.571428571428573,50.90613217678936,0.05981470380308161,0.16646057068480813
2020-12-18,-0.005190294015110397,-0.001661748472909116,-28.571428571428573,49.484501604113184,0.058805724140994976,0.2509742736019327
2020-12-21,0.004539164249477201,-0.0011802018352902483,-28.571428571428573,50.77255129344377,0.05748934876894434,0.5051143110591343
2020-12-22,-0.004050365951530632,-0.0011230098432749632,-28.571428571428573,49.5528690477465,0.056603542476402806,0.6964553617235403
2020-12-23,-0.020258460402924006,-0.0027330703454946665,-28.571428571428573,43.89599111556983,0.05521881859406186,0.5533544126696834
2020-12-24,-0.0011914957707795937,-0.004045042415786729,-28.571428571428573,43.58721097764134,0.058502233389592276,0.397992722117221
2020-12-28,-0.007214898524213198,-0.005640532354371201,-100.0,41.6776549336617,0.06363031101745267,0.2747657504335702
2020-12-29,0.003352626833691863,-0.00651396403245269,-92.85714285714286,42.920027933408576,0.06622101466916351,0.1764697798627041
2020-12-30,0.0156450821880616,-0.005800027235974378,-57.142857142857146,48.45637022247535,0.06569606634957019,0.272597497548433
2020-12-31,-0.006903234759203181,-0.005844222555008265,-57.142857142857146,46.289546630948855,0.06286797449551082,0.3327633495092411
2021-01-04,0.004480904225546034,-0.005399016560854841,28.571428571428573,47.90667329652526,0.061655846177390956,-0.052230042786567524
2021-01-05,0.022209985315712055,-0.0031670304410620206,28.571428571428573,55.14739520580966,0.05816434039272911,0.0998890022789774
2021-01-06,-0.058952961074343446,-0.0065639004935710964,-14.285714285714286,39.218832458297776,0.06170177357582953,-0.482998179490379
2021-01-07,0.057830406079316,-0.004142222143544079,-14.285714285714286,52.77823214704588,0.061604700988255635,-0.19926507968735674
2021-01-08,-0.005040017924789031,-0.0028954802899701687,-14.285714285714286,51.634593674397955,0.06064057464177703,0.014827183487391933
2021-01-11,0.025966431743939422,0.00019702821166292655,21.42857142857143,56.80195148821212,0.06681376489080414,0.018378445527851717
2021-01-12,-0.010039008804373917,0.0017772829526398256,21.42857142857143,54.32274992311093,0.06857197752688493,-0.0866282372848154
2021-01-13,0.003485408911045207,0.0032602300149735756,21.42857142857143,55.04894637699655,0.0716141619366678,-0.06925317636671345
2021-01-14,-0.024498085397491542,0.0024966662578095925,21.42857142857143,49.11745160254178,0.07092419272674583,-0.3489572967361087
2021-01-15,-0.02581365498886201,-0.00026008951782600763,21.42857142857143,43.883318424452824,0.0745301877079192,-0.7351860942651663
2021-01-19,0.012889192364345492,-0.001422278691521121,21.42857142857143,46.850285999487504,0.0745209002345855,-0.707487854184239
2021-01-20,0.02614155509900451,-0.0002278869797757991,21.42857142857143,52.41615161259521,0.07533775860985571,-0.43705095590500975
2021-01-21,0.0375398513211862,0.003543701033585011,71.42857142857143,59.19690538737957,0.08760610501239685,-0.040421103302669015
2021-01-22,-0.01117713569497858,0.0056230308636735825,71.42857142857143,56.51755670330881,0.09366547689414806,0.06669595579916872
2021-01-25,-0.004320716615251685,0.006841560184011736,71.42857142857143,55.483784733403766,0.09627215386638782,0.22332218684734018
2021-01-26,-0.015967005818157798,0.006529702886904039,71.42857142857143,51.734137255016975,0.09501778420807207,0.14968489552064818
2021-01-27,-0.03851799761665198,0.0031735610953813353,71.42857142857143,44.112914194943755,0.09469787738623504,-0.07837627312724638
2021-01-28,0.010315214185862898,0.0011143635394687773,-28.571428571428573,46.30628134872825,0.09318136684591938,-0.2992058263955561
2021-01-29,-0.004693151851476007,-0.0008647219618570676,-28.571428571428573,45.423788575151306,0.09483510314854367,-0.5506682895939639
2021-02-01,0.019034325191030543,-0.0008744967835425905,-28.571428571428573,49.59941274067086,0.09358974493731224,-0.40609458707846374
2021-02-02,0.024155597973055665,0.0010175194850405738,-28.571428571428573,54.452684473725874,0.09426025410731195,-0.08906415233736632
2021-02-03,-0.001936244570818424,0.0023221509581669354,-28.571428571428573,53.99303181924506,0.0951568250537256,-0.21047453208588274
2021-02-04,0.009885127406120464,0.004064665726026289,-28.571428571428573,56.02976567973492,0.08424758232032956,-0.024773008929866742
2021-02-05,-0.005360914856883503,0.005000527404288847,-28.571428571428573,54.60399913972825,0.08540771450493406,-0.048176835918411556
2021-02-08,0.062376124563788826,0.010011026253305234,57.142857142857146,65.53457291895303,0.10893367383356645,0.3884351714505354
2021-02-09,-0.012154815708625977,0.013243936078306836,64.28571428571429,62.19585460516347,0.12075378701198561,0.2762399786376945
2021-02-10,0.03512507002996901,0.017709363757575456,71.42857142857143,67.31502773240464,0.1463430725495583,0.4598721618489086
2021-02-11,0.03295127860816871,0.023221613089768563,78.57142857142857,71.36939838283904,0.18231945843468983,0.8877384118794941
2021-02-12,-0.01898262402639117,0.026711065647989567,85.71428571428572,66.11386979796094,0.19769597255066101,0.866523484794642
2021-02-16,0.024663666355640768,0.03001569796127739,92.85714285714286,69.22465530129678,0.21244592673936963,1.0312889261960723
2021-02-17,-0.027674216634106408,0.03142859455357464,92.85714285714286,62.15924274275926,0.2142340746768458,0.9187866442250732
2021-02-18,-0.00516551506949936,0.031257475488914194,71.42857142857143,60.94350765012951,0.21690608233600844,0.9546168042301455
2021-02-19,0.006574989673247877,0.030960280662489858,71.42857142857143,61.9581473563812,0.22337402636265088,0.7583795913002237
2021-02-22,-0.03823747649673659,0.02857700791414696,71.42857142857143,53.23900939336678,0.22248624063538391,0.27612171733325935
2021-02-23,-0.01488951836214547,0.024598207039172183,64.28571428571429,50.37961581305338,0.22034942438453659,0.37491704254550573
2021-02-24,0.025243861289483194,0.02231268252227121,50.0,54.75080485870549,0.21627840298301304,0.8632960679417372
2021-02-25,-0.08217782250938543,0.01545700438058777,-50.0,41.58409129604449,0.20825102298591067,0.21462151945828478
2021-02-26,0.030584316977195103,0.010464121933758294,-50.0,46.331872634405606,0.19720743165175336,0.1670429088295199
2021-03-01,0.009278255542852998,0.00746335912744223,-50.0,47.76138200766941,0.18212223315176743,0.3266256426074756
2021-03-02,-0.03146277589426605,0.0026770246111452157,-50.0,43.49163084148255,0.17855137016130765,0.11226513393805006
2021-03-03,-0.044866818959646726,-0.0051014142537170225,-78.57142857142857,38.38726188184905,0.1959009888100001,-0.34689423854704643
2021-03-04,-0.03393293844434653,-0.014432664114775413,-85.71428571428572,35.17564832456002,0.2241066634117474,-0.6799767030738307
2021-03-05,0.007376608111727245,-0.02069748487862518,-92.85714285714286,36.37946584280107,0.24708348209429876,-0.3439014452895194
2021-03-08,-0.06967470496396555,-0.033333339431572705,-100.0,30.56351476064855,0.29292610323413576,-0.6348972732464442
2021-03-09,0.08033321942022065,-0.03261081771311282,-92.85714285714286,41.38764785057192,0.3075165798681907,-0.38373337910575295
2021-03-10,-0.004153284159795989,-0.03408796631010905,-78.57142857142857,41.0031784285688,0.3213905868733178,-0.5641513931191384
2021-03-11,0.04212684682751511,-0.030120810565893417,-78.57142857142857,46.417663874900335,0.3210818988015648,-0.42204686273700553
2021-03-12,-0.010582086672708213,-0.02889895469285095,-71.42857142857143,45.24699007609544,0.3115438631037691,-0.15914578715064776
2021-03-15,0.02607712006995877,-0.02463723635427545,-57.142857142857146,48.64766838261747,0.30082784185659567,0.14139951365460235
2021-03-16,0.00758075129164415,-0.020830298560126238,-57.142857142857146,49.65218128900479,0.27705459120744047,0.22279822243581768
2021-03-17,0.003762182374353662,-0.017389959224143253,-50.0,50.17700963773449,0.2594124607789003,0.34419604326036174
2021-03-18,-0.04637875446504147,-0.019145189034119995,-35.714285714285715,44.0570718851879,0.2431017270647219,0.1151384589533419
2021-03-19,0.009687629150876731,-0.018685743199163756,-35.714285714285715,45.483433845431634,0.2158717750635486,0.1410948762580313
2021-03-22,0.02650664568383032,-0.015725434979914587,-28.571428571428573,49.32729447754104,0.19945408308452015,0.17427380549366975
2021-03-23,-0.008759084834421782,-0.01443005477584277,42.85714285714286,48.08869041915205,0.18580660016024972,0.04404446818604061
2021-03-24,-0.03272571048178741,-0.016285389740496974,42.85714285714286,43.711136024476154,0.15659961114468077,-0.22089790975171741
2021-03-25,-0.008522578268653325,-0.01800421603073443,42.85714285714286,42.65771393606857,0.1568641378649613,-0.2658373460762671
2021-03-26,0.024251644495435265,-0.016696500758165245,42.85714285714286,46.570021869736664,0.1461381092352025,0.037689821760016444
2021-03-29,0.008489634291470871,-0.0150109811288984,35.714285714285715,47.94149979532876,0.12878725548688086,0.25077778007086016
2021-03-30,-0.005908214092370523,-0.014184588721121038,-50.0,47.02908211596581,0.12188165686772517,0.3607952479914499
2021-03-31,0.03701907600534016,-0.009982936823066857,-50.0,53.02590247840474,0.12770590344133795,0.5112615834761537
2021-04-01,0.034723688920291096,-0.00406293498915545,35.714285714285715,58.00604765473704,0.13997363202163826,0.7085949934979667
2021-04-05,0.01272476267428857,0.0013568856336702811,42.85714285714286,59.74864470909388,0.15443421302482133,0.9124427091213861
2021-04-06,-0.009008119632355815,0.004873024448851363,50.0,57.89381948292189,0.13182991074740413,0.8594222990409777
2021-04-07,0.020344092672975655,0.00900238282796476,57.142857142857146,60.82500210284161,0.14331777684301933,0.9085615429951809
2021-04-08,0.012267139166448171,0.01302990242978166,64.28571428571429,62.55226668831837,0.1536383212051906,0.7694076567391246
2021-04-09,0.00579723531297649,0.016489216682266567,64.28571428571429,63.38398904425219,0.16943250351414615,0.8575798473258981
2021-04-12,0.0561805857970461,0.02229928994417294,78.57142857142857,70.3066426359948,0.2050626073974507,1.4014229453007543
2021-04-13,0.030935669272188715,0.02885942088272152,85.71428571428572,73.45044304047626,0.24852273429930144,2.0447096374338884
2021-04-14,-0.025670296917697843,0.0329936844130756,92.85714285714286,66.92278642097058,0.26924267138761354,1.8325075969070481
2021-04-15,0.056310081584405314,0.0376338746790797,100.0,72.5398750937324,0.30815204870815716,1.9512489288643926
2021-04-16,-0.013927587849527301,0.04168806288034108,92.85714285714286,69.23195641180023,0.32325586651577803,1.6690579449186722
2021-04-19,-0.0346110579829888,0.0426894148687361,85.71428571428572,61.79548019948543,0.3231954038542017,1.1945223172520703
2021-04-20,-0.012400922123529168,0.04133988519420842,78.57142857142857,59.418064122152316,0.32221227256901075,0.8310764682597854
2021-04-21,0.012474271298299477,0.03988899322541671,71.42857142857143,61.02238171562622,0.31912771490227476,0.8245602707274479
2021-04-22,-0.033218337167925105,0.037285390742478934,64.28571428571429,54.73909884000094,0.3001359854003927,0.5252656538757807
2021-04-23,0.027945583951934916,0.03499805117151807,42.85714285714286,58.48337511517974,0.2768299673976006,0.508266360996655
2021-04-26,0.013936869276565345,0.034235927990813333,42.85714285714286,60.29671005896029,0.2579381233841844,0.6530054331999032
2021-04-27,-0.006218558338042635,0.03333680738724426,42.85714285714286,59.04031918696474,0.23532793627923035,0.518334594898507
2021-04-28,-0.00682613354242434,0.031756858954478204,21.42857142857143,57.62961007966354,0.20258494332560703,0.2867678381670597
2021-04-29,0.003141928031914265,0.030133552459675906,21.42857142857143,58.12222077388217,0.17815090050706706,0.23454117334878613
2021-04-30,-0.02057145193994747,0.027521384780538345,21.42857142857143,53.70572576746396,0.16178032406254825,-0.001732331326467394
2021-05-03,-0.011509249562095203,0.024023688194464987,-35.714285714285715,51.400861039546484,0.1482714124843756,-0.2675786149476409
2021-05-04,-0.03272282114603964,0.018762078229474802,-92.85714285714286,45.49179372048268,0.13575735781839754,-0.31137246108754657
2021-05-05,0.007473135905974093,0.014278618631712292,-92.85714285714286,46.94283689716263,0.12860434449992067,-0.499514961580135
2021-05-06,0.004461225736882568,0.011018977927539928,-85.71428571428572,47.84214324387821,0.12433250375075094,-0.39017368168721966
2021-05-07,0.019916674705529935,0.009783187826820321,-78.57142857142857,51.78848677072533,0.11744478547165862,-0.32535691845333264
2021-05-10,-0.03689523263629879,0.006155989137896728,-35.714285714285715,44.87934011328484,0.1290925272108046,-0.537003349732851
2021-05-11,0.002839037807667477,0.0031678638153255,-71.42857142857143,45.46005773249991,0.1337029356868805,-0.3214411003697016
2021-05-12,-0.03828753172190824,-0.002339558885852319,-78.57142857142857,39.412419548820786,0.1536091601441576,-0.4601297036662389
2021-05-13,-0.006777457989044611,-0.007316882094033734,-85.71428571428572,38.47407275601604,0.15655407310772848,-0.5778429781356345
2021-05-14,0.042278657157278854,-0.007433661612105322,-85.71428571428572,46.90825327921474,0.14737555456313045,-0.38504779708380193
2021-05-17,-0.0054413050735682145,-0.008151395239726605,-85.71428571428572,45.99735886412672,0.1477198690309235,-0.0487843607352497
2021-05-18,-0.010571440361455298,-0.0095330485474291,-78.57142857142857,44.21089484604172,0.15125126701586764,-0.09011999964519377
2021-05-19,0.0035672975300895526,-0.010118002049788046,-71.42857142857143,44.97925029584035,0.14940481429954855,0.2413409833778646
2021-05-20,0.038871062966511216,-0.007110331531349343,-64.28571428571429,52.65780432881615,0.1487199380165538,0.5688152701022885
2021-05-21,0.025953872984466386,-0.0028257412750144826,-57.142857142857146,57.127275262793034,0.14504389323800643,0.41783612323556235
2021-05-24,0.041372778665653476,0.0035748972217496673,50.0,63.23967920864312,0.14829259226263714,0.6397076972152024
2021-05-25,0.002289900817408652,0.00862386906251592,57.142857142857146,63.56213984987327,0.15426210348360236,0.6766847941983525
2021-05-26,0.003339155390755355,0.012711662679422314,57.142857142857146,64.05838131276897,0.1628459150940211,0.6616255478793112
2021-05-27,-0.01350321247109565,0.014916211390095644,57.142857142857146,60.460515628469466,0.16566963411757576,0.10663510531767803
2021-05-28,0.04884427112493417,0.01929125531920988,78.57142857142857,67.47961718201113,0.1899932523267546,0.4686258472536158
2021-06-01,0.0012311217188276657,0.023113142300283517,85.71428571428572,67.64314808665314,0.2107568913882962,0.8033025599337031
2021-06-02,0.031587077981416245,0.027513384621639683,92.85714285714286,71.59472685429255,0.23822727009800382,1.186548928351522
2021-06-03,0.011413663841950195,0.031749916767467794,100.0,72.92219480038358,0.26372768609228403,1.278325503085346
2021-06-04,0.03585821692829838,0.036502154354794834,78.57142857142857,76.65545010355655,0.29789862310774734,1.5747683443215732
2021-06-07,0.0023179413017890838,0.04076096977502291,85.71428571428572,76.885256468299,0.325642781240872,1.7097483159496545
2021-06-08,-0.009194303784800795,0.043364530447437856,85.71428571428572,73.77571345448452,0.33788082048688073,1.6430668610783614
2021-06-09,-0.005429114929769607,0.04442190741852821,85.71428571428572,71.94246149092703,0.343411536926558,1.329266534768879
2021-06-10,0.0038453662927748766,0.04469353257538181,78.57142857142857,72.46159214374227,0.33558642160810437,1.2259629398765133
2021-06-11,0.022969961351657187,0.045321660598445314,100.0,75.40075067307612,0.3251850520959466,1.2397543389767538
2021-06-14,0.010855491827799435,0.0464453383474094,100.0,76.6957120801929,0.3226343174096075,1.3663542853245945
2021-06-15,-0.012778594989392156,0.046755841879100486,78.57142857142857,71.84883442318456,0.30856549876704614,1.179386982264597
2021-06-16,0.001223103570105133,0.0460365292015537,78.57142857142857,72.02871438067389,0.28420128887571644,1.0616495574743237
2021-06-17,0.047556808065311706,0.046571973490159485,100.0,77.93865794016523,0.2652479327297613,1.3025778654395737
2021-06-18,-0.0009916648189342014,0.04806673727926999,100.0,77.5531928402103,0.2504834970507404,0.6032248290919004
2021-06-21,-0.01134761688634467,0.04829668895074432,92.85714285714286,73.10220729108507,0.23364066008849435,0.6193999004955506
2021-06-22,0.024936048948536627,0.048279514757731117,85.71428571428572,76.28643830630897,0.23151694368649556,0.8630661547890844
2021-06-23,0.00902724924403464,0.04891502562826768,78.57142857142857,77.35751662202858,0.22683941099992122,0.9382196171907863
2021-06-24,0.007779676379699785,0.049429957016712996,100.0,78.27637871954643,0.21913147081997314,0.818093444229275
2021-06-25,-0.00908593794193957,0.04928896595933027,71.42857142857143,74.44696917331109,0.19516344216162965,0.6187162226347074
2021-06-28,0.05012867213976335,0.04976587724043366,85.71428571428572,80.16115728708122,0.2010137050189315,0.72866992655315
2021-06-29,0.002089144034832291,0.0514749074371059,92.85714285714286,80.36806873586347,0.1994703226673662,0.8723424640691075
2021-06-30,-0.0012111674634438518,0.052275265989229644,100.0,79.84704931462788,0.20084504042185636,0.830942764113503
2021-07-01,0.010473655170299967,0.052542882409200097,100.0,80.99317536719714,0.2035922094773864,0.6976340839751581
2021-07-02,0.01360581621577972,0.0529433183222644,85.71428571428572,82.4075247301668,0.2150467214312697,0.7717059202602645
2021-07-06,0.010323791427670148,0.053477744502225956,92.85714285714286,83.42885908533549,0.22544401641407802,0.8696538906574919
2021-07-07,-0.015786372057828957,0.05329286384515487,100.0,76.08030936241907,0.22341333895493967,0.590013220330111
2021-07-08,-0.023021929185144785,0.05121112539659618,92.85714285714286,66.96324056303635,0.21089804602515655,0.394159086073072
2021-07-09,0.007410864659924021,0.04824626342441319,78.57142857142857,68.25178369423949,0.19688782405448466,0.4460143628669574
2021-07-12,0.023054788917600932,0.04643723507042695,78.57142857142857,71.94492958675126,0.1910121713789396,0.6314870233147146
2021-07-13,-0.012797362529540113,0.044896214035871955,71.42857142857143,67.16662778512489,0.18209802964417215,0.6186458824121055
2021-07-14,-0.020172669336763094,0.04194246420442542,50.0,60.43952150125137,0.16284466395311342,0.3538912370177632
2021-07-15,-0.044111783289868756,0.036518101504469325,-42.85714285714286,49.09391134158671,0.14287436532480863,-0.09811258164713021
2021-07-16,-0.042457246746655075,0.028143636147828523,-50.0,41.39478457520424,0.1517109888654332,-0.6846770642471773
2021-07-19,0.034070297129149774,0.02196269512236117,-57.142857142857146,48.126508096820814,0.1498530781089936,-0.5602689578532205
2021-07-20,-0.00893257608437914,0.01703588792739402,-57.142857142857146,46.56485763679131,0.14687284792808303,-0.36358640304491324
2021-07-21,0.042875704570412676,0.015578948044093861,-57.142857142857146,54.18148819967309,0.1428186815846269,-0.06104192621713568
2021-07-22,0.009479450085873475,0.015418710706925907,-57.142857142857146,55.74773616914398,0.13975775092550063,0.07753677644894644
2021-07-23,-0.0018372694428784309,0.015113278277871548,-57.142857142857146,55.349076962365416,0.13789805356751914,0.18023671729573176
2021-07-26,-0.013498141567318211,0.013788862050997074,-57.142857142857146,52.39029755446487,0.13556662380371287,0.27468825793125856
2021-07-27,-0.0044574306632380045,0.012130551656003425,-57.142857142857146,51.42585375784703,0.13724037700934047,0.2997978338219803
2021-07-28,0.015357928710130198,0.01169029068020503,-35.714285714285715,54.518654445146744,0.13678297989853175,0.36690992122564536
2021-07-29,0.008152633906338913,0.011909149698182858,-35.714285714285715,56.13967220000556,0.13602281898995852,0.4026784865385469
2021-07-30,-0.008289891968383256,0.011452609225110212,-35.714285714285715,54.01434649129557,0.13386021218045607,0.44005545447229544
2021-08-02,0.012872445110119868,0.011761868798150638,-28.571428571428573,56.73088129605964,0.12802473279796855,0.4875925838288357
2021-08-03,0.0032912078647486798,0.012206534560292307,-21.42857142857143,57.43218792338565,0.11781719863859738,0.514935668326348
2021-08-04,0.023164206422620515,0.013970289314629356,85.71428571428572,62.103154488969416,0.11646754400663818,0.6574027693226681
2021-08-05,0.017904748691420114,0.016541585021939358,92.85714285714286,65.34213313279646,0.12538243029155163,0.753614584953614
2021-08-06,-0.01313174970068387,0.017745636306532836,92.85714285714286,61.140843345509296,0.12855749126352092,0.7094594606290572
2021-08-09,-0.0034862330252531937,0.01809929499822692,85.71428571428572,60.05143574167213,0.12568399096912808,0.607984449175668
2021-08-10,-0.01768918425936228,0.017011291468041458,50.0,54.74032086029167,0.12300238187061105,0.41036373660265135
2021-08-11,-0.01188789425840675,0.014938920406515198,50.0,51.5020192626379,0.1225231946975068,0.26591296254897906
2021-08-12,0.010457310614321091,0.01367586513282887,50.0,54.04669631122202,0.1199889494583177,0.2419882835934643
2021-08-13,0.014217456544615814,0.01359247587680368,50.0,57.35695390862532,0.10142790331359032,0.37531979015751815
2021-08-16,-0.011788856015517046,0.012732118395606415,50.0,53.84418653500309,0.09210152168694098,0.4402067595981758
2021-08-17,-0.024662009918704153,0.010066840851850403,42.85714285714286,47.38346055042962,0.07666829250529458,0.3835534445165565
2021-08-18,-0.02148188682556207,0.006027534996540262,-64.28571428571429,42.696234905633226,0.08212794732307149,0.05517055531673858
2021-08-19,0.03981063744418911,0.005574836437162725,-71.42857142857143,51.97404278872312,0.08162421404075573,0.07349082465073149
2021-08-20,0.05141934507310508,0.008977636011012133,7.142857142857143,61.08638708557391,0.09207550793141175,0.6817441471862863
2021-08-23,0.0548619116160336,0.015292418755313652,14.285714285714286,68.34293110996715,0.12603278950573282,1.3704593855857476
2021-08-24,-0.0075146084420930626,0.019982143744503487,14.285714285714286,66.41578214545473,0.14233622254026806,1.5971725741746072
2021-08-25,0.019272451101207455,0.024405055219313094,28.571428571428573,68.8254711006835,0.16463740835063292,1.6573754781431855
2021-08-26,-0.006527705115935256,0.027547286324991264,28.571428571428573,67.03717272186348,0.17862917786980886,1.58275035796573
2021-08-27,0.025738502867879598,0.030829298183902114,42.85714285714286,70.2933474746787,0.19687701581380423,1.667897008460854
2021-08-30,0.002297087370751294,0.03369674856698434,50.0,70.57985996466084,0.21209125085709304,1.4800985631188055
2021-08-31,-0.013180873949911964,0.035024867313537184,50.0,66.60134767240497,0.2187745231514302,1.2322217717173434
2021-09-01,0.0025016429574997723,0.03542458321985223,50.0,66.97680651886152,0.22657527947558448,0.907648667180453
2021-09-02,-0.0020051302924922743,0.035313383138229015,50.0,66.33153794545196,0.23343254720463094,0.6215335809200185
2021-09-03,0.019958745863295047,0.03564871310681836,50.0,69.47741031211612,0.24223415758103076,0.6469693912361166
2021-09-07,-0.00792357061609017,0.03569735027136884,50.0,66.75739002600068,0.24597763277848317,0.5416579921949195
2021-09-08,-0.014252815379288353,0.03445974852013942,50.0,62.08614391118933,0.2417235343447699,0.4918584652374064
2021-09-09,-0.007251959164411015,0.03234911792689978,50.0,59.82503600600558,0.2314491995534424,0.24788339238298818
2021-09-10,0.013572390401366485,0.030794362374611813,42.85714285714286,62.55375955106586,0.22305973009995564,0.17344699977116068
2021-09-13,-0.014502784561908899,0.028825836368527105,35.714285714285715,57.9619728226926,0.21447539217611247,-0.034413745473192356
2021-09-14,0.004062578725651411,0.026815133443613703,28.571428571428573,58.859784669635516,0.20077005089434902,-0.12413415474504944
2021-09-15,0.0044511340366020224,0.025268194369580804,21.42857142857143,59.87503244486033,0.1737767881318655,0.01818931527623655
2021-09-16,-0.004431409240103212,0.023612481784905544,14.285714285714286,58.324985648121256,0.12236916506734376,0.2242610945878169
2021-09-17,-0.015376128061188044,0.02105522591227131,-92.85714285714286,53.20130199649876,0.07564753983860813,0.038181237213769446
2021-09-20,-0.03593622461052326,0.01623972164029564,-100.0,43.689815717612845,0.06685277584890571,0.02857652476039388
2021-09-21,0.006299389787446152,0.012093247086690125,-71.42857142857143,45.464265734649814,0.0770702189195334,0.07974277950235162
2021-09-22,0.03271220090866045,0.011034960464177668,-71.42857142857143,53.67874945286839,0.075900606003024,0.3808016204642241
2021-09-23,0.024657123513418977,0.012050018009714801,-71.42857142857143,58.871936942390214,0.07651675981597382,0.6989990974379948
2021-09-24,-0.017836784656280136,0.011701861447465276,-71.42857142857143,54.03606443204695,0.07645461899844563,0.8886147015212389
2021-09-27,-0.01906596839814978,0.009790005213676137,-35.714285714285715,49.444166499950555,0.0780220191086956,0.9931638700443877
2021-09-28,-0.044367558946670216,0.004670264239441094,-78.57142857142857,40.90010949599991,0.09521128649760541,0.607559713667351
2021-09-29,-0.008792790731617428,-0.0004556863393044358,-85.71428571428572,39.50769808684276,0.11316755484923542,0.20607272940126564
2021-09-30,0.009699388700501688,-0.0036894838957588134,-85.71428571428572,41.83922302187498,0.12275704634979423,-0.18226009884515104
2021-10-01,0.0012551878338242783,-0.0060767138111830835,-100.0,42.15295749918738,0.12982841123502362,-0.16559892980682006
2021-10-04,-0.04869349060791395,-0.012368048536274979,-50.0,34.392498270824696,0.14835279156047243,-0.41358636280642913
2021-10-05,0.036438465089658756,-0.013513339059847012,-50.0,42.50711138937748,0.15066976897061787,-0.3158789291130352
2021-10-06,0.01217523198869297,-0.013462176968415784,-50.0,45.04217706423883,0.15128352567641176,0.11054104974932541
2021-10-07,0.01811586490541095,-0.011738242136428748,-50.0,48.71017056789823,0.14946663200959362,0.14345598814410426
2021-10-08,-0.011577673311719994,-0.011498182489929286,-50.0,46.533901404197586,0.144741406760138,0.0005502278321433497
2021-10-11,-0.0065286865834984775,-0.011668331197415139,-50.0,45.31855311658796,0.14315066260962334,-0.1314375548591752
2021-10-12,-0.001159817672848118,-0.011715574667649742,-50.0,45.09470125075871,0.13922037882904695,-0.27527476662491307
2021-10-13,0.012964930313916767,-0.010438883905847653,-50.0,48.17294072722848,0.1306945219245899,-0.15783801051763344
2021-10-14,0.03854071067106335,-0.006126551933356691,-42.85714285714286,56.146015365947456,0.12467432215201847,0.22372800409954222
2021-10-15,0.005334339984336189,-0.002542543799289393,64.28571428571429,57.166076731653234,0.12425464165730583,0.5045649777421798
2021-10-18,0.016466929046022205,0.0015569093033710381,71.42857142857143,60.25579034979916,0.13236107610167244,0.7828564978952403
2021-10-19,0.003060095759893189,0.004947687712335324,78.57142857142857,60.83053945353498,0.14011120574782202,0.9323060935870701
2021-10-20,-0.008389504443137907,0.006940597855666668,85.71428571428572,58.33234190203657,0.14172477127462632,0.8277107295185455
2021-10-21,0.026647754456763595,0.010242899907840849,92.85714285714286,63.42700782949905,0.1452203530910821,0.9480323652178428
2021-10-22,0.0014985265052191998,0.012954716719070848,100.0,63.702937280718096,0.15391335220424773,0.7658510351826182
2021-10-25,0.019361075652217785,0.01617504225238838,100.0,67.15592224185856,0.1716532384279856,0.7414559678862901
2021-10-26,0.06695150687283236,0.022538415310528904,100.0,75.87003979400274,0.21599446483195361,0.7567398489449747
2021-10-27,-0.010761744033753518,0.027499793872564928,78.57142857142857,72.32589212715166,0.23922187323575056,0.5091916688300132
2021-10-28,0.020040037138167266,0.03184194604461652,78.57142857142857,74.67296857835802,0.264816831159925,0.6548708806301973
2021-10-29,0.025099155659868755,0.03639310981269089,100.0,77.3194545329845,0.29294327564351713,0.8869996309931671
2021-11-01,0.010169501939502945,0.04055375818215341,100.0,78.33217982796144,0.30356716264975186,1.193090343686674
2021-11-02,0.022224683224829622,0.04442401891344101,100.0,80.41164201156222,0.3229866736296468,1.3328917606817325
2021-11-03,0.007461853169578703,0.04787879066189615,100.0,81.08266578540267,0.3382878210782215,1.3815823675137542
2021-11-04,0.12042257127503242,0.05346557737587637,92.85714285714286,88.17526870730869,0.40543008772969547,1.4877714949624308
2021-11-05,-0.001644275324125366,0.06123467570629386,100.0,87.63395218361387,0.4438547623881678,0.7478419476281616
2021-11-08,0.035359146118491225,0.06700614706157897,85.71428571428572,89.17100834680642,0.4801330755180807,0.6759728405503176
2021-11-09,-0.004772209018949036,0.0723674680128687,100.0,87.53371102210885,0.4957520275041861,0.3048167983028906
2021-11-10,-0.039077495598843326,0.07531742460685403,92.85714285714286,75.38564909791106,0.48793036595220296,-0.08421256083721641
2021-11-11,0.03160320394972582,0.07462719675359501,85.71428571428572,77.9470406454206,0.48966607969706394,-0.0649937467362141
2021-11-12,0.0,0.07504372214005502,78.57142857142857,77.9470406454206,0.4835886942363836,0.1246007389896059
2021-11-15,-0.012010408213554813,0.0744509516600601,71.42857142857143,74.4256134709369,0.4705744195359474,0.231021945094425
2021-11-16,0.0059283913567762525,0.0724666603524257,64.28571428571429,75.01834287602286,0.452547129427434,0.36751955190313756
2021-11-17,-0.031189110033084,0.07012920060367273,57.142857142857146,66.26536716745713,0.4196670343159304,0.200530277831329
2021-11-18,0.08249895328080581,0.06674554361819832,100.0,74.48214540827149,0.40306829026201735,-0.24246095324120284
2021-11-19,0.04135739228693458,0.06800784477318568,100.0,77.6618684888443,0.38949633492792757,-0.005807411164188264
2021-11-22,-0.03119591353134543,0.0699935912823065,100.0,70.25628363874448,0.3604709461265989,-0.5056373836169001
2021-11-23,-0.006571376757835146,0.06896499067717787,92.85714285714286,68.81413999989326,0.3421449845393855,-0.5723958624686641
2021-11-24,0.029231563943405092,0.06737288235555501,85.71428571428572,71.58949961787403,0.31932345958863095,-0.26930428345707436
2021-11-26,-0.03583867404792063,0.06641356339672441,57.142857142857146,63.8657653654417,0.2865889189588523,-0.29434928017400525
2021-11-29,0.05945465435165542,0.06388746203170495,57.142857142857146,69.52865322382208,0.26785748718419755,0.05316150832485141
2021-11-30,-0.020973375001965944,0.0637645487195556,57.142857142857146,65.4032361745365,0.23705397406301298,0.22334007312503457
2021-12-01,-0.037860811085414836,0.06116480419081374,57.142857142857146,58.76677335569171,0.19965749502851315,-0.059171414736997635
2021-12-02,0.021981838832388245,0.05696636463472946,21.42857142857143,61.138958371760054,0.15546052190504553,0.0067446411764618625
2021-12-03,-0.04460557922571706,0.05285801967097837,21.42857142857143,54.17788360382582,0.1508153075451016,-0.1297971430406535
2021-12-06,-0.02137303735057916,0.04623632559881068,-64.28571428571429,51.298450734428314,0.14868489118473027,0.18554815825707857
2021-12-07,0.07956878489994645,0.04257662414210957,-64.28571428571429,59.70174392055739,0.1516017183122573,0.6614799549945789
2021-12-08,-0.018534010593192263,0.04117878316104616,-64.28571428571429,57.03659188157651,0.15086591740336275,0.7776543018239123
2021-12-09,-0.04197852367396815,0.03719717501528284,-64.28571428571429,51.529657290176125,0.14263445803334968,0.45403566687708485
2021-12-10,-0.009576698083466617,0.031780501530816394,-64.28571428571429,50.38466312499502,0.14384655035972946,0.1182312172911787
2021-12-13,-0.06745489202312749,0.023067718308859637,-64.28571428571429,43.17689772460088,0.16827338682405577,-0.37690932497412566
2021-12-14,0.00624982697375609,0.014584924864588998,-78.57142857142857,43.92333536643588,0.18479637955925693,-0.322952198320692
2021-12-15,0.0748844975488745,0.012893101873131373,-78.57142857142857,52.09424984578044,0.18371776622065236,0.12479766404437867
2021-12-16,-0.06802590948133092,0.007285811071367048,-78.57142857142857,45.17283669862651,0.19294309210137842,-0.03789772211199018
2021-12-17,-0.020643257348825106,0.0004345035811328733,-78.57142857142857,43.41593860538834,0.21504632420382924,-0.4872279055583836
2021-12-20,-0.002949373859215676,-0.005309539857625831,-100.0,43.162975152194825,0.22659241738708208,-0.6005809934389
2021-12-21,0.04891932938252208,-0.0055752252909428614,-92.85714285714286,48.50634090144314,0.22889771518932897,-0.29177117153753634
2021-12-22,0.011177912393459,-0.00496665446496555,-85.71428571428572,49.72626194363628,0.22913230053787836,0.030057135242205088
2021-12-23,0.008163287910426975,-0.0037993224801619887,-64.28571428571429,50.655933568758606,0.2210090785660858,0.09343933233613373
2021-12-27,0.04402835195305976,0.0006123166813374384,-64.28571428571429,55.477126001630396,0.21912634530281097,0.3085676176836231
2021-12-28,-0.02013250203250727,0.002378085152724143,-64.28571428571429,52.82367867934074,0.198872476644853,0.23236093360852464
2021-12-29,-0.010586314331121005,0.0029108878542643086,-57.142857142857146,51.45800012753467,0.18368428864247835,0.1962640586331296
2021-12-30,-0.013833006482845023,0.0022021934510465823,-50.0,49.67007608820084,0.1789361533649788,-0.006899854903786326
2021-12-31,-0.0059148806985306335,0.001124672077067467,35.714285714285715,48.898539365749436,0.16620188932874003,-0.21702065417842942
2022-01-03,0.02414066399102821,0.0021316684289054626,35.714285714285715,52.14633335948445,0.16424421468719197,-0.3586028963361749
2022-01-04,-0.027588799339334558,0.0007366096610588728,35.714285714285715,48.27875513135616,0.16459513135208267,-0.4191663441558718
2022-01-05,-0.0575623160510117,-0.00530966542191138,35.714285714285715,41.54610909333025,0.1532134864361059,-0.7097502356064397
2022-01-06,0.020794139483300667,-0.008192370617408433,-50.0,44.389437519048585,0.1389403564736645,-0.5822445950523017
2022-01-07,-0.033039953632810315,-0.013524806141965428,-57.142857142857146,40.91328162214655,0.14628778453339897,-0.6685256934211328
2022-01-10,0.005615292233308589,-0.016786990147564372,-64.28571428571429,41.72099610580137,0.15102888373458756,-0.2797396658101195
2022-01-11,0.015219048611094355,-0.017726855937904216,-64.28571428571429,43.969154319008474,0.15318494650510586,0.05224002181258884
2022-01-12,0.00654278883636894,-0.017819842568723095,-64.28571428571429,44.966987358520896,0.15487036831471437,0.1350330711526871
2022-01-13,-0.05085908447695964,-0.023007157370031436,-64.28571428571429,39.099825363958026,0.1631401382547414,-0.16612136027199947
2022-01-14,0.013809946710831467,-0.024619349850091225,-64.28571428571429,41.228171849344534,0.17215180111698647,-0.15122982640566895
2022-01-18,-0.038564269231797454,-0.03008396010973115,-64.28571428571429,37.258261381364136,0.19069634232921479,-0.32475440108996295
2022-01-19,-0.032274321490657454,-0.03701814808438176,-78.57142857142857,34.38892057312785,0.2184714587877567,-0.6870081691929195
2022-01-20,-0.03658185911291134,-0.04583803094716622,-85.71428571428572,31.521375149149716,0.25562244341705875,-1.0432267168980451
2022-01-21,-0.032132510187923735,-0.05547023653373821,-92.85714285714286,29.295165303136528,0.2951871538340145,-1.4787566481257295
2022-01-24,-8.580236396571461e-05,-0.061204507473919895,-100.0,29.28940789892744,0.3243088889683057,-0.9050785436219736
2022-01-25,-0.04483980299332524,-0.07179205951812391,-92.85714285714286,26.37267408475637,0.3492033433398015,-0.7297771690254626
2022-01-26,0.020068206555431622,-0.07393330688617691,-85.71428571428572,29.60015493419229,0.3634975931316078,-0.8087635608130105
2022-01-27,-0.03636046744221544,-0.08174789558111964,-50.0,27.22482202242867,0.3834279470215366,-1.052685063353425
2022-01-28,0.04083135662712922,-0.07829893303077347,-50.0,33.44856395826861,0.3878268585767521,-0.7276581029629894
2022-01-31,0.07206621576027628,-0.06666392526465366,-50.0,43.07895882726338,0.37520428440728604,-0.1779385676808674
2022-02-01,0.006207628235727514,-0.060044289948653996,-50.0,43.8864809790329,0.34677712695123303,0.13170483428071617
2022-02-02,0.024515224064310726,-0.051283075600557025,-50.0,47.09817887976738,0.32131655959041505,0.2777209899741787
2022-02-03,-0.05126374134643208,-0.05169987769223589,-42.85714285714286,41.60425694585042,0.31532655106239826,0.1167277550007264
2022-02-04,0.015491931329092212,-0.0472976805596762,-35.714285714285715,43.634360783381965,0.29783344685356467,0.12531455835323302
2022-02-07,0.01681807759619436,-0.041881616472574115,-28.571428571428573,45.86854368347671,0.2866740921274332,0.13509871221421357
2022-02-08,0.015367189694392991,-0.03599487779311065,-21.42857142857143,47.933490146277705,0.27165785412374416,0.34227273473961844
2022-02-09,0.06360512315583611,-0.02481679018155158,85.71428571428572,55.599244518709476,0.25781311322195205,0.7227800440348816
2022-02-10,-0.03299004211838119,-0.020779898227147348,92.85714285714286,51.12721704908251,0.23126423622881093,0.5869675423069511
2022-02-11,-0.07260680587926072,-0.02427121442049932,92.85714285714286,43.16897103350429,0.21978011202350267,0.1481904038452162
2022-02-14,0.013278152467442128,-0.024076439633791104,64.28571428571429,44.74000282037046,0.19862035281388885,-0.06307313986341449
2022-02-15,0.09181203529498605,-0.015180830374359825,64.28571428571429,54.276960799226195,0.20607161432651894,0.26137886012223244
2022-02-16,0.0006036818083561268,-0.009570642941459833,64.28571428571429,54.33788587252896,0.2190042054216711,0.7444177037274675
2022-02-17,-0.07559121511776645,-0.012011324601926061,64.28571428571429,46.057164284572146,0.2187773368919416,0.5829949625185656
2022-02-18,-0.035296066178795216,-0.016574140766829826,57.142857142857146,43.01037512259015,0.2172233366526793,0.27397571776391183
2022-02-22,-0.010658973061172916,-0.020686594657159673,-50.0,42.13586485733207,0.21710367922434493,0.028965029557089166
2022-02-23,-0.042881662107046914,-0.028161318902880674,-57.142857142857146,38.75801632659419,0.21628234051900538,-0.3661379156371141
2022-02-24,0.06079431897853316,-0.026509218172530758,-64.28571428571429,45.17999736162613,0.20876940880079015,-0.08744374844767747
2022-02-25,0.01722253684128261,-0.024383391846945806,-64.28571428571429,46.979344089917966,0.18637730564413837,0.2829123678658542
2022-02-28,0.00943817608894415,-0.021832665860372816,-64.28571428571429,48.003905839674225,0.1748165488326965,0.5204431108529465
2022-03-01,-0.037236014735289036,-0.02361372294531504,-64.28571428571429,44.329982199537135,0.1798086007620558,0.46703601770689396
2022-03-02,0.03182397330598841,-0.02087546127747491,-64.28571428571429,47.865663628351584,0.1803563587505999,0.5384997728376508
2022-03-03,-0.020891766222999708,-0.02117170582481355,-64.28571428571429,45.746237887441374,0.1812835207402335,0.4342714598541714
2022-03-04,-0.03280783965784062,-0.024225484176178477,-35.714285714285715,42.62131820068677,0.18899128691503259,0.2919175076915889
2022-03-07,-0.06906169937779749,-0.033609646001983275,-35.714285714285715,37.06925488119896,0.21982975307683128,-0.04045167493120607
2022-03-08,0.007586935599173783,-0.03827523813691933,-92.85714285714286,37.959354387581875,0.24175616433475283,-0.17752306523816155
2022-03-09,0.06972209104047744,-0.03377590601532116,-92.85714285714286,45.6280548317193,0.24281024953711675,-0.05181206071219558
2022-03-10,-0.015468892615595586,-0.033573744629231475,-85.71428571428572,44.23067802426672,0.2261268315285404,0.18897905964711773
2022-03-11,-0.024626891849457544,-0.03545464660697,-78.57142857142857,42.05657565516459,0.22202366665746007,0.07231167716998628
2022-03-14,-0.034841618214988546,-0.04003434910049347,-42.85714285714286,39.193611864865595,0.23830736869444535,-0.1466848695088075
2022-03-15,0.07702758383709929,-0.033442773231240584,-42.85714285714286,47.418764418785756,0.23768306700753788,0.05726381612352757
2022-03-16,0.06629540028683234,-0.023306906886388007,-42.85714285714286,53.674311135278465,0.21105199082160656,0.48775254872082857
2022-03-17,0.01102202943851971,-0.01567709903193052,50.0,54.70313960730364,0.18090284784145338,0.8660946285498818
2022-03-18,0.06811773331515525,-0.004012527841181743,57.142857142857146,60.59221408778478,0.21217291594238016,1.3105071519831675
2022-03-21,0.01062248085318096,0.005181141238345697,64.28571428571429,61.490301566032834,0.24567667201043653,1.4636024163429402
2022-03-22,-0.007855039954334786,0.01175781613161827,71.42857142857143,60.38279603254928,0.2683627331222672,1.3140829834492536
2022-03-23,-0.03355457695731345,0.01455605491283811,71.42857142857143,55.79603803577009,0.27133178722488865,0.8729989977903206
2022-03-24,0.09815084984729827,0.021939051621827778,85.71428571428572,64.0985406906198,0.31151780224549747,1.0347818938571196
2022-03-25,-0.016269920941138105,0.027644621809482798,92.85714285714286,61.822234960539966,0.3362682034202868,0.9360329783119763
2022-03-28,0.01903085721019937,0.03241668881235523,92.85714285714286,63.43148424698269,0.3632085177024209,1.051796312413776
2022-03-29,0.015485887064071502,0.03685516281431008,78.57142857142857,64.7580315408065,0.38746843668482134,1.1087793651961892
2022-03-30,-0.03371015779255504,0.03892287259740328,78.57142857142857,59.610255317808544,0.39868622616236365,0.8789668641586613
2022-03-31,-0.014590362983254002,0.03848963905432807,78.57142857142857,57.54978146322555,0.4024830202396366,0.40843863433264016
2022-04-01,-0.02103633876122346,0.03634654558047631,78.57142857142857,54.659012044227104,0.3961273985027626,0.09154264680860748
2022-04-04,0.024258846492921204,0.03469870906744319,71.42857142857143,57.26857848348942,0.37225842519314084,0.0913987843195992
2022-04-05,-0.05222956759080388,0.031147025671446255,64.28571428571429,50.3821398807016,0.3406705565232629,-0.14878683081664568
2022-04-06,-0.05877121250347839,0.023185621937021936,57.142857142857146,44.26838509865914,0.3295190929435322,-0.3959582260342165
2022-04-07,-0.008153539014779887,0.014628941585894345,-50.0,43.525643085267035,0.3147349288769635,-0.4064063996577004
2022-04-08,-0.044985263456362445,0.004209757540759047,-57.142857142857146,39.60918515770254,0.30116861372149156,-0.6567556936743072
2022-04-11,-0.05199193266194979,-0.009165303519245903,-64.28571428571429,35.78204890881239,0.2906667706248507,-0.7740519448533398
2022-04-12,-0.018843516436924834,-0.02163158027439248,-71.42857142857143,34.546926126064946,0.3128217761592404,-1.0217096417394818
2022-04-13,0.03250548443659773,-0.02752639352400798,-71.42857142857143,38.421229245897344,0.3352116950174047,-0.8914999120646044
2022-04-14,-0.0425617383839646,-0.03734960188938823,-85.71428571428572,35.372821753008566,0.36974656257500105,-1.0515327511867825
2022-04-18,0.024696547804177182,-0.04068659618106542,-92.85714285714286,38.30160985530084,0.3935966803922494,-0.8962749506865554
2022-04-19,0.019051570480365765,-0.04123723335050683,-92.85714285714286,40.59343605285662,0.408144413296762,-0.5473052123391094
2022-04-20,-0.03225511716403673,-0.04584649859545287,-85.71428571428572,37.9726732993339,0.4277074247959484,-0.5305384790670119
2022-04-21,-0.0604696643355781,-0.05607293756151642,-100.0,33.719287435116534,0.4618726083212459,-0.7975151364715877
2022-04-22,-0.033096731547594294,-0.06595742337902842,-92.85714285714286,31.74982378353592,0.4837532921113035,-1.1796372539986095
2022-04-25,0.019830717527956843,-0.06850580187717907,-100.0,34.14948424058808,0.4955726659448573,-0.881588247432394
2022-04-26,-0.055974005315607145,-0.07965004276224202,-100.0,30.793180240277458,0.5066256908731834,-0.9674648937713659
2022-04-27,-0.019853007135575917,-0.08761431167268269,-100.0,29.739241004591506,0.5029807043811211,-1.1214425809496453
2022-04-28,0.07423276502037068,-0.07974991239637223,-92.85714285714286,38.1008685320407,0.4829400819303436,-0.8721454878300112
2022-04-29,-0.06243048703224918,-0.08789024439097169,-85.71428571428572,34.14706140569927,0.47034836281508496,-0.9599888269102433
2022-05-02,0.05316205437682098,-0.0805811579652215,-57.142857142857146,39.5413279308462,0.4422950446491333,-0.6133208217686614
2022-05-03,0.003532407562197859,-0.07685902131694453,-57.142857142857146,39.91225801851174,0.3816552885996392,-0.31746271963069445
2022-05-04,0.03734325873325095,-0.06777911646044195,-57.142857142857146,43.848250357034146,0.32789424625182734,0.17698103547114608
2022-05-05,-0.07327636994549147,-0.0732753329147095,-57.142857142857146,38.3425978167653,0.30512741359585527,0.1755846613461944
2022-05-06,-0.008968276706821654,-0.07392594862831121,-85.71428571428572,37.76342538040978,0.2755942263146293,0.1254640428218716
2022-05-09,-0.09236943590172753,-0.08862880060781392,-92.85714285714286,32.38599148775776,0.2880481153007748,-0.21430341798268465
2022-05-10,0.03805339072045233,-0.08690120277648582,-92.85714285714286,36.052766990674876,0.29734427553720955,-0.3390657954965761
2022-05-11,-0.054845464601071536,-0.09678627560623655,-100.0,33.155705919380196,0.32268441226828104,-0.6914933933992704
2022-05-12,-0.02736013937693127,-0.10451941593409801,-100.0,31.855912913277724,0.338256751509401,-0.7649407392389873
2022-05-13,0.09465212946511348,-0.09108224187920502,-42.85714285714286,40.33218488389107,0.3354034022135616,-0.47961320978846766
2022-05-16,-0.024963007190882847,-0.09085668431723466,-42.85714285714286,38.830505987778146,0.32402874629137873,-0.4742113074281149
2022-05-17,0.052884564183666605,-0.07939983859806726,-42.85714285714286,43.509361320984894,0.28609570798819867,-0.27492233659280757
2022-05-18,-0.0681634155240809,-0.08427638928526111,-42.85714285714286,39.134607963676245,0.2658991768522676,-0.42687937214843746
2022-05-19,0.010981414137485324,-0.08082260172263292,-42.85714285714286,40.10818364206729,0.2611729951235265,-0.5136891468158205
2022-05-20,-0.02511096442360794,-0.08197440825196985,-42.85714285714286,38.57213166951977,0.26705467898305024,-0.44359159541589116
2022-05-23,0.012220085438953365,-0.07837897260553471,-42.85714285714286,39.75102176949393,0.2611612285713789,-0.05138668269355075
2022-05-24,-0.04402882824968091,-0.0825929288422629,-42.85714285714286,36.96478165557708,0.2752166644193314,0.08621097130372476
2022-05-25,0.050823161239824444,-0.07429481690235937,-35.714285714285715,41.811640626457105,0.2785595248733345,0.4436055774662613
2022-05-26,0.051605289419187184,-0.06272296832206962,-28.571428571428573,46.535425383740744,0.2612943169886371,0.9268170712268462
2022-05-27,0.05377860646636745,-0.048879645921937595,78.57142857142857,51.20995561546433,0.26350090128072867,1.342842364213525
2022-05-31,-0.007389324056751301,-0.040876126056752116,85.71428571428572,50.52118499368642,0.25242015788592204,1.3031641075452718
2022-06-01,-0.018851871340170523,-0.03603788348519858,85.71428571428572,48.73361830719194,0.23596256757999687,1.0132489212862401
2022-06-02,0.06943250500358844,-0.024015011653292517,100.0,54.93835549813858,0.21665360433414607,1.1065771983756922
2022-06-03,-0.04450800167080471,-0.02062323669516726,57.142857142857146,50.432144859505776,0.21497426717631,0.8983608946409809
2022-06-06,0.0035258094716523747,-0.01651491649843208,57.142857142857146,50.76135590697327,0.21641059618508743,0.6472227232963366
2022-06-07,0.007452169221678684,-0.01247725447743916,57.142857142857146,51.49718727254076,0.22182951580173427,0.6509265356710399
2022-06-08,-0.01448039041276239,-0.010575633937783286,57.142857142857146,49.92432359486724,0.2259293239714219,0.47636939803253925
2022-06-09,-0.032175105386017644,-0.011766881187301246,57.142857142857146,46.570010694684626,0.2177858288906183,0.1560079291188235
2022-06-10,-0.059508004047697294,-0.01811575058807895,57.142857142857146,41.230005779892856,0.20521998701435118,-0.17280067712674518
2022-06-13,-0.07817838762183571,-0.030956771272103598,-50.0,35.77204729635784,0.23331643040812483,-0.5693864266924911
2022-06-14,0.012079036149060363,-0.03803787595583225,-57.142857142857146,37.05021611013742,0.25185260472926846,-0.6108745633099731
2022-06-15,0.04363467018975964,-0.038290131304001836,-57.142857142857146,41.624208613863715,0.25794456614988237,-0.4868305902785711
2022-06-16,-0.056029536823129056,-0.04636482489410331,-71.42857142857143,37.673658972707706,0.27583140731347805,-0.4700861046351323
2022-06-17,0.017883490273182368,-0.048095440913214105,-78.57142857142857,39.535698572335455,0.2883830309004861,-0.20209823076471484
2022-06-21,0.04319900141836319,-0.044186567739315605,-78.57142857142857,43.96826762458268,0.2894391908465334,-0.1953802669193322
2022-06-22,-0.012435347428252808,-0.043716533778601546,-78.57142857142857,42.95001428177035,0.2938734215561311,-0.23556472519558852
2022-06-23,-0.008251715054771513,-0.04343079299322106,-78.57142857142857,42.25933618989982,0.29297295620976593,-0.22941869705011217
2022-06-24,0.05553169696864546,-0.0359980903978395,-64.28571428571429,48.24172981694814,0.2922859158998535,0.045009698196281984
2022-06-27,-0.015006335469157306,-0.033250736307735944,-64.28571428571429,46.75374239184688,0.29373806473304587,0.08246634976877712
2022-06-28,-0.0525815871764751,-0.036398054055588665,-50.0,41.94497778577421,0.29460537772639545,-0.15536678124394734
2022-06-29,-0.02753103826045311,-0.04030923704691436,-100.0,39.760324787113305,0.2996125132167854,-0.19980743450075103
2022-06-30,-0.024642895313048307,-0.04518619428898085,-100.0,37.909439780438206,0.31075479982445986,-0.25961244703324676
2022-07-01,-0.041955292655384335,-0.05327639974434096,-100.0,34.996091442893466,0.3045843597956972,-0.45930414533878605
2022-07-05,0.030365470866059896,-0.053413149962923394,-35.714285714285715,38.52397737321451,0.29944629095718134,-0.1369336312356364
2022-07-06,0.011093439208637701,-0.0526724529966317,-35.714285714285715,39.847379365126336,0.28264013203914345,0.09376486992045864
2022-07-07,0.04811638343239788,-0.0459039468573409,-35.714285714285715,45.398647067797896,0.24502535570970632,0.37695240685386505
2022-07-08,-0.0012613086566333198,-0.042126106729076386,-35.714285714285715,45.27501849742518,0.20286626184522832,0.566290765295055
2022-07-11,-0.04331355823241423,-0.04400186088003132,-35.714285714285715,41.13738808882921,0.1736857559464461,0.4654497209113192
2022-07-12,-0.004619960146153845,-0.0440477888704262,-35.714285714285715,40.72835485528766,0.16809358287068296,0.31691279991517396
2022-07-13,0.005437114086589423,-0.04275559672203164,-35.714285714285715,41.462630147149646,0.1717843995881134,0.39785429077486617
2022-07-14,0.013716642016326608,-0.03980241384042704,-35.714285714285715,43.3786973787096,0.17336905655187762,0.6079106121915104
2022-07-15,0.025370827493918613,-0.03458695690209927,-35.714285714285715,46.88904205106794,0.16772486516252683,0.8596790818953906
2022-07-18,0.021507306325061926,-0.028548528515254076,-35.714285714285715,49.802248088435356,0.16871539918348,0.5485536619654137
2022-07-19,0.05533822980265857,-0.01861802761362532,-28.571428571428573,56.54842857816138,0.18189511291837357,0.701339655684
2022-07-20,0.04796403739553745,-0.007607331197191234,78.57142857142857,61.62828795099221,0.20888325854958678,1.051484717280057
2022-07-21,0.01364607309125132,0.0015063766759166243,85.71428571428572,63.016566008040876,0.23905206123953077,1.3270776105662905
2022-07-22,-0.040498480372136436,0.005543184087093523,85.71428571428572,56.4052642411048,0.24959858834670004,1.127170833761935
2022-07-25,-0.017033384061820533,0.007359509535297518,85.71428571428572,53.94557286567817,0.2482827242602592,1.1111003220783031
2022-07-26,-0.028841659149549725,0.006510443311227925,42.85714285714286,50.03468884829364,0.24544986568520696,0.8300033006140469
2022-07-27,0.07602988698454105,0.010840637399489325,42.85714285714286,58.357894733019755,0.2633705047856115,0.8853266473182566
2022-07-28,0.010904796172929387,0.015174532102162535,42.85714285714286,59.47974887191164,0.2791597708516777,0.9855929299887195
2022-07-29,0.009953492165451161,0.01909269573493716,85.71428571428572,60.536214390599795,0.28950851342196465,1.1324207286159798
2022-08-01,0.015305830924259745,0.02293205490062427,92.85714285714286,62.185184108389755,0.2882209748122532,1.1067410694052464
2022-08-02,0.004608938025420617,0.026151403524189223,100.0,62.69836132693695,0.28975395951233146,1.010489865982332
2022-08-03,0.019810361293363554,0.029454892719488153,100.0,64.91262581728301,0.2942655119771607,1.0915048939789527
2022-08-04,0.017043228325787974,0.03290421749713205,100.0,66.77606906010297,0.308595933728684,1.2217472770304658
2022-08-05,-0.011761547548129636,0.0350929260679108,92.85714285714286,64.19897598316673,0.3133079036102565,1.2046408006839966
2022-08-08,-0.0629840781216503,0.03316551821589955,85.71428571428572,52.62431126493301,0.29203121899509815,1.1130677452705016
2022-08-09,-0.039734708789842865,0.027346246094194202,50.0,47.206173668658224,0.2654194140175555,0.9760317119971692
2022-08-10,0.05917149882811068,0.02466114127587289,50.0,54.43134666342897,0.23610204628022807,1.165380591280537
2022-08-11,-0.008565158466171008,0.02298694664353767,50.0,53.228573473035546,0.2044443645815984,0.8857283361696315
2022-08-12,0.04274893103126631,0.023645717559523365,50.0,58.155862092998255,0.18108802453033804,0.9794757358621756
2022-08-15,0.01726458000326292,0.0255665506026221,50.0,60.06390517294348,0.16364842296897256,1.0745356209260875
2022-08-16,-0.008039436177040393,0.026667602785410062,-21.42857142857143,58.69847790466031,0.15905264783951253,1.0750011543818911
2022-08-17,-0.02881477383198805,0.02550017220432998,-21.42857142857143,53.99840443016942,0.15836955423724428,0.8947877933018225
2022-08-18,0.02388858725080789,0.024983830707768103,-21.42857142857143,56.98489274377345,0.16083722962927124,0.9279100594683891
2022-08-19,-0.0492195313904048,0.021912901336848253,-21.42857142857143,49.66032683866218,0.1557046433566762,0.6417050205118081
2022-08-22,-0.04566077051792605,0.015300030592576843,-21.42857142857143,44.25684936181696,0.15551821497155904,0.2714917697668777
2022-08-23,0.008629904329374272,0.009727702235091529,-21.42857142857143,45.410626911183286,0.14089857536171735,0.06152004765776249
2022-08-24,0.0023862076728429216,0.005530779372023079,-21.42857142857143,45.747887818234666,0.1479037031560762,0.06030033610208088
2022-08-25,0.04012318569713513,0.005190169932914784,-14.285714285714286,51.21831940140943,0.14822987121935974,0.49398528397289904
2022-08-26,-0.09227947570432948,-0.0025668759983116587,-64.28571428571429,40.65697560213232,0.17599377910086889,0.16721889335802434
2022-08-29,-0.02822881646441122,-0.0116080238048424,-71.42857142857143,38.2955894853279,0.2085062007285808,-0.2392776667975697
2022-08-30,-0.02107444100626432,-0.020616471932348397,-78.57142857142857,36.6332508816024,0.2411051050895907,-0.4959236727624603
2022-08-31,-0.0241790974012579,-0.029895295598144446,-85.71428571428572,34.805819946077776,0.27158832242029524,-0.7502908526111062
2022-09-01,-0.076652953815189,-0.04607030216716088,-92.85714285714286,29.845712602421166,0.3192610128636128,-0.6128496031778529
2022-09-02,-0.02080804382419621,-0.059164580324171115,-92.85714285714286,28.740157590588606,0.36327086803551156,-0.8563406794847894
2022-09-06,-0.013336142301011877,-0.06997947198912632,-85.71428571428572,28.038217112699787,0.41052269306903283,-1.0239810798924935
2022-09-07,0.018794960185929632,-0.07413595607247975,-71.42857142857143,30.577304829012096,0.44601962201445583,-0.8467880136468952
2022-09-08,0.020125433172540452,-0.07445518106794688,-71.42857142857143,33.3405096420518,0.4664993065472388,-0.3583170631814147
2022-09-09,0.028377524593870662,-0.07073176589626548,-64.28571428571429,37.21181195895735,0.47734148043384816,0.01304346717997456
2022-09-12,0.008201707479396303,-0.06741103808431209,-35.714285714285715,38.35769682209914,0.4733213694967048,0.3741354979389418
2022-09-13,-0.0947260164510354,-0.0795874149317983,-85.71428571428572,31.214179982103516,0.47799096794143386,0.10797520874502652
2022-09-14,-0.00022836179096885623,-0.08273099704840331,-92.85714285714286,31.200523453457407,0.4741998593643933,0.038017560296032156
2022-09-15,-0.015158433472522548,-0.08676125590569696,-100.0,30.25451511547676,0.4738285174583786,-0.10284253014300956
2022-09-16,0.02080578413131917,-0.08451436728211391,-100.0,33.20281765871187,0.44618126953589915,0.2031212184118212
2022-09-19,0.01394180772851139,-0.08093575487095618,-92.85714285714286,35.22006550351973,0.42554629441682984,0.5052952029419944
2022-09-20,-0.015393968262823243,-0.08058870550894225,-85.71428571428572,33.982726923893395,0.41637571842005433,0.469938840799262
2022-09-21,0.0064512515766561584,-0.07739308707793448,-78.57142857142857,34.99750019669449,0.3945028018770859,0.10276094658407989
2022-09-22,-0.05278642008642609,-0.08300453633475309,-57.142857142857146,30.79891887111998,0.3707484326450623,-0.3180301406790445
2022-09-23,-0.0035823911094828853,-0.0836614252724177,-64.28571428571429,30.545235262108523,0.2983847975635989,-0.2894085783974465
2022-09-26,-0.023010650612098504,-0.08682231284641971,-71.42857142857143,28.904264527067536,0.2749670825879976,-0.529861755010146
2022-09-27,0.015129313236160957,-0.08428351912570042,-71.42857142857143,31.451788720495973,0.2494777954227655,-0.682424952636811
2022-09-28,0.026021018120891082,-0.07823620904096856,-71.42857142857143,35.77857857075303,0.21758029871500545,-0.4972838420007556
2022-09-29,-0.040515124682125925,-0.08078645338420631,-92.85714285714286,32.27385074073965,0.19746401252753376,-0.3790334445188158
2022-09-30,-0.006628636127884002,-0.08033688182475637,-92.85714285714286,31.748101337152796,0.20478071923023503,-0.5256706966187036
2022-10-03,0.030727504418906593,-0.07392407989869275,-42.85714285714286,36.84966261589116,0.20643998011562467,-0.414711597694629
2022-10-04,0.05234970628528002,-0.062486560902969175,-42.85714285714286,44.67061625544094,0.20505238625346534,-0.11964417387288269
2022-10-05,0.0031898502820948416,-0.05526384847229723,-42.85714285714286,45.13979923271169,0.20065784216117877,0.18883539135180893
2022-10-06,-0.005980745535363319,-0.04990648324047048,-42.85714285714286,44.3775403752567,0.19003741057229345,-0.003495229940892855
2022-10-07,-0.08027421535213797,-0.055759567400060356,-42.85714285714286,35.712616505281275,0.17389093480399095,-0.37163698413215795
2022-10-10,-0.033620428653629464,-0.06103102433604945,-92.85714285714286,33.03672366863071,0.15217648339388015,-0.5875972518029708
2022-10-11,-0.007197827275273405,-0.06398042954439259,-100.0,32.49424324263694,0.16945206371085866,-0.5899757509878463
2022-10-12,-0.007422746976470163,-0.06629968016636671,-21.42857142857143,31.916397908576528,0.18477530064566194,-0.5927133092514921
2022-10-13,0.040000023303489174,-0.06134178370261709,-35.714285714285715,38.24254338548094,0.18843925893233607,-0.18032790170883797
2022-10-14,-0.06128761538808081,-0.06780057079944504,-35.714285714285715,32.98332091586181,0.20392891949801167,-0.3514588477881199
2022-10-17,0.058875883259304373,-0.060681133449700136,-35.714285714285715,40.87914434331393,0.1958376646493362,-0.1709161117970438
2022-10-18,0.006645247680576061,-0.056460005319090636,-35.714285714285715,41.762269876756974,0.18874005695464527,-0.14898583813112615
2022-10-19,0.007019349699419308,-0.05189903331065964,-35.714285714285715,42.7416857226445,0.17595694816210855,-0.1702307630183168
2022-10-20,0.011866197127168077,-0.04654363004334717,-35.714285714285715,44.45426461091424,0.17455209922653256,-0.411918258724556
2022-10-21,0.022306087971022626,-0.03963081867745481,-35.714285714285715,47.66095788783674,0.17416853743085484,-0.1880159932995335
2022-10-24,0.010669070926852653,-0.03335189877053601,-35.714285714285715,49.20512886402395,0.17602650111273815,0.09507866688452236
2022-10-25,0.05254390908761497,-0.022981157043501142,-35.714285714285715,56.14123113456314,0.18972270234686958,0.4360639545760381
2022-10-26,-0.0275245110404424,-0.018606308127615163,-35.714285714285715,51.93065464355742,0.19197308302546978,0.4122762747778139
2022-10-27,0.021712229849545794,-0.01245462429163401,71.42857142857143,54.735236056195916,0.20117651607768935,0.10476380833589805
2022-10-28,0.04993921465449813,-0.003637378956857928,78.57142857142857,60.558936365924644,0.22506905989762996,0.2329473361892811
2022-10-31,-0.024360170286861993,0.0009273767447001639,78.57142857142857,56.54629484290008,0.23653499939811085,0.19802747741125834
2022-11-01,0.003408202406178784,0.004819791386512058,92.85714285714286,56.96546322915991,0.24324454507039914,-0.036757275300318804
2022-11-02,-0.023923732735242953,0.006053317546077874,100.0,53.08153601544399,0.24338818466826384,-0.4854088093630179
2022-11-03,0.015280849413944475,0.007955633236671233,92.85714285714286,55.13530304846941,0.2478453939258938,-0.5993275174971481
2022-11-04,0.05476487533744967,0.01307919705680905,100.0,61.70409122934111,0.2686965853923428,-0.34791682216776393
2022-11-07,0.010243135527230551,0.017901709653682107,100.0,62.85940650671448,0.28083153757050594,-0.09830716648448579
2022-11-08,0.021047400085116408,0.022779469228729102,100.0,65.20595324198013,0.29190730108540003,0.06072812231886602
2022-11-09,-0.05656747822435748,0.02344427512059125,85.71428571428572,54.946596838717845,0.2776969704872785,-0.11074377113321163
2022-11-10,0.14329268080864477,0.029789936559959318,100.0,67.93204303148048,0.318356168126574,0.19874953817891128
2022-11-11,0.036634797515531003,0.03824556307353293,100.0,70.59949135051876,0.3438419388081725,0.6124819149896913
2022-11-14,-0.0019598226967774135,0.04519155067122893,100.0,70.25050565178465,0.36694400734269655,0.7866998248890694
2022-11-15,0.022767707312912888,0.050721143171597594,100.0,71.97996349293344,0.38839512763099665,0.7647241547821979
2022-11-16,-0.04536182412099554,0.054099029324599854,57.142857142857146,63.83611407805315,0.38236851255364507,0.38215933173687855
2022-11-17,-0.014644829453167252,0.05386126907081606,57.142857142857146,61.52568901107824,0.3686791093704676,-0.04126703476489186
2022-11-18,-0.017095209950402368,0.051955708620051326,57.142857142857146,58.88569550750815,0.35212795895733884,-0.3045314677924388
2022-11-21,-0.005970478548247282,0.04895270614087137,57.142857142857146,57.96619493589288,0.333005145809899,-0.34750491227275554
2022-11-22,0.047071923666340165,0.047324916913348204,57.142857142857146,62.86073880360406,0.3307436208288801,-0.08196289708199767
2022-11-23,0.029991101489508454,0.048181892971862865,57.142857142857146,65.72786218590258,0.32375014039143685,0.2677534031366091
2022-11-25,-0.015073737100425366,0.048918785717503334,50.0,63.015742468578054,0.31258929260844787,0.36565783902266513
2022-11-28,-0.027227749564565862,0.04748171811112064,28.571428571428573,58.39891800962277,0.3049668728374112,0.2539391596299592
2022-11-29,-0.011878487785644709,0.04432084301607398,28.571428571428573,56.506833456737674,0.28752283206900187,0.10759499946452913
2022-11-30,0.08237931624113659,0.04385122731748008,28.571428571428573,64.89951776997948,0.28103164639215267,0.38005112795946566
2022-12-01,0.012527253317893505,0.04604887347402025,100.0,66.06040067319483,0.26215883984632965,0.6287983022205549
2022-12-02,-0.015115474676609897,0.04717829814869241,50.0,63.30569350965474,0.23524817107083246,0.8640693555932855
2022-12-05,-0.015761592978679295,0.04644655897402375,50.0,60.514794551808556,0.21799028669539589,0.7858279232239933
2022-12-06,-0.037507635891211866,0.04338732093324504,50.0,54.458944199249345,0.19658827950293642,0.5575322053995331
2022-12-07,0.008319265987396074,0.03941370905451679,50.0,55.48314553044715,0.17917837920758758,0.5945966889201932
2022-12-08,0.06507438836758728,0.03879813833378712,50.0,62.623071164351444,0.13305200814613774,0.8851789051677269
2022-12-09,-0.009785091798979129,0.039365023616314346,92.85714285714286,60.93740107445399,0.13596808089398094,0.6508138252687213
2022-12-12,0.0314100470095966,0.04029999952625889,92.85714285714286,64.23302922738505,0.15105634727110007,0.7947726778844459
2022-12-13,0.030624301247353936,0.04264936151827949,100.0,67.22737494870745,0.17589777940991586,0.629264215378279
2022-12-14,-0.02202298991280538,0.044157867865307655,71.42857142857143,63.016528451464026,0.18702980419954285,0.3800913714853354
2022-12-15,-0.04085090956654991,0.042564077733307594,71.42857142857143,56.14613086947827,0.185107709824042,0.18900363350194313
2022-12-16,-0.022475438902682887,0.03842758835874393,71.42857142857143,52.870335851954565,0.17832315582330302,-0.06285818537388171
2022-12-19,-0.01912975411547535,0.03308905090989293,71.42857142857143,50.24374484001002,0.16685284856874924,-0.2893476721998695
2022-12-20,-0.010397393075241346,0.02739762144986737,64.28571428571429,48.85039621248492,0.15334163005113421,-0.3506654577764164
2022-12-21,0.025862723332464865,0.023801474042424952,28.571428571428573,52.35313257468312,0.14952531131848773,-0.23465178758299043
2022-12-22,-0.07042002456842877,0.01682086917062269,-50.0,43.410663421826925,0.1657605938996035,-0.266408634899939
2022-12-23,-0.008670716028373548,0.009134904707191237,-50.0,42.51552023745866,0.18162148300254005,-0.16099798472992244
2022-12-27,-0.07135330214603841,-0.003013238213338062,-64.28571428571429,35.99477437713495,0.22122871563759744,-0.38972742286542267
2022-12-28,-0.006019473895555683,-0.013608690164570066,-71.42857142857143,35.5349571545868,0.25445261998294083,-0.5021246065166798
2022-12-29,0.04039623229461187,-0.017799081279678056,-71.42857142857143,40.953526408923516,0.27181802985044884,-0.3401067214971866
2022-12-30,0.0007532107944443478,-0.021217230886622127,-71.42857142857143,41.057029067061855,0.28375691040939044,-0.03209807780783656
2023-01-03,-0.02045986640194386,-0.025824463420585735,-71.42857142857143,39.05297429381272,0.29980288926623744,-0.054550871287427326
2023-01-04,0.0303178796588075,-0.025598012784756097,-71.42857142857143,43.37357525913375,0.3075555563371103,0.16011200033248207
2023-01-05,-0.03281574250483976,-0.02930364650404016,-64.28571428571429,39.97050722371004,0.32268044596910395,0.10274570069613895
2023-01-06,0.04164019894159532,-0.026756635675267187,-57.142857142857146,45.61057520026679,0.3281604020177249,0.2866851372714634
2023-01-09,0.051753218360383046,-0.020200101192488946,-50.0,51.91000676554323,0.3199241801966922,0.3585615024393643
2023-01-10,0.017980609138603443,-0.014175310306406261,-28.571428571428573,54.00629438165677,0.3124597701831516,0.5775207431173605
2023-01-11,0.0057827978574549466,-0.009059336461803175,-28.571428571428573,54.70248525812222,0.2950575536590388,0.8497909677513945
2023-01-12,0.03187302457536778,-0.002392863843376188,71.42857142857143,58.45658869709703,0.2642760190914561,1.1849799633788847
2023-01-13,0.02349938390108197,0.004409167532543174,78.57142857142857,61.098067767818776,0.24675161435105805,1.545391473040582
2023-01-17,0.0475175693834653,0.012826208567065315,85.71428571428572,65.9267496343298,0.26412018634100565,1.8988010145432315
2023-01-18,-0.018359207517217757,0.01830276301991817,92.85714285714286,62.54312106956533,0.2776844555432309,1.6424928982193734
2023-01-19,-0.03521928769150884,0.02009521298431457,92.85714285714286,56.64705584420931,0.2829335771217336,1.0981010504026787
2023-01-20,0.06406239351938048,0.0243007050043888,50.0,63.20294599770534,0.307461869627874,1.1622846207939552
2023-01-23,0.07590095229267813,0.031900086857632806,71.42857142857143,69.47086544733898,0.3598382040782483,1.4962139784902868
2023-01-24,0.003751273291157764,0.038986616301383205,78.57142857142857,69.76578092622776,0.40110707673714824,1.620664957963377
2023-01-25,0.0030108028907045448,0.044294669057993286,78.57142857142857,70.017068824692,0.4314665212905211,1.8055564493112057
2023-01-26,0.02478909947936314,0.04880788102626903,92.85714285714286,72.08076187448833,0.44785210396847713,1.7744849685430686
2023-01-27,0.028431417649107615,0.053377558157545454,100.0,74.31821130000688,0.4616960026346675,1.8359955460336572
2023-01-30,-0.05907196191230091,0.056002540022847665,92.85714285714286,62.746849151643815,0.45466716005867014,1.349263315895095
2023-01-31,0.01956989807877374,0.055274868757143485,85.71428571428572,64.59728514233588,0.44598179755383305,1.2357068131712834
2023-02-01,0.07196645744034069,0.05658566679037467,92.85714285714286,70.51161217121141,0.4449530956266701,1.3809699326505085
2023-02-02,0.03657514937070827,0.060577231701179755,100.0,73.14390110614187,0.45380698162903127,1.5417467177699222
2023-02-03,-0.02805284382952833,0.06413995190463885,92.85714285714286,67.95050465487934,0.42884291698280935,1.3696417922109598
2023-02-06,-0.0005213315104263261,0.06482268559600488,71.42857142857143,67.85678491938161,0.4050778977034634,1.0949834854193479
2023-02-07,0.05140126023310976,0.06533475582364537,92.85714285714286,71.96090751549909,0.40285178232560853,1.2629922813155634
2023-02-08,0.0014431698261594406,0.06749200929042656,100.0,72.07426039183427,0.39510874848136224,0.9972039921874539
2023-02-09,0.005944399657261679,0.06855348007985441,100.0,72.56691750075596,0.38053762611915815,0.6213755730424783
2023-02-10,-0.04799205277246954,0.06836910073888709,92.85714285714286,62.86671455036634,0.35485195585904855,0.30459207960711693
2023-02-13,0.024594504308560694,0.06509879526890246,78.57142857142857,65.30352372265146,0.3339976738871985,0.31089559262295713
2023-02-14,0.054296036529076996,0.06394012994414648,100.0,70.08549274199083,0.3345215156128503,0.6690143882856712
2023-02-15,-0.009011613400293883,0.06479537837656436,71.42857142857143,68.3113206239692,0.31838903406309677,0.9590266759061139
2023-02-16,-0.03347364297291666,0.06373465813305823,71.42857142857143,62.08139630359917,0.27062634887568726,0.7931748355066301
2023-02-17,-0.02790671297345282,0.059863544863759166,71.42857142857143,57.528602274624085,0.23469615699066038,0.6729006784807979
2023-02-21,-0.03427159998944174,0.05382567684564328,71.42857142857143,52.57194497159159,0.22079656783312684,0.32656452313552314
2023-02-22,0.004793255531645224,0.04697452541306434,64.28571428571429,53.15898438767657,0.20604309449563585,0.1471181745409315
2023-02-23,0.14021399717616223,0.04600700123198982,7.142857142857143,66.34478489251269,0.21192772762391707,0.3817023892927544
2023-02-24,-0.015973832167810675,0.04875498653825291,7.142857142857143,63.831152958240025,0.21229471907051167,0.5395582739328366
2023-02-27,0.009232990967701138,0.050041724724351616,7.142857142857143,64.65148687913587,0.2181244618029726,0.34983551734743173
2023-02-28,-0.012127049044830862,0.05047373286297759,7.142857142857143,62.623875177727115,0.1955402035486255,-0.02461323575026969
2023-03-01,-0.022312262870846977,0.04907068843404227,7.142857142857143,59.00189166753126,0.16902411263162126,-0.31165751729015573
2023-03-02,0.027138852779708067,0.04738860387384405,7.142857142857143,61.829183865490364,0.16797980338811772,-0.20050324892343305
2023-03-03,0.024706222473876105,0.04734758147552752,50.0,64.307797998025,0.17834678369599444,0.10531832958502371
2023-03-06,-0.01406424254988714,0.047213122723867254,57.142857142857146,61.78738702440596,0.17654708802263813,0.0039020218456954727
2023-03-07,-0.011125509234655162,0.0456610689019964,57.142857142857146,59.8182397264718,0.1698534308110393,-0.3208402748459186
2023-03-08,0.03834598951162538,0.04484775946281577,57.142857142857146,64.02636453253963,0.17977601038836102,-0.12499860742877954
2023-03-09,-0.03080930497840284,0.043915903808463455,78.57142857142857,58.52014210690858,0.18093894112390058,-0.3091841318323004
2023-03-10,-0.020097320871572122,0.04078484890915253,78.57142857142857,55.283176524515575,0.1803565149620069,-0.4931126849401149
2023-03-13,4.357538082633283e-05,0.03716314374171841,78.57142857142857,55.288835259387426,0.1698630192198607,-0.4400329024022472
2023-03-14,0.04776620085808925,0.03599459052737361,78.57142857142857,61.100208758525035,0.1701542606074933,-0.2047566433705632
2023-03-15,0.006857168120609325,0.03629437371153305,-14.285714285714286,61.90231981324674,0.17675038952587277,0.19261179665960135
2023-03-16,0.054193429568293094,0.03854209120918619,21.42857142857143,67.62334205471899,0.19989408588368437,0.6797455632067063
2023-03-17,0.007204038510737254,0.04160069640517119,28.571428571428573,68.34082095188973,0.21530593014796273,0.36733977400489215
2023-03-20,0.0068027069209992685,0.043982407076805695,28.571428571428573,69.04346810634594,0.21973853519600836,0.4008889460220276
2023-03-21,0.011544455762320993,0.04595778676009335,28.571428571428573,70.25805279550259,0.20787462863571213,0.5800550640399574
2023-03-22,0.010267539415185656,0.04770424324987505,50.0,71.34724484606322,0.19150806962145278,0.28263623220001477
2023-03-23,0.027316058556366984,0.049715872657189075,50.0,74.09336085073673,0.21903661923083906,0.2177905587187287
2023-03-24,-0.015152182589834307,0.05128756476213186,50.0,69.97753445815921,0.23131357282102233,0.18435825527993907
2023-03-27,-0.009260977404235482,0.05106938300495081,50.0,67.54528437386273,0.2381816530998474,0.050680186071832986
2023-03-28,-0.004560544882559525,0.04980417732033251,50.0,66.33388077858055,0.23884440501309512,0.14073647093635372
2023-03-29,0.021734013270349184,0.04873656579741134,50.0,69.15964498697542,0.2360088180785203,0.3172398762226007
2023-03-30,0.014786524336794393,0.048635151809867785,50.0,70.98289274022939,0.23983797167639334,0.45570986835586175
2023-03-31,0.014388693808129016,0.04900059169679855,100.0,72.699279182843,0.24892775882585774,0.6986225548311946
2023-04-03,0.0067680249328272435,0.04947404795480988,92.85714285714286,73.50458592295061,0.25258529791313533,0.9619580974066263
2023-04-04,-0.018308574184189297,0.048975422797746936,100.0,67.65166841513668,0.2438147872001157,0.8493673446689792
2023-04-05,-0.020835459101885778,0.046612842454421474,92.85714285714286,61.73723217350726,0.23795385332557398,0.9233337454412668
2023-04-06,0.0058032673229975185,0.04362390444966757,78.57142857142857,62.69511075179669,0.22164181290299792,1.1412826778355445
2023-04-10,0.020046440499410734,0.04175776969112466,78.57142857142857,65.89015073196211,0.19494558253318311,1.3644214036510602
2023-04-11,-0.01486623537960896,0.03989874770154739,71.42857142857143,61.592725515798904,0.15540857450213413,1.1531757798960895
2023-04-12,-0.02480758593752974,0.03641835484775562,35.714285714285715,55.21707357314639,0.12877346560343847,0.6828225910840242
2023-04-13,-0.001207980746836479,0.03242412705546207,35.714285714285715,54.9263192503755,0.09745093336811081,0.3058957430742032
2023-04-14,0.011147731062153943,0.02945168987972485,35.714285714285715,57.165223481553404,0.08732119307443408,0.28976332932577564
2023-04-17,0.009118650794360361,0.027543548728869487,35.714285714285715,58.98011362643334,0.07814480803107528,0.47610273311979484
2023-04-18,0.024627968519091104,0.02723702022728823,100.0,63.51710591489904,0.07322485696343105,0.42978760346530637
2023-04-19,0.009542106155663088,0.027702017216961985,14.285714285714286,65.1643720685773,0.0733043451016003,0.5800517696276482
2023-04-20,-0.029608830126601093,0.026371200606278056,14.285714285714286,56.55052324228691,0.07007204034767968,0.3549251196311602
2023-04-21,0.0005535336427171522,0.024396429938875343,14.285714285714286,56.66244273989616,0.07004910270024413,0.40567772564037724
2023-04-24,-0.0028393739026379983,0.022419808748431313,14.285714285714286,55.867051992966545,0.06910984823869977,0.40795984656719175
2023-04-25,-0.029620563347275364,0.01875385702045115,14.285714285714286,48.275470036983904,0.07246167365372068,0.11203845532082604
2023-04-26,0.02724741996070401,0.016846339256774374,14.285714285714286,54.25148737002987,0.06857486792645733,-0.07668063284687263
2023-04-27,0.010016250702902907,0.016186485851239243,14.285714285714286,56.30449968868716,0.06834744982456617,-0.04534625279161052
2023-04-28,0.019209768140885597,0.016825132026603348,14.285714285714286,60.04488972633419,0.07055318076820617,0.18039351199038986
2023-05-01,0.04183919782398182,0.01987867001223361,78.57142857142857,66.83231190084732,0.0879158823686295,0.5914126229012635
2023-05-02,-0.024213089964117307,0.021154573583263326,78.57142857142857,60.192894119056525,0.09037605704744568,0.5049869911430968
2023-05-03,-0.014463030635505914,0.02067190454088042,78.57142857142857,56.65970730559171,0.09184033494678323,0.351940518826016
2023-05-04,-0.008632327170217002,0.01929286188373203,78.57142857142857,54.62844322143363,0.0912258080450181,0.27498419558513315
2023-05-05,0.04056295436495838,0.02026529852930639,28.571428571428573,61.544676798858724,0.1004112428768103,0.46521397330270686
2023-05-08,0.016422690265633033,0.02232883621755646,64.28571428571429,64.03220253105373,0.11475182929755746,0.739677245188692
2023-05-09,-0.019896321526404193,0.022814396091631273,64.28571428571429,58.97332405201663,0.11918534405729607,0.6478160477074681
2023-05-10,0.010990182596446463,0.023201415159838555,64.28571428571429,60.77988846541137,0.12072395600227188,0.6401292705746368
2023-05-11,-0.010628530699197669,0.02282932261791938,64.28571428571429,58.0867176416539,0.1168590311866098,0.5676255289143909
2023-05-12,-0.008328161165421677,0.021597871456688303,64.28571428571429,56.01455036190247,0.1130009475724788,0.44341081290158
2023-05-15,0.02163041073373395,0.021497228365125187,64.28571428571429,59.97502597517745,0.11423628830774206,0.5913326223069267
2023-05-16,0.008979957173345543,0.022050003610640072,92.85714285714286,61.55610537572802,0.12021578759116362,0.49357045629842716
2023-05-17,0.0330333294471028,0.02421688010801822,100.0,66.79845749677878,0.13719998320690957,0.7466087163271644
2023-05-18,0.04970504857398783,0.02872816350780572,100.0,72.96882354620635,0.17035228908147215,1.2552734273815493
2023-05-19,-0.013068965356864748,0.032212113759064014,71.42857142857143,69.14910048767821,0.1859624765252132,1.3650258480813566
2023-05-22,-0.0028147136738314593,0.03414814737105528,71.42857142857143,68.33031067086353,0.19404503251475505,1.3461546855846311
2023-05-23,-0.015653047987713387,0.03449588306912113,71.42857142857143,63.81746302421656,0.18325566349203684,0.973258897822692
2023-05-24,-0.004887937813983556,0.033724688289134025,71.42857142857143,62.452112843711404,0.1759014499117844,1.1880200395195533
2023-05-25,0.24369623534138296,0.0418458698375301,100.0,82.47964075403954,0.3026172691580986,1.0112749524283073
2023-05-26,0.025434628645575108,0.05357540160855277,64.28571428571429,83.69534788101396,0.3924050595507841,1.2318192276714144
2023-05-30,0.029913132031117673,0.06345592382637998,78.57142857142857,85.04323287133406,0.4724694257803845,0.6494283494274277
2023-05-31,-0.056767573652877434,0.0712068376885257,78.57142857142857,72.43847958147231,0.49714384877122253,-0.2848069779625892
2023-06-01,0.051170955390562156,0.07378239265860814,78.57142857142857,75.73196536983282,0.5281903230265844,-0.3481256036198852
2023-06-02,-0.011139196560285725,0.07765163042544221,78.57142857142857,73.56567715554763,0.5396133229938965,-0.5364406755998182
2023-06-05,-0.003966437952472646,0.07914450245680264,71.42857142857143,72.77628368942042,0.5477422966188062,-0.5427574428508616
2023-06-06,-0.01319885325907233,0.07916187408358484,64.28571428571429,70.0916873299285,0.5480359755280643,-0.4951142268569647
2023-06-07,-0.03040087073756681,0.07737098048917379,57.142857142857146,64.28702940173326,0.532885960188255,-0.7135812522559629
2023-06-08,0.027618325781436637,0.0733197184242138,21.42857142857143,66.88826828266093,0.5194660379775731,-0.6136334767952273
2023-06-09,0.006751703426227884,0.07099851728234638,21.42857142857143,67.52814150988159,0.49867291632930993,-0.6881639694832674
2023-06-12,0.018364473907313217,0.06895471303709459,21.42857142857143,69.27888000102315,0.4717902209466658,-0.4364881990636174
2023-06-13,0.03900497552939686,0.06802879338224364,21.42857142857143,72.70657109747629,0.45094763948370065,0.04137753959086652
2023-06-14,0.04814535605857939,0.06907140076099755,100.0,76.35088827763983,0.4364114747292182,0.6759062410951772
2023-06-15,-0.008000591621244224,0.07148302706454235,100.0,74.48535559521798,0.4177720595377198,0.8253977316830358
2023-06-16,0.0009142356201663482,0.07212839457725531,50.0,74.56123378188661,0.404329509380931,0.43528883038427385
2023-06-20,0.026140590011407783,0.07206467957660685,57.142857142857146,76.6971096649487,0.385176200211997,0.4324234734801133
2023-06-21,-0.017416749819021526,0.07250656394272781,57.142857142857146,72.23179901953353,0.3493358570901845,0.4699089067823431
2023-06-22,-0.00046473333569174713,0.07102162084595388,57.142857142857146,72.11325530469249,0.2924693110166295,0.520360532010227
2023-06-23,-0.018965453760567463,0.06881461495187864,57.142857142857146,67.26400042740165,0.2014506682205269,0.39013364881410717
2023-06-26,-0.03736204084096939,0.06466097573508732,57.142857142857146,59.005707728671844,0.19333254252534912,0.09487368103470528
2023-06-27,0.03061652108582069,0.05920691606142965,57.142857142857146,62.87754571394054,0.19138031974749672,0.20430673351655157
2023-06-28,-0.018124984808963962,0.05532085725494398,57.142857142857146,59.203498379831856,0.19097621775790163,0.19599202766752
2023-06-29,-0.007174846995443129,0.05058005161639176,50.0,57.790055817676965,0.17900461027629158,0.06022985990098359
2023-06-30,0.03625524757611087,0.04715852341041095,42.85714285714286,62.61255603084971,0.17925123399209317,0.14396803604106995
2023-07-03,0.0026237222628162638,0.04541702318961983,35.714285714285715,62.95437239149413,0.17703197481209149,0.1263889920472758
2023-07-05,-0.0022633831732329357,0.043549728425472785,28.571428571428573,62.422786915482845,0.17237145532805984,0.0002483438233000381
2023-07-06,-0.005056873894360048,0.04131526274372092,-28.571428571428573,61.182564658500425,0.16201625931691965,0.09053357453784625
2023-07-07,0.009500349850258383,0.039304818637616104,-28.571428571428573,62.67533401347879,0.1361468048337982,0.042514503396612745
2023-07-10,-0.007599695133533757,0.03726334032547912,-28.571428571428573,60.64707478742379,0.11612393404768809,0.0015402457583701444
2023-07-11,0.0053341991280728696,0.0352409559252213,-28.571428571428573,61.579752475201296,0.09361841641404064,-0.021184311864492548
2023-07-12,0.035302740909092245,0.03499067206788339,78.57142857142857,67.15712964131295,0.08186756289214522,0.26429435292393605
2023-07-13,0.04726432747100673,0.037342709272468584,85.71428571428572,73.0064672270786,0.10644110944658085,0.6187745790536814
2023-07-14,-0.01104886392528448,0.03955278104503346,92.85714285714286,69.7321282547311,0.12160557523149197,0.33399793917852827
2023-07-17,0.02181679556978877,0.041345059907278936,92.85714285714286,72.34088419347366,0.14349446721558606,0.5137368398116876
2023-07-18,0.02223393893183956,0.04374085246034056,85.71428571428572,74.7787067134032,0.17055208544298095,0.7788511045584358
2023-07-19,-0.008780091026776016,0.04552327470087336,78.57142857142857,72.01921089935392,0.1875552495288966,0.7066488710657787
2023-07-20,-0.03307353083655018,0.04494558226850791,71.42857142857143,62.71350903948865,0.19231113156041824,0.40960986324629134
2023-07-21,-0.026603774187599294,0.0417492617365561,42.85714285714286,56.58897023562578,0.19271895445043744,-0.23209561029874257
2023-07-24,0.006838635153849193,0.03809185934042819,42.85714285714286,57.70206459358417,0.19163908219410156,-0.45199890516463287
2023-07-25,0.023917260043025967,0.03605992215551192,42.85714285714286,61.450398984761435,0.18442249418968001,-0.45776872119183737
2023-07-26,-0.0049694932172386075,0.03452929037127502,42.85714285714286,60.22757276313645,0.18163259419710095,-0.38108457005511037
2023-07-27,0.009856537586526048,0.033253988866956456,28.571428571428573,61.84143132823898,0.1738493765195739,-0.5655196343789605
2023-07-28,0.018518384209934347,0.033005936583097285,28.571428571428573,64.76293338063495,0.16407460656116823,-0.5728602201646252
2023-07-31,-0.0004491832035602439,0.03288809827118076,21.42857142857143,64.6312803524682,0.16177957514396038,-0.5790665120119528
2023-08-01,-0.004750642060541876,0.032183283521201804,14.285714285714286,63.169342006664195,0.15691737399472652,-0.522948662066497
2023-08-02,-0.0481219374854579,0.028682808203149873,-92.85714285714286,50.714785311052246,0.14787358643061652,-0.5490237330292473
2023-08-03,0.0055569274763487275,0.024645009525871262,-92.85714285714286,51.8388122891338,0.1353408161329778,-0.49984371090612384
2023-08-04,0.003706580738794152,0.02154066344503689,-78.57142857142857,52.61934520431768,0.12421951518421186,-0.5756666140049663
2023-08-07,0.016495166379286497,0.019921555388263745,-78.57142857142857,56.04597637755467,0.1066232316342099,-0.37809712030487863
2023-08-08,-0.016579574103549266,0.01767023979098837,-71.42857142857143,51.91488439215542,0.08870748077595729,-0.26049587463045093
2023-08-09,-0.04724167546578195,0.012252124853238313,-64.28571428571429,42.46854335596411,0.10146955983667956,-0.4508226122222013
2023-08-10,-0.0039008580323082187,0.006896808958049709,-71.42857142857143,41.82378445613112,0.11753710955802342,-0.6259219058172041
2023-08-11,-0.036166062799152465,-0.0003114451905386527,-78.57142857142857,36.33711540287281,0.14622440006971912,-0.9016432437859728
2023-08-14,0.07093381531090492,-0.00046651446847770575,-85.71428571428572,49.75581007460177,0.14605623241292195,-0.43408702625750567
2023-08-15,0.004273911274231601,-0.0002568167889172,-85.71428571428572,50.48110460788649,0.13817563713409228,-0.5355104186838503
2023-08-16,-0.010332166688829192,-0.0009249274565654684,-85.71428571428572,48.645113625117844,0.13241698571039662,-0.8449942477709125
2023-08-17,-0.0032653706257254056,-0.0017017772042007728,-71.42857142857143,48.05639456707504,0.1334844213912979,-0.9976919210513087
2023-08-18,-0.0010382602568257404,-0.0023739416158275904,-71.42857142857143,47.85871223289359,0.13564441932197185,-0.6792521614928405
2023-08-21,0.08471318351740864,0.003582163428677897,35.714285714285715,61.691041815236105,0.1440569702610945,-0.05888602840786187
2023-08-22,-0.027657548289563905,0.0060228263803742636,42.85714285714286,56.022891321256694,0.1440243917297625,-0.1800618661085568
2023-08-23,0.03170709718221132,0.009998866681829945,42.85714285714286,60.39160196476092,0.1513861509158991,0.23543057398594763
2023-08-24,0.0009976947849839046,0.013211477300401698,57.142857142857146,60.52868714249329,0.15726991595574763,-0.32285674889150534
2023-08-25,-0.024277706607430005,0.013988659213082576,57.142857142857146,55.490762876927214,0.15419776332458057,-0.6690950119240062
2023-08-28,0.017753978715713936,0.015324795097434122,57.142857142857146,58.166326775619325,0.15476071139761052,-0.3974473472763918
2023-08-29,0.041614065680671164,0.01892045260150559,57.142857142857146,63.76254689718871,0.17066633725492975,0.06641799020474355
2023-08-30,0.009839205314926325,0.022564504723994572,57.142857142857146,65.00418848863647,0.19004682223830846,0.29338986390736516
2023-08-31,0.001847337558918749,0.025407248645666108,57.142857142857146,65.24732488397717,0.20603631607544157,0.3633392310119606
2023-09-01,-0.017141256960386597,0.02646375506563872,57.142857142857146,61.00428710829724,0.21380649518157643,0.21787489138652238
2023-09-05,0.0008041849484972108,0.02668544840316119,28.571428571428573,61.12980912976791,0.22102956198589965,0.22141588770715287
2023-09-06,-0.030549841983847692,0.024895212816811462,28.571428571428573,54.0115104453604,0.22119319365795953,0.06130297792048734
2023-09-07,-0.017424115176379318,0.02153533117355439,28.571428571428573,50.50926823493018,0.2109681180134986,0.1993235574150048
2023-09-08,-0.014467753432671038,0.017409400037753785,28.571428571428573,47.786763622858864,0.19832087180820973,0.08667274720494611
2023-09-11,-0.008645561207544228,0.01315480205200022,21.42857142857143,46.20713778532915,0.16941087052535225,0.014967806600665988
2023-09-12,-0.006817568206170299,0.009070550276393995,-78.57142857142857,44.95605865435255,0.16414982860770946,-0.09655306240281095
2023-09-13,0.01370630682484375,0.006698096873399128,-78.57142857142857,47.98446041631722,0.1578540467815391,-0.04710525267194207
2023-09-14,0.002110595507411883,0.005016871140927405,-78.57142857142857,48.461133056286336,0.14755732457945053,-0.012302237463946165
2023-09-15,-0.036879328442681936,0.0007388597413485933,-78.57142857142857,41.32057989254751,0.14330262738777302,-0.2542625488343442
2023-09-18,0.0015033309644691961,-0.002647882593469405,-85.71428571428572,41.68387864814477,0.13800918967214354,-0.11574323892811665
2023-09-19,-0.01014419590530169,-0.006141796145763307,-85.71428571428572,39.886640365940316,0.14981464103331354,-0.0336473469323672
2023-09-20,-0.02943469777006269,-0.011473733429308538,-85.71428571428572,35.19316603718427,0.16952386937028294,-0.1986190220645086
2023-09-21,-0.02893087321255805,-0.018209171771153016,-92.85714285714286,31.397613290044884,0.19633842809026067,-0.4874485815882562
2023-09-22,0.01445784368779357,-0.02154605175351797,-92.85714285714286,35.05793773055601,0.21238138990254363,-0.5996398912745361
2023-09-25,0.0147077795227053,-0.02261235213925212,-85.71428571428572,38.693322713478516,0.22310093734475733,-0.4667799715412267
2023-09-26,-0.007365826981360124,-0.024200607392382403,-78.57142857142857,37.5431704097784,0.23266828747516644,-0.5051157681352615
2023-09-27,0.013290029825631544,-0.023663057443853778,-64.28571428571429,40.9297883384325,0.22845120142289368,-0.3869549605903678
2023-09-28,0.014622985734595417,-0.021736558057263607,-64.28571428571429,44.54048409981367,0.21436407605118293,-0.18624478385536136
2023-09-29,0.00951518879292812,-0.01930394992291064,-57.142857142857146,46.850384375433116,0.19298815107984693,-0.21397416315915618
2023-10-02,0.029494993776084,-0.014556372174737849,-35.714285714285715,53.39227793941236,0.17372980847396557,-0.10348433214052405
2023-10-03,-0.028248233267927803,-0.013745900233747122,-35.714285714285715,47.22080741637874,0.1486594258324609,-0.2520031073995311
2023-10-04,0.012041499065831518,-0.011523408348108818,-35.714285714285715,49.80882294148562,0.1336290811865177,-0.1256716264601695
2023-10-05,0.014690757049067527,-0.008482432192621833,-28.571428571428573,52.88100387315051,0.12496204710941648,0.08430681605607139
2023-10-06,0.024033357397655886,-0.00411779230901952,78.57142857142857,57.52837101538887,0.12620738175410795,0.454284200608657
2023-10-09,-0.010685745669939073,-0.0016775986803015447,78.57142857142857,54.87455307447567,0.12668400918072126,0.715619066298223
2023-10-10,0.011596164055795777,0.001199340853098697,92.85714285714286,57.159479674495884,0.1314834348653264,0.8239660475816465
2023-10-11,0.022009837993904657,0.005068825340373515,100.0,61.21975630443301,0.1409796999595324,1.0454451026824756
2023-10-12,0.0029696626671165127,0.008275266005121459,92.85714285714286,61.75799091355346,0.15029176824785703,1.0393972254618555
2023-10-13,-0.031611354959226845,0.008450310329436307,92.85714285714286,53.25908098402914,0.1533893541491591,0.6537663237619996
2023-10-16,0.013945900480253792,0.00926282694413855,78.57142857142857,56.04227268099048,0.15891201365745825,0.6639709771969454
2023-10-17,-0.04679467503174506,0.006454020492520958,78.57142857142857,46.005293570764074,0.15849070094848766,0.7528604209858876
2023-10-18,-0.03964677151305074,0.0006881460383380252,-28.571428571428573,39.8050593885976,0.15870400226389372,0.5101434703964499
2023-10-19,-0.0022512601453145153,-0.00423499387319669,-28.571428571428573,39.49248864369508,0.15124539303159604,0.1188722021774359
2023-10-20,-0.016959081440342305,-0.009560100958360329,-42.85714285714286,37.132311753539746,0.15285567979844422,-0.24057528943360476
2023-10-23,0.0383691487050537,-0.010117036275907609,-50.0,45.00446594833962,0.14961748210370082,-0.10479430389036681
2023-10-24,0.016009307616898782,-0.009289050357065232,-50.0,48.04017817652315,0.14247682460850747,0.2267832576188548
2023-10-25,-0.04314852142616976,-0.012647135299201306,-50.0,41.314828509741176,0.146654388797985,0.11876901517964791
2023-10-26,-0.03477814281273994,-0.018213560562970056,-71.42857142857143,37.01139232965123,0.16474260246018443,-0.1744522614660246
2023-10-27,0.004314621743113145,-0.02157286924736664,-71.42857142857143,37.84627367246564,0.17957774119523756,-0.33449685963242765
2023-10-30,0.016321063611638653,-0.02235346865855444,-71.42857142857143,41.04336912994278,0.1872448836599673,-0.3560256418499041
2023-10-31,-0.009256292469059457,-0.023941740194019408,-92.85714285714286,39.77342208377639,0.19684443700443713,-0.006148813139429919
2023-11-01,0.037886268107783394,-0.020934260994927897,-92.85714285714286,46.94274514396068,0.19854475134633803,0.419713042707183
2023-11-02,0.027903111919710177,-0.016342238745620966,-85.71428571428572,51.67796791162531,0.19722407236982176,0.6255661926353244
2023-11-03,0.03445486218872995,-0.009913392812197924,-78.57142857142857,56.93191765333175,0.19417158345818727,0.840140859489931
2023-11-06,0.01657592896300053,-0.003804670138066739,28.571428571428573,59.3034131291554,0.19624582211039276,1.034596640976556
2023-11-07,0.004459242612837588,0.0012482366891901997,35.714285714285715,59.95286349222524,0.19703926925486862,1.1470465445450564
2023-11-08,0.013469533404412815,0.006170980966090083,42.85714285714286,61.937555435581714,0.1954553364503998,1.1813911301158517
2023-11-09,0.008073120759993335,0.010529508600808436,50.0,63.13277146186556,0.19549248774014405,0.7951418983304862
2023-11-10,0.029499441447861097,0.01575160281725763,57.142857142857146,67.21647696510662,0.2149763860780484,0.7978303850503984
2023-11-13,0.0058963033325416525,0.020250822900934703,64.28571428571429,68.00191995496351,0.23203586112341854,0.7363479466631788
2023-11-14,0.021308066550997262,0.02478899719382353,71.42857142857143,70.74570915718654,0.2591484672714919,0.8099656978473481
2023-11-15,-0.015466325994393681,0.027585944368153103,78.57142857142857,66.21303130564365,0.27160234525904053,0.6852900132783769
2023-11-16,0.012109300589612904,0.029763386078186155,78.57142857142857,67.91929373685309,0.28321060640556717,0.8005167358343583
2023-11-17,-0.0036780884641904876,0.03121014599381795,78.57142857142857,66.80242018754683,0.2858265728017624,0.7380693762322715
2023-11-20,0.022536272686314973,0.032956929584411855,100.0,70.04118733403595,0.2976567016205884,0.8789949103983583
2023-11-21,-0.009224620320745225,0.03406722530139582,92.85714285714286,67.09088424154625,0.3051862765547658,0.8903160111119418
2023-11-22,-0.02458736650070137,0.033162470911695704,85.71428571428572,59.9135733026259,0.29690197379606303,0.6516886138445056
2023-11-24,-0.019295616497550627,0.03045122150073438,78.57142857142857,55.05802192782113,0.2726938637935771,0.322822543037621
2023-11-27,0.009753903651651408,0.02797403141150835,71.42857142857143,56.921879327866165,0.24524712609645263,0.25057003140408957
2023-11-28,-0.008726756315919681,0.0254710071135691,64.28571428571429,54.71420404008964,0.2171009708249999,0.1467750689166846
2023-11-29,0.0066706345583738,0.023402751572312988,57.142857142857146,56.103448696419,0.17658359109638647,-0.009335739364703055
2023-11-30,-0.028458671431131566,0.019945270438192098,-50.0,49.132313580243256,0.14538391284477567,-0.2973903376182869
2023-12-01,-0.0001068392936598439,0.01646526902840167,-57.142857142857146,49.1083455913159,0.12159469027817435,-0.3541738335856004
2023-12-04,-0.02683638202843064,0.01172328051321136,-64.28571428571429,43.38400739081595,0.1175524086522554,-0.3650571589158689
2023-12-05,0.023293751669343,0.00916344878016312,-64.28571428571429,48.81182957280284,0.11291291710726696,-0.07940668089866634
2023-12-06,-0.02282799801507096,0.0055686200654966826,-64.28571428571429,44.23212292683512,0.11606134915171284,-0.20839712076891345
2023-12-07,0.024020452899074618,0.004333059551044363,-64.28571428571429,49.48067134990018,0.11594789746440377,-0.0005273054799112582
2023-12-08,0.019529605338780787,0.004880589534352975,-64.28571428571429,53.41196160891813,0.11455869368992222,0.24906224588474482
2023-12-11,-0.018502954961182927,0.003915404126039501,-64.28571428571429,49.41211673886736,0.11732886084716658,0.3022912476172421
2023-12-12,0.022090453272296973,0.004700856258245709,-57.142857142857146,53.78000692536424,0.11681283785367401,0.5720066917804486
2023-12-13,0.009043586627613509,0.0059961674270018785,-50.0,55.510971641515674,0.11214004513219333,0.624818793388955
2023-12-14,0.005448246392929512,0.007370152578935196,-42.85714285714286,56.57561144267288,0.11083138398686185,0.733768091994133
2023-12-15,0.01116859105662904,0.009176555236050973,64.28571428571429,58.76585697873875,0.10825251278259174,0.7782975216365654
2023-12-18,0.0242790225976941,0.012191813534150482,71.42857142857143,63.1640296081303,0.1129024882847776,0.865514460550094
2023-12-19,-0.009445395931959255,0.013964093930141341,71.42857142857143,60.399382359508245,0.10731521452477591,1.0814611722594971
2023-12-20,-0.030098464338250808,0.013095554051386913,71.42857142857143,52.5767815297845,0.09933094710658603,0.7777144073676423
2023-12-21,0.018270279812588885,0.013143645226363803,71.42857142857143,56.175507353152994,0.10045878653422277,0.7408444148811356
2023-12-22,-0.003265986579483071,0.0129975442177605,71.42857142857143,55.35211112438434,0.10253227959049582,0.6324911810254312
2023-12-26,0.009195207238267056,0.01331232621752217,64.28571428571429,57.245980030644596,0.10592776963094225,0.5306162967986259
2023-12-27,0.002800511767071523,0.01368510425089417,57.142857142857146,57.837959102272976,0.10986595088772677,0.46355945873425825
2023-12-28,0.0021246529652201307,0.013990102526185036,50.0,58.31089448467769,0.11373063429265967,0.29249216374854364
2023-12-29,0.0,0.014092362041323747,35.714285714285715,58.31089448467769,0.11459943191753856,0.2684631799048238
2024-01-02,-0.027341524431805375,0.012163357648911419,35.714285714285715,49.93368074975299,0.11167869605516784,0.12561531357627923
2024-01-03,-0.012435449131397713,0.009327035625380946,28.571428571428573,46.734965173908726,0.10036130987332824,-0.05148835066709547
2024-01-04,0.00901841660172309,0.0075300652997440575,-71.42857142857143,49.24279871226916,0.09520298117434892,-0.12332420632888245
2024-01-05,0.022896736049604183,0.007750736656697153,-71.42857142857143,55.07784295349345,0.07933811799050769,-0.0505924709430022
2024-01-08,0.06428095935203482,0.012304254776179207,21.42857142857143,66.85998860924653,0.09602143365659048,0.5086011353893558
2024-01-09,0.016975268305401192,0.01716121346381623,28.571428571428573,69.29732396860567,0.11989377173717704,0.725897975482835
2024-01-10,0.02276978346049252,0.02224181674831041,35.714285714285715,72.2910996391221,0.14282049781209888,0.9795947796266028
2024-01-11,0.00868442694178495,0.026728861334386962,42.85714285714286,73.3814649172695,0.16603748406208574,1.172949593917632
2024-01-12,-0.0020428168778977573,0.02998808134188138,42.85714285714286,72.6509613212721,0.1822956681224853,1.2058873617553767
2024-01-16,0.03056113618802203,0.0335690080932278,57.142857142857146,76.42438568760058,0.20717546612910828,1.3024008235717635
2024-01-17,-0.005835187109227813,0.0364358886980891,57.142857142857146,74.25341601558779,0.22380502131819413,1.4000296261938783
2024-01-18,0.018803613993714885,0.038881321321040344,71.42857142857143,76.55150280454971,0.2453646725210404,1.4402750732031084
2024-01-19,0.04174618424487764,0.04243953086479141,78.57142857142857,80.73917211540636,0.27767980893232336,1.720387326164514
2024-01-22,0.002739911375706283,0.04605677262900924,85.71428571428572,80.98916343277136,0.2965128128157616,1.6517019256604473
2024-01-23,0.0036711947557144242,0.04857132854836156,85.71428571428572,81.33960427670803,0.31240292484114945,1.695493747485495
2024-01-24,0.024869348142631198,0.05083942719433654,100.0,83.55873028913945,0.3298249866094078,1.5226670928502715
2024-01-25,0.004155445975367877,0.0530714385759042,92.85714285714286,83.91157298032475,0.3427128632599181,1.2624131695998408
2024-01-26,-0.009510213156802783,0.054136394418562855,85.71428571428572,79.67952344863492,0.34658009103942133,0.967419649855718
2024-01-29,0.02349612506944765,0.05454727450947946,78.57142857142857,82.06352559063468,0.35210667323884226,1.0205380529955435
2024-01-30,0.0049468078362766565,0.055342117578150225,100.0,82.53890877434836,0.35260729242883443,0.8935050406597591
2024-01-31,-0.019864802305764262,0.05505351756565595,92.85714285714286,74.01368608635693,0.3339914787872657,0.7810789473414508
2024-02-01,0.024379503431127825,0.05395074828841855,85.71428571428572,77.08035052815741,0.30892051179005126,0.8856641682420399
2024-02-02,0.049708760258340146,0.054742650847106715,100.0,81.88807725439183,0.2924982475975852,1.097552252509763
2024-02-05,0.04794463435076257,0.057794587751423994,92.85714285714286,85.25944559834959,0.29326997986022757,1.4918900953629795
2024-02-06,-0.015995524665436966,0.06119212682065743,100.0,79.67541868751266,0.2952023413460126,1.5391156906846712
2024-02-07,0.027497781306403235,0.06288496676639767,100.0,81.84190612952314,0.3038513210774093,1.727756065835805
2024-02-08,-0.006533455744667793,0.0646790516156015,100.0,79.61081397683212,0.3065414116991227,1.4299409941674188
2024-02-09,0.03578368870105875,0.0655331008628477,92.85714285714286,82.41922055627896,0.31686953142136337,1.453655375557413
2024-02-12,0.0015940947635662006,0.06722608521808193,100.0,82.53873450301504,0.3169979633608133,1.1384847594964738
2024-02-13,-0.001660820293991283,0.06784830127210732,92.85714285714286,81.91295976376811,0.31651756312952445,1.0308072382929818
2024-02-14,0.024567502312594858,0.0677698366596702,78.57142857142857,83.85915997943945,0.3146832950660057,1.1281570189320904
2024-02-15,-0.016806704417549057,0.06801305779037341,78.57142857142857,77.55970499718423,0.30450959505272096,0.8771142012588711
2024-02-16,-0.0006193195256987138,0.0665127029133647,57.142857142857146,77.3330457789974,0.29959707796291773,0.4082423740079062
2024-02-20,-0.04353223516271032,0.06385322654517622,57.142857142857146,63.33168865556451,0.28353962421154466,0.09768259359536319
2024-02-21,-0.028508732548976234,0.05805091592419366,57.142857142857146,56.43875063464725,0.2642002460467588,-0.06578891641681005
2024-02-22,0.16400865852314306,0.05537642372464402,100.0,73.68030962874855,0.2828160968319149,0.4056611320679364
2024-02-23,0.0035524788535734597,0.0591316135035323,100.0,73.96015633337588,0.2936905543003111,0.3052088208231297
2024-02-26,0.0034891308927440523,0.061616777998271755,14.285714285714286,74.25076878640749,0.29391592654102566,0.10055680059701518
2024-02-27,-0.004943605783886196,0.06293952826392009,14.285714285714286,73.00326447725803,0.29110361852006533,0.08594418765228919
2024-02-28,-0.013189202936974787,0.0627948559389223,14.285714285714286,69.65734772642601,0.27924751708929996,-0.02576167505671684
2024-02-29,0.018657587675144915,0.06164503147358969,14.285714285714286,71.61323688927665,0.25792471873416595,-0.09120872476230302
2024-03-01,0.04003181615646789,0.06166753049601735,14.285714285714286,75.35280099222815,0.2502709064402329,0.18134929658370214
2024-03-04,0.03595071134402761,0.06342895362689904,57.142857142857146,78.23660215721088,0.26541554199373685,0.18577164675583854
2024-03-05,0.008576472219890663,0.06588195849014532,57.142857142857146,78.89385376564006,0.2861616092717573,0.4569167096745917
2024-03-06,0.03182733629562762,0.06785491246804749,71.42857142857143,81.18425467092572,0.3076191239402439,0.6009267453531375
2024-03-07,0.04474636915456953,0.07062868737608884,78.57142857142857,83.91173161159021,0.3449358433594515,0.9480860712237428
2024-03-08,-0.055477000235143015,0.07395100327552205,85.71428571428572,69.7982295646916,0.34566867144063596,0.4316007400001395
2024-03-11,-0.020039421842120153,0.07231152771603873,85.71428571428572,65.73582066207877,0.3440505111522181,0.07605984769236865
2024-03-12,0.07157197520954028,0.06973644247605207,85.71428571428572,71.90024894889633,0.35787759721256723,0.2923906372882496
2024-03-13,-0.011151948461029515,0.07060602057336965,78.57142857142857,69.64720359041486,0.3603338837111157,0.5585112513280975
2024-03-14,-0.03239144709150621,0.06953491172843206,50.0,63.49316313452121,0.3554503192143299,0.5032490852655778
2024-03-15,-0.001216698268051597,0.06603477251890875,50.0,63.27432595347966,0.34300515029425327,0.4166928039750114
2024-03-18,0.007035656145426339,0.06259445589101581,50.0,64.04510490541688,0.32726617181790146,0.17137683742176407
2024-03-19,0.010660921608219631,0.059760523772718614,50.0,65.24380882084708,0.2921150749732439,0.26550846870197703
2024-03-20,0.010895256601210379,0.05761786069741498,42.85714285714286,66.48661958002168,0.23157174517401963,0.5303634237326554
2024-03-21,0.01176220384738258,0.05606598609657916,35.714285714285715,67.83823991078191,0.22566450556722592,0.5687790186541092
2024-03-22,0.031213526606268527,0.055493810659515815,21.42857142857143,71.19708652506873,0.22494740095749058,0.7614312557462726
2024-03-25,0.007561726128491708,0.05592305149886146,21.42857142857143,71.98424836359443,0.22205170312424855,0.744022348528916
2024-03-26,-0.02569411379645614,0.055320080881038014,-7.142857142857143,65.3949266338643,0.20507866999513696,0.4111782112766188
2024-03-27,-0.02496730772727951,0.052377819224777925,-7.142857142857143,59.81261462522958,0.17235623320576207,0.0955504300128859
2024-03-28,0.0011745891311805146,0.04840273493734085,-7.142857142857143,59.98136720536197,0.1391809819458242,-0.018498280569248
2024-04-01,7.748019830522423e-05,0.04478760991924723,71.42857142857143,59.99331513022421,0.11775706576686452,-0.1194488814303233
2024-04-02,-0.010081721305590041,0.041057475050194595,28.571428571428573,57.58399599344558,0.10784191810609953,-0.03936475007661812
2024-04-03,-0.005455331585882295,0.0370768259009686,28.571428571428573,56.280176669948645,0.10008577181596606,-0.08907866478236304
2024-04-04,-0.034384759968471346,0.031706381086764865,28.571428571428573,48.818240083253514,0.1077552315067957,-0.3394597613159297
2024-04-05,0.02448047133323983,0.02738548627889338,28.571428571428573,53.393206399690776,0.10636560002352906,-0.2793970706799779
2024-04-08,-0.009942199948967945,0.02372444009584623,28.571428571428573,51.33705667204289,0.10730350293035666,-0.33548125376559934
2024-04-09,-0.0204172309922952,0.019132175490483055,-71.42857142857143,47.344951344264324,0.10896262654389428,-0.32090210443680045
2024-04-10,0.01974146329394788,0.016184120520883662,-71.42857142857143,51.214580846432234,0.11012838360351578,-0.082284243200553
2024-04-11,0.04109647925296356,0.016577230081572275,-71.42857142857143,58.2319400674977,0.10984688044310255,0.2575269621566541
2024-04-12,-0.026816512656068325,0.015472546280916651,-71.42857142857143,52.68742018143413,0.10950675891773086,0.24904047962030593
2024-04-15,-0.024777003412069676,0.012403653913103168,-71.42857142857143,48.23974009976499,0.1138632546657896,-0.02892187349072398
2024-04-16,0.016441682510736078,0.010685806570473405,-64.28571428571429,51.11569547020214,0.1152880901653702,-0.07279522405219065
2024-04-17,-0.03866615574400256,0.00654388138215435,-57.142857142857146,44.71933515448754,0.12700429171328045,-0.3690670260570717
2024-04-18,0.00756811375214661,0.00346497393216523,-92.85714285714286,46.08641054063155,0.1339232042173656,-0.40730908041050323
2024-04-19,-0.10004589551419463,-0.007699416489045431,-100.0,34.019053634357775,0.18128591213695772,-0.825344443671195
2024-04-22,0.04354336941120995,-0.012636703337961694,-42.85714285714286,40.581812873012524,0.18961505211413246,-0.7017193289027368
2024-04-23,0.036532553317393024,-0.013215570496672236,-42.85714285714286,45.67640709627996,0.17886698109260674,-0.3871958420647645
2024-04-24,-0.03331581672109629,-0.017094632304122927,-42.85714285714286,42.00968734531638,0.18236484562149424,-0.4779046375489548
2024-04-25,0.037087184498314274,-0.01602913230709831,-42.85714285714286,46.94541721834422,0.1806520554469832,-0.2793946164562357
2024-04-26,0.061755667712474205,-0.009949790808989207,-42.85714285714286,54.195702100967715,0.1754422348169106,0.09662425311063697
2024-04-29,0.0002508087185855157,-0.0057823737450527005,-42.85714285714286,54.22475155382237,0.1698264834425976,0.45550550680399704
2024-04-30,-0.015440485268159443,-0.003742873473063177,-42.85714285714286,52.036236608799236,0.16499035756515468,0.35021050525657
2024-05-01,-0.03889961313887935,-0.005342184720115324,-42.85714285714286,46.9721262739564,0.16209342747887615,0.18086850778338925
2024-05-02,0.03342942609146893,-0.003627634063937202,-28.571428571428573,51.19670581164927,0.1620491516958294,0.27892471722091217
2024-05-03,0.03463179456546217,0.0003714111900561807,-28.571428571428573,55.30230014579081,0.1637768818874249,0.4463132989282778
2024-05-06,0.037741121823184454,0.006182550544396031,78.57142857142857,59.444983959157994,0.1777966064807576,0.7265256719463101
2024-05-07,-0.017212842769639525,0.009465385960381363,78.57142857142857,56.76348772655779,0.18526088671317195,0.813402545048284
2024-05-08,-0.001568099222768904,0.011738018994990648,78.57142857142857,56.51767105821801,0.190973714056517,0.810341747941522
2024-05-09,-0.018415831915082892,0.01212742563154176,78.57142857142857,53.58728432386574,0.18683517075011527,0.5702309804507218
2024-05-10,0.012744098221485256,0.01297306742413842,71.42857142857143,55.28333974080042,0.18996150732569836,0.3213136489291091
2024-05-13,0.0057968872717564235,0.013988669944427632,50.0,56.07957200353919,0.19541483016423805,0.2995330721188403
2024-05-14,0.010586377251464052,0.015365369085230491,50.0,57.57391685437126,0.20219400200724288,0.43545845472478584
2024-05-15,0.03583785120629357,0.018576792210328198,100.0,62.2997773914341,0.21694547380471066,0.7114578988520959
2024-05-16,-0.002863823880814298,0.021129725348353147,78.57142857142857,61.68725186818538,0.22786448048924088,0.5986767902157588
2024-05-17,-0.01992417044856265,0.021690054740446343,78.57142857142857,57.46617659810015,0.20054472619254274,0.35262891577287236
2024-05-20,0.024881398858486836,0.022958927282599073,78.57142857142857,60.98500535198298,0.18946881355810136,0.34190484222494216
2024-05-21,0.006393932811153524,0.02445765498512175,78.57142857142857,61.879492191596164,0.1872643119862889,0.5547144654836442
2024-05-22,-0.004571068944476675,0.02521806380404187,100.0,60.79944088709751,0.16493311458795992,0.6769798259352414
2024-05-23,0.09319648022949423,0.03007046313372765,100.0,71.62427577200724,0.19251859779973535,0.6168308888129732
2024-05-24,0.025722703322952345,0.03633130559073245,78.57142857142857,73.96073272957999,0.2358294803606732,0.8529601336204
2024-05-28,0.06980447956135016,0.04391620861111377,85.71428571428572,79.11556841125943,0.30454206300812975,1.1314368672746689
2024-05-29,0.008112363288135471,0.05144543740865345,92.85714285714286,79.65483132568203,0.3504227130238067,1.408942306731454
2024-05-30,-0.037666038916009836,0.05614507565868172,100.0,70.48108624761724,0.3538958542146111,1.15477035706047
2024-05-31,-0.007846270213919149,0.057434432434136644,85.71428571428572,68.77120870483127,0.35482166867477943,0.9052588078659731
2024-06-03,0.04895429241958826,0.05848434131598554,85.71428571428572,73.11865808910993,0.3729677934570123,1.0635768680723205
2024-06-04,0.012495590609498564,0.06097536931580965,100.0,74.15605609085272,0.3938248308776745,1.2895954000183463
2024-06-05,0.051555975344317106,0.06362987558342262,100.0,77.97925214742074,0.42291034584832665,1.629038870703111
2024-06-06,-0.011777356588307808,0.06717838403056757,92.85714285714286,75.10501490361952,0.4351451632833048,1.4804840154704328
2024-06-07,-0.0009089842166193352,0.06858869578884992,92.85714285714286,74.87831693804237,0.4337220485154312,1.4589830648131397
2024-06-10,0.007461464668850004,0.06894490416425827,78.57142857142857,75.53063421444276,0.42922001494515466,1.4703303712405427
2024-06-11,-0.007143982562493267,0.06875759204994115,78.57142857142857,73.54680898631578,0.4163595636853554,1.3558873934502043
2024-06-12,0.03548079603117027,0.0678612115727274,100.0,76.78480649440694,0.40804145760769606,1.2327031948858698
2024-06-13,0.035223620995155525,0.0686240991112099,100.0,79.55524058973882,0.41153484112359684,1.2614713423805435
2024-06-14,0.01751420933303338,0.07041271899372259,100.0,80.82380725365626,0.4102791202323877,1.288096718072877
2024-06-17,-0.006824440174302837,0.07188324690771779,78.57142857142857,78.73779806726581,0.38976547873799344,1.1175193484216606
2024-06-18,0.03511996562697939,0.07210633964379373,85.71428571428572,81.38260291690648,0.37760763091297733,1.1144691240983384
2024-06-20,-0.035403431459514634,0.07313524218603067,92.85714285714286,71.4018863215441,0.34478965668016714,0.6943622766825259
2024-06-21,-0.03219161702428375,0.07074380316014635,92.85714285714286,63.989367704332125,0.2913084916637319,0.313355370701192
2024-06-24,-0.06684053865661765,0.06518289814459728,85.71428571428572,52.250686145478795,0.2617953963775013,-0.2102033195752515
2024-06-25,0.06756412226220676,0.05761049750278051,78.57142857142857,59.7510568519174,0.23706422872567326,-0.13139534441624043
2024-06-26,0.0024586757177711416,0.05431583860348052,50.0,60.013834919515006,0.2293779959154332,0.01301159688144522
2024-06-27,-0.019066440411404373,0.05067142702299486,50.0,56.90359515309022,0.22087527051406347,-0.001013364250263086
2024-06-28,-0.003629353983012229,0.04629000248609204,50.0,56.316695786756966,0.19856759959137202,-0.16611508436024597
2024-07-01,0.006151875526267281,0.042414947896485214,50.0,57.12105828027422,0.16735081495914778,-0.045455132628537856
2024-07-02,-0.013113471864580784,0.03857711269779008,-14.285714285714286,54.79080882098817,0.15220130559298217,0.07042076002261605
2024-07-03,0.04573261296492248,0.03666066867401027,-14.285714285714286,60.728812182850056,0.13949935762404225,0.2760756229226405
2024-07-05,-0.019098983753619847,0.03521213056442827,-14.285714285714286,57.19562925317907,0.13744102210248382,0.18962440926669238
2024-07-08,0.018834945447101514,0.033979207943683226,-14.285714285714286,59.64169555264422,0.1335481805192208,0.06897152325865281
2024-07-09,0.024805111645679334,0.03426483738959827,-14.285714285714286,62.72006401149085,0.13215448498988183,0.02505034726409933
2024-07-10,0.02686870839687905,0.035920742532113546,-14.285714285714286,65.83533890885225,0.13826669834377106,0.1818551950742475
2024-07-11,-0.055666810970427916,0.03501997916178598,-14.285714285714286,55.25617815687891,0.13013839115150155,-0.06089871535232782
2024-07-12,0.014442547361159352,0.03293266216252907,85.71428571428572,57.07608380968983,0.1292208629082206,-0.19212107690357408
2024-07-15,-0.006189912867886838,0.03101079373059604,85.71428571428572,56.009414730030784,0.12871644667213455,-0.3090430336132994
2024-07-16,-0.016194453766356087,0.02815504070337515,50.0,53.22422528979614,0.1257305147930503,-0.3801550968372802
2024-07-17,-0.06623936527076568,0.021325357831786115,-28.571428571428573,43.788101499071736,0.13923576548881852,-0.557050671141857
2024-07-18,0.02627340260926947,0.015846180936484315,-35.714285714285715,47.50054201547043,0.12979707734519988,-0.4146661815576921
2024-07-19,-0.026096117687494425,0.009979207619553163,-35.714285714285715,44.289545651344014,0.1373048798747401,-0.4835274894733523
2024-07-22,0.04757049451498685,0.008334506423002548,-35.714285714285715,50.665621234647176,0.13781340568833705,-0.2849467108149751
2024-07-23,-0.007689906335311081,0.0067444057467316585,-35.714285714285715,49.62973972996579,0.1289512515699571,-0.28710869707024145
2024-07-24,-0.06803147453981573,-5.9953200636759885e-05,-64.28571428571429,41.59054971369709,0.15135449865311468,-0.5164817157302958
2024-07-25,-0.017243099566039644,-0.00727704221293236,-71.42857142857143,39.94458838563004,0.1755513419344042,-0.4750712684737445
2024-07-26,0.006946929584405348,-0.012208719140356305,-71.42857142857143,40.941181917451246,0.19308141990110794,-0.5283464924540554
2024-07-29,-0.013001758415404074,-0.017234021657885422,-71.42857142857143,39.60722800419564,0.21205124291755076,-0.7270639427671667
2024-07-30,-0.07043647590141122,-0.028473241170339093,-92.85714285714286,33.350110438946885,0.25415140880494913,-1.0939368098126787
2024-07-31,0.12812095389221057,-0.022790828594899223,-92.85714285714286,48.239706030318715,0.2571851524629001,-0.826989250158434
2024-08-01,-0.06674069623534484,-0.027791473253246372,-85.71428571428572,42.26429220957072,0.26923999076843896,-0.9587660375278565
2024-08-02,-0.0177639056676272,-0.03210303365905245,-100.0,40.90874626694575,0.2853857240481006,-0.6547972125376813
2024-08-05,-0.06357791606294105,-0.04249488352199547,-100.0,36.47924449942393,0.314195664867736,-0.18582951103641904
2024-08-06,0.037829826368592334,-0.043771078610858515,-64.28571428571429,40.3545037000744,0.31780077619749936,0.03920172478179152
2024-08-07,-0.051223041180568085,-0.05224819651318277,-64.28571428571429,36.94362373331192,0.3181662258756799,-0.2583975349074873
2024-08-08,0.0612677448607466,-0.048579143257912794,-64.28571428571429,42.84734918017147,0.31517029038406047,-0.022678038973754706
2024-08-09,-0.0020956757537589077,-0.04778144939335369,-64.28571428571429,42.691093338441895,0.3017688219562311,0.027756448124492735
2024-08-12,0.040763722732013674,-0.041585058733235473,-64.28571428571429,46.75040113212059,0.2778811642009881,0.09262467826831308
2024-08-13,0.06530906780990775,-0.030519629347334907,-14.285714285714286,52.759149811589644,0.25581711487205333,0.40257210996667037
2024-08-14,0.016703943245708563,-0.021803007138707788,-14.285714285714286,54.273213719486776,0.25595459803246234,0.7378443946838873
2024-08-15,0.04048108867528599,-0.011426319255733019,57.142857142857146,57.857168967378506,0.26034488000862127,1.0641679655281788
2024-08-16,0.013999654649322402,-0.002676567961481236,64.28571428571429,59.0994089281502,0.27466438161514,1.3167520204418817
2024-08-19,0.04350602375603829,0.007241089473911077,71.42857142857143,62.8187058557921,0.2950421483214034,1.5914148280862543
2024-08-20,-0.02115375040915579,0.013438173918710598,71.42857142857143,59.84513856418111,0.3067359831281743,1.4719581382377331
2024-08-21,0.009823268464734358,0.018618423347099993,71.42857142857143,60.75452030440778,0.3287763071312643,1.3775931040622609
2024-08-22,-0.037042924596713434,0.02036671724041318,92.85714285714286,55.59158736228199,0.3367811664651381,0.9220436446304514
2024-08-23,0.04549877451935069,0.02350338612938426,92.85714285714286,59.92903038778867,0.35468560111246944,0.915353894096962
2024-08-26,-0.022493663794158736,0.02515901844708126,85.71428571428572,56.83885880262244,0.36257860204400216,0.7026482714942751
2024-08-27,0.01455008425796267,0.02652053109565844,85.71428571428572,58.302924329047,0.3590503384723958,0.7335093316340776
2024-08-28,-0.02096653914209934,0.026449720219547373,85.71428571428572,55.34707892433873,0.3640540805282829,0.6958924447074356
2024-08-29,-0.06384849862268094,0.02195639948572043,78.57142857142857,47.598979606417,0.35762980191936533,0.29954831114886116
2024-08-30,0.015137478737257348,0.01771185659127256,71.42857142857143,49.295581543049195,0.34711909870050195,0.09752230700195592
2024-09-03,-0.0952501595700942,0.007563116803930576,-35.714285714285715,40.31628300646465,0.32814713124406736,-0.33951698024073235
2024-09-04,-0.01657414495158438,-0.0033123390535632243,-42.85714285714286,39.10851273299045,0.32334568103933425,-0.6498022725947825
2024-09-05,0.009415450033761541,-0.011040076177179876,-42.85714285714286,40.18656264368642,0.2985613597982633,-0.7209261455319044
2024-09-06,-0.04085439206657959,-0.02111462990411415,-57.142857142857146,37.08926584588792,0.30483789141177736,-0.8556069544002226
2024-09-09,0.035398182683382684,-0.024700605665173448,-57.142857142857146,41.14873464504189,0.3003600328158824,-0.6119228535231187
2024-09-10,0.015309448360602662,-0.02617225820087034,-57.142857142857146,42.92481432350368,0.30225704340703013,-0.35992525936108805
2024-09-11,0.08149871225669347,-0.019248739745876958,-57.142857142857146,51.452777954105635,0.3018231297060025,0.13132433577811478
2024-09-12,0.01916170297920705,-0.013365521043465332,-57.142857142857146,53.361052237175166,0.301630403677311,0.44767684610438296
2024-09-13,-0.000335877509690774,-0.008917179730069428,-57.142857142857146,53.32072976990187,0.30058626049858256,0.6075488872476998
2024-09-16,-0.019479412127986873,-0.007017483071682576,-57.142857142857146,50.91840766379193,0.2983989198118399,0.686811575068555
2024-09-17,-0.010190017756232073,-0.006186268026790297,-50.0,49.68196380450722,0.28657187430068104,0.5376716336978334
2024-09-18,-0.019205802435448893,-0.007075916060665328,-42.85714285714286,47.37093390620272,0.279602838717136,0.1490383986677311
2024-09-19,0.03969299861510245,-0.004261829368091719,-35.714285714285715,52.22242193334584,0.26592423714876895,-0.16238527440300576
2024-09-20,-0.01586495374222674,-0.003541914804730942,-28.571428571428573,50.15340324922425,0.2604240867931245,-0.5041079230777337
2024-09-23,0.0022414107830404095,-0.0026988365848758427,28.571428571428573,50.447368606172574,0.2395072833991726,-0.5404320107040204
2024-09-24,0.03965250684776822,0.0011055690950174044,85.71428571428572,55.46260771841668,0.22792160031894387,-0.25991311313732074
2024-09-25,0.021841642396522642,0.0056127450762897034,92.85714285714286,58.079233798855725,0.21405152756188414,-0.0836945650492413
2024-09-26,0.004291134411755326,0.009400533715585545,100.0,58.60503252902151,0.2097173460020621,-0.07321563548532395
2024-09-27,-0.021283513570402368,0.010812125087125512,92.85714285714286,54.91048610377256,0.21443098066854632,-0.08957999216947451
2024-09-30,0.0003296248074460273,0.011657146160522984,85.71428571428572,54.95683861128269,0.21738302496902026,0.1259099643433187
2024-10-01,-0.03656130484631959,0.009624457478891181,78.57142857142857,48.94465095873471,0.2094801761136245,0.014159289330516885
2024-10-02,0.0158118802546241,0.008699417602438404,42.85714285714286,51.33361950037341,0.19612219063228473,0.13185624869205673
2024-10-03,0.03365593649265608,0.010330043407212202,42.85714285714286,56.11508053479696,0.18762286461327993,0.23588310645701233
2024-10-04,0.016849755948416867,0.012839596502197827,42.85714285714286,58.393259759479854,0.1594067619437556,0.487006602955021
2024-10-07,0.022414377927526985,0.016218084701781016,92.85714285714286,61.31843047099543,0.1464566155926146,0.5336666130208726
2024-10-08,0.04047906418155023,0.021268914859313502,100.0,66.06280411895192,0.1521908894689701,0.7111345271202459
2024-10-09,-0.0018060570781733842,0.02537983770724238,85.71428571428572,65.66018357859184,0.17271491120341817,0.6747324357096102
2024-10-10,0.016283577381305925,0.02910628762424763,92.85714285714286,67.57545687361934,0.19667070858357522,0.8370138007027016
2024-10-11,-7.399618556469534e-05,0.03200924365193174,100.0,67.55671726899328,0.21439724416154568,0.8608423238872078
2024-10-14,0.024258130506923825,0.03500318387483066,57.142857142857146,70.44962736019244,0.23355491754764632,0.8087150172759524
2024-10-15,-0.046860147809114516,0.035467810914703704,57.142857142857146,59.20143339957439,0.23008580133253653,0.5453573165866115
2024-10-16,0.03130666189228348,0.035466425328405264,57.142857142857146,63.22767311952446,0.2252432535016149,0.5773712864595216
2024-10-17,0.008915487688009982,0.036292353189869585,78.57142857142857,64.34070679151537,0.22884597363328157,0.2064608352501115
2024-10-18,0.007814114904975744,0.03710481277757976,78.57142857142857,65.33976961121067,0.22608168628432745,0.014712909761616516
2024-10-21,0.0413769094871097,0.0392170167023291,92.85714285714286,70.14658516677238,0.2328133249533788,0.23364631647020925
2024-10-22,-0.0008349857207115008,0.041548106964861296,100.0,69.9271100850124,0.24243753550842748,0.3996023179795034
2024-10-23,-0.028065881225751488,0.041809856934178914,92.85714285714286,62.81845455130216,0.24375708023298195,0.3872162132809109
2024-10-24,0.0060904017110789965,0.040835624613008284,85.71428571428572,63.65761325328232,0.24468296458555075,0.42410369842638623
2024-10-25,0.008047804988076557,0.04012434681363122,78.57142857142857,64.79516756604289,0.23949915549045153,0.26180668384975014
2024-10-28,-0.0072064616454919905,0.03907194001660659,35.714285714285715,62.881818386111036,0.22921158400815186,0.02630442840617435
2024-10-29,0.005194962716427831,0.03779203522610805,35.714285714285715,63.70779723545644,0.20085678917533084,0.0026596626073853093
2024-10-30,-0.01352214811073471,0.035923866218582394,35.714285714285715,59.94888989576673,0.16833417641280846,0.0900799579175961
2024-10-31,-0.04722252844626118,0.03135874472583573,35.714285714285715,49.18280305847183,0.14461355748312388,-0.13909508297828727
2024-11-01,0.019885503238573854,0.02707759930018149,35.714285714285715,52.842076931520964,0.12176016816251035,-0.3296523515826386
2024-11-04,0.0048005452761341605,0.024160850519583336,35.714285714285715,53.72559440680739,0.10458174106270313,-0.5491953295380481
2024-11-05,0.028371923972078328,0.023303780737798922,28.571428571428573,58.67686334478479,0.10069457346562899,-0.45745652349333626
2024-11-06,0.04074041915866444,0.025115688942924194,28.571428571428573,64.68578834561661,0.10535179180747509,-0.17899687248253798
2024-11-07,0.022457437140642522,0.028123665989335724,35.714285714285715,67.59685698924754,0.12037424977606405,0.21916153063271046
2024-11-08,-0.008396148759260424,0.030175627211550433,42.85714285714286,65.378221842401,0.12710083311695813,0.315730737187015
2024-11-11,-0.01605357880891123,0.030461222638791873,42.85714285714286,61.27205616977343,0.13055411151493826,0.23778586442119395
2024-11-12,0.020858971566470874,0.030970073946353757,42.85714285714286,64.35443509588174,0.12634352827513762,0.25580489709275134
2024-11-13,-0.013621912183093277,0.030836860870378856,42.85714285714286,60.87585294978112,0.12490929761602954,0.02999562075601711
2024-11-14,0.0033500005282263157,0.0302120099124676,42.85714285714286,61.420623824521,0.12464526850596833,-0.14817105723093021
2024-11-15,-0.03257000076311012,0.02776495125500144,42.85714285714286,53.58265929565501,0.12172656922784407,-0.30034532595551033
2024-11-18,-0.012889468013778549,0.024015761835692723,42.85714285714286,50.90432248448814,0.1221301204955786,-0.22629260919640537
2024-11-19,0.04894769149750622,0.023285517661622193,42.85714285714286,59.14769904872359,0.12543426827042836,0.142094540287956
2024-11-20,-0.007618436860733158,0.022892706849549988,42.85714285714286,57.4516570049015,0.12582656092563327,0.4149841442141535
2024-11-21,0.005346568980776123,0.02249026967808799,100.0,58.34746083151765,0.12717821845335853,0.4665577795363534
2024-11-22,-0.03218117501976492,0.02009353012157167,92.85714285714286,51.30795499675413,0.1270179017762815,0.20910937454249204
2024-11-25,-0.04177522165480696,0.014681684771456194,-14.285714285714286,44.10795139495291,0.13332426978020734,-0.35501446444123275
2024-11-26,0.0066167233873304365,0.01004932818904782,-21.42857142857143,45.36116679150105,0.13788107138117922,-0.6503559317596542
2024-11-27,-0.011539720356408156,0.005524278045460565,-28.571428571428573,43.51644762885772,0.14368573422754127,-0.614370322376934
2024-11-29,0.021501358933725845,0.0034648476910741762,-28.571428571428573,47.7323769606751,0.13264595579165778,-0.4874855567207339
2024-12-02,0.002748750706194736,0.0021164065561271226,-28.571428571428573,48.27532982287923,0.1270395030651743,-0.4805564825777209
2024-12-03,0.011757937336102975,0.0019581892082260323,-28.571428571428573,50.64367392186968,0.12068949508747902,-0.25145267660693504
2024-12-04,0.034792436439192054,0.004451761476251131,-28.571428571428573,56.99266361694658,0.11963602262320173,0.12720881183284377
2024-12-05,-0.00048226732051226406,0.006370867253243103,-28.571428571428573,56.879642504867256,0.11926878913646473,0.23846000460361308
2024-12-06,-0.0180614256794418,0.0064763290387578176,-28.571428571428573,52.66911935531231,0.11368052657817797,0.1245481487219506
2024-12-09,-0.025484584305924596,0.0044744113023304655,-28.571428571428573,47.43034150088475,0.11203831345888189,0.12113818048896327
2024-12-10,-0.026943134010747105,0.0005888303247204987,-28.571428571428573,42.71612299260592,0.11919378861404104,-0.10431861958886739
2024-12-11,0.0313910005223772,-5.34037453407864e-05,-28.571428571428573,48.91517549343694,0.11283325157865741,-0.007510257137578387
2024-12-12,-0.01414098263620256,-0.001693938562887559,-28.571428571428573,46.40260791121106,0.11116071140488709,0.07203148582293943
2024-12-13,-0.02249910245312403,-0.0048635799473100184,-21.42857142857143,42.69780753380012,0.11224898312976576,-0.07938372052360289
2024-12-16,-0.01675983192306285,-0.008744467059487762,-50.0,40.182093368580055,0.12331355992462546,-0.20640280962833157
2024-12-17,-0.012196757259195001,-0.012748900143851105,-57.142857142857146,38.43697865666853,0.13702888559726684,-0.04955122567904639
2024-12-18,-0.011350635383790997,-0.016752006900156026,-57.142857142857146,36.85248983444827,0.14289940048912703,-0.3222969548667145
2024-12-19,0.013730359219284338,-0.018237060378032313,-57.142857142857146,40.03609044372635,0.1426472119894405,-0.5574946600474615
2024-12-20,0.03076231284490949,-0.016411666859061938,-57.142857142857146,46.618667872631605,0.1309716833501585,-0.22779977132490373
2024-12-23,0.03689673289733797,-0.011840698721846895,-57.142857142857146,53.42579181832836,0.12824840574780344,0.16277576593523788
2024-12-24,0.0039379833345492,-0.008235488499013446,-57.142857142857146,54.123020459583735,0.12951636165570196,0.30620739506216493
2024-12-26,-0.002068300053090444,-0.005529860863826667,-57.142857142857146,53.66680841632837,0.13053535698604496,0.41022394450144883
2024-12-27,-0.020867560753294656,-0.005104850306358642,-50.0,49.17261584213544,0.12980525774729343,0.4320941332600049
2024-12-30,0.003503365184645446,-0.004326725287456708,35.714285714285715,49.91510905428527,0.12972243982913914,0.4301426658918009
2024-12-31,-0.023274378132980278,-0.005670358264551999,35.714285714285715,45.176967841233456,0.13105717414872772,0.21307533807297593
2025-01-02,0.029935239503105615,-0.0040678954587303265,35.714285714285715,51.416177406040596,0.12976822165809623,0.3203093053818498
2025-01-03,0.04453783743425532,0.0006296607469627242,78.57142857142857,59.097818063244155,0.12810580044546221,0.6214094385287556
2025-01-06,0.034332168380527106,0.00667654099117355,85.71428571428572,64.02944695381757,0.14182828775692033,0.5895257827444179
2025-01-07,-0.06216968295911651,0.006818940450149873,92.85714285714286,51.50368047288206,0.13908376981845638,0.0002830904198418329
2025-01-08,-0.0002137492280519515,0.006490372360244323,92.85714285714286,51.468717949949024,0.13993174046806034,-0.31300758088158614
2025-01-10,-0.029976385378567172,0.003882959141136558,71.42857142857143,46.68357258721147,0.13945022318438535,-0.5536773897365294
2025-01-13,-0.019719092421961126,6.701019296764125e-05,71.42857142857143,43.880113778808536,0.14124808871609992,-0.32064532624917474
2025-01-14,-0.011033810731373883,-0.003907963047526572,71.42857142857143,42.37685866426222,0.14526190002939918,-0.33821588555259996
2025-01-15,0.03400159790871582,-0.004125651938534207,-21.42857142857143,48.20093176801947,0.14430336708928002,-0.047753693185122605
2025-01-16,-0.019597890974702215,-0.006031440507488063,-21.42857142857143,45.26460410251163,0.1423481466477992,-0.2389216986794773
2025-01-17,0.0309947977395022,-0.004770841102555262,-21.42857142857143,50.318350866710325,0.13533491140843498,-0.1456267196578134
2025-01-21,0.022656400149754008,-0.0020178210534734465,-21.42857142857143,53.781745720417916,0.12461298524503922,0.08090708661323792
2025-01-22,0.04430891968492312,0.003460569390368461,-21.42857142857143,59.81539891987717,0.12756913170288228,0.40065199082588476
2025-01-23,0.0010199464281070991,0.00771973198101232,-21.42857142857143,59.950749794708905,0.13505015105999293,0.7357129552434987
2025-01-24,-0.031246002438934384,0.008752389700731349,-21.42857142857143,53.94960393977155,0.1365547694721333,0.516538789363272
2025-01-27,-0.16968163578093265,-0.005141672991996791,-85.71428571428572,34.42586490012625,0.1905081460870257,-0.4539262987356628
2025-01-28,0.08925872395812307,-0.009409814465375897,-92.85714285714286,43.96444196732163,0.1996535506661784,0.011516222987208447
2025-01-29,-0.04101098648773027,-0.016943051687660436,-92.85714285714286,40.76821240989029,0.21964425052411646,0.22260251853335725
2025-01-30,0.007679825013795938,-0.021558597862516755,-14.285714285714286,41.589465473407394,0.23446229112982553,0.7181571414931989
2025-01-31,-0.036742909479749786,-0.029027880227293367,-14.285714285714286,38.796628326268696,0.2579540948298755,0.46714872881764874
2025-02-03,-0.028399964833551894,-0.03722758220661068,-42.85714285714286,36.814410915068194,0.2869164546009567,0.46155050631041233
2025-02-04,0.017057972360092988,-0.04051104826958492,-42.85714285714286,38.780174119592985,0.2992969836093034,0.3801732079161095
2025-02-05,0.05208610351925702,-0.03702745142069941,-42.85714285714286,44.549721566692945,0.2852050082465138,0.596287340889114
2025-02-06,0.03084173118325828,-0.03200025810469979,-42.85714285714286,47.84718693695778,0.28163972134359133,0.9214209074139302
2025-02-07,0.00901466535682327,-0.02759695554476073,-42.85714285714286,48.83446964188248,0.27643517584795807,1.1803088328556515
2025-02-10,0.02872779532289771,-0.02115709796203672,-42.85714285714286,51.98222296722845,0.2751914936214402,1.2751342856648185
2025-02-11,-0.005764636082292385,-0.017032355001936374,-42.85714285714286,51.28087523734991,0.2750827166365091,1.2014465378998014
2025-02-12,-0.012500100800761249,-0.014691310703340999,-42.85714285714286,49.723282727306746,0.2750877162228604,1.1241010505592393
2025-02-13,0.031645419735433444,-0.009689761028654115,-42.85714285714286,53.52384377306391,0.2743914782165152,1.1111376216080673
2025-02-14,0.026313864127056608,-0.0038143363953682436,64.28571428571429,56.55761850298268,0.27852321577261485,1.179189171129511
2025-02-18,0.003961129345510628,0.0009499644166082251,71.42857142857143,57.02435823509031,0.28043461455476826,0.9814976600629637
2025-02-19,-0.001219504432556251,0.004568350748874688,71.42857142857143,56.82115195643882,0.27823145534518984,0.8130830688507583
2025-02-20,0.0063206628526371045,0.007805177609575564,71.42857142857143,57.662234515935765,0.2637497325330211,0.7985632720595326
2025-02-21,-0.04053968915003847,0.007338240628087828,71.42857142857143,50.786003254563774,0.2401339844239203,0.482555286492933
2025-02-24,-0.03087105387324096,0.004300511579768889,71.42857142857143,46.42952100626248,0.22443132069197927,0.017783483104419743
2025-02-25,-0.028016729904251747,-0.0005623335800510777,64.28571428571429,42.94059167227913,0.2108957003232447,-0.24893110592366244
2025-02-26,0.036721421594418935,-0.0014792995211229277,57.142857142857146,48.27341607495267,0.21080652496581584,-0.30612891529416975
2025-02-27,-0.08478085940845814,-0.009789582160305028,-50.0,38.90162066808865,0.2173794191171026,-0.7864527979128603
2025-02-28,0.03970042346082736,-0.012421440434871641,-57.142857142857146,43.9260104609545,0.21705900697763275,-0.4804031224633836
2025-03-03,-0.08693561169180597,-0.0236235130824358,-64.28571428571429,36.55543962099833,0.23359848329981478,-0.6175428740135053
2025-03-04,0.01692096058424175,-0.02935766842262459,-71.42857142857143,38.52949588334919,0.23545716417031917,-0.4914213982042158
2025-03-05,0.011294035467766195,-0.032555023278869784,-71.42857142857143,39.8964725792183,0.23870527272902806,-0.2540374443609027
2025-03-06,-0.05737415206781915,-0.04192841169368828,-71.42857142857143,35.52562801714082,0.2707136575428505,-0.4220419301685304
2025-03-07,0.01917329449053251,-0.04485249384535221,-92.85714285714286,37.83596099572176,0.2935140171061779,-0.1897783259051781
2025-03-10,-0.05067006552813769,-0.05403005666658817,-100.0,34.27362455389539,0.3287322937393476,-0.2723452618424333
2025-03-11,0.01663877949201864,-0.056462326555339455,-85.71428571428572,36.2874733144757,0.35042790920399514,-0.27137735278672964
2025-03-12,0.0642758943927102,-0.050071505827340455,-85.71428571428572,43.5966742115959,0.35490964564720257,-0.0811079124474219
2025-03-13,-0.0013824904283022965,-0.0473412119317499,-85.71428571428572,43.47372525701159,0.3592545608271504,-0.024993536033339918
2025-03-14,0.05269074736129342,-0.038382622312140034,-78.57142857142857,49.33068934856582,0.3513533260065118,0.27681086797948873
2025-03-17,-0.017588530428456983,-0.0347980101713101,-57.142857142857146,47.46938873456824,0.3347922523097398,0.26992445979308105
2025-03-18,-0.034301055617923626,-0.034991103980830635,-57.142857142857146,44.04083529939017,0.31507340878299456,0.03557774727957757
2025-03-19,0.018106189014006624,-0.031755902762828844,-57.142857142857146,46.17499713281907,0.2865909067312785,-0.13590262418304846
2025-03-20,0.008594302143642096,-0.02841704806334177,-50.0,47.22252613070023,0.2439549553482764,-0.16413695524380245
2025-03-21,-0.007002441329968412,-0.026432994102405228,-42.85714285714286,46.4229591201995,0.21403114173552487,0.07589803536823433
2025-03-24,0.0315208925704582,-0.02123642471440681,28.571428571428573,50.46069109856667,0.19482616835816305,0.2815098057794558
2025-03-25,-0.005930291014790923,-0.01813649203098183,28.571428571428573,49.67822586020614,0.18408152978768794,0.4372824720103743
2025-03-26,-0.05741983509266513,-0.02119960555062688,28.571428571428573,42.7990904685865,0.15087068777361945,0.2350907501820863
2025-03-27,-0.02048174836394101,-0.024630629395911135,28.571428571428573,40.755642479062196,0.15294073474809786,-0.02610755361659599
2025-03-28,-0.015794709887256286,-0.02839929559670086,28.571428571428573,39.231904531388665,0.1437056698944531,-0.3056288458273374
2025-03-31,-0.011762523359304056,-0.03203374431986435,-71.42857142857143,38.10732486674983,0.15304724877928327,-0.28999665030845223
2025-04-01,0.016331438417687805,-0.032419113268241304,-71.42857142857143,40.62235806677818,0.1574359423746371,-0.018675142835537496
2025-04-02,0.0024511740707169327,-0.03247973773461788,-71.42857142857143,41.01609643632064,0.15961854523220328,0.19025447941459347
2025-04-03,-0.07806560869547752,-0.0417021633906476,-92.85714285714286,33.40096626315495,0.18504768992370496,-0.07583297276828942
2025-04-04,-0.07357551859516365,-0.05631002933192953,-100.0,28.4570494423577,0.24017596158474716,-0.4203385573293123
2025-04-07,0.03530894004649543,-0.05959741815805304,-71.42857142857143,33.19170681238817,0.2654606521518933,-0.224773780261327
2025-04-08,-0.013723755304752783,-0.06498506374069414,-71.42857142857143,32.266339113538166,0.2943512987276376,-0.4441922081523464
2025-04-09,0.18722730392688702,-0.04454104929361739,-71.42857142857143,51.75610388809311,0.29355891404082946,0.0513089897027665
2025-04-10,-0.059127104227762683,-0.04332359972451566,-71.42857142857143,46.36888427513321,0.29467945863613665,0.4269456219075952
2025-04-11,0.031235543708714397,-0.03606479801533279,-71.42857142857143,49.19930415964076,0.28367448761697045,0.7551155932066591
2025-04-14,-0.0019832808404687263,-0.03121494032444063,-64.28571428571429,49.01689044191359,0.27558668771474015,0.7358069807276154
2025-04-15,0.013458586448408472,-0.02558535556359493,-57.142857142857146,50.3592672790392,0.27331192377532565,0.6882988208023054
2025-04-16,-0.06871651463810469,-0.028658915508202577,14.285714285714286,43.91577845085444,0.27157685869791515,0.7008276567594431
2025-04-17,-0.028710965993549165,-0.03248427058626361,14.285714285714286,41.6810068452485,0.27025135918362525,0.5472310375858491
2025-04-21,-0.0451274783927359,-0.03984547138133306,14.285714285714286,38.46303294634858,0.2777741237350627,0.3934251741128204
2025-04-22,0.020431191686657524,-0.04147861566813171,14.285714285714286,40.59817519049474,0.2633201041230851,0.3631820977638978
2025-04-23,0.03862882057633876,-0.03834767666740694,14.285714285714286,44.59251768631202,0.23715550493313262,0.1930328712450596
2025-04-24,0.03621838533588795,-0.03259649390296877,14.285714285714286,48.2424272591812,0.22759735686426563,0.3169278942084922
2025-04-25,0.043033154606440194,-0.02429107412693445,14.285714285714286,52.39991953518077,0.22685726361044764,0.5220961825803301
2025-04-28,-0.020538799855391865,-0.02062281059611567,14.285714285714286,50.23654368352434,0.22578750751120996,0.6151130375984806
2025-04-29,0.002667209356589595,-0.016856987070242118,7.142857142857143,50.51638814275741,0.22641619709560787,0.6270344443811734
2025-04-30,-0.0009173170731193725,-0.013843308834144162,-50.0,50.41111046260478,0.22487019256657448,0.8244211914430764
2025-05-01,0.024697046047989613,-0.00911698296820685,57.142857142857146,53.23431880890492,0.2269271608910131,0.6244526472683205
2025-05-02,0.025893794229703504,-0.0034174373038291217,64.28571428571429,56.124415107306504,0.23551222969417593,0.5106134340425698
2025-05-05,-0.005938814525673242,0.0004355093545632335,64.28571428571429,55.259088766811104,0.21913288720840565,0.44444753023044337
2025-05-06,-0.0024599681461442424,0.003277057419493073,64.28571428571429,54.8838564483655,0.20867525580769844,0.44381719057472363
2025-05-07,0.031002231132380542,0.007699563501771637,85.71428571428572,58.68234374800336,0.19590723225115836,0.5728318415218675
2025-05-08,0.002648142151439492,0.011335180806664345,92.85714285714286,59.00964900359546,0.2028702617149204,0.5967756475641232
2025-05-09,-0.00613441800544956,0.01366482606414873,92.85714285714286,57.86312152462406,0.2108200292968994,0.5495604912739716
2025-05-12,0.05443638214115509,0.01860900373300734,100.0,64.42763314864635,0.23588452909815497,0.7276143533139596
2025-05-13,0.05634139924375514,0.025860731174028796,100.0,69.93286431195456,0.28177206571923635,0.9575014601089411
2025-05-14,0.04163782166299801,0.03393380882424671,100.0,73.39451564955283,0.33757391753705296,1.2517916912933558
2025-05-15,-0.003768368536044231,0.04053420846313924,78.57142857142857,72.54655663477219,0.3696376997217203,1.3080396782651877
2025-05-16,0.0042275972629874925,0.045288749062444796,85.71428571428572,72.92308327704365,0.38601799838087464,1.314746904426027
2025-05-19,0.0012556415747737582,0.04867045090025126,85.71428571428572,73.04184540249477,0.3795929883404624,1.4252755290056183
2025-05-20,-0.008777904230089395,0.05055330134788166,85.71428571428572,70.70419926004277,0.36597105973630606,1.5525068572906322
2025-05-21,-0.01919922573356725,0.05055370872347696,78.57142857142857,65.78828674776477,0.35045194340853153,1.2488840375313714
2025-05-22,0.007814839420440034,0.04943964566055733,78.57142857142857,66.78127414086352,0.34053582383077663,1.0400683096622623
2025-05-23,-0.011593703185720394,0.04794148189746749,78.57142857142857,63.79963778150657,0.33412720239391885,0.916062346214859
2025-05-27,0.032066359556109925,0.04682355742649461,78.57142857142857,68.00522549924982,0.3248657792933658,1.0150763613771328
2025-05-28,-0.005092241416001175,0.04641122944237815,71.42857142857143,66.63877958325902,0.309688120578013,0.5334795769237799
2025-05-29,0.03249033239933863,0.046454026524794335,92.85714285714286,70.66786527162104,0.29545140091924305,0.011038002477243436
2025-05-30,-0.029168887604255844,0.04612083621712812,92.85714285714286,63.064811437677115,0.2760502423587698,-0.3577297187064296
2025-06-02,0.016650625645121986,0.044822610680655725,85.71428571428572,65.29333888447132,0.2624491813339262,-0.35654792163928833
2025-06-03,0.027951647797100687,0.0448622789004667,78.57142857142857,68.75792105800704,0.24750570185334805,-0.12859070126086244
2025-06-04,0.004956718753791334,0.04550684909395801,21.42857142857143,69.35839446840232,0.22493682838563206,0.1375164304382217
2025-06-05,-0.0135990724196281,0.04519642276459325,57.142857142857146,65.61387092046937,0.20320694635179817,0.05230147568206842
2025-06-06,0.012358126807255676,0.04438394417188302,57.142857142857146,67.31719905378141,0.1772057863569443,-0.15696465938383036
2025-06-09,0.006420923796568001,0.0439041551966665,71.42857142857143,68.20922976390726,0.13639896358571704,-0.37937164274285984
2025-06-10,0.009324868335463199,0.04358719424883907,71.42857142857143,69.51872290964147,0.11580867987411816,-0.2639588800588409
2025-06-11,-0.007780504778059361,0.04287284013212038,85.71428571428572,67.01517416068708,0.11199592879721014,-0.2866513506646274
2025-06-12,0.015192863097272857,0.04212870826700111,92.85714285714286,69.32047292566654,0.12053331398322645,-0.03086473238765493
2025-06-13,-0.020896414811245267,0.040752927788562814,92.85714285714286,62.728116702113965,0.12110527508029936,0.02979012308164724
2025-06-16,0.01915888424422807,0.03928191796766733,78.57142857142857,65.86627331321046,0.12569130661269365,0.05206459137637938
2025-06-17,-0.0039394422809438945,0.03811788903849577,78.57142857142857,64.63806306696007,0.12794106679802303,-0.054036466180281385
2025-06-18,0.009436588610226115,0.03705291040036176,78.57142857142857,66.25491715813862,0.12933710038232424,0.11766658360484399
2025-06-20,-0.011204356622444234,0.035580313649552525,100.0,62.56271076908374,0.12032781863611794,0.05856314812750591
2025-06-23,0.0022246227812388053,0.03379443024108402,92.85714285714286,62.99866999579188,0.11170776071956799,0.1587496638950656
2025-06-24,0.02587209709447391,0.0332749665845579,100.0,67.71749346110039,0.10065278266106176,0.4497897782201385
2025-06-25,0.04334008821124535,0.03509291892069513,92.85714285714286,73.88193172598987,0.11868991807529448,0.902249839939276
2025-06-26,0.004601253751937984,0.03739525452239327,100.0,74.46360985725072,0.12925491447446588,0.9527404639430416
2025-06-27,0.01761057090120932,0.03960619563293512,64.28571428571429,76.61970226705822,0.15074189213237218,1.0586881612485086
2025-06-30,0.00152137886377135,0.04145239083974758,64.28571428571429,76.80511109094375,0.15761473956927977,1.159301449482554
2025-07-01,-0.02968543097811993,0.0413324897877213,64.28571428571429,65.82033220400486,0.15387254514396193,0.9759554528327449
2025-07-02,0.025766479270643128,0.040778660663596956,64.28571428571429,69.74503528551,0.16183019363024045,1.0369877810742476
2025-07-03,0.013290824949600433,0.04120604590463662,92.85714285714286,71.60301611037599,0.1719450026029287,0.9642270992992069
2025-07-07,-0.0069033582641536695,0.04122425804760163,92.85714285714286,69.19453287981338,0.17277448169541867,0.8447481540146625
2025-07-08,0.011122327428768619,0.04097582255432388,57.142857142857146,70.88218361777065,0.17666213708642678,0.882609587309275
2025-07-09,0.0180000053536733,0.04136089957605964,78.57142857142857,73.44580161959227,0.18438368047514525,0.8331999372005361
2025-07-10,0.0074902403086287705,0.042041506567324395,85.71428571428572,74.47117245305614,0.19251799689674565,0.9328536812394664
2025-07-11,0.004996947749327463,0.0425226920889494,92.85714285714286,75.16530309496245,0.19624028970246268,0.7958615003451376
2025-07-14,-0.005153983715270205,0.04238618753586105,92.85714285714286,72.95103865080732,0.1981131780390319,0.7295455473404359
2025-07-15,0.040409509883660544,0.043105295716145554,100.0,78.31665327809425,0.20364703624810893,0.6093836101308812
2025-07-16,0.003925041228972859,0.044605322376622174,92.85714285714286,78.77486787797102,0.2097516843619499,0.7049245906637386
2025-07-17,0.00951155137310633,0.04572808345964624,78.57142857142857,79.88835040793472,0.2122288593684976,0.7718925529976388
2025-07-18,-0.003410435657248967,0.046301743512720824,85.71428571428572,78.2873946731307,0.2103974857699911,0.668885986133416
2025-07-21,-0.005974136355490267,0.04589856881850184,85.71428571428572,75.44494801592799,0.19728804234536748,0.425533627250092
2025-07-22,-0.025382175408732666,0.043931907019508026,85.71428571428572,64.75216287301842,0.17338278019239828,0.18295834217663326
2025-07-23,0.022451076719239182,0.04180627515563216,78.57142857142857,68.8507622220524,0.15811819506748592,0.264710354611226
2025-07-24,0.0173323297080894,0.041090696254625976,64.28571428571429,71.6527187577292,0.1580866267693656,0.49127371041472867
2025-07-25,-0.0013815361375324464,0.04056565700793827,100.0,71.09424693552319,0.15558972631632928,0.4573772653805254
2025-07-28,0.01873208260588166,0.0403852735852532,100.0,74.04417557030392,0.16025152217572242,0.6156524817879023
2025-07-29,-0.007015659077064473,0.040089718539216265,100.0,71.06424960179861,0.1599600656085647,0.40734717217033545
2025-07-30,0.021423409485236578,0.0400291739690772,100.0,74.42528147623297,0.15222715091152952,0.5018074120336816
2025-07-31,-0.007809453631763663,0.03987275537512727,92.85714285714286,71.11312972601782,0.14640212994251442,0.29658909607124145
2025-08-01,-0.02333164092101625,0.038076133008904285,92.85714285714286,62.26702175784432,0.13685341031252518,0.18801197637509295
2025-08-04,0.03615001519318861,0.03703333618988753,50.0,68.6269739981755,0.12932621893834823,0.38184649678509214
2025-08-05,-0.009666694738044379,0.03641598038781328,50.0,65.3407747635538,0.11876167206588399,0.44848276873670784
2025-08-06,0.0065074537061389215,0.035522041011735075,50.0,66.49273418847432,0.1131163342379322,0.6260187954529279
2025-08-07,0.00752431604412207,0.03493865644382917,85.71428571428572,67.83269065242872,0.10909813887559691,0.5903947433045621
2025-08-08,0.010676375503661184,0.03477171106798376,85.71428571428572,69.69827982069978,0.10699291048367315,0.662713058449475
2025-08-11,-0.0035028907493092065,0.03437479638979021,85.71428571428572,68.28404965908743,0.09728414949854199,0.6468781287957096
2025-08-12,0.006042027521412363,0.0338537635300484,100.0,69.43214978736849,0.10054067235721216,0.717591767744103
2025-08-13,-0.008571838977268209,0.032819020493352606,50.0,65.77250821532688,0.10048348585387902,0.6724021809768168
2025-08-14,0.0023680104963377246,0.03151925986338603,50.0,66.29648101305034,0.10168274550737653,0.7105811479316355
2025-08-15,-0.00862544130384657,0.029771199978814198,50.0,62.53248678584977,0.09969047677611162,0.7358163221663959
2025-08-18,0.008645049211916778,0.028292552661564604,50.0,64.67837803421791,0.09646186804527805,0.7367288067621942
2025-08-19,-0.034997987650586926,0.025098083806427363,50.0,51.66600824610412,0.0791884010119567,0.3088788177130447
2025-08-20,-0.0013665912335941721,0.021425621506656684,-42.85714285714286,51.247620036970446,0.07060081235584725,0.46377612503214677
2025-08-21,-0.0023945457588205876,0.01812965492562583,-42.85714285714286,50.477344138829295,0.0686303133807776,0.4207824148363144
2025-08-22,0.017202073354147362,0.01639073725723643,-42.85714285714286,55.62502784323716,0.06323223192941839,0.6555475542023884
2025-08-25,0.010225316354963043,0.015736540658792753,-42.85714285714286,58.438162643299684,0.062235352194024686,0.7568566405269155
2025-08-26,0.010900366569657205,0.015871184657851343,-42.85714285714286,61.28461130016153,0.06048284035989277,0.9632266967880969
2025-08-27,-0.0009351750270149006,0.01586898984431757,-42.85714285714286,60.895085974625204,0.061328800114937215,1.1630666284707545
2025-08-28,-0.007874598727247717,0.015166040945406457,-42.85714285714286,57.57945854860967,0.060730433398547695,1.0806429559200845
2025-08-29,-0.03324635455335401,0.012093724823627718,-42.85714285714286,46.225822365050185,0.05963618630047568,0.6699074462932848
2025-09-02,-0.019520010959736545,0.0077340093757773225,-100.0,41.25344434101319,0.07380781028622756,0.6034585349896497
2025-09-03,-0.0009368681625865349,0.003970487898271479,-14.285714285714286,41.02977806782142,0.0850372886366811,0.5257931467478784
2025-09-04,0.0060954432502766664,0.0014483479065626177,-14.285714285714286,43.186031676364614,0.09208596783484256,0.6683284322254346
2025-09-05,-0.02703025175833773,-0.0027561039614960653,-35.714285714285715,36.73264178514187,0.10718864422519803,0.7314391661030332
2025-09-08,0.00772375239776002,-0.0053925159146279095,-35.714285714285715,39.442071499269325,0.1139732642861816,0.5501990939448267
2025-09-09,0.014556344090966178,-0.006162287820379845,-35.714285714285715,44.31909267239649,0.11526962094625061,0.6840970241228774
2025-09-10,0.03847512663982333,-0.003549951096375949,-35.714285714285715,54.82572276045953,0.1102766942228197,0.6574944256715108
2025-09-11,-0.0008460227399664788,-0.0017106052257577675,-35.714285714285715,54.5724936100269,0.10696592203246834,0.41960572236378463
2025-09-12,0.003668914997253303,4.483930227095054e-05,-35.714285714285715,55.530923093461624,0.10291330766167163,0.3512223985258897
2025-09-15,-0.00039378074154128306,0.001383909667830945,-35.714285714285715,55.39533970717942,0.10066446619337405,0.42607758568792586
2025-09-16,-0.01614620751539797,0.0011477695535613874,-35.714285714285715,50.00613631642167,0.09521897668392078,0.23902076264029148
2025-09-17,-0.026246632386828783,-0.0011931798967367458,-35.714285714285715,42.829617239418326,0.09850205116933794,0.05515604135145207
2025-09-18,0.034940558861758175,-0.00024215594943183895,-35.714285714285715,52.37174318574402,0.09865524113559748,0.18041784576601488
2025-09-19,0.0024396700010240746,0.0006671371996460903,28.571428571428573,52.98245361372423,0.0989341286018901,0.22377115474555798
2025-09-22,0.03928247356775705,0.004334843175706226,78.57142857142857,61.55195542888687,0.10664162089890349,0.5969333499936887
2025-09-23,-0.02821204324514892,0.005071296658738201,78.57142857142857,53.68664482900311,0.10542868770964989,0.5961105207517396
2025-09-24,-0.008182577209651543,0.004879083234262801,78.57142857142857,51.682054815652926,0.10055675515325681,0.47393396788003705
2025-09-25,0.004068560701492752,0.004944547391517702,78.57142857142857,52.62157692619596,0.0958649972301413,0.47218529531284187
2025-09-26,0.002813916776754244,0.0051649168392682195,64.28571428571429,53.30066753096894,0.09357270606115972,0.51611049929148
2025-09-29,0.020539832406133218,0.006788649281769268,64.28571428571429,58.041530878772285,0.09959850503785161,0.4291081237216485
2025-09-30,0.026010415975390444,0.009882735122019998,64.28571428571429,63.23593081932491,0.11111930806217207,0.6422737316787704
2025-10-01,0.003537489626781909,0.012566826146133261,71.42857142857143,63.90738810796108,0.11990205429737165,0.8436662544680155
2025-10-02,0.008812141321341782,0.015123520826810182,78.57142857142857,65.5988875824269,0.12990254338170582,0.757079947065224
2025-10-03,-0.006723587692724298,0.01661564830392354,78.57142857142857,63.1458023089397,0.12557649208133204,0.6247598135290808
2025-10-06,-0.011086069958973543,0.016817213401451647,78.57142857142857,59.238714741765676,0.11711659354667774,0.550994191015893
2025-10-07,-0.0026949451662621193,0.01646694590512261,78.57142857142857,58.304755055703176,0.1103400328678461,0.330477115470814
2025-10-08,0.021995244258107505,0.017342413828151965,71.42857142857143,63.36744441244427,0.11667272005608237,0.36355672914128023
2025-10-09,0.018296262883585657,0.019216295295846342,71.42857142857143,67.0322521162054,0.12724047465667948,0.2545827613358407
2025-10-10,-0.04886528340035956,0.01767519636484677,78.57142857142857,51.84206482379907,0.12573367098277588,-0.2070173125971754
2025-10-13,0.028172128584115885,0.017254131522998883,78.57142857142857,57.52599216830143,0.12708967080879766,-0.34612796916505256
2025-10-14,-0.044020898547892484,0.014221452084316346,78.57142857142857,47.77085415335397,0.12183113378418693,-0.6915598342149334
2025-10-15,-0.0011109367543433724,0.01098444922433035,78.57142857142857,47.56130468000386,0.1057391502070238,-0.8873039763680809
2025-10-16,0.011010301712886639,0.009089006916600159,71.42857142857143,49.904116639736316,0.10005017302884403,-0.831849349557508
2025-10-17,0.007755442021748715,0.008149582751209791,-21.42857142857143,51.5637186323123,0.0939880529154953,-0.5603079534619131
2025-10-20,-0.0031655906969700887,0.0071455898105738744,-21.42857142857143,50.817944959439195,0.0941681775479792,-0.5067420408639352
2025-10-21,-0.008103334367036585,0.005656696211187879,-21.42857142857143,48.87540530722716,0.09130412599218991,-0.4601412013041529
2025-10-22,-0.00485768219622118,0.004011965503276564,-57.142857142857146,47.707635770363446,0.08653281499348574,-0.3869457307436436
2025-10-23,0.010428290928224948,0.003451893745848832,-57.142857142857146,50.4323384493919,0.0811155708161726,-0.22749288819126925
2025-10-24,0.02250765250109077,0.0046959807291519235,-57.142857142857146,55.83675773141684,0.07552047735197513,-0.046401278699720265
2025-10-27,0.028079106159197842,0.007700416656219955,-57.142857142857146,61.58984534176844,0.08041871479297631,0.23206653832611282
2025-10-28,0.04981974113173093,0.013374940417091058,28.571428571428573,69.41621955047421,0.10940295032657733,0.6446160873492144
2025-10-29,0.029896114443249244,0.01974912785139657,35.714285714285715,73.13059125828765,0.14703304382333746,0.534235230716309
2025-10-30,-0.020044482387303164,0.02369830392421805,35.714285714285715,67.0729979157075,0.1642699617914428,0.32848790689367885
2025-10-31,-0.001971455471800998,0.026100018070672144,35.714285714285715,66.50123770251065,0.1776275944604004,-0.056019124824827855
2025-11-03,0.021680051195482886,0.02875367211697585,35.714285714285715,69.56747125044419,0.19549159930850363,-0.3889653097780663
2025-11-04,-0.03958824112615966,0.02892608732089163,35.714285714285715,58.761268057264616,0.1981033304555826,-0.7437132567443498
2025-11-05,-0.017514631193840113,0.026876483822615628,35.714285714285715,54.86172841027263,0.19911228996458022,-1.0815726591844657
2025-11-06,-0.036524699385851234,0.02246733772761713,35.714285714285715,47.85456870696894,0.19930788218231088,-1.3928344729112918
2025-11-07,0.0003719741924403941,0.01798156548237373,35.714285714285715,47.924852382981044,0.19648310455759843,-0.9224973762315197
2025-11-10,0.05793266405042896,0.017855680665376905,35.714285714285715,57.5295186251704,0.19954408302276092,-0.41211409822983724
2025-11-11,-0.029590595740832115,0.01645134013620936,35.714285714285715,51.953322813928395,0.19204728427169973,-0.19820023931290234
2025-11-12,0.0033132525827326287,0.014951779501250763,-50.0,52.492154501247946,0.18309828211850296,-0.057839210037308394
2025-11-13,-0.035810053573176126,0.011193272897414923,-50.0,46.41352120024744,0.17798560422225093,-0.06959000793233983
2025-11-14,0.017713739487007718,0.008940633415756353,-50.0,49.42186144152135,0.17253865788832934,0.202157892380057
2025-11-17,-0.01877257113277353,0.005838575018767996,-50.0,46.39647703351058,0.1681924693212751,0.286196206769945
2025-11-18,-0.028081548944694834,0.0009954683353572548,-50.0,42.3030692791511,0.16788194694110015,0.169182785377449
2025-11-19,0.02845174000170836,-0.0006542315332684165,-28.571428571428573,47.239480682352394,0.15958436945471197,0.29729538055897203
2025-11-20,-0.03152479724769042,-0.004576780159575919,-28.571428571428573,42.750835149261704,0.16206565272895945,-0.1858752453128102
2025-11-21,-0.009743078144453632,-0.008440623445802096,-100.0,41.48034975097662,0.1723844169081394,-0.34572785302428866
2025-11-24,0.020516524026680916,-0.009504731375027024,-92.85714285714286,45.14143376542192,0.17904484383385458,-0.08058079669034554
2025-11-25,-0.025910676352574047,-0.012760652441452669,-100.0,41.53481724101184,0.1870296696147564,0.48689860259705753
2025-11-26,0.013721598736048168,-0.013685694953077863,-78.57142857142857,44.01949933203399,0.1787201919058391,0.6391359083942524
2025-11-28,-0.01808492846544285,-0.01612408327856979,-78.57142857142857,41.482865778182855,0.1780314327129943,0.5268466973260257
2025-12-01,0.016497197970264388,-0.016072105211432607,-78.57142857142857,44.56430852903285,0.1701070761588824,0.6889974898577811
2025-12-02,0.008559426101467427,-0.01523999885118959,-21.42857142857143,46.17416500869237,0.14445146160659444,0.5505749874848138
2025-12-03,-0.010305266298823001,-0.01550309095245218,-21.42857142857143,44.48485026583589,0.1346806036346319,0.26283813200669104
2025-12-04,0.02116036298998414,-0.013435901265469709,-21.42857142857143,48.60034072263313,0.12611620020865352,0.2509323763036969
2025-12-05,-0.005289519918164842,-0.012402445610687752,-21.42857142857143,47.629697377210064,0.1256458274875002,0.1782512895663266
2025-12-08,0.017213998994173974,-0.00985264254093849,-21.42857142857143,51.0386476468928,0.12454553625646261,0.16983567233030616
2025-12-09,-0.0031259126312241925,-0.008182027675327242,-21.42857142857143,50.38620950203156,0.10138988281261221,0.23394585326841327
2025-12-10,-0.006433411769608877,-0.0073159666234993625,-21.42857142857143,49.00218079451038,0.08983756883846353,0.24694878590130726
2025-12-11,-0.01550779126219859,-0.007871709601942589,-21.42857142857143,45.76019201255734,0.07308094789225046,0.47176487367905584
2025-12-12,-0.03266452212921567,-0.011095264013460329,57.142857142857146,39.869572075397045,0.07820514542561853,0.22741246896602954
2025-12-15,0.007256190132717499,-0.01261576110578877,57.142857142857146,41.609026387117055,0.07111044981201556,0.0413528154140542
2025-12-16,0.008111748644499261,-0.01297355781911634,57.142857142857146,43.587914969520675,0.06773694446198994,0.09516358333814295
2025-12-17,-0.03814992030459552,-0.0168725536684772,-50.0,37.158060124829476,0.08285883679410593,-0.1665320760882571
2025-12-18,0.01872005454267267,-0.017510748874548142,-50.0,41.54124866363025,0.08181494261765854,-0.23822975928419493
2025-12-19,0.03933629234179148,-0.01435164570257794,-50.0,49.6389410487634,0.08193131838244146,0.16966416514671698
2025-12-22,0.014917856005967955,-0.010879919269226587,-50.0,52.43564876959017,0.08395360751430907,0.4246675582082158
2025-12-23,0.030050696890744133,-0.005634659307629337,28.571428571428573,57.617686824956216,0.09446912247871413,0.7577336587649437
2025-12-24,-0.003171176350336813,-0.0019688109173019584,28.571428571428573,56.89211529792163,0.1014548088092669,0.9183779244520647
2025-12-26,0.010179787555644415,0.0017341824025387715,42.85714285714286,58.68501345211503,0.11138976052520726,0.9149492203455982
2025-12-29,-0.012124095639676424,0.0036775030621193374,42.85714285714286,55.68429250179352,0.11351295027378826,0.9644260865095439
2025-12-30,-0.0036128388270515455,0.004870857772116978,42.85714285714286,54.796045139217185,0.1159502959998316,0.8387070658548771
2025-12-31,-0.005545457451715419,0.005327034928963939,42.85714285714286,53.39326598525158,0.11745530345114472,0.5101255759574729
2026-01-02,0.012600613583971576,0.00652540420832027,71.42857142857143,56.12643772726011,0.11992967595539934,0.140993712656528
2026-01-05,-0.00386553447189375,0.0071611895758597185,78.57142857142857,55.046524448280884,0.12226536169915948,-0.17537037503300595
2026-01-06,-0.004677861544826745,0.007218468047186645,78.57142857142857,53.705066316294925,0.12351042294611762,-0.5636388204211634
2026-01-07,0.00998716419134471,0.007872783626298558,78.57142857142857,56.15049545849982,0.12596452801371716,-0.676933959999963
2026-01-08,-0.021521960309205612,0.0067807122258225815,78.57142857142857,49.96432584832707,0.1259803614335552,-0.840027236401268
2026-01-09,-0.0009726849758689982,0.005640050291276951,71.42857142857143,49.70354138623333,0.126079388058076,-0.8854768954482564
2026-01-12,0.00043278968903170956,0.004709409117659613,64.28571428571429,49.82889650621563,0.12530540028819187,-0.835159984666572
2026-01-13,0.004704210650191332,0.004283630982104442,57.142857142857146,51.25170534155349,0.11711062060489506,-0.7221054752128448
2026-01-14,-0.014369548439946755,0.002812631186123152,-50.0,46.85961853874256,0.10999677148843294,-0.5292567594997057
2026-01-15,0.021349742108958125,0.003213659193638417,-50.0,53.18640140491342,0.10442007406756655,-0.6291492687140662
2026-01-16,-0.0043838497320904946,0.003201622104515779,-50.0,51.79370194194135,0.07646490122644085,-0.9511799762309786
2026-01-20,-0.043816680896523685,-0.0003668004929808472,-71.42857142857143,40.44426773197961,0.06343110784095586,-1.332796394807007
2026-01-21,0.029482806126936323,-0.0008950459190868653,-71.42857142857143,48.29460483630127,0.05982560982142641,-1.20073004977817
2026-01-22,0.008291414334357983,-0.0006402119383305486,-71.42857142857143,50.33574236627302,0.058884192328432984,-1.1076863998975364
2026-01-23,0.015310547591580237,0.0007705306395216584,-71.42857142857143,53.97849811517483,0.05761853927855714,-1.0696796018649068
2026-01-26,-0.00639415348837058,0.0013580773229765971,-71.42857142857143,52.22915492941862,0.05651909072491936,-1.1319848978707903
2026-01-27,0.010993712336375028,0.002646935960607997,-64.28571428571429,54.91713393441946,0.053686769735602255,-0.971876778650925
2026-01-28,0.015913348721937837,0.004830699631510284,42.85714285714286,58.58932761840337,0.058668412289341824,-0.7242637314352913
2026-01-29,0.005169239280915727,0.006895774268320977,50.0,59.75436341317647,0.06534044312501573,-0.3011422752061536
2026-01-30,-0.007168415497976088,0.007939664914204184,57.142857142857146,57.33304233933079,0.06876119394447558,-0.21976563445377043
2026-02-02,-0.028880930847569264,0.006512226460694527,57.142857142857146,48.8125859411069,0.06818054472701562,-0.4098509722649972
2026-02-03,-0.02839291451472381,0.002953549886856814,-14.285714285714286,42.34275495807083,0.07372245424769039,-0.5197231315764219
2026-02-04,-0.0341021289659974,-0.0028344014723684675,-21.42857142857143,36.296663660508635,0.09265734439863961,-0.7012485640117383
2026-02-05,-0.013261403525100302,-0.008590329538518196,-28.571428571428573,34.31468274839073,0.11126031802649018,-0.9852811458005905
2026-02-06,0.07871770419569057,-0.0062043518003130045,-28.571428571428573,51.142671277571615,0.11129275600875636,-0.666123140525781
2026-02-09,0.024971658454912227,-0.00269605898049329,-28.571428571428573,55.357499456116464,0.11398412761179008,-0.3713505409601686
2026-02-10,-0.007893114950312197,-0.0006700399464734623,-28.571428571428573,53.739995455082735,0.11513246283418037,-0.43603593761233683
2026-02-11,0.008009045930616798,0.0015680773816811662,-28.571428571428573,55.16038123017083,0.11730455576504127,-0.5390056651264541
2026-02-12,-0.01636418228460701,0.0020273178011807735,-28.571428571428573,51.64333891589623,0.11689649863704964,-0.8361310813377405
2026-02-13,-0.02209274727292243,0.0005943254057286414,-28.571428571428573,47.32774492261257,0.11743512900075284,-1.0551172801456545
2026-02-17,0.011815606660472655,0.00036717091088255287,-28.571428571428573,49.69542178288437,0.11739327349554997,-0.9124600328372248
2026-02-18,0.016272839831405594,0.0014647369936173487,-28.571428571428573,52.87442221811622,0.11213892045856821,-0.8744834156010696
2026-02-19,-0.00042552512892690686,0.002279592523421612,-28.571428571428573,52.77896674735697,0.11177215721917327,-0.639010843735032
2026-02-20,0.010218334412386287,0.0036691900777759395,-28.571428571428573,54.88437771793906,0.11289130814520333,-0.22263425205140613
2026-02-23,0.009113767839714404,0.0054118591690535175,78.57142857142857,56.75528478980403,0.11535658382630973,-0.06490834935254441
2026-02-24,0.006786827395534711,0.007233792353127945,78.57142857142857,58.159444051472455,0.11902438860947162,0.2363771423014972
2026-02-25,0.014052296937936637,0.009593548634538304,92.85714285714286,61.002118127799235,0.12556474508251492,0.2951536199061406
2026-02-26,-0.054561288253833995,0.007466483646477772,92.85714285714286,47.35897949504111,0.12421724114484566,-0.27483662395432357
2026-02-27,-0.04164629289442512,0.0020440403230211172,85.71428571428572,40.346315164779796,0.12896219802851186,-0.8572748829902693
2026-03-02,0.02985494874285899,-9.731955033182957e-05,-21.42857142857143,46.23637553368623,0.1276373834995113,-0.743754951897034
2026-03-03,-0.01331663634113589,-0.002827436456920487,-21.42857142857143,44.08312861962477,0.13041907357888666,-0.4572995763725414
2026-03-04,0.01660656891157819,-0.0035494811341495536,-21.42857142857143,47.3332137061345,0.1285524728665203,-0.21366818549099273
2026-03-05,0.0016389107184711094,-0.003973670322743683,-21.42857142857143,47.661900905114834,0.1163303544257771,0.16868605582890195
2026-03-06,-0.030107816435017698,-0.00687400288134064,-21.42857142857143,42.41626406777719,0.1021189965280742,0.09370570897247966
2026-03-09,0.027162131860685834,-0.006624644157402192,-21.42857142857143,47.827102364719224,0.1034744900873183,0.33330751652958746
2026-03-10,0.011606901740507825,-0.005506380847398364,-21.42857142857143,50.04587211794982,0.1018213789503567,0.47126579715570377
2026-03-11,0.006873790075621278,-0.004050867992483517,-21.42857142857143,51.379883987521836,0.10097876933562185,0.4852598430184536
2026-03-12,-0.015535038307747384,-0.004198279815243379,-21.42857142857143,48.223957056595744,0.09934257289264481,0.41287251094604854
2026-03-13,-0.015780351087926303,-0.0055624562327862784,-21.42857142857143,45.231912536162355,0.10188481546453153,0.10404281727501015
2026-03-16,0.01647719771483347,-0.00511640353359583,-21.42857142857143,48.75102993603027,0.10168547286737396,-0.21831459613069767
2026-03-17,-0.007040829213523114,-0.005378802698810525,-21.42857142857143,47.32853088629911,0.10277238706590205,-0.5913171435970708
2026-03-18,-0.008409793966310586,-0.006217822714213482,-14.285714285714286,45.628027485167514,0.10374338700184588,-0.9463471881252707
2026-03-19,-0.01019953657814543,-0.007660345616401198,71.42857142857143,43.59920054695737,0.1060615864256559,-0.9171474191675257
2026-03-20,-0.03281817417975763,-0.011653449755105672,-28.571428571428573,37.82999624777589,0.11498823533996079,-1.0972390431528385
2026-03-23,0.017023791970691482,-0.012868406891472287,-28.571428571428573,41.97822860360736,0.11256230045394372,-1.2408726070052436
2026-03-24,-0.0025051173356209766,-0.014061540929799164,-28.571428571428573,41.53159809204871,0.10468239721773961,-1.1708029102315134
2026-03-25,0.019862999468737152,-0.012968657620522565,-28.571428571428573,46.38988478316256,0.07755053258936652,-1.0713430668198514
2026-03-26,-0.04163861015929882,-0.01617425746378214,-57.142857142857146,38.94019842055203,0.08682597062073066,-1.2301077430946736
2026-03-27,-0.021723990228629808,-0.020232487434833784,-64.28571428571429,35.84098162597653,0.10532857240946665,-1.4300083911962136
2026-03-30,-0.014028142284060685,-0.024360831365189854,-71.42857142857143,34.00004057459049,0.12528402567054267,-1.57932794009832
2026-03-31,0.055881839591958915,-0.021436422073924724,-71.42857142857143,45.779898386184136,0.12683635244899508,-1.1297708194938545
2026-04-01,0.007740840395765725,-0.01914534470939426,-71.42857142857143,47.26252945993634,0.12521520517505652,-0.9156354764915583
2026-04-02,0.009331355671513775,-0.016364087881436142,-71.42857142857143,49.083980038058975,0.12227468393917534,-0.5145226039793288
2026-04-06,0.0014093555967893412,-0.014005065334459891,-71.42857142857143,49.371052336503176,0.1222767351328779,-0.15541929685868078
2026-04-07,0.0025895233556876285,-0.011778198558150795,-64.28571428571429,49.930431471546754,0.11969627608344473,0.21846175202230406
2026-04-08,0.02234704465123949,-0.007966911223548208,42.85714285714286,54.60384823058324,0.11625920180346412,0.28324047184796664
2026-04-09,0.010050495641456214,-0.004247341483644146,42.85714285714286,56.60928018005157,0.11266056625781382,0.47216884762580486
2026-04-10,0.025664770571296014,0.000682948713812839,57.142857142857146,61.35167048148211,0.12269268315503391,0.6723579933993088
2026-04-13,0.0036048719201053903,0.004725195859688949,57.142857142857146,61.996093806192775,0.13507418310853775,0.9136156859495285
2026-04-14,0.03803284870668322,0.010475806832179373,71.42857142857143,68.06750724134125,0.16089506983038523,1.2309258771846423
2026-04-15,0.012009626504063453,0.015766217037897014,78.57142857142857,69.77215697105413,0.18782403843649256,1.3627448531515785
2026-04-16,-0.0026147732496876186,0.01967170424215365,78.57142857142857,68.89940336509024,0.20822720814470017,1.3698687665961071
2026-04-17,0.01678841329925218,0.0234210409242172,92.85714285714286,71.3692263063623,0.23067874584692485,1.5531519022316123
2026-04-20,0.00188418170800575,0.026446599744855605,100.0,71.64594637652301,0.24428285935084393,1.7222816195455333
2026-04-21,-0.010788749382758311,0.027991528034863055,100.0,67.60891551653768,0.2524887547175633,1.5368948911957603
2026-04-22,0.013107807107300529,0.029318304628604387,85.71428571428572,69.81061187400883,0.2606844798069039,1.5444999264022297
2026-04-23,-0.014123493526625008,0.029598812327993204,100.0,64.6450270715026,0.2650159471803666,1.3462896187485143
2026-04-24,0.04322782178848095,0.031249723883073007,92.85714285714286,71.4982898982633,0.2696216008294879,1.344418242788646
2026-04-27,0.040044191332756496,0.034943103949895374,100.0,76.28291769272442,0.2759201873301064,1.5722338914629614
2026-04-28,-0.015881097300298075,0.03771329572774478,92.85714285714286,70.98935653455104,0.261447682586975,1.7236482185789064
2026-04-29,-0.018389061795900274,0.038248519252955436,85.71428571428572,65.41837505887058,0.25256487412538575,1.5571383951490978
2026-04-30,-0.04626040060709802,0.03563672535420962,78.57142857142857,54.12313836936177,0.2348992091376524,0.9413154688854511
2026-05-01,-0.005612147816344004,0.03145967935081553,71.42857142857143,52.983234414474225,0.21676305384645422,0.4777906439295074
2026-05-04,0.00015112563163932613,0.027678844329568048,64.28571428571429,53.011772436815065,0.19564862763459617,0.2652774311660936
2026-05-05,-0.009975789648880573,0.023847051269389373,-35.714285714285715,50.818694365215165,0.17160183878300878,-0.031104177937272486
2026-05-06,0.05765907262779835,0.02359384594361102,-35.714285714285715,60.80973703137376,0.15515434628240943,0.20220544175161528
2026-05-07,0.017658692123978748,0.025110393533634298,-35.714285714285715,63.403172593680466,0.1414149448731769,0.38206375837883516
2026-05-08,0.017494074517685254,0.02725196469047147,28.571428571428573,65.85633704082274,0.1382655016326838,0.4088365954953137
2026-05-11,0.019702606404692125,0.029939354984549183,35.714285714285715,68.46504088408784,0.13908105971624662,0.49142606034526415
2026-05-12,0.00610645504387497,0.03240546021118333,42.85714285714286,69.26428900963273,0.1489458342088545,0.5916597418972327
2026-05-13,0.02287344570440042,0.03513174744214559,50.0,72.13098728423243,0.16642235983211645,0.7030265778981643
2026-05-14,0.043882590852662995,0.03921486645470249,57.142857142857146,76.71973248598832,0.1983053019837581,0.9791752017557112
2026-05-15,-0.04420118716323329,0.04142928813708094,57.142857142857146,64.66354762338099,0.20524503326389593,0.7264928037682664
2026-05-18,-0.013314421461033787,0.0407517365786297,57.142857142857146,61.659265574871384,0.20670323037954194,0.45723460739064703
2026-05-19,-0.007691684867105919,0.03900491341098041,57.142857142857146,59.94952748928269,0.20283649677057206,0.254911034120974
2026-05-20,0.012964088201498525,0.03749245246967139,57.142857142857146,61.854657279680715,0.20204102055348316,0.1692008088974995
2026-05-21,-0.017720518937572316,0.035486553536440445,57.142857142857146,57.75788876615038,0.19353188076726163,-0.15895955590107866
2026-05-22,-0.019042430153974776,0.03207233549531273,57.142857142857146,53.713800786738474,0.19145048361082356,-0.5626533509482233
2026-05-26,-0.0021826484173934624,0.028379999450589867,50.0,53.262230915506635,0.191364543265561,-0.697170486524533
2026-05-27,-0.010518506254522997,0.024527670779216554,42.85714285714286,51.04016389308291,0.1914808958204053,-0.5481287605335127
2026-05-28,0.007760996387428776,0.021446247865145762,35.714285714285715,52.595114762890674,0.18989235456303122,-0.3220698183148828
2026-05-29,-0.014515671494445215,0.018039529752197164,-57.142857142857146,49.40980457004736,0.17875193806997414,-0.7582691454397829
2026-06-01,0.06261247606516585,0.018738819669804303,-57.142857142857146,60.391172923995306,0.1656007359839967,-0.4953966686989227
2026-06-02,-0.006864017859425142,0.019492178674419044,-57.142857142857146,58.790242441881226,0.14702555875091672,-0.6113655216405036
2026-06-03,-0.0362175484022057,0.01750360257172194,-57.142857142857146,51.139715305713885,0.11676579178045875,-0.8868093990744677
2026-06-04,0.019393936372648524,0.016401253389003643,-57.142857142857146,54.435248779470434,0.10692857034047268,-0.7691726895107577
2026-06-05,-0.06201409311178452,0.011369668869837457,-21.42857142857143,44.014155807280076,0.11703032980523978,-0.9857122207828518
2026-06-08,0.017259863209897475,0.007692493990865004,-21.42857142857143,46.87353608782362,0.1232820682508578,-0.9591072195413062
2026-06-09,-0.0021568077897530236,0.004713104787232598,-35.714285714285715,46.54808465433525,0.1302938624582563,-0.6986224007751983
2026-06-10,-0.03732170883628583,-0.0006909290093074991,-35.714285714285715,41.22551210731039,0.1481188624428423,-0.7907070962211913
2026-06-11,0.022203355415576276,-0.003217494905282226,-35.714285714285715,45.09750713154715,0.1518224285816705,-0.5320153389400246
2026-06-12,0.001562034792462752,-0.0050396108656034985,-35.714285714285715,45.376197489766746,0.1341204942007501,-0.39617741662304723
2026-06-15,0.035381798294886524,-0.0034684934429258466,-35.714285714285715,51.403050813306685,0.12672346296815382,-0.04892812627015232
2026-06-16,-0.02372321070531358,-0.004328087958867411,-35.714285714285715,47.486051251868126,0.12453960021577723,-0.1269442811801416
2026-06-17,-0.013307036154839746,-0.0060279466583719726,-35.714285714285715,45.443819735454916,0.12544088781916637,-0.2647918084032011
2026-06-18,0.02951387968799768,-0.004750722342736379,-35.714285714285715,50.46454811421472,0.11667511566402368,0.026723627355661313
2026-06-22,-0.009682543514892727,-0.004648707456379034,-35.714285714285715,48.83002975060428,0.11276663442852101,-0.01770251300590076
2026-06-23,-0.041265258841880814,-0.008105712875803073,-35.714285714285715,42.563904021042134,0.12064434946454983,-0.31585445212099
2026-06-24,-0.0051989405557835155,-0.011037168872999305,-100.0,41.86506473807389,0.12839248168961412,-0.4238504112470758
2026-06-25,-0.016381866490950747,-0.014722929485925185,-100.0,39.6665482965886,0.1405714841871516,-0.47713840116742023
2026-06-26,-0.01639934947644639,-0.01891727307535461,-100.0,37.57416274934279,0.15470872980394706,-0.5851092934788629
2026-06-29,0.012673341139074923,-0.02052444477009903,-35.714285714285715,40.15814966099925,0.16348760475220026,-0.4069380990929812
2026-06-30,0.02626042914387483,-0.019137796027354485,-35.714285714285715,45.27687232027542,0.14763976881454133,-0.04362055205541155
2026-07-01,-0.012544317296997565,-0.019489942977601964,-35.714285714285715,43.320560274390495,0.13155303707745158,0.18963646912672505
2026-07-02,-0.01391836946126268,-0.0207523917899286,-35.714285714285715,41.21917984363404,0.13019510990191827,0.17212335533391926
2026-07-06,0.003695515201847188,-0.02091736405862719,-35.714285714285715,42.01228504585144,0.11555675998203446,0.1257724956002718
2026-07-07,0.007056972054506172,-0.020162867327546925,-35.714285714285715,43.583485091447095,0.11731755265730821,0.2391307447740093
2026-07-08,0.03651042281166639,-0.015961527640225296,-35.714285714285715,51.02865641314186,0.11393632506925216,0.49302225878069716
2026-07-09,-0.006564759723208469,-0.01365776998150618,-35.714285714285715,49.71194817069171,0.11035815651069537,0.6511695398062475
2026-07-10,0.040339338414540515,-0.00807101721940336,-35.714285714285715,57.00526210432171,0.11734665688009403,0.949106201767607
2026-07-13,-0.035220001821865354,-0.007075646378026202,-35.714285714285715,49.922870273958075,0.11687316789242368,0.7799752331366376
2026-07-14,0.040632911458909016,-0.0026358472240438223,71.42857142857143,56.41391246896957,0.12361926758188299,0.8737991516307406
2026-07-15,0.00330493787563535,0.000916820551639642,78.57142857142857,56.922879055692896,0.12369888688717302,1.01155391659807
2026-07-16,-0.023999998849817294,0.0018119561261010185,78.57142857142857,52.145156622099535,0.12369098319754109,0.8771102773710107
2026-07-17,-0.0221311464542836,0.0007255709570305141,78.57142857142857,48.222243734916844,0.12329253155173057,0.7742989540699882
2026-07-20,0.002317478251045113,1.884331003836588e-05,78.57142857142857,48.64826070339262,0.1174198089918308,0.5497132636131564
2026-07-21,0.019726438214064723,0.0010197420630935203,42.85714285714286,52.25747022824439,0.11602758664598518,0.5134615771063905
2026-07-22,0.023011291345846452,0.003546632572271667,78.57142857142857,56.20097238728329,0.12366117803463524,0.6026181543569485
2026-07-23,-0.015561699869421242,0.0043299358015927766,78.57142857142857,52.94286602639504,0.12542213012594042,0.6295626824767072
2026-07-24,-0.009197129548412897,0.0041549051115021916,78.57142857142857,51.08719107070168,0.12201481790855673,0.47226131920138886
2026-07-27,-0.049941969592287916,-4.7408979738278554e-05,78.57142857142857,42.46346109144389,0.11614135501828755,0.06308519698888532
2026-07-28,0.002544370625660486,-0.003299036893138908,-28.571428571428573,42.96530856857858,0.11348045795149905,0.023790959432322397
2026-07-29,-0.03553117296548214,-0.008961930492472688,-35.714285714285715,37.971791313331735,0.12726990760611903,-0.3339499547508168
2026-07-30,0.02647224035353868,-0.010803578339771917,-35.714285714285715,43.09014323664471,0.12993835718531033,-0.38180765180805754
2026-07-31,0.029276102311320384,-0.009685459129586639,-35.714285714285715,48.30501647861802,0.12492707257460864,-0.15876314486394397
2026-08-03,0.029340005860756913,-0.0064112008313477135,-35.714285714285715,53.0810569368987,0.12026456647627691,0.14060569179357676
2026-08-04,0.02564842761888375,-0.001894512278774474,-35.714285714285715,56.9364895005536,0.1203221146889296,0.39113463953134037
2026-08-05,0.034349357709557715,0.004138159432783861,35.714285714285715,61.60368040761828,0.1349238267297291,0.4462466266357937
2026-08-06,-0.00104914421161717,0.008693589764574065,42.85714285714286,61.37736045493901,0.14556010258180305,0.3246218103208106
2026-08-07,0.022695108877927694,0.01366058928657587,50.0,64.41933860081318,0.16244491704862615,0.40053157588513294
2026-08-10,-0.028621234049048927,0.015714171436104648,50.0,58.067041726594596,0.16723370893548392,0.17797108848492593
2026-08-11,-0.00022982257177850407,0.01681420390365574,50.0,58.018984106555536,0.1713669294176346,-0.07235123193666382
2026-08-12,0.030298814143524755,0.01931343299505129,71.42857142857143,62.4322996668171,0.18319499700422254,-0.011841241258452121
2026-08-13,0.0053996895745995754,0.021752116348822407,78.57142857142857,63.197336480571245,0.19542643478008268,-0.00954676586337331
2026-08-14,-0.0006214082568848367,0.023461153423048907,85.71428571428572,63.03738158193919,0.20282604230893614,-0.11669168112547336
2026-08-17,-0.0006662327786121081,0.0244853483955587,92.85714285714286,62.85381479199452,0.20786933021390938,-0.36900480386281115
2026-08-18,-0.023421134867455007,0.02368281649227955,92.85714285714286,56.61626082759109,0.209090853723507,-0.5182863691113049
2026-08-19,-0.00992082954315987,0.021748440830136398,85.71428571428572,54.21925929285729,0.21001656244495162,-0.7272618705999844
2026-08-20,-0.0032634287304742493,0.019602775970491683,78.57142857142857,53.425918334042066,0.2097698469229285,-0.8587376369931163
2026-08-21,-0.009822481589011112,0.017026196921582606,71.42857142857143,51.014290355923954,0.20791917483494562,-1.0824515850039014
2026-08-24,-0.029061133472991996,0.012712292358557432,-35.714285714285715,44.654886855123344,0.1959245703483878,-1.3232137381665277
2026-08-25,0.021920585148795357,0.010310944466249484,-35.714285714285715,49.60928823724267,0.18166353707773925,-1.2139917875979556
2026-08-26,-0.01591177757196449,0.007373696861635102,-35.714285714285715,46.29838749629446,0.1496452699949811,-1.4258999394573855
2026-08-27,0.08737952570943941,0.010877738887928813,21.42857142857143,61.32156403188876,0.12888214139904056,-0.962984169550449
2026-08-28,-0.04574959711400217,0.010808278617630345,21.42857142857143,52.34353652656759,0.10812035267414094,-1.1329987916227484
2026-08-31,0.014847184139840763,0.011239609799851346,21.42857142857143,54.56218746650669,0.09693699000903486,-0.8490759046307264
2026-09-01,-0.015128141366563264,0.010525779746098609,21.42857142857143,51.87291599191425,0.09274918835582359,-0.6920757003650482
2026-09-02,0.03205479246106968,0.011887326812544867,21.42857142857143,56.672248407727324,0.09508244862889648,-0.46464884781769566
2026-09-03,0.01800272774996836,0.014254233478759426,21.42857142857143,59.211258191552844,0.10156954772388437,-0.22674823998125862
2026-09-04,0.008360701613143062,0.01663874718782581,64.28571428571429,60.392961965104575,0.1087041754469293,-0.344925079188331
2026-09-08,-0.020099006637864902,0.017151322423626037,64.28571428571429,56.14653428547183,0.1101688440036512,-0.6069177545151088
2026-09-09,-0.009125929338658745,0.016512770094206583,64.28571428571429,54.31658420705568,0.10995945218028552,-0.8408175924681077
2026-09-10,-0.02264791692804269,0.014215827091845693,64.28571428571429,50.00091134128433,0.10953347675417138,-0.969253570343078
2026-09-11,-0.00032060507429521046,0.011932680631583295,64.28571428571429,49.94178813079724,0.1081014386103557,-1.1494063494754072
2026-09-14,-0.03357912317427003,0.007580193497617088,64.28571428571429,44.0664539143054,0.11193815980263634,-1.0974086667468474
2026-09-15,0.005735643802473378,0.004192401510258165,-35.714285714285715,45.21227177823015,0.11312889012919719,-1.0479137046918838
2026-09-16,0.008153818836165172,0.002157099503798476,-35.714285714285715,46.88755014291369,0.11473716092362403,-1.0231932330643227
2026-09-17,0.025432457207263504,0.0025289555778935714,-35.714285714285715,51.87119943939066,0.11466733447021878,-0.7856269989996322
2026-09-18,0.013358292985728992,0.00384761280338806,-35.714285714285715,54.35544488704127,0.11522933417080879,-0.20067309222281168
2026-09-21,0.022990059441793553,0.0065464811225542895,-35.714285714285715,58.38939339317667,0.11836408520473057,0.24250882135925678
2026-09-22,0.006552863938686704,0.009117114003163366,-35.714285714285715,59.512974420225795,0.11393922685454343,0.4940327257534648
2026-09-23,-0.014680826154739646,0.01003686419644003,-35.714285714285715,55.85055197223265,0.11073648797621402,0.46082717125125355
2026-09-24,-0.004123953254555612,0.01024995182229169,-35.714285714285715,54.844512964498236,0.100036335705584,0.5739418271426348
2026-09-25,0.0021818750074313886,0.010418848755973159,-35.714285714285715,55.301377653032745,0.09805547222707814,0.5721684325126651
2026-09-28,0.0168391752023771,0.011597922271183277,-28.571428571428573,58.775570273348876,0.09995828399099616,0.25770042184483183
2026-09-29,-0.007209621131189392,0.012036359321801159,71.42857142857143,56.70904523604784,0.10138670094110509,-0.13641409329940862
2026-09-30,0.00514941302923666,0.012523003569821877,71.42857142857143,57.84098115844408,0.10103104889209193,-0.5653701338389528
2026-10-01,0.010859075551783226,0.013529212759658822,71.42857142857143,60.215569122854994,0.10527146345039318,-0.6114632221630758
2026-10-02,0.013384719439145876,0.015133936600740465,100.0,63.011079684163384,0.11147772385088309,-0.85517021840243
