Date,close,one_day_return,macd,aaron,rsi,bb_width,ad_osc
2006-08-21,1.237282633781433,0.0,-0.029985979842318485,-28.571428571428573,32.5306626769596,0.09317040792062875,0.13889911546270967
2006-08-22,1.237282633781433,0.0,-0.02843994350407728,-21.42857142857143,32.5306626769596,0.08504226959277497,0.07790310684664244
2006-08-23,1.237282633781433,0.0,-0.026904559552417294,-14.285714285714286,32.53066267695961,0.07698405804979967,-0.037363192819207997
2006-08-24,1.2448501586914062,0.006116245959781219,-0.024755701123105166,-7.142857142857143,36.16570884900535,0.05978069148327201,0.0860527558659815
2006-08-25,1.237282633781433,-0.006079064903625198,-0.023546226056323394,50.0,34.182398391087865,0.04170875051484886,0.04743494406037235
2006-08-28,1.248633861541748,0.009174320765840571,-0.021284545076814824,14.285714285714286,39.53847159040176,0.03657230590785028,0.2962197290922972
2006-08-29,1.2448501586914062,-0.0030302740994625488,-0.01973926886645808,14.285714285714286,38.416250833571425,0.03517596651002852,0.16580515035701412
2006-08-30,1.241066336631775,-0.003039580332791947,-0.01855181058863847,14.285714285714286,37.27680046000239,0.029539364067519086,0.10257698702657563
2006-08-31,1.2334985733032229,-0.006097791153606424,-0.017958840725175357,14.285714285714286,35.038359126695035,0.024251023927331115,-0.01345629989770929
2006-09-01,1.2259314060211182,-0.006134719119974652,-0.01779900069849254,14.285714285714286,32.910273697386685,0.02543501949540662,-0.21645468340179155
2006-09-04,1.229715347290039,0.003086584820599425,-0.017085124075007126,-21.42857142857143,35.03508282513798,0.023471759112640114,-0.20795661649436917
2006-09-05,1.237282633781433,0.006153689557563347,-0.015785992293955328,-21.42857142857143,39.18335133997565,0.023471759112640114,-0.18376023079624454
2006-09-06,1.2448501586914062,0.006116245959781219,-0.014096004514012345,42.85714285714286,43.09649131673832,0.023007864959083125,0.02942746778968471
2006-09-07,1.237282633781433,-0.006079064903625198,-0.013251986649632792,42.85714285714286,40.303735997429065,0.02298704235553525,-0.054303634929988104
2006-09-08,1.241066336631775,0.003058074806059352,-0.012091227360745522,42.85714285714286,42.31648910602804,0.023007864959083125,-0.024406642836271756
2006-09-11,1.2524179220199585,0.009146638703448895,-0.010252242848795208,-21.42857142857143,47.98296597949465,0.022698175806469895,0.3215966820582078
2006-09-12,1.2751203775405884,0.018126900870289564,-0.007203866423538113,50.0,57.066566956012345,0.033166631262866966,0.9669074086473782
2006-09-13,1.267552614212036,-0.005934940309830883,-0.005381835276705635,50.0,53.70015402845293,0.03642877381629831,0.5444795231195855
2006-09-14,1.263769030570984,-0.0029849519448972295,-0.004109672420356638,50.0,52.04704241996232,0.03926347634210536,0.22762997737582158
2006-09-15,1.3091734647750854,0.03592779464107232,-0.0001809691883493465,71.42857142857143,65.69491044313497,0.05984887069471562,0.9075004819708675
2006-09-18,1.3016059398651123,-0.005780383664645394,0.0023398798413905384,78.57142857142857,62.50202191019451,0.07010263139421949,0.8737743014831835
2006-09-19,1.2978224754333496,-0.0029067664151523065,0.0040690119140230005,78.57142857142857,60.908169657151475,0.07646531309994489,0.7215152425957495
2006-09-20,1.2789037227630615,-0.014577303929006913,0.004271434324857269,78.57142857142857,53.55400311216966,0.07730077539691048,0.2702023321233607
2006-09-21,1.2826875448226929,0.0029586449646548107,0.0045567260955035735,78.57142857142857,54.731281049652324,0.07894723823121497,0.13646874084970612
2006-09-22,1.263769030570984,-0.014749121349208916,0.0036149379509102953,71.42857142857143,48.15855982470614,0.07755425438694784,-0.23967540735738233
2006-09-25,1.2599852085113523,-0.0029940772151396677,0.0025512248097949047,64.28571428571429,46.944274919528745,0.077162181313503,-0.30875419906455326
2006-09-26,1.2562012672424316,-0.0030031632461712254,0.0014450232587914968,42.85714285714286,45.7032164675381,0.07644390225357299,-0.14648632258719327
2006-09-27,1.263769030570984,0.00602432390883112,0.001030219230495659,42.85714285714286,48.62831977924487,0.07514889953507456,0.13490651469097356
2006-09-28,1.2562012672424316,-0.005988248758662218,0.00022391527234712295,42.85714285714286,45.96177673652778,0.0724798518370506,0.16463866994584037
2006-09-29,1.2599852085113523,0.0030122094027393853,-0.0001744030905833438,35.714285714285715,47.511607008902686,0.0674686583791454,0.022171647865280825
2006-10-09,1.2864711284637451,0.021020818159988908,0.0011683531138502845,-71.42857142857143,56.84199666272514,0.06418321119426322,1.2493245738052434
2006-10-10,1.267552614212036,-0.014705743357257495,0.0010465245447111185,-71.42857142857143,50.00442916982768,0.06044811892503407,1.239005746634508
2006-10-11,1.267552614212036,0.0,0.0009254864025777891,-71.42857142857143,50.00442916982768,0.05798042303085715,1.1256926046277589
2006-10-12,1.2599852085113523,-0.005970091983430459,0.00034592766176018316,-71.42857142857143,47.3614908706639,0.05361630426425635,0.9018527719312865
2006-10-13,1.271336317062378,0.009008922068566738,0.0005968438676642321,-71.42857142857143,51.502215875532386,0.04914156436210898,0.7100623586005146
2006-10-16,1.267552614212036,-0.0029761620112330744,0.0005532808706602982,-64.28571428571429,50.08782827907824,0.04717412370304975,0.4800446648654652
2006-10-17,1.263769030570984,-0.0029849519448972295,0.00027415178210964206,-57.142857142857146,48.649069255831286,0.047564756002825476,0.41468808454759304
2006-10-18,1.271336317062378,0.005987871445128468,0.000525556858324569,-42.85714285714286,51.64102046461234,0.04744227527815772,0.5828725582728763
2006-10-19,1.263769030570984,-0.005952230255546587,0.0002444491132445431,-42.85714285714286,48.592031009098655,0.04744227527815772,0.5938188025917795
2006-10-20,1.267552614212036,0.0029938885583724595,0.0002570159250551443,0.0,50.176003070143395,0.03949033832368249,0.48318512580535244
2006-10-23,1.2524179220199585,-0.01194008992004314,-0.0006962951935572553,0.0,44.29649045062602,0.03436850201299734,0.22020716193124176
2006-10-24,1.2751203775405884,0.018126900870289564,8.182497794985966e-06,0.0,53.16240900766873,0.027400922622054267,0.3905593207602446
2006-10-25,1.2751203775405884,0.0,0.0005503177466559872,85.71428571428572,53.16240900766873,0.026685767151520746,0.13949957461831877
2006-10-26,1.2826875448226929,0.005934472866553797,0.0014336931877887698,85.71428571428572,55.877186528201825,0.026685767151520746,0.22625908500623163
2006-10-27,1.248633861541748,-0.02654869723994402,-6.002465967980684e-06,-14.285714285714286,43.623304467740795,0.029402650067585117,-0.2317244352703144
2006-10-30,1.2334985733032229,-0.01212147828494492,-0.0021576446162274,-21.42857142857143,39.479302755235196,0.03681298460818837,-0.5869612460938509
2006-10-31,1.241066336631775,0.006135202336137402,-0.003309038418427848,-21.42857142857143,42.42441114680727,0.03990036601647601,-0.742841423179064
2006-11-01,1.248633861541748,0.006097599045761903,-0.003674899604447578,-21.42857142857143,45.29138719200512,0.04126842453671814,-0.4972619907389834
2006-11-02,1.241066336631775,-0.0060606436706988065,-0.004445790821048363,-21.42857142857143,42.986234174262414,0.04379391024751201,-0.406739563232345
2006-11-03,1.2562012672424316,0.012195102037601435,-0.003960418600817254,-21.42857142857143,48.618722418602275,0.04397661326601646,-0.2531315977757367
2006-11-06,1.263769030570984,0.00602432390883112,-0.003077859205803647,-21.42857142857143,51.214021297044724,0.040326612190586766,0.12680272215343535
2006-11-07,1.271336317062378,0.005987871445128468,-0.0018809728809217156,-21.42857142857143,53.73072722501108,0.04071601312146871,0.34000954306141107
2006-11-08,1.2562012672424316,-0.011904835578769757,-0.0019085537288243946,-21.42857142857143,48.35756184316581,0.040588109470590224,0.23630612177360266
2006-11-09,1.267552614212036,0.009036248621625997,-0.0011593408242387363,-21.42857142857143,52.21704146901938,0.040858996493997046,0.3091640343272609
2006-11-10,1.271336317062378,0.0029850459917153405,-0.0003334111704023198,-21.42857142857143,53.46543631671552,0.040858996493997046,-0.3788311628218844
2006-11-13,1.2789037227630615,0.005952324022465705,0.0007849380369783006,71.42857142857143,55.944532759631684,0.04248598437989995,-0.8729723257569111
2006-11-14,1.294039011001587,0.011834579858619687,0.0025643675681146926,78.57142857142857,60.47944767484008,0.048022971075109194,-0.8243438993087682
2006-11-15,1.2978224754333496,0.0029237638120618303,0.004157555865050553,78.57142857142857,61.54507403235725,0.053437594225561526,-0.34954726984965634
2006-11-16,1.3848484754562378,0.06705539599615107,0.010040159364075516,92.85714285714286,76.94441521054458,0.09830556671974013,0.5211995806524626
2006-11-17,1.381064772605896,-0.002732214330593341,0.014561145238030008,92.85714285714286,75.52825529641652,0.12359423482752692,0.9995880409663904
2006-11-20,1.3999837636947632,0.013698844155708434,0.01875164751651312,78.57142857142857,77.7348679433875,0.1475048819763642,1.5084166866003748
2006-11-21,1.392416000366211,-0.005405607925466072,0.021661154359969993,78.57142857142857,74.82829470850014,0.1640445673523516,1.7928638779004022
2006-11-22,1.392416000366211,0.0,0.023613983843290255,71.42857142857143,74.82829470850014,0.17695590980040735,1.8186869985640604
2006-11-23,1.4189022779464722,0.01902181357675814,0.025899625015056327,100.0,78.14521274196764,0.19416462873333556,1.9083570936884102
2006-11-24,1.38863205909729,-0.02133354729191861,0.02660635666983388,92.85714285714286,67.24010842852682,0.19752634224823903,1.609193274773415
2006-11-27,1.362146019935608,-0.01907347521480951,0.025377023657693554,71.42857142857143,59.42583062692249,0.19216028978491148,1.2472481075814856
2006-11-28,1.3583624362945557,-0.0027776637641470092,0.023563218963477472,71.42857142857143,58.38204632672345,0.1859979217897512,0.987549554310136
2006-11-29,1.3659296035766602,0.005570801341317155,0.022139300834206736,71.42857142857143,59.89911128178874,0.18023860341589684,0.9892716641471722
2006-11-30,1.3772810697555542,0.008310432799150336,0.021359106817348962,64.28571428571429,62.12924413287922,0.17186247323348836,1.0644689822289772
2006-12-01,1.369713544845581,-0.005494539260106346,0.020320738769107116,57.142857142857146,59.74386912096584,0.16393454945069574,1.0270931803776264
2006-12-04,1.3999837636947632,0.022099671105022756,0.02049321508669198,42.85714285714286,65.45691940293223,0.15893866509361745,1.121424358709686
2006-12-05,1.38863205909729,-0.008108454463439108,0.020256462586725973,42.85714285714286,61.90864253495928,0.15183145970721848,0.9574948633978737
2006-12-06,1.3659296035766602,-0.01634879115162302,0.01871059530095301,35.714285714285715,55.43641854969711,0.13666785443372184,0.6854024611117584
2006-12-07,1.3734972476959229,0.0055402885327668905,0.01736818012921108,-28.571428571428573,57.04837894364479,0.12203015267722242,0.47697001578575293
2006-12-08,1.3734972476959229,0.0,0.016199271629450174,-28.571428571428573,57.04837894364479,0.10490789753924164,0.19473442773272867
2006-12-11,1.407550573348999,0.024793151722874995,0.016663513306096476,-28.571428571428573,63.86898069171908,0.08850019225096566,0.34486320735166
2006-12-12,1.4605237245559692,0.03763498961243772,0.01941589741916926,64.28571428571429,71.46107650323866,0.08676136404466844,0.7489295323118921
2006-12-13,1.437821388244629,-0.015543969556702897,0.02090962482995635,71.42857142857143,65.14348046791034,0.0727417205508792,0.6197583489060753
2006-12-14,1.4567394256591797,0.013157432188185103,0.022356887720142188,71.42857142857143,67.70560186683903,0.08357132943815049,0.7238703585240459
2006-12-15,1.4605237245559692,0.002597787106006999,0.023594688964557915,71.42857142857143,68.2090026318533,0.09267460350519305,0.8662197947863978
2006-12-18,1.483225703239441,0.01554372469394405,0.0251893943021323,92.85714285714286,71.1175958106,0.10669945292411157,1.1351269339396342
2006-12-19,1.5324146747589111,0.033163510726681,0.028146766591502784,100.0,76.19879757328401,0.13316124922194855,1.4109930052376933
2006-12-20,1.5210633277893066,-0.007407490385322957,0.03041087531765741,64.28571428571429,73.00681268076683,0.1489286809179595,1.4924329961433769
2006-12-21,1.5097121000289917,-0.007462692415846184,0.03131197278626221,64.28571428571429,69.85548653078926,0.1594381767765282,1.2584080543169782
2006-12-22,1.5134953260421753,0.0025059254761956584,0.031602693739586865,64.28571428571429,70.31538870631053,0.16726478848175957,1.0636999117428592
2006-12-25,1.6270078420639038,0.07500024219999823,0.03489726594139601,92.85714285714286,80.11711743379017,0.20040406551844892,1.1625981282750344
2006-12-26,1.664844989776611,0.023255664007562293,0.03973922762594954,100.0,82.2241056061677,0.23310917857929672,1.04098191591051
2006-12-27,1.6988985538482666,0.0204544953318595,0.04442432528613995,85.71428571428572,83.87980644032038,0.26505690973611645,1.0623798259925903
2006-12-28,1.8691669702529907,0.1002228273248218,0.05108764107411755,100.0,89.26423492940492,0.34226847217056516,1.7245826375338063
2006-12-29,2.054570436477661,0.09919042502638287,0.06078032639462358,100.0,92.2857837021096,0.4530606093532582,2.5951146095410893
2007-01-04,2.1302452087402344,0.03683240589809578,0.07159476837280024,100.0,93.13506401722216,0.5468889129190857,2.4506211360546164
2007-01-05,1.9183558225631716,-0.09946713425651499,0.08107274936625068,85.71428571428572,69.92266681473521,0.5602398241873926,1.135508688598167
2007-01-08,1.9221397638320925,0.001972491872683557,0.08137579825308007,85.71428571428572,70.06614612420844,0.5619466729173977,0.9386104738231607
2007-01-09,1.9599769115448,0.019684909716072507,0.08079085876937675,78.57142857142857,71.52871301197258,0.5616500032364841,1.2176209117566397
2007-01-10,1.9297068119049072,-0.015444110316603088,0.0806563381145045,71.42857142857143,68.63932255187945,0.5487835269534881,0.9633797629866737
2007-01-11,1.865383267402649,-0.033333325096552624,0.07859979680039343,64.28571428571429,62.83112401192962,0.5288859443536107,0.542095854857581
2007-01-12,1.7897088527679443,-0.040567756748495554,0.07366607139411427,42.85714285714286,56.74728974178805,0.5093116033170776,0.13213954971731232
2007-01-15,1.8880857229232788,0.05496808601197101,0.06705624631017401,42.85714285714286,61.91067401917102,0.4869554279353922,0.19973709289612315
2007-01-16,1.8691669702529907,-0.010020070826549432,0.06396223320994686,42.85714285714286,60.41697102387453,0.4615749066741903,0.13269405482026397
2007-01-17,1.84646475315094,-0.01214563357011278,0.0600377970622107,35.714285714285715,58.59019982765964,0.4309700989255564,-0.01596837037361477
2007-01-18,1.8010601997375488,-0.02458999194861944,0.055054975764766145,28.571428571428573,55.00786778797945,0.399392999311297,-0.09211899488781165
2007-01-19,1.8351140022277832,0.018907642562528748,0.049902583114176065,21.42857142857143,57.12522252508791,0.3731288886364718,0.06456199203818787
2007-01-22,1.8994371891021729,0.035051330215072785,0.04723791606068993,14.285714285714286,60.871003532661994,0.34129512892831393,0.4373879850157236
2007-01-23,1.9372743368148804,0.01992018895375658,0.04659675865228888,-50.0,62.92301792193913,0.30080180154800373,0.8054578259039263
2007-01-24,1.907004952430725,-0.015624727901945912,0.04575474081395673,-50.0,60.20301233742169,0.24797973628655787,0.7220806757648632
2007-01-25,1.812411546707153,-0.04960312536315148,0.042126823519352555,-42.85714285714286,52.557034098566916,0.21869640311165173,0.4292847248095697
2007-01-26,1.8351140022277832,0.01252610399766918,0.037463358616649095,-85.71428571428572,54.064877934553834,0.19272814436621502,0.42900217471391705
2007-01-29,1.8918695449829104,0.030927529671850085,0.03517044610126247,-85.71428571428572,57.68558205480723,0.1684556397838171,0.6065453005299615
2007-01-30,1.8767353296279907,-0.007999608321331841,0.03348345156552678,-85.71428571428572,56.40875813009371,0.16816901847194374,0.6017848228755224
2007-01-31,1.8767353296279907,0.0,0.03155794607496908,21.42857142857143,56.40875813009371,0.15113332000402058,0.2009196398106253
2007-02-01,1.8351140022277832,-0.02217751578666005,0.028553830916502824,21.42857142857143,52.689045033064296,0.09852248240549945,0.06083097636192326
2007-02-02,1.763222336769104,-0.039175585479378605,0.02309359366326685,21.42857142857143,46.93224037663299,0.10925237043497611,-0.20553131950020292
2007-02-05,1.6724128723144531,-0.05150199300506164,0.01426665539539625,-21.42857142857143,40.859417799980804,0.1395770152577112,-0.46432039619454857
2007-02-06,1.7443037033081057,0.04298629374585161,0.009237944126777774,-28.571428571428573,46.73545578213519,0.1393293296643827,-0.37637944881943863
2007-02-07,1.7594387531280518,0.00867684325340945,0.0062910579957895915,-28.571428571428573,47.90888708514915,0.13851972534333867,-0.35997541832171365
2007-02-08,1.7405200004577637,-0.010752720227773183,0.0031489037462443747,-28.571428571428573,46.52902175068096,0.14513592663634906,-0.35537916431559025
2007-02-09,1.7178175449371338,-0.013043490172281347,-0.0004487172062594534,-28.571428571428573,44.859322140123304,0.15389783570845986,-0.34262396817114155
2007-02-12,1.7556551694869995,0.022026567758248516,-0.0015046107254392215,-28.571428571428573,48.19599388313201,0.15451696410232885,-0.20351460610540978
2007-02-13,1.7556551694869995,0.0,-0.0023223079164401686,-28.571428571428573,48.19599388313202,0.15563992256683953,-0.1429722295977054
2007-02-14,1.797276258468628,0.02370687006480332,-0.001021134581526024,-28.571428571428573,51.908511667579106,0.15508456177707017,0.08314833660265013
2007-02-15,1.8691669702529907,0.039999811629191306,0.00303718626796425,-28.571428571428573,57.56530497027974,0.15720280693791952,0.4446449822465845
2007-02-16,1.872950792312622,0.0020243360383793707,0.006300132069889594,-28.571428571428573,57.846352554007595,0.1593005822303255,0.5360823811898956
2007-02-26,1.884302020072937,0.006060611846774089,0.009217187826896052,-28.571428571428573,58.72942454741607,0.15759925786547266,0.7845282061275016
2007-02-27,1.748087763786316,-0.07228897216877606,0.006101775599503342,-28.571428571428573,46.217325545418674,0.14870419749216743,0.5930862394628644
2007-02-28,1.812411546707153,0.0367966553243948,0.005752359463134566,57.142857142857146,51.474781288882966,0.14001132131568775,0.666566388402209
2007-03-01,1.763222336769104,-0.02714019893959385,0.0035130272534899818,57.142857142857146,47.63961313978375,0.14124124441236346,0.5760041960401177
2007-03-02,1.782140851020813,0.010729511450254803,0.00242272233184566,57.142857142857146,49.20706800992328,0.14039120967562096,0.5451180267924862
2007-03-05,1.770789623260498,-0.006369433568515603,0.0010688083071058413,57.142857142857146,48.27329854280274,0.13236668439970967,0.4978165006898351
2007-03-06,1.8313302993774412,0.03418851981155813,0.002621370260164196,35.714285714285715,53.35708159490924,0.12681341351583642,0.600924334299748
2007-03-07,1.8388972282409668,0.004131930141765272,0.004148047548607535,35.714285714285715,53.96606767619125,0.12151227208566859,0.5934785374562936
2007-03-08,1.84646475315094,0.004115251681145793,0.005610535611819989,35.714285714285715,54.604410821435955,0.12275006871692007,0.6868841975911001
2007-03-09,1.907004952430725,0.03278708633699878,0.009025321267053068,100.0,59.44895424619712,0.13483640778265377,1.0879683913896996
2007-03-12,1.9221397638320925,0.00793643004548894,0.012273118709073275,64.28571428571429,60.58150350972632,0.1327744175985862,0.908745906426603
2007-03-13,1.903220534324646,-0.009842795962832551,0.014086977265309213,64.28571428571429,58.38628867356881,0.13616963004015764,0.6768783466986992
2007-03-14,1.8578159809112549,-0.023856695845026143,0.013675114854841434,64.28571428571429,53.38652706221666,0.1344356755753065,0.40186631504365383
2007-03-15,1.884302020072937,0.01425654609165905,0.013866438931259124,64.28571428571429,55.76608403714991,0.13129785352410367,0.30159192370829657
2007-03-16,1.8918695449829104,0.004016089156281044,0.014271968241595188,64.28571428571429,56.45014201985783,0.12232365297145631,0.05005726157025063
2007-03-19,2.001598358154297,0.058000200628198106,0.018050374742601603,100.0,64.92113883446315,0.13826798038825688,0.19196614705984097
2007-03-20,2.001598358154297,0.0,0.021417952183419638,92.85714285714286,64.92113883446315,0.14752080948635699,0.33618565556236396
2007-03-21,2.0091657638549805,0.003780681408862563,0.024023057621724585,71.42857142857143,65.45852241116297,0.15892921040863184,0.38704705414738855
2007-03-22,1.9826794862747192,-0.0131827239229092,0.025133241461399874,71.42857142857143,61.88510594294561,0.1668845904225144,0.18642593817522757
2007-03-23,1.967544436454773,-0.007633634142442114,0.02504744406354352,71.42857142857143,59.87369365166627,0.17181544911711952,0.10434549128507711
2007-03-26,1.975111961364746,0.0038461773822038303,0.024754916333670916,64.28571428571429,60.5638760379099,0.17693231779900517,0.14636403075264368
2007-03-27,1.9599769115448,-0.007662881961125967,0.023890595867852138,50.0,58.400337078500556,0.16597086897105776,0.1490676634500583
2007-03-28,2.016732931137085,0.028957493967391335,0.02439497798818461,50.0,63.64510959817359,0.16885508358687498,0.6371272112730393
2007-03-29,2.1453800201416016,0.06378984892758321,0.028320966477207752,100.0,72.2006011433819,0.1854628622742106,0.9684623214779003
2007-03-30,2.099975109100342,-0.021164041155870783,0.031192086307465214,78.57142857142857,66.27265755728509,0.18697429887849162,0.8725661772045121
2007-04-02,2.137812614440918,0.01801807325077598,0.03344111047854763,78.57142857142857,68.58724516098185,0.18705009817739054,0.738639209961942
2007-04-03,2.152947425842285,0.007079578116029328,0.035567557146975445,78.57142857142857,69.48919900034656,0.19423429002209774,0.8352094728576523
2007-04-04,2.1302452087402344,-0.010544715040205488,0.03655673799888238,71.42857142857143,66.40898377233293,0.19347539491581317,0.6555095833295861
2007-04-05,2.152947425842285,0.01065709102825596,0.03707320809556622,64.28571428571429,67.93943539988925,0.19274640103595103,0.6918882630031417
2007-04-06,2.1302452087402344,-0.010544715040205488,0.03690536041357021,57.142857142857146,64.76182793806532,0.19351353059648355,0.6749955898379983
2007-04-09,2.1453800201416016,0.007104727352170714,0.03635222270985655,7.142857142857143,65.90665873352009,0.1951417275506163,0.7792842833944393
2007-04-10,2.224838733673096,0.03703712758835609,0.03728226323079961,64.28571428571429,71.19732075422087,0.20252296874112724,1.2318575609394975
2007-04-11,2.224838733673096,0.0,0.03860324240691917,71.42857142857143,71.19732075422087,0.1968085844504438,1.3106591651832238
2007-04-12,2.205920457839966,-0.008503212186483866,0.038850308103951285,71.42857142857143,68.27187742519706,0.18760003364764075,1.127400631566435
2007-04-13,2.179434299468994,-0.012006851052511203,0.03783826372164837,71.42857142857143,64.28908748369957,0.17181868889478136,0.8773264936315871
2007-04-16,2.202136516571045,0.010416564109127835,0.03669297316062117,71.42857142857143,66.11383173162008,0.1719803864755964,0.8391112186160058
2007-04-17,2.1756505966186523,-0.012027374212764008,0.035146401796431526,71.42857142857143,62.12540376514957,0.1679604166864437,0.8345586156757463
2007-04-18,2.1453800201416016,-0.013913344598666999,0.03252685988388374,64.28571428571429,57.83139058643458,0.1619494247103887,0.7287473579949209
2007-04-19,2.0507869720458984,-0.04409151162387526,0.027406426429719983,-42.85714285714286,46.91805805127077,0.1538032350400561,0.5154795583640774
2007-04-20,2.0886242389678955,0.01845012058188078,0.02295518932416334,-42.85714285714286,50.90870632938095,0.1393069698885429,0.5472082211987309
2007-04-23,2.137812614440918,0.02355061027986971,0.02097973983270274,-42.85714285714286,55.583557847690415,0.12242172637385133,0.717111514156968
2007-04-24,2.115110158920288,-0.010619478698588813,0.01896096368685471,-42.85714285714286,53.07155462924889,0.0968674494995006,0.5761126509674439
2007-04-25,2.179434299468994,0.030411721241763612,0.018839848934592042,-42.85714285714286,58.75867362987478,0.08093752082467356,0.6728073271334507
2007-04-26,2.1718666553497314,-0.003472297431084015,0.018756842356965255,-42.85714285714286,57.87012347052701,0.08126653737449606,0.5373888364186267
2007-04-27,2.1264610290527344,-0.020906267972370274,0.017116734425194537,-42.85714285714286,52.71890467103434,0.07893432221886115,0.2535398934783859
2007-04-30,2.1264610290527344,0.0,0.01532289819839906,-42.85714285714286,52.71890467103434,0.07948599127493186,0.17030934958069854
2007-05-03,2.1264610290527344,0.0,0.013742851032694264,-42.85714285714286,52.71890467103434,0.08027697350882004,0.12127886213250239
2007-05-04,2.1264610290527344,0.0,0.012348308654632873,-35.714285714285715,52.71890467103434,0.08047562153890579,0.09085116335968045
2007-05-08,2.1415960788726807,0.007117482809778197,0.011600209123691797,35.714285714285715,54.53342061190008,0.08060055973203088,0.04367438222003774
2007-05-09,2.3080813884735107,0.07773889354918251,0.015914485994340078,78.57142857142857,68.74336159278633,0.10155558710004232,0.5471357420879773
2007-05-10,2.32321572303772,0.006557106105438804,0.020159706099546426,85.71428571428572,69.6713139584559,0.1201894033991575,0.6255628677593859
2007-05-11,2.304296970367432,-0.008143347379532595,0.022873876597099444,85.71428571428572,66.99379919355691,0.1300443432925482,0.7688636469227842
2007-05-14,2.319432258605957,0.006568288911177778,0.024969971317362567,85.71428571428572,68.05161408123129,0.14116084578423702,0.8618758433875807
2007-05-15,2.2134876251220703,-0.04567696818512057,0.02389217090667533,78.57142857142857,54.80985356198074,0.14142339493284525,0.5656040543488396
2007-05-16,2.2324061393737797,0.008546925691832685,0.022330052000848085,71.42857142857143,56.4398599745164,0.14291276089101043,0.491241275906605
2007-05-17,2.2361903190612797,0.0016951125607285178,0.021109768897402122,57.142857142857146,56.77570804637789,0.14429755870662986,0.4477444147187263
2007-05-18,2.198352813720703,-0.016920521038862324,0.018912977654276457,57.142857142857146,52.42345016370484,0.14432744842187215,0.259214755370746
2007-05-21,2.1756505966186523,-0.010326921575262271,0.01603342324232036,21.42857142857143,49.94937667713966,0.14338677671500621,0.2955987330433014
2007-05-22,2.179434299468994,0.001739113282354321,0.013555184079478977,21.42857142857143,50.369780468951845,0.13153510651696584,0.24101728745951975
2007-05-23,2.205920457839966,0.012152767522023877,0.012300839439489179,21.42857142857143,53.32524539703577,0.12399455285931549,0.2388184407554836
2007-05-24,2.224838733673096,0.008576136898270192,0.011887611438055584,21.42857142857143,55.36960643538309,0.1216123122372721,0.09441378762380709
2007-05-25,2.1945688724517822,-0.013605418120054003,0.010568795270133003,21.42857142857143,51.48397850298625,0.11601030178696713,-0.05807494136073372
2007-05-28,2.2097036838531494,0.006896485041482769,0.009769401068843775,14.285714285714286,53.25049641928835,0.1154186257553995,-0.11788075464324776
2007-05-29,2.2324061393737797,0.010273981840426272,0.009807294290957462,-50.0,55.84747809178335,0.11468962633019918,-0.10103640203984762
2007-05-30,2.073489189147949,-0.07118639723433517,0.0044404711217403935,-100.0,39.363349354492776,0.12280220588548792,-0.386314020692792
2007-05-31,2.1680827140808105,0.04562045726012798,0.0030942661212363443,-92.85714285714286,49.01087349719068,0.11922539166330864,-0.2388995073539574
2007-06-01,2.1264610290527344,-0.01919746177475623,0.0006368787771920673,-92.85714285714286,45.574903522654544,0.11922539166330864,-0.43776131233546295
2007-06-04,1.9297068119049072,-0.09252660380777089,-0.009613695831632633,-100.0,33.587529568552235,0.1607377596541241,-0.7527823680610138
2007-06-05,1.9637607336044312,0.017647199817835357,-0.015897786026629408,-57.142857142857146,36.69129909244701,0.1857622801590306,-0.6518840844748198
2007-06-06,1.956193447113037,-0.003853466647896764,-0.021159599463975134,-57.142857142857146,36.28548189194165,0.20256605726488255,-0.539398541742873
2007-06-07,1.967544436454773,0.005802590412766984,-0.024388384679227233,-57.142857142857146,37.40387133626186,0.20988813289202574,-0.24939963021674919
2007-06-08,1.9524098634719849,-0.007692112413002716,-0.0275613910959936,-57.142857142857146,36.48430745837178,0.21691713522560646,-0.12083141738426564
2007-06-11,1.9713282585144043,0.009689766168655245,-0.02853568000663162,-57.142857142857146,38.519028477840536,0.2140955782120266,0.06681541869596601
2007-06-12,1.967544436454773,-0.001919427697182674,-0.02939057839564712,-57.142857142857146,38.25506497916629,0.22020876730600372,0.2701070648147887
2007-06-13,2.043219804763794,0.038461834409888596,-0.025628538874792238,-57.142857142857146,46.19631858464088,0.21581700986885102,0.48233890590969564
2007-06-14,1.9940307140350344,-0.024074302047226936,-0.025783025378757256,-35.714285714285715,42.38078195064644,0.2124445275642082,0.36776751186359347
2007-06-15,2.001598358154297,0.003795149225133576,-0.024718360764861273,-35.714285714285715,43.158620492603525,0.21032296197791547,0.3218084667136265
2007-06-18,2.028084516525269,0.01323250404511489,-0.022327866738356628,-35.714285714285715,45.91079309079965,0.20729607156703406,0.2092538376854422
2007-06-19,2.024300336837769,-0.0018658885547745419,-0.02064080026183918,-14.285714285714286,45.57129301910868,0.20292883449076518,0.12960346319687988
2007-06-20,1.975111961364746,-0.024298951384783996,-0.021512201928550686,-14.285714285714286,41.29651211404344,0.19649841607050855,-0.04959242412719691
2007-06-21,1.9788955450057983,0.0019156299567129054,-0.021353313659628472,-14.285714285714286,41.74914939780556,0.18331062687890096,-0.10451697935147732
2007-06-22,1.9259233474731443,-0.02676856677268369,-0.023789917019589022,-7.142857142857143,37.4010492498131,0.17608123247544952,-0.22653053878186616
2007-06-25,1.8956537246704104,-0.015716940574217797,-0.026640150838015453,42.85714285714286,35.1483629785792,0.16432702082524228,-0.4136810008699054
2007-06-26,1.903220534324646,0.003991662377869742,-0.027842464610933263,-64.28571428571429,36.18313077459079,0.13611466024510502,-0.35794020865219967
2007-06-27,1.9334906339645384,0.01590467268189366,-0.026854280327883985,-64.28571428571429,40.287734493708236,0.13350970362684694,-0.17016928273646711
2007-06-28,1.8956537246704104,-0.019569222953278564,-0.02822903943202681,-64.28571428571429,37.07752780132223,0.109955433548719,-0.286243159346218
2007-06-29,1.8994371891021729,0.001995862631726242,-0.028348689024842482,-64.28571428571429,37.612848445338756,0.08829460581553471,-0.2811859682449764
2007-07-02,1.9107885360717771,0.005976163378674126,-0.027522215468578498,-64.28571428571429,39.28189649236565,0.09008856857146072,-0.1598050550185525
2007-07-03,1.94511353969574,0.01796378980508684,-0.02481422862876585,-64.28571428571429,44.14778299613288,0.0903256933557364,-0.026490383267858846
2007-07-04,1.9146020412445068,-0.01568623004701608,-0.02442477661702045,-42.85714285714286,41.00228464845362,0.09251634554826887,-0.06383822997609405
2007-07-05,1.8535789251327517,-0.03187248044094304,-0.026932421107352045,-92.85714285714286,35.54720007322366,0.10329210622410401,-0.2191897895807993
2007-07-06,1.9031606912612915,0.026749206875552378,-0.025153503096101835,-100.0,42.26801889230746,0.10557646539660562,-0.1445314419017091
2007-07-09,1.933671951293945,0.016031888517218595,-0.02238506982790612,-92.85714285714286,45.99965886670924,0.10528622393286201,0.0020623547877634
2007-07-10,1.94511353969574,0.005917026615677168,-0.019683445662873285,-85.71428571428572,47.37338319032804,0.1048715734730391,-0.19460149644261857
2007-07-11,1.975625276565552,0.01568635262010698,-0.0159441998094307,21.42857142857143,50.95641440848878,0.09563912059783701,-0.27168263459207714
2007-07-12,1.9718114137649536,-0.0019304585975071786,-0.013250638556778258,21.42857142857143,50.493644958243735,0.09361858571174272,-0.2589350394832244
2007-07-13,1.9565553665161133,-0.007737072187705141,-0.011672646838759699,21.42857142857143,48.59257804246657,0.08959911380312387,-0.2532393948931852
2007-07-16,1.918416142463684,-0.019493046148926885,-0.012011499322385868,21.42857142857143,44.12044161257427,0.07945106756717178,-0.33002226878731933
2007-07-17,1.9565553665161133,0.019880579196675185,-0.01017018200483288,21.42857142857143,49.159396641671904,0.0679246781705928,-0.28824327547596207
2007-07-18,1.967997670173645,0.005848188021331691,-0.008280152533277158,21.42857142857143,50.59869953414757,0.06698261329488782,-0.1537141410660369
2007-07-19,1.960369348526001,-0.003876184287845752,-0.007088013188751057,21.42857142857143,49.59074180796133,0.06454058200728306,-0.1464740896348437
2007-07-20,2.0175788402557373,0.02918301684973401,-0.0036145097398322377,71.42857142857143,56.577026770664375,0.07589379421738647,0.2012455123470243
2007-07-23,2.0633463859558105,0.022684390214100292,0.0007824523059460572,78.57142857142857,61.2087631648202,0.09342385577584121,0.11409681431825072
2007-07-24,2.0442771911621094,-0.009241877623406225,0.0034502774171092055,78.57142857142857,58.41304407824271,0.10190299311202773,-0.2402108696795637
2007-07-25,2.093858003616333,0.02425346849662713,0.007254225460807146,78.57142857142857,63.12862525412244,0.12003888762287189,-0.05925992650484673
2007-07-26,2.08241605758667,-0.005464528162798743,0.009833686812159572,100.0,61.39838667148234,0.12820822178152574,-0.13476280310540295
2007-07-27,2.059532642364502,-0.010988877625486504,0.010955117988260056,92.85714285714286,57.975966796413914,0.13017926108861466,-0.1533364302383493
2007-07-30,2.08241605758667,0.011110974767506443,0.012372162280282558,50.0,60.35576976920672,0.1345346410570044,0.13387959483620576
2007-07-31,2.070973873138428,-0.005494667795398311,0.013069196984967852,50.0,58.56973736108958,0.13833268270221324,0.3052293509629251
2007-08-01,2.0175788402557373,-0.025782571946102895,0.011656622730235766,50.0,50.98729509561072,0.1341558590402121,-0.05177296614267592
2007-08-02,2.025207281112671,0.0037809877387326996,0.010408344701883848,50.0,51.94448623311369,0.11759050895665679,-0.1508292626249634
2007-08-03,2.08241605758667,0.028248356110278205,0.011280899228616024,50.0,58.49143935695184,0.11274230251738575,0.28616385261763694
2007-08-06,2.0862300395965576,0.001831517768023705,0.012183784528066927,50.0,58.893514310051565,0.11093521176080316,0.3901272827583489
2007-08-07,2.0747878551483154,-0.005484622611634404,0.01239896858986903,42.85714285714286,57.106333028304235,0.1077528004290788,0.3202216529845451
2007-08-08,2.2311596870422363,0.07536762445659417,0.017097269570719772,100.0,70.34898497226008,0.13606298159148114,1.0758828971480647
2007-08-09,2.2197184562683105,-0.005127930035834005,0.020962694023847143,92.85714285714286,68.67827872701555,0.1521118407828934,1.1173648347516016
2007-08-10,2.2159039974212646,-0.0017184426413512366,0.023586673780301916,28.571428571428573,68.09762250820677,0.16028521054098244,1.2655184216677433
2007-08-13,2.406601905822754,0.08605874109321165,0.029658172283835157,50.0,78.07690354779213,0.2015944482937224,1.9972272485524778
2007-08-14,2.3646485805511475,-0.017432598706957236,0.03475663641383067,50.0,72.68980580417491,0.22143011370380147,2.010377223393009
2007-08-15,2.36083459854126,-0.0016129170487558797,0.03787523781974596,50.0,72.20207644833202,0.2335574348189689,1.7755840498449178
2007-08-16,2.269299030303955,-0.03877254607072611,0.03823236716439418,50.0,61.53127106924396,0.22697819725158955,1.373478086902404
2007-08-17,2.1968345642089844,-0.031932532966034266,0.03546466640832246,50.0,54.64593319595219,0.22038697521990952,0.7859628758489504
2007-08-20,2.3265092372894287,0.05902796468751692,0.03457208512470625,50.0,62.69142779130986,0.22629505164474045,0.6508835319183827
2007-08-21,2.36083459854126,0.014754018897351617,0.03567806553253332,92.85714285714286,64.48725832914509,0.23144002072230566,-0.09321523894252773
2007-08-22,2.322694778442383,-0.016155227529469296,0.03582178236782645,92.85714285714286,60.975227192833295,0.23370650646792243,-0.48965062888327465
2007-08-23,2.3265092372894287,0.00164225574640664,0.035140451409647826,85.71428571428572,61.20280179109826,0.23336668476073852,-0.6515540568084492
2007-08-24,2.349392890930176,0.009836046757935257,0.03469557389649418,64.28571428571429,62.61143934760523,0.23025001768554107,-0.8619189597396186
2007-08-27,2.3646485805511475,0.006493460365810444,0.0345136809318948,64.28571428571429,63.5612851611652,0.22819105357080888,-0.9398127325641371
2007-08-28,2.322694778442383,-0.017742087536316342,0.03332923474739762,64.28571428571429,59.1136771272467,0.2192008699999013,-0.8243507501368378
2007-08-29,2.2654852867126465,-0.024630654126712836,0.030314842476426185,50.0,53.60530749592035,0.19723312277610308,-0.8436940782726771
2007-08-30,2.295997142791748,0.013468132526861964,0.02765024127634762,50.0,55.96223173650367,0.17217628809503335,-0.7095218305116503
2007-08-31,2.3036253452301025,0.0033223919560627646,0.025742625252517384,14.285714285714286,56.55644311504992,0.15365432166104445,-0.5242888973977996
2007-09-03,2.3303232192993164,0.011589503529510381,0.02466508932458894,14.285714285714286,58.658944895465815,0.13172667214561024,-0.4968835425337507
2007-09-04,2.3341360092163086,0.0016361635525130591,0.023862327413298315,14.285714285714286,58.964382740554235,0.09782168430115123,-0.38296003519008653
2007-09-05,2.3646485805511475,0.013072319356867146,0.023725670496706357,14.285714285714286,61.42086903645259,0.09467322470181733,-0.28193563465614857
2007-09-06,2.4371132850646973,0.030645020621482777,0.025259989917041214,14.285714285714286,66.54322599089208,0.09689306186275842,0.20933600944086667
2007-09-07,2.36083459854126,-0.031298785735933476,0.025013044473691626,100.0,57.83779128711184,0.08703690577126973,0.07955479656690438
2007-09-10,2.357020139694214,-0.001615724731162116,0.02380465682284103,50.0,57.433156046229236,0.08284499126428926,0.16643894287100455
2007-09-11,2.2540435791015625,-0.04368930025604745,0.01994094084245192,-14.285714285714286,47.72590412129732,0.08662898813621325,0.03162830675046463
2007-09-12,2.2540435791015625,0.0,0.015834518700225078,-21.42857142857143,47.72590412129732,0.08954039198135459,0.007274361758644626
2007-09-13,2.269299030303955,0.0067680373812795125,0.012889450176762771,-21.42857142857143,49.20108111160902,0.08954039198135459,0.05617385657668052
2007-09-14,2.2807412147521973,0.005042166896228606,0.010866007466412586,-21.42857142857143,50.33320079906973,0.07695401904308678,0.1597808547234841
2007-09-17,2.288369417190552,0.003344615508771742,0.009442747766575122,-21.42857142857143,51.11538319492704,0.07815761931811961,0.2416131150098448
2007-09-18,2.288369417190552,0.0,0.008248427241741046,-21.42857142857143,51.115383194927034,0.07768635658816708,0.41777778373255947
2007-09-19,2.2654852867126465,-0.010000190662397879,0.006485830395279586,-21.42857142857143,48.46011799206092,0.08026429256443303,0.4494559576437609
2007-09-20,2.2731130123138428,0.003366927892197724,0.005216709947983658,-21.42857142857143,49.40357357077121,0.08178437201933103,0.40139904669332815
2007-09-21,2.269299030303955,-0.0016778673076203177,0.004052940058545739,-21.42857142857143,48.92135407100709,0.08216366441029058,0.357335678347822
2007-09-24,2.2654852867126465,-0.0016805822152040628,0.0029590072502094886,-21.42857142857143,48.41249049855163,0.08076798183219434,0.36815503955505247
2007-09-25,2.227345943450928,-0.01683495517954159,0.0007322388552408057,-21.42857142857143,43.53549067386261,0.0855466997829965,0.22399051477635173
2007-09-26,2.1968345642089844,-0.013698536292333308,-0.0021830876453112365,-92.85714285714286,40.05879623607211,0.09339768152002409,0.038529967496105794
2007-09-27,2.238787889480591,0.019097170972777633,-0.002871996690557487,-100.0,46.39745955912867,0.09599317556969422,0.03834329329731382
2007-09-28,2.261671781539917,0.010221554336099059,-0.0025694046158049578,-92.85714285714286,49.53242560296407,0.09669471751496564,0.16374096077334488
2007-10-08,2.402787446975708,0.06239440514207106,0.002495790783793302,14.285714285714286,63.65051086559112,0.10463159205768295,0.6054556873232703
2007-10-09,2.376089811325073,-0.011111110008602099,0.005492247925823351,14.285714285714286,60.2182988430578,0.10810284812141573,0.485855327579835
2007-10-10,2.4599971771240234,0.0353132130776479,0.010211738283246955,28.571428571428573,66.35822424582535,0.12208000341785152,0.5337493439346993
2007-10-11,2.540089607238769,0.03255793578120336,0.016015524743331934,35.714285714285715,70.96482211627745,0.14337754478578585,0.8658149785644967
2007-10-12,2.47143816947937,-0.027027171625660595,0.01898963132662035,35.714285714285715,63.0014862164423,0.15491116087669665,0.9132418827962722
2007-10-15,2.4943225383758545,0.009259535269419805,0.02129627330522675,35.714285714285715,64.4341969737239,0.1684004637861193,1.1466107542104775
2007-10-16,2.6850202083587646,0.07645269088057893,0.02702958331729956,57.142857142857146,73.60624866424077,0.2131845407303171,1.5149689714879966
2007-10-17,2.6506943702697754,-0.012784201020956565,0.03178501074240345,57.142857142857146,70.10177088899395,0.2372968282773033,1.7676426708156012
2007-10-18,2.5515315532684326,-0.037410128498235884,0.03312940493073182,57.142857142857146,61.05774538291657,0.2430936358740626,1.378463637473801
2007-10-19,2.570601463317871,0.007473907200955754,0.033185522940108486,57.142857142857146,62.071159223089666,0.24891693750050173,0.9373796538130214
2007-10-22,2.490508556365967,-0.03115726342446279,0.0315411168768146,57.142857142857146,55.53446153744549,0.24735972246608068,0.5548505448505586
2007-10-23,2.5896711349487305,0.039816196707815,0.03099913245646916,57.142857142857146,61.009263569857495,0.2512274522073985,0.6508436292756027
2007-10-24,2.5515315532684326,-0.014727577245460921,0.030440956276078575,57.142857142857146,58.048857164466604,0.2477694566019774,0.336675207830444
2007-10-25,2.4599971771240234,-0.03587428735778575,0.0274154397840253,50.0,51.5799693944631,0.2399496205780688,0.006993122547845207
2007-10-26,2.524834394454956,0.026356622655451023,0.025281356904178796,42.85714285714286,55.37358052581747,0.23189726427305118,0.027199407849407786
2007-10-29,2.6278107166290283,0.04078537681529881,0.026063363034430853,35.714285714285715,60.647117472681565,0.22752007667899868,0.007000206944765183
2007-10-30,2.7346014976501465,0.04063868845093599,0.029209996434881428,100.0,65.2351956432872,0.2251233884731959,0.32501851881534205
2007-10-31,2.7231595516204834,-0.004184136533054383,0.03193972879576145,92.85714285714286,64.36926398352324,0.2082853164535057,0.2880465713633288
2007-11-01,2.852834224700928,0.047619197708514305,0.03571617181333179,100.0,69.33697768305441,0.20948782005470135,0.5894627997074381
2007-11-02,2.852834224700928,0.0,0.03940535971562059,100.0,69.33697768305443,0.20415738462126082,0.8243687741377548
2007-11-05,2.7422292232513428,-0.03877021682224824,0.04031700329980394,42.85714285714286,60.93319715709858,0.19952319910782515,0.6739926663795858
2007-11-06,2.7079031467437744,-0.012517581030979441,0.038813866566994815,42.85714285714286,58.56099169898579,0.18533733602942962,0.5027661737889251
2007-11-07,2.810880661010742,0.03802850718305684,0.038367997559858376,42.85714285714286,63.19074910931327,0.18685226333582508,0.5543020052289054
2007-11-08,2.704090118408203,-0.0379918450768163,0.03707329213586548,42.85714285714286,56.18084293362744,0.18488858910031247,0.3654568422574141
2007-11-09,2.7422292232513428,0.014104228473565295,0.03507963454803322,42.85714285714286,57.97392401557405,0.1771691796334254,0.32001059361449663
2007-11-12,2.692647933959961,-0.018080650906562634,0.03267022607164083,42.85714285714286,54.83264092415433,0.16809225439738898,0.3367829790689329
2007-11-13,2.646880388259888,-0.01699722608472043,0.029041849762860988,42.85714285714286,52.03009039498495,0.16811988534979064,0.21004653125005734
2007-11-14,2.726973533630371,0.03025945022893084,0.02702175009925173,42.85714285714286,56.24478860986405,0.1691818996096705,0.3443245809311369
2007-11-15,2.726973533630371,0.0,0.0257993997074009,35.714285714285715,56.24478860986405,0.16505950942946912,0.35780588010919206
2007-11-16,2.7002763748168945,-0.00979003224058983,0.02400171384287142,28.571428571428573,54.39716743321844,0.1609564830449822,0.3668942571643337
2007-11-19,2.6621358394622803,-0.014124678388596656,0.02129391704509199,21.42857142857143,51.780185826914646,0.14705367182752224,0.2914086088722789
2007-11-20,2.665949821472168,0.001432677458960141,0.018747769627275503,-85.71428571428572,52.028717789935165,0.14318238483807078,0.3267906227658379
2007-11-21,2.60874080657959,-0.02145914916770142,0.015176986800347588,-85.71428571428572,48.029837972960316,0.13791322870230752,0.21372147316318513
2007-11-22,2.5210201740264893,-0.03362566044578197,0.009522092236394197,-100.0,42.620592611008625,0.12730244095853732,0.01459588502620096
2007-11-23,2.5553457736968994,0.01361575763020828,0.005579544367089422,-100.0,45.220424600924645,0.12296435015767969,0.018586177704822515
2007-11-26,2.5286481380462646,-0.010447758548155495,0.0017117268594488654,-85.71428571428572,43.56699326062482,0.1333687861122343,-0.0652200982608904
2007-11-27,2.490508556365967,-0.01508299280807257,-0.002627101543436503,-100.0,41.24677250410526,0.14868832833635146,-0.17800824583515887
2007-11-28,2.39516019821167,-0.03828469406803592,-0.009432227163942706,-100.0,36.0743685587667,0.17585008699654586,-0.36161907362400536
2007-11-29,2.509577989578247,0.047770412789927885,-0.010272962489802698,-92.85714285714286,44.98924084203068,0.17181376988623034,-0.2002161253105134
2007-11-30,2.4599971771240234,-0.019756633449975358,-0.012984061113634269,-64.28571428571429,42.24026159932753,0.16865992847415387,-0.21375672222465136
2007-12-03,2.475252389907837,0.006201313125752561,-0.014215112242718807,-64.28571428571429,43.386492655200634,0.17216685277602717,-0.16664627261475856
2007-12-04,2.509577989578247,0.013867515009929221,-0.013782935125245364,-64.28571428571429,45.983983659772,0.17320793447025756,-0.12738437059004132
2007-12-05,2.5553457736968994,0.018237243197348763,-0.01177011973718039,-64.28571428571429,49.322659416185104,0.1589406840211677,0.024109254465936855
2007-12-06,2.540089607238769,-0.005970294359052164,-0.010793105385338364,-57.142857142857146,48.2520340402441,0.15541554831428728,0.0661360031296636
2007-12-07,2.5515315532684326,0.00450454424798874,-0.009447360669413258,-50.0,49.14364507890317,0.14594376211034216,0.107493817632311
2007-12-10,2.5515315532684326,0.0,-0.008323260272469941,-42.85714285714286,49.14364507890316,0.1404416618860145,0.36314310207983597
2007-12-11,2.540089607238769,-0.004484344320573541,-0.007740137780113228,-35.714285714285715,48.180867137162345,0.1382105650360893,0.48478694261845195
2007-12-12,2.50576400756836,-0.013513538881694487,-0.00835662494675828,-14.285714285714286,45.312841778321946,0.12692066603556332,0.48441705986815053
2007-12-13,2.4561829566955566,-0.019786799843500624,-0.010446460176711154,-14.285714285714286,41.47265383748073,0.11494282582787205,0.2883438603609024
2007-12-14,2.47143816947937,0.006210943180037898,-0.011267144550987547,-14.285714285714286,43.07129041336534,0.1016194010084967,0.3892149255039123
2007-12-17,2.3913462162017822,-0.032407022868979896,-0.014900300353547148,-50.0,37.30940594289805,0.10019655340167315,0.2156264272323077
2007-12-18,2.3913462162017822,0.0,-0.01728133051174031,-57.142857142857146,37.30940594289805,0.09299982838295298,0.1090018627756863
2007-12-19,2.4409267902374268,0.020733331585250037,-0.016944612490452465,-57.142857142857146,42.80283128163847,0.0864325357755552,0.0917612052909135
2007-12-20,2.452368974685669,0.00468763934010874,-0.016312309122880363,-57.142857142857146,44.021935396625,0.08692218994560823,0.2236139669500914
2007-12-21,2.475252389907837,0.00933114692706516,-0.014810397795844856,-57.142857142857146,46.47884037449277,0.08357070562588179,0.3620079773412756
2007-12-24,2.5133919715881348,0.015408360713356606,-0.012166437691957313,-57.142857142857146,50.38727899034189,0.08272081119913482,0.5746828352346184
2007-12-25,2.4943225383758545,-0.0075871306297803365,-0.01081972112110027,-57.142857142857146,48.480960166020076,0.08276517789275928,0.5130528418113875
2007-12-26,2.490508556365967,-0.001529065287751874,-0.009705242037223965,-57.142857142857146,48.089085948447625,0.07583303258182753,0.4254768734322444
2007-12-27,2.53627610206604,0.018376787175891085,-0.007111844509176572,-50.0,52.99871701734954,0.07729840234498898,0.9826341727190442
2007-12-28,2.5210201740264893,-0.006015089613912061,-0.00564996725522062,-35.714285714285715,51.25842886358366,0.07708734805627819,0.7823999185248689
2008-01-02,2.5324621200561523,0.004538617400823286,-0.004026187814605962,-35.714285714285715,52.51774026014879,0.07787639347459296,0.7184184598386003
2008-01-03,2.5439038276672363,0.004518017276732289,-0.0023570525527886613,64.28571428571429,53.80309246760381,0.07949292472033806,1.0564290282424302
2008-01-04,2.5439038276672363,0.0,-0.0010366521251186185,78.57142857142857,53.80309246760381,0.07854237130971663,1.0944913938944032
2008-01-07,2.53627610206604,-0.0029984331633287065,-0.00023021820952692958,78.57142857142857,52.7000919303674,0.07829195318012902,1.0063694344009904
2008-01-08,2.5553457736968994,0.007518768013989208,0.0009989463466026044,92.85714285714286,55.17425779812714,0.07863740493973348,0.7626213108186674
2008-01-09,2.5515315532684326,-0.0014926435661771764,0.0018329015508091943,92.85714285714286,54.559525046367185,0.07863740493973348,0.5167676649961338
2008-01-10,2.5439038276672363,-0.002989469439022008,0.002232425098657314,85.71428571428572,53.2810375568404,0.07890914933187204,0.32461923088731753
2008-01-11,2.6354384422302246,0.035981947732248054,0.005198980876255855,100.0,64.14043825401055,0.09225284909960094,0.9111883427962609
2008-01-14,2.631624937057495,-0.0014470097694645467,0.007420012109741532,100.0,63.47843134607519,0.10018400901802381,0.9666939622803369
2008-01-15,2.5820436477661133,-0.018840560671544715,0.00771202327580206,78.57142857142857,55.463238402130266,0.10153548130805747,0.663490841971523
2008-01-16,2.5133919715881348,-0.02658811605968525,0.00577381530345857,78.57142857142857,46.675199156090294,0.09027704383636367,0.0594657912483917
2008-01-17,2.47143816947937,-0.016692104766394822,0.00273858838610574,-21.42857142857143,42.26762642198798,0.07888083509164617,-0.22077022977622737
2008-01-18,2.486694574356079,0.006173087825993573,0.0007404309736380899,-21.42857142857143,44.32648955916459,0.07389708826075692,-0.269517109182248
2008-01-21,2.383718252182007,-0.04141092486226927,-0.004301933762839481,-35.714285714285715,35.2013879873764,0.08591408491252785,-0.5737667537600762
2008-01-22,2.383718252182007,0.0,-0.00822854020523491,-35.714285714285715,35.20138798737641,0.09799265615949626,-0.6582814538763606
2008-01-23,2.3150668144226074,-0.028800147708965773,-0.013909203522592277,-50.0,30.367802904261005,0.12195699348585022,0.04319875842591128
2008-01-24,2.2426018714904785,-0.03130144775117527,-0.02116980692790177,-50.0,26.26770105052251,0.15462217523760763,0.06721576341629172
2008-01-25,2.2769272327423096,0.015306043256361646,-0.02466639226202006,-50.0,31.01869548825758,0.17387900408555623,0.1833727614798458
2008-01-28,2.1205551624298096,-0.06867679742411748,-0.035275953584937604,-71.42857142857143,23.56824225268107,0.21720618282415508,-0.05167404073220281
2008-01-29,2.139625310897827,0.008992998062906432,-0.040677990361244004,-78.57142857142857,25.905594426960587,0.24699664793962925,-0.1347060173454185
2008-01-30,2.1091136932373047,-0.014260262067903429,-0.04649370359358011,-85.71428571428572,24.60889799751432,0.2750376348876797,-0.22695662892258125
2008-01-31,2.0671606063842773,-0.019891334918333836,-0.05269421021529238,-92.85714285714286,22.91077951201039,0.3029572079004636,-0.3836038585966702
2008-02-01,2.0366485118865967,-0.01476038891387843,-0.058249626451546826,-100.0,21.736020869157343,0.32910594146186384,-0.4267035701409625
2008-02-04,2.177764892578125,0.06928852959552101,-0.052177264387816266,-92.85714285714286,37.65749056813526,0.33363937877609723,-0.10062720950933123
2008-02-05,2.15488076210022,-0.01050808126988112,-0.05115815903168695,-85.71428571428572,36.36551976703445,0.3358131333406602,0.07751914005912669
2008-02-13,2.1205551624298096,-0.015929233892716943,-0.051432577111561045,-78.57142857142857,34.45595657328697,0.3378675692112296,0.1284668186159349
2008-02-14,2.1472530364990234,0.01259003988305718,-0.04879400139249081,-71.42857142857143,37.217342829138325,0.3344100107010545,0.1824521571917286
2008-02-15,2.1205551624298096,-0.01243350160200185,-0.04826363913574283,-64.28571428571429,35.60204162679304,0.31602319727731976,0.18225102653625475
2008-02-18,2.1472530364990234,0.01259003988305718,-0.045242853564598506,-57.142857142857146,38.477624781363,0.28725282072281144,0.2260599230835808
2008-02-19,2.2082769870758057,0.02841954326737306,-0.039442677083208186,-42.85714285714286,44.570257718158466,0.2555838142171123,0.448491523799636
2008-02-20,2.15488076210022,-0.02418003959108983,-0.03828300711763115,-42.85714285714286,40.7660399990734,0.23081832512973705,0.37860073376126324
2008-02-21,2.135810852050781,-0.008849635852172688,-0.03720765186063084,-35.714285714285715,39.4703128423847,0.20760307299551395,0.388524632190954
2008-02-22,2.101485252380371,-0.016071460465448384,-0.0375589957170193,-28.571428571428573,37.17958375689594,0.17296726352375802,0.33024780026742795
2008-02-25,2.0519042015075684,-0.023593337529560054,-0.03975001100601635,57.142857142857146,34.1009897257762,0.15753105987004595,0.16233867804552896
2008-02-26,2.101485252380371,0.024163433573738402,-0.03746961805547206,57.142857142857146,39.49627823562812,0.12812128214289553,0.15916631877574944
2008-02-27,2.143439054489136,0.01996388128883786,-0.033724912081074566,57.142857142857146,43.69685312158917,0.1063811347215202,0.22562015155147877
2008-02-28,2.116741180419922,-0.01245562546474055,-0.032378197213770936,57.142857142857146,41.71222109537837,0.09692019219212125,0.2071310484024283
2008-02-29,2.116741180419922,0.0,-0.03062083478537126,-21.42857142857143,41.71222109537836,0.07436663321441522,0.16280069083188614
2008-03-03,2.139625310897827,0.010811019641695285,-0.027732791225824345,-21.42857142857143,44.23022182916349,0.07460589339798716,0.24984931412020936
2008-03-04,2.105299711227417,-0.016042808755149074,-0.027125564029561396,-21.42857142857143,41.34505878488318,0.07476728765679583,0.12356689273216415
2008-03-05,2.1129274368286133,0.0036231067531706795,-0.0256046408668401,-21.42857142857143,42.246609863607084,0.07465258046065044,0.16505245595194962
2008-03-06,2.143439054489136,0.014440447470509987,-0.02271796264959664,-21.42857142857143,45.83313818250894,0.07087383881653558,0.21619064073853947
2008-03-07,2.116741180419922,-0.01245562546474055,-0.021747476226256335,-21.42857142857143,43.299328049984,0.05943261825224057,0.18922441119845193
2008-03-10,2.070973873138428,-0.021621588744455855,-0.022731076665675348,-21.42857142857143,39.28942802191679,0.06078030549428697,0.05830022634156907
2008-03-11,2.0862300395965576,0.007366662928977252,-0.022115544869750006,-21.42857142857143,41.24281422412415,0.061524613433054834,0.07452757299048456
2008-03-12,2.0519042015075684,-0.01645352498884889,-0.02320584682895596,-28.571428571428573,38.25998110313106,0.06806514429544618,-0.0862782206645145
2008-03-13,2.0137648582458496,-0.01858729234712675,-0.025461770929572893,-35.714285714285715,35.212672765878054,0.07955276272467056,-0.1208077011018726
2008-03-14,1.9832525253295896,-0.015151884685701944,-0.028231183205250435,-42.85714285714286,32.95150010293713,0.09580035641333605,-0.19533555502820202
2008-03-17,1.9298580884933472,-0.02692266171569302,-0.03280314200176795,-50.0,29.39433769457107,0.11882928923296061,-0.3709402947843757
2008-03-18,1.8764625787734983,-0.027668101627894903,-0.038676623603372144,-57.142857142857146,26.332930450307966,0.1403780041738928,-0.6059433437988984
2008-03-19,1.918416142463684,0.022357793949510985,-0.039440937576716316,-57.142857142857146,32.29916415092106,0.1517989260612217,-0.5960095481891299
2008-03-20,1.9298580884933472,0.005964266968150556,-0.03954134692382447,-71.42857142857143,33.87215769454768,0.15951728167452292,-0.2582369982276545
2008-03-21,1.9260438680648804,-0.001976425339877963,-0.03958851810678735,-71.42857142857143,33.591963664591646,0.16783579780296484,-0.06994391582725622
2008-03-24,1.887904405593872,-0.019801969780328776,-0.04151469105939083,-71.42857142857143,30.84441138189077,0.18163032550963212,-0.25540416870721805
2008-03-25,1.9107882976531985,0.012121319274175812,-0.04046664845868541,-71.42857142857143,34.31586270299792,0.18801503168993175,-0.13065396292741221
2008-03-26,1.9146020412445068,0.0019959006426784054,-0.039336179226795775,-71.42857142857143,34.902345693340784,0.18771561622844998,-0.2159445358472021
2008-03-27,1.8764625787734983,-0.01992030805849221,-0.04046043031440125,-42.85714285714286,31.840504758770816,0.19259122667075315,-0.2928852594789352
2008-03-28,1.9489271640777588,0.038617655435273956,-0.03579099050676407,-42.85714285714286,42.21321950869286,0.18784468755038025,0.11866024995746853
2008-03-31,1.9107882976531985,-0.019569159447068274,-0.03515235132028703,-42.85714285714286,38.86118300550991,0.18044178837911753,0.300492917614241
2008-04-01,1.8650212287902832,-0.023951930686997414,-0.036476064927790465,-42.85714285714286,35.24441560995237,0.18005673543310366,0.09238867428700305
2008-04-02,1.922229886054993,0.03067453409193477,-0.0329635204402154,-35.714285714285715,42.45404148931877,0.1699710644691731,-0.1665178713207817
2008-04-03,1.9641834497451784,0.021825466347465516,-0.028327090132073858,-28.571428571428573,47.10499452770025,0.14864444259210544,0.1961325899885397
2008-04-07,1.9985090494155884,0.017475760563435694,-0.02312516342097744,78.57142857142857,50.621406882560116,0.13032298280405905,0.7749554257432654
2008-04-08,1.9794397354125977,-0.00954177015539015,-0.020120384417490624,85.71428571428572,48.685063001197236,0.11847536592174883,0.9578784303034243
2008-04-09,1.9031606912612915,-0.038535673901386236,-0.021255545010656334,85.71428571428572,41.79766537103875,0.09952580590300378,0.6178070033915682
2008-04-10,1.9298580884933472,0.014027925941640929,-0.019873055359915293,85.71428571428572,44.744033220600784,0.08311056080544817,0.5653209620758431
2008-04-11,1.9260438680648804,-0.001976425339877963,-0.018989006741369267,42.85714285714286,44.398226261200314,0.07297073959176044,0.5061408492686154
2008-04-14,1.8535789251327517,-0.03762372401462233,-0.021873425562625583,42.85714285714286,38.33623978287465,0.0745269833187096,0.17500474193221602
2008-04-15,1.8612072467803955,0.0041154555353490885,-0.022879941038507882,-35.714285714285715,39.27616704376742,0.07882764338279631,0.2092416530796139
2008-04-16,1.8383235931396484,-0.012295059392409047,-0.02476328876411265,-35.714285714285715,37.43285748684728,0.0846965938875661,0.12587136476976038
2008-04-17,1.7925556898117063,-0.024896543513199254,-0.028427290389066568,-50.0,33.99631759879428,0.10122442873811813,-0.04667435409028254
2008-04-18,1.7200911045074463,-0.04042529094974556,-0.035123307140781414,-57.142857142857146,29.394916275961023,0.13237288368510103,-0.32722415163270896
2008-04-21,1.7544163465499878,0.01995547907467987,-0.03670653556851117,-57.142857142857146,33.954978821398115,0.14726138806221356,-0.5625981150823347
2008-04-22,1.7773000001907349,0.013043456694727729,-0.036549805254372986,-71.42857142857143,36.88173356084518,0.1563247562275135,-0.39668802222577965
2008-04-23,1.8230679035186768,0.025751366298897294,-0.03346476815324044,-71.42857142857143,42.381318310019985,0.15836391697213273,-0.0004262315323797831
2008-04-24,1.9870672225952148,0.08995787746578476,-0.022211064747755086,-71.42857142857143,56.87976975771397,0.16525406326710065,0.9695413392965047
2008-04-25,1.9298580884933472,-0.02879073916138053,-0.01812335337111624,-71.42857142857143,51.967335368343925,0.16648712031642712,0.9657894956431264
2008-04-28,1.895532488822937,-0.017786592638637133,-0.015900013420379572,-71.42857142857143,49.22056130865041,0.16385592701129745,0.703200067850118
2008-04-29,1.9412990808486936,0.024144451385360366,-0.01151566224170061,14.285714285714286,52.802564853171866,0.1655488910080324,0.5027914456490724
2008-04-30,2.0023233890533447,0.03143477932208816,-0.005560663942021769,42.85714285714286,57.143595226324784,0.17350645667019848,0.7272911913167841
2008-05-05,2.006136655807495,0.0019044210215979351,-0.0009529318087813687,50.0,57.40722192989332,0.18074404671170347,0.6979795746892236
2008-05-06,1.9718114137649536,-0.017110121557858293,0.0013173228110987287,50.0,54.17659734645167,0.18139885251556842,0.4865922348047538
2008-05-07,1.9069743156433103,-0.03288199757290389,0.00048694321032492646,50.0,48.61172002369477,0.1748903215292816,0.057385602376138545
2008-05-08,1.9298580884933472,0.012000042508342412,0.000744060223340231,50.0,50.542636863589294,0.17087993916070127,0.017253966985828623
2008-05-09,1.9069743156433103,-0.011857749016095931,-4.420025570448428e-06,50.0,48.576949652693926,0.17095008939615236,-0.030619174909058158
2008-05-12,1.9107882976531985,0.0020000175034353695,-0.000437360981669492,50.0,48.93342454504001,0.17020545386926417,0.02502701286589563
2008-05-13,1.8840906620025637,-0.013972053148653019,-0.0019128892059254844,50.0,46.50327236159323,0.16931814659148056,0.1859324243513365
2008-05-14,1.922229886054993,0.020242775372545818,-0.0013991441480142807,50.0,50.300475483285176,0.16914931523054477,0.4584505275415903
2008-05-15,1.9031606912612915,-0.009920350803013123,-0.001819849188702613,42.85714285714286,48.448800222919495,0.16857418575658253,0.29611919926848645
2008-05-16,1.891719102859497,-0.006011887726733001,-0.00261302879533528,-42.85714285714286,47.32314603568949,0.16644854774328197,0.16919396698618908
2008-05-19,1.8764625787734983,-0.008064899309277562,-0.0038706341281232884,-42.85714285714286,45.79524129626529,0.1591465850133934,0.08700003127941348
2008-05-20,1.8230679035186768,-0.02845496406846637,-0.0072720193088206325,-78.57142857142857,40.82705617874519,0.13913962603021132,-0.14456632214286771
2008-05-21,1.8497657775878904,0.014644475950503333,-0.008472929920117415,-85.71428571428572,44.0929879951372,0.12232389884319766,-0.014351676651147983
2008-05-22,1.8230679035186768,-0.01443311060929453,-0.010705359526138209,-85.71428571428572,41.61920069016708,0.11295589176726889,-0.025991331715281257
2008-05-23,1.8306951522827148,0.004183743649546434,-0.011851869602044722,-85.71428571428572,42.60981896474355,0.11170324940595361,0.01617473884276166
2008-05-26,1.800183653831482,-0.01666661891423471,-0.014216484514861932,-78.57142857142857,39.70722589353312,0.11636220938643108,-0.04517619599682262
2008-05-27,1.80399751663208,0.0021185965067958,-0.015547764041059819,-71.42857142857143,40.25507842516229,0.12380249443878183,-0.09195973817911934
2008-05-28,1.8383235931396484,0.019027784789666713,-0.014640688591721216,-57.142857142857146,45.0910662682878,0.12660925421660155,0.03404996774921412
2008-05-29,1.80399751663208,-0.01867248869332261,-0.01577472321101016,-57.142857142857146,41.47562104377906,0.13068697100256801,-0.026501642547133098
2008-05-30,1.8154394626617432,0.0063425508761365545,-0.01565990017609553,-28.571428571428573,43.112983582227486,0.12149032252360652,-0.0034069936807046815
2008-06-02,1.8383235931396484,0.012605284256822946,-0.01428377221631981,-28.571428571428573,46.34615050118304,0.10452203947480453,0.06975182274539916
2008-06-03,1.8192533254623413,-0.010373727317907755,-0.014170092673223,-28.571428571428573,44.0969381367194,0.0932620571598869,0.04808943095419143
2008-06-04,1.807811975479126,-0.006289036179338958,-0.014394452486237249,-28.571428571428573,42.756268554947304,0.0932758275807336,0.02144920419525011
2008-06-05,1.7963697910308838,-0.00632930006186605,-0.014935363159707643,-21.42857142857143,41.40065201679349,0.08933977758062311,-0.024835474310351432
2008-06-06,1.7925556898117063,-0.0021232272097988503,-0.015319015363653677,-7.142857142857143,40.93474727666181,0.08799454459107789,-0.09927465087611806
2008-06-10,1.651439905166626,-0.07872323601834841,-0.023554312033053543,-100.0,28.26219884185833,0.12062557903506557,-0.44058332395864536
2008-06-11,1.64381206035614,-0.004618905469476631,-0.029215868056646915,-42.85714285714286,27.76189720333485,0.1468846322822711,-0.6379625650323127
2008-06-12,1.6018587350845337,-0.025521971935475896,-0.03619262990556586,-50.0,25.12726266308858,0.17122360149824314,-0.7562439306032432
2008-06-13,1.5980441570281982,-0.002381344854441303,-0.04093424927843118,-50.0,24.895915519739134,0.19053853232728574,-0.8075694357503563
2008-06-16,1.5980441570281982,0.0,-0.04411501934330326,-64.28571428571429,24.89591551973913,0.20461766077929378,-0.8325650510718761
2008-06-17,1.590416669845581,-0.0047730140303516855,-0.04670803174559798,-64.28571428571429,24.375468788084234,0.21681639845022838,-0.8515758751784931
2008-06-18,1.6399977207183838,0.03117488128291357,-0.044177436357089074,-78.57142857142857,34.0296587269419,0.2223574355853799,-0.4996339386381872
2008-06-19,1.5446492433547974,-0.058139396268075294,-0.050363687080815685,-85.71428571428572,26.914012973769232,0.2391816143656719,-0.5828700056903416
2008-06-20,1.6018587350845337,0.03703720568009605,-0.047775961703703816,-92.85714285714286,35.61344545139841,0.24415027281430443,-0.5265030436546685
2008-06-23,1.590416669845581,-0.007142992692391714,-0.04752259759864024,-92.85714285714286,34.723224388484034,0.247012868745497,-0.4731218914904989
2008-06-24,1.6171143054962158,0.016786566788957735,-0.044428331259063564,-85.71428571428572,38.581022710646664,0.2474461747731234,-0.2803176303158254
2008-06-25,1.6743236780166626,0.03537744507361329,-0.03794780632346325,-78.57142857142857,45.95221576849405,0.24209108035732163,0.24124547254147125
2008-06-26,1.6590678691864014,-0.009111624610321889,-0.03467013286288162,-71.42857142857143,44.421204890134966,0.2305853843242654,0.5009070992320601
2008-06-27,1.5809942483901978,-0.04705872631629626,-0.036925293135713855,-64.28571428571429,37.52987951589547,0.22829294374646303,0.28099450060719267
2008-06-30,1.5809942483901978,0.0,-0.03692996538169913,-57.142857142857146,37.52987951589547,0.2205545316726552,0.19780732495083442
2008-07-01,1.5536681413650513,-0.017284128043457803,-0.03855800398600674,21.42857142857143,35.30651782387413,0.2061085774114043,0.015800159280166027
2008-07-02,1.5653789043426514,0.007537493153017216,-0.03799754751798569,21.42857142857143,37.028270162207264,0.18790424181361215,-0.014156749020008524
2008-07-03,1.5731866359710691,0.004987758303601542,-0.036770137197775256,-42.85714285714286,38.209024565793406,0.16429286915063882,0.06280291703647041
2008-07-04,1.5692826509475708,-0.002481577795179102,-0.03582406828312842,-42.85714285714286,37.82709359774271,0.13478483224141152,0.010757354032039364
2008-07-07,1.627838134765625,0.03731353544417071,-0.03048870653602723,-42.85714285714286,46.470008061975214,0.08829362905307143,0.31193333550248936
2008-07-08,1.6239341497421265,-0.0023982636480380792,-0.027227360455245868,-42.85714285714286,46.010763798084334,0.08487873249859823,0.30315012744042086
2008-07-09,1.6785858869552612,0.03365391215020219,-0.020915920903482335,28.571428571428573,53.01149120103208,0.09195942949821004,0.5808001590269579
2008-07-10,1.6512601375579834,-0.016279029634190034,-0.018019180425305495,28.571428571428573,49.55171902039501,0.09539356986236676,0.46114771264572174
2008-07-11,1.6317414045333862,-0.011820507611516096,-0.01641004826659835,28.571428571428573,47.18292879235891,0.09617584318981205,0.3174470576597341
2008-07-14,1.6356451511383057,0.002392380676297101,-0.014567753032259862,28.571428571428573,47.721208608284535,0.09705763206420132,0.32500798136380993
2008-07-15,1.58489727973938,-0.031026210889084527,-0.015959209345217006,28.571428571428573,41.76263189827288,0.09745507791781269,-0.010755970394203285
2008-07-16,1.5497643947601318,-0.022167294643237412,-0.018684572151854394,28.571428571428573,38.205966890894366,0.10114156865357354,-0.2903232283500815
2008-07-17,1.5497643947601318,0.0,-0.020323442687107823,28.571428571428573,38.205966890894366,0.1002157237663788,-0.5351210864054576
2008-07-18,1.57709002494812,0.017632118972650268,-0.019623300705352426,28.571428571428573,42.61439540492232,0.10143062073768994,-0.27100934548188493
2008-07-21,1.5927047729492188,0.009900987105420533,-0.01815742071682155,28.571428571428573,45.02779851352036,0.10133744520449302,0.0853370683122585
2008-07-22,1.5966084003448486,0.0024509422348257814,-0.016716258905810362,28.571428571428573,45.643256480005604,0.10118085996393543,0.47476813428622977
2008-07-23,1.58489727973938,-0.007334998740416876,-0.016134904065474156,28.571428571428573,44.04989283514506,0.09311399032117969,0.4034312917710186
2008-07-24,1.604416012763977,0.012315456196509311,-0.0142409648064203,-35.714285714285715,47.34890232752925,0.08664121205744446,0.610456040502949
2008-07-25,1.58489727973938,-0.012165630902032376,-0.013888043018729116,-35.714285714285715,44.52180910755313,0.08644948948087279,0.7412756259313041
2008-07-28,1.6005120277404783,0.009852214525641667,-0.012407685129584208,-35.714285714285715,47.23597370279523,0.08600147995511857,0.6619170241326625
2008-07-29,1.5731866359710691,-0.017072906229880558,-0.012792972449176578,-35.714285714285715,43.248473025997455,0.08350425940894081,0.5093209425737468
2008-07-30,1.57709002494812,0.0024811989167714543,-0.012551124086509241,-28.571428571428573,43.97602154575546,0.08228616263922703,0.4086105104414895
2008-07-31,1.5575716495513916,-0.012376196087709346,-0.013396488938605672,-21.42857142857143,41.13617522958546,0.08424195834392338,0.17569656937809774
2008-08-01,1.58489727973938,0.017543738803835307,-0.01216991256851888,-14.285714285714286,46.35879742693902,0.08297916371433459,0.23272352945213584
2008-08-04,1.5536681413650513,-0.019704203403935527,-0.013080784211470166,-7.142857142857143,41.794880607997236,0.08477206471347068,0.13990221220717608
2008-08-05,1.541956663131714,-0.007537953518856,-0.014161777744185656,57.142857142857146,40.1966769961123,0.08788807506299465,-0.04213788379260184
2008-08-06,1.5614746809005735,0.012657954815162187,-0.013587738559376583,-50.0,44.03742145482454,0.07323912545704475,-0.10041043887674224
2008-08-07,1.5614746809005735,0.0,-0.013121836405611698,-57.142857142857146,44.03742145482453,0.06339522371567517,-0.04241764215874883
2008-08-08,1.495112419128418,-0.042499736040472635,-0.016707639349373467,-64.28571428571429,35.13865077839263,0.07235065682894785,-0.22408661359408713
2008-08-11,1.4248461723327637,-0.046997299933215886,-0.023734857316654565,-71.42857142857143,28.558279058533227,0.10263678242042272,-0.5476357174035404
2008-08-12,1.4248461723327637,0.0,-0.02832449523204169,-78.57142857142857,28.55827905853322,0.12790528930791822,-0.5679435363395271
2008-08-13,1.401424527168274,-0.016438016692106316,-0.033458871388459197,-85.71428571428572,26.63038651985245,0.154932500633882,-0.5079814649270201
2008-08-14,1.3936165571212769,-0.005571452401203492,-0.03738207013086535,-85.71428571428572,26.00025129178053,0.17837781362293179,-0.46198572458454945
2008-08-15,1.4053279161453247,0.008403573396285946,-0.03888577531744165,-85.71428571428572,28.724522043738475,0.1932571396584529,-0.36295238731739515
2008-08-18,1.350676417350769,-0.03888878756814229,-0.044705607859057014,-78.57142857142857,24.23986109511667,0.2165399765011745,-0.4699875643816058
2008-08-19,1.3545798063278198,0.002889951232514232,-0.04715629574482457,-85.71428571428572,25.13885696337599,0.23238766054978485,-0.4015081882047874
2008-08-20,1.4794975519180298,0.09221881575870672,-0.03779773833356637,-92.85714285714286,46.86791081662805,0.22866749213146575,0.26404725549834557
2008-08-21,1.4248461723327637,-0.03693914837129386,-0.037485620671351985,-92.85714285714286,41.229529810900004,0.2250650046526857,0.14259245861627617
2008-08-22,1.4365572929382324,0.008219217507736465,-0.03473686425637373,-71.42857142857143,42.817078920110454,0.22092791950541413,0.25159404504927113
2008-08-25,1.4248461723327637,-0.008152212698399053,-0.03334902876158993,-71.42857142857143,41.6067146059821,0.21278290603773886,0.25810852406755314
2008-08-26,1.3897125720977783,-0.024657819852556107,-0.034475042253931526,-71.42857142857143,38.12481896300252,0.2110141637460525,0.07328438351130855
2008-08-27,1.413135051727295,0.016854189923719343,-0.03241302833877713,-64.28571428571429,41.63172464474907,0.20269185191213537,0.11811518450852926
2008-08-28,1.4248461723327637,0.008287332899395539,-0.029966364371710484,-57.142857142857146,43.36026329897849,0.1946379995558756,0.12685011384142592
2008-08-29,1.4443647861480713,0.013698751622676308,-0.026461424555482196,-50.0,46.21895094808416,0.17655939170079768,0.19250871037538728
2008-09-01,1.397520661354065,-0.03243233651447108,-0.02720047630330775,0.0,40.885529019532285,0.16547858398140528,-0.03883512201860077
2008-09-02,1.3936165571212769,-0.002793593211713463,-0.027073089044151396,0.0,40.46641561210366,0.15403482386666473,-0.08073744924009083
2008-09-03,1.3897125720977783,-0.0028013336979597625,-0.026903893172177937,0.0,40.02458058261311,0.1313216896925279,-0.059876444515151506
2008-09-04,1.3897125720977783,0.0,-0.026405148913243127,0.0,40.02458058261311,0.0970670744778198,-0.10039839532486992
2008-09-05,1.3584837913513184,-0.022471395433459995,-0.028138380101517584,0.0,36.343245365881984,0.08720018764430158,-0.22879122047075354
2008-09-08,1.3740981817245483,0.011493983566559951,-0.027467479388348637,0.0,39.34713902874801,0.08861502941299124,-0.5279483581090365
2008-09-09,1.3740981817245483,0.0,-0.02687933918128909,0.0,39.34713902874801,0.08943246791453402,-0.593588000895052
2008-09-10,1.3936165571212769,0.01420449838033555,-0.02462925965928445,-92.85714285714286,43.230796024334,0.0895754105164712,-0.3844432893575919
2008-09-11,1.3584837913513184,-0.0252097792541518,-0.025535427915865064,-50.0,38.45744512948683,0.0934084409827842,-0.4157080208474971
2008-09-12,1.3623868227005005,0.002873079070969009,-0.025153886798985312,-71.42857142857143,39.25982595772127,0.09614297875986313,-0.3445444686099492
2008-09-16,1.2374690771102903,-0.0916903654004817,-0.03516416625635634,-78.57142857142857,27.087361654087445,0.13661582304806782,-0.8391754656701309
2008-09-17,1.159395456314087,-0.06309137112219332,-0.048723837742418334,-85.71428571428572,22.41057101719598,0.20019245748191158,-1.4293092210880747
2008-09-18,1.1906248331069946,0.026935914422324236,-0.0533512229643186,-92.85714285714286,27.78177576454092,0.22491225278594956,-1.0314255698567125
2008-09-19,1.311639428138733,0.10163956912938277,-0.04471694502187762,-92.85714285714286,43.96854484045013,0.22493745080872254,-0.8016751816754352
2008-09-22,1.4443647861480713,0.10119043020663132,-0.03017364639668162,14.285714285714286,55.69713936162618,0.22605415967216563,-0.6207285911515313
2008-09-23,1.4365572929382324,-0.005405485708814939,-0.022206104861132857,21.42857142857143,54.96823879788738,0.22748920550757223,-1.0461047898655096
2008-09-24,1.420942783355713,-0.010869395644209079,-0.0166300186125206,21.42857142857143,53.46136508565722,0.22971908115131076,-0.531173871652577
2008-09-25,1.4443647861480713,0.0164834242917542,-0.010394339642645082,21.42857142857143,55.4348802830535,0.23317707421357792,-0.18521562189138177
2008-09-26,1.428749918937683,-0.010810888883570069,-0.006534718807751664,21.42857142857143,53.79699382180176,0.23358431233241364,0.019384013995944603
2008-10-06,1.3584837913513184,-0.049180144583041985,-0.007646589428803814,21.42857142857143,47.05892979575084,0.22821883926118053,-0.26879370385894674
2008-10-07,1.366290807723999,0.005746860155699585,-0.007663277851715979,21.42857142857143,47.84061757028357,0.22720741983471407,-0.13543802098393395
2008-10-08,1.303831696510315,-0.045714360998834525,-0.011809864316249839,21.42857142857143,42.44145658395412,0.22944550815819534,-0.24393484347830863
2008-10-09,1.2960244417190552,-0.005987931427158699,-0.015205129151915823,21.42857142857143,41.80633217620439,0.23201138737731514,-0.5010141094404804
2008-10-10,1.214046835899353,-0.06325313256512854,-0.024213643281878878,21.42857142857143,35.75576415722237,0.24786890143612036,-1.0889159021331254
2008-10-13,1.2960244417190552,0.06752425309767718,-0.023235725545149657,21.42857142857143,44.418740835131366,0.24988896055896795,-0.5515158963875377
2008-10-14,1.2530838251113892,-0.03313256696818878,-0.026940376413956815,21.42857142857143,41.27882482283029,0.25574856336043633,-0.8457789530196016
2008-10-15,1.2608911991119385,0.006230528113197353,-0.028239066007570972,21.42857142857143,42.08049917531941,0.25927136536640644,-0.7558903813282746
2008-10-16,1.2296617031097412,-0.024767796003487552,-0.0318295662262309,-64.28571428571429,39.743218032427215,0.2640803781255678,-0.5926503028587542
2008-10-17,1.2413729429244995,0.009523952632777943,-0.03264733384261631,-64.28571428571429,41.065196836162286,0.26847866615081284,-0.4143150608202485
2008-10-20,1.2608911991119385,0.01572312035531942,-0.03140322760867498,-64.28571428571429,43.29794716999915,0.2692797695231329,-0.1642021586446259
2008-10-21,1.2374690771102903,-0.01857584700261583,-0.03255311119773473,-50.0,41.277038157987285,0.2692797695231329,-0.2134697788660618
2008-10-22,1.214046835899353,-0.018927536569747994,-0.034785652726224754,-50.0,39.30154308686051,0.2568621693410314,-0.3178590395069553
2008-10-23,1.194528579711914,-0.016077020762531036,-0.03753222896479187,-100.0,37.683050465645586,0.2559873447277342,-0.20588847788117476
2008-10-24,1.2218544483184814,0.022875860042760543,-0.03615904508693524,-92.85714285714286,41.326089310044885,0.2636087552109309,0.04079787489237935
2008-10-27,1.159395456314087,-0.051118193407038603,-0.04152947024574893,-100.0,36.12733576009842,0.2650615833388379,-0.08603675391991104
2008-10-28,1.2101432085037231,0.04377087378880362,-0.03855819781825663,-100.0,42.4608517525364,0.2516213000109408,0.12318632951545572
2008-10-29,1.1672025918960571,-0.03548391323102973,-0.04145701460804301,-92.85714285714286,38.942124311341004,0.24409743561337371,-0.028117260277533748
2008-10-30,1.1828171014785769,0.0133777201069738,-0.04053490507724709,-71.42857142857143,40.8612945285925,0.2166933499416235,-0.12496603654581842
2008-10-31,1.178913950920105,-0.0032998766703599136,-0.040175109117847815,-71.42857142857143,40.518450748224566,0.18330019418371943,-0.20339192796545097
2008-11-03,1.1867207288742063,0.006622008288228676,-0.03854672873199769,-71.42857142857143,41.57436535795785,0.16682599563583,-0.21588638759945472
2008-11-04,1.1867207288742063,0.0,-0.037038717813171605,-64.28571428571429,41.57436535795786,0.13854111615911882,-0.118915521506141
2008-11-05,1.2257583141326904,0.032895342862610644,-0.03176604913413773,-35.714285714285715,47.02785590263366,0.12569666517915293,0.09530387769838355
2008-11-06,1.202336072921753,-0.019108368216543825,-0.03030052909093507,-35.714285714285715,44.35286103847829,0.11320772547813664,0.2760522106169642
2008-11-07,1.217950701713562,0.01298690868840402,-0.026936379352086204,-35.714285714285715,46.53617261732329,0.11318409900443012,0.35713319197044907
2008-11-10,1.284313440322876,0.05448721242653476,-0.0189205490896672,64.28571428571429,54.6754158130102,0.10901389089948384,0.7385202364902677
2008-11-11,1.264794945716858,-0.015197609861585804,-0.014954824857223159,71.42857142857143,52.160229421348745,0.11142332039867425,0.8151670732663991
2008-11-12,1.268698811531067,0.0030865602581897633,-0.01116789603100713,71.42857142857143,52.62960269083503,0.1131988041726643,0.8374374557182047
2008-11-13,1.303831696510315,0.02769206107858624,-0.00574166095368976,85.71428571428572,56.74290155482743,0.12872160267582272,1.2527996819133598
2008-11-14,1.323350191116333,0.014970102857799095,-0.0004595990240622349,92.85714285714286,58.87920026943727,0.14727874729747226,1.70526505957591
2008-11-17,1.3545798063278198,0.023598904825896883,0.005373384858900626,100.0,62.10400146919831,0.17187789948790347,2.015124547180361
2008-11-18,1.315543293952942,-0.02881817091360861,0.007799738392787105,71.42857142857143,56.173864103153,0.1818653885951972,1.8040938451890165
2008-11-19,1.3584837913513184,0.0326408850212363,0.011708572697226477,71.42857142857143,60.6275386695882,0.20030706292462253,2.0019337475175805
2008-11-20,1.323350191116333,-0.02586236247989171,0.013106653732063265,71.42857142857143,55.64498909775637,0.20430584887499337,1.8392923423330276
2008-11-21,1.303831696510315,-0.014749304256005735,0.012821636347334735,71.42857142857143,53.03721052637294,0.20648859329600774,1.7379420837047643
2008-11-24,1.2608911991119385,-0.03293407999921005,0.010000634058955394,71.42857142857143,47.73686721597057,0.19450769807141094,1.4004972919560275
2008-11-25,1.2569878101348877,-0.0030957381412448637,0.007109430941774538,64.28571428571429,47.2743706358994,0.19124495918266146,1.0695405833995915
2008-11-26,1.2608911991119385,0.0031053514963139683,0.0049711760370508016,50.0,47.818814659343104,0.17866272919456527,0.8789745053171144
2008-11-27,1.268698811531067,0.00619213808822483,0.0037273762951295316,50.0,48.95422376520359,0.1683189318687778,0.27642345490617604
2008-11-28,1.214046835899353,-0.043077186748334495,-0.000733576392365014,-57.142857142857146,42.05598059735119,0.16046606876801547,-0.3131999574730074
2008-12-01,1.2257583141326904,0.009646644500878487,-0.0035479677699222036,-64.28571428571429,43.880923899867156,0.15232438860243955,-0.3927447246567525
2008-12-02,1.2218544483184814,-0.003184857707427602,-0.005991177682985275,-71.42857142857143,43.390352990505384,0.14419403435483838,-0.27811795515074067
2008-12-03,1.2608911991119385,0.03194877331516821,-0.005116142015590154,-71.42857142857143,49.47325491568992,0.1403010960554198,0.18790283140479488
2008-12-04,1.2804096937179563,0.015479919774017636,-0.0032326848733035796,-71.42857142857143,52.23682748552927,0.1299200488339721,-0.1733843629075631
2008-12-05,1.2804096937179563,0.0,-0.0017813055216328595,-71.42857142857143,52.23682748552927,0.12215013485530887,-0.07598142524942111
2008-12-08,1.311639428138733,0.02439042329497987,0.0012903182163424066,-71.42857142857143,56.63783258648508,0.12371848181401915,0.566767931837129
2008-12-09,1.2804096937179563,-0.023809694761229294,0.0017922516017330314,-64.28571428571429,51.52500195401194,0.12298333687321931,0.39883359233843146
2008-12-10,1.303831696510315,0.01829258471509032,0.003534995962805336,-57.142857142857146,54.81919585149001,0.12304482309051121,0.6587670727699594
2008-12-11,1.268698811531067,-0.026945874282149007,0.0028115655311082323,-21.42857142857143,49.396648979411545,0.12298333687321931,0.36478968925755845
2008-12-12,1.2335654497146606,-0.02769243692599288,-7.512447517922981e-05,-21.42857142857143,44.64114492309128,0.12448627164399417,0.09267117331204042
2008-12-15,1.2335654497146606,0.0,-0.002398658161017701,-21.42857142857143,44.64114492309128,0.11623790018497432,-0.06574064851192883
2008-12-16,1.2296617031097412,-0.0031646043635725762,-0.004458311263240148,-21.42857142857143,44.0941151321611,0.11605851535751903,0.001235021437389214
2008-12-17,1.2257583141326904,-0.0031743600432373453,-0.0062884135249572995,-21.42857142857143,43.51985588454854,0.10036688876026932,0.06188632960512737
2008-12-18,1.2491798400878906,0.01910778469552743,-0.006000543397817209,28.571428571428573,47.90404619964047,0.09052819255563777,0.2365600513996
2008-12-19,1.2374690771102903,-0.009374761424885247,-0.0066087974983466465,28.571428571428573,45.982117564950485,0.08550686875723547,0.14747237167565752
2008-12-22,1.2218544483184814,-0.012618197157921562,-0.008074004667660322,28.571428571428573,43.477394438903076,0.08858031722941014,0.042689771631820785
2008-12-23,1.202336072921753,-0.015974386657584105,-0.010505913261348972,-78.57142857142857,40.50710577402509,0.0955245840948095,-0.17335501851159457
2008-12-24,1.1906248331069946,-0.009740404599438812,-0.013093385454261827,-85.71428571428572,38.794530988896916,0.1041226844685555,-0.29846340016887135
2008-12-25,1.1867207288742063,-0.0032790381354640408,-0.01520185490484395,-92.85714285714286,38.2145019348299,0.11126438421144766,-0.3655923991338226
2008-12-26,1.1906248331069946,0.0032898255990623237,-0.01633063977708561,-92.85714285714286,39.193571213601096,0.1156528124763367,-0.30250935376279764
2008-12-29,1.178913950920105,-0.00983591292676933,-0.018029937638869176,-100.0,37.284976834907354,0.12366373657381405,-0.17818367821015121
2008-12-30,1.159395456314087,-0.016556335253123833,-0.020692047471901533,-85.71428571428572,34.28800659114092,0.1358618431315186,-0.2593507101509681
2008-12-31,1.159395456314087,0.0,-0.02230412683320865,-100.0,34.28800659114091,0.1453992385344704,-0.24715869526317297
2009-01-05,1.1750099658966064,0.013467802980840382,-0.02194309397014252,-92.85714285714286,38.84845340348145,0.14636135892100785,-0.09735862098310365
2009-01-06,1.194528579711914,0.016611445333924113,-0.01998527479440577,-64.28571428571429,44.0734508449831,0.14252915619397444,0.45312541288429603
2009-01-07,1.171106457710266,-0.01960783726689641,-0.02047006574515964,-64.28571428571429,39.69085846041159,0.13042347233538149,0.38500700574615415
2009-01-08,1.1476842164993286,-0.020000095684496677,-0.022345818875751763,-92.85714285714286,35.851583153192934,0.12961493769874252,0.2654083264943774
2009-01-09,1.1632990837097168,0.013605543219908256,-0.021850834219408814,-92.85714285714286,40.01720633803822,0.11163950299383227,0.34671168714325323
2009-01-12,1.159395456314087,-0.003355652428764344,-0.021789820295100036,-85.71428571428572,39.32961798360757,0.10316499815336855,0.3602940269138609
2009-01-13,1.1398766040802002,-0.016835370647337533,-0.023169112602902428,-100.0,35.99887390845689,0.10680738341738587,0.2359813095969887
2009-01-14,1.1672025918960571,0.0239727596110344,-0.02127110377186255,-92.85714285714286,43.24538550452057,0.10308538860099611,0.384036025231258
2009-01-15,1.1515882015228271,-0.013377617974498546,-0.021318987955525427,-85.71428571428572,40.428538471848626,0.10121404780998695,0.2995360673486699
2009-01-16,1.171106457710266,0.016948989371051493,-0.019209941229530902,-78.57142857142857,45.23094989985218,0.09631120617192673,0.17784422653438725
2009-01-19,1.2101432085037231,0.03333322136211381,-0.01447544315107556,28.571428571428573,53.3338488587158,0.08408250431925436,0.23896635544530576
2009-01-20,1.194528579711914,-0.012903124755883844,-0.012274301371854921,28.571428571428573,50.1384933810951,0.07212823100067048,0.20741201408533255
2009-01-21,1.1906248331069946,-0.0032680227758643543,-0.010556829676524307,28.571428571428573,49.34256748269814,0.06420096200042077,0.18678338980427095
2009-01-22,1.202336072921753,0.009836213296674945,-0.008194141558980478,28.571428571428573,51.81388857226252,0.06420096200042077,0.035858833336601954
2009-01-23,1.194528579711914,-0.0064936030662925415,-0.006892983711533929,28.571428571428573,50.06051390059451,0.0647957474456255,-0.199081595580408
2009-02-02,1.1984323263168335,0.0032680227758643543,-0.005474457068834054,28.571428571428573,50.954200100095,0.066506188035978,-0.2864752718932556
2009-02-03,1.2101432085037231,0.009771834362046095,-0.0035045151505751094,28.571428571428573,53.63476381642317,0.07039018467811242,0.09876940127127687
2009-02-04,1.2335654497146606,0.019354933404863495,-0.00041074937124348937,78.57142857142857,58.517997893780475,0.08176546415808944,0.6151449647063354
2009-02-05,1.2257583141326904,-0.006328918813165663,0.001470121517613525,85.71428571428572,56.38624814609622,0.08660047485933531,0.2530531514536899
2009-02-06,1.2804096937179563,0.04458577107342365,0.006208905339544238,92.85714285714286,65.78308528396813,0.1098230040777702,0.6761779376255076
2009-02-09,1.2804096937179563,0.0,0.00990003311474159,100.0,65.78308528396815,0.127327652859772,0.6327392812020389
2009-02-10,1.284313440322876,0.0030488261874870304,0.012883054462147391,92.85714285714286,66.38310525111471,0.14273610734871095,0.9086664309363832
2009-02-11,1.2921209335327148,0.006079118200208233,0.0154877323068686,100.0,67.60658359970806,0.15536886801911157,1.037855506868752
2009-02-12,1.276505947113037,-0.012084771645163084,0.016650110555342327,92.85714285714286,62.69222276756923,0.15635059934569964,0.9635560616113126
2009-02-13,1.315543293952942,0.030581406164375657,0.01907871574552031,85.71428571428572,68.79850437304614,0.16770562516513313,1.5011945902826378
2009-02-16,1.3897125720977783,0.05637919974642025,0.024279755903760875,92.85714285714286,76.62621741538179,0.19934766603890872,2.3731879324382925
2009-02-17,1.350676417350769,-0.028089372961549897,0.027404749880556325,100.0,67.08675441355248,0.20288398977087715,1.9828175270919701
2009-02-18,1.2804096937179563,-0.052023358615111204,0.026204247826331642,85.71428571428572,54.04419196851266,0.19610514116017205,1.334316751699788
2009-02-19,1.2804096937179563,0.0,0.023786769689986154,85.71428571428572,54.04419196851266,0.18335125599572033,0.9244637873303931
2009-02-20,1.2921209335327148,0.009146478562461091,0.022148710724308074,78.57142857142857,55.708630603498634,0.17407981247237936,0.8379305913927811
2009-02-23,1.303831696510315,0.009063209699406771,0.02131167523660965,71.42857142857143,57.371265243079236,0.17221561803872373,1.0013105707006755
2009-02-24,1.2491798400878906,-0.04191634285981782,0.01797871951448582,64.28571428571429,48.265456122610864,0.16482843316970516,0.6683218108195339
2009-02-25,1.2608911991119385,0.009375238575114908,0.015038927596296736,57.142857142857146,50.09342557995055,0.15508924542643013,0.5580178770598159
2009-02-26,1.2374690771102903,-0.01857584700261583,0.01142552489379791,-42.85714285714286,46.5508467503685,0.14903857714904506,0.25746234539295565
2009-02-27,1.2569878101348877,0.015773107696700706,0.009352033806774438,-57.142857142857146,49.740662648661626,0.1384768328823781,0.22780002287302184
2009-03-02,1.2530838251113892,-0.0031058256826528297,0.007535576280355184,-57.142857142857146,49.10937054238992,0.12800799512151464,0.22280891617420295
2009-03-03,1.2491798400878906,-0.003115501888432348,0.0057731789994219735,-57.142857142857146,48.447196538817536,0.12028039429340796,0.2968106181849568
2009-03-04,1.366290807723999,0.09375028629013782,0.0107764966407778,-57.142857142857146,64.0895655825799,0.1284448295923549,0.9346846547707782
2009-03-05,1.428749918937683,0.045714360998834414,0.017794624826330343,28.571428571428573,69.41903882182466,0.15225310313527166,1.3690883460454266
2009-03-06,1.397520661354065,-0.021857749330154275,0.02220109736020129,28.571428571428573,64.28210183280541,0.1653808781387663,1.3348951597820211
2009-03-09,1.3272541761398315,-0.050279389176365985,0.022193920353103358,28.571428571428573,54.50837624626024,0.16513603296755103,0.4308259757230761
2009-03-10,1.3272541761398315,0.0,0.021014514027763567,28.571428571428573,54.50837624626024,0.16487663187793541,0.29161887228626987
2009-03-11,1.303831696510315,-0.01764732034796701,0.018774553199784806,28.571428571428573,51.482285826305976,0.16450063352018282,-0.09818608838809019
2009-03-12,1.303831696510315,0.0,0.016509871653818276,28.571428571428573,51.48228582630598,0.16293582230618156,-0.11873595186002088
2009-03-13,1.3194465637207031,0.011976137144219745,0.015319297183364599,28.571428571428573,53.47911721640076,0.16300867604394276,-0.20768834978585618
2009-03-16,1.3272541761398315,0.005917338855399912,0.014749770123183908,28.571428571428573,54.48775209981322,0.153954186451091,-0.10416034434982901
2009-03-17,1.350676417350769,0.01764714071502005,0.015343062724435133,28.571428571428573,57.467001905640714,0.153954186451091,0.16261408748542314
2009-03-18,1.338964819908142,-0.008670912805006425,0.015274183253816798,28.571428571428573,55.510300390772436,0.15404355056644983,0.07333500887938746
2009-03-19,1.3467724323272705,0.005831081073260691,0.015316852717456607,28.571428571428573,56.57190695207453,0.15429903514717955,0.24015516968203293
2009-03-20,1.3428688049316406,-0.0028985055692625217,0.015057532440746292,14.285714285714286,55.854285495343305,0.15464007788424391,0.26748622649127274
2009-03-23,1.3428688049316406,0.0,0.014647881182691058,14.285714285714286,55.85428549534331,0.15531918153851462,0.26203581436956835
2009-03-24,1.3545798063278198,0.008720882749804648,0.014727250253164558,7.142857142857143,57.72032683550384,0.14921362167286872,0.0233559802935073
2009-03-25,1.323350191116333,-0.02305483594661606,0.013185681448730674,-35.714285714285715,51.472034646967515,0.142765426371908,-0.37115198775305125
2009-03-26,1.3701945543289185,0.035398312198125836,0.01388754223447091,-21.42857142857143,58.69492969198538,0.13136614931610271,-0.18546819597113165
2009-03-27,1.3623868227005005,-0.005698264968102995,0.014259045767706724,-21.42857142857143,57.16763902201407,0.12169523152534291,-0.14850737369834507
2009-03-30,1.350676417350769,-0.00859550691081945,0.013757832025821906,57.142857142857146,54.86183100684963,0.10705138741477757,-0.2968797434311101
2009-03-31,1.350676417350769,0.0,0.013111500528741372,57.142857142857146,54.86183100684961,0.08606315435953757,-0.22507601672936453
2009-04-01,1.3623868227005005,0.008670030215453428,0.013034315079632154,57.142857142857146,56.8789502811207,0.08572143900197941,-0.017363635784945694
2009-04-02,1.3740981817245483,0.008596206913418225,0.013483431597581964,92.85714285714286,58.859028010810555,0.0682366155351373,-0.13990262901523304
2009-04-03,1.397520661354065,0.017045710372835643,0.014874901558626571,100.0,62.56173144020863,0.0682366155351373,-0.21575690096468442
2009-04-07,1.397520661354065,0.0,0.01597262195110115,100.0,62.56173144020865,0.07530968569302302,-0.31179262536243024
2009-04-08,1.3428688049316406,-0.03910629583785319,0.014081728815659278,57.142857142857146,50.3090325314543,0.0740984840261383,-0.5763208066723696
2009-04-09,1.3467724323272705,0.0029069313259002527,0.012127124181378748,57.142857142857146,51.0465200818829,0.06761764610676105,-0.5585547012822557
2009-04-10,1.366290807723999,0.01449270487590848,0.01147926388813119,57.142857142857146,54.66920504828667,0.06029312460408228,-0.33749483834392474
2009-04-13,1.3858091831207275,0.014285666921262985,0.01194554305034749,57.142857142857146,58.01518922464002,0.05896402002257288,-0.16923730409586257
2009-04-14,1.3897125720977783,0.002816685749087444,0.012490911617883975,57.142857142857146,58.67217496878603,0.05891813077671365,0.1794765832393747
2009-04-15,1.3819057941436768,-0.005617548629006874,0.01242380333606867,57.142857142857146,56.759176976344804,0.06013311856485872,0.3973103861897403
2009-04-16,1.3897125720977783,0.005649283755220891,0.01255409156998151,50.0,58.22598484105944,0.06062134873464192,0.5435465862242645
2009-04-17,1.3740981817245483,-0.011235697716730053,0.011804114977315525,28.571428571428573,54.261311129473874,0.05974253280043419,0.5477343153348182
2009-04-20,1.3897125720977783,0.011363373142400324,0.011743275171809727,28.571428571428573,57.38613951636814,0.05957456704497645,0.7230282422301928
2009-04-21,1.378002047538757,-0.008426580282960283,0.011086911484178985,28.571428571428573,54.38518724715061,0.057421476120820415,0.7814020496641388
2009-04-22,1.378002047538757,0.0,0.010368131644659892,-14.285714285714286,54.38518724715061,0.056723998774389016,0.2848740719160291
2009-04-23,1.3584837913513184,-0.014164170671807197,0.008679867471912265,-14.285714285714286,49.39236681204368,0.04793359525523865,0.026424706094799976
2009-04-24,1.3467724323272705,-0.008620904495590831,0.006509940374389566,-14.285714285714286,46.626392764433774,0.050656800858362556,-0.2580546724793124
2009-04-27,1.350676417350769,0.0028987711136561067,0.004893587324606614,-14.285714285714286,47.67824823711079,0.0520710645874511,-0.4836087597980593
2009-04-28,1.3545798063278198,0.002889951232514232,0.0038057276307105338,64.28571428571429,48.765451631107965,0.05148413027069623,-0.5128846884521696
2009-04-29,1.378002047538757,0.017291148961118497,0.004227349144845587,64.28571428571429,54.8306334543085,0.04979869180173406,-0.3175033705055822
2009-04-30,1.366290807723999,-0.0084987100241799,0.00391550202817699,-35.714285714285715,51.544946992814424,0.04952762192776156,-0.252840730210524
2009-05-04,1.3897125720977783,0.017142590904783983,0.004881977428083771,-35.714285714285715,57.08386430148506,0.05071240098675246,0.1469672287553992
2009-05-05,1.3858091831207275,-0.002808774314503437,0.0054264343262330084,-35.714285714285715,55.93627560435846,0.04885274185496574,0.15500077533642637
2009-05-06,1.3936165571212769,0.0056338016053318896,0.006194909023775547,-35.714285714285715,57.76518152191571,0.048068221822362964,0.3663003350300521
2009-05-07,1.401424527168274,0.005602667395919525,0.007157048761766634,35.714285714285715,59.57238128858794,0.04710158927283752,0.3611922390088028
2009-05-08,1.420942783355713,0.01392744012185787,0.008844185522884036,35.714285714285715,63.74829508484907,0.05125325325237869,0.8429676613107258
2009-05-11,1.409231424331665,-0.008241963829388133,0.0095635957225929,50.0,59.75958990959014,0.053818464578288504,0.21290468905957813
2009-05-12,1.417038917541504,0.0055402491564091605,0.010345306099980276,50.0,61.48953046384933,0.05830973298042193,0.2387153276073303
2009-05-13,1.420942783355713,0.002754946082202281,0.011070414917440676,50.0,62.36084820984178,0.06294782807940667,0.3979335216959641
2009-05-14,1.4053279161453247,-0.01098908935200893,0.010776430494620598,50.0,56.82289596400001,0.06424349608949463,0.4276363872226743
2009-05-15,1.409231424331665,0.002777649359622325,0.010519280658801733,50.0,57.831060359912776,0.06589251435970486,0.37301789963409343
2009-05-18,1.409231424331665,0.0,0.010221319081182258,50.0,57.831060359912776,0.06677538158316466,0.4421604331452311
2009-05-19,1.409231424331665,0.0,0.00987139113197976,50.0,57.83106035991279,0.0680294240589431,0.3655264491192241
2009-05-20,1.3936165571212769,-0.011080413721113014,0.008697197470907195,50.0,51.789404121151904,0.06763759561906421,0.11557715719452953
2009-05-21,1.3740981817245483,-0.014005556476055836,0.006566186478662982,42.85714285714286,45.404120690240575,0.06797524280237068,-0.1652506336334478
2009-05-22,1.378002047538757,0.0028410384833703617,0.004937580257667871,35.714285714285715,46.81650231784998,0.06526550543238555,-0.24568214322689103
2009-05-25,1.378002047538757,0.0,0.003619912171055414,-71.42857142857143,46.81650231784998,0.059163709745826715,-0.1633121949697128
2009-05-26,1.366290807723999,-0.0084987100241799,0.0018843533730737688,-71.42857142857143,42.950698707899484,0.05528718211940922,-0.251382331878527
2009-05-27,1.3936165571212769,0.01999995113982922,0.0020335675091755386,-71.42857142857143,52.753764617909546,0.049082803082335286,-0.0937900787980564
2009-06-01,1.4326531887054443,0.02801102741259287,0.004271106326181892,-71.42857142857143,62.63230609727923,0.052929894146322376,0.2717213479971342
2009-06-02,1.417038917541504,-0.010898849272830358,0.005206220733004268,-71.42857142857143,57.457365245260526,0.049883044135100606,0.09451207302613839
2009-06-03,1.459979772567749,0.030303229145425048,0.008017065920318901,35.714285714285715,65.82107635577282,0.06147181625529559,0.5682503742822053
2009-06-04,1.452171802520752,-0.005347998783068575,0.009874087924743171,42.85714285714286,63.38109497439143,0.06699606029282545,0.5827715301065813
2009-06-05,1.440461039543152,-0.00806430957912263,0.010625099479122168,42.85714285714286,59.80047755219297,0.06931783909478277,0.26818237017955227
2009-06-08,1.5146311521530151,0.05149053710844309,0.014395782197329997,57.142857142857146,70.98187268763127,0.09437557157719736,0.515089007461235
2009-06-09,1.538053274154663,0.015463911440322553,0.018540489788068815,64.28571428571429,73.48956336694826,0.1205791570025154,0.7389453265732543
2009-06-10,1.5458605289459229,0.0050760626582007085,0.022041282822654513,64.28571428571429,74.28721008547515,0.14178934956452585,1.0572691087645885
2009-06-11,1.5614746809005735,0.010100621409421473,0.025157886585562766,78.57142857142857,75.85207973436252,0.162471870501544,1.2281868856813147
2009-06-12,1.5341495275497437,-0.017499581443786383,0.026554364388263186,85.71428571428572,68.04716936982823,0.1722106954153816,0.9869662340129941
2009-06-15,1.6083197593688965,0.04834615563035327,0.029428695431895156,92.85714285714286,75.43567977166514,0.19664683206781494,1.2523568036901112
2009-06-16,1.604416012763977,-0.002427220446791778,0.03218924241553461,100.0,74.45977833532689,0.21363823301096962,1.2057655985584343
2009-06-17,1.604416012763977,0.0,0.033929135365045444,92.85714285714286,74.45977833532689,0.22586487256614163,1.2377993572242296
2009-06-18,1.604416012763977,0.0,0.0349056425435506,85.71428571428572,74.4597783353269,0.23420524169190282,1.1663874664125111
2009-06-19,1.6746819019317627,0.04379530533775733,0.03714001161232478,100.0,80.21418006924134,0.2515963233438322,1.2956336167063673
2009-06-22,1.7566596269607544,0.048951221682415946,0.04148880009423643,100.0,84.57945215373603,0.27963698649509017,1.7861644275647446
2009-06-23,1.862059235572815,0.060000017643950354,0.04770510782190607,100.0,88.18784760603789,0.3267578536354338,2.022782151629436
2009-06-24,1.8425407409667969,-0.01048220928375232,0.05359735022735192,78.57142857142857,84.25590927588865,0.3496973597234015,1.982222475326008
2009-06-25,1.858155608177185,0.00847463877634258,0.05739667575821212,78.57142857142857,84.8383104142503,0.36167512076861635,1.9505367828055282
2009-06-26,1.9103283882141116,0.028077723850106873,0.060610163555340546,78.57142857142857,86.61934506695394,0.3791729204113095,1.9208634070923205
2009-06-29,1.84210205078125,-0.035714455092531794,0.06306872935590721,71.42857142857143,74.32385706308585,0.37964280972956677,1.754626899562229
2009-06-30,1.8019695281982424,-0.0217862645372916,0.06213316669603061,50.0,68.19198232541362,0.36554110853877353,1.322740507823827
2009-07-01,1.858155608177185,0.03118037186517908,0.060201817271463565,50.0,71.71084247316435,0.3606385995979201,1.4475406407098883
2009-07-02,1.870196223258972,0.00647987446734799,0.05960522885218563,50.0,72.4151157218632,0.3495533651172357,1.3555130485646234
2009-07-03,1.858155608177185,-0.006438156024508035,0.058626079511308785,42.85714285714286,70.52431932982064,0.32740917314483714,1.185660244037022
2009-07-06,1.894276022911072,0.019438853546458468,0.057324584517270336,28.571428571428573,72.81728282682988,0.3182745039753663,1.3752270061013057
2009-07-07,1.850129008293152,-0.023305481399735983,0.05597281195474677,28.571428571428573,66.0538846329618,0.303477403915939,1.1652315041371122
2009-07-08,1.814009547233581,-0.019522671607042796,0.052675178463527816,21.42857142857143,61.057093254398296,0.2836772238001865,0.9566603701131088
2009-07-09,1.8220361471176147,0.004424783704294333,0.04875533668670911,14.285714285714286,61.74956846247077,0.26327970246978094,0.9045573491278964
2009-07-10,1.809996485710144,-0.006607806012255524,0.04508119372736093,7.142857142857143,60.025405507357,0.23081811112025283,0.7768772166390363
2009-07-13,1.773876428604126,-0.019955871401510783,0.04065412494759857,0.0,55.05848218049745,0.211043218862361,0.5468460808158203
2009-07-14,1.7979559898376465,0.013574542648649324,0.036589321103732184,-21.42857142857143,57.57860728184237,0.18609106577562268,0.5343530438413197
2009-07-15,1.7939430475234983,-0.0022319469090622546,0.03331055297729944,-21.42857142857143,57.00490624991588,0.15511710668037582,0.4632394819055221
2009-07-16,1.809996485710144,0.008948688872150834,0.030736785693298192,-21.42857142857143,58.774526011516684,0.11251730844616477,0.45567996700870855
2009-07-17,1.7859165668487549,-0.013303848406060026,0.027911551607404054,7.142857142857143,55.110432719899634,0.08604069893418187,0.3596188129859849
2009-07-20,1.7939430475234983,0.004494320072805147,0.02530008662677745,7.142857142857143,56.09300814889706,0.07992888854239753,0.566165463799888
2009-07-21,1.773876428604126,-0.011185761413704753,0.022422085798502148,7.142857142857143,52.97128278501141,0.08330308161451526,0.4614896330179657
2009-07-22,1.7819032669067385,0.004525026756756034,0.019958146715654573,-50.0,54.07235334134077,0.0859079578780509,0.42293178303092643
2009-07-23,1.8180227279663088,0.020270158167604135,0.01910904984846304,-28.571428571428573,58.7522252966977,0.08440997082453525,0.4129760074902708
2009-07-24,1.8059828281402588,-0.006622524372683847,0.018128461419776445,-28.571428571428573,56.67899192539265,0.07252600039257225,0.39346681597808836
2009-07-27,1.850129008293152,0.02444440747997234,0.018550321611920755,-28.571428571428573,61.97713464377591,0.0732586876427302,0.5616751714606315
2009-07-28,1.8461158275604248,-0.0021691356195909783,0.018876252611985438,78.57142857142857,61.24385790280973,0.07385347113802239,0.5792785005283674
2009-07-29,1.7899293899536133,-0.030434947129541645,0.016973636199200642,0.0,51.9726061711269,0.07279439138943414,0.5192497331904077
2009-07-30,1.858155608177185,0.038116709299543805,0.017209977996903655,0.0,59.90906096242451,0.07089029148833938,0.7159669368817567
2009-07-31,1.8902620077133176,0.01727863877214686,0.018741821594662433,14.285714285714286,63.007060564941355,0.07682638014123212,1.0640690775963768
2009-08-03,1.878222107887268,-0.006369434383656891,0.019573995294109834,21.42857142857143,61.1003074026715,0.07330552801195314,1.1587840851030857
2009-08-04,1.84210205078125,-0.019230982829101073,0.01873498769037502,21.42857142857143,55.65845633990665,0.0725456094069244,1.0895747616545004
2009-08-05,1.84210205078125,0.0,0.017563437006204607,21.42857142857143,55.658456339906635,0.07347087206645445,0.9066247231848398
2009-08-06,1.8019695281982424,-0.0217862645372916,0.01503502365789773,21.42857142857143,49.92828862277436,0.07388865454799662,0.7320796010269438
2009-08-07,1.7578232288360596,-0.0244989155872819,0.010888698309289912,21.42857142857143,44.500938100208316,0.07928828743774849,0.44158157732808706
2009-08-10,1.7417702674865725,-0.009132295606377072,0.006551559154303107,21.42857142857143,42.68395300992846,0.08469192884775209,0.24015843674288362
2009-08-11,1.7497962713241575,0.00460795776998002,0.0033523668875687293,21.42857142857143,43.916896361952304,0.08990696637334492,0.2298336242421376
2009-08-12,1.7016369104385376,-0.027522838901225533,-0.0014029495445975477,-50.0,38.557219179663996,0.10423146070501281,0.12591263108443407
2009-08-13,1.7217034101486206,0.01179246852662108,-0.004196771336793779,-57.142857142857146,41.747278810126225,0.11210815855894776,0.18946668694349206
2009-08-14,1.6695311069488523,-0.030302723972222778,-0.009041954709629542,-57.142857142857146,36.44866109165964,0.12940662045749685,0.06570768641231942
2009-08-17,1.5852513313293457,-0.05048110530478944,-0.0175449146996545,-71.42857142857143,29.856331606534685,0.16588034714421404,-0.16112496586026162
2009-08-18,1.593278408050537,0.005063598788754842,-0.02310925760405484,-78.57142857142857,31.13389243951949,0.19157373453752818,-0.1626394036903921
2009-08-19,1.593278408050537,0.0,-0.027274685793875854,-85.71428571428572,31.133892439519485,0.21263109544200257,-0.06772427444874844
2009-08-20,1.613344430923462,0.01259417235025273,-0.028859253543859733,-85.71428571428572,34.587908897742786,0.22500636048268607,0.12603498988382053
2009-08-21,1.633410930633545,0.012437827487709496,-0.028688606628417206,-85.71428571428572,37.94007196783847,0.2325416683217471,0.25652172332372564
2009-08-24,1.621371507644653,-0.007370725126849775,-0.029309756403381158,-71.42857142857143,36.724063586548326,0.23575800149792486,0.2760890184315226
2009-08-25,1.5772252082824707,-0.027227750798651473,-0.03234828247036476,-100.0,32.598280217635605,0.24307192929663604,0.21161134912166868
2009-08-26,1.5892646312713623,0.007633293537073316,-0.032857771433137624,-92.85714285714286,34.7511828353975,0.25078983279811956,0.23881554279343173
2009-08-27,1.593278408050537,0.0025255559711059306,-0.032790207185766765,-85.71428571428572,35.49096891204763,0.2470908928826084,0.3086245618045429
2009-08-28,1.5651848316192627,-0.01763255956355325,-0.03444233948665882,-78.57142857142857,32.696654173024655,0.23585774733848705,0.1514266958088785
2009-08-31,1.4728790521621704,-0.058974363661317475,-0.042068599357378486,-92.85714285714286,25.57245008430738,0.2376949529547637,-0.149500819310658
2009-09-01,1.5009725093841553,0.01907383853463318,-0.04352135417673137,-92.85714285714286,30.533455609385214,0.23302631934983772,-0.24280730181100565
2009-09-02,1.5370917320251465,0.024063880194455267,-0.04185369630439391,-85.71428571428572,36.40282822491604,0.2144088552400294,-0.08988123568249334
2009-09-03,1.5852513313293457,0.03133163642793657,-0.03720628525561984,-78.57142857142857,43.28383515876878,0.193912725136182,0.21718881480249214
2009-09-04,1.5812383890151978,-0.002531423399457333,-0.034426427252911236,-71.42857142857143,42.8676291050868,0.1793413513969597,0.43869288956805924
2009-09-07,1.5812383890151978,0.0,-0.031782173039405184,-42.85714285714286,42.8676291050868,0.1645375808017061,0.44758906338604276
2009-09-08,1.6013047695159912,0.012690294290977233,-0.027980857408088894,-42.85714285714286,45.885310084925,0.14226693227267337,0.6269420540411448
2009-09-09,1.5972918272018433,-0.00250604531413523,-0.025258996780249714,-42.85714285714286,45.3692136163057,0.1290950543947565,0.798737606772101
2009-09-10,1.5852513313293457,-0.00753806891605413,-0.023562499898505715,-42.85714285714286,43.77817397981222,0.10510140273049541,0.786632552165458
2009-09-11,1.637424349784851,0.032911512152306255,-0.018577668215336074,64.28571428571429,51.68477817921946,0.09809922636552436,1.033818898761882
2009-09-14,1.637424349784851,0.0,-0.015048670983915316,64.28571428571429,51.68477817921946,0.10254489506828675,1.1686774366429904
2009-09-15,1.6253846883773804,-0.007352804670977764,-0.012792904536106781,64.28571428571429,49.810044180300366,0.10477346538722274,1.1323798194794548
2009-09-16,1.6053177118301392,-0.012345985963036266,-0.01192452942043747,64.28571428571429,46.76528507431563,0.10519062765111799,0.9643847266698558
2009-09-17,1.6293975114822388,0.01500002116381527,-0.009641786792123202,64.28571428571429,50.66261978552945,0.10676775329703764,0.8694876455893141
2009-09-18,1.5812383890151978,-0.02955639868581328,-0.010551132046977324,64.28571428571429,43.76210685556149,0.10366781157763863,0.4937012999563032
2009-09-21,1.5892646312713623,0.0050759217028391035,-0.010455281898008283,57.142857142857146,45.10410520377294,0.10169239388011062,0.5325640756254899
2009-09-22,1.5651848316192627,-0.01515153560853899,-0.011688554656367771,50.0,41.87554630567607,0.10218872300155196,0.2798207861587637
2009-09-23,1.553145408630371,-0.0076920135856646255,-0.013110018822125133,42.85714285714286,40.32149016649165,0.10353344522255048,0.08779614677289867
2009-09-24,1.5651848316192627,0.007751639300475066,-0.013281990874602951,-64.28571428571429,42.61494251869257,0.10373877539279187,0.17676014145987634
2009-09-25,1.549131989479065,-0.010256195828060921,-0.014309289654344092,-64.28571428571429,40.38631774140061,0.1048910170162745,0.14414708695808034
2009-09-28,1.5411051511764526,-0.0051815070356345805,-0.015336054867498644,-64.28571428571429,39.28013895436893,0.087977349796829,0.046611891307328325
2009-09-29,1.5451186895370483,0.0026043247973908112,-0.015658805328734576,-85.71428571428572,40.16267174223505,0.07756729010247092,0.19615474802242297
2009-09-30,1.5651848316192627,0.012986796560092495,-0.014539628400981105,-85.71428571428572,44.50548623921908,0.07344857671845817,0.38163602113658196
2009-10-09,1.6053177118301392,0.025640984630139085,-0.01131871225429591,-85.71428571428572,52.00773500862592,0.07415617435595649,0.7187250409635703
2009-10-12,1.6013047695159912,-0.0024997807502995517,-0.009173344061967521,-78.57142857142857,51.261492594526494,0.07442750777137205,0.5328415865551202
2009-10-13,1.6173580884933472,0.01002514904280738,-0.006500838190394527,-71.42857142857143,54.09889991578988,0.07591546302178526,0.5815332805184479
2009-10-14,1.621371507644653,0.0024814660277518996,-0.004195883802227331,21.42857142857143,54.807257461267426,0.07760098754737661,0.4995927639190493
2009-10-15,1.621371507644653,0.0,-0.0023547989576161803,21.42857142857143,54.807257461267426,0.07927341401242852,0.38049031965054386
2009-10-16,1.6013047695159912,-0.0123763974104939,-0.0018962783062223304,21.42857142857143,50.30555291491906,0.07928472298760254,0.243508105997656
2009-10-19,1.621371507644653,0.012531492137332068,-0.0004865484023206881,21.42857142857143,54.344060346730636,0.07693026394703271,0.42214036139769073
2009-10-20,1.649464726448059,0.01732682403196817,0.001953447825172656,64.28571428571429,59.32743958371448,0.07938289464953478,0.937396555371952
2009-10-21,1.6534775495529177,0.0024328032242919573,0.004020660093370276,71.42857142857143,59.999069365160175,0.08429207190801469,1.0570811023859987
2009-10-22,1.637424349784851,-0.009708749763434832,0.004870969538501789,71.42857142857143,56.01412496284931,0.08732272704940597,0.9253912853555948
2009-10-23,1.6655175685882568,0.017156956782215405,0.00670439265124124,85.71428571428572,60.9073725237827,0.09359482718010285,0.85881333030861
2009-10-26,1.6615040302276611,-0.002409784463575315,0.007955741477044498,92.85714285714286,59.88244286438238,0.09905217570040221,0.6455561685922904
2009-10-27,1.613344430923462,-0.028985544680021236,0.006715197202269676,92.85714285714286,49.18667858524956,0.0989169123786899,0.28226974526971293
2009-10-28,1.621371507644653,0.004975426553272655,0.005848471968943314,85.71428571428572,50.76517621667248,0.09681133146678648,0.24245012018781611
2009-10-29,1.593278408050537,-0.017326750508232736,0.0038126820421539647,78.57142857142857,45.44441470072417,0.09231105590902026,0.10644278157376304
2009-10-30,1.6293975114822388,0.022669674834729925,0.003815361259081261,-21.42857142857143,52.35822995098135,0.08954636676156585,0.104999834783134
2009-11-02,1.6615040302276611,0.019704534049653555,0.0053074870414971595,-21.42857142857143,57.51264288406228,0.08600413132874317,0.41547696260999745
2009-11-03,1.6615040302276611,0.0,0.006473810716871093,-21.42857142857143,57.512642884062295,0.07758958174198848,0.3117274933149084
2009-11-04,1.6655175685882568,0.0024156055523054665,0.00748843023667473,-21.42857142857143,58.16878120733028,0.06721555395470075,0.39851672782914577
2009-11-05,1.6855840682983398,0.01204820656865957,0.009062172003749857,35.714285714285715,61.380047433518456,0.06364417428617879,0.7870911780404732
2009-11-06,1.6735442876815796,-0.007142794502628891,0.009761663296071789,42.85714285714286,58.47930206266011,0.06456360691910472,0.61507791343965
2009-11-09,1.677557349205017,0.0023979416337986947,0.010313931713025378,42.85714285714286,59.171903594060616,0.06430777693086458,0.42890479319398933
2009-11-10,1.6815704107284546,0.0023922052651965675,0.010812344452243041,42.85714285714286,59.89239729785374,0.06599680984059589,0.1469695421814967
2009-11-11,1.6815704107284546,0.0,0.011098905760998621,42.85714285714286,59.89239729785374,0.06723973817037776,0.14211812535233792
2009-11-12,1.6695311069488523,-0.007159559720360975,0.010702428054014104,42.85714285714286,56.42775237666048,0.06637626749543007,-0.024092655490475838
2009-11-13,1.677557349205017,0.0048074829050852586,0.010539958115730831,42.85714285714286,58.165232977420054,0.06178441247346006,0.13749409375189275
2009-11-16,1.7136770486831665,0.021531126488919305,0.011796267506893493,85.71428571428572,64.9405764973527,0.06628679236708354,0.5605941530727021
2009-11-17,1.7257168292999268,0.007025699869185997,0.013287279581888313,92.85714285714286,66.86684106888656,0.07460001927539679,0.5229960158729108
2009-11-18,1.7578232288360596,0.0186046742959316,0.015563095818227377,100.0,71.38231537604946,0.0892386789288135,0.7864054210378587
2009-11-19,1.7538100481033323,-0.0022830399933811973,0.01721610972809206,92.85714285714286,70.09638356421225,0.09782289578978577,0.8787944919638546
2009-11-20,1.7417702674865725,-0.006864928519357161,0.017862102030072647,92.85714285714286,66.24099046775967,0.10367466818909386,0.8343917987258445
2009-11-23,1.7457835674285889,0.0023041499886249373,0.018213268369373942,78.57142857142857,66.89463135397541,0.10884733481090828,0.7975790574297223
2009-11-24,1.7056504487991333,-0.022988599147240607,0.016866909694661803,100.0,55.35279213911056,0.10255009637321598,0.24152436367538846
2009-11-25,1.7176904678344729,0.007058901807117879,0.01573612035416505,92.85714285714286,57.710167131705425,0.09710468140662717,0.4367620883083675
2009-11-26,1.6574909687042236,-0.03504676788836347,0.012402383401308555,-14.285714285714286,44.93493332315475,0.08359117473141525,0.200425310099254
2009-11-27,1.621371507644653,-0.021791648788172635,0.0076292520952136065,-21.42857142857143,39.31186636479916,0.08542816583260883,-0.19423804826054056
2009-11-30,1.6534775495529177,0.019801780009631953,0.00506553298472041,-21.42857142857143,45.803988342605756,0.08638975185567156,-0.1390705950864646
2009-12-01,1.6615040302276611,0.004854302785613163,0.003485575656217528,-21.42857142857143,47.32118530104681,0.08638975185567156,0.12454262175074883
2009-12-02,1.6735442876815796,0.007246601413460674,0.00278506223273891,-21.42857142857143,49.600459152789625,0.08574300526660945,0.046050313532921036
2009-12-03,1.6695311069488523,-0.002398012865429955,0.002037727460582334,-21.42857142857143,48.841897868441144,0.08660767052503074,0.13254341708099554
2009-12-04,1.7257168292999268,0.033653594184151814,0.00397459933488565,-21.42857142857143,58.427744887803456,0.08736257057266435,0.8962808662955396
2009-12-07,1.7217034101486206,-0.0023256533651203615,0.005325639372856002,-21.42857142857143,57.59752501536909,0.08765659713409639,1.1734718272981757
2009-12-08,1.697623610496521,-0.013986032385229996,0.005274267693928818,-21.42857142857143,52.75409313723486,0.08717571548420601,1.1225163801552949
2009-12-09,1.6615040302276611,-0.021276553910731466,0.0034917463763672035,-21.42857142857143,46.445052292021785,0.08890893731584477,0.8753100942772307
2009-12-10,1.6735442876815796,0.007246601413460674,0.002525336884523174,-21.42857142857143,48.649645111851086,0.08856974418099911,0.6973880946560841
2009-12-11,1.6695311069488523,-0.002398012865429955,0.0015715557114929681,-21.42857142857143,47.94124965410321,0.08919436461436642,0.5286228519614952
2009-12-14,1.7217034101486206,0.031249674224468782,0.0031946456909158548,-21.42857142857143,56.756807754289696,0.08967313304816849,0.794834740604585
2009-12-15,1.6855840682983398,-0.0209788408603796,0.0028535403803685946,42.85714285714286,50.3943823694054,0.08867450948511069,0.6693121665246877
2009-12-16,1.689597249031067,0.002380884352317425,0.0026836785283866843,42.85714285714286,51.05095464647318,0.08226095622578225,0.5300773873102314
2009-12-17,1.6655175685882568,-0.014251728011879128,0.001408506570341322,42.85714285714286,47.0287701678404,0.07640198818404662,0.22436755788995857
2009-12-18,1.6574909687042236,-0.0048192826274638945,-2.1558107376775924e-05,35.714285714285715,45.73524551130442,0.07219925549151505,-0.011593315358699374
2009-12-21,1.6574909687042236,0.0,-0.0011470774556490285,28.571428571428573,45.73524551130442,0.06507711984902635,-0.035175483416788646
2009-12-22,1.6454511880874634,-0.007263858955546931,-0.0026142652915019456,-78.57142857142857,43.646815258394525,0.06579777176734207,-0.10474731092164727
2009-12-23,1.6454511880874634,0.0,-0.0037274033837466484,-85.71428571428572,43.646815258394525,0.06370196967844323,-0.022647472218994973
2009-12-24,1.6695311069488523,0.014634234692417314,-0.003340749935356594,-85.71428571428572,49.04403167232218,0.06316206536150563,0.1719019162299905
2009-12-25,1.6534775495529177,-0.009615608435875944,-0.0038459032798222885,-85.71428571428572,45.888611253045426,0.057527444406339064,0.11150983566313301
2009-12-28,1.6695311069488523,0.009708966051746648,-0.0033652609008798374,-50.0,49.39491782091766,0.056387868885763894,0.10917433648267244
2009-12-29,1.697623610496521,0.016826582883507468,-0.0016099310180255255,-50.0,54.90200873306485,0.056855037770382616,0.3420503813946814
2009-12-30,1.7337435483932495,0.02127676457454797,0.0014073904570059738,35.714285714285715,60.807692397754465,0.0637121854147261,0.9876829123777876
2009-12-31,1.7377572059631348,0.002315023795534721,0.0039047067380561973,42.85714285714286,61.412390852788214,0.06975299887760995,1.2505479948145772
2010-01-04,1.7217034101486206,-0.009238227158215984,0.0051297797419757535,50.0,57.58527532305138,0.06911166635321547,0.9689235144277545
2010-01-05,1.7417702674865725,0.01165523470515728,0.006852504995290324,50.0,60.867996260737115,0.07285284251281288,0.9376199066072671
2010-01-06,1.7217034101486206,-0.011520955267487087,0.007335896652121774,50.0,56.18501422858153,0.0750269973802345,0.678146923597293
2010-01-07,1.689597249031067,-0.0186479047019964,0.006196416088096338,50.0,49.60866687887173,0.07378255546209708,0.3358741401697814
2010-01-08,1.697623610496521,0.0047504584125341864,0.005476767600657436,50.0,51.14809965128049,0.07350896599500106,0.23543560495210838
2010-01-11,1.7136770486831665,0.009456417834545983,0.005575117817893961,85.71428571428572,54.16418656486466,0.07373311243450556,-0.14278884909781966
2010-01-12,1.7337435483932495,0.011709615721061661,0.006486975699557093,85.71428571428572,57.68127441828668,0.075361134373706,-0.07618919775523803
2010-01-13,1.6615040302276611,-0.041666784128792544,0.004021751299789887,85.71428571428572,44.45619090460176,0.07694241741164115,-0.37661637160251465
2010-01-14,1.6695311069488523,0.004831211104610711,0.0021982771175466016,78.57142857142857,45.939430960740246,0.07772509513347435,-0.38028532059877995
2010-01-15,1.6695311069488523,0.0,0.0007597273508109199,-14.285714285714286,45.939430960740246,0.07740005251751389,-0.27993552502007174
2010-01-18,1.6695311069488523,0.0,-0.0003759994162990339,-14.285714285714286,45.93943096074023,0.07622252533787155,-0.14445093251006766
2010-01-19,1.6735442876815796,0.0024037771539708874,-0.0010672093051149248,-14.285714285714286,46.82609620679289,0.07470475121853089,-0.1191142290130315
2010-01-20,1.6454511880874634,-0.016786588679427505,-0.0029865348299684302,-14.285714285714286,41.67340957091817,0.07470475121853089,-0.2987127738370381
2010-01-21,1.6574909687042236,0.00731700867453533,-0.00383025088477293,-57.142857142857146,44.492450807909115,0.07286953377521264,-0.24463144313355958
2010-01-22,1.6695311069488523,0.007264074720142455,-0.0038571400393131467,-64.28571428571429,47.23874789244518,0.07286953377521264,-0.024083727311474856
2010-01-25,1.6615040302276611,-0.00480798272507843,-0.004259917037407211,-64.28571428571429,45.61826355744289,0.07179406743129957,-0.19740602624306133
2010-01-26,1.6695311069488523,0.004831211104610711,-0.004107099174566041,-64.28571428571429,47.55570848138208,0.07179406743129957,-0.09929593932851884
2010-01-27,1.649464726448059,-0.01201917138127817,-0.0049752045081146315,-64.28571428571429,43.393732103851825,0.0750305615051088,-0.17009240875144935
2010-01-28,1.649464726448059,0.0,-0.0055595005825282385,-92.85714285714286,43.393732103851825,0.07384382861138113,-0.007272264083042718
2010-01-29,1.6454511880874634,-0.0024332368532902215,-0.0061630267433814495,-92.85714285714286,42.53030983951001,0.07089737808861461,0.10796153194351991
2010-02-01,1.6173580884933472,-0.017073189285407686,-0.008054496325793706,-100.0,36.983301245116024,0.07455942314306623,0.041152312176072285
2010-02-02,1.637424349784851,0.012406814195486282,-0.008268454014834795,-92.85714285714286,42.72904441275841,0.06771269148902771,-0.05182575558542656
2010-02-03,1.6735442876815796,0.022058996436369327,-0.006515767736259452,-35.714285714285715,51.331185208600125,0.06167074546285902,0.174852633035733
2010-02-04,1.6655175685882568,-0.004796239425753357,-0.0056176934172651105,-35.714285714285715,49.550069484080346,0.060531215653622676,0.34098597582762663
2010-02-05,1.6574909687042236,-0.0048192826274638945,-0.005235125843525012,-35.714285714285715,47.76522291766633,0.058256622803250245,0.5081673359693738
2010-02-08,1.6574909687042236,0.0,-0.004854419904657684,-35.714285714285715,47.76522291766632,0.05170713879158748,0.5758825431688783
2010-02-09,1.6454511880874634,-0.007263858955546931,-0.005117450571594347,-35.714285714285715,44.94859751705105,0.033760348256316464,0.5526524796118778
2010-02-10,1.6534775495529177,0.004877909185980522,-0.004824725741063285,-35.714285714285715,47.184552574002744,0.03374073543570222,0.5353212909865018
2010-02-11,1.649464726448059,-0.002426899056442333,-0.004765025863204135,-35.714285714285715,46.174798359299004,0.0332174010005519,0.5118055218573381
2010-02-12,1.6574909687042236,0.004865967806082283,-0.004245925126727205,-35.714285714285715,48.54659205420187,0.03238008867373271,0.5852606159949357
2010-02-22,1.649464726448059,-0.004842404820123547,-0.004215616147484598,14.285714285714286,46.34721557598219,0.03153436968221844,0.46066222398271806
2010-02-23,1.6414380073547363,-0.0048662568920812,-0.0045379156540564965,14.285714285714286,44.19103331528841,0.030345792752322027,0.4268878555072203
2010-02-24,1.649464726448059,0.004890053146910045,-0.0043113916999915815,14.285714285714286,46.85371596486866,0.03013543695945852,0.46888243153772213
2010-02-25,1.6695311069488523,0.012165389279953809,-0.0030939862790004624,14.285714285714286,52.90325127466797,0.031309749996269294,0.7589884241673901
2010-02-26,1.6615040302276611,-0.00480798272507843,-0.0025412799319201804,14.285714285714286,50.43030999757474,0.03038498468724346,0.7873284866624128
2010-03-01,1.6735442876815796,0.007246601413460674,-0.001478783655139025,100.0,53.910451755569156,0.031972369813994775,0.8502536727058219
2010-03-02,1.6695311069488523,-0.002398012865429955,-0.0008371176161325354,100.0,52.58524910541249,0.031972369813994775,0.7174709824359681
2010-03-03,1.677557349205017,0.0048074829050852586,6.114593518631443e-05,35.714285714285715,54.96935593582853,0.03420984083640509,0.8520173716778304
2010-03-04,1.677557349205017,0.0,0.0007610788983493598,35.714285714285715,54.96935593582853,0.035984461187587864,1.0132435521947951
2010-03-05,1.6655175685882568,-0.007176971101742535,0.0007335287647419169,35.714285714285715,50.54765909840992,0.035717305436739365,0.956599737333077
2010-03-08,1.6655175685882568,0.0,0.0006992741301985653,35.714285714285715,50.54765909840992,0.028096321794549448,0.8498996643821976
2010-03-09,1.6735442876815796,0.004819354202385551,0.001043886566377489,71.42857142857143,53.44326647499178,0.026007527051104457,0.7848577201302434
2010-03-10,1.6615040302276611,-0.00719446598607687,0.0007359911589834431,71.42857142857143,48.82501480552118,0.02518238755229288,0.5829517568997703
2010-03-11,1.6735442876815796,0.007246601413460674,0.0010509094396993677,85.71428571428572,53.181963818566004,0.025925294041729427,0.444707347111573
2010-03-12,1.6655175685882568,-0.004796239425753357,0.0009115788205788902,85.71428571428572,50.1185197068657,0.02590102117267093,0.3661011634051656
2010-03-15,1.6534775495529177,-0.007228995516117331,0.0002129274630853985,85.71428571428572,45.851964843252695,0.026186350398111995,0.23758899077260462
2010-03-16,1.6615040302276611,0.004854302785613163,4.494363583915211e-05,78.57142857142857,48.97071954774469,0.024594277025231696,0.20787719922506634
2010-03-17,1.6735442876815796,0.007246601413460674,0.00048816502541050257,-14.285714285714286,53.31457280348908,0.024697547627874215,0.33579062994314707
2010-03-18,1.6655175685882568,-0.004796239425753357,0.00044965912876676026,-14.285714285714286,50.24395013794264,0.023448664917407713,0.1932858482766886
2010-03-19,1.6655175685882568,0.0,0.0004125231340717875,-14.285714285714286,50.24395013794265,0.02314359268155377,0.12021718976129854
2010-03-22,1.6695311069488523,0.002409784463575093,0.0005695877978319448,-14.285714285714286,51.85206441963407,0.021651963791021966,-0.03230657638061853
2010-03-23,1.6655175685882568,-0.002403991362539104,0.0004963519388642526,-14.285714285714286,50.10799905124691,0.01703121647216693,-0.2922546497746752
2010-03-24,1.6936112642288208,0.016867847070731967,0.001748334206427936,50.0,60.19941857650571,0.019450938508500704,-0.060632299607660894
2010-03-25,1.6695311069488523,-0.014218231650067192,0.0016043518480764302,50.0,50.72819886319549,0.019450938508500704,-0.2750023649853756
2010-03-26,1.697623610496521,0.016826582883507468,0.0027495315176262265,64.28571428571429,58.86010883221744,0.023975119046745774,-0.010920255295821166
2010-03-29,1.7497962713241575,0.030732761081460724,0.005906317703683479,71.42857142857143,69.06982601510602,0.047551678011183124,0.8946751592828581
2010-03-30,1.7538100481033323,0.002293853773123855,0.008539901246392409,71.42857142857143,69.6929706441313,0.06257209556093256,1.5256213385578168
2010-03-31,1.7217034101486206,-0.01830679325245832,0.009225029516929563,71.42857142857143,59.386286633320985,0.06628678900738806,1.247641624462519
2010-04-01,1.7297303676605225,0.004662218512542227,0.009857866361648019,71.42857142857143,60.94148753973786,0.07073659979191692,1.0234044929996418
2010-04-02,1.7217034101486206,-0.0046405831001038456,0.009950867428092541,71.42857142857143,58.52790869300046,0.07248003544325286,0.7165185013718485
2010-04-06,1.7217034101486206,0.0,0.009874323136418497,64.28571428571429,58.52790869300046,0.07357221073925717,0.41320274532696133
2010-04-07,1.7096635103225708,-0.006993016192615054,0.009208371483867644,57.142857142857146,54.755510334535,0.07367271900085604,0.20893788320032677
2010-04-08,1.697623610496521,-0.007042262850763037,0.008021911229105116,28.571428571428573,51.20147534263446,0.07185556781725505,-0.08277272286546981
2010-04-09,1.7096635103225708,0.007092208044001236,0.007462597461062628,28.571428571428573,54.38964898014898,0.07145485439832729,-0.13745758340503822
2010-04-12,1.7016369104385376,-0.004694841900508728,0.0066402629379736745,28.571428571428573,51.95275153650169,0.06965053156159914,-0.2270995955814295
2010-04-13,1.7217034101486206,0.01179246852662108,0.006753797917706499,28.571428571428573,57.12468588343893,0.06653009426202716,-0.03661316059730862
2010-04-14,1.7056504487991333,-0.009323883111843068,0.006139880553586996,7.142857142857143,52.276704905633245,0.06314088068156194,-0.013181230273435639
2010-04-15,1.7056504487991333,0.0,0.0055391199363768575,7.142857142857143,52.276704905633245,0.06116669284656437,0.17394484355685708
2010-04-16,1.6855840682983398,-0.011764649969705832,0.004115238410778677,7.142857142857143,46.549586530801136,0.058471173227567036,0.08649547169542644
2010-04-19,1.6253846883773804,-0.03571425540449791,5.4029986264026374e-05,-100.0,34.380710643949406,0.06870261576587011,-0.2946308006613629
2010-04-20,1.6293975114822388,0.002468845150045418,-0.00304339992287906,-92.85714285714286,35.58945453390882,0.07677078378731193,-0.3700444089046618
2010-04-21,1.633410930633545,0.002463130772585531,-0.005226012957926707,-100.0,36.84252845290749,0.08248977635839724,-0.15250738723742546
2010-04-22,1.6093312501907349,-0.014741961126383818,-0.008178910524770414,-100.0,32.72850498165451,0.09476847744926867,-0.2199734418150273
2010-04-23,1.621371507644653,0.00748152840037819,-0.009668809316403942,-92.85714285714286,36.544073564528865,0.10152502088670688,-0.008662738167419679
2010-04-26,1.621371507644653,0.0,-0.010773508538228642,-85.71428571428572,36.54407356452886,0.1081144193048456,0.2841868564784795
2010-04-27,1.621371507644653,0.0,-0.011516238600476063,-50.0,36.54407356452886,0.10852706858158499,0.7193724859287465
2010-04-28,1.6253846883773804,0.0024751765488695288,-0.01174040088552355,-50.0,38.00784054106833,0.1053811765054987,1.0662859771541118
2010-04-29,1.649464726448059,0.01481497779748242,-0.010467611462749616,-50.0,46.04954328272285,0.10334654104212534,1.1204385811514224
2010-04-30,1.6815704107284546,0.01946430485332762,-0.007781241709121541,-50.0,54.52056435727154,0.09878077061019944,1.4872506023703969
2010-05-04,1.6574909687042236,-0.014319615682223952,-0.006986796055767574,-50.0,48.384422762019206,0.09491367256262366,1.5238151101238302
2010-05-05,1.6574909687042236,0.0,-0.006196178966749273,-42.85714285714286,48.384422762019206,0.09019151122219414,1.5844910121001952
2010-05-06,1.6253846883773804,-0.019370410417344774,-0.0071906414994224776,-35.714285714285715,41.21191866555256,0.08874755306711633,1.3007874739301712
2010-05-07,1.6173580884933472,-0.0049382770376938945,-0.008226503344210118,-28.571428571428573,39.63024003126823,0.08890986398635421,1.084708013477853
2010-05-10,1.6414380073547363,0.014888427635602275,-0.007615307095624629,42.85714285714286,46.29000106328407,0.08401563206882551,1.1113332289877216
2010-05-11,1.613344430923462,-0.017115222326640755,-0.008657713222793672,-42.85714285714286,40.65504724223024,0.0817874495946485,0.7819693698450474
2010-05-12,1.6293975114822388,0.009950188100620316,-0.008394580338833847,-50.0,44.79076540371031,0.071156659752304,0.7211763043975465
2010-05-13,1.6574909687042236,0.017241622761795306,-0.0066691977189482984,-50.0,51.20016026702228,0.06272734391518263,0.7797918899529596
2010-05-14,1.6414380073547363,-0.00968509732637457,-0.006185381628501532,-50.0,47.78631744653026,0.05118188745131339,0.7269235773002396
2010-05-17,1.5892646312713623,-0.03178516389263719,-0.008490163576317692,-71.42857142857143,38.74441574955682,0.04984181644906278,0.40335083265414773
2010-05-18,1.5852513313293457,-0.0025252559347564985,-0.010267432528096499,-78.57142857142857,38.14648877247392,0.05586132629104214,0.3903154470895957
2010-05-19,1.5651848316192627,-0.01265824498204704,-0.012696522031333155,-85.71428571428572,35.21977471660448,0.0659945975645333,0.39944318192443684
2010-05-20,1.561171531677246,-0.0025641060793214487,-0.014593797245113345,-85.71428571428572,34.64723063428348,0.07487667678901254,0.40255554590326226
2010-05-21,1.5892646312713623,0.01799488334503141,-0.014197413478332067,-100.0,41.78174276408736,0.0768338394759408,0.6867041284946064
2010-05-24,1.6093312501907349,0.012626354682869767,-0.012758848621534794,-42.85714285714286,46.29197299079828,0.07719142219257007,0.9367262554977169
2010-05-25,1.5691986083984375,-0.024937465041793505,-0.013962568300492716,-42.85714285714286,39.672318511109786,0.0823757794922663,0.6893644963117525
2010-05-26,1.573211908340454,0.0025575474771244444,-0.014250412410038391,-42.85714285714286,40.587269220399875,0.08614544632364043,0.5413234834768771
2010-05-27,1.573211908340454,0.0,-0.014341439931304432,-42.85714285714286,40.58726922039988,0.08926855231545741,0.44017613153848656
2010-05-28,1.6093312501907349,0.02295898070615432,-0.012139134775477354,-42.85714285714286,48.70708248473973,0.08713317454068832,0.5955918486453643
2010-05-31,1.6414380073547363,0.01995037203198291,-0.008761252589109063,-42.85714285714286,54.641359978848634,0.07980548324488437,0.6997678664516727
2010-06-01,1.6454511880874634,0.0024449176360881175,-0.005991267020950141,-42.85714285714286,55.336922308773396,0.07788214157646578,1.9044060346275289
2010-06-02,1.561171531677246,-0.051219785199570045,-0.008279498320269937,-100.0,41.08732436631262,0.07734359088730039,3.0994024516312937
2010-06-03,1.5411051511764526,-0.012853411744726762,-0.010889827999198872,-92.85714285714286,38.542496447483884,0.08392398192293775,3.356794505840985
2010-06-04,1.5161148309707642,-0.01621584366687201,-0.014251059031137197,-28.571428571428573,35.586378144213185,0.09533102742011114,2.9239733897318243
2010-06-07,1.478628396987915,-0.024725326351993204,-0.01902423534746662,-35.714285714285715,31.6633146487058,0.11154046816645634,2.1343448071483397
2010-06-08,1.4619678258895874,-0.011267584967437738,-0.023426839528836334,-42.85714285714286,30.07635047025427,0.13049860000049585,1.5107375387818036
2010-06-09,1.5119495391845703,0.03418797076780389,-0.022928228085676315,-50.0,39.82091170732539,0.13280302385262732,1.4237041221692448
2010-06-10,1.478628396987915,-0.022038527962134347,-0.02519639303126461,-50.0,36.199073232171195,0.13422831437918317,1.170677818191694
2010-06-11,1.478628396987915,0.0,-0.026281491666456103,-50.0,36.199073232171195,0.13533260539624847,0.8591658475706802
2010-06-15,1.478628396987915,0.0,-0.026832135991276145,-50.0,36.199073232171195,0.14119475169292817,0.6672374674687084
2010-06-17,1.4827934503555298,0.0028168357757090146,-0.02665797716555248,-50.0,37.092329805578025,0.14521375554457985,0.4909107567639386
2010-06-18,1.4536370038986206,-0.019663188052198577,-0.0284038674375447,-50.0,33.55109564342832,0.15428965832450448,0.09305432030412705
2010-06-21,1.495289325714111,0.02865386730234576,-0.025998386207078904,-50.0,42.06110517019402,0.15617929735516134,0.1352873604626617
2010-06-22,1.491123914718628,-0.0027856889792842177,-0.024728471478327758,-50.0,41.48886660904027,0.15556623578783652,0.18146238930873498
2010-06-23,1.478628396987915,-0.008379932484062325,-0.024266655171847656,-42.85714285714286,39.742125235094825,0.15194731786183246,0.1310444824893782
2010-06-24,1.478628396987915,0.0,-0.023464564045585726,-35.714285714285715,39.742125235094825,0.15236447122928462,0.0828062328000989
2010-06-25,1.478628396987915,0.0,-0.022568742632752836,-28.571428571428573,39.742125235094825,0.15136771958080847,0.055354208887930315
2010-06-28,1.478628396987915,0.0,-0.021609694601242662,-21.42857142857143,39.742125235094825,0.14930555563595696,0.03994054235305427
2010-06-29,1.4453074932098389,-0.02253500869180758,-0.022926349360563307,0.0,34.52812253876086,0.14242415449993437,-0.16718020400106712
2010-06-30,1.411985993385315,-0.02305495542026237,-0.025738868842381458,-92.85714285714286,30.253582191346684,0.12600923521325585,-0.40894646690918496
2010-07-01,1.411985993385315,0.0,-0.027225197874725167,-100.0,30.253582191346684,0.0945411026387329,-0.5216176488565959
2010-07-02,1.4161508083343506,0.0029496149172487662,-0.027762257128366528,-64.28571428571429,31.483155272782277,0.08823228022801695,-0.538925066351496
2010-07-05,1.403655767440796,-0.008823241719750907,-0.028888117322618007,-71.42857142857143,29.78655559117986,0.08725365591931397,-0.49525905644144974
2010-07-06,1.4494726657867432,0.032641121426432385,-0.025801334365409153,-71.42857142857143,42.106380120767774,0.08219448697852803,-0.20586787341242144
2010-07-07,1.4494726657867432,0.0,-0.02380430137305848,-71.42857142857143,42.10638012076778,0.08206894910787434,0.04730468128801779
2010-07-08,1.4453074932098389,-0.0028735778709173543,-0.022261602025128696,-71.42857142857143,41.34157991680141,0.08269965195013529,0.13409286148760785
2010-07-09,1.4744634628295898,0.02017284886207804,-0.018757864360611796,-71.42857142857143,48.406027801494126,0.07694775372790821,0.2923295575521589
2010-07-12,1.4869587421417236,0.008474458423102904,-0.015337886379872493,35.714285714285715,51.12282442504845,0.07787704009965961,0.3440376640606776
2010-07-13,1.4619678258895874,-0.016806731447128742,-0.014186255114920804,35.714285714285715,45.91524434254472,0.07701209788856349,0.30228072851178345
2010-07-14,1.470298171043396,0.00569803589811535,-0.012391743844217146,35.714285714285715,47.82318211949104,0.07637891605606763,0.24365561863864307
2010-07-15,1.436976671218872,-0.022663090032192135,-0.013010278708122741,35.714285714285715,41.51454123070452,0.07586098623686076,0.09337301549475834
2010-07-16,1.4286463260650637,-0.005797133189881509,-0.013663147248030142,35.714285714285715,40.09069193005457,0.07766840087019472,0.03895400716709267
2010-07-19,1.441142201423645,0.008746654179274005,-0.0131467832760987,35.714285714285715,43.23573895793283,0.07377656968974879,0.11569912845927184
2010-07-20,1.4661327600479126,0.017340799956854003,-0.011109267305298778,35.714285714285715,49.00182880858374,0.07024265442180001,0.38910538037817494
2010-07-21,1.470298171043396,0.002841087184592528,-0.009308803954105944,35.714285714285715,49.91505879537381,0.0691744554031164,0.7567012501340846
2010-07-22,1.478628396987915,0.0056656711601617005,-0.007323305786589773,35.714285714285715,51.774926547196976,0.0691744554031164,1.0461973539931981
2010-07-23,1.4869587421417236,0.005633832794485816,-0.00524636806638094,100.0,53.629350274122444,0.07061719998222332,1.0459137259850388
2010-07-26,1.4827934503555298,-0.002801215439370175,-0.0038256690641305328,92.85714285714286,52.54141033362958,0.07127383237074353,0.9930960961537264
2010-07-27,1.478628396987915,-0.0028089234995043455,-0.0028896323911989027,35.714285714285715,51.41815447099841,0.07298049040470224,1.2120764952042982
2010-07-28,1.499454140663147,0.014084501364680646,-0.0009775784153332027,57.142857142857146,56.433431776474805,0.07318474997338083,1.4807772541679658
2010-07-29,1.5036191940307615,0.002777713072153354,0.0007197509187121143,57.142857142857146,57.381039368572374,0.07226630618137715,1.6162218653127765
2010-07-30,1.491123914718628,-0.008310135546113484,0.001387859985408541,57.142857142857146,53.61348685181366,0.0681826195958009,1.6578233849558246
2010-08-02,1.507784366607666,0.011173083420221275,0.002751325092894692,78.57142857142857,57.609987943421224,0.06064104118187582,1.8054999457155871
2010-08-03,1.4827934503555298,-0.016574595681982607,0.0025198024536474315,78.57142857142857,50.57157457589284,0.05950585087629048,1.495519051196679
2010-08-04,1.478628396987915,-0.0028089234995043455,0.0020550629181638304,78.57142857142857,49.4864334709158,0.0578257276416819,1.3086404306185877
2010-08-05,1.4536370038986206,-0.01690174024805957,0.0003190761885328691,78.57142857142857,43.46044268699407,0.056501968596999706,0.7946756491927178
2010-08-06,1.4661327600479126,0.008596201194506436,-0.0003833129061836182,71.42857142857143,46.93956632584646,0.0567098561556201,0.6475761689946149
2010-08-09,1.4578025341033936,-0.005681767825886919,-0.001388253046186552,-28.571428571428573,44.953648266765775,0.056864629691926426,0.4652536054730615
2010-08-10,1.4328114986419678,-0.017142949663478402,-0.0035870846434507483,-42.85714285714286,39.547877936344314,0.06130884920689603,0.041812956794540494
2010-08-11,1.436976671218872,0.0029069927068927637,-0.005003524466903241,-50.0,40.825091941052946,0.06456472502088241,-0.08246677687853995
2010-08-12,1.4286463260650637,-0.005797133189881509,-0.006564903651629933,-57.142857142857146,39.048173381912044,0.06628431021928882,-0.12598720991104265
2010-08-13,1.4328114986419678,0.002915467950963313,-0.007436281446135915,-57.142857142857146,40.443965722608745,0.06538320638026894,-0.06694603286898514
2010-08-16,1.4494726657867432,0.011628303625820235,-0.007039718896446762,-57.142857142857146,45.79155607114579,0.06423358881294064,0.2924815750106985
2010-08-17,1.4453074932098389,-0.0028735778709173543,-0.006965012272133768,-57.142857142857146,44.710728612877645,0.06582551658255019,0.6078310928300528
2010-08-18,1.4494726657867432,0.0028818591175043817,-0.006562409499043111,-57.142857142857146,46.08127969574484,0.06678349684252868,0.7421101962944375
2010-08-19,1.4536370038986206,0.0028730021684244544,-0.005941619917550276,-57.142857142857146,47.482970361850064,0.06689839949933825,0.9194915471322777
2010-08-20,1.4536370038986206,0.0,-0.00540226473735212,-57.142857142857146,47.48297036185006,0.06600094163258306,0.9459104326145541
2010-08-23,1.4328114986419678,-0.014326482609344215,-0.006149076698412858,-100.0,41.26170526452838,0.06757139867931052,0.9224757740818846
2010-08-24,1.4286463260650637,-0.0029069927068926527,-0.006854414613574287,-100.0,40.12924250975573,0.06956754948619642,0.818602019719054
2010-08-25,1.407820463180542,-0.01457733975481712,-0.008603146793781906,-100.0,34.962322717275505,0.07142162716037344,0.3758374702016344
2010-08-26,1.4161508083343506,0.005917192832237017,-0.00926887974620322,-92.85714285714286,38.380045295086674,0.06811724620088534,0.28973130120465773
2010-08-27,1.407820463180542,-0.005882385622197006,-0.010254054954139044,-92.85714285714286,36.32436981091834,0.06772804487125661,0.10555882505431363
2010-08-30,1.411985993385315,0.0029588504455762,-0.010598696616929852,-85.71428571428572,38.10948060578516,0.05853895284640311,-0.08152244168984146
2010-08-31,1.3869948387145996,-0.01769929361041156,-0.012403067844477483,-64.28571428571429,32.26524621251149,0.061248048355070264,-0.750246035595509
2010-09-01,1.3953250646591189,0.0060059530951386275,-0.012968786258222224,-71.42857142857143,35.79942607954875,0.060090139380879266,-1.0244363086309205
2010-09-02,1.403655767440796,0.005970438711865533,-0.012769719794086738,-71.42857142857143,39.215144211691644,0.06100167560371521,-0.9054139475216199
2010-09-03,1.3953250646591189,-0.005935004133432176,-0.013079611312617548,-71.42857142857143,37.090017471587736,0.0599561705188003,-0.9289888919976909
2010-09-06,1.411985993385315,0.011940535684612286,-0.012017597651021858,-71.42857142857143,43.66522999737315,0.05706362768599809,-0.4762013410128037
2010-09-07,1.4161508083343506,0.0029496149172487662,-0.01090204675007419,-71.42857142857143,45.206920255380815,0.05700095841229209,-0.2600078236158066
2010-09-08,1.403655767440796,-0.008823241719750907,-0.010730012030628107,-64.28571428571429,41.53446992774617,0.05754710114415244,-0.21000612314319514
2010-09-09,1.3911601305007937,-0.008902208953114443,-0.011206826389306233,-57.142857142857146,38.19298143049661,0.06032894797406743,-0.3234541980483058
2010-09-10,1.3911601305007937,0.0,-0.0113771753206893,-42.85714285714286,38.19298143049661,0.06221962463473088,-0.3417629029472642
2010-09-13,1.3953250646591189,0.002993856758118696,-0.011108900526508557,-100.0,40.05716087873324,0.06016838025157047,0.004448895043822109
2010-09-14,1.3869948387145996,-0.005970096972746863,-0.011342687368234475,-92.85714285714286,37.61357367008833,0.059232535509653204,0.0768276174777973
2010-09-15,1.3744995594024658,-0.009008886668759208,-0.01217263871096734,-42.85714285714286,34.23953958692146,0.05842774683642288,-0.07905550186519154
2010-09-16,1.3453434705734253,-0.021212148544969667,-0.014605326251341982,-50.0,27.94129670859749,0.06302359591736484,-0.39122095557196074
2010-09-17,1.3453434705734253,0.0,-0.01613815178202711,-57.142857142857146,27.94129670859749,0.06370447845553219,-0.4864313081604007
2010-09-20,1.3411781787872314,-0.003096080575184623,-0.01745619949077819,-64.28571428571429,27.114906558336216,0.06854803911302713,-0.612361362762117
2010-09-21,1.34950852394104,0.006211214352847216,-0.017645576997191544,-64.28571428571429,31.479665836677274,0.0695833868426625,-0.5124164411880872
2010-09-27,1.3620041608810425,0.009259398305622168,-0.01678323969038518,-64.28571428571429,37.52357385351225,0.070463170264065,-0.23066712313566837
2010-09-28,1.3661693334579468,0.0030581203028117177,-0.01575107168310404,-64.28571428571429,39.441075788508364,0.06884460178850482,0.021220777148927207
2010-09-29,1.3869948387145996,0.015243721804192978,-0.013382953664542422,-64.28571428571429,48.02967428878974,0.06712278973237984,0.32365716756283275
2010-09-30,1.3911601305007937,0.0030031054694148462,-0.01128691038050057,-64.28571428571429,49.570189709817036,0.06465141843122016,0.5035956277045437
2010-10-08,1.407820463180542,0.011975855485271136,-0.008490459988610227,-57.142857142857146,55.280159145263674,0.06658005371929021,0.7838548080220932
2010-10-11,1.424481749534607,0.011834809046903594,-0.00530058221240067,50.0,60.14071058715709,0.07113133778946475,1.0032952938246338
2010-10-12,1.424481749534607,0.0,-0.002818789893657756,50.0,60.14071058715709,0.07454087029262443,1.297671997180726
2010-10-13,1.436976671218872,0.008771556173567951,-0.00014127824171887994,50.0,63.583264011493476,0.08101356846442039,1.6472311819879408
2010-10-14,1.4578025341033936,0.01449283297470405,0.003050802824782595,71.42857142857143,68.47107545149422,0.09106045503675447,1.234813456493687
2010-10-15,1.520279884338379,0.042857210612143204,0.008567022907384021,78.57142857142857,78.00760308670316,0.12128577109315607,2.176523333305747
2010-10-18,1.507784366607666,-0.008219221907386443,0.012335167707263742,85.71428571428572,73.23643572780382,0.13974596022348781,0.8651470639875622
2010-10-19,1.507784366607666,0.0,0.015091221130718995,85.71428571428572,73.23643572780382,0.1540467834033763,0.9824402287781406
2010-10-20,1.5036191940307615,-0.0027624457907570177,0.016904875273532523,85.71428571428572,71.54477315835464,0.1643488786448569,0.791749264872587
2010-10-21,1.478628396987915,-0.01662042965536603,0.01705809530695972,78.57142857142857,62.25337200654584,0.16848935882832583,0.47924790028865843
2010-10-22,1.4578025341033936,-0.01408458198621465,0.01585971552948516,71.42857142857143,55.755132251152716,0.16885108843677854,0.1507084583876187
2010-10-25,1.4827934503555298,0.01714286789020214,0.01564841603847224,64.28571428571429,61.014140175136745,0.16983926313390293,0.2871927213974662
2010-10-26,1.4619678258895874,-0.01404485868274441,0.014598608371614984,57.142857142857146,55.133103338138234,0.16250706592925745,0.1444128711065898
2010-10-27,1.4661327600479126,0.0028488548684653114,0.013623546142928327,50.0,56.04557790723437,0.15350764338481832,-0.003467527256955908
2010-10-28,1.478628396987915,0.008522855010479446,0.013303349422110169,42.85714285714286,58.75572787242456,0.14192696650160228,0.18226118257236745
2010-10-29,1.478628396987915,0.0,0.012991079702198451,35.714285714285715,58.755727872424565,0.12938989481980967,0.5266391356503738
2010-11-01,1.5036191940307615,0.01690133714038944,0.01371483324059661,28.571428571428573,63.916248391348915,0.1198212178537287,1.0210812037115267
2010-11-02,1.499454140663147,-0.002770018754847947,0.014112870971845515,21.42857142857143,62.51239691423679,0.1070988435798076,1.1072275808018897
2010-11-03,1.499454140663147,0.0,0.014234046263933771,7.142857142857143,62.51239691423679,0.09710935170688491,1.0669974160434472
2010-11-04,1.499454140663147,0.0,0.014166772817405342,7.142857142857143,62.51239691423679,0.08497746878514437,0.9667507047395463
2010-11-05,1.499454140663147,0.0,0.013952620996707459,-28.571428571428573,62.51239691423679,0.07483430790742697,0.8475642257784758
2010-11-08,1.499454140663147,0.0,0.01362583400332083,-14.285714285714286,62.5123969142368,0.06719988844038335,0.7298997437509932
2010-11-09,1.499454140663147,0.0,0.013214524148065518,-14.285714285714286,62.5123969142368,0.05691179317040283,0.6250141474910191
2010-11-10,1.499454140663147,0.0,0.012741679969183873,50.0,62.51239691423679,0.04807505243604773,0.5239207974885408
2010-11-11,1.5049333572387695,0.0036541408150030374,0.012471937870916024,100.0,64.24781133139624,0.044373288059201245,0.3491602827785737
2010-11-12,1.4533361196517944,-0.034285396983720906,0.009754226980187712,-7.142857142857143,43.721746468491176,0.046572667295819055,-0.08403080043229944
2010-11-15,1.479135036468506,0.017751514235325505,0.008433266526791564,-14.285714285714286,51.98228812065469,0.04547405763616225,-0.003701599719579777
2010-11-16,1.4275368452072144,-0.03488403018596897,0.004820916201492992,-21.42857142857143,39.4958828008256,0.05593384362865408,-0.17402740454032092
2010-11-17,1.4275368452072144,0.0,0.0016969691604086688,-28.571428571428573,39.4958828008256,0.06358750875092652,-0.2028939532896014
2010-11-18,1.4318370819091797,0.0030123472584282496,-0.0005280146058814819,-28.571428571428573,40.86874325748154,0.06971420064697638,-0.16278522210383845
2010-11-19,1.4275368452072144,-0.0030033002750784465,-0.002508338055870764,-42.85714285714286,39.89390470394473,0.07501673237940583,0.10879875261256038
2010-11-22,1.4103375673294067,-0.012048219936005244,-0.005052021736296673,-42.85714285714286,36.17703824728995,0.0844504975164071,0.2621746817036375
2010-11-23,1.4103375673294067,0.0,-0.006963397225300144,-57.142857142857146,36.17703824728995,0.09215444972292657,0.47028600336915577
2010-11-24,1.414637327194214,0.0030487451830056855,-0.008113617583461219,-57.142857142857146,37.855744681441095,0.0979708303903035,0.47864043105654347
2010-11-25,1.4275368452072144,0.009118604298802957,-0.00813729602997101,-57.142857142857146,42.723081608910555,0.10060567585586547,0.5129566482867578
2010-11-26,1.4275368452072144,0.0,-0.008120556366763025,-57.142857142857146,42.72308160891056,0.1027162866184176,0.5149141006887737
2010-11-29,1.4232367277145386,-0.00301226375144914,-0.008280135790291803,-57.142857142857146,41.467417118871154,0.1020151370611443,0.4766585962884396
2010-11-30,1.4060379266738892,-0.0120842869676836,-0.009368782941099529,-57.142857142857146,36.80776948550658,0.10337525759725426,0.271884227473678
2010-12-01,1.4103375673294067,0.003057983411364207,-0.00976179859812942,-57.142857142857146,38.66337078472203,0.10247037232203036,0.16487179407644187
2010-12-02,1.4275368452072144,0.012195149782740167,-0.00889948607621171,-50.0,45.55105444392364,0.09824770369726517,0.20244031577854701
2010-12-03,1.4189372062683103,-0.006024109968002733,-0.008747866730986417,-42.85714285714286,42.95382781718967,0.09340135526821729,0.20190257565285558
2010-12-06,1.4189372062683103,0.0,-0.008487127992240169,-35.714285714285715,42.953827817189676,0.08679510618840432,0.09160226748068907
2010-12-07,1.4189372062683103,0.0,-0.008186126097299485,14.285714285714286,42.95382781718967,0.07795493428737171,0.156773179061879
2010-12-08,1.4060379266738892,-0.00909080369267734,-0.008660936405561542,14.285714285714286,38.80833893006791,0.06723360751529857,0.019605217306648284
2010-12-09,1.4060379266738892,0.0,-0.008875398685804413,14.285714285714286,38.80833893006791,0.04754768554394377,-0.14744254720916836
2010-12-10,1.4060379266738892,0.0,-0.008942280544276185,14.285714285714286,38.80833893006791,0.04470453179089522,-0.207837155390283
2010-12-13,1.4232367277145386,0.012232103213129397,-0.007821322986422404,14.285714285714286,47.281134121809146,0.024818983981836535,-0.03598606529598291
2010-12-14,1.4275368452072144,0.003021364899415513,-0.006677415770889285,-28.571428571428573,49.17596494548016,0.024818983981836535,0.14291933282736405
2010-12-15,1.4189372062683103,-0.006024109968002733,-0.006241711401036863,-28.571428571428573,45.642820185573676,0.024135494916270747,0.05185759579249912
2010-12-16,1.4103375673294067,-0.006060619808201384,-0.006319277248405414,-21.42857142857143,42.36489274582084,0.02286109786693671,-0.08243611231522242
2010-12-17,1.4060379266738892,-0.003048660657646196,-0.006541355488194694,-14.285714285714286,40.78767224869824,0.022757178269761792,-0.17831954856303997
2010-12-20,1.3974382877349854,-0.0061162211742374906,-0.007157342544867427,-28.571428571428573,37.75972784529083,0.025280244259861157,-0.3148214756697423
2010-12-21,1.4060379266738892,0.00615385954026082,-0.0069929102768669475,-35.714285714285715,42.36730471864993,0.02575441161333348,-0.2493159899062448
2010-12-22,1.3974382877349854,-0.0061162211742374906,-0.007351555061540163,-35.714285714285715,39.23903554922863,0.027971802744973406,-0.33411962663174466
2010-12-23,1.3974382877349854,0.0,-0.007515050542859489,-35.714285714285715,39.23903554922863,0.028415378951732705,-0.45332405421563005
2010-12-24,1.3931386470794678,-0.0030768018117540707,-0.007827028787476794,-35.714285714285715,37.62799786644883,0.029171967222212013,-0.6062749226728725
2010-12-27,1.388838529586792,-0.003086640013677311,-0.008235736034284713,-35.714285714285715,36.03454485927395,0.031085162967724317,-1.0029287403316007
2010-12-28,1.3802392482757568,-0.0061917070471781965,-0.008992712543781414,-71.42857142857143,33.02286111284914,0.03592172443179307,-1.3964447699442806
2010-12-29,1.3845391273498535,0.003115314304725336,-0.009166033177173951,-78.57142857142857,35.90740371607845,0.03871737552033316,-1.369289426045156
2010-12-30,1.3845391273498535,0.0,-0.009219250484269794,-85.71428571428572,35.90740371607845,0.03858275438819955,-1.1161069668568817
2010-12-31,1.388838529586792,0.0031052948609462394,-0.008880589593469872,-85.71428571428572,38.95609785879622,0.03859011816326985,-0.7289382758404358
2011-01-04,1.401737928390503,0.009287903905970119,-0.007723761019292164,-85.71428571428572,47.08822885998227,0.037184614258162774,-0.17558141660761115
2011-01-05,1.388838529586792,-0.00920243259631437,-0.007597433849999187,-78.57142857142857,41.180287972129925,0.03640029155047339,-0.046479887778793444
2011-01-06,1.3845391273498535,-0.003095681855987742,-0.007626231863601914,-71.42857142857143,39.405666410412735,0.037576043550559685,0.011806175040503422
2011-01-07,1.4060379266738892,0.015527765809830507,-0.006208318324745197,35.714285714285715,50.81882999523033,0.037576043550559685,0.19003670693897382
2011-01-10,1.388838529586792,-0.012232527132311377,-0.006169306980651547,35.714285714285715,43.72349929977163,0.03791950286387919,0.02975326890728332
2011-01-11,1.3974382877349854,0.006192050382380909,-0.005480313252648597,35.714285714285715,47.65855922529234,0.0343732953564026,0.08020658714082092
2011-01-12,1.4060379266738892,0.00615385954026082,-0.004389873906475695,35.714285714285715,51.323934104058075,0.028853266929046082,0.3575765906312217
2011-01-13,1.4103375673294067,0.003057983411364207,-0.0032578709945696263,35.714285714285715,53.092619278422085,0.026504179517278414,0.5424072944703499
2011-01-14,1.3974382877349854,-0.00914623554901628,-0.0031023216286907304,35.714285714285715,47.514598728604376,0.02480673335180409,0.4354513543408356
2011-01-17,1.3759390115737915,-0.01538477680902861,-0.0042136389912313605,-42.85714285714286,39.97603310146934,0.026545167554173403,0.16893733874058586
2011-01-18,1.3802392482757568,0.003125310544866977,-0.004734223679379336,-42.85714285714286,41.9595929567655,0.0277407396255023,0.2900923464921365
2011-01-19,1.3802392482757568,0.0,-0.005098423301783326,-57.142857142857146,41.9595929567655,0.02743437061949682,0.7338863460478456
2011-01-20,1.36303973197937,-0.012461257218901123,-0.006399469030822965,-64.28571428571429,36.38251659511479,0.03247512493473582,0.7661190314701893
2011-01-21,1.3802392482757568,0.012618499587983667,-0.006210502762978142,-64.28571428571429,44.34845964544428,0.03263644643222349,0.8434153111354661
2011-01-24,1.3759390115737915,-0.0031155734104340027,-0.006322389560383106,-64.28571428571429,42.90202339039753,0.033537906180286556,0.7003940941592479
2011-01-25,1.388838529586792,0.009375065249618952,-0.005523144768698476,-64.28571428571429,48.34457440013754,0.033537906180286556,0.7042731797998911
2011-01-26,1.3931386470794678,0.003096196858791922,-0.004618730937259132,-64.28571428571429,50.05371009911026,0.03322943083501792,0.8405998169459035
2011-01-27,1.3974382877349854,0.003086297738226662,-0.0036135133876592364,-64.28571428571429,51.77199976332585,0.033506814348753904,1.095924503665189
2011-01-28,1.3974382877349854,0.0,-0.0027959040521357264,-35.714285714285715,51.77199976332586,0.03367929876559787,1.1233622725596748
2011-01-31,1.3931386470794678,-0.0030768018117540707,-0.002376218816899986,-35.714285714285715,49.78560175242984,0.03371383484587642,1.2256997188765284
2011-02-01,1.3931386470794678,0.0,-0.002013565575149834,-35.714285714285715,49.785601752429834,0.032943375349811795,1.2534287819215986
2011-02-09,1.3845391273498535,-0.00617276661417876,-0.0022125609795053064,-35.714285714285715,45.716868580358735,0.0331165439484305,1.1031056632836127
2011-02-10,1.3931386470794678,0.006211106323932292,-0.0018266378622946629,-28.571428571428573,50.10794991953282,0.03299052493653249,1.1196617815648846
2011-02-11,1.3931386470794678,0.0,-0.001514160476306244,57.142857142857146,50.107949919532814,0.03138174994659806,1.3956900105574086
2011-02-14,1.414637327194214,0.015431830966584403,-2.0737355201371237e-05,85.71428571428572,59.58646661222681,0.035081864490227176,1.8048464593196392
2011-02-15,1.4103375673294067,-0.00303947858730369,0.0008917761340889334,92.85714285714286,57.24408974325124,0.036958914494994284,1.6583421686882258
2011-02-16,1.414637327194214,0.0030487451830056855,0.001834207909092626,92.85714285714286,58.980622140579,0.03870350079383338,1.6834608193856229
2011-02-17,1.414637327194214,0.0,0.002553801366264395,85.71428571428572,58.980622140579,0.03962811843514106,1.524283339672868
2011-02-18,1.4103375673294067,-0.00303947858730369,0.002854693515916062,78.57142857142857,56.327387208140664,0.04112566676826912,1.4133618909891967
2011-02-21,1.4060379266738892,-0.003048660657646196,0.0028171937192785147,71.42857142857143,53.72475132159648,0.04032883518587233,1.323588081203946
2011-02-22,1.3931386470794678,-0.009174204585601586,0.002035699877659614,57.142857142857146,46.746300355632386,0.03926412105714336,1.0599391661018616
2011-02-23,1.388838529586792,-0.003086640013677311,0.001137064710840994,57.142857142857146,44.66354913684382,0.038291912040914,0.8575246280680088
2011-02-24,1.388838529586792,0.0,0.0004151096259427461,42.85714285714286,44.66354913684382,0.03225545054796092,0.764417082649397
2011-02-25,1.3931386470794678,0.003096196858791922,9.145161674114488e-05,42.85714285714286,47.38243076434756,0.030520383734353507,0.6918876716750298
2011-02-28,1.3931386470794678,0.0,-0.00016216491645691742,-50.0,47.38243076434757,0.02730767730111472,0.6640761763964093
2011-03-01,1.3974382877349854,0.003086297738226662,-0.00011247178448246483,-50.0,50.218817297221484,0.0266261223085968,0.5844289414178424
2011-03-02,1.4060379266738892,0.00615385954026082,0.0004157004082901128,-50.0,55.397577702934456,0.026762487801941702,0.6528459478246906
2011-03-03,1.4189372062683103,0.009174204585601364,0.001541933615047501,35.714285714285715,61.81452823301655,0.0293958915801792,0.5977828756491629
2011-03-04,1.4232367277145386,0.0030300998713930216,0.0026434065436608855,35.714285714285715,63.68969332477592,0.03257774914960233,0.736571114283006
2011-03-07,1.4318370819091797,0.006042813558115423,0.003938159367921854,50.0,67.16330806370176,0.03704931169952329,0.9168558053824922
2011-03-08,1.4361367225646973,0.003002883994165373,0.005144226097286204,57.142857142857146,68.7717306220434,0.041476638183618325,1.0622742123142617
2011-03-09,1.4662353992462158,0.020958085820525163,0.007553330769933334,64.28571428571429,77.19344304380259,0.053638014114482775,1.5403505011782008
2011-03-10,1.4361367225646973,-0.020527861144937654,0.007963384175708054,64.28571428571429,59.82007168390482,0.054789146754925924,1.3031339670319018
2011-03-11,1.4232367277145386,-0.008982428098573747,0.007419975856344208,64.28571428571429,54.19075464866836,0.05375135159869399,0.9273688943736871
2011-03-14,1.4060379266738892,-0.0120842869676836,0.005961167832359377,64.28571428571429,47.74034035786049,0.05394654378463187,0.3564776465712643
2011-03-15,1.401737928390503,-0.0030582377628733948,0.004448827362384708,64.28571428571429,46.257814379828766,0.05438718547026403,0.306938819069598
2011-03-16,1.4060379266738892,0.0030676192719729656,0.003433098168604945,64.28571428571429,47.9969377953832,0.05452632406141895,0.32545282666020897
2011-03-17,1.3931386470794678,-0.009174204585601586,0.0018943689007210461,-28.571428571428573,43.45409560200999,0.05576305961217542,0.1259153657893508
2011-03-18,1.388838529586792,-0.003086640013677311,0.000397317423075183,-28.571428571428573,42.02608127159848,0.0574642438752109,-0.14062509570599713
2011-03-21,1.3931386470794678,0.003096196858791922,-0.0005360595326072676,-28.571428571428573,44.00767683240422,0.05838708384418446,-0.23614500697612278
2011-03-22,1.401737928390503,0.006172595476453324,-0.0007631565624180782,-28.571428571428573,47.84678185656283,0.05765080780576124,-0.12286406777064583
2011-03-23,1.4103375673294067,0.006134983412183326,-0.0004428439409615452,-28.571428571428573,51.43306786094981,0.055987680693012055,0.042754115981932704
2011-03-24,1.414637327194214,0.0030487451830056855,5.255857236381469e-05,-28.571428571428573,53.16712458512717,0.05411662094560606,0.1810752417977485
2011-03-25,1.4404364824295044,0.018237292866052357,0.00185994729444798,-28.571428571428573,61.9464931624481,0.055254094836720835,0.610146696162924
2011-03-28,1.4404364824295044,0.0,0.003255534140357555,-28.571428571428573,61.9464931624481,0.05556452547854035,0.5080005263520024
2011-03-29,1.4361367225646973,-0.0029850395468705715,0.004085916342714075,-28.571428571428573,59.78038928238366,0.055219945022348976,0.011672052251804645
2011-03-30,1.444736361503601,0.005988036378281825,0.005129264897705466,-21.42857142857143,62.597379173559,0.05670739251614462,0.06010121836703001
2011-03-31,1.4318370819091797,-0.008928466077365527,0.005241864463388293,78.57142857142857,56.2349407820942,0.057077506102439106,-0.052146927143325715
2011-04-01,1.4490360021591189,0.012011785745209558,0.006118850294522423,78.57142857142857,61.8087457763513,0.05950926130736202,0.23015250633239262
2011-04-06,1.4662353992462158,0.011869544346357896,0.007641123917280322,100.0,66.41517183607175,0.06501458168548253,0.7112404372444444
2011-04-07,1.4662353992462158,0.0,0.008802944871909338,85.71428571428572,66.41517183607175,0.06954681291208718,0.9537660943233174
2011-04-08,1.46193528175354,-0.0029327606569085063,0.00940651964818437,85.71428571428572,64.17090339648352,0.06861707327691664,1.0470748126466571
2011-04-11,1.4533361196517944,-0.0058820402031963814,0.00933762433018671,100.0,59.81780511750397,0.07039595136214458,0.592801150795671
2011-04-12,1.4576356410980225,0.002958380644429326,0.009341988028270352,92.85714285714286,61.23380168046238,0.07278411463284931,0.42697362601101313
2011-04-13,1.4748347997665403,0.011799353819011982,0.010082812884869367,85.71428571428572,66.34323443828889,0.07640600062136498,0.6153382991986014
2011-04-14,1.479135036468506,0.0029157412766815938,0.010834685923628433,100.0,67.49673113976982,0.07886625522229147,0.6212825008141056
2011-04-15,1.487734317779541,0.005813722952277667,0.011718896731411072,92.85714285714286,69.73081363075076,0.08230743036753922,0.7130009620646169
2011-04-18,1.487734317779541,0.0,0.012327171582929217,85.71428571428572,69.73081363075076,0.08136969011020156,0.781123651954549
2011-04-19,1.46193528175354,-0.01734115810711845,0.011478978137887215,64.28571428571429,56.27278961483499,0.0736907029438046,0.4246693262200036
2011-04-20,1.46193528175354,0.0,0.010513187364341632,64.28571428571429,56.27278961483499,0.06517295228708334,0.13727969425151448
2011-04-21,1.46193528175354,0.0,0.009636705278351991,64.28571428571429,56.272789614835006,0.057189259024247124,-0.12672470065932387
2011-04-22,1.4576356410980225,-0.002941060872653889,0.008630952400006005,50.0,54.09942810085536,0.04989502488638989,-0.4305431776580798
2011-04-25,1.444736361503601,-0.008849454027279768,0.007079046409032238,50.0,48.09770615658071,0.04305675822352558,-0.7976460874769292
2011-04-26,1.4404364824295044,-0.0029762378719544458,0.0055010690010909545,-57.142857142857146,46.2555660172998,0.04305675822352558,-1.1058343949566727
2011-04-27,1.4490360021591189,0.005970079093741143,0.00463409511271669,-64.28571428571429,50.35110031812552,0.04199784744862532,-1.1478997520946226
2011-04-28,1.4533361196517944,0.002967571189582685,0.004152017847936343,-64.28571428571429,52.30819415632861,0.039694748947452396,-1.368197441084277
2011-04-29,1.4490360021591189,-0.0029587907673456204,0.003512110735685188,-78.57142857142857,50.17809004143413,0.03916519967689888,-1.231268590555032
2011-05-03,1.46193528175354,0.00890197315677499,0.0036388176858114843,-78.57142857142857,55.9703277252349,0.03496965217685216,-0.9217798393999888
2011-05-04,1.4490360021591189,-0.008823427244295634,0.003043894965100929,-78.57142857142857,49.74247828732895,0.03496965217685216,-1.0396342857006022
2011-05-05,1.4662353992462158,0.011869544346357896,0.0034239379511743443,-78.57142857142857,56.666198295071204,0.03496965217685216,-0.8112501096462673
2011-05-06,1.4576356410980225,-0.005865196101945469,0.003261900643644003,-64.28571428571429,52.75290409988168,0.03490059696163948,-0.7928872758970439
2011-05-09,1.4533361196517944,-0.0029496544438151195,0.002855070441956701,-64.28571428571429,50.86174426001985,0.03518785088577639,-0.7689742897453671
2011-05-10,1.4533361196517944,0.0,0.002496231918432112,-57.142857142857146,50.86174426001983,0.03518785088577639,-0.7259953820598388
2011-05-11,1.4533361196517944,0.0,0.0021866435376829154,-7.142857142857143,50.86174426001985,0.035414061099275154,-0.6680935733765551
2011-05-12,1.444736361503601,-0.005917253436358405,0.0014557519640007127,-7.142857142857143,46.681100890395285,0.035347515420339905,-0.7201594247462793
2011-05-13,1.4533361196517944,0.0059524757439088916,0.0013232931732306415,-7.142857142857143,51.01702538027908,0.033058883206192005,-0.6519554059961311
2011-05-16,1.444736361503601,-0.005917253436358405,0.0007435517272951662,-7.142857142857143,46.90892801437739,0.027836313911951835,-0.6971847464050348
2011-05-17,1.444736361503601,0.0,0.00027469348247106533,-7.142857142857143,46.90892801437739,0.019618789593804413,-0.694513542546685
2011-05-18,1.4576356410980225,0.008928466077365416,0.000611010909697533,-7.142857142857143,53.43212642022371,0.019051013644370934,-0.5141047132574444
2011-05-19,1.4533361196517944,-0.0029496544438151195,0.0006360249076704246,-7.142857142857143,51.17509752469792,0.01819087900722006,-0.4126626025185055
2011-05-20,1.4533361196517944,0.0,0.0006469584091760175,21.42857142857143,51.17509752469792,0.017205560894017927,-0.3854364650934972
2011-05-23,1.4318370819091797,-0.014792887517146247,-0.0005398941998157655,-85.71428571428572,41.10567220832294,0.020670447056835108,-0.5240771208725853
2011-05-24,1.4232367277145386,-0.006006517293974278,-0.001962160714295685,-92.85714285714286,37.89354155753329,0.02633617222711003,-0.6533777943194135
2011-05-25,1.4103375673294067,-0.009063257105404787,-0.003809072679950273,-100.0,33.646720379575136,0.03515140923482618,-0.8361156730070135
2011-05-26,1.4189372062683103,0.006097574891369861,-0.0046836397414604415,-92.85714285714286,38.588168978807836,0.03933688124176166,-0.8507538108052765
2011-05-27,1.4189372062683103,0.0,-0.005333553849199945,-85.71428571428572,38.58816897880783,0.04249830450403183,-0.8301536787772587
2011-05-30,1.4361367225646973,0.012121407642569526,-0.004757348910649349,-21.42857142857143,47.633968066623275,0.04275426181195757,-0.617085211854745
2011-05-31,1.4361367225646973,0.0,-0.004301736724649468,-21.42857142857143,47.633968066623275,0.041528951057607344,-0.47720504017787246
2011-06-01,1.4318370819091797,-0.0029938936787572423,-0.004146997765291617,-21.42857142857143,45.683066170758245,0.04189458642211362,-0.4642087936273562
2011-06-02,1.414637327194214,-0.012012368538487528,-0.004986535386583434,-64.28571428571429,38.8316641883312,0.04217330574422639,-0.5519165298465696
2011-06-03,1.4232367277145386,0.006078872906160715,-0.005032446644351615,-64.28571428571429,43.4020757917014,0.04167812753421784,-0.5049426137650336
2011-06-07,1.4318370819091797,0.006042813558115423,-0.004525279583394659,-64.28571428571429,47.61755775582436,0.040643493139378935,-0.3268109414094788
2011-06-08,1.4361367225646973,0.003002883994165373,-0.003848934626394751,-64.28571428571429,49.63712247341032,0.039267853893936486,-0.07252936004708205
2011-06-09,1.4361367225646973,0.0,-0.003285786919707527,-64.28571428571429,49.63712247341032,0.03768658824893793,0.22737116597167825
2011-06-10,1.420849323272705,-0.010644807734385808,-0.003695627156096772,-64.28571428571429,42.82827737867535,0.03812769931525626,0.11985604374003271
2011-06-13,1.411856174468994,-0.00632941766337114,-0.004480181259428084,-100.0,39.40399213492095,0.03828208572360853,0.11929341848125416
2011-06-14,1.411856174468994,0.0,-0.00502536105562214,-57.142857142857146,39.40399213492095,0.039213461938030617,0.02050635612817681
2011-06-15,1.4028635025024414,-0.006369396634848257,-0.005941168828922714,-57.142857142857146,36.06037948794994,0.04142956021530431,-0.1824639701288755
2011-06-16,1.3938709497451782,-0.006410140930476982,-0.0071227458386832,-78.57142857142857,33.04106278238106,0.04194866833954783,-0.3442849998002683
2011-06-17,1.3893742561340332,-0.0032260472979704913,-0.008221152069750982,-85.71428571428572,31.61554061265715,0.04317975720291065,-0.4699303548175996
2011-06-20,1.3713891506195068,-0.012944752240170554,-0.010133786351776914,-92.85714285714286,26.661025147559542,0.04846497895346339,-0.6535500341070676
2011-06-21,1.3713891506195068,0.0,-0.011432332684780706,-100.0,26.661025147559542,0.05529229175540026,-0.7576293202514182
2011-06-22,1.3938709497451782,0.01639344974802781,-0.010834081741221809,-92.85714285714286,40.238257939388276,0.05645708206200337,-0.3608149024080893
2011-06-23,1.4253451824188232,0.02258044955983829,-0.00839550469262035,-57.142857142857146,53.278883223575924,0.05689194114595549,0.5988583999744694
2011-06-24,1.4613159894943235,0.025236558497680806,-0.004451193697537091,21.42857142857143,63.17020236025549,0.06387857113404519,1.6420866115547288
2011-06-27,1.4478273391723633,-0.00923048157888684,-0.002229017084553327,21.42857142857143,58.194800330749764,0.06675788968225059,1.8767169749126724
2011-06-28,1.4343383312225342,-0.00931672415962248,-0.001184352056451322,21.42857142857143,53.64452657640749,0.06656995395145429,1.771372354325515
2011-06-29,1.4163527488708496,-0.012539288646323032,-0.001353215344551053,21.42857142857143,48.229559554828306,0.06548953443686999,1.442052098097678
2011-06-30,1.411856174468994,-0.003174756010069113,-0.0017170192935460162,21.42857142857143,46.95347314224115,0.06479735159208365,0.6589154790115072
2011-07-01,1.411856174468994,0.0,-0.001979107073415035,21.42857142857143,46.95347314224115,0.06483800841375037,0.11269603669754384
2011-07-04,1.4253451824188232,0.009554094952272774,-0.0013864958377572143,21.42857142857143,51.42491842630508,0.06495075485360448,-0.023832243224612183
2011-07-05,1.420849323272705,-0.0031542248162572672,-0.0011764026887265396,21.42857142857143,49.914710004299145,0.06420528044632129,-0.002025952511285429
2011-07-06,1.4028635025024414,-0.012658499726653782,-0.002030453610416353,21.42857142857143,44.30869238703436,0.06310926519495912,0.0844911761574931
2011-07-07,1.398367404937744,-0.0032049430017084823,-0.0029296804746596597,21.42857142857143,43.008317691387035,0.0619507550987208,-0.24226650158936316
2011-07-08,1.407359957695007,0.006430751121278888,-0.0030630095787070126,21.42857142857143,46.39677814414218,0.061694421475521066,-0.29189406260705536
2011-07-11,1.407359957695007,0.0,-0.0031472300147014675,21.42857142857143,46.396778144142175,0.06172731577184386,-0.15721673328973468
2011-07-12,1.3893742561340332,-0.012779745126777042,-0.004251144204818343,14.285714285714286,40.77357820636286,0.06309741473461743,-0.34121339956381186
2011-07-13,1.407359957695007,0.012945181243691373,-0.003951846798506916,7.142857142857143,47.61139164359988,0.06296784718607237,-0.19515326099137142
2011-07-14,1.407359957695007,0.0,-0.0037148843324523386,-57.142857142857146,47.61139164359988,0.06214759056407293,0.0514279310077589
2011-07-15,1.4028635025024414,-0.0031949574577424533,-0.0037537566083763823,-50.0,46.06924696543959,0.06085893881965308,0.1505236354104985
2011-07-18,1.398367404937744,-0.0032049430017084823,-0.004000592081709909,-42.85714285714286,44.5165528358495,0.055878934417135,0.10738520626855166
2011-07-19,1.3938709497451782,-0.0032155034339962363,-0.0044096214832990135,-28.571428571428573,42.95724990742949,0.05076337538901254,0.08004537843670774
2011-07-20,1.3893742561340332,-0.0032260472979704913,-0.004943017849161374,-100.0,41.39564442207744,0.051527771201174445,0.061903436746599094
2011-07-21,1.384878396987915,-0.003235887757577993,-0.005569564757395206,-78.57142857142857,39.83638333469821,0.05371907893554902,0.00038499302635851783
2011-07-22,1.3893742561340332,0.003246392720037017,-0.005706907483814943,-78.57142857142857,42.18176593720347,0.04426984199430528,0.10260576950346637
2011-07-25,1.3713891506195068,-0.012944752240170554,-0.006885355411158319,-100.0,36.116254266048536,0.04137973794882413,-0.08216581370337259
2011-07-26,1.3758856058120728,0.0032787594903567197,-0.00738576767806399,-92.85714285714286,38.49735855342157,0.039682894510918394,-0.05143383730593411
2011-07-27,1.3713891506195068,-0.0032680443589000463,-0.007998126701900737,-92.85714285714286,37.01172383219279,0.04226792039671319,-0.13888018273899025
2011-07-28,1.3623963594436646,-0.006557432054774437,-0.008949561789464527,-92.85714285714286,34.171490902001935,0.04689591103496872,-0.23284927867997596
2011-07-29,1.384878396987915,0.01650183325022314,-0.00810156035540285,-92.85714285714286,45.443191526685005,0.04619116163227991,-0.05083424381355561
2011-08-01,1.3713891506195068,-0.00974038326956872,-0.008316693300040966,-57.142857142857146,40.91622122230938,0.04372045937981924,-0.1689926252128628
2011-08-02,1.3623963594436646,-0.006557432054774437,-0.008909557421615756,-78.57142857142857,38.18519811714314,0.043122839108687055,-0.2764171185164339
2011-08-03,1.3579001426696775,-0.0033002266505050004,-0.009524206883285652,-78.57142857142857,36.8604659164712,0.04629453778332014,-0.48948907181049695
2011-08-04,1.3623963594436646,0.003311154209872491,-0.009578265853293933,-92.85714285714286,39.134459380006824,0.04806942532398207,-0.5680927699352303
2011-08-05,1.3444108963012695,-0.01320134410058127,-0.010730852312159889,-100.0,33.878300098135774,0.05208260820876039,-0.9744321975660265
2011-08-08,1.3174327611923218,-0.020066882218204074,-0.013278427868681315,-100.0,27.838415116354625,0.06345427266976533,-1.2077503317577094
2011-08-09,1.321929097175598,0.00341295291549204,-0.014628720657886516,-100.0,30.075926693266332,0.07199836336615013,-0.36449991217091177
2011-08-10,1.326425552368164,0.003401434465867492,-0.015232167864955086,-50.0,32.33544898292551,0.07453706202008267,-0.24555908380450742
2011-08-11,1.3354183435440063,0.006779717987026812,-0.014928179658406853,-50.0,36.738354032870504,0.07332873953171948,0.10707280035172902
2011-08-12,1.3399145603179932,0.003366897568633398,-0.01428357932514225,-50.0,38.8797674984744,0.07096728158844033,0.3833854566135089
2011-08-15,1.3489071130752563,0.006711288184769737,-0.01303218522167236,-50.0,43.033156729630036,0.06745463317948755,0.5796138528736238
2011-08-16,1.3444108963012695,-0.0033332293457452034,-0.012284683872360062,-50.0,41.514139817853746,0.06439823435436533,0.5474414858958281
2011-08-17,1.3444108963012695,0.0,-0.011524890838431374,-50.0,41.51413981785375,0.06143129751675111,0.5007707099497724
2011-08-18,1.3309217691421509,-0.010033485444241652,-0.011716220133988093,-50.0,36.97313787205883,0.06024841724062658,0.3269953854880514
2011-08-19,1.321929097175598,-0.006756724681383219,-0.012262943838991984,-42.85714285714286,34.28099186674836,0.05832412996012769,0.3058817743366601
2011-08-22,1.3174327611923218,-0.003401344287589203,-0.01280397859393642,-35.714285714285715,32.987635589089244,0.06006543047902633,0.2733459365792005
2011-08-23,1.3309217691421509,0.010238858746476787,-0.012108409886919757,-28.571428571428573,40.268368680063425,0.05766128931187309,0.4685552176445921
2011-08-24,1.326425552368164,-0.003378272771723312,-0.011836611430856635,-21.42857142857143,38.75682642971437,0.055942826642790426,0.43473580550317925
2011-08-25,1.3579001426696775,0.02372887814571989,-0.009342038594880328,85.71428571428572,52.264856405641105,0.055319010480261055,0.8889761273553896
2011-08-26,1.3489071130752563,-0.0066227473669312475,-0.008077901286244566,85.71428571428572,48.943181357697945,0.047485160317860264,0.9934950375342001
2011-08-29,1.3354183435440063,-0.009999776411956263,-0.00782255443443233,85.71428571428572,44.386494112383104,0.042667805218321066,0.9496472829494456
2011-08-30,1.3444108963012695,0.006733884404641621,-0.006885879526135137,71.42857142857143,47.8709290074533,0.03975962962502919,0.6697053191563388
2011-08-31,1.3489071130752563,0.003344376921041503,-0.0058282605118165605,71.42857142857143,49.57219066063526,0.03814838898644904,0.5979847341565081
2011-09-01,1.3489071130752563,0.0,-0.00495120520792715,21.42857142857143,49.572190660635265,0.0351105711320849,0.5693435528661348
2011-09-02,1.3354183435440063,-0.009999776411956263,-0.005055890360391997,21.42857142857143,44.51727243123022,0.034733417376204806,0.4269339009341686
2011-09-05,1.3174327611923218,-0.013468125878781545,-0.00619897824728702,21.42857142857143,38.831413549246946,0.034733417376204806,0.0846095592562938
2011-09-06,1.3129366636276243,-0.003412771943388071,-0.007266882595319185,21.42857142857143,37.540596754875935,0.03684653432360389,-0.2045520701476759
2011-09-07,1.326425552368164,0.010273830500909353,-0.007111487532192776,21.42857142857143,43.59818331738949,0.03684653432360389,-0.16821953483999968
2011-09-08,1.321929097175598,-0.0033899039298046496,-0.007261631048961122,21.42857142857143,42.13133306493827,0.03797436144181107,-0.30556622469882677
2011-09-09,1.326425552368164,0.003401434465867492,-0.006982469615363691,21.42857142857143,44.154763169892206,0.03826150967298175,-0.3445327202712876
2011-09-13,1.321929097175598,-0.0033899039298046496,-0.006997608216814316,-57.142857142857146,42.552426603016244,0.03779801137966877,-0.27332960098926634
2011-09-14,1.3174327611923218,-0.003401344287589203,-0.0072069619147631025,-92.85714285714286,40.9520400463702,0.03833905331252337,-0.2190604481558468
2011-09-15,1.3174327611923218,0.0,-0.00727014348100642,-92.85714285714286,40.9520400463702,0.03844928677278718,-0.2653942288209921
2011-09-16,1.326425552368164,0.006825996317036731,-0.0066468984431408565,-71.42857142857143,45.68994079841652,0.0385448079793158,-0.05984666184956401
2011-09-19,1.30843985080719,-0.013559525846635667,-0.007302155408176925,-92.85714285714286,38.95727324577072,0.04082887835219673,-0.09782816682934987
2011-09-20,1.30843985080719,0.0,-0.007660733550469136,-100.0,38.95727324577072,0.042447605037164576,-0.15287324841152936
2011-09-21,1.321929097175598,0.010309412664316397,-0.006960210067320338,-85.71428571428572,45.8924016026362,0.04269865160946513,0.11798067262742698
2011-09-22,1.299447536468506,-0.017006631259668503,-0.007884029049444002,-100.0,38.119380207250224,0.046860705857053174,-0.17133637116951825
2011-09-23,1.299447536468506,0.0,-0.008423628072865695,-100.0,38.11938020725023,0.04534071032825595,-0.2732246607104705
2011-09-26,1.2814615964889526,-0.013841220576271684,-0.009992851289831194,-71.42857142857143,32.94236025103923,0.05031920536991579,-0.4768474960871088
2011-09-27,1.2949508428573608,0.010526453859692086,-0.010070071633901475,-71.42857142857143,39.57092062926164,0.0521505908698433,-0.2840446120798643
2011-09-28,1.2859584093093872,-0.006944227726923935,-0.01072580595693306,-71.42857142857143,36.94884026374962,0.05347179960573664,-0.2952138033503578
2011-09-29,1.2814615964889526,-0.0034968571206354104,-0.011380904781018417,-71.42857142857143,35.675761276526885,0.05314772715616534,-0.36986809053014164
2011-09-30,1.2814615964889526,0.0,-0.011734973285946408,-71.42857142857143,35.675761276526885,0.05076871637598921,-0.4523881774995148
2011-10-10,1.290454387664795,0.007017604897783469,-0.011239958967136749,-21.42857142857143,40.43568258237579,0.048862401175993934,-0.1447661042901269
2011-10-11,1.3174327611923218,0.020906103916115137,-0.008933616735670377,42.85714285714286,51.928333892731985,0.048862401175993934,-0.17994737201292954
2011-10-12,1.3354183435440063,0.013651992634073462,-0.006033759166142252,42.85714285714286,57.777233545187656,0.052256493812047465,0.4411553541192024
2011-10-13,1.3444108963012695,0.006733884404641621,-0.0032283817645065924,57.142857142857146,60.373301519674825,0.05635791273383181,1.5495970407419482
2011-10-14,1.3489071130752563,0.003344376921041503,-0.0007559499406025862,64.28571428571429,61.64317642243139,0.06175654481241287,2.335982535811944
2011-10-17,1.3534034490585327,0.003333317720465967,0.0014424220366075062,71.42857142857143,62.92278275050636,0.06728927147492579,2.701708207647766
2011-10-18,1.3579001426696775,0.003322507870267888,0.003400134116209136,78.57142857142857,64.20874979100486,0.07363946204947824,2.9959503469992774
2011-10-19,1.3444108963012695,-0.009933901576803517,0.004147703383885034,78.57142857142857,57.739220341584485,0.07633452080849296,2.747066792051588
2011-10-20,1.326425552368164,-0.013377862365283266,0.0036409379229265593,78.57142857142857,50.44157339213889,0.07667503922609697,2.1917830814623285
2011-10-21,1.3309217691421509,0.0033897241846398973,0.0034171668809755487,78.57142857142857,52.072410911854035,0.07701762549390632,1.8361745654713897
2011-10-24,1.3489071130752563,0.013513449362765995,0.004233331481744055,42.85714285714286,58.02300971441087,0.0797624553602254,1.6732727962914464
2011-10-25,1.3534034490585327,0.003333317720465967,0.005109105735179062,42.85714285714286,59.38079530460205,0.08271466085054616,1.6137119188633755
2011-10-26,1.3534034490585327,0.0,0.005748049154983314,42.85714285714286,59.38079530460205,0.08552723003055987,1.3221417885618905
2011-10-27,1.3534034490585327,0.0,0.006183141017736066,42.85714285714286,59.38079530460205,0.08638423165444145,1.088485147794125
2011-10-28,1.3579001426696775,0.003322507870267888,0.006696356476065516,100.0,60.9581832189233,0.0871239748426192,0.7707908840632931
2011-10-31,1.3489071130752563,-0.0066227473669312475,0.006553268980340907,85.71428571428572,56.25326342684359,0.08199371826824246,0.47798522767364554
2011-11-01,1.3489071130752563,0.0,0.006331504816498622,85.71428571428572,56.25326342684358,0.0788372111971995,0.2379207155876784
2011-11-02,1.3579001426696775,0.006666900565094336,0.0065736109764206645,78.57142857142857,59.84746587601578,0.07308882598193145,0.3994807728967671
2011-11-03,1.3579001426696775,0.0,0.006721235016897045,71.42857142857143,59.84746587601578,0.06339375453701505,0.4193931310085381
2011-11-04,1.3668924570083618,0.006622220630307263,0.007240618943069444,71.42857142857143,63.34031941566064,0.05090708048301258,0.6054998543939182
2011-11-07,1.3579001426696775,-0.006578655323305593,0.0071217305938849704,85.71428571428572,57.91479614057441,0.035363556077091116,0.5547989334150747
2011-11-08,1.3534034490585327,-0.003311505367621592,0.006667772962308547,85.71428571428572,55.36108103959785,0.028534117747451463,0.36071376290011953
2011-11-09,1.3534034490585327,0.0,0.0062175835259310926,85.71428571428572,55.36108103959785,0.026784359501294423,0.21608759939473765
2011-11-10,1.3444108963012695,-0.006644399172706872,0.005299187729559246,78.57142857142857,50.22467753545706,0.026784359501294423,0.07474191303254785
2011-11-11,1.3444108963012695,0.0,0.004486673726428307,71.42857142857143,50.224677535457054,0.02709319159430139,0.0093533918838762
2011-11-14,1.3579001426696775,0.010033574114520771,0.004553668005559673,64.28571428571429,57.14230870610064,0.027438151947125063,0.18869774191231561
2011-11-15,1.3489071130752563,-0.0066227473669312475,0.004087945500378019,-28.571428571428573,51.957914128452266,0.027056771183923255,0.21394027668001026
2011-11-16,1.326425552368164,-0.01666650022760907,0.002362545476077425,-50.0,41.75821598734118,0.03104710404964693,0.0036363153122796134
2011-11-17,1.3309217691421509,0.0033897241846398973,0.001195880088156031,-57.142857142857146,44.120820865974736,0.029674972566612706,0.03780609873399344
2011-11-18,1.3174327611923218,-0.010135087022074551,-0.0005395140729811713,-64.28571428571429,39.008343610009824,0.034371254130780814,-0.0320796660985353
2011-11-21,1.30843985080719,-0.006826086803088827,-0.002463948560172407,-71.42857142857143,36.012328836073195,0.043345000188742315,-0.19713034967395526
2011-11-22,1.30843985080719,0.0,-0.003940711999780267,-78.57142857142857,36.012328836073195,0.04984201615321107,-0.26110766500118027
2011-11-23,1.299447536468506,-0.006872546975037808,-0.00563980921305447,-85.71428571428572,33.06707455067669,0.05755909642406406,-0.36679129258107523
2011-11-24,1.303943753242493,0.003460098732578354,-0.006586564470688299,-92.85714285714286,35.89036362863056,0.06217345136505819,-0.32713955056983607
2011-11-25,1.299447536468506,-0.0034481677317799164,-0.007569668983791719,-92.85714285714286,34.33086509251093,0.066200606897965,-0.2849300512840797
2011-11-28,1.303943753242493,0.003460098732578354,-0.007932322097572416,-100.0,37.26643072136419,0.06906260663418985,-0.17870830352041428
2011-11-29,1.3174327611923218,0.010344777461670507,-0.007246319109519146,-92.85714285714286,45.183417309836784,0.06925925971641234,0.07027275174786071
2011-11-30,1.2949508428573608,-0.017064945549565724,-0.008190990528696146,-85.71428571428572,36.83884698754489,0.07142325920598398,0.011206512625912147
2011-12-01,1.326425552368164,0.02430571761423228,-0.006638926482318919,-85.71428571428572,50.59529380549952,0.06883275289014858,0.18642638792823205
2011-12-02,1.326425552368164,0.0,-0.005499543898836632,-85.71428571428572,50.59529380549952,0.06353365346765859,0.5538000698914627
2011-12-05,1.3309217691421509,0.0033897241846398973,-0.004259349005223772,-78.57142857142857,52.31591227345489,0.05983583557153596,0.9369925533665394
2011-12-06,1.3174327611923218,-0.010135087022074551,-0.004103792175506206,-71.42857142857143,47.02465005977083,0.05668415345675005,0.9467262270282735
2011-12-07,1.30843985080719,-0.006826086803088827,-0.004476067406964932,7.142857142857143,43.84109877998398,0.05341536728610337,0.748987417352777
2011-12-08,1.3129366636276243,0.003436774581315527,-0.004405329711738602,7.142857142857143,45.81644401572939,0.05108382306070614,0.6958434562166224
2011-12-09,1.3129366636276243,0.0,-0.004311716365315948,7.142857142857143,45.81644401572939,0.04815697762239489,0.7532373620239919
2011-12-12,1.303943753242493,-0.006849462456386957,-0.004768292311181596,7.142857142857143,42.36062059764538,0.039987747989726305,0.7137257318286232
2011-12-13,1.299447536468506,-0.0034481677317799164,-0.005341858207990291,7.142857142857143,40.70738397504833,0.03353810945767153,0.5188049328112886
2011-12-14,1.290454387664795,-0.006920747895795554,-0.006313205497615262,7.142857142857143,37.55064061930647,0.035119003966461254,0.303793690058975
2011-12-15,1.2859584093093872,-0.003484027330515449,-0.007276399812676944,-71.42857142857143,36.045708992376234,0.03584440680077364,0.031150513531104006
2011-12-16,1.3174327611923218,0.024475404223871955,-0.005835543027856698,-78.57142857142857,50.885464014088114,0.03584440680077364,0.44677658753991445
2011-12-19,1.3129366636276243,-0.003412771943388071,-0.0050658952935277324,-78.57142857142857,49.13165596401468,0.035963212988741236,0.9185174872142271
2011-12-20,1.30843985080719,-0.0034250036159472197,-0.004678751685914814,-78.57142857142857,47.37303089926444,0.035963212988741236,1.1218950292475824
2011-12-21,1.30843985080719,0.0,-0.004308474357180529,-78.57142857142857,47.37303089926444,0.03536864454557965,0.9992963285994124
2011-12-22,1.299447536468506,-0.006872546975037808,-0.004548770619363587,-57.142857142857146,43.74187196897427,0.03580575050660306,0.5979936545984894
2011-12-23,1.303943753242493,0.003460098732578354,-0.004370697356009306,-57.142857142857146,45.97182062818906,0.03536864454557965,0.4809234738193409
2011-12-26,1.2949508428573608,-0.006896701152001028,-0.004776769655027212,-57.142857142857146,42.35557534517043,0.03648468734596678,0.31141670979772834
2011-12-27,1.2949508428573608,0.0,-0.005016700719516193,0.0,42.355575345170415,0.03706251645737197,0.12881722846757312
2011-12-28,1.299447536468506,0.0034724820914615595,-0.00485364919137436,0.0,44.87043160535003,0.03645791710225411,0.3396002874372374
2011-12-29,1.30843985080719,0.006920105726716974,-0.004103761570278584,0.0,49.60525691064165,0.03406682822363495,0.6229817265616173
2011-12-30,1.3129366636276243,0.003436774581315527,-0.0032104184730238593,71.42857142857143,51.83310724812641,0.03154961365613272,0.7748196233169061
2012-01-04,1.30843985080719,-0.0034250036159472197,-0.00276763069542571,71.42857142857143,49.477550087502735,0.026463972926990192,0.6488035633881108
2012-01-05,1.3309217691421509,0.017182232963243615,-0.0009928115967685568,85.71428571428572,59.409307489047755,0.030614514376406086,1.010730248327388
2012-01-06,1.3309217691421509,0.0,0.0003724021656784951,85.71428571428572,59.409307489047755,0.03489079125218929,1.1084104074376588
2012-01-09,1.3399145603179932,0.006756814250351129,0.0019635082533368607,100.0,62.80162273989316,0.04112371818807755,2.0699912169269146
2012-01-10,1.3444108963012695,0.0033556885762995314,0.003445810560764962,42.85714285714286,64.40348848198953,0.04758726961471021,2.6768916001038217
2012-01-11,1.3399145603179932,-0.0033444655913208443,0.004320690446580264,57.142857142857146,61.549128711855715,0.05132660036744343,2.602690176816113
2012-01-12,1.3399145603179932,0.0,0.004947839629915901,64.28571428571429,61.549128711855715,0.05377767121628793,2.2478556917814903
2012-01-13,1.3399145603179932,0.0,0.005382810190877832,64.28571428571429,61.549128711855715,0.05381990535144632,2.006982183619185
2012-01-16,1.3354183435440063,-0.0033555996084704276,0.005412736341938274,64.28571428571429,58.32088748427022,0.050831662926615936,1.804139976214613
2012-01-17,1.3534034490585327,0.01346776880928302,0.006349143066464081,85.71428571428572,66.00234257018668,0.055711570218803304,2.040253262511341
2012-01-18,1.3399145603179932,-0.009966642799619563,0.006334872178549923,92.85714285714286,57.45037978142831,0.056839886109547356,1.6881867116000417
2012-01-19,1.3534034490585327,0.010066976761069268,0.006934674308486504,100.0,62.660625174374374,0.05959849023698879,1.556667464391864
2012-01-20,1.3623963594436646,0.006644663416062402,0.007852922349307257,100.0,65.67809318409778,0.06351210667248104,1.7031815221131896
2012-01-30,1.3444108963012695,-0.01320134410058127,0.007565494633590892,100.0,55.94133275113242,0.06149824010502406,1.3113069338458672
2012-01-31,1.3489071130752563,0.003344376921041503,0.007413770136285526,92.85714285714286,57.63231475302106,0.06019324421813722,0.9832144865084882
2012-02-01,1.3399145603179932,-0.00666654706621117,0.006743317902814965,85.71428571428572,53.23183990524814,0.05486911101438683,0.6255658622978882
2012-02-02,1.3668924570083618,0.02013404248996764,0.007556202840556143,71.42857142857143,62.4859935367843,0.052147593134409906,0.9039006909840035
2012-02-03,1.3758856058120728,0.006579265806611945,0.008678981580463874,100.0,64.974074003799,0.05118387343817812,1.1866498733970823
2012-02-06,1.3623963594436646,-0.009804046434839009,0.00880265354758704,57.142857142857146,58.68667439796044,0.04781943550110667,1.0055074592511244
2012-02-07,1.3489071130752563,-0.00990111745007638,0.008021496102604912,57.142857142857146,53.148037658195676,0.04303073954778392,0.7621898348775585
2012-02-08,1.3668924570083618,0.013333270881863868,0.0082033429009565,57.142857142857146,58.739366303241766,0.03708299208620107,0.7691733444138803
2012-02-09,1.3713891506195068,0.0032897201152068956,0.008569259777653585,57.142857142857146,60.023903980561286,0.037932788297941306,0.9743567547910802
2012-02-10,1.3668924570083618,-0.0032789333422345024,0.008545819346801181,57.142857142857146,58.07676021542443,0.0369362583958394,0.9610827432778709
2012-02-13,1.3623963594436646,-0.0032892840557022796,0.00817246807341294,57.142857142857146,56.11659706789889,0.03651459729419656,0.8838925792725166
2012-02-14,1.3579001426696775,-0.0033002266505050004,0.007526299511329063,14.285714285714286,54.148386511647615,0.0361136104693617,0.8147442747468646
2012-02-15,1.3579001426696775,0.0,0.00691307120452956,14.285714285714286,54.14838651164763,0.03489791586425994,0.7034288097038522
2012-02-16,1.3534034490585327,-0.003311505367621592,0.0061099075595093845,14.285714285714286,52.031666630259345,0.033430723615641054,0.06261115261282661
2012-02-17,1.3579001426696775,0.003322507870267888,0.0056393309123598,14.285714285714286,53.96946495067022,0.031735043001080876,-0.2439725866796402
2012-02-20,1.3623963594436646,0.003311154209872491,0.005468263080162584,14.285714285714286,55.88833694629618,0.028558505503889182,-0.5475428810550671
2012-02-21,1.384878396987915,0.01650183325022314,0.006495695190256187,100.0,63.97511760897861,0.033238262445493855,-0.27798238082235466
2012-02-22,1.3758856058120728,-0.006493560153296829,0.00682248607616681,92.85714285714286,59.29273159004379,0.03212505318607748,-0.010617508049130467
2012-02-23,1.3713891506195068,-0.0032680443589000463,0.0067287978553516445,71.42857142857143,57.04455329942505,0.03232038610780698,0.004835163944192871
2012-02-24,1.3803815841674805,0.006557171276957652,0.007038117198582623,71.42857142857143,60.28755770399964,0.034388285983313144,0.25846692910345853
2012-02-27,1.3758856058120728,-0.0032570547209374023,0.0069975676112455235,71.42857142857143,57.932595490956665,0.032947922955624355,-0.21216959733079122
2012-02-28,1.3803815841674805,0.003267697791455637,0.00710548737396878,64.28571428571429,59.63080408674107,0.032678618463661595,-0.40364825226155837
2012-02-29,1.3803815841674805,0.0,0.007126922237001171,28.571428571428573,59.63080408674107,0.02876634540892419,-0.3358113270975373
2012-03-01,1.3758856058120728,-0.0032570547209374023,0.006824904504493515,28.571428571428573,56.96385892235162,0.02917434372064805,-0.4078388566933414
2012-03-02,1.3803815841674805,0.003267697791455637,0.006730934548206708,28.571428571428573,58.94142922535324,0.02979183082288169,-0.08764201761751444
2012-03-05,1.3668924570083618,-0.009772027759450297,0.005875906047001007,28.571428571428573,51.32163240526973,0.029517706218392697,-0.16885156403386775
2012-03-06,1.3579001426696775,-0.006578655323305593,0.004592427432998376,28.571428571428573,46.96299419900245,0.027385486997703712,-0.42981480319590415
2012-03-07,1.3534034490585327,-0.003311505367621592,0.0032506302198444794,-78.57142857142857,44.909040556676985,0.029206444431665868,-0.6040694356843466
2012-03-08,1.3579001426696775,0.003322507870267888,0.002407410532085874,-78.57142857142857,47.38710034388364,0.029943871727415583,-0.56652591609532
2012-03-09,1.3534034490585327,-0.003311505367621592,0.0014684643147757103,-92.85714285714286,45.19766499063467,0.031376154199890496,-0.5690423880332748
2012-03-12,1.3534034490585327,0.0,0.0007098213143759258,-100.0,45.19766499063467,0.03249763738676626,-0.4062160794666531
2012-03-13,1.3623963594436646,0.006644663416062402,0.0006332049497914997,-71.42857142857143,50.50205552126005,0.03208358819209837,-0.12234398629256306
2012-03-14,1.3668924570083618,0.003300139150792525,0.0008301521091033699,14.285714285714286,52.9538317485945,0.031474280019134666,-0.43091568435918287
2012-03-15,1.3623963594436646,-0.0032892840557022796,0.0007165908732699635,14.285714285714286,50.27215837149335,0.030231191502728995,-0.6681040291187132
2012-03-16,1.3579001426696775,-0.0033002266505050004,0.0003552120299238361,14.285714285714286,47.67218020236993,0.030231191502728995,-0.6943464426706454
2012-03-19,1.3534034490585327,-0.003311505367621592,-0.00019865003042508214,-21.42857142857143,45.15684153604226,0.031474280019134666,-0.552464475819043
2012-03-20,1.3444108963012695,-0.006644399172706872,-0.0011690535775686114,-28.571428571428573,40.54911007324063,0.032556356550610774,-0.5645409119983812
2012-03-21,1.3399145603179932,-0.0033444655913208443,-0.002189093999918938,-35.714285714285715,38.437198297163164,0.035657073555363135,-0.6498522519335646
2012-03-22,1.3399145603179932,0.0,-0.0029602504692050917,-42.85714285714286,38.437198297163164,0.03837534749932714,-0.39239524438706896
2012-03-23,1.326425552368164,-0.010067065728898261,-0.004377840619745496,-50.0,32.54049563144335,0.04272079508920016,-0.41263853861308586
2012-03-26,1.321929097175598,-0.0033899039298046496,-0.005704770733262351,-57.142857142857146,30.841960905221192,0.047587842002754836,-0.48855467447315004
2012-03-27,1.326425552368164,0.003401434465867492,-0.0063746874388724535,-57.142857142857146,34.522625206825154,0.048671386831374744,-0.4750272497691745
2012-03-28,1.3174327611923218,-0.006779717987026701,-0.007433284061874122,-71.42857142857143,30.972316270355282,0.05077866765609384,-0.5607946203228936
2012-03-29,1.3129366636276243,-0.003412771943388071,-0.008444931786210134,-78.57142857142857,29.347304709504346,0.05352336454545642,-0.6407791866999422
2012-03-30,1.3399145603179932,0.020547751797736602,-0.007331567264053848,-78.57142857142857,47.23596489053458,0.04894023905562366,-0.3521564555472331
2012-04-05,1.3489071130752563,0.006711288184769737,-0.005933740906606659,-78.57142857142857,51.6320524079229,0.04688330117087327,0.07538501857675538
2012-04-06,1.3579001426696775,0.006666900565094336,-0.004249089395888668,-78.57142857142857,55.61472794827694,0.04688330117087327,0.5027539975333082
2012-04-09,1.3534034490585327,-0.003311505367621592,-0.003186288916081351,-71.42857142857143,53.25350277506901,0.04688330117087327,0.6995070315336028
2012-04-10,1.3579001426696775,0.003322507870267888,-0.0020344358770600823,21.42857142857143,55.297427004144076,0.04688330117087327,0.8395960139498855
2012-04-11,1.3623963594436646,0.003311154209872491,-0.0008501167115766856,42.85714285714286,57.307473935193876,0.047942178062957856,0.9500710285828845
2012-04-12,1.3713891506195068,0.006600715800146872,0.0006047572763056799,50.0,61.07719928233918,0.05059202136965217,1.0520811023344223
2012-04-13,1.3758856058120728,0.0032787594903567197,0.001988390452110345,57.142857142857146,62.84384345876578,0.05315825573496887,1.0825833293147342
2012-04-16,1.3668924570083618,-0.006536262001522353,0.0025465560026117964,57.142857142857146,57.24722575957921,0.05315825573496887,1.0061289704712062
2012-04-17,1.3713891506195068,0.0032897201152068956,0.003196507267394476,57.142857142857146,59.20359574485469,0.05459602631358927,1.07898348246336
2012-04-18,1.384878396987915,0.009836191545131268,0.004417049435730226,78.57142857142857,64.45783285498268,0.05941064574758579,1.3108111738951276
2012-04-19,1.3713891506195068,-0.00974038326956872,0.004615315916211998,78.57142857142857,56.60657338243301,0.06111049479243657,1.0962992243934464
2012-04-20,1.3758856058120728,0.0032787594903567197,0.004929408200529912,78.57142857142857,58.42446803392024,0.06321050386942918,1.0740375035488325
2012-04-23,1.3758856058120728,0.0,0.005131133517054303,78.57142857142857,58.42446803392024,0.06456576923130443,1.053581856580749
2012-04-24,1.3803815841674805,0.003267697791455637,0.005473491294905435,100.0,60.350678905525825,0.06613867774416618,0.9272591293329284
2012-04-25,1.3713891506195068,-0.006514454880530041,0.005206685202477916,92.85714285714286,54.87453815867725,0.06386609028100013,0.6082539829299827
2012-04-26,1.3713891506195068,0.0,0.004910194214725923,85.71428571428572,54.87453815867725,0.05965596396540158,0.35608086273459744
2012-04-27,1.3713891506195068,0.0,0.004621944076575878,78.57142857142857,54.87453815867725,0.055542432563974196,0.2218326179361871
2012-05-02,1.3803815841674805,0.006557171276957652,0.004834811847194166,71.42857142857143,59.46804192361049,0.047759052086607676,0.2609339125201756
2012-05-03,1.3758856058120728,-0.0032570547209374023,0.0047256507155098645,64.28571428571429,56.37800425976415,0.03275710705478127,0.256969118653133
2012-05-04,1.3758856058120728,0.0,0.004573894140940278,35.714285714285715,56.37800425976415,0.026935868374296436,0.23562979135368584
2012-05-07,1.384878396987915,0.0065360020759390736,0.004892286871869136,35.714285714285715,61.070449245823276,0.024492477037572874,0.6051555486003969
2012-05-08,1.3803815841674805,-0.0032470813540127486,0.004866031177551683,35.714285714285715,57.726469479608156,0.02316663357994104,0.6952373311877683
2012-05-09,1.3713891506195068,-0.006514454880530041,0.004285768390817958,35.714285714285715,51.63736145207205,0.01918425813756422,0.5694320809331481
2012-05-10,1.3803815841674805,0.006557171276957652,0.00425250201494258,14.285714285714286,56.57075380823382,0.016337507752757788,0.5758669118387209
2012-05-11,1.3758856058120728,-0.0032570547209374023,0.003952904058317199,14.285714285714286,53.625397423155796,0.014005117624454493,0.485925908939213
2012-05-14,1.3623963594436646,-0.009804046434839009,0.002908669436319675,-85.71428571428572,45.9032592736675,0.016163793395956493,0.17961627078199394
2012-05-15,1.3579001426696775,-0.0033002266505050004,0.001769299005446028,-92.85714285714286,43.64711521689799,0.019531895788930477,-0.05501431304514773
2012-05-16,1.3489071130752563,-0.0066227473669312475,0.00032274836560897217,-100.0,39.46863043793544,0.025010274654901198,-0.26157792205484764
2012-05-17,1.3534034490585327,0.003333317720465967,-0.0005557505710584133,-57.142857142857146,42.435870199239986,0.028066884630224977,-0.3271001161114199
2012-05-18,1.3444108963012695,-0.006644399172706872,-0.0017787158318591264,-57.142857142857146,38.38336055399763,0.0320382913341745,-0.5856002255230529
2012-05-21,1.3489071130752563,0.003344376921041503,-0.002438752784274061,-71.42857142857143,41.39679166839198,0.03486747719019579,-0.628933711014691
2012-05-22,1.3444108963012695,-0.0033332293457452034,-0.003209324875642972,-71.42857142857143,39.32558636209853,0.0380193965284505,-0.8720720640378893
2012-05-23,1.3444108963012695,0.0,-0.003770085832277608,-71.42857142857143,39.325586362098534,0.04042034897163593,-1.1044037214636575
2012-05-24,1.3489071130752563,0.003344376921041503,-0.0038866781019341063,-71.42857142857143,42.65321539930706,0.04072908304769539,-1.096895914359578
2012-05-25,1.3489071130752563,0.0,-0.0039435782898233455,-71.42857142857143,42.65321539930706,0.04168591542068182,-1.0184116541229493
2012-05-28,1.3579001426696775,0.006666900565094336,-0.003388791883741924,-42.85714285714286,49.125500175253244,0.04150245639123039,-0.5934769595505643
2012-05-29,1.3623963594436646,0.003311154209872491,-0.0026630184261019697,-42.85714285714286,52.03993413332621,0.041115423501714196,-0.2537269989280357
2012-05-30,1.3623963594436646,0.0,-0.002072806931226407,-42.85714285714286,52.03993413332621,0.03932086656391992,-0.09085556276029748
2012-05-31,1.3623963594436646,0.0,-0.001586768786452514,-42.85714285714286,52.03993413332621,0.03813980855370978,0.14735479033511878
2012-06-01,1.3623963594436646,0.0,-0.0011878868350033726,-35.714285714285715,52.03993413332621,0.036811800571021555,0.13742560561041076
2012-06-04,1.3489071130752563,-0.00990111745007638,-0.00166818493974565,-28.571428571428573,42.26865036515684,0.03347037767720393,-0.12883657966640696
2012-06-05,1.3534034490585327,0.003333317720465967,-0.0017444488032726624,64.28571428571429,45.914128299046695,0.030107007751564847,-0.2362794457524478
2012-06-06,1.3579001426696775,0.003322507870267888,-0.0015185732150195398,64.28571428571429,49.35819211055591,0.028525398061290397,-0.049480136302620846
2012-06-07,1.3534034490585327,-0.003311505367621592,-0.0015982838246633435,64.28571428571429,46.190624638755516,0.023474244313852907,-0.12145197708491837
2012-06-08,1.3489071130752563,-0.003322243626912691,-0.0019099356467801737,64.28571428571429,43.204899840948144,0.019012420175404523,-0.284840121593642
2012-06-11,1.3579001426696775,0.006666900565094336,-0.0015857629701139183,-35.714285714285715,50.14599422060096,0.018317866558417887,0.2546077581609166
2012-06-12,1.3534034490585327,-0.003311505367621592,-0.0015930614591813813,-50.0,47.04967542086169,0.018066001150009794,0.6219444387765344
2012-06-13,1.3557740449905396,0.0017515811221375799,-0.001434257707695919,-57.142857142857146,48.843017998699274,0.01789297453936903,0.9314504607842489
2012-06-14,1.3415523767471311,-0.010489703867658573,-0.0021550678842588455,-64.28571428571429,40.07426410755329,0.019493150606115242,0.7627563024917899
2012-06-15,1.351033091545105,0.007066973278346156,-0.002104712618378957,-71.42857142857143,46.91611090645142,0.018673767625675058,0.7153964069896893
2012-06-18,1.351033091545105,0.0,-0.0020531236104005387,-71.42857142857143,46.91611090645142,0.018505271032344894,0.49121723968836967
2012-06-19,1.351033091545105,0.0,-0.0019893074518943167,-71.42857142857143,46.916110906451415,0.01756932389308757,0.3546618607262755
2012-06-20,1.351033091545105,0.0,-0.001916638866718378,-71.42857142857143,46.916110906451415,0.0165238212170409,0.2681080895774778
2012-06-21,1.3462929725646973,-0.0035085143436321964,-0.0021252005343057336,-71.42857142857143,43.57075771279658,0.016959075000848693,0.20932504698060092
2012-06-25,1.3415523767471311,-0.0035212215425408644,-0.0025489683128919697,-78.57142857142857,40.46327067596777,0.01850044201830016,0.06313178842316788
2012-06-26,1.3415523767471311,0.0,-0.0028460483296439583,-85.71428571428572,40.46327067596777,0.01977930186938023,0.19860855541592792
2012-06-27,1.336811900138855,-0.003533575498386732,-0.003340052724333446,-85.71428571428572,37.37211856420746,0.021149792429588917,0.2358457157942768
2012-06-28,1.3320715427398682,-0.0035460167571027545,-0.003978102332475218,-85.71428571428572,34.53128437213021,0.023237180072163605,0.11855532949421997
2012-06-29,1.336811900138855,0.0035586357390660073,-0.004124793420808768,-57.142857142857146,39.485156227766026,0.023101024881121937,0.17043590445903736
2012-07-02,1.3320715427398682,-0.0035460167571027545,-0.004502607633608428,-57.142857142857146,36.5100146461623,0.023497801140104965,0.07408209159954175
2012-07-03,1.3320715427398682,0.0,-0.0047358037952395715,-57.142857142857146,36.5100146461623,0.025400056394882208,-0.2027256590261571
2012-07-04,1.336811900138855,0.0035586357390660073,-0.004564415201536584,-57.142857142857146,41.612297495785576,0.02563351315622611,-0.3026683554924946
2012-07-05,1.336811900138855,0.0,-0.0043912773577189325,-50.0,41.61229749578557,0.024752848838024352,-0.3185499706720876
2012-07-06,1.3320715427398682,-0.0035460167571027545,-0.004504430922225057,-21.42857142857143,38.06457489802434,0.025198636225019763,-0.2922413680756859
2012-07-09,1.3320715427398682,0.0,-0.004529508111684705,-21.42857142857143,38.06457489802433,0.02592170470616777,-0.40172463669184844
2012-07-10,1.3225905895233154,-0.007117450461445851,-0.005101621520715803,-21.42857142857143,31.779803915028857,0.026766669211396053,-0.677919568713528
2012-07-11,1.3178499937057495,-0.0035843259850159015,-0.0057729023021967476,-100.0,29.185059068408442,0.029186567992585514,-0.9354160183098298
2012-07-12,1.3083689212799072,-0.007194348727947331,-0.00684179884983705,-100.0,24.820305009827813,0.03311196187711674,-1.121614640056454
2012-07-13,1.3131093978881836,0.003623195668419843,-0.007253199251553716,-92.85714285714286,30.423204723921227,0.036284640023077366,-1.0350314722712834
2012-07-16,1.3036288022994995,-0.00721995867513503,-0.008146987599869926,-100.0,26.215304001734456,0.04005797963101799,-1.0385389603806081
2012-07-17,1.3036288022994995,0.0,-0.008713078679278178,-100.0,26.215304001734456,0.042346046282515634,-0.9466697641414152
2012-07-18,1.3131093978881836,0.007272465576060538,-0.008415958514652227,-50.0,36.414946154425444,0.041336201390288804,-0.6653181145350032
2012-07-19,1.3083689212799072,-0.0036101155135286334,-0.00845506081856621,-50.0,33.892113926105175,0.04033386629712237,-0.48440549358179913
2012-07-20,1.2988883256912231,-0.007246117998132906,-0.009008768797871462,-64.28571428571429,29.49158298157848,0.04177862111533969,-0.5530654380960237
2012-07-23,1.279926300048828,-0.014598657380575308,-0.010611042723645818,-71.42857142857143,23.04630656128397,0.049159099450887644,-0.8285471921670462
2012-07-24,1.270445466041565,-0.007407328067953078,-0.012323074933738581,-78.57142857142857,20.619835298113994,0.05737640601894223,-1.017194289286621
2012-07-25,1.2751860618591309,0.0037314437685678215,-0.013115332315407466,-78.57142857142857,24.87883121378269,0.06220115919255682,-1.0464628935486777
2012-07-26,1.2751860618591309,0.0,-0.013622476838931466,-78.57142857142857,24.878831213782693,0.06614350234731257,-0.9755904788131798
2012-07-27,1.2894072532653809,0.011152248155470446,-0.012831828623937596,-78.57142857142857,36.69566434631059,0.06530646549084443,-0.6695066006913949
2012-07-30,1.2894072532653809,0.0,-0.012183857069312453,-71.42857142857143,36.69566434631059,0.06457503312373158,-0.5919197102479299
2012-07-31,1.2941478490829468,0.0036765698390175405,-0.011202863939716036,-64.28571428571429,40.32476661351217,0.0626795591021277,-0.40693671064711157
2012-08-01,1.3083689212799072,0.010988753879271007,-0.009362105077472675,-57.142857142857146,49.64981180138052,0.0587245850731423,0.19897114818110562
2012-08-02,1.3036288022994995,-0.003622922329713174,-0.008227441703009425,-28.571428571428573,47.01278592375559,0.053960363773686924,0.2478975003319121
2012-08-03,1.3083689212799072,0.003636095621734059,-0.006902871299053712,-28.571428571428573,49.87957794957374,0.04994685943824456,0.24711422891059576
2012-08-06,1.3036288022994995,-0.003622922329713174,-0.006120974490482892,64.28571428571429,47.133340974154564,0.04495538378895527,-0.16449632093099067
2012-08-07,1.2988883256912231,-0.0036363699543263683,-0.005729874467664167,64.28571428571429,44.494925574529375,0.04189655662378203,-0.434246787584209
2012-08-08,1.3178499937057495,0.014598382046767222,-0.004116026384211283,78.57142857142857,55.278655722938666,0.04189655662378203,-0.20798890173755155
2012-08-09,1.3083689212799072,-0.007194348727947331,-0.003468160902314958,78.57142857142857,50.04328170860697,0.04189655662378203,-0.16681697948828997
2012-08-10,1.3131093978881836,0.003623195668419843,-0.0025992348873556223,78.57142857142857,52.46727906810048,0.04189655662378203,-0.13561343112532698
2012-08-13,1.3131093978881836,0.0,-0.0018986409649706035,78.57142857142857,52.467279068100495,0.042936916197939434,-0.10922645165559508
2012-08-14,1.3178499937057495,0.0036102062975027494,-0.0010363704826568457,92.85714285714286,54.99968919865105,0.04471782781253026,-0.15219600899046315
2012-08-15,1.3083689212799072,-0.007194348727947331,-0.0009349776724076998,92.85714285714286,49.33816254025529,0.0441446767148815,-0.310240063739178
2012-08-16,1.3131093978881836,0.003623195668419843,-0.0005479846005514836,85.71428571428572,51.99873581163615,0.04471782781253026,-0.3486335514610403
2012-08-17,1.3131093978881836,0.0,-0.0002411845880792901,78.57142857142857,51.99873581163615,0.04562954200800383,-0.408098907237158
2012-08-20,1.3178499937057495,0.0036102062975027494,0.0002888850644561292,71.42857142857143,54.75454733586251,0.044717281145120844,-0.3368196867126783
2012-08-21,1.3083689212799072,-0.007194348727947331,0.00012721700733648282,64.28571428571429,48.729036405720066,0.03887957929499411,-0.48801935642457855
2012-08-22,1.3225905895233154,0.01086976923106353,0.0008552715978268268,35.714285714285715,56.46765603003758,0.035102788295465044,-0.13995634476122168
2012-08-23,1.3178499937057495,-0.0035843259850159015,0.0011351494166559099,35.714285714285715,53.56535106221936,0.028251416608155715,0.011670601257956312
2012-08-24,1.3178499937057495,0.0,0.0013390802929533969,35.714285714285715,53.56535106221935,0.02553034833242275,0.22089819063324134
2012-08-27,1.3131093978881836,-0.003597219592675782,0.001200957441089382,35.714285714285715,50.55199173076878,0.02119580022359487,-0.2441153079287655
2012-08-28,1.3131093978881836,0.0,0.001075267805886358,28.571428571428573,50.55199173076878,0.01762782574917124,-0.507576976189415
2012-08-29,1.3131093978881836,0.0,0.0009645392563012709,-35.714285714285715,50.55199173076878,0.0174609503986081,-0.5801541591629229
2012-08-30,1.3273311853408811,0.010830618892508026,0.0017122306949660534,-35.714285714285715,59.160414663689174,0.019085869600535422,-0.1124106658397105
2012-08-31,1.3178499937057495,-0.007143048954053377,0.001729148682611749,-35.714285714285715,52.58759756105278,0.018969480100929942,0.012811468356288285
2012-09-03,1.3036288022994995,-0.010791206491006178,0.0008615065507203111,-35.714285714285715,44.58600178796495,0.018969480100929942,-0.22407872939491974
2012-09-04,1.3036288022994995,0.0,0.00015713338671056057,-21.42857142857143,44.58600178796495,0.017435940290994902,-0.38414209995073806
2012-09-05,1.279926300048828,-0.01818194121582939,-0.0018811304928067966,-28.571428571428573,34.45282360943065,0.02839146272955481,-0.5411518566017924
2012-09-06,1.279926300048828,0.0,-0.0034589033325005485,-28.571428571428573,34.45282360943065,0.03558297777781483,-0.5578761031382127
2012-09-07,1.2988883256912231,0.014814935548767005,-0.0034231011983860567,-28.571428571428573,45.867533228801435,0.036409610938107996,-0.2844216705202356
2012-09-10,1.2988883256912231,0.0,-0.0033956032727663617,-28.571428571428573,45.867533228801435,0.03709261544764981,0.229862252496829
2012-09-11,1.2894072532653809,-0.0072993745792555575,-0.003946455931683419,-28.571428571428573,41.66048665406499,0.03887513729142422,0.3518565526663026
2012-09-12,1.284666657447815,-0.0036765698390175405,-0.004623787244824652,-28.571428571428573,39.69974746934238,0.04187539073062086,0.3638488817167515
2012-09-13,1.2751860618591309,-0.007379809800247106,-0.005721282216050319,-28.571428571428573,36.04598918446491,0.04661080951075415,0.0705654013268656
2012-09-14,1.279926300048828,0.0037172914067034046,-0.006169540059573418,-78.57142857142857,39.06568521138411,0.0491073394035521,0.8864691759567839
2012-09-17,1.2657049894332886,-0.011111038670739704,-0.007436004468493825,-85.71428571428572,33.894926433527964,0.05401943302858528,0.7702403614755138
2012-09-18,1.2609643936157229,-0.0037454192384026586,-0.008620263543079093,-92.85714285714286,32.35744106777522,0.05991791179627438,0.6497457806061427
2012-09-19,1.2562241554260254,-0.003759216527998266,-0.009764550224638667,-92.85714285714286,30.850519343974366,0.06370956732685858,0.5459217536684856
2012-09-20,1.246743083000183,-0.0075472775976250794,-0.011210983964348234,-100.0,28.037941020284528,0.06940549524791777,0.2666326223308046
2012-09-21,1.246743083000183,0.0,-0.012158291333704102,-92.85714285714286,28.037941020284524,0.07307350560181095,0.13199060784899136
2012-09-24,1.2420027256011963,-0.003802192659917991,-0.013115102653727485,-100.0,26.630148284973597,0.07713514845614088,0.13888500674864154
2012-09-25,1.2372621297836304,-0.0038168964687829154,-0.01403698389235335,-78.57142857142857,25.26398985572193,0.0806938377870441,0.056090297540212684
2012-09-26,1.2230405807495115,-0.01149437026461475,-0.015656814658273087,-92.85714285714286,21.67207074105839,0.0863093965299891,-0.2134821838940658
2012-09-27,1.2609643936157229,0.031007812384255207,-0.013720603204711669,-100.0,44.3810335689615,0.07863030511704083,0.2773068882727626
2012-09-28,1.279926300048828,0.015037622417499952,-0.011050438592892547,-92.85714285714286,51.89135413536587,0.07195033538942729,0.980174694527569
2012-10-08,1.284666657447815,0.0037036174651667864,-0.008664220138077942,-85.71428571428572,53.57893439534658,0.06880469288492283,1.5650127259777764
2012-10-09,1.2988883256912231,0.011070317861025192,-0.005780787458708744,21.42857142857143,58.3045081457781,0.0677269068043554,1.993917322941956
2012-10-10,1.2941478490829468,-0.00364964140065982,-0.003835271518264304,21.42857142857143,56.24904022027106,0.06945611397124629,1.9859742407493683
2012-10-11,1.2988883256912231,0.0036630100738763716,-0.0019513561610306899,35.714285714285715,57.84932681297996,0.07189255329679159,2.0023398502539633
2012-10-12,1.2988883256912231,0.0,-0.0004640830205420192,42.85714285714286,57.84932681297996,0.07189255329679159,1.8489972134573014
2012-10-15,1.3036288022994995,0.003649641400659709,0.000993960051035687,50.0,59.56463028654315,0.07285123811659801,1.739104985263276
2012-10-16,1.2988883256912231,-0.0036363699543263683,0.0018402632164588066,50.0,57.063813218088356,0.07425971975482025,1.5263480490161496
2012-10-17,1.3036288022994995,0.003649641400659709,0.002760571844129802,50.0,58.92117363093619,0.07690685431203383,1.5273817363173925
2012-10-18,1.3083689212799072,0.003636095621734059,0.0037318842054701058,71.42857142857143,60.749564772515974,0.08057268698037275,1.4949736588307367
2012-10-19,1.2988883256912231,-0.007246117998132906,0.00390847449386426,71.42857142857143,55.43501685610484,0.08217037441694364,1.176915166792687
2012-10-22,1.2988883256912231,0.0,0.0039809465519695525,71.42857142857143,55.435016856104845,0.08325381705108313,0.9379476031635748
2012-10-23,1.2988883256912231,0.0,0.003992359742200369,71.42857142857143,55.435016856104845,0.08355236766057461,0.7673461473344777
2012-10-24,1.3036288022994995,0.003649641400659709,0.004231500747876011,71.42857142857143,57.743653263863195,0.083332167472058,0.6801767531088565
2012-10-25,1.2988883256912231,-0.0036363699543263683,0.00410686726259841,64.28571428571429,54.69243193147234,0.08011401613406981,0.5273199327345719
2012-10-26,1.284666657447815,-0.010949107757851295,0.003110947463288071,57.142857142857146,46.71694655085974,0.07546368183620558,0.31641154707441294
2012-10-29,1.2894072532653809,0.003690136884990647,0.0025445758876789736,-42.85714285714286,49.3674406272818,0.06854823131627767,0.2499750052646886
2012-10-30,1.2941478490829468,0.0036765698390175405,0.002365391647677183,-42.85714285714286,51.941916715253186,0.05806023284437413,0.3970998261907202
2012-10-31,1.2941478490829468,0.0,0.00220535191497558,-42.85714285714286,51.941916715253186,0.03205590790524673,0.48844161727454355
2012-11-01,1.3131093978881836,0.014651763953147379,0.0031770842389978408,28.571428571428573,61.11390618247956,0.024140566675816807,0.7550604521525835
2012-11-02,1.3225905895233154,0.007220412595005499,0.004470863082865654,35.714285714285715,64.73783663592896,0.02646969207071073,1.0395485984900665
2012-11-05,1.3131093978881836,-0.007168651970031803,0.0049147754908855975,35.714285714285715,58.83320602642773,0.02583085269263079,0.991851680407076
2012-11-06,1.3273311853408811,0.010830618892508026,0.005980478233987431,50.0,64.11968745711474,0.03126447686997103,1.2004554495452775
2012-11-07,1.3320715427398682,0.0035713448545018345,0.007048256397543885,57.142857142857146,65.70073895102509,0.03646652766867798,1.3557637241787672
2012-11-08,1.336811900138855,0.0035586357390660073,0.00807632599313376,64.28571428571429,67.25464304143298,0.04220522647746436,1.5450936348197644
2012-11-09,1.3415523767471311,0.0035461059314205734,0.00906008952459334,71.42857142857143,68.77798023330836,0.047960810715667136,1.912039545599429
2012-11-12,1.3415523767471311,0.0,0.009749954617629713,78.57142857142857,68.77798023330836,0.05264278240386721,2.17575063154761
2012-11-13,1.3415523767471311,0.0,0.010179336617955852,78.57142857142857,68.77798023330837,0.05589322472813038,2.6488240370047644
2012-11-14,1.3415523767471311,0.0,0.01039974318096965,92.85714285714286,68.77798023330837,0.05872140454847021,2.895167864468382
2012-11-15,1.3320715427398682,-0.00706706213755981,0.009960548363421043,92.85714285714286,61.12816503046255,0.059700112608685935,2.8007048586883276
2012-11-16,1.3036288022994995,-0.02135226189268058,0.00791054106294411,85.71428571428572,44.96885169110658,0.0591693027025493,2.5915262258461165
2012-11-19,1.3083689212799072,0.003636095621734059,0.00631110712577764,78.57142857142857,47.461503797329954,0.058246019262358686,2.4334102149112145
2012-11-20,1.3178499937057495,0.007246482449741576,0.0055463968770365244,-28.571428571428573,52.131884948632155,0.05698013036360475,2.5167999809104216
2012-11-21,1.3036288022994995,-0.010791206491006178,0.004103071393210812,-28.571428571428573,45.58598673712035,0.05698013036360475,2.39265722453053
2012-11-22,1.3083689212799072,0.003636095621734059,0.0031566787158012984,-28.571428571428573,47.93274546876744,0.05591343148612721,2.368543929490663
2012-11-23,1.3083689212799072,0.0,0.0023908758776706395,-28.571428571428573,47.93274546876744,0.051505295040588366,2.1258567547778666
2012-11-26,1.2988883256912231,-0.007246117998132906,0.00119425727649051,-28.571428571428573,43.573640970985075,0.04935548082290737,1.7341165570855634
2012-11-27,1.3036288022994995,0.003649641400659709,0.0005186997753944274,-28.571428571428573,46.20787725716497,0.04750386578264509,1.6087470792956415
2012-11-28,1.3036288022994995,0.0,-1.3091827316651334e-05,-28.571428571428573,46.20787725716497,0.04553461086698317,1.539645125631519
2012-11-29,1.3083689212799072,0.003636095621734059,-0.0001390240605096038,-28.571428571428573,48.970554503725324,0.0459770063048487,1.4506794612877842
2012-11-30,1.3083689212799072,0.0,-0.00023614175658151243,-28.571428571428573,48.970554503725324,0.04655442177692743,1.5242319919742422
2012-12-03,1.2988883256912231,-0.007246117998132906,-0.0008940563865102601,-28.571428571428573,43.75763461468155,0.048328771535779046,1.406745523856859
2012-12-04,1.2988883256912231,0.0,-0.0013979774906756782,-28.571428571428573,43.75763461468154,0.04958719318559857,1.3051931474628446
2012-12-05,1.3131093978881836,0.010948648868171595,-0.000893675079599523,-21.42857142857143,52.545604521587045,0.04852286118565985,1.4424208464296124
2012-12-06,1.3131093978881836,0.0,-0.0005002440015900745,-14.285714285714286,52.54560452158705,0.04634776157882248,1.4986508003373644
2012-12-07,1.3225905895233154,0.007220412595005499,0.00038689429988037204,92.85714285714286,57.66085618409049,0.042880839092986636,1.5453335688705752
2012-12-10,1.3415523767471311,0.014336853274186545,0.0021870521776845933,100.0,65.63833689891284,0.042880839092986636,1.6096108459167147
2012-12-11,1.3462929725646973,0.0035336643576009408,0.0038450934904422657,50.0,67.29733242471934,0.04438253479874555,1.5968565475650098
2012-12-12,1.3462929725646973,0.0,0.005106343599383551,57.142857142857146,67.29733242471933,0.04582266881652925,1.5080013491293263
2012-12-13,1.3415523767471311,-0.0035212215425408644,0.005775753107273567,57.142857142857146,63.72890504645423,0.04789281281456617,1.5112425620741299
2012-12-14,1.3842170238494873,0.03180244606312388,0.008487292191057238,71.42857142857143,76.04166772823402,0.06551156023598177,1.7732022391008675
2012-12-17,1.369995355606079,-0.010274160769860985,0.009936974600568648,71.42857142857143,67.78176750675338,0.07304171207015084,1.5777337659739379
2012-12-18,1.374735713005066,0.0034601266198377445,0.01112801280840743,71.42857142857143,68.99085622568836,0.0806513607496566,1.4364351610144401
2012-12-19,1.369995355606079,-0.0034481954270503268,0.01172655869418153,71.42857142857143,66.3109097068731,0.08426198879542085,1.2566294596370722
2012-12-20,1.3605142831802368,-0.006920514282800494,0.011559636503833065,71.42857142857143,61.191098973368476,0.08551260602998625,1.003302291248941
2012-12-21,1.351033091545105,-0.006968829179043512,0.010752109742380564,50.0,56.493683670431835,0.08492103854234774,0.7059696579114079
2012-12-24,1.3557740449905396,0.003509131993216119,0.010177559788261797,50.0,58.22078733624985,0.08264504415355967,0.5920341115016794
2012-12-25,1.3842170238494873,0.020979143953995916,0.011081948007013996,50.0,66.74910710639583,0.08509095097060261,0.8646227828012392
2012-12-26,1.369995355606079,-0.010274160769860985,0.011122757715953014,42.85714285714286,60.13884807787873,0.08330424468147525,0.8073440623261009
2012-12-27,1.3605142831802368,-0.006920514282800494,0.01045815728944879,35.714285714285715,56.146852624551016,0.08037073801977065,0.5017168861722514
2012-12-28,1.369995355606079,0.00696874155828775,0.010242085748549287,28.571428571428573,59.0725808115714,0.07745659695680723,0.4599534766082467
2012-12-31,1.3842170238494873,0.010380814931388205,0.010729502923181554,7.142857142857143,63.054335102339444,0.07261047606752755,0.6172074111726558
2013-01-04,1.4031784534454346,0.013698306890646217,0.011999917066173642,92.85714285714286,67.58270676825303,0.06945844128486596,1.1245924396883173
2013-01-07,1.3984380960464478,-0.003378299736107815,0.012745665353848561,100.0,65.42377522967857,0.06680609688168875,1.024773722271539
2013-01-08,1.3936973810195925,-0.0033900070659242942,0.01292621413664205,92.85714285714286,63.24774084720812,0.0606269920263031,0.879855783056635
2013-01-09,1.388957142829895,-0.0034011961665807444,0.0126581272441305,57.142857142857146,61.060816509331964,0.05440856320776343,0.575016918609542
2013-01-10,1.3936973810195925,0.003412803781720486,0.01249886303588794,57.142857142857146,62.458736479697265,0.05288475837205745,0.4030618464427208
2013-01-11,1.388957142829895,-0.0034011961665807444,0.012034989875198477,57.142857142857146,60.133863348967076,0.05077696822504873,0.2974082871885683
2013-01-14,1.4126594066619873,0.017064791346837804,0.012646470055381236,57.142857142857146,66.79034544883294,0.052454793875576194,0.4707542232460861
2013-01-15,1.4079192876815796,-0.0033554577685560583,0.012915301818601028,100.0,64.47190874434186,0.049743489455556206,0.41401504148683727
2013-01-16,1.3984380960464478,-0.006734186908359252,0.012492309027006546,92.85714285714286,59.986582478248664,0.05088302956020259,0.3531478757263809
2013-01-17,1.3984380960464478,0.0,0.011949937862614404,85.71428571428572,59.986582478248664,0.05121741341525479,0.3540777473756262
2013-01-18,1.4079192876815796,0.00677984364265849,0.01184932720378557,71.42857142857143,62.97402387632609,0.05307597992165688,0.4386126723101785
2013-01-21,1.4031784534454346,-0.0033672627952642253,0.01146851881851081,71.42857142857143,60.54006540460056,0.05322809284400318,0.4486340103847411
2013-01-22,1.4126594066619873,0.0067567693854424515,0.011469607210852653,100.0,63.57231668700648,0.05259507902317954,0.3891647899671322
2013-01-23,1.4079192876815796,-0.0033554577685560583,0.011169864513496948,92.85714285714286,61.04655757143671,0.047240785404129584,0.802752783171869
2013-01-24,1.4173998832702637,0.00673376355564792,0.011238963073771327,57.142857142857146,64.11727835773337,0.04321602935020303,0.7567863435443313
2013-01-25,1.4031784534454346,-0.010033463380861196,0.01052880606679669,57.142857142857146,56.87451174071329,0.0428436091883456,0.33680926050604415
2013-01-28,1.4316213130950928,0.020270308156327577,0.011154091966132372,57.142857142857146,65.31372175412523,0.04459448247390385,0.5134581589936943
2013-01-29,1.4363619089126587,0.003311347612810378,0.01190549502079757,57.142857142857146,66.49072367708808,0.0426283386148187,0.844840499408239
2013-01-30,1.4742854833602903,0.026402520292633014,0.014120729304584054,85.71428571428572,74.0707463396213,0.0565681102478895,1.887265462780559
2013-01-31,1.4790258407592771,0.0032153592045023327,0.016139930870176802,92.85714285714286,74.83696886565205,0.06914842706345262,1.89113797525881
2013-02-01,1.5027282238006592,0.01602567202559091,0.018554506621919604,100.0,78.29130245913964,0.08788902958465217,2.442627107136367
2013-02-04,1.5264307260513306,0.01577298002078087,0.021355673878273418,92.85714285714286,81.08732769299712,0.10876896918582038,2.5301562997619653
2013-02-05,1.4979877471923828,-0.018633651939466533,0.022464839372080457,92.85714285714286,69.51658323200353,0.11529493963533843,1.8169254638734957
2013-02-06,1.4932475090026855,-0.003164403846814934,0.022579161060547536,85.71428571428572,67.78068587023456,0.11801114336327448,1.456628274598369
2013-02-07,1.4600642919540403,-0.022222181419078835,0.021050625762522552,64.28571428571429,57.04236963023131,0.11565284821246802,0.8366839188312365
2013-02-08,1.4648048877716064,0.0032468404601702083,0.01940710780093659,64.28571428571429,58.06451123123529,0.11200130856411623,0.61681584782461
2013-02-18,1.4600642919540403,-0.00323633260452727,0.017750942346210677,64.28571428571429,56.613810539487076,0.11073301514485662,0.34186349566699215
2013-02-19,1.4458426237106323,-0.009740439733907036,0.015576424763026743,57.142857142857146,52.3853778465455,0.10816698201827615,0.11204464932020182
2013-02-20,1.4411022663116455,-0.003278612292409222,0.013340633846303554,50.0,51.01757938710069,0.10380088709079051,0.05693569499827102
2013-02-21,1.4079192876815796,-0.023026109531417482,0.009785248361710172,42.85714285714286,42.62709989161696,0.10217798534457948,-0.24653575512944761
2013-02-22,1.4079192876815796,0.0,0.006641834458139693,35.714285714285715,42.62709989161696,0.10217798534457948,-0.4568335475780254
2013-02-25,1.4126594066619873,0.0033667547720106494,0.004357258575220756,-64.28571428571429,44.14884642616499,0.1006842429843483,-0.5538571183322556
2013-02-26,1.4031784534454346,-0.00671142185571505,0.0020132820835886077,-78.57142857142857,41.76283284133094,0.10217798534457948,-0.689153689999277
2013-02-27,1.4126594066619873,0.0067567693854424515,0.0006653296434802928,-78.57142857142857,44.965928290875574,0.10147798958507276,-0.5671908795688775
2013-02-28,1.4268808364868164,0.01006713278357263,0.00041118244967727925,-78.57142857142857,49.456587916159364,0.10047851029753241,-0.2826762099007422
2013-03-01,1.4173998832702637,-0.0066445304850376585,-0.0003195977667356099,-78.57142857142857,46.71961099462541,0.09828017381128827,-0.14539414104481133
2013-03-04,1.3794761896133425,-0.02675581824475859,-0.003108188486617725,-100.0,37.72605090110734,0.10684700424807143,-0.30935648232148283
2013-03-05,1.4079192876815796,0.020618766951105982,-0.0035330284615307473,-92.85714285714286,46.105706311197544,0.10943123221355706,-0.14759744510543255
2013-03-06,1.4079192876815796,0.0,-0.003874814118491921,-85.71428571428572,46.10570631119754,0.11045187255288982,-0.020872630963440414
2013-03-07,1.3936973810195925,-0.010101365033081011,-0.004954289461565275,-71.42857142857143,42.76842154063682,0.11204282068252859,-0.08876863058217338
2013-03-08,1.3984380960464478,0.0034015383048127124,-0.005422800578067971,-71.42857142857143,44.217875246123434,0.10701141871178681,-0.1463989080635976
2013-03-11,1.3984380960464478,0.0,-0.005741227930499189,-64.28571428571429,44.217875246123434,0.09110504297000306,-0.1574199855617976
2013-03-12,1.3984380960464478,0.0,-0.005925280951002142,-57.142857142857146,44.21787524612343,0.08050918023396987,-0.1501958871903147
2013-03-13,1.3842170238494873,-0.010169253996415772,-0.006883176780204397,-50.0,40.38575302939515,0.06950875123694832,-0.1786308659270192
2013-03-14,1.3936973810195925,0.006848895084197393,-0.006913827636546476,-14.285714285714286,43.8775966338952,0.06489532403746161,-0.12362830193583375
2013-03-15,1.4079192876815796,0.010204443845322153,-0.006020272041150414,-14.285714285714286,48.72927485390762,0.05568071274975385,0.05955044041670591
2013-03-18,1.3842170238494873,-0.016834959247644665,-0.006763119577751288,-14.285714285714286,42.184100647356075,0.047683686354141025,0.046448599496019344
2013-03-19,1.3842170238494873,0.0,-0.0071872842761330534,-14.285714285714286,42.184100647356075,0.04218326118310508,0.03742765131169375
2013-03-20,1.4126594066619873,0.020547632576719987,-0.005681825229779347,-14.285714285714286,51.289506483305544,0.03497562349681558,0.3706276884600195
2013-03-21,1.4126594066619873,0.0,-0.004550959799614012,-7.142857142857143,51.289506483305544,0.03541782385482305,0.5048037610289366
2013-03-22,1.4126594066619873,0.0,-0.0036130913309704296,92.85714285714286,51.28950648330554,0.035841530071901814,0.5739996792149605
2013-03-25,1.4173998832702637,0.0033557109278574693,-0.0025608338098906933,100.0,52.835740152561996,0.03649862563024241,0.5715483058263289
2013-03-26,1.4173998832702637,0.0,-0.0017166997071080417,35.714285714285715,52.835740152562,0.037607405748082384,0.6485015062737904
2013-03-27,1.4126594066619873,-0.0033444877936203987,-0.0013069453600190403,42.85714285714286,50.95967210096496,0.037607405748082384,0.5385209243561407
2013-03-28,1.374735713005066,-0.02684560303642647,-0.0031937737503999167,-7.142857142857143,39.02233727204209,0.038405967070342176,-0.006340280054422379
2013-03-29,1.3842170238494873,0.00689682442576256,-0.004029450244487,-7.142857142857143,42.64003335399983,0.03815779350639491,-0.16207398911523913
2013-04-01,1.3794761896133425,-0.00342492120416249,-0.004945553431107421,-7.142857142857143,41.31997707792123,0.03815779350639491,-0.2599311841666834
2013-04-02,1.388957142829895,0.006872864706138904,-0.005013370028928362,-7.142857142857143,44.98785922365799,0.03823178920950159,-0.14922800829543284
2013-04-03,1.3936973810195925,0.003412803781720486,-0.004747370626668779,-7.142857142857143,46.77904489611186,0.037797313972895694,-0.08922484047722111
2013-04-08,1.3794761896133425,-0.01020393063797409,-0.005366977887766229,-7.142857142857143,42.32643866389127,0.03940947759828418,-0.05740524751951649
2013-04-09,1.3794761896133425,0.0,-0.0057529187596389265,-7.142857142857143,42.32643866389127,0.04086116416090295,-0.17823749046098467
2013-04-10,1.3794761896133425,0.0,-0.005989733758859582,-7.142857142857143,42.326438663891274,0.04209150140425512,-0.25389064976007375
2013-04-11,1.3794761896133425,0.0,-0.006107013501737865,-7.142857142857143,42.32643866389127,0.043118752293218404,-0.310486730331787
2013-04-12,1.3842170238494873,0.0034366916021026928,-0.005835098274840258,-7.142857142857143,44.68716883135034,0.043118752293218404,-0.12245482807979817
2013-04-15,1.3794761896133425,-0.00342492120416249,-0.0058652507530084445,-7.142857142857143,42.800469080358276,0.04408051495545046,0.07267698031874692
2013-04-16,1.369995355606079,-0.006872778289794823,-0.006398554308854678,-85.71428571428572,39.23309255538104,0.045303442312851785,0.04408352747335159
2013-04-17,1.3652546405792236,-0.0034603876629627495,-0.007011972280833901,-92.85714285714286,37.54783117647649,0.04804328974875345,0.02892743523640249
2013-04-18,1.3652546405792236,0.0,-0.007395254342009932,-100.0,37.547831176476485,0.05049464704225044,0.22791461468143
2013-04-19,1.3842170238494873,0.013889264835033721,-0.0064142060041303475,-92.85714285714286,47.92467243377055,0.04822223419480607,0.8163552738815849
2013-04-22,1.3794761896133425,-0.00342492120416249,-0.005945429759045215,-64.28571428571429,45.872487601523645,0.04566638333668037,1.0037037999493623
2013-04-23,1.3605142831802368,-0.013745729412278251,-0.00668149755419867,-64.28571428571429,38.72906637150476,0.04501284389992206,0.7925281888296696
2013-04-24,1.374735713005066,0.010452980906298315,-0.006218269567517128,-64.28571428571429,45.57451930051688,0.03941460915761223,0.8353334800587322
2013-04-25,1.374735713005066,0.0,-0.005838631301320381,-64.28571428571429,45.57451930051688,0.03164504487961731,1.0026402581159564
2013-04-26,1.3605142831802368,-0.010344846424148013,-0.006365739314186116,-35.714285714285715,40.34665195402515,0.025197146553000992,0.7881781791039295
2013-05-02,1.3557740449905396,-0.003484151727254803,-0.00696054487366949,-85.71428571428572,38.75103954336526,0.028535861383813053,0.46884054496746486
2013-05-03,1.369995355606079,0.010489440086337343,-0.0064256347915101295,-85.71428571428572,45.69041702369162,0.02822407480410581,0.524638782521113
2013-05-06,1.374735713005066,0.0034601266198377445,-0.00569420442647634,-85.71428571428572,47.81288537842433,0.028085411764552218,0.6268500879252568
2013-05-07,1.374735713005066,0.0,-0.005073614580745508,-42.85714285714286,47.81288537842433,0.026504861046315286,0.8239455711236902
2013-05-08,1.3794761896133425,0.003448282141382819,-0.004239881549674798,-42.85714285714286,50.07574013375786,0.02345847806147495,0.9793509491213828
2013-05-09,1.374735713005066,-0.003436432353069674,-0.0038393391613142465,-42.85714285714286,47.841730916243634,0.023145526541701076,0.6143718516280444
2013-05-10,1.3794761896133425,0.003448282141382819,-0.003184259227524479,-42.85714285714286,50.232765066695784,0.023145526541701076,0.4071772442355637
2013-05-13,1.374735713005066,-0.003436432353069674,-0.002929266580020566,-42.85714285714286,47.869532421218274,0.022807168791919095,0.11299123671161487
2013-05-14,1.3652546405792236,-0.006896650997097797,-0.003260145600536874,-42.85714285714286,43.4651896467782,0.022912940786895427,-0.14689675810914232
2013-05-15,1.369995355606079,0.0034724035252824414,-0.0031782538166927553,42.85714285714286,46.13394149612185,0.021538619454365453,-0.24347585495985022
2013-05-16,1.3794761896133425,0.00692034025405075,-0.002517242737758677,42.85714285714286,51.10495019292118,0.021538619454365453,0.12367355347944425
2013-05-17,1.388957142829895,0.006872864706138904,-0.0014296950272189564,78.57142857142857,55.52507648689758,0.02411624818777328,0.5192425241812715
2013-05-20,1.4031784534454346,0.010238840477514444,0.0002395241068029925,85.71428571428572,61.19218215684177,0.030373575378790752,0.7344960586276973
2013-05-21,1.4031784534454346,0.0,0.001533234646688454,85.71428571428572,61.19218215684177,0.03465402554873662,0.9705763888739177
2013-05-22,1.4031784534454346,0.0,0.002529352766009801,85.71428571428572,61.19218215684177,0.038319414160147884,0.9724783096050879
2013-05-23,1.388957142829895,-0.010135069121550266,0.0024977823109455536,78.57142857142857,52.79067225796624,0.03899229895616295,0.5728901019495761
2013-05-24,1.3936973810195925,0.003412803781720486,0.002687367691765998,28.571428571428573,55.00805857039638,0.03838953532136489,0.3571042613636392
2013-05-27,1.3984380960464478,0.0034015383048127124,0.003072829389307418,28.571428571428573,57.17448767619514,0.040011304913150074,0.23325120609558972
2013-05-28,1.4126594066619873,0.010169424485606315,0.004116324404688865,71.42857142857143,62.939514222516955,0.04449994823810776,0.4186130144538482
2013-05-29,1.4079192876815796,-0.0033554577685560583,0.004659165881464199,78.57142857142857,60.038417012552316,0.04463433988286915,0.3645046088116038
2013-05-30,1.4031784534454346,-0.0033672627952642253,0.004767956611439704,78.57142857142857,57.19869874975257,0.041519619958969425,0.2418735331935405
2013-05-31,1.3984380960464478,-0.003378299736107815,0.004532340238313887,78.57142857142857,54.42666359647051,0.04038393339246264,-0.0035319124602482045
2013-06-03,1.4031784534454346,0.003389751332138591,0.0045384505273887215,78.57142857142857,56.687210006192515,0.040204017167316364,0.23757141812741178
2013-06-04,1.3984380960464478,-0.003378299736107815,0.004248372106108589,64.28571428571429,53.81264819531572,0.03914524276210017,0.31468870292757956
2013-06-05,1.3984380960464478,0.0,0.0039606350279752425,64.28571428571429,53.8126481953157,0.03854539450751901,0.27094286673114365
2013-06-06,1.388957142829895,-0.006779673153467836,0.0031707324554132465,57.142857142857146,48.14914170444379,0.03684787206456674,-0.012533645545920992
2013-06-07,1.3794761896133425,-0.00682595086932325,0.0019634298474744674,-50.0,43.24744762888606,0.03684787206456674,-0.28845529671008546
2013-06-13,1.3652546405792236,-0.010309383475553213,0.00015730950877689242,-57.142857142857146,37.13976590514048,0.039200761119442214,-0.0958948104616173
2013-06-14,1.374735713005066,0.006944545100992849,-0.0007166015825092746,-57.142857142857146,42.92664687182289,0.03684787206456674,0.15679384249566572
2013-06-17,1.3842170238494873,0.00689682442576256,-0.0008363313014713051,-57.142857142857146,48.0747016578575,0.034149396239815236,0.24181627262234667
2013-06-18,1.376652717590332,-0.005464682292462331,-0.001367855393080107,-57.142857142857146,44.61694073279937,0.03467880879365012,0.19731743268992216
2013-06-19,1.3615245819091797,-0.010989071889991542,-0.0026710769450921357,-57.142857142857146,38.63239741597275,0.040052900825098936,0.040294136055140276
2013-06-20,1.331268310546875,-0.02222234674593848,-0.00554573425542714,-92.85714285714286,29.973178715396138,0.05472430440973343,-0.26398314606131684
2013-06-21,1.321183204650879,-0.007575562203424813,-0.00835480792867435,-100.0,27.741143002699538,0.06840823823726508,-0.3592290895824348
2013-06-24,1.2808419466018677,-0.030534189283515256,-0.013268179853863587,-100.0,21.00343340827213,0.09371581459758689,-0.7723517357886747
2013-06-25,1.2959697246551514,0.011810807799836898,-0.015633500989202725,-78.57142857142857,28.05963476580319,0.10719144828791803,-0.369211824298553
2013-06-26,1.3010122776031494,0.003890949651111475,-0.017053115000623037,-78.57142857142857,30.294691787633543,0.11606369628984785,0.006369232861416358
2013-06-27,1.3363113403320312,0.027131998165238924,-0.015435317247352852,-78.57142857142857,43.52252305399988,0.1163645353391853,0.4919658093174149
2013-06-28,1.3665671348571775,0.02264127648398806,-0.012261089352158715,-78.57142857142857,51.940902169461225,0.112266147802408,1.0288854808118715
2013-07-01,1.3716099262237549,0.0036901160857381043,-0.00957248271519725,-71.42857142857143,53.193204599605316,0.1085898567798681,1.4653902669771428
2013-07-02,1.3615245819091797,-0.007352924560951268,-0.008037914577546226,-35.714285714285715,50.36650389043509,0.10512783681522185,1.6257096459114913
2013-07-03,1.3413537740707395,-0.014814868645379842,-0.007988626767289947,-35.714285714285715,45.1937769166163,0.10259537658188331,1.5667972821745317
2013-07-04,1.3363113403320312,-0.003759212398833034,-0.008094582155680263,-35.714285714285715,43.977834027386805,0.09864940653769032,1.4457686607007976
2013-07-05,1.331268310546875,-0.0037738434397355247,-0.008394459099998223,-35.714285714285715,42.73932766386511,0.09495669853371465,1.2035985756514176
2013-07-08,1.3161404132843018,-0.011363522396442227,-0.00952444105164643,-35.714285714285715,39.17524442878256,0.09170083788059002,0.9177486160449734
2013-07-09,1.331268310546875,0.011494136271389843,-0.009202927773844264,-28.571428571428573,44.187532875347344,0.08749293071290491,0.8300657388339331
2013-07-10,1.3363113403320312,0.0037881392843224226,-0.008596198414339808,28.571428571428573,45.79123192318902,0.08411248998614787,0.7856156153308614
2013-07-11,1.3716099262237549,0.026414941508281276,-0.005789972117064546,85.71428571428572,55.442108107563456,0.08500185194119445,0.9687648595184812
2013-07-12,1.3514392375946045,-0.014705849121902537,-0.0049445329033963314,85.71428571428572,49.96772843894002,0.08231285782906718,0.740494520926363
2013-07-15,1.3564820289611816,0.003731422935116635,-0.0038460832098672947,85.71428571428572,51.263372215495615,0.07762959055040286,0.5081690721387256
2013-07-16,1.3564820289611816,0.0,-0.0029560459700518193,78.57142857142857,51.263372215495615,0.0743386600651576,0.5311655828966276
2013-07-17,1.3514392375946045,-0.003717551179383438,-0.0025310021319020675,71.42857142857143,49.768649565496595,0.07321054252969825,0.4188555931020958
2013-07-18,1.3413537740707395,-0.007462757661096053,-0.0027765456959654186,14.285714285714286,46.8278386418288,0.0731052399708394,0.24295866102866914
2013-07-19,1.331268310546875,-0.007518869159518715,-0.003548851003826168,14.285714285714286,44.02623024663648,0.07234355529958596,-0.010854061640646383
2013-07-22,1.3363113403320312,0.0037881392843224226,-0.0037805018154281403,14.285714285714286,45.77324778401134,0.06062524412775577,0.06759936198318862
2013-07-23,1.346396565437317,0.007547062425422357,-0.003302436356388988,14.285714285714286,49.1887261364507,0.052106648148820725,0.15729270906996945
2013-07-24,1.346396565437317,0.0,-0.0029124354843622544,14.285714285714286,49.1887261364507,0.04315079288988532,0.24446903292385716
2013-07-25,1.3514392375946045,0.0037453097302351246,-0.0022664294707038894,14.285714285714286,50.97917954063627,0.042754307798534584,0.34036329110076485
2013-07-26,1.3413537740707395,-0.007462757661096053,-0.002355886500616485,14.285714285714286,47.382969670611025,0.040673707048086,0.2312978815080808
2013-07-29,1.321183204650879,-0.015037471701926153,-0.0036400830454038162,14.285714285714286,41.13335426756989,0.03948466457991643,0.01106016726640276
2013-07-30,1.3413537740707395,0.015267049527162735,-0.003308167644551567,-92.85714285714286,48.45490452155901,0.03739910059931741,0.0057665959314203855
2013-07-31,1.3413537740707395,0.0,-0.0030533056695632122,-92.85714285714286,48.45490452155901,0.03739910059931741,-0.040398589539728795
2013-08-01,1.3564820289611816,0.011278348175463693,-0.0018977314118683816,-85.71428571428572,53.4869924476285,0.038324841091502554,0.2561281086305624
2013-08-02,1.3514392375946045,-0.003717551179383438,-0.0012988046258347447,-78.57142857142857,51.67600010568311,0.03782251686357621,0.3134190560577058
2013-08-05,1.3564820289611816,0.003731422935116635,-0.0005096457498086559,21.42857142857143,53.376051947404044,0.033478248675715645,0.4642667085277556
2013-08-06,1.3564820289611816,0.0,0.00011066613458609571,21.42857142857143,53.376051947404044,0.03255526999886674,0.6571803159226536
2013-08-07,1.346396565437317,-0.00743501447755146,2.3149654726738363e-06,21.42857142857143,49.349131643888796,0.03170630028952816,0.512639143457602
2013-08-08,1.3413537740707395,-0.003745398269743405,-0.00038346585101692586,21.42857142857143,47.42261866051922,0.027415253558045204,0.26601666211215536
2013-08-09,1.3413537740707395,0.0,-0.000681352615897853,21.42857142857143,47.422618660519234,0.027343484571595394,0.1391329140976155
2013-08-12,1.3564820289611816,0.011278348175463693,-7.196524959957492e-06,64.28571428571429,53.70996180450174,0.027343484571595394,0.26891886165577394
2013-08-13,1.3514392375946045,-0.003717551179383438,0.00021937571032632226,64.28571428571429,51.49923127476346,0.026651370040154516,0.20744616060908647
2013-08-14,1.3564820289611816,0.003731422935116635,0.0006895011483242777,78.57142857142857,53.55785928971413,0.027343484571595394,0.16346023133850962
2013-08-15,1.3514392375946045,-0.003717551179383438,0.0007568713561900565,78.57142857142857,51.21672799812414,0.027415253558045204,0.12957046410834772
2013-08-16,1.3615245819091797,0.0074626694519583925,0.0013839975719349784,92.85714285714286,55.414338932922846,0.027137894410421203,-0.9388433644433203
2013-08-19,1.3615245819091797,0.0,0.001863956234377245,92.85714285714286,55.414338932922846,0.027369061730850908,-0.6898248901646291
2013-08-20,1.3413537740707395,-0.014814868645379842,0.001052530778822841,35.714285714285715,46.1944978379146,0.02776968668532103,-0.8733046151800838
2013-08-21,1.3363113403320312,-0.003759212398833034,8.327634316742488e-05,35.714285714285715,44.21405104535609,0.028886143110892333,-0.9819940378591931
2013-08-22,1.326225757598877,-0.007547330048586098,-0.0012919890011301358,-28.571428571428573,40.47623032807955,0.0320843668139363,-1.2951904779373495
2013-08-23,1.321183204650879,-0.0038021829383917405,-0.002668703683439065,-35.714285714285715,38.71400897595038,0.03606211603817542,-1.3767235256165986
2013-08-26,1.331268310546875,0.0076333894197975205,-0.0030806035052150095,-35.714285714285715,43.96824198372523,0.03349925105390287,-1.147970647988913
2013-08-27,1.331268310546875,0.0,-0.0033840499238064797,-35.714285714285715,43.96824198372523,0.03479424714029655,-0.8688043152314839
2013-08-28,1.326225757598877,-0.0037877811017124063,-0.003900160302551561,-35.714285714285715,41.88588500692045,0.03699786013777802,-0.6774903610701799
2013-08-29,1.326225757598877,0.0,-0.004249993206545373,-35.714285714285715,41.88588500692045,0.03811898766169073,-0.5408930117137161
2013-08-30,1.3363113403320312,0.007604725421269221,-0.0038398004530050193,-35.714285714285715,47.63829409949186,0.03802936758847575,-0.048924602370879054
2013-09-02,1.3363113403320312,0.0,-0.003499796803029941,-35.714285714285715,47.638294099491866,0.03709579988840312,0.2672232550488077
2013-09-03,1.346396565437317,0.007547062425422357,-0.002572071998945739,-35.714285714285715,53.030183394908256,0.03590183030738962,0.5813118494388338
2013-09-04,1.346396565437317,0.0,-0.0018364498004496837,-35.714285714285715,53.03018339490827,0.03590183030738962,0.6497885994850993
2013-09-05,1.346396565437317,0.0,-0.0012391794192864326,-35.714285714285715,53.030183394908256,0.03604433576230841,0.6246935318985155
2013-09-06,1.3514392375946045,0.0037453097302351246,-0.00045662947130046297,-28.571428571428573,55.86815749234538,0.036590645923023524,0.5437489074084416
2013-09-09,1.437164545059204,0.0634326021325089,0.004906950542956108,78.57142857142857,79.04641799703809,0.07130816690091593,1.3419595336153856
2013-09-10,1.4321222305297852,-0.003508515811048829,0.008782859245050479,78.57142857142857,76.50132700910703,0.09024063170735984,1.9792664410172733
2013-09-11,1.4169942140579224,-0.010563355661525109,0.010979231061176962,78.57142857142857,69.29280843750433,0.09979997046789735,1.726417092241864
2013-09-12,1.4472501277923584,0.02135217874164108,0.013907797533187553,100.0,74.47343609706057,0.11630249212431616,1.6363240923824998
2013-09-13,1.427079439163208,-0.013937251233771764,0.015325386106876225,92.85714285714286,66.42735546884514,0.1241914880045592,1.2890820374671663
2013-09-16,1.427079439163208,0.0,0.01610737145809306,85.71428571428572,66.42735546884514,0.13083493539451968,1.026089608327764
2013-09-17,1.4018659591674805,-0.017667888208460103,0.015399144429830595,71.42857142857143,57.431999433597824,0.1316406898809464,0.57876286184211
2013-09-18,1.396823167800903,-0.0035971993852907946,0.014205948199491494,71.42857142857143,55.80434465034797,0.1308544963118703,0.42437606373736747
2013-09-23,1.4018659591674805,0.00361018594394924,0.013305616615302414,57.142857142857146,57.113273220543505,0.12840412514297334,0.4023030531381342
2013-09-24,1.396823167800903,-0.0035971993852907946,0.012245728803353843,57.142857142857146,55.347956465973034,0.123680023989751,0.3548622491717191
2013-09-25,1.4069087505340576,0.007220371887898258,0.011729438233708651,50.0,58.1350458152593,0.1204910387148974,0.47536123576277506
2013-09-26,1.396823167800903,-0.007168611844461159,0.01076536322269879,35.714285714285715,54.47338115743071,0.1156777570579052,0.4790505963055011
2013-09-27,1.4018659591674805,0.00361018594394924,0.010072626309345259,35.714285714285715,55.96677957303999,0.1089101044799004,0.5130609052552384
2013-09-30,1.4018659591674805,0.0,0.009445436172682443,28.571428571428573,55.96677957303998,0.1006072314878672,0.429375416985257
2013-10-08,1.4069087505340576,0.0035971993852905726,0.00910062689754596,21.42857142857143,57.580560510711805,0.09349569000924954,0.4605127351381494
2013-10-09,1.4220367670059204,0.010752663572616283,0.009508808483797426,-28.571428571428573,62.07139152156882,0.08567033798040877,0.5340818155601749
2013-10-10,1.4119515419006348,-0.007092098699051141,0.00929627721151887,-28.571428571428573,57.68682451776313,0.07795776571112806,0.37480913096866625
2013-10-11,1.4321222305297852,0.014285680514218413,0.009967812123662398,-28.571428571428573,63.27440601736941,0.06986202230527065,0.41369793218160794
2013-10-14,1.427079439163208,-0.0035212017934472817,0.010238089927972009,-21.42857142857143,61.102011404040944,0.05774977413535304,0.2887579408035141
2013-10-15,1.4069087505340576,-0.014134243739772345,0.009309643265129475,78.57142857142857,53.2297505038984,0.04238373390679722,0.01720725054848039
2013-10-16,1.4119515419006348,0.0035843059222304685,0.008616179114297231,78.57142857142857,54.79772580048545,0.03991833325694921,-0.09527807905424451
2013-10-17,1.4169942140579224,0.0035714201285546032,0.008256140261757161,78.57142857142857,56.37280094286784,0.038198803289576505,-0.20215652703744172
2013-10-18,1.4119515419006348,-0.0035587104783205703,0.007647323661800614,50.0,54.33389806358518,0.038118805577653014,-0.31689670305654627
2013-10-21,1.437164545059204,0.01785684735655302,0.008335708311476732,50.0,61.777663574392626,0.03483313038831673,-0.04524048457737655
2013-10-22,1.4220367670059204,-0.010526128066052798,0.008131056806351055,50.0,55.890918389578495,0.034106747176024556,0.018385539454105967
2013-10-23,1.4220367670059204,0.0,0.007808580076132108,50.0,55.890918389578495,0.033348715253782864,-0.03497435566012591
2013-10-24,1.4069087505340576,-0.010638273793521225,0.006689467864720698,42.85714285714286,50.32884248385939,0.032888249317756045,-0.1515647510811713
2013-10-25,1.4018659591674805,-0.0035843059222304685,0.00540409668961331,28.571428571428573,48.59287357424654,0.0320895146453021,-0.3396064188624681
2013-10-28,1.4018659591674805,0.0,0.004316601301926809,28.571428571428573,48.59287357424654,0.0320895146453021,-0.3881296911893306
2013-10-29,1.4169942140579224,0.010791513119718044,0.004230589941988433,7.142857142857143,54.101130497068986,0.03057050395920019,-0.45211589343950326
2013-10-30,1.4220367670059204,0.0035586263500380078,0.004419249579616186,7.142857142857143,55.80112830328125,0.030728487361803534,-0.4131579967495726
2013-10-31,1.4220367670059204,0.0,0.004528451489760124,7.142857142857143,55.80112830328127,0.028955961833946057,-0.2765765262903432
2013-11-01,1.427079439163208,0.003546091264507112,0.004828160235480337,7.142857142857143,57.62154626590987,0.028444208462567108,-0.020242563131919106
2013-11-04,1.427079439163208,0.0,0.005020489844976466,7.142857142857143,57.62154626590987,0.0274681508127915,0.1019045160520289
2013-11-05,1.4169942140579224,-0.007067038336141418,0.004582594904944284,7.142857142857143,52.59680692206429,0.02655970044461969,0.2494084880599397
2013-11-06,1.4018659591674805,-0.010676299691526836,0.003343319609450664,7.142857142857143,46.10239230022321,0.028277212670040887,0.0724799188001921
2013-11-07,1.4119515419006348,0.007194398770581367,0.002848947275709892,7.142857142857143,50.491323707800994,0.028277212670040887,0.2253343609641476
2013-11-08,1.4069087505340576,-0.0035715045572944915,0.002170708707323526,7.142857142857143,48.37040643599987,0.02725223900618392,0.27707078830636456
2013-11-11,1.4119515419006348,0.0035843059222304685,0.001885755743025427,7.142857142857143,50.60488236070958,0.02638653359987391,0.3604792196028186
2013-11-12,1.4169942140579224,0.0035714201285546032,0.0019251101858624203,7.142857142857143,52.804523170287624,0.02583281673664573,0.4588267846459074
2013-11-13,1.4018659591674805,-0.010676299691526836,0.001099328789428138,-78.57142857142857,46.162908293985545,0.0271455007126751,0.3576894947051104
2013-11-14,1.4069087505340576,0.0035971993852905726,0.0007079539310265327,-78.57142857142857,48.48870567386006,0.027600674028745453,0.27746252007795585
2013-11-15,1.4119515419006348,0.0035843059222304685,0.000679831324330419,-78.57142857142857,50.77866796882924,0.027600674028745453,0.21662440838536137
2013-11-18,1.427079439163208,0.01071417595692381,0.0014907514905670802,-78.57142857142857,56.96010340472773,0.024898725275507162,0.4479816709591204
2013-11-19,1.4220367670059204,-0.0035335609349430586,0.0018393653989203743,28.571428571428573,54.5030010828343,0.024898725275507162,0.39940372244086264
2013-11-20,1.427079439163208,0.003546091264507112,0.0023618963799312723,28.571428571428573,56.52275817376076,0.025708065268213433,0.6323759974117908
2013-11-21,1.4321222305297852,0.0035336444686877577,0.00302067493723494,42.85714285714286,58.50652728956116,0.02735942860327933,1.0850389685305968
2013-11-22,1.427079439163208,-0.0035212017934472817,0.003239417333146071,50.0,55.76630561212072,0.026631033433614223,0.7706013310729792
2013-11-25,1.4169942140579224,-0.007067038336141418,0.002821706212708586,50.0,50.65637755422594,0.024755052245080997,0.28567780941013493
2013-11-26,1.4119515419006348,-0.0035587104783205703,0.002168049356307953,50.0,48.27449432950029,0.02501371050910433,-0.051263124699787624
2013-11-27,1.4169942140579224,0.0035714201285546032,0.0019014312490753128,50.0,50.767498045457714,0.02484551727510535,0.1888315028260033
2013-11-28,1.4169942140579224,0.0,0.0016769185624775397,50.0,50.767498045457714,0.02465551924850083,0.37729011040302524
2013-11-29,1.4169942140579224,0.0,0.0014819081263970065,50.0,50.767498045457714,0.023785398723125014,0.41737175299273693
2013-12-02,1.4472501277923584,0.02135217874164108,0.0029524997341346653,92.85714285714286,63.830970325184765,0.029814730133893297,1.4658169977942848
2013-12-03,1.427079439163208,-0.013937251233771764,0.003025664297242756,92.85714285714286,53.616806883019365,0.030375712852980963,1.700915644885366
2013-12-04,1.4321222305297852,0.0035336444686877577,0.003286085264429413,85.71428571428572,55.5325976474311,0.029636384296040822,1.8270007592753128
2013-12-05,1.427079439163208,-0.0035212017934472817,0.003191361489103946,21.42857142857143,53.167660169939005,0.029543897726048398,1.7537459870307952
2013-12-06,1.427079439163208,0.0,0.0030716813043433194,21.42857142857143,53.167660169939005,0.02848121528123831,1.6694121279804313
2013-12-09,1.4220367670059204,-0.0035335609349430586,0.002670466614397146,21.42857142857143,50.66534626102674,0.027827624143610404,1.4670288526944235
2013-12-10,1.4220367670059204,0.0,0.002317157972491295,21.42857142857143,50.665346261026755,0.02765041701584775,1.2954758073276682
2013-12-11,1.4069087505340576,-0.010638273793521225,0.0011778357624350195,21.42857142857143,43.53623021313722,0.026332031876376276,0.8912093120810475
2013-12-12,1.4069087505340576,0.0,0.00025226098651203805,21.42857142857143,43.536230213137216,0.026332031876376276,0.649241939333338
2013-12-13,1.3917804956436155,-0.010752833035333254,-0.0013480504210682644,-64.28571428571429,37.42821638074757,0.03182131310622903,0.36487268721199917
2013-12-16,1.3716099262237549,-0.014492636937359138,-0.0037998187343784443,-71.42857142857143,31.15258664201519,0.043851126610988986,-0.06226948231762751
2013-12-17,1.3615245819091797,-0.007352924560951268,-0.006294728093102208,-78.57142857142857,28.572884736616828,0.056120776677134845,-0.4920816914259909
2013-12-18,1.3615245819091797,0.0,-0.008155642074302196,-85.71428571428572,28.572884736616828,0.0647446834822548,-0.6233161763878738
2013-12-19,1.3514392375946045,-0.007407390544820869,-0.010187043684193826,-92.85714285714286,26.069237655464704,0.07358105822300169,-0.7395086434411666
2013-12-20,1.321183204650879,-0.022388008355875177,-0.013707646296793403,-100.0,20.3175396555208,0.09031946383550307,-0.9663582724289702
2013-12-23,1.3413537740707395,0.015267049527162735,-0.014684884068127005,-85.71428571428572,31.213419852137598,0.0977251235422501,-0.7393528558486306
2013-12-24,1.3363113403320312,-0.003759212398833034,-0.01580396430565791,-85.71428571428572,30.10514609924516,0.10505306910886389,-0.6392796907677398
2013-12-25,1.3413537740707395,0.0037733974011291416,-0.016095474150961034,-71.42857142857143,32.679325644125804,0.10948327296945727,-0.49230967172817736
2013-12-26,1.326225757598877,-0.011278170430722434,-0.017281575165435718,-100.0,29.204236409371635,0.11574785678704465,-0.4330820092153276
2013-12-27,1.3413537740707395,0.011406818473539415,-0.01676884603763432,-85.71428571428572,36.478639304973164,0.1176678721862694,-0.20301615463560177
2013-12-30,1.3161404132843018,-0.01879695071787091,-0.0181697479254607,-100.0,30.798565238534298,0.11739910459401998,-0.6244880369177587
2013-12-31,1.321183204650879,0.0038314995236665705,-0.018432302967075757,-92.85714285714286,33.044146945535935,0.1178041706417916,-0.4762511654594877
2014-01-02,1.3161404132843018,-0.003816875168277445,-0.01885875066275203,-100.0,31.928375435837847,0.11589386190823006,-0.24751934427563085
2014-01-03,1.2909269332885742,-0.019157135318723095,-0.020850251491530688,-100.0,27.016414460870692,0.11806016112325012,-0.5390629326373989
2014-01-06,1.2757986783981323,-0.011718908716160548,-0.023089780959238342,-100.0,24.57361476783573,0.12067599746979395,-0.674391182767392
2014-01-07,1.2707561254501345,-0.003952467605883636,-0.024800881681912752,-100.0,23.801105681182833,0.12191123427059414,-0.21112790885410443
2014-01-08,1.2657135725021362,-0.003968151596524527,-0.02620761503585093,-85.71428571428572,23.021712051521252,0.12022331241329282,-0.12101911778000338
2014-01-09,1.2606709003448486,-0.003984054739429643,-0.02736050445263566,-85.71428571428572,22.237487584076344,0.11998294881504844,-0.2555464802758977
2014-01-10,1.2556283473968506,-0.0039998963620233585,-0.028302118422859013,-78.57142857142857,21.45059311647669,0.1168411400583029,-0.6063315797173682
2014-01-13,1.2707561254501345,0.012047974294819408,-0.02734073912385898,-64.28571428571429,29.509409861814458,0.11082027760184215,-0.4601950084218703
2014-01-14,1.2657135725021362,-0.003968151596524527,-0.026963460907054343,-64.28571428571429,28.4612154982261,0.10837642696914436,-0.39280034460318386
2014-01-15,1.2657135725021362,0.0,-0.026275257002593994,-35.714285714285715,28.4612154982261,0.10607981685950811,-0.31338986112007455
2014-01-16,1.2606709003448486,-0.003984054739429643,-0.025857466676272485,-35.714285714285715,27.335103335234905,0.1024572251335865,-0.3543608500788397
2014-01-17,1.2505853176116943,-0.008000170964837405,-0.02599931137710739,-92.85714285714286,25.188483343340657,0.1010709925680007,-0.6874572034213361
2014-01-20,1.2455428838729858,-0.004032058962868956,-0.02607756670813718,-100.0,24.166661921085257,0.10469922528735576,-0.7578764845495568
2014-01-21,1.2455428838729858,0.0,-0.025759232755298834,-92.85714285714286,24.166661921085257,0.10289846398025593,-0.7122905370179091
2014-01-22,1.2657135725021362,0.016194294785282892,-0.023543155919558675,-85.71428571428572,36.1780441218327,0.09748759309942066,-0.1822762709210152
2014-01-23,1.2505853176116943,-0.011952352585218429,-0.02308967583071407,-78.57142857142857,32.07461399485485,0.09045218563853612,-0.2847212824768663
2014-01-24,1.2556283473968506,0.004032535576850682,-0.02183837318076396,-71.42857142857143,34.73220580896751,0.08491236028157377,-0.20010103850807276
2014-01-27,1.2505853176116943,-0.004016339544747782,-0.021086877719616075,-57.142857142857146,33.327940016636994,0.0716078112417965,-0.03295714153814401
2014-01-28,1.2556283473968506,0.004032535576850682,-0.01978732007915372,-57.142857142857146,36.10980377222631,0.06405367853275608,0.117425117928369
2014-01-29,1.2757986783981323,0.016063934079776576,-0.017054588574750895,-50.0,45.84294827790906,0.051334801390474666,0.47487949751041264
2014-01-30,1.2657135725021362,-0.007904935211767716,-0.015719157445086295,57.142857142857146,42.367551188243006,0.03541102290765251,0.4232628070955146
2014-02-07,1.2556283473968506,-0.007968015295394704,-0.015143566897909416,57.142857142857146,39.169606702791675,0.028838929341956913,0.3646182106847115
2014-02-10,1.2657135725021362,0.008032014509862018,-0.013670577690682393,57.142857142857146,43.74261298045673,0.026920334009281146,0.4024583015618255
2014-02-11,1.2858843803405762,0.015936313141183378,-0.011008564934364857,78.57142857142857,51.58243955478166,0.031597445026655964,0.6795459329895572
2014-02-12,1.2808419466018677,-0.003921374126477084,-0.009314841311254846,85.71428571428572,49.71719778299259,0.034398033678899875,0.6533335678313971
2014-02-13,1.2858843803405762,0.003936811838561649,-0.007504152942943143,92.85714285714286,51.60191465898299,0.03827212676788117,0.5706050929742341
2014-02-14,1.2808419466018677,-0.003921374126477084,-0.006366404267581253,92.85714285714286,49.599789764019526,0.03982455587914054,0.48960342479477503
2014-02-17,1.2858843803405762,0.003936811838561649,-0.0050453978821515975,57.142857142857146,51.62124764626918,0.04237762760165874,0.4117163912569929
2014-02-18,1.2808419466018677,-0.003921374126477084,-0.004302170060020663,57.142857142857146,49.48387270467436,0.0437901644807906,0.28859922964502305
2014-02-19,1.326225757598877,0.03543279568366309,-0.0008003722420190498,85.71428571428572,63.951203984948435,0.06044118429535127,0.5315067410050166
2014-02-20,1.3161404132843018,-0.007604545649026351,0.0012397756695010592,85.71428571428572,59.8492433119466,0.06822699543055791,0.41496357633125297
2014-02-21,1.3010122776031494,-0.011494317421194888,0.001934165097159282,85.71428571428572,54.230188766165774,0.06927839723380132,0.2925266806783863
2014-02-24,1.2757986783981323,-0.01937998559972698,0.000916648867095578,78.57142857142857,46.40949093794535,0.06614641388068399,0.12033994984995108
2014-02-25,1.2808419466018677,0.003953028239586764,0.0003928434879992602,57.142857142857146,48.02410333795184,0.06255870515359756,0.17141084907947984
2014-02-26,1.2657135725021362,-0.011811273155027169,-0.0009728953712930758,57.142857142857146,43.76451709534749,0.06255870515359756,0.10048833801987957
2014-02-27,1.2757986783981323,0.007967921111929899,-0.0013888266319830916,57.142857142857146,47.13104171540151,0.05956477041865034,0.17417347795485202
2014-02-28,1.2657135725021362,-0.007904935211767716,-0.002354099199686372,50.0,44.27654360247521,0.058039046755714495,0.10657248078478582
2014-03-03,1.2606709003448486,-0.003984054739429643,-0.003406256594000723,-57.142857142857146,42.878167815091984,0.05598824305338443,-0.050329508849965725
2014-03-04,1.2606709003448486,0.0,-0.004184401191771592,-64.28571428571429,42.87816781509198,0.05503148449469342,0.11514462998683929
2014-03-05,1.2556283473968506,-0.0039998963620233585,-0.0050857958645487015,-71.42857142857143,41.36313266964776,0.05741998883117554,0.2675586127301932
2014-03-06,1.2606709003448486,0.004015959784957168,-0.00537893011284678,-78.57142857142857,43.51256141915848,0.058083322298526925,0.4797739604665297
2014-03-07,1.2556283473968506,-0.0039998963620233585,-0.005905936513118477,-78.57142857142857,41.86007836807617,0.058083322298526925,0.3479140717539882
2014-03-10,1.2405002117156982,-0.01204825911466223,-0.0072834726945031234,-92.85714285714286,37.285210164358986,0.06315396052622371,0.09658111636630744
2014-03-11,1.2405002117156982,0.0,-0.008223307322150292,-100.0,37.285210164358986,0.06761345285292071,0.18415134218633264
2014-03-12,1.235457420349121,-0.004065127372773758,-0.009227727642721154,-100.0,35.77374576390827,0.07268594176346957,0.11810215762144459
2014-03-13,1.2556283473968506,0.016326687359269343,-0.008442950578366488,-92.85714285714286,45.321803754928325,0.07297979613944862,0.01649942155735372
2014-03-14,1.2455428838729858,-0.00803220438975738,-0.00855750292846341,-85.71428571428572,41.96272042807669,0.07472585208376023,-0.026313387982799738
2014-03-17,1.2505853176116943,0.0040483822789216806,-0.008140265711434364,-78.57142857142857,44.18990087688533,0.0748595370644589,-0.04254909391195465
2014-03-18,1.2455428838729858,-0.004032058962868956,-0.008101950494101631,-71.42857142857143,42.43614567092799,0.07576003461197175,-0.10149092581754064
2014-03-19,1.2455428838729858,0.0,-0.007953782157086758,-64.28571428571429,42.436145670927985,0.06306335305931986,0.017225906373026824
2014-03-20,1.2405002117156982,-0.004048573696320723,-0.008102822478874117,7.142857142857143,40.56878647980863,0.05082820621430507,-0.06403011647756658
2014-03-21,1.2757986783981323,0.028455026729591548,-0.005670645443155498,50.0,55.37259236729318,0.04234629450449789,0.4554021563958655
2014-03-24,1.2808419466018677,0.003953028239586764,-0.003546754111489374,57.142857142857146,57.01987224469606,0.04361882210839867,0.8109534324236912
2014-03-25,1.2808419466018677,0.0,-0.0018598112509186607,57.142857142857146,57.01987224469606,0.04361882210839867,1.125668924193691
2014-03-26,1.2808419466018677,0.0,-0.0005169379413441567,71.42857142857143,57.019872244696046,0.04631776558726407,1.144005928975758
2014-03-27,1.2909269332885742,0.007873716748161286,0.0011600308141412356,78.57142857142857,60.64774978541312,0.050299822318567236,0.9432560802205988
2014-03-28,1.3010122776031494,0.007812482685509714,0.003056847911369869,85.71428571428572,63.926949520658226,0.05813217348062125,0.5679088865865337
2014-03-31,1.3060550689697266,0.0038760520968084133,0.004805741113495779,85.71428571428572,65.47606414765544,0.06612408079499496,0.748822983529518
2014-04-01,1.3060550689697266,0.0,0.0061304374764285345,85.71428571428572,65.47606414765544,0.07249328494448874,0.8454828407393536
2014-04-02,1.3110979795455933,0.003861177599383092,0.00737796898081533,50.0,67.11398017476982,0.07865404895451265,1.1048938407995967
2014-04-03,1.3010122776031494,-0.007692561577998469,0.007735629550474934,50.0,60.891837606679076,0.08161874510401904,0.9729538572178309
2014-04-04,1.3110979795455933,0.007752195821721708,0.008435893450460653,50.0,64.4420055917876,0.08553903741995612,1.0204880198475805
2014-04-08,1.331268310546875,0.015384304846745689,0.010008287312676677,92.85714285714286,70.25709567056262,0.09097115384515908,1.2885933361484774
2014-04-09,1.326225757598877,-0.0037877811017124063,0.010965680886753574,100.0,67.29418307702848,0.09267803493725824,1.036978218814931
2014-04-10,1.346396565437317,0.015209181184174136,0.012582889245491636,92.85714285714286,72.32240566961757,0.09629270597157105,1.2491747500817953
2014-04-11,1.3514392375946045,0.0037453097302351246,0.01408128023198986,100.0,73.42248983133014,0.10264599982546907,1.4208957285255834
2014-04-14,1.346396565437317,-0.0037313347259791962,0.01488944899000057,100.0,70.40872915833697,0.10318935850553672,1.4277532518317513
2014-04-15,1.321183204650879,-0.018726548651175845,0.014081471398793101,92.85714285714286,57.66379581382874,0.09881567237101647,1.047503367414782
2014-04-16,1.326225757598877,0.0038166947098987603,0.013318975169762617,85.71428571428572,59.252406360499755,0.09208269168001157,0.7963495479035494
2014-04-17,1.326225757598877,0.0,0.012611742198737183,78.57142857142857,59.252406360499755,0.0830974822055129,0.6280537739858219
2014-04-18,1.326225757598877,0.0,0.011913918734842752,71.42857142857143,59.252406360499755,0.06871440343987105,0.5497175541974688
2014-04-21,1.3110979795455933,-0.011406638701296545,0.010440580432480848,64.28571428571429,51.948469526133536,0.06373129591834727,0.2930254445651606
2014-04-22,1.326225757598877,0.011538251365871721,0.009866165472445702,-42.85714285714286,57.57977019903705,0.05963559424900697,0.32656132956111716
2014-04-23,1.3161404132843018,-0.007604545649026351,0.008857724517973727,-42.85714285714286,53.11101692437619,0.054187906806272945,0.25998408298201364
2014-04-24,1.3110979795455933,-0.003831227798959169,0.007631071254982111,-42.85714285714286,50.980642647610544,0.0478729874004006,0.1571193013131244
2014-04-25,1.3161404132843018,0.0038459625576237055,0.006836870179313391,-42.85714285714286,53.01046093475254,0.043586618979451326,0.014950741698043236
2014-04-28,1.321183204650879,0.0038314995236665705,0.006440595356164984,-42.85714285714286,55.01658352524586,0.041303520164276526,0.0331434961712552
2014-04-29,1.3161404132843018,-0.003816875168277445,0.005794809702054626,-42.85714285714286,52.59827094673347,0.04002895423880355,0.03748797659042269
2014-04-30,1.3110979795455933,-0.003831227798959169,0.0049166925829807785,-42.85714285714286,50.22110780279241,0.039206761274762816,-0.17283172857361598
2014-05-05,1.3110979795455933,0.0,0.004155217372463839,-42.85714285714286,50.22110780279241,0.039206761274762816,-0.1675707044589257
2014-05-06,1.3060550689697266,-0.00384632625062431,0.0032168105391028484,-42.85714285714286,47.71963893004067,0.038048179925837526,-0.15165531068813054
2014-05-07,1.3110979795455933,0.003861177599383092,0.0027298363742391855,-35.714285714285715,50.381219307322944,0.038048179925837526,-0.1390352998147351
2014-05-08,1.3161404132843018,0.0038459625576237055,0.0026235987017646446,-28.571428571428573,52.959986079145416,0.03786309128061332,0.1493887094290186
2014-05-09,1.3161404132843018,0.0,0.002518659576802914,-7.142857142857143,52.959986079145416,0.0379696706550524,0.4386549581868073
2014-05-12,1.331268310546875,0.011494136271389843,0.003286871052188549,85.71428571428572,60.16364729126739,0.03464477368936609,0.760366847595549
2014-05-13,1.3363113403320312,0.0037881392843224226,0.004160141213168434,92.85714285714286,62.23961186504421,0.029626622531357966,1.0541506859126526
2014-05-14,1.3363113403320312,0.0,0.004806636560818389,100.0,62.23961186504421,0.02607358704087859,1.2396292405353853
2014-05-15,1.3363113403320312,0.0,0.005258373524808274,50.0,62.23961186504421,0.028281008585646184,1.1996595736401137
2014-05-16,1.3363113403320312,0.0,0.005552374011982122,57.142857142857146,62.23961186504421,0.029952306737956663,1.0813835510021292
2014-05-19,1.3363113403320312,0.0,0.005719441356497298,64.28571428571429,62.23961186504421,0.03145881420176731,0.9122550116569218
2014-05-20,1.3363113403320312,0.0,0.0057851557562569956,71.42857142857143,62.23961186504421,0.03282339565681001,0.7868697718571322
2014-05-21,1.3413537740707395,0.0037733974011291416,0.0060489005490516005,78.57142857142857,65.07814785688882,0.03424139710394545,0.8005186556270559
2014-05-22,1.346396565437317,0.0037594790159447555,0.006479186702012454,85.71428571428572,67.6936848392995,0.037389613321829634,0.8581812948750892
2014-05-23,1.3514392375946045,0.0037453097302351246,0.007032650358328745,85.71428571428572,70.10491057052462,0.040810317286579044,1.0234977853358094
2014-05-26,1.3564820289611816,0.003731422935116635,0.007674100940022737,100.0,72.32908533587553,0.043867199904574564,1.2312139637630188
2014-05-27,1.3514392375946045,-0.003717551179383438,0.00784228849196699,78.57142857142857,66.96378853187045,0.04538777066809642,0.9009883625406718
2014-05-28,1.3564820289611816,0.003731422935116635,0.008129581939675773,92.85714285714286,69.40765894899654,0.04795186265615663,0.6774287034005545
2014-05-29,1.3564820289611816,0.0,0.008284866128536475,100.0,69.40765894899654,0.04910510989072063,0.5287274394497177
2014-05-30,1.346396565437317,-0.00743501447755146,0.0077768273572310425,92.85714285714286,59.24247264394808,0.04700454263701884,0.10173529405171615
2014-06-03,1.3716099262237549,0.018726548651175845,0.00857482323251677,57.142857142857146,70.76848021527832,0.04916660497669893,0.3324762501854567
2014-06-04,1.3716099262237549,0.0,0.009214317505677267,64.28571428571429,70.76848021527832,0.048063762698550144,0.6073174671056153
2014-06-05,1.376652717590332,0.0036765491924228844,0.009867347502042784,71.42857142857143,72.56792824796834,0.0480228396674991,0.8510037258006297
2014-06-06,1.3615245819091797,-0.010989071889991542,0.009520982426082722,71.42857142857143,60.52986288071539,0.04462022318185033,0.6659888233272716
2014-06-09,1.3716099262237549,0.007407390544820869,0.009575189763751787,71.42857142857143,64.7303799680359,0.04160824152238375,0.7036004186544813
2014-06-10,1.3816953897476196,0.007353011472898574,0.010075866822383489,71.42857142857143,68.35699649719506,0.04399943375579585,1.0923782781316658
2014-06-11,1.3816953897476196,0.0,0.010408069607763316,100.0,68.35699649719506,0.046085379461165456,1.165858480826393
2014-06-12,1.3917804956436155,0.007299080514293399,0.011051330249221041,100.0,71.7283616872197,0.049730755052077025,1.408751312975203
2014-06-13,1.4119515419006348,0.014492979546815166,0.012463952453805665,100.0,77.00536399612143,0.05821625398772727,2.01277543952448
2014-06-16,1.4169942140579224,0.0035714201285546032,0.013788019238213168,71.42857142857143,78.1056011956131,0.06526107835115028,2.331724677692318
2014-06-17,1.4018659591674805,-0.010676299691526836,0.014000822963406339,71.42857142857143,67.64809482334871,0.06580537468721877,1.9058912580199083
2014-06-18,1.3917804956436155,-0.007194313734427471,0.01341401910856639,71.42857142857143,61.71565908100172,0.06332186854306367,1.5105147251676723
2014-06-19,1.3716099262237549,-0.014492636937359138,0.011735893952234847,71.42857142857143,51.91078447760421,0.0598888105329993,0.9594541189577344
2014-06-20,1.3867381811141968,0.011029560665321458,0.010892541122019029,71.42857142857143,57.37989327876206,0.05752795704073531,0.9799799482349667
2014-06-23,1.376652717590332,-0.007272795731175008,0.009698339203906866,64.28571428571429,53.04844399465376,0.05521297756614865,0.6027881619495661
2014-06-24,1.3867381811141968,0.007326076791188241,0.009107362632169875,35.714285714285715,56.5783602395208,0.05379574001230649,0.5087294888186878
2014-06-25,1.396823167800903,0.00727245187595793,0.009109709590078828,35.714285714285715,59.83054008087683,0.05184121485212933,0.7881357658689335
2014-06-26,1.396823167800903,0.0,0.009059251203335622,35.714285714285715,59.830540080876816,0.05017850691981419,1.018680178164066
2014-06-27,1.3783729076385498,-0.013208730058079321,0.007968038754414984,35.714285714285715,51.62634066070787,0.04721204892852082,0.6910447201344395
2014-06-30,1.383799433708191,0.003936907087747299,0.00721294835291839,28.571428571428573,53.63988799907913,0.04023192615768157,0.5028060224980063
2014-07-01,1.389225959777832,0.003921468630103009,0.0068495984988286565,-28.571428571428573,55.62890165569899,0.039201844012669435,0.3875944363081293
2014-07-02,1.4000791311264038,0.007812387374554586,0.007076862108862391,-28.571428571428573,59.382326956715545,0.03880839123173091,0.5491262310953805
2014-07-03,1.4055060148239136,0.0038761264109006266,0.007496020921015824,-28.571428571428573,61.151928936769586,0.03957344084839244,0.7050121203512356
2014-07-04,1.4055060148239136,0.0,0.007760405355303386,-28.571428571428573,61.151928936769586,0.03627442451099847,0.7062508319796629
2014-07-07,1.4000791311264038,-0.003861160066390479,0.007600440236729145,-21.42857142857143,58.210674762887884,0.03415940161746058,0.7719201346299511
2014-07-08,1.4000791311264038,0.0,0.007364929540438399,71.42857142857143,58.210674762887884,0.03360975698999425,1.0168731322515923
2014-07-09,1.389225959777832,-0.007751827098401276,0.006528711868074974,71.42857142857143,52.368578687134814,0.032813498305041384,0.8818155019671192
2014-07-10,1.3783729076385498,-0.007812301564691371,0.0051712709004185994,71.42857142857143,47.260641089333646,0.03425713081159864,0.7461591803273884
2014-07-11,1.383799433708191,0.003936907087747299,0.004305646001033584,-35.714285714285715,49.8923250587207,0.03249288868365405,0.6199625055150341
2014-07-14,1.389225959777832,0.003921468630103009,0.003891832759292404,-35.714285714285715,52.44770261374241,0.028049541385539035,0.5147131202089497
2014-07-15,1.3946526050567627,0.0039062365922089004,0.0038330813189831514,-35.714285714285715,54.92339265704085,0.027211451187810952,0.7003037926730119
2014-07-16,1.3946526050567627,0.0,0.0037552335323345473,-35.714285714285715,54.92339265704085,0.0273346009371253,0.9421972254600944
2014-07-17,1.3946526050567627,0.0,0.003651446992569098,-35.714285714285715,54.92339265704086,0.024425772571347752,1.1952953527740882
2014-07-18,1.3946526050567627,0.0,0.00352852082047275,-35.714285714285715,54.92339265704085,0.02427753755675305,1.4804242357234476
2014-07-21,1.3946526050567627,0.0,0.003392000077998752,-35.714285714285715,54.923392657040836,0.022102761293846567,1.7276047742350824
2014-07-22,1.3946526050567627,0.0,0.003246384110784078,-35.714285714285715,54.92339265704085,0.02174705283484111,2.0394006908881006
2014-07-23,1.389225959777832,-0.0038910372800040616,0.0027957840601699796,-35.714285714285715,50.79787533983473,0.021756901057612507,1.6619048842590673
2014-07-24,1.4055060148239136,0.011718795586489916,0.003297147771526894,64.28571428571429,60.40637255919697,0.023041967764667097,1.4299382280689064
2014-07-25,1.4163594245910645,0.007722065685012769,0.004260854271056396,71.42857142857143,65.27502298722226,0.02503838857272522,1.37196428771573
2014-07-28,1.4651992321014404,0.03448263672512164,0.0074799563181196654,78.57142857142857,78.24117608959477,0.04936777729773845,1.8014514619524375
2014-07-29,1.4760526418685913,0.00740746345572707,0.01054090602961371,85.71428571428572,80.02605956418282,0.06798847107267443,1.7063106677516846
2014-07-30,1.4543458223342896,-0.014705992807155122,0.011863388228482648,85.71428571428572,68.01000393885263,0.07470875215575015,1.1759609780157283
2014-07-31,1.470625877380371,0.011194074198907833,0.013384213598307458,85.71428571428572,71.47000725512463,0.08446897079782721,1.3087217245369598
2014-08-01,1.470625877380371,0.0,0.01452611030649899,35.714285714285715,71.47000725512464,0.09221874072887454,1.0679560864155233
2014-08-04,1.481479525566101,0.007380291855780152,0.015727883863479366,35.714285714285715,73.67178268149695,0.10068035461449132,1.4025240431039085
2014-08-05,1.4760526418685913,-0.003663151332068515,0.016341231078281025,35.714285714285715,70.73244496671639,0.10603117413812982,1.3969056164126679
2014-08-06,1.470625877380371,-0.0036765385828991803,0.016357096445884057,35.714285714285715,67.81856249030544,0.1078878468840225,1.373888562151027
2014-08-07,1.4543458223342896,-0.01107015407282319,0.015423528272777135,35.714285714285715,59.85263718093678,0.10470834957908871,1.1071389401677527
2014-08-08,1.459772706031799,0.0037314946790296677,0.014616006638334492,35.714285714285715,61.47701449679342,0.1019379311479756,1.127611486287171
2014-08-11,1.470625877380371,0.007434836467161254,0.014348108942653056,35.714285714285715,64.56485550028933,0.1002494261851935,1.2741038804537033
2014-08-12,1.4651992321014404,-0.003690024337527076,0.013815836358276837,28.571428571428573,61.89345397388265,0.0977254791952914,1.2172296609632467
2014-08-13,1.4651992321014404,0.0,0.01319973359228556,21.42857142857143,61.89345397388264,0.09415025237493847,1.2898815719549335
2014-08-14,1.459772706031799,-0.0037036096871675417,0.01231677957730486,14.285714285714286,59.059501332528896,0.08906722119503116,1.203059844384447
2014-08-15,1.4651992321014404,0.003717377402124855,0.011699252820455704,7.142857142857143,60.98339907098419,0.08304807136829488,1.261853225436004
2014-08-18,1.4651992321014404,0.0,0.011117850200022482,-7.142857142857143,60.98339907098419,0.07538278822156254,1.1682235561535013
2014-08-19,1.459772706031799,-0.0037036096871675417,0.010278258188068174,14.285714285714286,57.83156622615441,0.06536285226205332,0.8072820803758117
2014-08-20,1.4651992321014404,0.003717377402124855,0.009731314526531034,-28.571428571428573,60.05487614318984,0.049415392892921545,0.5862201421095511
2014-08-21,1.459772706031799,-0.0037036096871675417,0.008959461245196797,-28.571428571428573,56.82815964467755,0.03512855303954798,0.43919476749969727
2014-08-22,1.470625877380371,0.007434836467161254,0.008752308938550009,-21.42857142857143,61.30606473177872,0.01907350593135503,0.6261406143416656
2014-08-25,1.4651992321014404,-0.003690024337527076,0.008278258607366076,-14.285714285714286,58.063158181454114,0.01907350593135503,0.8934741684703438
2014-08-26,1.4543458223342896,-0.007407463455727181,0.007249910170135707,-100.0,52.12445068885734,0.019316251118891643,0.913871085978133
2014-08-27,1.4489195346832275,-0.0037310848408479425,0.006038094283611658,-21.42857142857143,49.40379913368216,0.02067831833954764,0.699865987780143
2014-08-28,1.4272127151489258,-0.014981383724008812,0.003861335286741497,-35.714285714285715,40.33428773202269,0.030221313843311767,0.28094863184089136
2014-08-29,1.4543458223342896,0.019011256624442696,0.0034901583319714114,-42.85714285714286,52.15728041555343,0.030210809422278308,0.23306619201566214
2014-09-01,1.4434928894042969,-0.007462415584605031,0.0026404288892092442,-42.85714285714286,48.05545164685859,0.029538337255635337,0.09341029783624853
2014-09-02,1.459772706031799,0.011278071923319644,0.002792221413453041,-42.85714285714286,53.910753268805855,0.027789422846325247,0.3447253858714235
2014-09-03,1.470625877380371,0.007434836467161254,0.003469693644801969,-42.85714285714286,57.36142622967175,0.027789422846325247,0.7577098967299835
2014-09-04,1.4760526418685913,0.00369010539776915,0.004255743998538439,28.571428571428573,59.01380933062449,0.029316956311090034,1.2109447186710192
2014-09-05,1.4869060516357422,0.00735299640357745,0.005380095282083061,35.714285714285715,62.17128205179545,0.03329796734475486,1.4521010265898135
2014-09-09,1.481479525566101,-0.0036495419893350922,0.0059546236881317036,42.85714285714286,59.69510798763948,0.03496471140740653,1.4176901488747546
2014-09-10,1.470625877380371,-0.007326222197760468,0.005779366962668741,42.85714285714286,54.978570201136975,0.03527969861345387,1.1823406104174634
2014-09-11,1.4651992321014404,-0.003690024337527076,0.005266838375456068,42.85714285714286,52.73507808935084,0.03527969861345387,0.8506038374438334
2014-09-12,1.4760526418685913,0.00740746345572707,0.0053398474387652385,42.85714285714286,56.55367325913464,0.0361155990278727,0.8406958452007595
2014-09-15,1.470625877380371,-0.0036765385828991803,0.005091972715460373,42.85714285714286,54.19595968956203,0.036359315170321135,0.777988278304342
2014-09-16,1.4760526418685913,0.00369010539776915,0.00509985101092554,42.85714285714286,56.1640513348101,0.03709408515407765,0.5016708395125213
2014-09-17,1.4651992321014404,-0.007352996403577561,0.004509164882094486,42.85714285714286,51.40664045832639,0.03699081597163982,0.34936628846372103
2014-09-18,1.4760526418685913,0.00740746345572707,0.0045227990736528825,42.85714285714286,55.46883719140456,0.03762459532554263,0.5983616926262353
2014-09-19,1.4760526418685913,0.0,0.004507916086482649,42.85714285714286,55.46883719140456,0.03801698505252367,0.9827643166811287
2014-09-22,1.4489195346832275,-0.01838220834117066,0.0030342730118440536,28.571428571428573,44.64744102517318,0.039182754972378164,0.6571871425948944
2014-09-23,1.4543458223342896,0.00374505796986746,0.0020699907138055935,28.571428571428573,46.87939489144148,0.0396710808645306,0.5561229770546591
2014-09-24,1.4651992321014404,0.007462743455150633,0.001881059777995748,-71.42857142857143,51.124485132460364,0.039182754972378164,0.6754847135803826
2014-09-25,1.4651992321014404,0.0,0.001723613718725107,-71.42857142857143,51.12448513246035,0.0379012187071405,0.5252318639963421
2014-09-26,1.459772706031799,-0.0037036096871675417,0.0012899490428637617,-71.42857142857143,48.86033403749941,0.02969279510164274,0.4209074812505824
2014-09-29,1.4543458223342896,-0.0037176223908595984,0.000636265941606775,-71.42857142857143,46.635945989483766,0.02969279510164274,0.15445978499908938
2014-09-30,1.4651992321014404,0.007462743455150633,0.0007031699450009339,-35.714285714285715,51.40113984853182,0.025809843731963864,0.42235573655630665
2014-10-08,1.459772706031799,-0.0037036096871675417,0.0004575167074790515,-35.714285714285715,49.043105648990014,0.025809843731963864,0.4838072953300004
2014-10-09,1.4651992321014404,0.003717377402124855,0.0005522814023893593,-35.714285714285715,51.442061596323455,0.0258252062047634,0.7574394321052028
2014-10-10,1.459772706031799,-0.0037036096871675417,0.00032732866198798195,-35.714285714285715,48.9598212599213,0.025744038693715606,0.9069765258966006
2014-10-13,1.4489195346832275,-0.007434836467161032,-0.000450698345826057,-35.714285714285715,44.35043794423606,0.024789899139884768,0.8794113341002602
2014-10-14,1.4434928894042969,-0.0037453047936972794,-0.0013609162771735376,-21.42857142857143,42.21058545843889,0.025810654097519342,0.5294938174877514
2014-10-15,1.4489195346832275,0.0037593848357440063,-0.0017507378413234194,-100.0,45.065016806543284,0.026751825713175838,0.4246341506984923
2014-10-16,1.4489195346832275,0.0,-0.0020401955806297082,-85.71428571428572,45.06501680654328,0.0278274866401075,0.10172580932107138
2014-10-17,1.4489195346832275,0.0,-0.0022437286176290403,-85.71428571428572,45.06501680654328,0.027200915334255123,-0.03339225137746553
2014-10-20,1.4543458223342896,0.00374505796986746,-0.002071114758403477,-64.28571428571429,48.25691516100862,0.02656813961157241,0.16656686997593506
2014-10-21,1.4489195346832275,-0.0037310848408479425,-0.002224769634532915,-64.28571428571429,45.41516658045859,0.025036310859399516,0.23523816087934324
2014-10-22,1.4543458223342896,0.00374505796986746,-0.002007454924006903,-64.28571428571429,48.67037549592413,0.024688793434587145,0.5075768269547499
2014-10-23,1.4489195346832275,-0.0037310848408479425,-0.002126390752708817,7.142857142857143,45.73324286681286,0.02216310088280755,0.5693712313769327
2014-10-24,1.4434928894042969,-0.0037453047936972794,-0.0024975764604871307,7.142857142857143,42.942260645663985,0.019459998447038846,0.2414117378680175
2014-10-27,1.4163594245910645,-0.018797089346543228,-0.004334627307886744,-50.0,32.32114175584762,0.029921323250378495,-0.057082606274618176
2014-10-28,1.432639241218567,0.0114941280757197,-0.004715912287783868,-50.0,41.646790470964945,0.03224486719454595,0.08268535389474346
2014-10-29,1.459772706031799,0.01893949574503706,-0.0034238005771795544,-50.0,53.21728411836561,0.03154085759132072,0.47295562115671724
2014-10-30,1.470625877380371,0.007434836467161254,-0.0018343909071882308,21.42857142857143,56.898689975737895,0.03258975395578054,0.7752447513008378
2014-10-31,1.5194661617279053,0.03321054327871176,0.0019950003766638505,28.571428571428573,68.79790338124886,0.052010070454994846,1.1593332893266544
2014-11-03,1.5086126327514648,-0.007142988274314699,0.004387835869710553,28.571428571428573,64.53412448911824,0.06113673628145714,0.9220930481658424
2014-11-04,1.514039158821106,0.003597030776379073,0.006465003454101539,28.571428571428573,65.67939993953848,0.069745863218403,1.0008886834848683
2014-11-05,1.497759222984314,-0.010752651767255594,0.007251269097908989,28.571428571428573,59.47436076626632,0.07324720313251601,0.7576247415755973
2014-11-06,1.4923325777053833,-0.0036231760056318896,0.007467625834469086,28.571428571428573,57.52350952394097,0.07541983837385696,0.5259383190961247
2014-11-07,1.5031858682632446,0.007272702291703181,0.008052967883081172,28.571428571428573,60.326427325791734,0.07895043779622123,0.36539960764164886
2014-11-10,1.5520256757736206,0.03249086393208622,0.010706055492777186,71.42857142857143,69.93938103116653,0.09319021998582586,0.4691297883607907
2014-11-11,1.7093993425369265,0.10139888097203142,0.019021285527844368,78.57142857142857,83.66990403607369,0.16658306434984177,3.2371731087162017
2014-11-12,1.6714125871658323,-0.022222282661416015,0.024871508637933117,78.57142857142857,74.78983109213404,0.1965785722668975,5.3015417191497045
2014-11-13,1.6822657585144043,0.00649341247751134,0.029161516990361916,78.57142857142857,75.58704835856832,0.22076691293915804,5.0006944302424925
2014-11-14,1.6768392324447632,-0.003225724617038628,0.03216244988066342,78.57142857142857,74.32153845202217,0.23672858111268674,4.983002683847215
2014-11-17,1.6388522386550903,-0.02265392713545311,0.03301389012391041,71.42857142857143,65.99223447989586,0.24170733618930174,3.9687030970819985
2014-11-18,1.590012550354004,-0.02980115421581042,0.03127541299566248,64.28571428571429,57.12756804838733,0.23836798281477445,2.7899040464893696
2014-11-19,1.584586262702942,-0.003412732591232648,0.02858776362240744,57.142857142857146,56.22390774699666,0.23402511628017553,2.144780931017332
2014-11-20,1.584586262702942,0.0,0.026072358589363135,50.0,56.22390774699667,0.22763272692824948,1.7341167378198519
2014-11-21,1.6008657217025757,0.010273633807644345,0.024373622231019843,14.285714285714286,58.507584886092104,0.21967564038904103,1.6794862103800818
2014-11-24,1.5954391956329346,-0.0033897446838138112,0.022779477031892013,14.285714285714286,57.43206424799588,0.20346858353774916,1.6389223688422898
2014-11-25,1.6117193698883057,0.010204195998151144,0.02179754004298988,14.285714285714286,59.81852497107399,0.18852648857037324,1.8657062198397745
2014-11-26,1.655132532119751,0.02693593130574201,0.02250269190459724,14.285714285714286,65.39055436768804,0.18036791147074813,2.011576705746926
2014-11-27,1.6714125871658323,0.009836103593004353,0.02379723665454513,14.285714285714286,67.22597830634027,0.17313850190513363,1.6974515384056184
2014-11-28,1.807079195976257,0.08116883278979659,0.02884565082874691,100.0,77.79433258268877,0.20169073382542105,2.4494238820075176
2014-12-01,1.8342124223709104,0.015014962518006714,0.03455097063723214,42.85714285714286,79.23642443124587,0.22563904363179602,2.1974598684825284
2014-12-02,1.9318926334381104,0.05325457939104905,0.04102498401181884,50.0,83.41274207600861,0.2675709977208893,2.5916910547453766
2014-12-03,1.850492477416992,-0.04213492748624126,0.045556738267225005,50.0,70.65838881000369,0.2726225191273637,1.533340407619505
2014-12-04,1.9156123399734497,0.03519055783861136,0.048282355907181204,50.0,74.0737641079041,0.28270745441313205,2.113595594786909
2014-12-05,2.002439260482788,0.04532593505350979,0.05232499415019392,71.42857142857143,77.78652209917226,0.30528896371876657,2.4697162696801795
2014-12-08,1.986159086227417,-0.008130171324870039,0.05634579370473422,71.42857142857143,75.60041865667374,0.3200998732111249,2.543268645384018
2014-12-09,1.807079195976257,-0.0901639206511452,0.05641156888941749,71.42857142857143,56.71793171070576,0.3212884823708588,1.4447933656567657
2014-12-10,1.8396391868591309,0.018018020989546857,0.05194680665385337,71.42857142857143,58.73596720682252,0.32200377930373636,1.2864615237353547
2014-12-11,1.8125056028366089,-0.014749405327056486,0.04817296871696989,71.42857142857143,56.37695607603762,0.32089175168611483,1.0872548453627975
2014-12-12,1.8125056028366089,0.0,0.04405800495470472,64.28571428571429,56.37695607603762,0.318710725395533,0.8552530611326363
2014-12-15,1.785372614860535,-0.014969878125402958,0.03973255821259536,57.142857142857146,53.86787035976586,0.31161805654510444,0.8113854669577306
2014-12-16,1.8450660705566408,0.03343473244702411,0.036802954968594544,50.0,58.26828764522901,0.2981513176132873,1.0635113018085076
2014-12-17,1.9210392236709597,0.041176386215480365,0.03686227860366004,42.85714285714286,63.093449904567954,0.2860608803719316,1.2162331592145954
2014-12-18,1.8776260614395144,-0.02259879012177901,0.03665460584144255,35.714285714285715,58.90238352476832,0.26553699168336686,0.9937005329398364
2014-12-19,1.9210392236709597,0.023121303609389576,0.036409033617547756,-21.42857142857143,61.646071984846515,0.24653056533250792,1.0629601797615469
2014-12-22,2.1109724044799805,0.0988700170557022,0.040348516320822383,57.142857142857146,70.8234111273985,0.2509711906237596,1.9621225589516424
2014-12-23,2.018718957901001,-0.04370187236138001,0.04397747147855121,57.142857142857146,62.945064940384654,0.2307890663655537,1.4660686482912995
2014-12-24,1.9373191595077517,-0.04032250159174522,0.04340859468024058,57.142857142857146,56.92768848432072,0.20531367491125668,0.9444862199231895
2014-12-25,2.018718957901001,0.042016720886574044,0.04258307080742254,57.142857142857146,60.94811544493594,0.18441393620171112,1.0141248670867444
2014-12-26,2.0729851722717285,0.026881510255965413,0.043789629737461574,57.142857142857146,63.400772339520614,0.1928856547292684,1.2665484537334146
2014-12-29,2.0892655849456787,0.007853607875115243,0.045379384267992165,92.85714285714286,64.12865771887807,0.202826487721989,1.04079374991473
2014-12-30,2.138106107711792,0.023376885695163052,0.0471380004773827,92.85714285714286,66.29433412241815,0.2228523151758057,1.0004457839932983
2014-12-31,2.252065896987915,0.05329940776329534,0.050358521806392935,85.71428571428572,70.73413345520525,0.25676117837454304,1.0423536104197044
2015-01-05,2.398585557937622,0.0650601126484236,0.05574017366443068,92.85714285714286,75.2484480059592,0.31790763396193833,1.1769671137753206
2015-01-06,2.4745588302612305,0.031674197350263666,0.062285353136890945,100.0,77.21135009230548,0.3802220181532244,1.1978403745438981
2015-01-07,2.463705539703369,-0.004385949699452274,0.06799265239531466,92.85714285714286,76.28067940821813,0.4237680600461063,1.0913098021650924
2015-01-08,2.349745988845825,-0.04625534546277987,0.07107193688766854,85.71428571428572,67.13088672835026,0.4266798825550631,0.6907949067802458
2015-01-09,2.425718307495117,0.032332141010105175,0.07039419909085765,92.85714285714286,69.73702611556037,0.43603898256869644,0.4170729025184043
2015-01-12,2.3877320289611816,-0.015659806176406943,0.07066230649197412,92.85714285714286,66.88159098695216,0.4299796598214446,0.2855007549251314
2015-01-13,2.4094386100769043,0.009090878227724142,0.06928501821079806,71.42857142857143,67.69558299895017,0.41932063129617914,0.3777018585416839
2015-01-14,2.4908387660980225,0.03378386802663558,0.06830261321703511,71.42857142857143,70.61254731126296,0.4054467918013641,0.48873006858151485
2015-01-15,2.6427855491638184,0.061002255599155175,0.0691749566533519,100.0,75.12738033436824,0.41216672121368736,0.7671114902094408
2015-01-16,2.7024788856506348,0.022587279738117028,0.07231527880953055,100.0,76.64537969439606,0.4263068982865951,0.8786550948632675
2015-01-19,2.431145668029785,-0.10040160500847906,0.07463265371729433,92.85714285714286,59.01460615900205,0.39659097021175616,0.44842262124886884
2015-01-20,2.414865493774414,-0.0066965029983434565,0.06920361863821131,85.71428571428572,58.15027939694435,0.3667993140916714,0.2624385032375729
2015-01-21,2.6536386013031006,0.09887635901223057,0.06520735888976817,78.57142857142857,66.01255128535443,0.3748691959784172,0.6325483238534811
2015-01-22,2.6265056133270264,-0.010224824119889675,0.06607183123298348,71.42857142857143,64.5289841043674,0.3626816185438196,0.8211543109616647
2015-01-23,2.6265056133270264,0.0,0.06546840295481872,64.28571428571429,64.52898410436738,0.3284482999653366,0.6298588093893005
2015-01-26,2.5939455032348637,-0.01239674110230371,0.06405470866523995,35.714285714285715,62.571864336307236,0.29663486588808774,0.6427629304201946
2015-01-27,2.512545108795166,-0.031380919274589525,0.06098370217042115,35.714285714285715,57.848212824239,0.26240308302965043,0.5499633421042035
2015-01-28,2.469132423400879,-0.01727837054241177,0.05584333938316116,35.714285714285715,55.44423755484149,0.2224149998258358,0.3950820533548218
2015-01-29,2.3877320289611816,-0.03296720486444371,0.04933614813110872,35.714285714285715,51.151877269530885,0.18701940047397564,0.1327560172746681
2015-01-30,2.3877320289611816,0.0,0.042184135833597806,28.571428571428573,51.151877269530885,0.169926421978774,-0.008224391747003219
2015-02-02,2.2412123680114746,-0.06136352788861843,0.03324490491048859,-78.57142857142857,44.035182842656745,0.18956922251911099,-0.26210019143306074
2015-02-03,2.3226122856140137,0.03631959146948738,0.02566679068612168,-85.71428571428572,48.335694060403355,0.19853191007384038,-0.13126682028512396
2015-02-04,2.2412123680114746,-0.03504670930517351,0.018191679111722123,-85.71428571428572,44.64143124132175,0.21618761382134818,-0.252007190059289
2015-02-05,2.2412123680114746,0.0,0.011397435746419242,-85.71428571428572,44.64143124132175,0.22749392537724325,-0.5756702215424457
2015-02-06,2.1760921478271484,-0.02905580083073711,0.0037351102528896695,-71.42857142857143,41.68542513552972,0.25000044653163167,-0.7364609583872193
2015-02-09,2.186945676803589,0.004987623794919571,-0.002169230591200096,-78.57142857142857,42.37036567856071,0.26725839812454893,-0.6501883376575142
2015-02-10,2.2249319553375244,0.017369557432014293,-0.005278602189802989,-78.57142857142857,44.81350931035061,0.27889563888731495,-0.38524239940615906
2015-02-11,2.2086520195007324,-0.007317048864230236,-0.00832821494167821,-78.57142857142857,43.95349209421214,0.29028038221386143,-0.25908172467869356
2015-02-12,2.2032253742218018,-0.002456994234953047,-0.010814691568194392,-78.57142857142857,43.65276443683968,0.2888501802105909,-0.15442151654950326
2015-02-13,2.2303590774536133,0.012315446049814716,-0.011499420936879085,-71.42857142857143,45.65494098648779,0.2712620728059353,-0.11502074881617567
2015-02-16,2.219505786895752,-0.004866162882728453,-0.012456722560301876,-64.28571428571429,44.96667302288599,0.2767350573998758,-0.04018465160036146
2015-02-17,2.2249319553375244,0.0024447642686085125,-0.012794428789156684,-57.142857142857146,45.40977246036239,0.2811821360370923,-0.054295056215973345
2015-02-25,2.1977994441986084,-0.012194759967299795,-0.01408153183729167,-50.0,43.52276627620221,0.2621717422951813,-0.11116849314928269
2015-02-26,2.246638774871826,0.02222192329793149,-0.012749709590069928,-42.85714285714286,47.73308758558815,0.23701580993446125,0.13352686842653474
2015-02-27,2.2303590774536133,-0.007246246081167085,-0.012469200947010196,-14.285714285714286,46.48899335972818,0.20312632618302126,0.15129884629814636
2015-03-02,2.2303590774536133,0.0,-0.012034418330758377,-14.285714285714286,46.48899335972817,0.163694337114926,0.22850524612255893
2015-03-03,2.154386043548584,-0.034063140179099394,-0.014777280421526118,-14.285714285714286,40.74179236105066,0.13762383503158374,-0.025653912900711673
2015-03-04,2.121825218200684,-0.015113737598423937,-0.01790156203092969,-14.285714285714286,38.54257771633955,0.11551678247415284,-0.27805357240726725
2015-03-05,2.0621323585510254,-0.02813278828888577,-0.022854870224281447,-64.28571428571429,34.83064057828708,0.11673477876145644,-0.4352197922522379
2015-03-06,2.0784122943878174,0.00789470945901427,-0.02524017507972882,-64.28571428571429,36.62332680493001,0.10701172636016398,-0.45304223297485086
2015-03-09,2.186945676803589,0.05221937086728956,-0.021664660821864832,-64.28571428571429,47.07562718530382,0.10602426843912088,-0.07663647660685671
2015-03-10,2.1326792240142822,-0.024813809215701088,-0.022126322518483846,-64.28571428571429,43.23606760808052,0.09617608107414849,-0.09622451352214068
2015-03-11,2.1760921478271484,0.020356049481811578,-0.019777534419405263,-64.28571428571429,46.96287986799801,0.09398919682216299,-0.1267507167840494
2015-03-12,2.268345355987549,0.04239398053640153,-0.014079048963771983,35.714285714285715,53.89075675195488,0.09713103482398297,-0.04134159575334818
2015-03-13,2.252065896987915,-0.007176799139805734,-0.010733708319243956,42.85714285714286,52.58540186952981,0.10006396534458768,-0.2406372305645548
2015-03-16,2.268345355987549,0.00722867790920656,-0.007281375475009941,42.85714285714286,53.79079171037302,0.10434616870114784,-0.018828802232508917
2015-03-17,2.28462553024292,0.007177114460281686,-0.003953026996570625,42.85714285714286,55.02224237326473,0.10950877429368272,0.23552683605039088
2015-03-18,2.349745988845825,0.028503777858063684,0.0009070027093585722,64.28571428571429,59.65386829307134,0.12441019794580345,0.7570874329691784
2015-03-19,2.317185401916504,-0.013857066714396127,0.0035625084379820493,71.42857142857143,56.51988687182148,0.13158628410048556,0.7632921944537174
2015-03-20,2.3768789768218994,0.02576124243490563,0.007455416182179194,78.57142857142857,60.605979097308584,0.1463073949886983,0.8669761927327065
2015-03-23,2.404012441635132,0.0114155853444049,0.011272513182025632,85.71428571428572,62.3384961062755,0.16270340305553094,0.878689685474327
2015-03-24,2.4094386100769043,0.0022571299331886063,0.014348252045572754,92.85714285714286,62.69186106552126,0.17672233185035832,0.7331814099103505
2015-03-25,2.333465814590454,-0.03153132649601942,0.014558112724577564,92.85714285714286,54.921867827002046,0.17919908412888774,0.3328667322194161
2015-03-26,2.3388924598693848,0.0023255730788938056,0.014342789532890544,85.71428571428572,55.3475765251733,0.18256778757161032,0.1847796865798849
2015-03-27,2.3443191051483154,0.0023201773369407874,0.014189265969339115,78.57142857142857,55.79713041380416,0.18558744121301765,0.06485489603070259
2015-03-30,2.4202921390533447,0.03240729205259907,0.015999976135648516,71.42857142857143,61.6225307348822,0.19511915717447448,0.43040071241566336
2015-03-31,2.3768789768218994,-0.01793715788723982,0.016449420489976708,100.0,56.999832682524655,0.1934670938753278,0.1505915977001806
2015-04-01,2.3931586742401123,0.006849190714783626,0.016816327613151758,92.85714285714286,58.264203020498165,0.18698434305602374,0.12194067862618008
2015-04-02,2.366025924682617,-0.011337630826384948,0.016279971313178352,78.57142857142857,55.343400756933335,0.164232490662738,-0.010227591023188357
2015-04-03,2.3714520931243896,0.0022933681263448413,0.015670143367093953,78.57142857142857,55.820387595831434,0.13822727178469227,0.1932364042966703
2015-04-07,2.425718307495117,0.022883116436576145,0.016491033257024994,71.42857142857143,60.37838300030535,0.13278829915244766,0.45849259183095303
2015-04-08,2.4582788944244385,0.013423070118535163,0.0180494114338503,64.28571428571429,62.85468393544814,0.11536009433481685,0.9333506891835658
2015-04-09,2.436572313308716,-0.008829991245075886,0.01869650823341272,92.85714285714286,60.155512071245134,0.09822570735589055,0.6536934030393138
2015-04-10,2.4745588302612305,0.015590145527399235,0.01979942987400118,92.85714285714286,63.138735955168414,0.0997346797005343,0.7918798068795789
2015-04-13,2.539678812026977,0.026315794544626847,0.022178394220494457,78.57142857142857,67.61513838363979,0.10645047263218982,0.9891997490075605
2015-04-14,2.512545108795166,-0.010683911328990048,0.02358698663928332,78.57142857142857,64.12101092353294,0.1058644765993166,0.9315962698495434
2015-04-15,2.555958747863769,0.01727875010746427,0.02517746286408381,92.85714285714286,67.05455106887108,0.11107941702406711,0.8371641538919855
2015-04-16,2.604799032211304,0.019108400864589425,0.027450310041931925,100.0,70.0239149783369,0.12815755914491833,1.0467464898326915
2015-04-17,2.6753454208374023,0.027083236654233955,0.030619286963187692,100.0,73.70981033394263,0.14956367416674612,1.107220733208403
2015-04-20,2.572238683700561,-0.038539598039855405,0.03145828214292409,64.28571428571429,61.757433681264,0.1539097707824708,0.5609152159349835
2015-04-21,2.5939455032348637,0.008438882313624996,0.031205360067979585,64.28571428571429,63.11352810506873,0.1602881094124873,0.6591874628624149
2015-04-22,2.6373586654663086,0.016736343218199945,0.031663006014722064,64.28571428571429,65.7308444280343,0.169970111852007,1.007294019858713
2015-04-23,2.604799032211304,-0.012345546201713797,0.03146681915846857,64.28571428571429,62.167985265068936,0.16711314206240394,0.9900562259838279
2015-04-24,2.528825044631958,-0.029166928672746506,0.029168477002242964,64.28571428571429,54.71536723916134,0.1580458972395319,0.8756487033081312
2015-04-27,2.6102256774902344,0.032189112106062456,0.0279624147336208,50.0,60.218063406055265,0.15195426052723798,1.0462952837271322
2015-04-28,2.74589204788208,0.05197495816618081,0.029998485578952978,100.0,67.34096763167558,0.16814535257394722,1.0003609181770448
2015-04-29,2.697051763534546,-0.017786673145146037,0.03147519684962118,85.71428571428572,62.9698310843955,0.16820995271708397,1.0697617615006372
2015-04-30,2.6265056133270264,-0.026156765384090064,0.030560648868203207,85.71428571428572,57.19483552482897,0.16112017117016808,0.7849992893187693
2015-05-04,2.621078968048096,-0.002066108388040444,0.028728038394414297,78.57142857142857,56.76358292574296,0.1472656604119143,0.7127913716478305
2015-05-05,2.4908387660980225,-0.04968953760560024,0.024151514919298796,-28.571428571428573,47.50557052057959,0.13282063845572523,0.41837654202133157
2015-05-06,2.447425842285156,-0.017429038123119578,0.01803784352663559,-35.714285714285715,44.878081560136195,0.130075621852904,0.172396707515331
2015-05-07,2.404012441635132,-0.01773839268179378,0.011495611330048554,-42.85714285714286,42.35522363148847,0.13706451902244887,-0.04068104668539689
2015-05-08,2.436572313308716,0.013543969702352276,0.006969749506661888,-42.85714285714286,44.85889618409462,0.13706451902244887,-0.016200810564892674
2015-05-11,2.4745588302612305,0.015590145527399235,0.0046361531921266215,-42.85714285714286,47.712208689088804,0.13706451902244887,0.1978513009794379
2015-05-12,2.485412120819092,0.004385949699452274,0.003174780407884526,-42.85714285714286,48.531673985685266,0.13983067032574156,0.361310341513384
2015-05-13,2.4745588302612305,-0.004366797146818646,0.0016684492535271862,-42.85714285714286,47.72616299085835,0.14228456917203697,0.30889022468948285
2015-05-14,2.469132423400879,-0.0021928785018130448,0.0002840445504062302,-42.85714285714286,47.30342199403189,0.14617165117669537,0.22047948004316964
2015-05-15,2.4094386100769043,-0.02417602748165082,-0.002803051432924922,-42.85714285714286,42.811053099421414,0.1543965289518604,0.06670979904114852
2015-05-18,2.349745988845825,-0.024774493519539753,-0.007353785429992402,-92.85714285714286,38.838901621521835,0.16292665412333412,-0.08311553288925894
2015-05-19,2.4202921390533447,0.03002288355524385,-0.008140201311102123,-100.0,45.29851279136848,0.1673226861025359,-0.01839864135035625
2015-05-20,2.4094386100769043,-0.004484387979992177,-0.009230631295705173,-92.85714285714286,44.5194662846104,0.17069852250268128,-0.06143077619565206
2015-05-21,2.4094386100769043,0.0,-0.009951035712495193,-85.71428571428572,44.519466284610395,0.1694409730592414,0.009007048264305685
2015-05-22,2.479985475540161,0.029279378676929646,-0.007836916046888335,-78.57142857142857,50.88675040965194,0.16608186146516102,0.2832480383603305
2015-05-25,2.534252405166626,0.021881954616949972,-0.004469651201498832,-71.42857142857143,55.150694785879125,0.1661971722495594,0.5819694584155316
2015-05-26,2.539678812026977,0.002141225889452869,-0.0017374930630471275,35.714285714285715,55.56611623954778,0.16219194346237154,0.7391771432079882
2015-05-27,2.523398876190185,-0.006410234144450189,-9.657185143559532e-05,35.714285714285715,53.95152733193485,0.135074927053738,0.7115370844370865
2015-05-28,2.3768789768218994,-0.058064502108957416,-0.003644615732651354,35.714285714285715,42.095989728065256,0.1159973690309662,0.35008342455022773
2015-05-29,2.349745988845825,-0.011415384729580702,-0.007373018861437871,-21.42857142857143,40.3286622930278,0.10818550590699448,0.17987885379015478
2015-06-01,2.4419991970062256,0.039260928031507936,-0.006779058733648288,-21.42857142857143,48.27941525579369,0.08902340835067168,0.2802450425651712
2015-06-02,2.431145668029785,-0.004444526021853856,-0.006839625300118089,-21.42857142857143,47.47790658871091,0.08767132738257714,0.33014746013968443
2015-06-03,2.431145668029785,0.0,-0.006785422012357732,-21.42857142857143,47.47790658871091,0.08779167390233966,0.34232122462881365
2015-06-04,2.555958747863769,0.05133920253126312,-0.0024446851563093438,28.571428571428573,56.998936232714414,0.09498530489206826,0.7531368822643193
2015-06-05,2.550532102584839,-0.002123134922840886,0.0005562484164745826,35.714285714285715,56.51920942747668,0.1010284432522158,0.7548834104050361
2015-06-08,2.8055858612060547,0.10000021499934508,0.009893060353220358,42.85714285714286,69.50861682231557,0.15911257457343755,1.6203639052029515
2015-06-09,2.8707051277160645,0.023210576945956074,0.01855596521967152,50.0,71.82306820513053,0.21069605345120648,1.7194673326568468
2015-06-10,2.7947323322296143,-0.026464855185908354,0.023826920459512103,50.0,65.5697864625168,0.23414647562802313,1.6956012557994489
2015-06-11,2.718758583068848,-0.027184624546907843,0.025823266996837648,50.0,59.9487747669439,0.24354985991679803,1.2809708099172878
2015-06-12,2.767598867416382,0.01796418580586301,0.027510256384237885,50.0,62.192589332232274,0.2525245045828457,1.3815161046264457
2015-06-15,2.691625595092773,-0.027450969581632956,0.027438903933742903,50.0,56.8565503338856,0.24646952690535526,1.063594927413606
2015-06-16,2.621078968048096,-0.02620967313332645,0.02502709063282586,50.0,52.36380636967374,0.24154753441011495,0.6140133780317684
2015-06-17,2.6861979961395264,0.02484435947381014,0.023667551966800704,50.0,55.833124898287366,0.2368628445336043,0.1478387412852727
2015-06-18,2.566812038421631,-0.0444442136765314,0.020158535148242628,50.0,48.81402018949832,0.2284623387500245,-0.28901251902494124
2015-06-19,2.4582788944244385,-0.04228324566528485,0.013515580430279325,42.85714285714286,43.46446202463643,0.22988629684062678,-0.6385730381418527
2015-06-23,2.5613853931427,0.041942555400086956,0.010370546464755992,28.571428571428573,49.16415807959872,0.2292193766244349,-0.47015326336135765
2015-06-24,2.604799032211304,0.016949280332756667,0.009407196646510818,28.571428571428573,51.38650496382839,0.2283692744797208,-0.11016737493334008
2015-06-25,2.572238683700561,-0.012500138439893949,0.007780748131660709,21.42857142857143,49.63396342223541,0.22703521917583067,-0.1694091563520285
2015-06-26,2.4582788944244385,-0.0443037382177045,0.00291964954328816,-85.71428571428572,43.980360510679084,0.21899600514718717,-0.22138492363959628
2015-06-29,2.4745588302612305,0.006622493433806831,-0.0006720321551530916,-92.85714285714286,44.94513930349775,0.20540764524548083,-0.08017706411875436
2015-06-30,2.6536386013031006,0.07236836273678948,0.0021537884809755456,-92.85714285714286,54.274010130178894,0.19709262671201427,0.3391569171833838
2015-07-01,2.577665328979492,-0.028629848950154968,0.002083460422760785,-85.71428571428572,50.374224201228344,0.18647341040934953,0.2911003018009238
2015-07-02,2.718758583068848,0.0547368397685728,0.005993299154045651,-78.57142857142857,56.60972525732356,0.1756741263580772,0.5504010401498508
2015-07-03,2.515697956085205,-0.07468873045521929,0.00336632703320813,-71.42857142857143,47.382232309323456,0.17839475574047212,0.3863157351796473
2015-07-06,2.7638838291168213,0.09865487724044186,0.007974008170763113,35.714285714285715,56.677152881447704,0.1801892908959015,0.9422487316347813
2015-07-07,3.0402719974517822,0.0999999223640593,0.01791561579755257,42.85714285714286,64.25082300985763,0.2161305274073106,1.7321890008740122
2015-07-08,3.153082847595215,0.03710551234823245,0.027989814444751265,50.0,66.80187363251667,0.26141486364358585,2.5837384140600475
2015-07-09,3.158723831176758,0.0017890375401474756,0.03614398067500877,57.142857142857146,66.92895724875595,0.3023326341893301,2.736258177345349
2015-07-10,3.1192400455474854,-0.012499916972660174,0.04168373645893572,57.142857142857146,65.05187021155858,0.33068204009129676,2.45630565834904
2015-07-13,2.938740968704224,-0.05786636302676096,0.04306650188694319,57.142857142857146,57.15962443267253,0.33746537850654346,1.8172210870389973
2015-07-14,2.950022459030152,0.003838885579256157,0.04179896881615405,57.142857142857146,57.50663136355585,0.3438368435491104,1.5264819355467223
2015-07-15,3.0289905071258545,0.026768626067227963,0.04148351280124887,57.142857142857146,59.95195216446852,0.3518900618959367,1.490378946072816
2015-07-16,2.950022459030152,-0.026070747963694907,0.04059604284745861,57.142857142857146,56.45339154929816,0.3550273436590925,1.2115958597735583
2015-07-17,2.916179656982422,-0.011472048948012459,0.038089902800996916,57.142857142857146,54.97280577982062,0.3496589772153965,1.0422134943894854
2015-07-20,2.9105381965637207,-0.0019345380196975626,0.035237060430553926,50.0,54.71519655455634,0.33224596224213365,0.8863535114872868
2015-07-21,2.8654143810272217,-0.015503598471847457,0.03179876315595131,35.714285714285715,52.592272782026036,0.32129017254534464,0.6639144061738042
2015-07-22,2.842850923538208,-0.007874413431583682,0.02789933999762416,35.714285714285715,51.51592539830503,0.31237028225803454,0.4390406688720763
2015-07-23,2.854132652282715,0.003968455978854424,0.024547713912634234,28.571428571428573,52.04440050174634,0.2994691688475052,0.40306189239871737
2015-07-24,2.825929641723633,-0.009881464527069395,0.021149171266495834,21.42857142857143,50.560710766535486,0.270824472618209,0.2789455284034788
2015-07-27,2.6115877628326416,-0.0758482715656914,0.01298808641600882,-85.71428571428572,40.99537549075769,0.2537519509806291,0.08437547874034983
2015-07-28,2.634150266647339,0.008639381810483293,0.0057258305216379216,-92.85714285714286,42.23423622804777,0.25551465025314474,0.01624693662415881
2015-07-29,2.6172282695770264,-0.006424081907768442,-0.0004574638398623229,-92.85714285714286,41.5299537367534,0.25120909305530836,0.1010921443617577
2015-07-30,2.549541473388672,-0.025862014779205134,-0.00758494573663344,-85.71428571428572,38.74669286994794,0.2667573127543094,0.04818301844333208
2015-07-31,2.5100574493408203,-0.015486715732994982,-0.014533688356728048,-78.57142857142857,37.18131446498388,0.2675038843588769,-0.02246467113830034
2015-08-03,2.5100574493408203,0.0,-0.01971875447168767,-85.71428571428572,37.181314464983885,0.2883363877860121,-0.012078191611611933
2015-08-04,2.5269792079925537,0.006741582212063335,-0.022864480250449674,-85.71428571428572,38.41792368759979,0.30017151649146373,0.06026609688851984
2015-08-05,2.4762136936187744,-0.02008940723105823,-0.027323456564756092,-85.71428571428572,36.12067768721906,0.30199920372232864,0.03920815149233242
2015-08-06,2.459292411804199,-0.006833530505942043,-0.030894567126523866,-71.42857142857143,35.3616539888964,0.29686264449437727,0.017306408344790344
2015-08-07,2.4762136936187744,0.006880548947069354,-0.032421126341296166,-71.42857142857143,36.79204853173329,0.286426969739734,0.01556430973442649
2015-08-10,2.53261947631836,0.022779044815455007,-0.030892255732933735,-64.28571428571429,41.44377069305693,0.28499171164727,0.10803926693431522
2015-08-11,2.5100574493408203,-0.008908573588930047,-0.030893978455793364,-57.142857142857146,40.17030756068042,0.28066555425454087,0.14001763720859864
2015-08-12,2.4705731868743896,-0.015730421818353157,-0.03208526800925632,-42.85714285714286,37.9713648183283,0.2643045240250562,0.08797532583873434
2015-08-13,2.4762136936187744,0.002283076159958153,-0.032010926363125934,-42.85714285714286,38.489374271416295,0.25133715859969025,0.09696913082402463
2015-08-14,2.464932918548584,-0.004555654909453533,-0.03215504727407744,-35.714285714285715,37.80931037998514,0.23770675212925432,0.06023290095781969
2015-08-17,2.442370653152466,-0.009153297936157823,-0.0328173097228131,-28.571428571428573,36.42314590010701,0.2198492166987323,0.011861690005084847
2015-08-18,2.4028866291046143,-0.016166270257500837,-0.03457807893592732,-100.0,34.06917538142732,0.20520069142463102,-0.15716129275841303
2015-08-19,2.3690426349639893,-0.014084723653082332,-0.03678269839452973,-100.0,32.15110576095091,0.18986689077661112,-0.18147712194601556
2015-08-20,2.357761859893799,-0.004761744218403141,-0.038265833078521556,-92.85714285714286,31.514234690408355,0.16246209984664883,-0.2958158191522563
2015-08-21,2.340840101242065,-0.007177043169447117,-0.03971141130310361,-85.71428571428572,30.53705594382735,0.12778496028004738,-0.41667169381019636
2015-08-24,2.1434197425842285,-0.08433739602849588,-0.05122244665018257,-71.42857142857143,21.975720780044284,0.16941784991575964,-0.6675755262053913
2015-08-25,1.9685620069503784,-0.08157885838218126,-0.06892195593126417,-78.57142857142857,17.338957591406988,0.23608091669785933,-1.0002897509215332
2015-08-26,2.0644516944885254,0.04871052433176626,-0.07109037896012395,-78.57142857142857,26.4978614344851,0.26192469752434727,-1.0139809006070641
2015-08-27,2.194185256958008,0.06284165563952526,-0.0653665209268078,-78.57142857142857,36.71457963642419,0.2679844153383271,-0.6380337712778661
2015-08-28,2.194185256958008,0.0,-0.06343027906702668,-78.57142857142857,36.71457963642419,0.273881883993995,-0.3640848830744169
2015-08-31,2.1772632598876958,-0.0077122006980270275,-0.06228600876541526,-71.42857142857143,35.95847595178752,0.2787795294417067,0.014658590400438588
2015-09-01,2.28443455696106,0.04922293920437171,-0.05372245048151294,-64.28571428571429,43.84591003154482,0.2726151911024798,0.49447787837556384
2015-09-02,2.3916049003601074,0.04691329111288445,-0.04293372442642552,-57.142857142857146,50.4216812905632,0.26872520390857585,1.1977454569934354
2015-09-07,2.23366928100586,-0.06603750449351686,-0.044055091061358846,-50.0,42.51955196876303,0.26803355901935955,1.2656526826572376
2015-09-08,2.24495005607605,0.005050333621954062,-0.04144103315516344,-35.714285714285715,43.204229912453954,0.2639799211119787,1.2768453383198477
2015-09-09,2.25623106956482,0.0050250621203074,-0.03849983773620771,-35.714285714285715,43.9235800559495,0.2513045452095241,1.3265791158582927
2015-09-10,2.25623106956482,0.0,-0.035919075949588916,-21.42857142857143,43.92358005594951,0.23845004752426993,1.2842673912797726
2015-09-11,2.216747522354126,-0.017499779939786686,-0.03550510271357532,-21.42857142857143,41.77581541248928,0.22917730707800985,1.1056418776276582
2015-09-14,2.216747522354126,0.0,-0.03427490244835984,42.85714285714286,41.77581541248928,0.21613419147512797,0.9509772328537601
2015-09-15,2.2054662704467773,-0.0050891009434255174,-0.03349691047798188,42.85714285714286,41.10970862724949,0.2015657476541534,0.7375304760231924
2015-09-16,2.2223880290985107,0.0076726445008408195,-0.031514420190206234,42.85714285714286,42.5884461933867,0.1863103705475103,0.6557209767138534
2015-09-17,2.194185256958008,-0.012690300600630477,-0.031210275632579262,35.714285714285715,40.751801289303906,0.1747720062806935,0.4762843543014854
2015-09-18,2.1772632598876958,-0.0077122006980270275,-0.03115443977225378,28.571428571428573,39.6469899482646,0.16614958081168119,0.3267721596297525
2015-09-21,2.1716225147247314,-0.002590750171045153,-0.03085220903193382,14.285714285714286,39.26485665464616,0.15697832565139,0.34593882255755815
2015-09-22,2.182904005050659,0.0051949591834830056,-0.029632075093449912,14.285714285714286,40.50005276798331,0.14759957819057118,0.3849773775195436
2015-09-23,2.1434197425842285,-0.018087951817887804,-0.03045718727256833,7.142857142857143,37.61657045565221,0.14759957819057118,0.2898995907245097
2015-09-24,2.1377789974212646,-0.0026316568103282867,-0.030619398991084283,-100.0,37.20899615773538,0.11507293121078868,0.20677751804473318
2015-09-25,2.160341262817383,0.010554068228443736,-0.02918464865220217,-100.0,40.008913594755505,0.10052650942426514,0.25322160010783684
2015-09-28,2.1434197425842285,-0.007832799624947318,-0.028829162868382493,-78.57142857142857,38.618065588461484,0.10413315316128088,0.2906499458217615
2015-09-29,2.098295211791992,-0.021052587085827468,-0.030360165027818683,-92.85714285714286,35.11261321426845,0.11332711706731999,0.22549782215408223
2015-09-30,2.098295211791992,0.0,-0.030727943525223723,-100.0,35.11261321426844,0.12086821412412471,0.15010817974923607
2015-10-08,2.13213849067688,0.01612894062508241,-0.028912938864607295,-85.71428571428572,39.8609267380277,0.11912045800963494,0.0690093657847443
2015-10-09,2.1434197425842285,0.005291050256199359,-0.026978744872720332,-85.71428571428572,41.40030036032859,0.08784597503532357,0.08515703386170487
2015-10-12,2.182904005050659,0.01842115274109868,-0.023375036994993114,-71.42857142857143,46.55654216066596,0.08520430798700791,0.23053792029089676
2015-10-13,2.165982246398926,-0.007751948144573029,-0.021452251252716985,-71.42857142857143,44.73961998324153,0.08082754565707535,0.23251973984404015
2015-10-14,2.1716225147247314,0.0026040233409958535,-0.01930026183760276,-64.28571428571429,45.50304571183285,0.07340391247216,0.3559431324659861
2015-10-15,2.194185256958008,0.010389808578741944,-0.016438329483797753,21.42857142857143,48.56426655739329,0.06501589130138938,0.5973652874011303
2015-10-16,2.211106538772583,0.007711874720202294,-0.013445353985399916,50.0,50.79652397994492,0.06433967584495401,0.8265960212486643
2015-10-19,2.2054662704467773,-0.0025508803971683314,-0.011278026081231293,57.142857142857146,50.01732038039638,0.0630375791758711,0.9083423026804222
2015-10-20,2.2054662704467773,0.0,-0.009424512666285585,57.142857142857146,50.01732038039638,0.0630375791758711,0.980026209903504
2015-10-21,2.27315354347229,0.030690686106843446,-0.005255376952775493,71.42857142857143,58.81106981487277,0.07303647987453411,1.116855113498017
2015-10-22,2.2223880290985107,-0.0223326376344265,-0.004020241652773785,71.42857142857143,51.49369849323931,0.07543573877742735,1.0351909543241449
2015-10-23,2.2280282974243164,0.0025379313836988437,-0.0027033571024520095,71.42857142857143,52.20522663019843,0.07873052488704511,1.1810986428000898
2015-10-26,2.2223880290985107,-0.0025315065936667436,-0.0018554166479237135,71.42857142857143,51.39335830521953,0.08101714737335457,0.9349615100516447
2015-10-27,2.211106538772583,-0.005076291888821971,-0.0015775103750374575,71.42857142857143,49.72756838789973,0.08214121285206022,0.7975500875120228
2015-10-28,2.2054662704467773,-0.0025508803971683314,-0.0015418052852872223,64.28571428571429,48.87463573986556,0.08142999931218665,0.5557176916571911
2015-10-29,2.194185256958008,-0.005115024264907175,-0.0019109104576290577,57.142857142857146,47.13331590941107,0.07943180681658368,0.33101640206439853
2015-10-30,2.188544273376465,-0.002570878445042335,-0.00238331966175883,50.0,46.246035443232394,0.07879906110962995,0.13619244130954974
2015-11-02,2.1716225147247314,-0.007731969993746923,-0.003365236815489208,35.714285714285715,43.594830712047745,0.07704780310121977,-0.13989428938807247
2015-11-03,2.1490602493286133,-0.01038958900229403,-0.0049619968782180085,-64.28571428571429,40.27916239455839,0.06956733478998102,-0.34919320732569276
2015-11-04,2.216747522354126,0.0314962193575814,-0.0035058521464436296,-64.28571428571429,52.05928016338035,0.05886683477036159,0.20524892947027687
2015-11-05,2.25623106956482,0.017811476865332576,-0.0010049923779415022,-64.28571428571429,57.34481999058445,0.0574065382856184,0.475067543823624
2015-11-06,2.261871814727783,0.0025000742339973403,0.0011144060913656985,-64.28571428571429,58.05629006935894,0.05681949072558186,0.859153843191647
2015-11-09,2.363402366638184,0.04488784521266953,0.006068629149053879,28.571428571428573,68.30413277666516,0.08267357483498976,0.9499707069098875
2015-11-10,2.340840101242065,-0.0095465189146835,0.009245207014144063,28.571428571428573,64.53097901771376,0.09303033411113118,0.7797216154999159
2015-11-11,2.3126368522644043,-0.012048344935092214,0.010751205458020614,28.571428571428573,60.064392679733636,0.09608570277836877,0.7019942023673125
2015-11-12,2.28443455696106,-0.012194865473898364,0.010880134681757952,28.571428571428573,55.897879052070095,0.09669530281255412,0.4682560355665065
2015-11-13,2.267512321472168,-0.007407625417557795,0.010238086434531368,28.571428571428573,53.499787625302076,0.09673107533748607,0.18405456618137822
2015-11-16,2.28443455696106,0.007462907843387434,0.010074911147869986,28.571428571428573,55.553287741420434,0.09707293135557242,0.19713215620734412
2015-11-17,2.2900750637054443,0.002469104105957687,0.010063789218835668,28.571428571428573,56.24686374066569,0.0972601469397014,-0.0691875768102558
2015-11-18,2.295715093612671,0.002462814427619975,0.010131342356417296,28.571428571428573,56.9699240043554,0.09854880662240605,-0.3023047850869507
2015-11-19,2.3013558387756348,0.002457075435300382,0.010258981569341357,28.571428571428573,57.72243870789715,0.09982911690163197,-0.26074463268312326
2015-11-20,2.28443455696106,-0.007352744642730835,0.00974664884759686,28.571428571428573,54.63569338805987,0.0999299140138956,-0.27312964525017214
2015-11-23,2.267512321472168,-0.007407625417557795,0.008647776805329053,28.571428571428573,51.660443700404414,0.09902624226937379,-0.25963387656806763
2015-11-24,2.278793811798096,0.004975271895591549,0.00798844139703035,21.42857142857143,53.47925258526553,0.0973552935910915,0.011584077245161547
2015-11-25,2.3013558387756348,0.00990086372041521,0.008123754205555436,14.285714285714286,56.966534450790206,0.09564065296969568,0.3819048505818977
2015-11-26,2.295715093612671,-0.002451053013151072,0.008022688078347915,7.142857142857143,55.8395311709989,0.09152924955502498,0.49965289576619387
2015-11-27,2.2280282974243164,-0.02948397054001972,0.005651057836258097,-100.0,44.4703728877671,0.08711242333362643,0.376439857321621
2015-11-30,2.3182778358459477,0.04050645969172084,0.0065053647040767834,-92.85714285714286,57.03225752240078,0.07827304472543062,0.9297229696780053
2015-12-01,2.267512321472168,-0.0218979423384148,0.005649791998009396,-85.71428571428572,50.158655054134435,0.05821685050394298,0.996378245395499
2015-12-02,2.357761859893799,0.039801123710338615,0.007670694492527313,21.42857142857143,59.5029776303428,0.05725052199692501,1.446875229196813
2015-12-03,2.4480111598968506,0.03827752986347699,0.011932763765004658,28.571428571428573,66.30589935762458,0.08000555274895849,1.6123592827205888
2015-12-04,2.352121353149414,-0.03917049412122653,0.01273155510978079,28.571428571428573,55.615756358663724,0.08023146594016597,1.2279824496633873
2015-12-07,2.323918342590332,-0.011990457261620069,0.012018771242333111,28.571428571428573,52.91362433596405,0.07746251106305134,0.8675694626159614
2015-12-08,2.2900750637054443,-0.014563024123801505,0.01018896095637695,28.571428571428573,49.7876054210528,0.0763829400798404,0.5537231241901346
2015-12-09,2.3182778358459477,0.012315217342644624,0.009367129598516983,28.571428571428573,52.315756582062164,0.07651644017227462,0.5628240580977292
2015-12-10,2.295715093612671,-0.009732544514037378,0.008015234008760561,28.571428571428573,50.140715818230255,0.07620868045073279,0.388461607832966
2015-12-11,2.278793811798096,-0.007370810890974466,0.006250674126653486,28.571428571428573,48.511764804040524,0.07550720924086927,0.33058127314066393
2015-12-14,2.3126368522644043,0.014851295580623036,0.005848186532527295,28.571428571428573,51.87899626384475,0.0751191130356754,0.42740342539677595
2015-12-15,2.278793811798096,-0.014633962281268231,0.00443539321782803,28.571428571428573,48.46562546156308,0.07560160615057182,0.3663035622334158
2015-12-16,2.278793811798096,0.0,0.0032099107398080914,28.571428571428573,48.46562546156308,0.07620258234806639,0.31544639373755884
2015-12-17,2.295715093612671,0.007425543165409554,0.002784866590498964,28.571428571428573,50.35954241836408,0.0762701093838854,0.3777990760066768
2015-12-18,2.3013558387756348,0.002457075435300382,0.0026282035035032686,14.285714285714286,51.00593343987888,0.07586873499221129,0.25215936791341775
2015-12-21,2.323918342590332,0.009804004854243153,0.003231265142379596,14.285714285714286,53.60811193528781,0.07463160737156387,0.4550667190449346
2015-12-22,2.3069963455200195,-0.007281665951932914,0.003128826992248415,7.142857142857143,51.402997915520686,0.07372472697280112,0.5470314344750481
2015-12-23,2.3013558387756348,-0.002444956948171262,0.0028061650720965937,-50.0,50.655044702168,0.07372472697280112,0.43800687027719604
2015-12-24,2.2900750637054443,-0.004901795228760442,0.002134818063455418,-42.85714285714286,49.11578268366586,0.0739132642831105,0.43257026906258766
2015-12-25,2.2900750637054443,0.0,0.001573675539931627,-35.714285714285715,49.11578268366586,0.06710196805757782,0.5031071138291322
2015-12-28,2.267512321472168,-0.009852402915024427,0.0003334388397987528,28.571428571428573,45.8816962369192,0.0691146389797925,0.3268070259184587
2015-12-29,2.278793811798096,0.004975271895591549,-0.0002561624497260433,28.571428571428573,47.73481117042112,0.06820804031342423,0.37958003865595114
2015-12-30,2.27315354347229,-0.002475111305202171,-0.0009135942640504005,28.571428571428573,46.87068442224847,0.06681822429184825,0.4136314481467085
2015-12-31,2.261871814727783,-0.0049630297860450145,-0.0018227243020641063,28.571428571428573,45.111583006009795,0.03786504571570541,0.2673882381485183
2016-01-04,2.182904005050659,-0.03491259281933612,-0.005487289371738064,-71.42857142857143,35.16347498807408,0.05195491969917852,-0.055774614686017465
2016-01-05,2.1772632598876958,-0.0025840555287416356,-0.008472221417245298,-78.57142857142857,34.576918580746806,0.06495088625088036,-0.14140983022694395
2016-01-06,2.194185256958008,0.007772141009344313,-0.01000539263816179,-78.57142857142857,37.922356958098916,0.07275718770541459,-0.03900094412392423
2016-01-07,2.1377789974212646,-0.025707154561299017,-0.01354262092065592,-92.85714285714286,32.04087492136687,0.08801203343193423,-0.008124747772137756
2016-01-08,2.1434197425842285,0.002638600701835081,-0.01570087167670496,-100.0,33.1573245647431,0.09926008485429762,0.03044666417183736
2016-01-11,2.05881142616272,-0.03947351736132643,-0.021227617582331177,-100.0,26.203649422136717,0.12583125459144456,-0.14507428845630962
2016-01-12,2.047529935836792,-0.005479613228568048,-0.025386478506143412,-92.85714285714286,25.437613069751457,0.14563325562107965,-0.2805342039941811
2016-01-13,2.01932692527771,-0.013774162743831142,-0.029772794300647925,-100.0,23.581625689767005,0.16763109270126567,-0.48502136802926943
2016-01-14,2.0249674320220947,0.002793260800803221,-0.03227929651446578,-100.0,24.763937577197368,0.18356009434653395,-0.42468444902057007
2016-01-15,1.9629212617874143,-0.030640576857437263,-0.03753454248992286,-92.85714285714286,20.92820901561198,0.20517780266696495,-0.5717565476014249
2016-01-18,1.951640486717224,-0.005746932029213614,-0.041119516586874176,-100.0,20.31219076990861,0.2225259261949516,-0.5257706170279793
2016-01-19,1.9911242723464968,0.02023107529178536,-0.04084937749562834,-85.71428571428572,28.270550040704805,0.22649509007774554,-0.34349894047651797
2016-01-20,1.957280397415161,-0.01699736947681907,-0.042896089064924106,-85.71428571428572,25.884309513434072,0.2328999909598992,-0.332797441549246
2016-01-21,1.934718370437622,-0.011527232892811323,-0.04489445528037127,-78.57142857142857,24.405377516485537,0.23859660474871444,-0.5841712930007874
2016-01-22,1.945999383926392,0.005830829779229552,-0.04483004968331263,-100.0,26.661679718734167,0.23941503285189286,-0.5023699468212333
2016-01-25,1.9403589963912964,-0.0028984528883637672,-0.044833772935802686,-92.85714285714286,26.239968472790647,0.23634221237946496,-0.4248866030887515
2016-01-26,1.8275469541549685,-0.058139778487453664,-0.05187775714416293,-100.0,19.57199375257781,0.2486896608553606,-0.6713865774544185
2016-01-27,1.8162665367126465,-0.0061724364546014154,-0.05547184110993933,-100.0,19.050684288834194,0.25378283829122555,-0.6564914008795499
2016-01-28,1.782422661781311,-0.01863376010472073,-0.06000774828958417,-92.85714285714286,17.54110130814572,0.25776680001640506,-0.7494010288407253
2016-01-29,1.8162665367126465,0.018987569927725545,-0.05940973252601464,-85.71428571428572,24.02452657705222,0.2493081675170089,-0.5810919925466481
2016-02-01,1.7880632877349854,-0.015528144359642115,-0.0613313004315377,-100.0,22.441042329488127,0.25188970273234856,-0.5330484321986377
2016-02-02,1.8049852848052976,0.009463869196569608,-0.060080152197612306,-92.85714285714286,25.60925953539732,0.24666971721698172,-0.3968769524961632
2016-02-03,1.7880632877349854,-0.009375144059491691,-0.060177774365266085,-100.0,24.53014442724752,0.23347057022843312,-0.19180727619603283
2016-02-04,1.7993443012237549,0.006309068345706992,-0.05825219076541481,-78.57142857142857,26.74620717690418,0.22269083918365642,-0.09124566362351852
2016-02-05,1.7937036752700806,-0.003134823029610323,-0.05680343403458015,-78.57142857142857,26.329892721758135,0.20410028845884234,-0.12352003158314905
2016-02-15,1.7655009031295776,-0.015723205861334022,-0.05702845798846989,-100.0,24.293772456958905,0.2001962171454879,-0.026730461547594585
2016-02-16,1.8162665367126465,0.02875423824087564,-0.0520533953443952,-85.71428571428572,34.16307713769985,0.1879954950269655,0.21289077753211408
2016-02-17,1.8219066858291624,0.0031053532080838053,-0.04841313461354874,-85.71428571428572,35.174210004962745,0.1767903156672917,0.3422455389177344
2016-02-18,1.8219066858291624,0.0,-0.04513561409299592,-71.42857142857143,35.17421000496275,0.16046062732117333,0.248063774572037
2016-02-19,1.8162665367126465,-0.003095739842432721,-0.04243170127661644,-71.42857142857143,34.55865773660229,0.153024258265917,0.24006680607776543
2016-02-22,1.855750560760498,0.021739113312804648,-0.037177505084388066,-64.28571428571429,42.18624626630597,0.14478256635660877,0.5336336734184373
2016-02-23,1.8275469541549685,-0.015197951277445165,-0.03509029011603056,35.714285714285715,38.71502332287994,0.12559231226633571,0.5378243618234272
2016-02-24,1.8275469541549685,0.0,-0.032605605731606806,35.714285714285715,38.71502332287993,0.11039183822448648,0.5884904649069201
2016-02-25,1.7598603963851929,-0.037036836517873706,-0.03452037271015021,35.714285714285715,31.50065440374477,0.10215349253963019,0.18850311986355595
2016-02-26,1.776782512664795,0.009615601507006133,-0.033554922915137855,35.714285714285715,34.77317214618728,0.08268332235899302,0.07509001185599236
2016-02-29,1.7880632877349854,0.00634899037433212,-0.03196429644635011,35.714285714285715,36.936116020142904,0.052220920423408104,0.42280332169226836
2016-03-01,1.8049852848052976,0.009463869196569608,-0.02948567113222642,35.714285714285715,40.142635916600874,0.05094955146508936,0.739776746668102
2016-03-02,1.838828444480896,0.018749825807720555,-0.025469236919425445,35.714285714285715,46.050673172696136,0.05340472871324872,1.1485256810320026
2016-03-03,1.850109934806824,0.006135151084805335,-0.021834015114640577,35.714285714285715,47.896835949589,0.05628855868071907,1.6398937482709712
2016-03-04,1.917796850204468,0.03658534778081246,-0.015377676791214111,100.0,57.33128343262494,0.07705763033480402,2.215737498547631
2016-03-07,1.9121559858322144,-0.0029413252877394935,-0.011014837526909751,28.571428571428573,56.41449588929558,0.08903628695175952,2.239021388712662
2016-03-08,1.917796850204468,0.0029500022038204676,-0.007179085536065048,28.571428571428573,57.152380448064534,0.10001510352930532,2.3265923350039723
2016-03-09,1.934718370437622,0.008823416427735875,-0.003383718781142968,50.0,59.37428679881347,0.11049676943717573,2.419804017287427
2016-03-10,1.8895936012268064,-0.02332368881193214,-0.002335833842284308,50.0,51.67824979112703,0.11212521694755696,2.1503136836013708
2016-03-11,1.917796850204468,0.014925563337720327,-0.00023082462164029403,50.0,55.55576087609029,0.11580459548460231,2.0049815556771904
2016-03-14,1.917796850204468,0.0,0.001394116485740267,50.0,55.5557608760903,0.11370737420432699,1.7450916701106136
2016-03-15,1.9065155982971191,-0.005882401937486792,0.0021949915112986214,50.0,53.5619042619362,0.11498492063168668,1.5957090683684136
2016-03-16,1.9403589963912964,0.01775144044161281,0.0041336711465518525,85.71428571428572,58.386893113476255,0.11997997533157036,1.9170361719902693
2016-03-17,1.934718370437622,-0.002907001211716387,0.005419323876483937,85.71428571428572,57.31795969060583,0.12269206623264435,2.166246543482922
2016-03-18,1.934718370437622,0.0,0.006355400826399606,85.71428571428572,57.31795969060583,0.1235748214953766,2.278115004213345
2016-03-21,1.934718370437622,0.0,0.007016368227884572,100.0,57.31795969060583,0.12627426702763814,1.8782785716687675
2016-03-22,1.917796850204468,-0.008746244668843772,0.006816171343174395,92.85714285714286,53.63854763689338,0.12496234782042612,1.3015043451572572
2016-03-23,1.9121559858322144,-0.0029413252877394935,0.006317086051075487,85.71428571428572,52.43028625074636,0.12261886039613572,0.894582759654979
2016-03-24,1.8895936012268064,-0.011799447729463508,0.004955527314112944,78.57142857142857,47.79291923640997,0.10596080167913166,0.4227233739296336
2016-03-25,1.89523446559906,0.002985226224618609,0.003999408217661894,64.28571428571429,49.007266438632094,0.0897961663468741,0.19235629012543556
2016-03-28,1.8895936012268064,-0.0029763411728958022,0.0029877541587875396,64.28571428571429,47.80966085209711,0.07253950026081536,0.047428425427223087
2016-03-29,1.8839530944824217,-0.002985036962827703,0.0019193519259555788,-35.714285714285715,46.58378839561666,0.05606133285128413,-0.10057609768922801
2016-03-30,1.917796850204468,0.017964224173715015,0.002442567984659375,-35.714285714285715,54.175991435083816,0.045560842229609315,0.03573201321350767
2016-03-31,1.917796850204468,0.0,0.002851196827344476,-35.714285714285715,54.175991435083816,0.03502129719726295,0.08837775778621591
2016-04-01,1.923437237739563,0.0029410766497470764,0.003363578617070415,-35.714285714285715,55.40122097437278,0.03523855266569522,0.34253769376071835
2016-04-05,1.934718370437622,0.005865090098451375,0.004176610836821737,-35.714285714285715,57.82983304237895,0.03638040056696116,0.6003580782000687
2016-04-06,1.9290778636932373,-0.0029154148896146648,0.004562102946629628,-35.714285714285715,56.182481837148416,0.03688076322374361,0.5902997349554014
2016-04-07,1.9065155982971191,-0.011695881136141617,0.0039153577690756265,-35.714285714285715,50.04180188722675,0.03602740117837349,0.3772722416423565
2016-04-08,1.89523446559906,-0.00591714681387101,0.00286666923535387,-35.714285714285715,47.26037654150109,0.035247821401544005,0.16983374729967765
2016-04-11,1.9121559858322144,0.008928457423238001,0.0026824109828976522,-35.714285714285715,51.605497322413726,0.03524808892258152,0.10715523791832543
2016-04-12,1.9121559858322144,0.0,0.002527355871169644,-28.571428571428573,51.60549732241372,0.03523850206949691,0.07422783909463414
2016-04-13,1.9290778636932373,0.008849632554249087,0.003055981450855463,42.85714285714286,55.82640735504237,0.035609511255923494,0.20450898802508458
2016-04-14,1.9290778636932373,0.0,0.003452690429894858,85.71428571428572,55.82640735504237,0.03424910586952689,0.24717013913529293
2016-04-15,1.9290778636932373,0.0,0.003724155408573647,85.71428571428572,55.82640735504237,0.033635443725873786,0.30800395002994124
2016-04-18,1.9121559858322144,-0.008772003546101526,0.0032229115528837273,85.71428571428572,50.34239997988902,0.03226335402877886,0.28037029729002955
2016-04-19,1.9065155982971191,-0.0029497528323456645,0.002539833425917389,78.57142857142857,48.62770378559429,0.03076917425967086,0.19453398066553534
2016-04-20,1.89523446559906,-0.00591714681387101,0.001505126856018042,-28.571428571428573,45.30402886254403,0.03159176381143556,0.30865876458215435
2016-04-21,1.8839530944824217,-0.005952493647308432,0.00019176092553306308,-28.571428571428573,42.19789993951649,0.033931203238171045,0.23107052545411277
2016-04-22,1.8895936012268064,0.0029939740861406605,-0.0006058268107553823,-28.571428571428573,44.255795336803416,0.033931203238171045,0.17603714515313496
2016-04-25,1.8895936012268064,0.0,-0.001223365006018409,-28.571428571428573,44.255795336803416,0.03455299318554474,0.19915547142441414
2016-04-26,1.89523446559906,0.002985226224618609,-0.001450781131420682,-28.571428571428573,46.46636063910674,0.033931203238171045,0.2440853552031165
2016-04-27,1.8895936012268064,-0.0029763411728958022,-0.0018582354624588824,-28.571428571428573,44.56324525902172,0.033077457210336385,0.15050085482442732
2016-04-28,1.9008749723434448,0.005970263187446312,-0.0016666855654560748,-28.571428571428573,49.05702398835909,0.03310792936183143,0.2904299210763963
2016-04-29,1.8895936012268064,-0.005934830686276205,-0.0019915107743713484,-28.571428571428573,45.11833546333738,0.03399204970217902,0.25920171990702134
2016-05-03,1.9008749723434448,0.005970263187446312,-0.0017289296873098038,-28.571428571428573,49.485977858908434,0.033262720738511914,0.3920311871724728
2016-05-04,1.9008749723434448,0.0,-0.0015127609810538197,-28.571428571428573,49.485977858908434,0.03045304952070157,0.688691044941792
2016-05-05,1.9008749723434448,0.0,-0.0013261585931774664,-28.571428571428573,49.485977858908434,0.028169543543485203,0.8299353820704043
2016-05-06,1.878312349319458,-0.011869598659700942,-0.002137076028605845,-21.42857142857143,41.27982824239806,0.03038266735873544,0.6007162067235411
2016-05-09,1.850109934806824,-0.01501476286563963,-0.003993292447893701,-100.0,33.7467764051182,0.03859402730462353,0.26712530203021984
2016-05-10,1.8444690704345703,-0.003048934696327943,-0.0056369689149975,-92.85714285714286,32.470439601652224,0.04570942932222307,-0.14541763031086935
2016-05-11,1.8444690704345703,0.0,-0.006850942444757978,-100.0,32.470439601652224,0.05090387869781903,-0.22641789425325454
2016-05-12,1.833187699317932,-0.006116324365352699,-0.008262435539926881,-35.714285714285715,29.85172579874486,0.054872242085405205,-0.18507068681364533
2016-05-13,1.833187699317932,0.0,-0.009241115694854512,-35.714285714285715,29.85172579874486,0.05681189488787928,-0.08628224296298401
2016-05-16,1.833187699317932,0.0,-0.009902576036238307,-35.714285714285715,29.85172579874486,0.05690306935380774,0.16037409345353765
2016-05-17,1.8275469541549685,-0.0030770145168780294,-0.010585997441386358,-35.714285714285715,28.420336618582837,0.05922821573416363,0.2553154060641204
2016-05-18,1.8275469541549685,0.0,-0.010976856933900115,-64.28571428571429,28.420336618582837,0.06096178673950775,0.5991421135557622
2016-05-19,1.8219066858291624,-0.003086250841863647,-0.011439495294652553,-64.28571428571429,26.923245121049344,0.0637811300348712,0.6995651979203936
2016-05-20,1.8275469541549685,0.003095805273495289,-0.011362836434032433,-64.28571428571429,30.846255958287085,0.06579854358165861,0.8292822781349352
2016-05-23,1.838828444480896,0.006173023516730325,-0.010642812534792455,-64.28571428571429,38.01404099989239,0.06561173927042177,1.1023943892630088
2016-05-24,1.8275469541549685,-0.006135151084805113,-0.010566263242998974,-64.28571428571429,34.196880282897915,0.06599830252476405,1.061901185616763
2016-05-25,1.8219066858291624,-0.003086250841863647,-0.01061335454086181,-64.28571428571429,32.44286420835557,0.06558094388189571,0.7861487459741546
2016-05-26,1.8219066858291624,0.0,-0.010503671173468418,-57.142857142857146,32.44286420835557,0.06501903956369853,0.7195860911431846
2016-05-27,1.8275469541549685,0.003095805273495289,-0.010020057981297455,-50.0,36.23594732801177,0.06111760669130874,0.8618933209131028
2016-05-30,1.8444690704345703,0.009259470045970053,-0.008732859137236525,-42.85714285714286,46.02715067171184,0.0575150082466446,1.2877918671301631
2016-05-31,1.89523446559906,0.02752303954466906,-0.005353947546559888,64.28571428571429,63.92399267878848,0.0562920450870158,1.9470940153717446
2016-06-01,1.8839530944824217,-0.005952493647308432,-0.0033235326905590133,64.28571428571429,59.224196397707274,0.05283126257282869,1.918181348467398
2016-06-02,1.878312349319458,-0.0029941006384308633,-0.0019143357809111273,64.28571428571429,56.96885691735415,0.04802088520780045,1.7351972519017012
2016-06-03,1.8839530944824217,0.003003092198700319,-0.0005394456462935417,64.28571428571429,58.66407317577791,0.04905154031137803,1.6193635979808698
2016-06-06,1.8839530944824217,0.0,0.0005394043487477334,64.28571428571429,58.66407317577792,0.05258352126622229,1.5141337144684037
2016-06-07,1.8895936012268064,0.0029939740861406605,0.0016125178387725767,64.28571428571429,60.470079142675395,0.0565671033014968,1.3184659762322508
2016-06-08,1.89523446559906,0.002985226224618609,0.002666339584339762,21.42857142857143,62.24655889429176,0.06079887451700499,1.385563381756861
2016-06-13,1.861390829086304,-0.01785722934394751,0.0020779561986862248,21.42857142857143,48.23934484341174,0.06040007203786373,0.9037254608122804
2016-06-14,1.8726719617843628,0.006060593251980606,0.0020264937931987765,21.42857142857143,52.10799786644718,0.06044311382723807,0.8464199477366515
2016-06-15,1.8726719617843628,0.0,0.0019728876775402106,21.42857142857143,52.107997866447164,0.06018557151489186,0.7387932235324324
2016-06-16,1.861390829086304,-0.006024083730772456,0.0014365054749551575,21.42857142857143,47.9514646200802,0.058601235393617855,0.6288554723221341
2016-06-17,1.867031455039978,0.003030328647553704,0.0012285374044048022,21.42857142857143,50.09499788293977,0.05686339768463688,0.6418835746700475
2016-06-20,1.8726719617843628,0.0030211096493091283,0.0012920958995234367,14.285714285714286,52.214310743173606,0.054072240666572624,0.5882819648517316
2016-06-21,1.8839530944824217,0.006024083730772345,0.0017997785210332954,7.142857142857143,56.218891167657695,0.0522672234346435,0.6320301221472346
2016-06-22,1.89523446559906,0.005988138000716958,0.002644935068987758,100.0,59.843099938185475,0.052536918054763924,0.7874297559339203
2016-06-23,1.9008749723434448,0.002976152474412741,0.003512307267432204,35.714285714285715,61.55661902331245,0.05092447864666709,0.9530371571336197
2016-06-24,1.8800513744354248,-0.010954743584396964,0.0033204875061137442,42.85714285714286,52.628287035083645,0.044990637643342504,0.634807277062612
2016-06-27,1.8919503688812256,0.006329079411127259,0.003584081704935544,42.85714285714286,56.510006053559195,0.03782198149453308,0.913575170254175
2016-06-28,1.8860011100769043,-0.0031445110306139723,0.0035263633261188748,42.85714285714286,54.122101618250475,0.029143685021636966,1.0358673663769769
2016-06-29,1.897899866104126,0.0063089867570313984,0.00391070652662759,42.85714285714286,57.949358358497484,0.024523288245226992,1.258444066180842
2016-06-30,1.9097992181777956,0.0062697470431334335,0.004655546638666821,71.42857142857143,61.415918108455124,0.02699462281330662,1.3992057250318135
2016-07-01,1.915748953819275,0.0031153723306873715,0.005436728922288455,78.57142857142857,63.05586796569595,0.030841671602645258,1.6111989910437292
2016-07-04,1.9335970878601076,0.009316530751720009,0.0066791102520466555,85.71428571428572,67.51621688451309,0.037864963675920814,1.6439742552581265
2016-07-05,1.9335970878601076,0.0,0.007615688601160811,92.85714285714286,67.51621688451309,0.04323243187610019,1.5672440334950961
2016-07-06,1.9335970878601076,0.0,0.008262686582932239,100.0,67.51621688451309,0.0474026284514857,1.3030081746693523
2016-07-07,1.939546585083008,0.003076906383575828,0.008893518859677077,92.85714285714286,69.07086681543274,0.0519506050582548,1.3557615537939303
2016-07-08,1.9216980934143064,-0.00920240421445595,0.008651789982010083,50.0,59.821181936674904,0.053319214578129145,1.0493751206240922
2016-07-11,1.9335970878601076,0.006191916662965591,0.008738920185821366,71.42857142857143,63.34533460996741,0.052952667302309825,0.8265096285629476
2016-07-12,1.963344931602478,0.015384716872578696,0.009825418754939141,78.57142857142857,70.34771418110563,0.058420669000691684,1.0404983658702907
2016-07-13,1.98714292049408,0.012121145148029644,0.011496016603071233,85.71428571428572,74.53828754027391,0.06718083498681988,1.4273257991785555
2016-07-14,1.975244164466858,-0.005987871282184143,0.01236243137290293,85.71428571428572,69.2673279079282,0.06882069160015429,1.639062434447703
2016-07-15,1.9811935424804688,0.0030119709353586543,0.013047080967223209,85.71428571428572,70.39461786543444,0.0704405127332378,1.651639751747103
2016-07-18,1.98714292049408,0.003002926208896639,0.013662410458892119,100.0,71.51965098162924,0.07203604712661675,1.61879229828547
2016-07-19,1.975244164466858,-0.005987871282184143,0.013623323215082158,100.0,66.10876527899266,0.07179930490275853,1.3108082922118287
2016-07-20,1.963344931602478,-0.006024183277408501,0.012970541767118045,92.85714285714286,61.1281148279728,0.07074600702973863,0.9939770224802176
2016-07-21,1.963344931602478,0.0,0.012246601785804275,85.71428571428572,61.1281148279728,0.06968768068354142,0.7767234284082649
2016-07-22,1.963344931602478,0.0,0.01153984992824153,78.57142857142857,61.128114827972816,0.06452420446005885,0.6079906937079217
2016-07-25,1.9811935424804688,0.00909091957846786,0.011475497439097522,71.42857142857143,65.93607841483352,0.06184706527098246,0.7108772770882198
2016-07-26,1.999042272567749,0.009009079478895066,0.01198644239925685,78.57142857142857,69.94013475791225,0.05867904252252042,0.9431893327809799
2016-07-27,1.98714292049408,-0.005952526485787812,0.01192658103313564,85.71428571428572,64.49703884148276,0.054372533620141245,0.9991704108974245
2016-07-28,1.9811935424804688,-0.0029939356410921825,0.01148307733162269,85.71428571428572,61.90307063964261,0.050389746872069104,1.0260256532523349
2016-07-29,1.98714292049408,0.003002926208896639,0.011182650730294062,85.71428571428572,63.48462917668386,0.04685436978909685,1.1353047014545872
2016-08-01,1.99309241771698,0.00299399563138647,0.01105251779635787,78.57142857142857,65.04730657642158,0.04607449756733429,1.168379415605508
2016-08-02,1.999042272567749,0.0029852378132992907,0.011055894429663893,71.42857142857143,66.5872902011484,0.04516222516550998,1.2621629566798929
2016-08-03,1.98714292049408,-0.005952526485787812,0.010546251634786162,21.42857142857143,60.81621820439144,0.04213794150965992,1.1080829881021752
2016-08-04,1.975244164466858,-0.005987871282184143,0.00955444982084777,21.42857142857143,55.62468491036231,0.03904067052019191,0.881530516882039
2016-08-05,1.9811935424804688,0.0030119709353586543,0.00883240850474649,21.42857142857143,57.574776716344815,0.030075226755282264,0.7921041950747397
2016-08-08,1.98714292049408,0.003002926208896639,0.0084028478727579,21.42857142857143,59.491858368874176,0.02198064991889441,0.752472211029702
2016-08-09,1.999042272567749,0.00598817123365758,0.008418533790696946,21.42857142857143,63.08486009976553,0.021763185492284485,0.9217094884102266
2016-08-10,1.99309241771698,-0.002976352692695472,0.008160933621323507,21.42857142857143,60.20914848299432,0.022161615655220072,0.6812452248931085
2016-08-11,2.0228404998779297,0.014925590954294687,0.008904163775339117,100.0,68.0509438443507,0.02788068512104773,0.8991981755024855
2016-08-12,2.0823354721069336,0.029411598310689513,0.011487385842315078,85.71428571428572,77.57113311049089,0.050652516541251504,1.4558165533850358
2016-08-15,2.118032693862915,0.0171428774249629,0.014695289641587698,92.85714285714286,81.19239461644801,0.07511366062773513,1.7194592521722236
2016-08-16,2.0525877475738525,-0.03089893110653663,0.015197539694049538,92.85714285714286,61.56670769152712,0.07800416123666992,0.70310611917278
2016-08-17,2.0466384887695312,-0.002898418745485243,0.014862619618459824,42.85714285714286,60.14349564061464,0.07828431023327473,0.49669840278974403
2016-08-18,2.034739255905152,-0.005814037471528977,0.014013911298386686,42.85714285714286,57.29083806998301,0.07673115952237128,0.14209431243418438
2016-08-19,2.0406885147094727,0.0029238433313041323,0.013315477387664287,42.85714285714286,58.354390204568126,0.07487322441155661,0.18721172365923186
2016-08-22,2.0525877475738525,0.005830989285532384,0.013037664584733492,42.85714285714286,60.47448859772649,0.07524235331435511,0.44897532719793404
2016-08-23,2.058537721633911,0.0028987672108495843,0.012925678061111757,42.85714285714286,61.52911764933427,0.07686827447564437,0.5097315896359375
2016-08-24,2.058537721633911,0.0,0.012720162594236813,42.85714285714286,61.52911764933427,0.07711059605135083,0.6407159494808483
2016-08-25,2.058537721633911,0.0,0.012414187084927614,42.85714285714286,61.52911764933427,0.07605536991488476,0.9010484557921777
2016-08-26,2.0525877475738525,-0.0028903886470129647,0.01183663061458062,35.714285714285715,59.54476051999074,0.07455095998291143,0.9273092387275618
2016-08-29,2.0406885147094727,-0.005797185956334716,0.01082132434506948,28.571428571428573,55.67746652496871,0.07271162361432999,0.8628355848223661
2016-08-30,2.0525877475738525,0.005830989285532384,0.01025382182802888,21.42857142857143,58.574890093876995,0.07152695961346228,0.9432864333176865
2016-08-31,2.0644869804382324,0.005797185956334827,0.010145134991077833,14.285714285714286,61.29940821761264,0.06908977970779909,0.9490067902399546
2016-09-01,2.070436477661133,0.0028818284054459298,0.010191191555192557,7.142857142857143,62.62306592360062,0.06394731748449518,0.8625123670946994
2016-09-02,2.0644869804382324,-0.0028735473351113594,0.009933292058271072,-71.42857142857143,60.398383196514125,0.05791339397688065,0.8380026964198379
2016-09-05,2.058537721633911,-0.002881712919816204,0.009392209448612188,-64.28571428571429,58.17291267958322,0.05121933928180583,0.63887180021281
2016-09-06,2.058537721633911,0.0,0.008838758873604507,-28.571428571428573,58.17291267958321,0.04559503537144717,0.5013837505203081
2016-09-07,2.0525877475738525,-0.0028903886470129647,0.008097249036851481,-28.571428571428573,55.78859808467996,0.036561702161856974,0.4051198994815055
2016-09-08,2.0525877475738525,0.0,0.007403943866006466,-28.571428571428573,55.78859808467996,0.03330610845144903,0.32768842548968574
2016-09-09,2.0466384887695312,-0.002898418745485243,0.0065641935155754585,-28.571428571428573,53.25732359715721,0.031919348899926744,0.13708650773554323
2016-09-12,2.0109410285949707,-0.017441995921821274,0.004501736760068144,-100.0,41.18282581771279,0.02449984304109498,-0.21762875897309356
2016-09-13,2.0109410285949707,0.0,0.0027432554266605923,-50.0,41.18282581771279,0.02994095748336131,-0.5376325991276296
2016-09-14,1.98714292049408,-0.011834314265057433,0.0003948911201534044,-64.28571428571429,35.04047996119932,0.04002948486521329,-0.7223294523487469
2016-09-19,1.99309241771698,0.00299399563138647,-0.0012327074485528936,-71.42857142857143,37.54823636143422,0.04589170166265423,-0.4436003537509883
2016-09-20,1.98714292049408,-0.002985058379638472,-0.002739221074091565,-71.42857142857143,36.04949594152986,0.052036013215017454,-0.29255316312640944
2016-09-21,2.0109410285949707,0.0119760425158415,-0.0028954009682724746,-71.42857142857143,45.43205535454127,0.05342155574363741,-0.03351799514419458
2016-09-22,2.01689076423645,0.0029586823068783463,-0.0027659620469775103,-71.42857142857143,47.505677426358915,0.05358763191610026,0.013243654889713616
2016-09-23,2.0228404998779297,0.002949954329198423,-0.0023973247632548393,-71.42857142857143,49.569489088864316,0.05309674996938563,0.07627261097044463
2016-09-26,2.0049917697906494,-0.008823597356468427,-0.002816286869659288,-57.142857142857146,43.98302332791635,0.05365730546551131,-0.06251155895933974
2016-09-27,2.0109410285949707,0.0029672235537119285,-0.002850558837822446,-57.142857142857146,46.161032211789575,0.053734705032552434,0.00022408278255353606
2016-09-28,1.999042272567749,-0.005917008931651924,-0.0033432470121650586,-50.0,42.59396394129469,0.05526917130870225,-0.024071027909762555
2016-09-29,2.0049917697906494,0.0029761737930926735,-0.0034302386525708246,-28.571428571428573,44.88721527655398,0.05513432029134826,0.1410246937640525
2016-09-30,2.0049917697906494,0.0,-0.003467075975023004,-28.571428571428573,44.88721527655398,0.05310835326203563,0.2034754365122251
2016-10-10,2.0228404998779297,0.008902146311126291,-0.0027220514617178598,-28.571428571428573,51.61267711740422,0.04870690329845144,0.4799684595160898
2016-10-11,2.0228404998779297,0.0,-0.0021312904237018094,-21.42857142857143,51.61267711740422,0.04461682404692427,0.5478748114417851
2016-10-12,2.01689076423645,-0.002941277694330613,-0.0018843294215988187,78.57142857142857,49.28744774004897,0.04087444962248702,0.5491031405180103
2016-10-13,2.0109410285949707,-0.002949954329198312,-0.0019053865364405422,78.57142857142857,47.006817154354515,0.03629606670823767,0.5220050015036048
2016-10-14,2.0109410285949707,0.0,-0.0018958024883000979,78.57142857142857,47.00681715435452,0.03192365917995318,0.6269578183440926
2016-10-17,1.999042272567749,-0.005917008931651924,-0.0023526216235806425,64.28571428571429,42.450871998630475,0.026636544094336495,0.36996837670421284
2016-10-18,2.01689076423645,0.008928521379277798,-0.0019452618826169658,64.28571428571429,50.24145499228355,0.021023626478678913,0.37615289270143726
2016-10-19,2.0109410285949707,-0.002949954329198312,-0.0018610628153142715,35.714285714285715,47.913012476444486,0.021023626478678913,0.14726000728686978
2016-10-20,2.01689076423645,0.0029586823068783463,-0.0015288333928664588,35.714285714285715,50.38909516577842,0.02132715852136832,0.03774764363054248
2016-10-21,2.0228404998779297,0.002949954329198423,-0.0010170940315054684,35.714285714285715,52.805194509196376,0.01977320805450961,0.33243547758871445
2016-10-24,2.0406885147094727,0.00882324376668353,9.492010907790649e-05,100.0,59.22099941233719,0.02215193327019591,0.5024879206972419
2016-10-25,2.0466384887695312,0.0029156698913972434,0.001187232549374489,92.85714285714286,61.11861613982704,0.02349437651691414,0.5294599356121139
2016-10-26,2.028789520263672,-0.008721114453676848,0.0013457544201192291,42.85714285714286,53.13123246074903,0.02403347654813427,0.31300297266772253
2016-10-27,2.01689076423645,-0.005864953416003127,0.0009843463780340646,42.85714285714286,48.573934375974524,0.02403347654813427,0.193637662064498
2016-10-28,2.028789520263672,0.00589955402553799,0.0011476033636941762,42.85714285714286,52.92258793101531,0.024467687508377283,0.6532398747353401
2016-10-31,2.01689076423645,-0.005864953416003127,0.0008038110599053687,42.85714285714286,48.50539620424607,0.023855711059541474,0.7777428467666968
2016-11-01,2.0228404998779297,0.002949954329198423,0.0007530958652690163,42.85714285714286,50.72029589030841,0.02376105151322307,1.0361335216083785
2016-11-02,2.0109410285949707,-0.005882555388661226,0.00023877268332021787,42.85714285714286,46.4198747879695,0.02239900243247723,0.9395680146394134
2016-11-03,2.0109410285949707,0.0,-0.00017039956752234098,-57.142857142857146,46.41987478796949,0.021822286676466806,1.1965586281745761
2016-11-04,2.0049917697906494,-0.002958445185475167,-0.0007271869098639777,-57.142857142857146,44.244695878961316,0.021822286676466806,1.3564089905771473
2016-11-07,1.999042272567749,-0.002967342466209555,-0.0013955854025591112,-57.142857142857146,42.11913965129682,0.023373573007113152,1.3022550127983246
2016-11-08,2.0109410285949707,0.005952228319783259,-0.001418395456774343,-57.142857142857146,47.54653596159506,0.023439917736749232,1.1005877062757838
2016-11-09,1.999042272567749,-0.005917008931651924,-0.0019098851482250222,-85.71428571428572,43.18559553930237,0.0247297175785429,0.7961935062301033
2016-11-10,2.0109410285949707,0.005952228319783259,-0.001781152305538297,-85.71428571428572,48.29294696614232,0.0247297175785429,0.7362020757563021
2016-11-11,2.0109410285949707,0.0,-0.0016688491177781096,-85.71428571428572,48.29294696614232,0.0247297175785429,1.23212730978221
2016-11-14,2.0228404998779297,0.005917364613756471,-0.0010833927542404029,-78.57142857142857,53.17508193433488,0.023562299265300173,1.9041111959978756
2016-11-15,2.01689076423645,-0.002941277694330613,-0.0008572000753323962,-71.42857142857143,50.60240168500519,0.023562299265300173,2.1170577658041982
2016-11-16,2.01689076423645,0.0,-0.0006677109705856591,-64.28571428571429,50.602401685005184,0.023373573007113152,2.2874906540663376
2016-11-17,2.01689076423645,0.0,-0.0005116416039540899,-57.142857142857146,50.60240168500519,0.023373573007113152,2.236660530946804
2016-11-18,2.0109410285949707,-0.002949954329198312,-0.0006206893584394733,21.42857142857143,47.71888804650273,0.023439917736749232,2.0163300462421714
2016-11-21,2.028789520263672,0.008875691238530159,1.0076675590615611e-05,57.142857142857146,55.847157353830724,0.02159155842622546,2.0600910424718584
2016-11-22,2.0406885147094727,0.005865070933654293,0.0009620996453846932,64.28571428571429,60.28067601681539,0.020064766392272053,2.5141698355670172
2016-11-23,2.0525877475738525,0.005830989285532384,0.002149683881517916,71.42857142857143,64.15673856408914,0.024994998412875263,2.3573969944437776
2016-11-24,2.0525877475738525,0.0,0.0030599993624653428,71.42857142857143,64.15673856408914,0.029203193335783927,2.0764593436497645
2016-11-25,2.0763862133026123,0.011594371912669432,0.004609797167823068,85.71428571428572,70.77250153664251,0.03807169026131336,2.2108785744833983
2016-11-28,2.1061336994171143,0.014326566957496345,0.006843783205966901,92.85714285714286,76.58917978672159,0.05245940378974295,2.1531307004777194
2016-11-29,2.118032693862915,0.005649686175713375,0.008967103160357646,92.85714285714286,78.43769588396232,0.06548302492424808,2.2434247271220844
2016-11-30,2.088284969329834,-0.014044978918066886,0.009572657391329167,78.57142857142857,64.68629202333099,0.06909498443065644,1.7923451053428805
2016-12-01,2.094234704971313,0.002849101405632659,0.010036609064098045,78.57142857142857,65.9712724733831,0.07252634377881802,1.5064758566477614
2016-12-02,2.088284969329834,-0.0028410070883437832,0.01010912109135312,35.714285714285715,63.48356566921076,0.07361456574455501,1.5070104219150489
2016-12-05,2.088284969329834,0.0,0.01002832511117316,35.714285714285715,63.48356566921076,0.07307385364260972,1.600603703264922
2016-12-06,2.0823354721069336,-0.0028489872360714097,0.00965096635294002,35.714285714285715,60.82364467822329,0.07244667373046401,1.1388451856506532
2016-12-07,2.0823354721069336,0.0,0.009222884076803495,35.714285714285715,60.823644678223296,0.06952045165642089,0.8526354602161269
2016-12-08,2.094234704971313,0.005714368805493031,0.009185744241919496,35.714285714285715,64.29387434528161,0.06829354138220717,0.8978211796833931
2016-12-09,2.1358814239501958,0.019886366547178902,0.010471165497502781,100.0,73.23123117211993,0.07172530936707619,1.1121336752453954
2016-12-12,2.1656289100646973,0.013927498868118393,0.012437068451413262,100.0,77.55314439707217,0.08023614193516196,0.8282539280225234
2016-12-13,2.129931688308716,-0.01648353584036477,0.01284506943795372,92.85714285714286,64.16514572345625,0.07943214790816412,0.6077674157531614
2016-12-14,2.1358814239501958,0.0027933927055681096,0.013041440816345274,85.71428571428572,65.24214918781243,0.07779400736031677,0.3465544016622627
2016-12-15,2.070436477661133,-0.030640720760624518,0.010966452452605906,78.57142857142857,48.11296415347703,0.07216999884695892,-0.09593481428859492
2016-12-16,2.058537721633911,-0.0057469795164463156,0.00848310687432621,-28.571428571428573,45.76057049753396,0.06528898281346153,-0.2654936562036479
2016-12-19,2.058537721633911,0.0,0.006391128995650049,-35.714285714285715,45.76057049753397,0.06123534563922336,-0.22247998871654953
2016-12-20,2.034739255905152,-0.0115608596717236,0.0038009905071728226,-42.85714285714286,41.09935040756278,0.06218097969697715,-0.22381200197397513
2016-12-21,2.058537721633911,0.011696076369339226,0.0025727274129706173,-42.85714285714286,46.92184001389608,0.06155175031454835,-0.0006683786860861627
2016-12-22,2.0525877475738525,-0.0028903886470129647,0.0013889645810522986,-42.85714285714286,45.70535566223119,0.06155175031454835,0.13546147178730988
2016-12-23,2.0406885147094727,-0.005797185956334716,-2.2741964305436352e-05,-42.85714285714286,43.28827920087861,0.06486703548871726,0.18241479279470998
2016-12-26,2.0466384887695312,0.0029156698913972434,-0.00089965394302437,-42.85714285714286,44.85857712583122,0.0668354908478689,0.37509047799766027
2016-12-27,2.028789520263672,-0.008721114453676848,-0.0022921844162756824,-42.85714285714286,41.175344045835566,0.06952778443690133,0.29856483026235964
2016-12-28,2.034739255905152,0.0029326529844784233,-0.0031078173616022105,-42.85714285714286,42.85955525895242,0.0722562965401155,0.2815716141089105
2016-12-29,2.034739255905152,0.0,-0.0037166805666528227,-42.85714285714286,42.859555258952426,0.07433050570922889,0.24995874270741336
2016-12-30,2.0466384887695312,0.005848038184669502,-0.0036634208157716587,-42.85714285714286,46.417896378891996,0.0751906436429308,0.3444560435455437
2017-01-03,2.0644869804382324,0.008720881468144315,-0.0028761097069470985,-28.571428571428573,51.315277497909875,0.07505839969427286,0.4725295340896987
2017-01-04,2.0644869804382324,0.0,-0.00225130862470787,-28.571428571428573,51.315277497909875,0.07504459788456183,0.5473503869856198
2017-01-05,2.058537721633911,-0.002881712919816204,-0.0019716982698387685,-21.42857142857143,49.564053625989885,0.07514046611140066,0.4685924362077265
2017-01-06,2.0466384887695312,-0.005780429835861911,-0.002198890688381552,78.57142857142857,46.17016782339061,0.07512125089123041,0.3875669576477854
2017-01-09,2.0466384887695312,0.0,-0.002342850466869702,78.57142857142857,46.17016782339062,0.06946230860992227,0.48209817383332326
2017-01-10,2.0406885147094727,-0.0029071934749139716,-0.0026686113558045186,78.57142857142857,44.406790435601124,0.05341247946669207,0.4960992978713019
2017-01-11,2.0406885147094727,0.0,-0.0028880736917820888,50.0,44.406790435601124,0.04304261482449817,0.3869525703405929
2017-01-12,2.0406885147094727,0.0,-0.0030271045967015776,50.0,44.40679043560113,0.02237765422631624,0.308148385502851
2017-01-13,2.058537721633911,0.008746659176929628,-0.0023829529544512583,50.0,51.366305492640244,0.020658498071305594,0.5549242767088658
2017-01-16,2.0823354721069336,0.011560512213559804,-0.0009386267351330272,100.0,58.77612615260277,0.025018383894016696,0.8820878175561294
2017-01-17,2.0823354721069336,0.0,0.0001823278310468065,78.57142857142857,58.77612615260277,0.028527607051694645,1.0395450683977854
2017-01-18,2.088284969329834,0.0028571271548674115,0.001282744788334268,78.57142857142857,60.52017782768675,0.0318479136461142,1.0891098585634613
2017-01-19,2.094234704971313,0.002849101405632659,0.002351263384895031,100.0,62.24061018716171,0.03630976404593836,0.9400364420469081
2017-01-20,2.094234704971313,0.0,0.0031644820158056126,35.714285714285715,62.240610187161714,0.039931706123150806,0.96280831058729
2017-01-23,2.088284969329834,-0.0028410070883437832,0.0035490063548070387,35.714285714285715,59.24632476216162,0.04133277579235987,0.9406738312354781
2017-01-24,2.1061336994171143,0.008547075877775479,0.004446576375821862,35.714285714285715,64.72833291651874,0.04534777764646167,1.3234927572064663
2017-01-25,2.1061336994171143,0.0,0.005122691772591605,35.714285714285715,64.72833291651875,0.04634557387686933,1.5908702021263803
2017-01-26,2.129931688308716,0.011299372351426529,0.006422833998667296,71.42857142857143,70.80173744034843,0.051329010787522125,1.8011226145860069
2017-02-03,2.112083196640014,-0.008379842305118346,0.006801631796219612,71.42857142857143,62.15716764404481,0.05144158531210388,1.7078456621852112
2017-02-06,2.112083196640014,0.0,0.006978374375537007,71.42857142857143,62.1571676440448,0.05209283213682801,1.3888488226332263
2017-02-07,2.1061336994171143,-0.002816885827397586,0.006831857995462143,71.42857142857143,59.355549681394294,0.05297871048546338,1.1303830665249348
2017-02-08,2.112083196640014,0.0028248430878563546,0.006829815966630862,71.42857142857143,61.237111584730485,0.05408992668639532,1.1588982809822035
2017-02-09,2.1239824295043945,0.0056338845379340086,0.007174467640212627,64.28571428571429,64.75173194130515,0.05560576036063906,1.2038928695438569
2017-02-10,2.141830921173096,0.008403314180365662,0.007995869607653309,100.0,69.25478499908961,0.05740806339041949,1.466717011112964
2017-02-13,2.159679651260376,0.008333398267265535,0.009183382450835973,100.0,72.9731739252173,0.060730613932009875,1.6773314375854855
2017-02-14,2.1537296772003174,-0.002755026217238332,0.0098683030449752,92.85714285714286,69.9366645381141,0.06001159086770343,1.7260235975639147
2017-02-15,2.183477640151977,0.013812301175294195,0.011219454892243363,85.71428571428572,75.43938521862106,0.0626780428892697,1.9825121130917407
2017-02-16,2.1953766345977783,0.005449560932976993,0.012621469879879452,92.85714285714286,77.23435820471629,0.06477423680900521,2.1036641043623687
2017-02-17,2.159679651260376,-0.016260072542833903,0.012530368086792837,92.85714285714286,62.48150273713762,0.06178554552448693,1.6138846072583297
2017-02-20,2.1953766345977783,0.01652883255929627,0.013252243773504712,100.0,68.88258906351281,0.06613503292295489,1.4515500078234738
2017-02-21,2.207275629043579,0.00542002418094456,0.014181922444229628,64.28571428571429,70.67839505362053,0.07058246963477302,1.0404072766288055
2017-02-22,2.2132251262664795,0.0026954029413528424,0.014979300192425925,64.28571428571429,71.56210174693743,0.07463091071058124,1.0463700395071245
2017-02-23,2.21917462348938,0.0026881572743286952,0.015635599652054306,64.28571428571429,72.45608774312495,0.07834431039111053,0.9492734691874706
2017-02-24,2.2132251262664795,-0.002680950457853326,0.015831653215003152,64.28571428571429,70.08343974222555,0.07937012768533953,0.8361578721428927
2017-02-27,2.1953766345977783,-0.008064471822986197,0.015251584787351993,64.28571428571429,63.37834017932632,0.07614086012496786,0.6487702766718447
2017-02-28,2.189427137374878,-0.00271001209047228,0.014345157568922446,64.28571428571429,61.27393659262985,0.07378461978747339,0.4575275925343099
2017-03-01,2.183477640151977,-0.0027173762128637202,0.01325830265842559,57.142857142857146,59.158547043248824,0.07024262609503147,0.16000535536621105
2017-03-02,2.183477640151977,0.0,0.012225062352352095,50.0,59.158547043248824,0.06884913187053125,-0.04686583641608756
2017-03-03,2.1715786457061768,-0.00544956093297666,0.010900909002514073,42.85714285714286,54.7724699601447,0.06456362049799899,-0.12932891126435558
2017-03-06,2.159679651260376,-0.005479421373629889,0.009300615067391868,35.714285714285715,50.72256655475511,0.05978479537830519,-0.1541330653901438
2017-03-07,2.1656289100646973,0.0027546950312049567,0.008091237095982506,-64.28571428571429,52.60930918431658,0.05273760967414774,0.137139779134857
2017-03-08,2.1656289100646973,0.0,0.007071528699407548,-64.28571428571429,52.60930918431658,0.04554072566885002,0.4075036483500463
2017-03-09,2.1656289100646973,0.0,0.006192024642838333,-64.28571428571429,52.60930918431659,0.03970184298398953,0.5792664750859671
2017-03-10,2.159679651260376,-0.002747127532640614,0.0052276069559742434,-64.28571428571429,50.208298270773255,0.03728632614438896,0.541718964174602
2017-03-13,2.183477640151977,0.01101922170619729,0.005220570933394382,-64.28571428571429,58.389176442289724,0.036066970086185784,0.7284784835426027
2017-03-14,2.177527904510498,-0.0027248896586203886,0.004996448922109367,-50.0,55.91563979097437,0.03397939317710721,0.6936810328181499
2017-03-15,2.177527904510498,0.0,0.004752739393231741,-50.0,55.91563979097437,0.034093027510193046,0.7904316911935257
2017-03-16,2.189427137374878,0.005464560449366385,0.004916688417882498,-42.85714285714286,59.85981360759347,0.03384860422944932,0.9205103468104355
2017-03-17,2.1715786457061768,-0.008152128638590606,0.004394860639554434,-35.714285714285715,52.301074506796795,0.032733989162388684,0.7726716588983038
2017-03-20,2.183477640151977,0.005479421373629778,0.004317722577228824,-21.42857142857143,56.26592959826985,0.03241483003451234,0.8945220195480693
2017-03-21,2.1715786457061768,-0.00544956093297666,0.0038129020831696773,-21.42857142857143,51.64302354556332,0.03120787180229531,0.7533256706294517
2017-03-22,2.141830921173096,-0.013698663224516516,0.0022940542394911064,-21.42857142857143,42.28852909685086,0.032273402768668774,0.4274335588273657
2017-03-23,2.141830921173096,0.0,0.0010364400591132941,-21.42857142857143,42.28852909685085,0.030662434536168473,0.04526210873905257
2017-03-24,2.159679651260376,0.008333398267265535,0.000698272053335997,-21.42857142857143,48.748600617876,0.026496714611215746,0.09267891952956665
2017-03-27,2.1715786457061768,0.005509610853098756,0.0008668163971965974,-21.42857142857143,52.560999521083886,0.024582213514994018,0.2807525543837574
2017-03-28,2.1656289100646973,-0.002739820477256849,0.0007755499271140137,-21.42857142857143,50.536714313187616,0.023340618285430492,0.27406072759028494
2017-03-29,2.1715786457061768,0.0027473477167894167,0.0009100024249845369,-21.42857142857143,52.506534700839026,0.02261355740170933,0.3620411984376194
2017-03-30,2.177527904510498,0.002739600896373151,0.0012218334107157844,-21.42857142857143,54.45948624458492,0.022084570284427812,0.8352955718410529
2017-03-31,2.201326370239258,0.010929120898732991,0.0023008616211460968,50.0,61.312733959941745,0.02568926999031994,1.2699520240081776
2017-04-05,2.189427137374878,-0.005405483269201317,0.0027138455409719577,50.0,56.71688680980734,0.026392535324545215,1.5720561014438017
2017-04-06,2.177527904510498,-0.005434861321143125,0.002577140378121616,50.0,52.480482537180265,0.026362540051124036,1.4614680036303693
2017-04-07,2.1656289100646973,-0.0054644509588848145,0.002004087769241722,50.0,48.57334244061086,0.026362540051124036,1.2499713610615704
2017-04-10,2.159679651260376,-0.002747127532640614,0.0013056249182027424,50.0,46.70125139594392,0.026722334894802278,1.068261522935008
2017-04-11,2.1537296772003174,-0.002755026217238332,0.000520852768095257,50.0,44.83989120890237,0.027287467284959094,1.000691587696032
2017-04-12,2.1537296772003174,0.0,-0.00010275882335512832,50.0,44.839891208902365,0.02771601395649145,1.0049184174760648
2017-04-13,2.159679651260376,0.0027626373555817985,-0.0003687722513212206,50.0,47.27698105073973,0.027841127733491424,0.9972219014509585
2017-04-14,2.147779703140259,-0.005510052434476775,-0.0010183661954618543,-57.142857142857146,43.16895973999241,0.028895580229669936,0.865287171537403
2017-04-17,2.141830921173096,-0.002769735629061465,-0.001739867744619284,-64.28571428571429,41.23980433217962,0.029176790454018248,0.8912281243674136
2017-04-18,2.1239824295043945,-0.008333286951953123,-0.0029726386522779605,-64.28571428571429,36.03632034059617,0.03345868203393103,0.5796235437224424
2017-04-19,2.1001839637756348,-0.011204643408614712,-0.004841215452303108,-78.57142857142857,30.508751240854277,0.040844122100258805,0.2167398528614296
2017-04-20,2.088284969329834,-0.005665691506571258,-0.006713639773883736,-85.71428571428572,28.18120020403974,0.04942944035477989,-0.08726352280031995
2017-04-21,2.1061336994171143,0.008547075877775479,-0.0073379815915496326,-85.71428571428572,36.061115992711,0.053046348872643416,-0.03775155042414229
2017-04-24,2.1239824295043945,0.00847464246558527,-0.007052285511946519,-85.71428571428572,42.81773555376462,0.054188622570068526,0.19428062919577382
2017-04-25,2.1239824295043945,0.0,-0.006796394024445292,-78.57142857142857,42.81773555376462,0.055273940979555354,0.269506393492111
2017-04-26,2.129931688308716,0.0028009924760581395,-0.006277433418022352,-71.42857142857143,45.06194110163484,0.05511358055447274,0.2769513582696391
2017-04-27,2.1358814239501958,0.0027933927055681096,-0.005575765692282298,-64.28571428571429,47.2899366125676,0.0548304730557286,0.5010666114062216
2017-04-28,2.1358814239501958,0.0,-0.004976184773267675,-35.714285714285715,47.28993661256761,0.05395981736601877,0.7779761123834029
2017-05-02,2.118032693862915,-0.008356610946253062,-0.005159458809594618,-35.714285714285715,41.44249476627475,0.05317108584387762,0.7839227669299078
2017-05-03,2.1001839637756348,-0.008427032377261057,-0.005933642582711375,-35.714285714285715,36.57242066483764,0.04934199268660699,0.6163977488846478
2017-05-04,2.1001839637756348,0.0,-0.006438222772590346,-35.714285714285715,36.57242066483764,0.04607091879028542,0.49190814689435586
2017-05-05,2.1061336994171143,0.002832959275997471,-0.0065157292231969345,-100.0,39.328757453733346,0.04294998656753383,0.5716395290824513
2017-05-08,2.1239824295043945,0.00847464246558527,-0.005791330635365552,-92.85714285714286,46.79799814232605,0.03995374077783939,0.8852624353223513
2017-05-09,2.1239824295043945,0.0,-0.005200682600827679,-85.71428571428572,46.797998142326044,0.03736009413184132,1.0321221975162502
2017-05-10,2.129931688308716,0.0028009924760581395,-0.004442771964935891,21.42857142857143,49.21487751871522,0.03534351463467524,0.9880860045502412
2017-05-11,2.1537296772003174,0.011173123073490832,-0.002886167753599984,28.571428571428573,57.52684128217614,0.03534351463467524,1.08689484871052
2017-05-12,2.183477640151977,0.013812301175294195,-0.0005625705802140159,35.714285714285715,65.19527982425831,0.04057890893197353,1.3147321226762918
2017-05-15,2.177527904510498,-0.0027248896586203886,0.0010189214884770898,35.714285714285715,62.754858255152115,0.04510231106815875,1.2504391353796556
2017-05-16,2.159679651260376,-0.00819656694784554,0.0016068886684148388,35.714285714285715,55.984672615379395,0.04672941353510613,1.0111222575261694
2017-05-17,2.1537296772003174,-0.002755026217238332,0.0018278989341458014,35.714285714285715,53.89718761041307,0.047902294189502086,1.071773874662339
2017-05-18,2.147779703140259,-0.0027626373555816874,0.001761230636809326,35.714285714285715,51.81649954592329,0.046794675588226545,1.104343771916976
2017-05-19,2.147779703140259,0.0,0.0016849592623461322,35.714285714285715,51.81649954592329,0.04334710508200834,1.0182504466052478
2017-05-22,2.159679651260376,0.005540581328112193,0.0020366998669623707,35.714285714285715,55.7764841808387,0.042741351521806935,0.8887234762832562
2017-05-23,2.189427137374878,0.013774027132746891,0.0033489974244228474,35.714285714285715,63.78834525563391,0.04732370758678549,1.142796707488955
2017-05-24,2.177527904510498,-0.005434861321143125,0.003948575995056803,35.714285714285715,59.17050607957071,0.04907947972751184,1.1529136453729636
2017-05-25,2.201326370239258,0.010929120898732991,0.005174283371311608,100.0,64.67803737172102,0.054078981786777336,0.7888325509504511
2017-05-26,2.201326370239258,0.0,0.006109074179852689,92.85714285714286,64.67803737172103,0.0581736074912942,0.7980226028025067
2017-05-31,2.21917462348938,0.00810795413684251,0.007358963289335654,85.71428571428572,68.38709445439596,0.06414561556398503,1.0159508496253722
2017-06-01,2.2251245975494385,0.002681165329253332,0.008483988546962815,78.57142857142857,69.53555478920504,0.06820507207075367,1.2055686023335923
2017-06-02,2.2132251262664795,-0.005347777511454432,0.008905171613495569,100.0,64.48965181950615,0.06653376366624573,0.7374304803493017
2017-06-05,2.159679651260376,-0.0241934154689587,0.007345695511407166,64.28571428571429,47.71176537274577,0.06065793490692169,-0.10817077927686354
2017-06-06,2.1656289100646973,0.0027546950312049567,0.006070216120691004,64.28571428571429,49.29033143062442,0.05473763804590309,-0.35334440731279587
2017-06-07,2.183477640151977,0.008241822966219337,0.005628620120655324,64.28571428571429,53.79702344740777,0.051151030197260174,-0.2055866986436222
2017-06-08,2.183477640151977,0.0,0.005257373132026263,64.28571428571429,53.79702344740777,0.046679121678164216,0.09461588290569165
2017-06-09,2.177527904510498,-0.0027248896586203886,0.004702039446065001,64.28571428571429,52.01006593623675,0.04228141336189012,0.1018061368369879
2017-06-12,2.1656289100646973,-0.0054644509588848145,0.003786892572424722,57.142857142857146,48.53764806151358,0.041328672629664706,-0.06928689037987945
2017-06-13,2.1656289100646973,0.0,0.003006500403295642,-7.142857142857143,48.53764806151358,0.04167971577603805,-0.06970316079694393
2017-06-14,2.159679651260376,-0.002747127532640614,0.0021475755114486964,-57.142857142857146,46.728603166782655,0.04238907113198095,0.035310146465527034
2017-06-15,2.147779703140259,-0.005510052434476775,0.0010096811777867533,-64.28571428571429,43.25578752341416,0.04351325484727376,0.00219772765681313
2017-06-16,2.1537296772003174,0.0027702906640560965,0.00031745216328210883,-64.28571428571429,45.4391930373113,0.04351325484727376,0.13791758310972504
2017-06-19,2.1537296772003174,0.0,-0.00022632478068857227,-64.28571428571429,45.439193037311306,0.04288858634429395,0.1835515128770763
2017-06-20,2.1537296772003174,0.0,-0.0006497816481222408,-64.28571428571429,45.439193037311306,0.042247965767491666,0.18820580468365747
2017-06-21,2.1537296772003174,0.0,-0.0009741449300359407,-64.28571428571429,45.43919303731131,0.04274909162965686,0.09079848979980934
2017-06-22,2.1715786457061768,0.008287469265437997,-0.0005514951810262159,-64.28571428571429,52.77169186373022,0.04252484333773942,-0.06462205893706
2017-06-23,2.183477640151977,0.005479421373629778,0.00021557595000642102,-57.142857142857146,56.927479314813226,0.04260677868616274,0.21583052081641388
2017-06-26,2.177527904510498,-0.0027248896586203886,0.0005960001555485344,50.0,54.35211044129883,0.041376803972447404,0.007129076533952528
2017-06-27,2.177527904510498,0.0,0.0008867997960969584,50.0,54.35211044129882,0.039986662269067226,-0.07935732374517315
2017-06-28,2.183477640151977,0.0027323349699237554,0.0013188886892254493,50.0,56.6277267630869,0.03559293753377598,-0.013659557567222487
2017-06-29,2.189427137374878,0.0027247804664887187,0.0018565856348661859,50.0,58.83749831328041,0.028981915233216762,0.24396381325729005
2017-06-30,2.201326370239258,0.005434861321143236,0.0026785013191988464,78.57142857142857,62.90792302344189,0.026316025317055368,0.5924302788504588
2017-07-03,2.1953766345977783,-0.0027027957879924847,0.00309254175127303,78.57142857142857,59.72756395139969,0.02769507569397714,0.7620143639612618
2017-07-04,2.189427137374878,-0.00271001209047228,0.0031684055797402454,78.57142857142857,56.643737086825375,0.028364525067518784,0.7462974493358843
2017-07-05,2.189427137374878,0.0,0.003185151849474379,78.57142857142857,56.643737086825375,0.028816616443365452,0.6797609086334697
2017-07-06,2.183477640151977,-0.0027173762128637202,0.0029532284000821883,71.42857142857143,53.44351883706313,0.028816616443365452,0.5074889742500972
2017-07-07,2.1953766345977783,0.005449560932976993,0.003148631459226538,50.0,58.4942125850481,0.030071129720093126,0.6667382740044773
2017-07-10,2.1953766345977783,0.0,0.0032783839435465345,50.0,58.4942125850481,0.0309089773342719,0.793412114355557
2017-07-11,2.2132251262664795,0.008130036271416952,0.003959044101920753,100.0,65.08380334831672,0.033896945189926614,0.9100699183363626
2017-07-12,2.23107385635376,0.008064579547490514,0.005070359381035401,100.0,70.18202203951112,0.03884906582795178,0.9831097807082745
2017-07-13,2.266770839691162,0.015999911090232244,0.007071287051473386,100.0,77.3158535812763,0.048870782981233624,1.3432427275250132
2017-07-14,2.290422201156616,0.010433944645536597,0.009355660748774045,92.85714285714286,80.62356653480752,0.06138595535887664,1.6485708722555805
2017-07-17,2.358885765075684,0.029891241835018567,0.013089237021488944,100.0,86.67885625972099,0.08683998288967504,2.178588915082434
2017-07-18,2.3402137756347656,-0.007915597150724762,0.015569780692155198,85.71428571428572,79.3917940724092,0.09872272600768187,2.0437761667897347
2017-07-19,2.3402137756347656,0.0,0.017253970270342263,85.71428571428572,79.3917940724092,0.10654277031443403,1.647573146417354
2017-07-20,2.358885765075684,0.007978753751183953,0.018862845360350947,42.85714285714286,81.22260698443348,0.11606979393254854,1.6353759495962157
2017-07-21,2.3526620864868164,-0.0026383976201865833,0.01985732346041535,42.85714285714286,78.71251959323035,0.12259609560873604,1.517566351222741
2017-07-24,2.36510968208313,0.0052908556939859075,0.020683711787782135,78.57142857142857,80.04105317279596,0.12803565046902535,1.2939662045477551
2017-07-25,2.3962297439575195,0.01315797830017762,0.021938311184210316,85.71428571428572,82.91230578491354,0.1353626852873345,1.0568751225109716
2017-07-26,2.42734956741333,0.012986994896580395,0.02361107121365813,92.85714285714286,85.2044697123945,0.14476363148986615,0.863515581018507
2017-07-27,2.408677816390991,-0.0076922381815142105,0.02444735560512817,92.85714285714286,78.40840600451511,0.14855978921903443,0.6051272030519731
2017-07-28,2.4149012565612797,0.0025837578309304554,0.02482253864920813,85.71428571428572,79.00937301039703,0.15172108782385305,0.6267710003479325
2017-07-31,2.439797878265381,0.010309581659480704,0.02544307835143991,100.0,81.25688620865273,0.15471874140426672,0.5540360851556987
2017-08-01,2.464693546295166,0.010203987900622824,0.026382546034950657,100.0,83.19461644410349,0.15703581047437148,0.7149236535140316
2017-08-02,2.520709276199341,0.02272725953633281,0.0281915759812548,100.0,86.56116011238282,0.1635548398545736,0.9722966685284725
2017-08-03,2.526932954788208,0.0024690187986498024,0.029870179326999324,100.0,86.87574108647462,0.1649096844617962,0.8906584403792034
2017-08-04,2.508261442184448,-0.007389001979011822,0.030535514348610522,92.85714285714286,80.76739313095919,0.16069928161795474,0.5326954356727862
2017-08-07,2.495813369750977,-0.004962828923698592,0.03028902039084335,85.71428571428572,76.88606663033379,0.15072902471294305,0.31643323875444274
2017-08-08,2.5331568717956543,0.014962457729122303,0.030370570240257994,78.57142857142857,79.99232982722711,0.14341533403820494,0.4063391117962992
2017-08-09,2.4771413803100586,-0.022112918512578572,0.029322609592100923,71.42857142857143,65.72418808902776,0.12925178584963426,0.12828549255501517
2017-08-10,2.4771413803100586,0.0,0.02762933060005153,57.142857142857146,65.72418808902776,0.11761813806764305,0.07847808313017386
2017-08-11,2.4584693908691406,-0.00753771649423618,0.025579333793499658,57.142857142857146,61.48447610511943,0.10610580432927233,0.36217439335130097
2017-08-14,2.4335734844207764,-0.010126587925328168,0.022941804239126812,50.0,56.27220395574898,0.10218239275886377,0.4443501334665896
2017-08-15,2.5144853591918945,0.03324817404902669,0.02231910420328502,28.571428571428573,66.2778629924987,0.09856045669640251,0.6551494761136605
2017-08-16,2.508261442184448,-0.00247522499373265,0.02201230062921874,28.571428571428573,65.04493473842746,0.09220397493026615,0.652307736323386
2017-08-17,2.5020368099212646,-0.0024816520951508325,0.021332658349759948,28.571428571428573,63.767313799931294,0.08615480945518995,0.6833544946040396
2017-08-18,2.489589214324951,-0.004974984999003729,0.02021788131339106,-42.85714285714286,61.17939771510904,0.07625366173798953,0.619437665123394
2017-08-21,2.483365297317505,-0.002499977494935357,0.01887827840939464,-42.85714285714286,59.87102415136939,0.06587158471959184,0.534546112736162
2017-08-22,2.489589214324951,0.0025062430461475493,0.01772938951753116,-42.85714285714286,60.77442514422159,0.05924008213183902,0.544466391674062
2017-08-23,2.526932954788208,0.014999960735844642,0.017596821354917833,-42.85714285714286,65.75578993210706,0.058230856359132145,0.6526600808436679
2017-08-24,2.526932954788208,0.0,0.017497702328527057,64.28571428571429,65.75578993210705,0.052915001065866815,0.48155275383749085
2017-08-25,2.620292901992798,0.03694595340477269,0.019449322727543027,71.42857142857143,74.97145652695451,0.06308600734853324,0.7663170963648543
2017-08-28,2.6327407360076904,0.0047505505989142716,0.021521892707199383,78.57142857142857,75.90262283060257,0.0741464032729901,0.6038530109820094
2017-08-29,2.6887567043304443,0.021276674743027302,0.0241558135439542,78.57142857142857,79.58367511133562,0.09447479251523115,0.6647188248414782
2017-08-30,2.6576361656188965,-0.011574323054750923,0.025669233467683135,92.85714285714286,72.9192267556782,0.10539278398844226,0.5123070223588148
2017-08-31,2.6327407360076904,-0.00936750859025448,0.025835568887882323,92.85714285714286,68.01256023844364,0.11122556227196591,0.341637740984415
2017-09-01,2.6140685081481934,-0.007092315473422484,0.025093494946554586,85.71428571428572,64.5065781825145,0.11399248393196063,0.18572064722626183
2017-09-04,2.620292901992798,0.0023811135114488735,0.024213837863116077,78.57142857142857,65.15147549861186,0.11596464414151822,0.251644812338546
2017-09-05,2.6576361656188965,0.014251560807457153,0.024088979592392794,42.85714285714286,68.81265478036721,0.12185837112259175,0.3945554160125395
2017-09-06,2.6514127254486084,-0.0023417201537211385,0.02385225603185849,42.85714285714286,67.53916570249508,0.12306891320957782,0.4776918836038205
2017-09-07,2.626516103744507,-0.00938994576934049,0.0228158530626376,42.85714285714286,62.551905362096235,0.12104348098004916,0.3322787654270576
2017-09-08,2.6140685081481934,-0.004739203989104657,0.021289546567209404,42.85714285714286,60.16000044320949,0.11520205126596174,0.21031751057411155
2017-09-11,2.6140685081481934,0.0,0.01976598663553202,42.85714285714286,60.16000044320948,0.1038703510217688,0.036288351050704964
2017-09-12,2.6140685081481934,0.0,0.018347060915436808,35.714285714285715,60.16000044320949,0.10114141989571361,0.042982380382151956
2017-09-13,2.601620674133301,-0.004761862199132105,0.016726067236014358,28.571428571428573,57.4177211213654,0.09692470827447809,-0.024346393391735843
2017-09-14,2.564276933670044,-0.01435402971484201,0.014256254600223827,21.42857142857143,50.04728640688752,0.0919870295459231,-0.2355666954538623
2017-09-15,2.526932954788208,-0.014563161408775227,0.010965874625542753,-85.71428571428572,43.96899955030668,0.0875310804414411,-0.3396113199384495
2017-09-18,2.526932954788208,0.0,0.008097908265029995,-85.71428571428572,43.968999550306684,0.08172150756342007,-0.5063680360310368
2017-09-19,2.53938102722168,0.004926158570960348,0.006121456866157454,-85.71428571428572,46.481772584629006,0.07510658180964357,-0.3493178771121637
2017-09-20,2.570500612258911,0.012254791503770068,0.005445156690393791,-78.57142857142857,52.24730178081618,0.07116295349427433,-0.09204155467921002
2017-09-21,2.589172601699829,0.007263950590740809,0.005451164863351033,-57.142857142857146,55.35508645412598,0.0658892520981041,0.18283028714313992
2017-09-22,2.607844591140747,0.007211566130685743,0.005956839681169528,-57.142857142857146,58.2791753526073,0.06576650969957694,0.43472066552423355
2017-09-25,2.6327407360076904,0.009546636694348853,0.007010348293339538,-57.142857142857146,61.865599890411424,0.06576650969957694,0.750332893242458
2017-09-26,2.6140685081481934,-0.007092315473422484,0.007285895088517329,-50.0,57.84904482677388,0.059424890139819705,0.653040192081566
2017-09-27,2.582949161529541,-0.011904564291888908,0.0065073319332237586,-42.85714285714286,51.8116331124765,0.05671783900488626,0.4063154413714262
2017-09-28,2.5767247676849365,-0.0024098011440993883,0.005575616391089097,-28.571428571428573,50.67249042193611,0.05606450018814267,0.3561563054402602
2017-09-29,2.564276933670044,-0.004830874515975747,0.004405698853281834,-28.571428571428573,48.38155888299443,0.05683548435215344,0.18512898150426815
2017-10-09,2.564276933670044,0.0,0.0034176839575469618,78.57142857142857,48.38155888299443,0.057024420622827345,-0.32807117815639353
2017-10-10,2.5767247676849365,0.00485432515164308,0.002977436416449629,78.57142857142857,50.953253706457645,0.052303115529033856,-0.2715111288693873
2017-10-11,2.5953969955444336,0.007246496829489857,0.0031666388153513757,78.57142857142857,54.606626876793754,0.04740231234873239,-0.09662104064359053
2017-10-12,2.589172601699829,-0.00239824344995776,0.0031117196998570727,78.57142857142857,53.18444839985047,0.04514939931813654,-0.01515913512947769
2017-10-13,2.5767247676849365,-0.004807649365175748,0.002656521837028426,64.28571428571429,50.35973989758536,0.0438659540603681,0.08115178712750626
2017-10-16,2.582949161529541,0.0024156223135143318,0.0024446280350605624,64.28571428571429,51.7400102587834,0.04234001001336524,0.28003911473816157
2017-10-17,2.5767247676849365,-0.0024098011440993883,0.0020685208068971965,57.142857142857146,50.23573417421186,0.040583132696135844,0.28471878269863804
2017-10-18,2.5953969955444336,0.007246496829489857,0.002307000806075666,0.0,54.508553634460895,0.04020414058781356,0.49615938942506504
2017-10-19,2.607844591140747,0.004796027589491159,0.0028481422725647773,0.0,57.14988534395172,0.041112526831772044,0.8389135572734167
2017-10-20,2.5953969955444336,-0.004773135499944958,0.0028812731499309346,0.0,53.78668555999118,0.03675819313676154,0.9884013066804074
2017-10-23,2.5580530166625977,-0.014388542078897726,0.001740938916561803,0.0,45.193850933283215,0.0322478633576376,0.6856041565158949
2017-10-24,2.564276933670044,0.0024330680274822214,0.000986410811730138,0.0,46.721561375404086,0.028960985569309372,0.42342944136545274
2017-10-25,2.5331568717956543,-0.012135998832953687,-0.0005879231269470575,-85.71428571428572,40.624004824112866,0.033732473439151235,0.09909655020123305
2017-10-26,2.489589214324951,-0.017198957536261772,-0.003252099268290744,-92.85714285714286,33.944858823966975,0.04643251387039615,-0.37684157438228705
2017-10-27,2.508261442184448,0.007500124017270737,-0.0046610360742463785,-92.85714285714286,38.60389052843486,0.05112021015586984,-0.39967656301836874
2017-10-30,2.520709276199341,0.004962733870378377,-0.005308521952247761,-35.714285714285715,41.562988679708305,0.049809185569834394,-0.23307907541496845
2017-10-31,2.4522454738616943,-0.027160530960109175,-0.008161676449847085,-57.142857142857146,32.33274765497697,0.06113838518786986,-0.5672083020660876
2017-11-01,2.4335734844207764,-0.007614241575707337,-0.010878159041149903,-64.28571428571429,30.352947282719256,0.07443025416853936,-0.8178479656376247
2017-11-02,2.421125888824463,-0.005114945439700258,-0.013309534462702593,-71.42857142857143,29.07481639506704,0.08663213531280183,-0.6983397098975588
2017-11-03,2.4149012565612797,-0.002570965967492622,-0.015263297690979089,-78.57142857142857,28.430104285115558,0.09735462517126614,-0.3065872489846335
2017-11-06,2.408677816390991,-0.002577099230612223,-0.016842189351302335,-78.57142857142857,27.767152871515126,0.10668679291872664,0.03497552686213519
2017-11-07,2.4335734844207764,0.01033582318912507,-0.01685763364545914,-78.57142857142857,34.3610590356098,0.11051625462745993,0.3135907429972405
2017-11-08,2.4584693908691406,0.01023018479110771,-0.01583454126387419,-78.57142857142857,40.23640673592797,0.10964452666879512,0.746586217107244
2017-11-09,2.439797878265381,-0.007594771231688502,-0.015711445469902913,-71.42857142857143,37.52363557847036,0.10959415717808263,0.775589592835489
2017-11-10,2.408677816390991,-0.012755180317033044,-0.016569872419804465,-64.28571428571429,33.47290791841669,0.1122217408910126,0.6077530685910593
2017-11-13,2.421125888824463,0.00516801057773808,-0.016397554072071906,-57.142857142857146,36.42910120269614,0.11148592907588344,0.7297338761340225
2017-11-14,2.4149012565612797,-0.002570965967492622,-0.016389655305322295,-50.0,35.57774945141534,0.11038007120634717,0.9699360513865692
2017-11-15,2.408677816390991,-0.002577099230612223,-0.01641145005629951,-42.85714285714286,34.70448126768727,0.1056768548772096,1.0516411471871716
2017-11-16,2.390005588531494,-0.007752065358194837,-0.01695818218600038,-92.85714285714286,32.154368134196474,0.09777572782695292,0.8938834661734514
2017-11-17,2.439797878265381,0.020833545315883883,-0.015115968887616616,-92.85714285714286,43.97647688600676,0.08507704711932766,1.0623636927769489
2017-11-20,2.4522454738616943,0.005101896229684044,-0.013296702550995434,-85.71428571428572,46.486868525489896,0.07621583562977194,1.2555442960712877
2017-11-21,2.439797878265381,-0.005075999009475751,-0.012247025982189607,21.42857142857143,44.34684534295008,0.06342924498912911,0.7643711455356909
2017-11-22,2.508261442184448,0.02806116216796717,-0.008747938240879525,28.571428571428573,56.27075940720243,0.05928280669943727,1.0400192855438692
2017-11-23,2.489589214324951,-0.00744429091220844,-0.0068132671123788185,35.714285714285715,52.939343027034106,0.05928280669943727,0.8213335145320141
2017-11-24,2.489589214324951,0.0,-0.00516845073130968,35.714285714285715,52.939343027034106,0.056884046040358203,0.7035341612245618
2017-11-27,2.4584693908691406,-0.012499983240909396,-0.0048790144643237835,35.714285714285715,47.50332933275349,0.04925718482021161,0.630909053482247
2017-11-28,2.439797878265381,-0.007594771231688502,-0.005190661838475998,35.714285714285715,44.54767208470231,0.049025874482938936,0.5929557051917709
2017-11-29,2.446021556854248,0.0025508992545284492,-0.005129847035255905,35.714285714285715,45.7591318374184,0.04904523404408584,0.6370019295177637
2017-11-30,2.446021556854248,0.0,-0.005034087808536917,35.714285714285715,45.7591318374184,0.04859377257920948,0.6409955256272316
2017-12-01,2.439797878265381,-0.0025444087242105784,-0.005117688518357922,35.714285714285715,44.62837391904987,0.04761781070043955,0.5740496394066646
2017-12-04,2.439797878265381,0.0,-0.005114805447551391,35.714285714285715,44.62837391904988,0.04596428112400115,0.5853564673388111
2017-12-05,2.4771413803100586,0.015305981850934236,-0.0037754808043509677,35.714285714285715,52.75299952802739,0.047304677932764584,0.6870795548723233
2017-12-06,2.464693546295166,-0.005025080164513862,-0.0031602801208956825,35.714285714285715,50.11342693197993,0.04757989082721687,0.5975887100196138
2017-12-07,2.4522454738616943,-0.00505055586005132,-0.0030456068005031835,28.571428571428573,47.55106931908386,0.04756778816022201,0.5614732822156374
2017-12-08,2.439797878265381,-0.005075999009475751,-0.003330314261009121,-28.571428571428573,45.06944575969532,0.04549456066666511,0.4485817599515949
2017-12-11,2.446021556854248,0.0025508992545284492,-0.0032913629518024927,-28.571428571428573,46.5708587832425,0.04436727684846647,0.5267495448538541
2017-12-12,2.4149012565612797,-0.012722823396941418,-0.004299605259531768,-92.85714285714286,40.595722934442044,0.04436727684846647,0.40664848246254753
2017-12-13,2.42734956741333,0.005154790829740241,-0.0045725303388212514,-100.0,43.707003886948094,0.042541217407833516,0.41537172772231234
2017-12-14,2.421125888824463,-0.002563981172064689,-0.004968801510537046,-92.85714285714286,42.50828723992438,0.037846396431273355,0.29057638501373123
2017-12-15,2.402453660964966,-0.007712208582661972,-0.00587395696918136,-57.142857142857146,39.04810386277293,0.04157980339980827,0.042254939306999244
2017-12-18,2.402453660964966,0.0,-0.006485928194714393,-64.28571428571429,39.04810386277294,0.044876388378497514,-0.13563568219396344
2017-12-19,2.421125888824463,0.007772149017016616,-0.0062231116758030775,-64.28571428571429,44.30590357168022,0.045792864126948336,-0.09631822095713016
2017-12-20,2.42734956741333,0.0025705720704547463,-0.005765592005946542,-64.28571428571429,45.97860457279866,0.03992485359600281,-0.07150325716666826
2017-12-21,2.42734956741333,0.0,-0.0053539327654536055,-64.28571428571429,45.978604572798666,0.03607164776294643,-0.1185476857785938
2017-12-22,2.42734956741333,0.0,-0.004970394240674743,-64.28571428571429,45.97860457279867,0.03089676196677607,-0.13039016121249758
2017-12-25,2.439797878265381,0.005128355231222903,-0.004182708447717952,-64.28571428571429,49.7488730656336,0.029784930204003975,-0.12636373436557394
2017-12-26,2.4584693908691406,0.007652893204839861,-0.0029050590587123303,-57.142857142857146,54.840002627088914,0.03089676196677607,-0.021645334916783287
2017-12-27,2.439797878265381,-0.007594771231688502,-0.0025208298903653726,50.0,49.445182029032814,0.030709955909813503,-0.07411888951050345
2017-12-28,2.446021556854248,0.0025508992545284492,-0.0019651464887279345,50.0,51.169521837578266,0.030709955909813503,-0.035012008677978816
2017-12-29,2.4709177017211914,0.010178219728758764,-0.0006934168934112523,64.28571428571429,57.42530238459859,0.03316184043552946,0.10693110621488158
2018-01-02,2.4771413803100586,0.0025187721082462478,0.000495022527363611,71.42857142857143,58.844737804547854,0.036071703078199464,0.023391779796357086
2018-01-03,2.489589214324951,0.005025080164513973,0.0018108910256887313,71.42857142857143,61.60215354003057,0.03804360752241462,0.10066579773969232
2018-01-04,2.489589214324951,0.0,0.0028231443669551447,71.42857142857143,61.60215354003056,0.04112563841301016,0.1274234880523644
2018-01-05,2.4771413803100586,-0.004999954989870825,0.003201196792770193,71.42857142857143,57.160522936716774,0.042934631936138966,0.038766362915708924
2018-01-08,2.495813369750977,0.007537716494236291,0.004020787800931841,71.42857142857143,61.62966002879767,0.04691186234818366,0.22240466407935244
2018-01-09,2.464693546295166,-0.012468810301675681,0.003687171893108167,64.28571428571429,51.90979857293257,0.04741299148290825,0.011459955272541553
2018-01-10,2.508261442184448,0.017676800409840654,0.004671535126101794,57.142857142857146,61.14817873788845,0.050679222789707136,0.43196265821138385
2018-01-11,2.545605421066284,0.014888391717776228,0.0065301554044559515,92.85714285714286,67.0000092345418,0.05987810234884037,0.8906139422633003
2018-01-12,2.545605421066284,0.0,0.007965614290336088,100.0,67.0000092345418,0.06590829096682173,0.9161703146530172
2018-01-15,2.601620674133301,0.022004688002099426,0.010523283491054284,85.71428571428572,73.85146425085803,0.07805752432590446,1.267862765473759
2018-01-16,2.626516103744507,0.009569200406012168,0.01317884740349674,92.85714285714286,76.21503949747412,0.0901972229977671,1.6054119109338967
2018-01-17,2.6389644145965576,0.004739476310197999,0.015492032622592057,100.0,77.31901503987599,0.10167952557490045,1.0637722248101193
2018-01-18,2.7136526107788086,0.02830208538210588,0.018899341006246365,100.0,82.55180917416365,0.1232977791262372,1.7135107254488324
2018-01-19,2.738548040390014,0.009174140238997097,0.022215604240896462,92.85714285714286,83.88631066358815,0.14201728764198293,1.2629554112216603
2018-01-22,2.738548040390014,0.0,0.02469525509250776,100.0,83.88631066358816,0.1543128260337688,0.6679455526178477
2018-01-23,2.9128191471099854,0.06363631535751768,0.02955237128425273,71.42857142857143,90.0589951341975,0.19408824845195488,1.1030013352961263
2018-01-24,2.91904354095459,0.0021368967760253543,0.0342758256975697,78.57142857142857,90.20334397793573,0.2224308404045823,1.0153461936915478
2018-01-25,2.881699800491333,-0.012793142664478618,0.03708925394625264,78.57142857142857,82.46646446411584,0.23484905839910297,1.009913794863608
2018-01-26,2.8941473960876465,0.004319532379532198,0.03870024572874333,78.57142857142857,82.99017975902294,0.24366853355946005,0.920099104581514
2018-01-29,2.863027811050415,-0.010752591619659468,0.039210224691837235,78.57142857142857,76.8129571163508,0.24655870677005623,0.5149552263567516
2018-01-30,2.7883400917053223,-0.026086969556083583,0.037736797675090195,71.42857142857143,64.41970307030833,0.24135755061440087,0.05484362890962107
2018-01-31,2.825683832168579,0.013392821261059895,0.03591683519461688,64.28571428571429,67.26372794256086,0.23711754698402845,0.10146686991136111
2018-02-01,2.881699800491333,0.01982386270008285,0.03535292649596368,57.142857142857146,71.0073381860002,0.2340030519852575,0.3963219805384556
2018-02-02,2.8505795001983643,-0.010799285993517649,0.03456705259129532,50.0,66.46018518639951,0.22381469981634236,0.6206339041277887
2018-02-05,2.962611198425293,0.03930137651629528,0.035014078048071745,42.85714285714286,73.13088650991226,0.22097153516246681,1.0141861466222306
2018-02-06,2.962611198425293,0.0,0.03598941871025425,100.0,73.13088650991226,0.2083234960272438,1.0992305976907235
2018-02-07,2.8568034172058105,-0.03571436619011026,0.034734966726500456,100.0,60.049190631740345,0.18962008914730277,0.6656535424066867
2018-02-08,2.7509961128234863,-0.03703695667159779,0.030486579174397756,-7.142857142857143,50.349814307617436,0.17215167127543576,0.3758969416185544
2018-02-09,2.6700844764709477,-0.029411759607866128,0.024127345299198417,-14.285714285714286,44.43859600086131,0.15689773251630307,0.47169286605710664
2018-02-12,2.620292901992798,-0.01864793976254997,0.016975249756009045,-14.285714285714286,41.230637553877074,0.1544863497434388,0.3422044244814304
2018-02-13,2.663860559463501,0.01662701808548528,0.011946833575546526,-14.285714285714286,44.97373774527833,0.15038717636850588,0.22706376759586291
2018-02-14,2.663860559463501,0.0,0.008088562651949828,-14.285714285714286,44.97373774527833,0.14767726246423907,0.2132779040551234
2018-02-22,2.719876289367676,0.021028026300091485,0.0065139963695468334,-14.285714285714286,49.74642113555136,0.14726986069624143,0.1886205513976272
2018-02-23,2.7323243618011475,0.004576705375215928,0.005675759472478602,-14.285714285714286,50.768334157766326,0.14759739890572082,0.24274402139495768
2018-02-26,2.738548040390014,0.002277796397776255,0.005147570651149308,-14.285714285714286,51.30153635499932,0.14759739890572082,0.1796963956880981
2018-02-27,2.6887567043304443,-0.018181655141780495,0.003294706430028462,-14.285714285714286,46.9230413386765,0.1484290776833282,0.013783550164858356
2018-02-28,2.6327407360076904,-0.020833409074363596,7.034232392886665e-05,-14.285714285714286,42.52571346919039,0.15188369470510105,-0.12204071698022988
2018-03-01,2.626516103744507,-0.002364316462327598,-0.002706598151768725,-14.285714285714286,42.05408778652255,0.1563631501059901,-0.187138609228473
2018-03-02,2.5953969955444336,-0.011848055359610421,-0.005866196997160453,-14.285714285714286,39.68454080396232,0.16066436160896197,-0.19656701065198787
2018-03-05,2.589172601699829,-0.00239824344995776,-0.008460993633144702,-92.85714285714286,39.20866484366718,0.16535415981695117,-0.16862945130099966
2018-03-06,2.607844591140747,0.007211566130685743,-0.00974095433494393,-92.85714285714286,41.475843687695026,0.17032318317017686,-0.06004580855667865
2018-03-07,2.626516103744507,0.007159748961724777,-0.010037215583471393,-85.71428571428572,43.73554884938494,0.1710637245679136,-0.09084625821692213
2018-03-08,2.6140685081481934,-0.004739203989104657,-0.010637668458463747,-35.714285714285715,42.555862207906515,0.16629682424128311,-0.09967203500692613
2018-03-09,2.601620674133301,-0.004761862199132105,-0.011383505927969698,-35.714285714285715,41.35457018369005,0.16313992523072135,-0.1402974968998879
2018-03-12,2.5953969955444336,-0.0023922313697558595,-0.01201783072223808,-35.714285714285715,40.73541516509544,0.1394499442063634,-0.2665979535792996
2018-03-13,2.607844591140747,0.004796027589491159,-0.011916724706686945,-35.714285714285715,42.586857550054596,0.10189619882503544,-0.4389802152687769
2018-03-14,2.5953969955444336,-0.004773135499944958,-0.012185576126557539,-35.714285714285715,41.200725818200624,0.07846947230601661,-0.4862243036492115
2018-03-15,2.5953969955444336,0.0,-0.01221256979416161,-35.714285714285715,41.20072581820062,0.07155770570254552,-0.4658283342986642
2018-03-16,2.570500612258911,-0.009592514489406678,-0.012984311118086731,-35.714285714285715,38.30842558829513,0.07428715504406462,-0.5740700234054599
2018-03-19,2.570500612258911,0.0,-0.013348309833545994,-100.0,38.30842558829513,0.07721486906999024,-0.5815077794232725
2018-03-20,2.5953969955444336,0.00968542204066769,-0.0125868413906622,-100.0,42.95294815352217,0.07736326613724641,-0.4374133206302138
2018-03-21,2.5953969955444336,0.0,-0.011947128777851288,-64.28571428571429,42.95294815352217,0.07716017584146156,-0.39257495199638814
2018-03-22,2.5953969955444336,0.0,-0.011309779821627739,-64.28571428571429,42.95294815352217,0.07030401880824833,-0.2487384364391611
2018-03-23,2.564276933670044,-0.011990482353109733,-0.011779291065500509,-85.71428571428572,38.43538065325161,0.06035018250049025,0.22669329662639875
2018-03-26,2.483365297317505,-0.03155339241644883,-0.014892352457350917,-92.85714285714286,29.69158078540257,0.05704661964412003,0.24941932819949275
2018-03-27,2.4709177017211914,-0.0050123900860494786,-0.01734776247139957,-100.0,28.61314620455793,0.06262660485677653,0.12907329480452825
2018-03-28,2.464693546295166,-0.002518965088027736,-0.019264513005047258,-78.57142857142857,28.06424585949971,0.07289306496350426,0.023516893920984345
2018-03-29,2.483365297317505,0.007575688689738236,-0.019758367236533396,-85.71428571428572,32.26229638539895,0.0776382579542456,0.17027510098507986
2018-03-30,2.446021556854248,-0.015037554283131471,-0.021557352608953466,-85.71428571428572,28.659874322779146,0.08809292457225235,-0.045205942048345785
2018-04-02,2.4149012565612797,-0.012722823396941418,-0.023802569890975518,-100.0,26.049464126424617,0.1012882224632367,-0.42766054039507523
2018-04-03,2.4149012565612797,0.0,-0.025072735528100406,-64.28571428571429,26.049464126424617,0.11037862621775586,-0.36078064202787896
2018-04-04,2.3962297439575195,-0.0077317913322666465,-0.02660463291106185,-64.28571428571429,24.49689614196926,0.11794402337110349,-0.5347986325840703
2018-04-09,2.3962297439575195,0.0,-0.027348584850515865,-78.57142857142857,24.496896141969255,0.1236961178922302,-0.43699885469669175
2018-04-10,2.446021556854248,0.020779231633480277,-0.025433693267360953,-78.57142857142857,36.24833780219183,0.12331138658327968,-0.05787803553169079
2018-04-11,2.4709177017211914,0.010178219728758764,-0.023033375228982245,-78.57142857142857,41.178081864911704,0.12087864764878506,0.26667917974743377
2018-04-12,2.4335734844207764,-0.015113501058494072,-0.02263885801057087,-78.57142857142857,36.60555937540024,0.11828706140891092,0.18058891662062027
2018-04-13,2.408677816390991,-0.010230086820538609,-0.02284462349222474,-71.42857142857143,33.90278254235226,0.11739769724623259,-0.10366980908279579
2018-04-16,2.346437931060791,-0.02583985492233931,-0.02527661473530077,-100.0,28.28085376841047,0.12169215913766104,-0.5749851092961737
2018-04-17,2.3402137756347656,-0.0026525975154226833,-0.02670164560509392,-100.0,27.784659882579493,0.12646466511526236,-0.8498425358284928
2018-04-18,2.3526620864868164,0.005319305006088237,-0.026893771591912655,-92.85714285714286,30.414283984986973,0.1269901443346368,-0.9331522400910086
2018-04-19,2.358885765075684,0.0026453771770349466,-0.026567199970522638,-78.57142857142857,31.752337268946697,0.12069753688316603,-0.8941952562725956
2018-04-20,2.3526620864868164,-0.0026383976201865833,-0.02634414837418809,-100.0,31.108149944690982,0.11114631746842847,-0.6610110533853052
2018-04-23,2.3526620864868164,0.0,-0.025814111749643456,-50.0,31.10814994469099,0.09637892920758721,-0.5020278498684706
2018-04-24,2.390005588531494,0.015872871101706876,-0.023465978585185322,-50.0,39.63104925028634,0.08000570264149258,-0.23425237524011996
2018-04-25,2.36510968208313,-0.010416672901447543,-0.02274272634938517,-50.0,36.39812105893967,0.07686523533299998,-0.18830160288838887
2018-04-26,2.358885765075684,-0.0026315553374099965,-0.021991168281129368,-50.0,35.6159080364781,0.07448748362917215,-0.1074690264578225
2018-04-27,2.3775575160980225,0.007915496078183093,-0.020312496300984653,-50.0,39.795923728695634,0.07066736333872423,0.08858012486643131
2018-05-02,2.3713338375091557,-0.0026176774049533336,-0.019160097920166673,-50.0,38.889607637936855,0.06263609655440866,0.0689348662094614
2018-05-03,2.3775575160980225,0.0026245476239667997,-0.017741176848928494,-50.0,40.352518600828205,0.058962454058800226,0.15427833693786877
2018-05-04,2.36510968208313,-0.005235555367477107,-0.016973117929483982,-42.85714285714286,38.373865382285416,0.05842972258535922,0.044207037054781496
2018-05-07,2.383781671524048,0.007894766818793864,-0.015353783914928015,-35.714285714285715,42.89699941250686,0.05722892439820766,0.09691593436490467
2018-05-08,2.408677816390991,0.010443970252957957,-0.013044887866470681,71.42857142857143,48.34132380528075,0.057821297345483275,0.23975220516176424
2018-05-09,2.4149012565612797,0.0025837578309304554,-0.010977125349885828,71.42857142857143,49.634046067990745,0.058801896951356326,0.4073535202387195
2018-05-10,2.4149012565612797,0.0,-0.009258326912343707,85.71428571428572,49.634046067990745,0.055188653536692805,0.46440543795954603
2018-05-11,2.42734956741333,0.005154790829740241,-0.007357049524152849,92.85714285714286,52.39743240789687,0.047059444231681,0.4885902872995458
2018-05-14,2.42734956741333,0.0,-0.005820803134396839,100.0,52.39743240789687,0.04611124404741225,0.4041568229399562
2018-05-15,2.421125888824463,-0.002563981172064689,-0.004767615538786432,71.42857142857143,50.78188589577379,0.04740940983427213,0.3345066120236196
2018-05-16,2.3962297439575195,-0.010282879127376243,-0.004745497808835243,71.42857142857143,44.82766179545074,0.04581340469165459,0.1083990529444851
2018-05-17,2.3962297439575195,0.0,-0.004635280534704076,71.42857142857143,44.82766179545073,0.04291337039097312,0.0003848356231829486
2018-05-18,2.42734956741333,0.012986994896580395,-0.003415744411573595,71.42857142857143,52.84323751539113,0.04345018829685928,0.18155633430256926
2018-05-21,2.4335734844207764,0.002564079393838181,-0.002257570289951931,64.28571428571429,54.274065012345694,0.04456373868127578,0.24373136042133728
2018-05-22,2.4149012565612797,-0.00767276105654191,-0.0019583842568537423,50.0,49.42856775810292,0.04233050055331842,0.24715538942242377
2018-05-23,2.390005588531494,-0.010309186747136767,-0.0025365200598551534,50.0,43.81222459401701,0.0389964542794974,0.0066027728635927934
2018-05-24,2.3713338375091557,-0.0078124298587146646,-0.0035958930557342173,35.714285714285715,40.12937524093619,0.040125836045400765,-0.22725391272392126
2018-05-25,2.3775575160980225,0.0026245476239667997,-0.004149004517087061,35.714285714285715,41.8830076837221,0.038970399542273354,-0.24819649946047634
2018-05-28,2.3775575160980225,0.0,-0.004542446619663585,-71.42857142857143,41.8830076837221,0.03689967863360175,-0.10790213490567992
2018-05-29,2.383781671524048,0.0026178779625236626,-0.004578114690570261,-78.57142857142857,43.79251605267609,0.03646549115869062,0.2270990077301108
2018-05-30,2.3402137756347656,-0.018276797917247012,-0.006133254376813553,-85.71428571428572,35.09918355563394,0.04122423149549782,0.08631555975750484
2018-05-31,2.346437931060791,0.0026596525030442297,-0.006984255872987883,-92.85714285714286,37.022584190078376,0.04475058623969695,0.1661616862928605
2018-06-01,2.3402137756347656,-0.0026525975154226833,-0.00781648589996616,-100.0,35.877528022161826,0.04796716849261328,0.18615194981556257
2018-06-04,2.358885765075684,0.007978753751183953,-0.007667230876049506,-64.28571428571429,41.70263412556075,0.04961058950781294,0.31980427694005525
2018-06-05,2.358885765075684,0.0,-0.0075113926627624426,-64.28571428571429,41.70263412556075,0.05082748898174853,0.42121455677272374
2018-06-06,2.346437931060791,-0.005276997385455728,-0.007765633564533303,-64.28571428571429,38.965792540543745,0.0524910181511576,0.34820831760135423
2018-06-07,2.3526620864868164,0.0026525975154225723,-0.007613309792073197,-64.28571428571429,41.04907482803456,0.05292126005940964,0.20335357033437243
2018-06-08,2.327765941619873,-0.010582116747637205,-0.008355883030567056,-100.0,35.78721715079124,0.054175673841323976,-0.0972711107071616
2018-06-11,2.327765941619873,0.0,-0.008778651673829364,-100.0,35.78721715079125,0.05412703219035963,-0.015647720586912713
2018-06-12,2.327765941619873,0.0,-0.009009839053321858,-92.85714285714286,35.78721715079124,0.05365819786164441,0.077325081254364
2018-06-13,2.3215420246124268,-0.002673772691731635,-0.009326521946217178,-100.0,34.40998867372609,0.055506230863553066,0.23773473388945265
2018-06-14,2.3215420246124268,0.0,-0.00944942543641747,-85.71428571428572,34.4099886737261,0.056603671567368515,0.44802443391401814
2018-06-15,2.333990335464477,0.005362087233432122,-0.008962230472604454,-85.71428571428572,39.78522010130171,0.05158034824051462,0.7015242638606186
2018-06-19,2.3402137756347656,0.002666437849259573,-0.008283083643640995,-85.71428571428572,42.32979777935198,0.04264838827636772,1.1338054106842144
2018-06-20,2.3215420246124268,-0.007978651872209586,-0.008378591059731046,-35.714285714285715,37.24452491695187,0.03674037865164653,1.1551800926682616
2018-06-21,2.327765941619873,0.002680940918347252,-0.008070241548654867,-35.714285714285715,39.83898303812188,0.033670304872449416,1.0391098663039298
2018-06-22,2.327765941619873,0.0,-0.007754240384698682,-35.714285714285715,39.83898303812188,0.032659529123300224,1.1009744324103308
2018-06-25,2.302870273590088,-0.010695090766926652,-0.00836088375790899,-78.57142857142857,33.42787406878981,0.033021820737455465,0.8719839459354539
2018-06-26,2.271749973297119,-0.01351370098865945,-0.009886839364256283,-85.71428571428572,27.475669186520747,0.03831102628108967,0.8167039938198645
2018-06-27,2.253077983856201,-0.008219209710749187,-0.011631246377366693,-92.85714285714286,24.640668913097194,0.04416495749381891,0.8488513571810672
2018-06-28,2.2157342433929443,-0.01657454412622772,-0.014361422660745101,-100.0,20.160300439622755,0.06062179148579182,0.5571866636516678
2018-06-29,2.246854066848755,0.014044925987223511,-0.014854181763855428,-92.85714285714286,31.360801129296444,0.06593191255398503,0.5481059380533382
2018-07-02,2.159718513488769,-0.03878113609852496,-0.01905961588603867,-64.28571428571429,22.038192271413294,0.08793361834302706,0.20412703354593772
2018-07-03,2.184614419937134,0.011527384838753152,-0.020511718193074943,-64.28571428571429,28.571582192652954,0.09712622240198063,0.3901211293902798
2018-07-04,2.197062492370605,0.005698063841320433,-0.02101155568981267,-64.28571428571429,31.655610751854784,0.10155937781685422,0.51654242013729
2018-07-05,2.228182315826416,0.01416428688936966,-0.019843782232055972,-64.28571428571429,38.772843266717395,0.10184992792651892,0.7407474142042907
2018-07-06,2.240630388259888,0.005586648967212282,-0.018384271485816204,-64.28571428571429,41.40156126074485,0.09954341609359557,0.8045499747755447
2018-07-09,2.333990335464477,0.04166682184342507,-0.013242043660788202,-64.28571428571429,56.48968681215263,0.10002759627878649,1.09761940783198
2018-07-10,2.3215420246124268,-0.005333488602288106,-0.010117900712789837,35.714285714285715,54.47556604928878,0.09960338243832695,0.9921752959765094
2018-07-11,2.3153181076049805,-0.002680940918347252,-0.007733874257122145,35.714285714285715,53.44944733089903,0.09880015702013793,1.090351879769407
2018-07-12,2.358885765075684,0.01881713675870267,-0.0041769227842605025,57.142857142857146,59.23760848682191,0.10220796228868853,1.3586839702886102
2018-07-13,2.323639392852783,-0.014941958082387297,-0.00268654332984795,57.142857142857146,53.44760387063678,0.10233700374976612,1.0883668244922942
2018-07-16,2.28447699546814,-0.016853904915324458,-0.0028307926620353766,57.142857142857146,47.851145684345326,0.10017132039501954,0.7099070242205138
2018-07-17,2.271422863006592,-0.005714276172377519,-0.003350450932449626,57.142857142857146,46.117677481433155,0.09711590271649846,0.4938399865533873
2018-07-18,2.258368968963623,-0.005747011820462999,-0.004189188943707232,57.142857142857146,44.3860794746745,0.09550319109243627,0.029896452256493445
2018-07-19,2.2518415451049805,-0.002890326580088476,-0.0050285081227789226,57.142857142857146,43.506410415837344,0.09309454646427703,-0.1592143693562343
2018-07-20,2.31711220741272,0.028985459678379177,-0.0032138890643427574,57.142857142857146,53.442642767883775,0.09212581514762914,0.08179041239802404
2018-07-23,2.3432207107543945,0.011267690558165455,-0.0009569019658935635,50.0,56.72164669417518,0.09572952892855362,0.46457923167737397
2018-07-24,2.349747896194458,0.002785561518002355,0.001013628180246886,100.0,57.52701595395546,0.10048551738128325,0.4945007091412352
2018-07-25,2.3432207107543945,-0.002777823719146477,0.0023287329855901265,92.85714285714286,56.39679481226886,0.10344324952758142,0.33890760038177065
2018-07-26,2.330166816711426,-0.005570919539528152,0.0029020988445086267,85.71428571428572,54.107266647566455,0.10195284995584973,0.12412824500852
2018-07-27,2.323639392852783,-0.002801268909946475,0.003093225551572066,21.42857142857143,52.94971178661102,0.10181933261519571,0.08978798337792365
2018-07-30,2.349747896194458,0.01123603921588745,0.004052123457971217,21.42857142857143,56.91970280513474,0.09031270934380516,0.4124626386859088
2018-07-31,2.3628017902374268,0.005555444507093776,0.005198436054753206,21.42857142857143,58.79190423300463,0.08148750565743167,0.7998382995428762
2018-08-01,2.323639392852783,-0.01657455887601489,0.004812419124021354,64.28571428571429,51.55345507666343,0.06915337048537495,0.5029046175058812
2018-08-02,2.2779500484466557,-0.019662837765043073,0.002874473256414079,64.28571428571429,44.64706290871409,0.062316142899280204,0.1093366175214146
2018-08-03,2.2779500484466557,0.0,0.0012477580509478703,64.28571428571429,44.647062908714084,0.05706861315841642,-0.12848862959213123
2018-08-06,2.291003942489624,0.005730544465568865,0.0004138126940862303,64.28571428571429,46.99975897772009,0.05738666549714824,-0.3220439699515902
2018-08-07,2.323639392852783,0.014245043300839644,0.0008850403726929227,64.28571428571429,52.442058225987196,0.057431849097618844,-0.09475428718889527
2018-08-08,2.304058074951172,-0.008427003760497875,0.0005813630008231148,64.28571428571429,49.17902511879576,0.057560578675268446,-0.10261106502072102
2018-08-09,2.323639392852783,0.00849862167733173,0.0010003718493976548,57.142857142857146,52.370575945802756,0.054901140752760834,0.08620943330556177
2018-08-10,2.3105857372283936,-0.005617763093766159,0.0008778843509425102,-14.285714285714286,50.11129959802747,0.05470706464116372,0.06594829832443255
2018-08-13,2.28447699546814,-0.011299620412082878,-0.00013543853573865243,-57.142857142857146,45.85073833835302,0.05470706464116372,0.15845734485865184
2018-08-14,2.291003942489624,0.0028570859038772323,-0.0007057376961123523,-57.142857142857146,47.06246234714519,0.05304127934790982,0.3990624057312104
2018-08-15,2.2518415451049805,-0.01709398952063168,-0.002552060991987264,-71.42857142857143,41.11710972124263,0.0540818242001024,0.1886125231771119
2018-08-16,2.2648956775665283,0.005797091935675791,-0.0034773067889335004,-78.57142857142857,43.67154126772755,0.052097000462474057,0.2549125499917093
2018-08-17,2.2518415451049805,-0.005763679356558082,-0.004660755174594234,-78.57142857142857,41.72233225709307,0.05686130434733447,0.17015785412475543
2018-08-20,2.28447699546814,0.014492782777767887,-0.004300603654085772,-78.57142857142857,47.97413772835267,0.05593718177965166,0.36228601816964595
2018-08-21,2.2975313663482666,0.005714380536999686,-0.0035454813394256157,-78.57142857142857,50.27215835775473,0.05327290878837956,0.49083242656593074
2018-08-22,2.28447699546814,-0.005681911930053629,-0.003405207709605715,-28.571428571428573,47.9893764269069,0.05131954812483863,0.5072478425181122
2018-08-23,2.28447699546814,0.0,-0.003240627532489102,-28.571428571428573,47.9893764269069,0.050281846752387935,0.47720016759532113
2018-08-24,2.304058074951172,0.00857136207625464,-0.0023706774072614696,-28.571428571428573,51.79705692936204,0.049340773663177684,0.45498058264505237
2018-08-27,2.31711220741272,0.005665713292328789,-0.001224748816131217,-28.571428571428573,54.2041381482354,0.04550750371060003,0.52226091351368
2018-08-28,2.323639392852783,0.002816948363217664,-9.845711605760501e-05,57.142857142857146,55.40331271336078,0.038668830269377355,0.41931205331416377
2018-08-29,2.323639392852783,0.0,0.0007823917335183738,57.142857142857146,55.403312713360776,0.038668830269377355,0.5535149642495273
2018-08-30,2.304058074951172,-0.008427003760497875,0.0007980851815563102,57.142857142857146,50.77725814173275,0.03831048094103412,0.34989499159656123
2018-08-31,2.31711220741272,0.005665713292328789,0.0012410106251475456,57.142857142857146,53.561119123761124,0.0385301498972955,0.1456941506185013
2018-09-03,2.31711220741272,0.0,0.0015774121137930972,57.142857142857146,53.561119123761124,0.03917280983171933,0.12487977873763663
2018-09-04,2.336693525314331,0.00845074219494757,0.002476205830659236,92.85714285714286,57.720902547134756,0.04072779761495662,0.3152615098389195
2018-09-05,2.304058074951172,-0.013966508662606514,0.0020774031481761153,92.85714285714286,49.726131606895294,0.04072779761495662,0.07739952405042022
2018-09-06,2.28447699546814,-0.008498518199653748,0.0010447315122582282,85.71428571428572,45.64139959488009,0.039848910557462404,-0.2605181106852042
2018-09-07,2.291003942489624,0.0028570859038772323,0.0004364704654751264,78.57142857142857,47.198383952161066,0.039536082908961635,-0.44230214740215706
2018-09-10,2.2975313663482666,0.0028491543543784914,0.00018402920841226625,50.0,48.77848483047435,0.03926238699558329,-0.3555097289612757
2018-09-11,2.291003942489624,-0.002841059736658713,-0.00024220342027307437,50.0,47.25557111031988,0.03926238699558329,-0.2906169343707749
2018-09-12,2.2779500484466557,-0.0056978924395838515,-0.0010342226275445068,-42.85714285714286,44.278283938018404,0.035835368219845606,-0.23956037120412932
2018-09-13,2.3105857372283936,0.014326779818544466,-0.000491951942845404,-42.85714285714286,52.35957454456067,0.03355669483206194,0.12853273311743837
2018-09-14,2.3105857372283936,0.0,-7.29345586841918e-05,-42.85714285714286,52.35957454456067,0.02759973055946164,0.2711292708573038
2018-09-17,2.2975313663482666,-0.0056498102060414945,-0.00019561572444650135,-42.85714285714286,49.05887240826443,0.02669282090849209,0.2432738129340249
2018-09-18,2.31711220741272,0.008522556580185414,0.0003873810569440518,-42.85714285714286,53.766745721946805,0.027021992990251438,0.5237288856478671
2018-09-19,2.323639392852783,0.002816948363217664,0.0010601625935742866,-42.85714285714286,55.25136567101111,0.026640796489516425,0.5849354426738389
2018-09-20,2.330166816711426,0.0028091380610606453,0.0017950896934025365,42.85714285714286,56.74717371949016,0.026488068011136387,0.5496053319501055
2018-09-21,2.4019646644592285,0.030812320917491753,0.0046669214244840235,50.0,69.01569324074147,0.04377363274831013,1.2125996803234416
2018-09-25,2.382383108139038,-0.00815230823747315,0.006306876168995984,50.0,63.708154694465755,0.05076682248446189,1.3883387482217937
2018-09-26,2.4019646644592285,0.008219314623787,0.008079081805517066,64.28571428571429,66.48392271991692,0.05988233967073828,1.3735005063990189
2018-09-27,2.4019646644592285,0.0,0.009415775573098745,64.28571428571429,66.48392271991692,0.06705906165704763,1.5838750016312009
2018-09-28,2.428072690963745,0.010869446537172367,0.011102144672465097,78.57142857142857,70.02860475523006,0.07655896047442251,1.6312550021138816
2018-10-08,2.3628017902374268,-0.026881773749702353,0.010514406831699139,78.57142857142857,54.50783439597985,0.07715418882280883,1.3847417238866195
2018-10-09,2.3432207107543945,-0.008287228985493833,0.009108214577994269,78.57142857142857,50.86563296549848,0.0769161923977202,0.9939262997938035
2018-10-10,2.349747896194458,0.002785561518002355,0.008033692495454397,78.57142857142857,52.01661855749056,0.07709759594200873,0.7464678410093541
2018-10-11,2.28447699546814,-0.027777831329066194,0.005044326211902945,-28.571428571428573,41.53791503155585,0.07862964265003967,0.426922214366191
2018-10-12,2.31711220741272,0.01428563824863227,0.0035537378396191723,-28.571428571428573,47.25884448013167,0.07644957014675592,0.6936085569231187
2018-10-15,2.28447699546814,-0.01408443313197183,0.0012957683419461327,-28.571428571428573,42.75330622905776,0.0770604651869148,0.48298270992077735
2018-10-16,2.291003942489624,0.0028570859038772323,-0.00029906756257960755,-28.571428571428573,43.90515345395683,0.07758240191807596,0.22017887660489566
2018-10-17,2.3105857372283936,0.00854725492854902,-0.0008531579752583126,-28.571428571428573,47.32921343989819,0.07624053475819799,0.29595164578659927
2018-10-18,2.2975313663482666,-0.0056498102060414945,-0.0017400657021620044,-28.571428571428573,45.34216353032872,0.07433761290242775,0.12844269864694643
2018-10-19,2.3562748432159424,0.025568084827082727,-0.000362422905255676,-28.571428571428573,54.582558553809214,0.07380881254096473,0.46942086248560244
2018-10-22,2.4150187969207764,0.02493085807624107,0.0026107668353078386,-28.571428571428573,61.57787942078522,0.07777104100911282,0.958690258780141
2018-10-23,2.3628017902374268,-0.021621780646149835,0.0032489637274346036,-28.571428571428573,53.665396267621205,0.07564696917657869,0.7470642891462393
2018-10-24,2.4019646644592285,0.016574760686069334,0.004907606877952209,-28.571428571428573,58.02208199675009,0.0770067390245721,0.6307659558158375
2018-10-25,2.42154598236084,0.008152208977653563,0.006787673502175338,-28.571428571428573,60.04498084409497,0.08004285164110153,0.8380444466828803
2018-10-26,2.42154598236084,0.0,0.008214399474234073,78.57142857142857,60.044980844094965,0.08252146098180715,0.9008043298838343
2018-10-29,2.4150187969207764,-0.0026954621087558195,0.00904795914565462,85.71428571428572,58.946817272770616,0.08354312821810626,0.7327628306395205
2018-10-30,2.441126823425293,0.01081069287651304,0.010331231703264696,85.71428571428572,61.94485107552907,0.08812079359356455,0.8370004789990964
2018-10-31,2.428072690963745,-0.005347584704030628,0.010926568471248557,85.71428571428572,59.601146018633955,0.09012094508419938,0.7391224293863423
2018-11-01,2.395437240600586,-0.013440886874851232,0.010291077311928753,78.57142857142857,54.091162065868225,0.0898001771953594,0.30634992604252204
2018-11-02,2.42154598236084,0.010899363722719713,0.010316300891216063,42.85714285714286,57.477971158375354,0.08920214686900871,0.31659451780170206
2018-11-05,2.4019646644592285,-0.00808628786909138,0.009739123622357794,42.85714285714286,54.24575192905502,0.09008478140221984,0.290108591270163
2018-11-06,2.3889102935791016,-0.005434872158315396,0.00872390347499518,42.85714285714286,52.140643461458424,0.08977355469570061,0.25231975357953507
2018-11-07,2.3889102935791016,0.0,0.007787388683111861,42.85714285714286,52.14064346145844,0.08957783983288169,0.11837436845658224
2018-11-08,2.395437240600586,0.0027321859004196813,0.007163287570925047,42.85714285714286,53.1939012906985,0.08297693273207177,0.003347149980522312
2018-11-09,2.3432207107543945,-0.021798329324252963,0.004978945458535094,-64.28571428571429,44.715589173023176,0.08075363003304904,-0.389791701246805
2018-11-12,2.3562748432159424,0.005571021287766431,0.003510616296010227,-71.42857142857143,46.990307036918395,0.0726398726836752,-0.4362035357008227
2018-11-13,2.3628017902374268,0.0027700278854465576,0.0025557119289821364,-78.57142857142857,48.139280882719,0.06402076515742439,-0.2616924484328003
2018-11-14,2.336693525314331,-0.011049705917343222,0.0009146894550963914,-85.71428571428572,44.028352631934794,0.06025151354298821,-0.26644391955871644
2018-11-15,2.349747896194458,0.0055866850910073484,4.16207821197893e-05,-85.71428571428572,46.48898161082799,0.051651013085698194,0.0016367226111791105
2018-11-16,2.349747896194458,0.0,-0.0006389003086545588,-85.71428571428572,46.48898161082799,0.05230948709226074,0.11257939505334852
2018-11-19,2.3758561611175537,0.01111109194538673,-0.000275376541132123,-71.42857142857143,51.44055468754256,0.05166281678357128,0.39145880223889684
2018-11-20,2.349747896194458,-0.010988992242196516,-0.0008792032842317569,-71.42857142857143,46.77895304952167,0.05277618497540812,0.2550537262552209
2018-11-21,2.3562748432159424,0.002777722253546999,-0.001115187913194623,-64.28571428571429,48.046491539403654,0.05367345609649043,0.2508271690262474
2018-11-22,2.3562748432159424,0.0,-0.0012892755518155174,-57.142857142857146,48.046491539403654,0.05278824625424185,0.27445437522303495
2018-11-23,2.3432207107543945,-0.005540156955430087,-0.0018632489361481448,-50.0,45.53116814911378,0.05232507923638376,0.15248105291734365
2018-11-26,2.349747896194458,0.002785561518002355,-0.00205813908964811,-35.714285714285715,47.02454516528894,0.051289331976509936,0.015857810948298925
2018-11-27,2.336693525314331,-0.005555647438292954,-0.002649335650295104,-35.714285714285715,44.40248098553709,0.04622855973846436,-0.19099761830550385
2018-11-28,2.349747896194458,0.0055866850910073484,-0.0026130635858144288,-28.571428571428573,47.55191855369595,0.040764293068005816,-0.26262330118064225
2018-11-29,2.3432207107543945,-0.002777823719146477,-0.0027957574997199692,-21.42857142857143,46.14440894953748,0.03984045156136128,-0.3433528000955219
2018-11-30,2.3562748432159424,0.005571021287766431,-0.002443306801729374,21.42857142857143,49.37201634219068,0.032730779103670886,-0.1744926075925533
2018-12-03,2.382383108139038,0.011080313910860173,-0.0012536707182964218,92.85714285714286,55.160034133217515,0.02975951642593219,-0.08788724382837787
2018-12-04,2.3889102935791016,0.002739771541262259,-0.00010945394271843437,92.85714285714286,56.4990047395222,0.02975951642593219,0.13208979882046326
2018-12-05,2.3758561611175537,-0.005464471603071397,0.00035158478337055896,85.71428571428572,53.08485065754349,0.028202699951681204,0.22065025962830404
2018-12-06,2.3562748432159424,-0.008241794356944832,5.222734427382255e-05,28.571428571428573,48.36377363623539,0.02414602472563724,0.19510887522252046
2018-12-07,2.349747896194458,-0.0027700278854465576,-0.0004072953844211849,28.571428571428573,46.86755307546522,0.023764672614197086,0.1709671696942355
2018-12-10,2.330166816711426,-0.008333268226240254,-0.0014395507327819787,-35.714285714285715,42.608768727991986,0.025667016477640418,0.02959908278871172
2018-12-11,2.330166816711426,0.0,-0.002229211121539851,-42.85714285714286,42.60876872799198,0.02705583709713489,-0.034548092377199094
2018-12-12,2.3432207107543945,0.005602128546913221,-0.002362359113192703,-42.85714285714286,46.37618733351416,0.026575977962086134,0.109659137335985
2018-12-13,2.349747896194458,0.002785561518002355,-0.0022210886486298304,-42.85714285714286,48.206983902294716,0.026575977962086134,0.21220534095015683
2018-12-14,2.336693525314331,-0.005555647438292954,-0.0025475754289567437,-42.85714285714286,44.904880811750104,0.027291772227653877,-0.06404122073297545
2018-12-17,2.3562748432159424,0.008379925604055094,-0.0020787123902409224,-42.85714285714286,50.39380506225438,0.025860359661725507,0.09414565076614267
2018-12-18,2.3432207107543945,-0.005540156955430087,-0.0021581740178167486,-42.85714285714286,47.0299345838703,0.026059781172303335,0.15311624602484764
2018-12-19,2.336693525314331,-0.002785561518002355,-0.0024157017432255103,-42.85714285714286,45.39814977168442,0.026580221207296573,0.08823128264946616
2018-12-20,2.323639392852783,-0.00558658305855142,-0.0030478965930474844,-92.85714285714286,42.241444603616365,0.02831393851998694,0.20646640667362579
2018-12-21,2.330166816711426,0.0028091380610606453,-0.00326457783569294,-92.85714285714286,44.32606169683532,0.029117920904921095,0.6991484278115974
2018-12-24,2.3432207107543945,0.005602128546913221,-0.0029404621823268507,-85.71428571428572,48.341515083302404,0.02918028137200427,1.042595925618309
2018-12-25,2.3562748432159424,0.005571021287766431,-0.0022105378079507474,-78.57142857142857,52.06482810595146,0.028960919232488162,1.3145097634183849
2018-12-26,2.3693289756774902,0.005540156955430087,-0.0011777569298067022,-71.42857142857143,55.517547555008704,0.029908217772576393,1.7089414436579042
2018-12-27,2.3693289756774902,0.0,-0.0003647185393200509,35.714285714285715,55.517547555008704,0.030584721352073997,1.041976188408913
2018-12-28,2.3562748432159424,-0.005509632725364866,-0.00016398466929010266,42.85714285714286,51.23735714794334,0.030584721352073997,0.260110825492294
2019-01-02,2.3105857372283936,-0.019390397567199957,-0.001580725928210272,42.85714285714286,39.70069336331429,0.03166857402558907,-0.476965089741875
2019-01-03,2.31711220741272,0.0028245955469954342,-0.0024379438575101715,-14.285714285714286,41.7193761913841,0.029313737224038038,-0.6558436996535564
2019-01-04,2.336693525314331,0.00845074219494757,-0.0023909204741935403,-14.285714285714286,47.40819486507802,0.026676456767369273,-0.31254767865948346
2019-01-07,2.330166816711426,-0.002793138480591817,-0.002572838840273488,-14.285714285714286,45.80335330624324,0.026457285632942095,-0.14610944275709467
2019-01-08,2.3105857372283936,-0.008403295138614597,-0.003379548203882466,-14.285714285714286,41.287644394359624,0.028518307948791868,-0.1538982086853845
2019-01-09,2.31711220741272,0.0028245955469954342,-0.0037201577323766263,-14.285714285714286,43.29433993781288,0.029514341700852136,-0.3817465724166192
2019-01-10,2.2975313663482666,-0.008450536405536169,-0.004665623860345815,-50.0,38.988783081327284,0.033144903122294685,-0.6401996155492956
2019-01-11,2.304058074951172,0.002840748421763184,-0.005087299725330955,-50.0,41.0917006775388,0.03520277082375934,-0.6864707827897004
2019-01-14,2.28447699546814,-0.008498518199653748,-0.006099836336446002,-64.28571428571429,36.97415935234945,0.03936923532844689,-0.8611725674532547
2019-01-15,2.2975313663482666,0.005714380536999686,-0.0062976218883056025,-64.28571428571429,41.20410563087791,0.04131638035645046,-0.7379101655176952
2019-01-16,2.2975313663482666,0.0,-0.006407968585577064,-64.28571428571429,41.20410563087791,0.04160755817394807,-0.5319044168599746
2019-01-17,2.304058074951172,0.002840748421763184,-0.006177236882012564,-64.28571428571429,43.40647712240168,0.04191435900958396,-0.3867320450419705
2019-01-18,2.323639392852783,0.00849862167733173,-0.005217991400783353,-64.28571428571429,49.51628131408003,0.041654327540984595,-0.1757280659050594
2019-01-21,2.330166816711426,0.0028091380610606453,-0.0042118433721099495,-64.28571428571429,51.3998553888406,0.041712810961632645,-0.23391320257408887
2019-01-22,2.323639392852783,-0.002801268909946475,-0.003620609954275035,-57.142857142857146,49.41435849818743,0.041654327540984595,-0.34176745240515216
2019-01-23,2.330166816711426,0.0028091380610606453,-0.0028746963613792086,35.714285714285715,51.434670023682806,0.04105539964308627,-0.2873545651099282
2019-01-24,2.3432207107543945,0.005602128546913221,-0.0018084526706996697,35.714285714285715,55.2811596417763,0.03978547665394223,0.0664109795545321
2019-01-25,2.3628017902374268,0.008356481057530507,-0.0002959277556028305,64.28571428571429,60.35366482358043,0.038716450429770545,0.4221097257614884
2019-01-28,2.3562748432159424,-0.0027623760268221664,0.000662198042915461,71.42857142857143,57.99231383952067,0.036629665515405974,0.16027510860163852
2019-01-29,2.3758561611175537,0.008310286025413616,0.002051839649658302,71.42857142857143,62.706498330281946,0.03994395930829897,0.26591818189544025
2019-01-30,2.3693289756774902,-0.002747298235846629,0.002910321210377574,71.42857142857143,60.27817439157217,0.04320372881516241,0.1987393938842035
2019-01-31,2.4019646644592285,0.013774232753983151,0.004581025125927136,92.85714285714286,67.13181476936222,0.051532607640730074,0.34432767011850757
2019-02-01,2.4019646644592285,0.0,0.005868756573611285,92.85714285714286,67.13181476936222,0.058090378032251665,0.5390055421524617
2019-02-11,2.395437240600586,-0.0027175353389772283,0.006611967370844751,78.57142857142857,64.5483893960945,0.06246624008569364,0.8811701716618577
2019-02-12,2.4019646644592285,0.0027249404609765993,0.0073038472416229305,100.0,65.95914778250261,0.06600763319923428,0.9371001160867961
2019-02-13,2.428072690963745,0.010869446537172367,0.008550896179086232,100.0,70.94025003649216,0.07257901686554345,1.340389732338673
2019-02-14,2.4150187969207764,-0.005376236918915089,0.009112128456276666,100.0,65.75903976749932,0.07398823166026429,1.293459507782637
2019-02-15,2.382383108139038,-0.01351363758466384,0.008447937468714379,85.71428571428572,54.952984803227444,0.07214993908313808,0.9297584012386642
2019-02-18,2.4150187969207764,0.013698757630644431,0.008706993279841705,85.71428571428572,61.72624110079863,0.0693585229303402,0.9707619847060425
2019-02-19,2.4019646644592285,-0.0054053957998969615,0.008515002984796837,100.0,57.971451718433684,0.06574672727272915,0.6585144153674983
2019-02-20,2.4019646644592285,0.0,0.00823047167673322,92.85714285714286,57.971451718433684,0.06069589544312904,0.4779346982344565
2019-02-21,2.395437240600586,-0.0027175353389772283,0.007717944078134287,85.71428571428572,55.99613399493685,0.054800979517681946,0.19379186735425258
2019-02-22,2.408491611480713,0.005449681861359856,0.00760415811262682,71.42857142857143,59.004674992464345,0.051580968426956315,0.3088677810133025
2019-02-25,2.532505989074707,0.05149047520151062,0.011002124799109912,100.0,75.87750885856752,0.07169299066079446,1.1707547230155
2019-02-26,2.5063977241516118,-0.010309260880616677,0.013143822526591784,100.0,69.40142122405672,0.07763772714184825,0.9535027168522326
2019-02-27,2.532505989074707,0.010416648830916309,0.015254272567254607,85.71428571428572,71.9771310356204,0.08583184820827969,0.7045325301631045
2019-02-28,2.5063977241516118,-0.010309260880616677,0.01618454410218676,85.71428571428572,65.99455198943276,0.08793347369077809,0.31826100010223
2019-03-01,2.545560359954834,0.01562506837037536,0.017576270791676816,85.71428571428572,70.0199175192583,0.09572152771360998,0.47347793933603843
2019-03-04,2.558614492416382,0.005128196002305518,0.018973224828148904,78.57142857142857,71.24193459412828,0.10185570749207826,-0.27362691215054846
2019-03-05,2.545560359954834,-0.005102031783310701,0.01961481909375331,78.57142857142857,68.24617175652344,0.10536462983364799,-0.5299885129700624
2019-03-06,2.5651416778564453,0.007692340833732381,0.02027539975046711,78.57142857142857,70.26595299924914,0.10859301206487189,-0.17332125602790172
2019-03-07,2.5390329360961914,-0.010178284492290302,0.020071552522272874,78.57142857142857,64.38532331220979,0.10993858990341504,-0.28589337686094707
2019-03-08,2.4476537704467773,-0.03598975198404131,0.017270337776432713,42.85714285714286,48.94562801015611,0.10760902925802522,-0.8269804430626639
2019-03-11,2.473762035369873,0.010666649523036975,0.014982836311342429,42.85714285714286,52.45381720164184,0.10417593693895064,-0.8206856352694576
2019-03-12,2.499871015548706,0.010554362062933587,0.013858372877708114,42.85714285714286,55.72991603106393,0.10126587775724621,-0.7279293509588983
2019-03-13,2.480289459228516,-0.00783302666353447,0.012414439046159966,42.85714285714286,52.791922741497565,0.0996551820701029,-0.6748715516324696
2019-03-14,2.473762035369873,-0.0026317185820211586,0.010874637991691291,42.85714285714286,51.81137926120458,0.09683371719546986,-0.6634276462241029
2019-03-15,2.473762035369873,0.0,0.009518648933197543,35.714285714285715,51.81137926120458,0.08969058264571193,-0.7248960598195937
2019-03-18,2.5063977241516118,0.013192735726037297,0.009277802087187025,-35.714285714285715,56.49672520181226,0.08592858116928744,-0.3281548106275065
2019-03-19,2.48681640625,-0.007812534185188014,0.008523850719631708,-35.714285714285715,53.157139539670794,0.07951220157245457,-0.2949505152268321
2019-03-20,2.473762035369873,-0.005249430897800944,0.007398855996863055,-35.714285714285715,50.99303189262455,0.07236883864470475,-0.3046080510238338
2019-03-21,2.473762035369873,0.0,0.006397890517642676,-35.714285714285715,50.99303189262455,0.06261160392033266,-0.5549206148685509
2019-03-22,2.480289459228516,0.002638662799943514,0.005736103846860173,-35.714285714285715,52.12333871246165,0.05320396050102251,-0.6054650652696919
2019-03-25,2.4345998764038086,-0.01842106882110406,0.003765307052798506,-92.85714285714286,44.403385651533846,0.057621130698270774,-0.859731544995663
2019-03-26,2.428072690963745,-0.0026810095175494597,0.0018851707391934602,-100.0,43.41413347903734,0.06288190937107431,-0.9870668849846008
2019-03-27,2.4345998764038086,0.0026882166519786033,0.0005955593697962207,-92.85714285714286,44.73996030889535,0.06503179380008794,-1.0180408757652593
2019-03-28,2.42154598236084,-0.00536182317656686,-0.0008499280471435672,-85.71428571428572,42.590683947988715,0.06927242640670904,-0.9349107713844292
2019-03-29,2.4607081413269043,0.016172378823830602,-0.0006742534161730322,-85.71428571428572,50.30381859778079,0.06645446765002135,-0.6659563511389957
2019-04-01,2.499871015548706,0.015915286158513675,0.0007186277489998418,-85.71428571428572,56.585500671545304,0.06079472193671689,-0.31868330230518943
2019-04-02,2.499871015548706,0.0,0.0017934512030387503,21.42857142857143,56.58550067154532,0.05639245627328111,-0.20960468539024613
2019-04-03,2.5063977241516118,0.0026108181431405697,0.0028160294129441236,21.42857142857143,57.62086698993074,0.04768227126059898,0.01790620428475815
2019-04-04,2.5390329360961914,0.013020763476645048,0.004567976983178693,35.714285714285715,62.44386443173193,0.047682271260600415,0.4492562348111921
2019-04-08,2.545560359954834,0.0025708307150511533,0.006106269432525759,42.85714285714286,63.34246821780669,0.05252954026787024,0.44824973608776614
2019-04-09,2.525978803634644,-0.007692434494280587,0.0066888866743769725,42.85714285714286,58.797447241048005,0.054865354704646006,0.31956072935683133
2019-04-10,2.5194520950317383,-0.0025838334801203677,0.006843604737305027,42.85714285714286,57.32110460817892,0.05607699502021611,0.2854511196676789
2019-04-11,2.5194520950317383,0.0,0.006873256929583254,42.85714285714286,57.32110460817892,0.05743349903541932,0.24798149425292457
2019-04-12,2.525978803634644,0.002590526970437823,0.007006661767718328,42.85714285714286,58.52876554793956,0.05892628418325287,0.20903342506332848
2019-04-15,2.5390329360961914,0.00516795012007365,0.007419163514434471,78.57142857142857,60.911208800261086,0.06122756109959928,-0.24615340775544822
2019-04-16,2.610831022262573,0.02827772934555628,0.009668396610381588,85.71428571428572,70.83516198234229,0.07399060501564772,0.1858843697827621
2019-04-17,2.630412340164185,0.007500032646556631,0.011988663678014088,92.85714285714286,72.85898393386645,0.08715927095858267,0.5170873459510289
2019-04-18,2.610831022262573,-0.007444200896803088,0.013230957792786047,92.85714285714286,67.79279961777259,0.09374233004686623,0.5211132361956023
2019-04-19,2.630412340164185,0.007500032646556631,0.01447278532785333,85.71428571428572,70.03654921086884,0.10114048348119728,0.600531116182791
2019-04-22,2.5651416778564453,-0.024813851923940478,0.01371892960662167,78.57142857142857,56.025570217461066,0.10122867906520851,0.29859973814291024
2019-04-23,2.578195333480835,0.005088863409407507,0.013023111603496132,64.28571428571429,57.84201580901974,0.097396438655439,0.20596697671343295
2019-04-24,2.5520873069763184,-0.010126473415521975,0.011694578969222314,64.28571428571429,53.11621038176112,0.09014152107620295,0.08153058666830408
2019-04-25,2.5390329360961914,-0.00511517409472706,0.010059461713505918,35.714285714285715,50.87786114431393,0.08220519339673205,0.021747289449943724
2019-04-26,2.5194520950317383,-0.007711928737150986,0.008063630411047042,35.714285714285715,47.635288991392535,0.07049024610194471,-0.06984304791526091
2019-05-06,2.4672350883483887,-0.020725540599211834,0.004792813113295982,-57.142857142857146,40.26544033760695,0.0695369683217781,-0.2883177434149082
2019-05-07,2.4672350883483887,0.0,0.002041879942085685,-64.28571428571429,40.26544033760695,0.07307763903210998,-0.30058485153589276
2019-05-08,2.428072690963745,-0.01587298979719831,-0.0014255276609485125,-71.42857142857143,35.48952503446094,0.0822053325390245,-0.39908054817986494
2019-05-09,2.408491611480713,-0.008064453570893804,-0.004834016750942438,-78.57142857142857,33.35898806200234,0.09358974829108203,-0.6323858323448077
2019-05-10,2.4476537704467773,0.01626003544267607,-0.006044929150906948,-78.57142857142857,40.989176170130484,0.09855925641168937,-0.5740022612250897
2019-05-13,2.42154598236084,-0.010666454709062911,-0.00792072988792119,-92.85714285714286,37.875720404089606,0.10563089050883077,-0.5212907707763913
2019-05-14,2.4019646644592285,-0.00808628786909138,-0.009974766880816933,-92.85714285714286,35.686288629047006,0.11416802189548735,-0.6768613848828957
2019-05-15,2.4476537704467773,0.019021556255006455,-0.009717560181747657,-71.42857142857143,43.84324180049825,0.11698191011703502,-0.6267008308017781
2019-05-16,2.4672350883483887,0.008000035845771247,-0.008842264013602462,-71.42857142857143,46.9487586414229,0.1182774551243307,-0.36262954529017055
2019-05-17,2.4345998764038086,-0.01322744318070912,-0.009294268844763542,-71.42857142857143,42.70953875677353,0.12143246831906804,-0.439440863789163
2019-05-20,2.4933431148529053,0.02412849808234907,-0.007347556016047238,-64.28571428571429,51.24349693517518,0.12111266801345358,-0.1555914095247999
2019-05-21,2.480289459228516,-0.0052354028399173025,-0.006361123080505901,-57.142857142857146,49.479677980044976,0.11539382882461503,-0.07778691170523676
2019-05-22,2.48681640625,0.0026315263314122816,-0.005261719744776622,-50.0,50.39900132181745,0.10523788308158688,-0.03815695629745809
2019-05-23,2.473762035369873,-0.005249430897800944,-0.004797423542504339,-42.85714285714286,48.4981089639565,0.09613499517031966,-0.01753067699928749
2019-05-24,2.473762035369873,0.0,-0.004357232607563376,35.714285714285715,48.4981089639565,0.08013972346932158,0.04807734211205398
2019-05-27,2.48681640625,0.005277132841993382,-0.003523138664687133,35.714285714285715,50.6565227762617,0.07357639136225512,0.11493192342041378
2019-05-28,2.5063977241516118,0.007874050473689609,-0.0022019493232185703,35.714285714285715,53.78521692035096,0.06407152567115917,0.24855725157232067
2019-05-29,2.5063977241516118,0.0,-0.0011633009190846807,85.71428571428572,53.785216920350955,0.058224053867245704,0.236316047169868
2019-05-30,2.5390329360961914,0.013020763476645048,0.0006933770281002444,92.85714285714286,58.83088601273061,0.058224053867246425,0.48408752903496627
2019-05-31,2.532505989074707,-0.002570642912383625,0.001928314157018818,100.0,57.47925754782563,0.05988520556972735,0.4810367074451546
2019-06-03,2.5352468490600586,0.001082271867144824,0.0029556186106392706,92.85714285714286,57.91650290693661,0.06425296456977045,0.564848530487237
2019-06-04,2.5352468490600586,0.0,0.0037284378239966632,85.71428571428572,57.91650290693659,0.0678768364655976,0.70637839829998
2019-06-05,2.5489509105682373,0.005405415063728158,0.0046972442893606844,85.71428571428572,60.28468038670793,0.07002577109739748,0.7079763918055377
2019-06-06,2.5489509105682373,0.0,0.0054184559300778715,92.85714285714286,60.28468038670795,0.06820429310869713,0.5919352115787928
2019-06-10,2.562654733657837,0.0053762601048070735,0.006316674365383157,100.0,62.71781213891266,0.07099768003304925,0.49200284793644783
2019-06-11,2.576358795166016,0.0053476035332384875,0.007358363118364529,85.71428571428572,65.02537165804819,0.07103568560675888,0.48415384420600277
2019-06-12,2.555802822113037,-0.007978691900968116,0.007540657084572832,85.71428571428572,59.11490290589012,0.06297125014774008,0.3875261455532788
2019-06-13,2.555802822113037,0.0,0.007551178672095272,85.71428571428572,59.11490290589011,0.060491932261337325,0.31413432990756607
2019-06-14,2.555802822113037,0.0,0.007473368762922203,78.57142857142857,59.11490290589012,0.059323727620887105,0.2588423655346839
2019-06-17,2.562654733657837,0.0026809233816929012,0.007520939758398516,71.42857142857143,60.60563944386344,0.052255994320784614,0.255006592782324
2019-06-18,2.576358795166016,0.0053476035332384875,0.007872646808854846,64.28571428571429,63.474162103338436,0.053533819371534626,0.37703993091844684
2019-06-19,2.5900628566741943,0.005319158780947353,0.008469098875678413,100.0,66.1301278519329,0.05404115295666251,0.24594642109676537
2019-06-20,2.610618829727173,0.00793647652218521,0.009430787820387261,100.0,69.69034655454922,0.05672361698070776,0.37332684925836634
2019-06-21,2.5832107067108154,-0.010498707319605782,0.009390101178768338,85.71428571428572,60.55108716361208,0.052672036542707,0.03388482409639439
2019-06-24,2.5900628566741943,0.002652571060338893,0.009359592766298877,85.71428571428572,61.896439946196836,0.04737278670483182,0.06050972729177635
2019-06-25,2.5695066452026367,-0.007936568573456593,0.008684298202449356,78.57142857142857,55.75352663361125,0.04115325248669656,-0.0789905698336489
2019-06-26,2.562654733657837,-0.0026666253452165556,0.007805682919829427,71.42857142857143,53.83560154438505,0.03688821176872959,-0.13131727534886756
2019-06-27,2.5695066452026367,0.0026737552487297034,0.0072041921785696815,35.714285714285715,55.48472453210287,0.0315574730906462,-0.2222341534706008
2019-06-28,2.562654733657837,-0.0026666253452165556,0.006471682913302933,35.714285714285715,53.429261276215726,0.030354621345080667,-0.1891772127121098
2019-07-01,2.576358795166016,0.0053476035332384875,0.006202358468360702,35.714285714285715,56.870633120104294,0.02835085984639022,-0.25146972792612116
2019-07-02,2.5832107067108154,0.0026595331200200967,0.006143455204751905,35.714285714285715,58.521048916111965,0.02654534553033111,-0.02426703150236064
2019-07-03,2.5832107067108154,0.0,0.006040184487726867,35.714285714285715,58.521048916111965,0.02404307768297382,0.17703170153405476
2019-07-04,2.5832107067108154,0.0,0.005890440370539483,-42.85714285714286,58.521048916111965,0.02297075671593683,0.3220659830371257
2019-07-05,2.5695066452026367,-0.005305049825233943,0.005310972069008041,-78.57142857142857,53.41510568198714,0.021369463114363444,0.4464467933553349
2019-07-08,2.542098999023437,-0.010666501380866555,0.003963220009031406,-85.71428571428572,44.96527088998711,0.023700149765728044,0.2030367616928294
2019-07-09,2.542098999023437,0.0,0.002817261982396929,-92.85714285714286,44.96527088998711,0.02586441830325501,0.08484579717233455
2019-07-10,2.5352468490600586,-0.0026954693605601987,0.0016768226973420694,-100.0,42.993261385320494,0.028193532724340584,0.027929599751919203
2019-07-11,2.542098999023437,0.002702754552645903,0.0009712207522179577,-92.85714285714286,45.564252998950344,0.029405816291593227,0.0012006270896628042
2019-07-12,2.5489509105682373,0.002695375572482561,0.0006242050935113227,-78.57142857142857,48.08559587964359,0.029884770933792253,0.26666441881070074
2019-07-15,2.5352468490600586,-0.005376353640770493,-8.206537063731753e-05,-100.0,43.723594343457684,0.03199893173157243,0.42582075063110975
2019-07-16,2.528394937515259,-0.0027026605110820334,-0.0008550271719813779,-71.42857142857143,41.687384234836905,0.034520097472144386,0.4626955780579686
2019-07-17,2.514690399169922,-0.005420252248568791,-0.0018933531300085484,-85.71428571428572,37.88694600814587,0.03741363492014144,0.23040719486295405
2019-07-18,2.5009865760803223,-0.005449507062230463,-0.003133423045103435,-92.85714285714286,34.49998671625904,0.038581997246335424,-0.10286488120906984
2019-07-19,2.514690399169922,0.00547936691090789,-0.0036043014117073838,-100.0,40.25210333491602,0.03980949148229268,-0.13328063907715124
2019-07-22,2.514690399169922,0.0,-0.003945526876658527,-78.57142857142857,40.252103334916015,0.03950786514198007,-0.23359502495440185
2019-07-23,2.528394937515259,0.005449791493163714,-0.0037129296020096516,-78.57142857142857,45.77512662372143,0.03940772683753226,-0.11615013471032594
2019-07-24,2.528394937515259,0.0,-0.0035051378999239285,-78.57142857142857,45.775126623721434,0.03948933886936231,-0.30476368764563566
2019-07-25,2.5352468490600586,0.002709984679661437,-0.003077871443376069,-71.42857142857143,48.5337564549741,0.03864310972435278,-0.3533968553968215
2019-07-26,2.5352468490600586,0.0,-0.0027154650845940013,-64.28571428571429,48.53375645497409,0.03811892737321317,-0.3424463198950206
2019-07-29,2.5352468490600586,0.0,-0.002400583007661091,-42.85714285714286,48.5337564549741,0.03612765971454042,-0.306257866309023
2019-07-30,2.5489509105682373,0.005405415063728158,-0.0016862076007904128,-42.85714285714286,54.33676439456667,0.03283541942915763,0.024794927756704624
2019-07-31,2.542098999023437,-0.0026881300524036478,-0.0013354351150900402,-42.85714285714286,51.226667429305394,0.02864727789160305,0.36359789906172857
2019-08-01,2.521543025970459,-0.008086220505525099,-0.0017006402442078005,50.0,43.23206127036423,0.023481335931323174,0.30068055181550296
2019-08-02,2.494134426116944,-0.01086977282212609,-0.0028570192073506333,-21.42857142857143,35.31753613648553,0.02330956947167391,0.25060250994065336
2019-08-05,2.4530224800109863,-0.016483452405556043,-0.00511504624379559,-28.571428571428573,27.2570155728088,0.03475253330633208,-0.08760824064338488
2019-08-06,2.41876220703125,-0.01396655483547904,-0.008014424622051718,-35.714285714285715,22.62324030057152,0.05003092250113902,-0.21462136763852732
2019-08-07,2.4119105339050293,-0.0028327187791769015,-0.010393334182326172,-35.714285714285715,21.824170155944557,0.061907791411105896,-0.5371609346543884
2019-08-08,2.425614595413208,0.0056818282915291896,-0.011601702045866268,-35.714285714285715,27.351248232437715,0.06795255199620959,-0.5062159353039245
2019-08-09,2.439318418502808,0.005649629217895358,-0.011944059009348093,-35.714285714285715,32.49121728566908,0.07011676440593771,-0.3490292991888641
2019-08-12,2.4530224800109863,0.0056179879609934424,-0.011613832482559878,-35.714285714285715,37.27084452200282,0.07099983166366705,-0.15072168820828938
2019-08-13,2.4530224800109863,0.0,-0.01127503538972919,-35.714285714285715,37.27084452200282,0.07173518556115803,0.14474782413088869
2019-08-14,2.4461705684661865,-0.0027932526508150923,-0.011135032171607146,-35.714285714285715,35.80103470387045,0.07321214433754926,0.06806398789480518
2019-08-15,2.4530224800109863,0.002801076765916566,-0.010620507590838518,-35.714285714285715,38.416453782914175,0.074276096669993,0.27012827050314675
2019-08-16,2.4461705684661865,-0.0027932526508150923,-0.0103725236833145,-35.714285714285715,36.80184420348773,0.07503032110959242,0.40994222047401463
2019-08-19,2.4530224800109863,0.002801076765916566,-0.009785862717976573,-35.714285714285715,39.538461873313665,0.0749955594845973,0.9333880268450959
2019-08-20,2.439318418502808,-0.005586602495431192,-0.009737462191955018,-21.42857142857143,36.165393452765755,0.0743582783916172,0.9566773808650089
2019-08-21,2.4324662685394287,-0.0028090428504143894,-0.009797103959350928,-21.42857142857143,34.57701103119431,0.07345558221639296,0.8892388848367762
2019-08-22,2.425614595413208,-0.0028167597696369118,-0.009963456639080697,-14.285714285714286,33.01553721458663,0.07137026103267866,0.6256219787291016
2019-08-23,2.425614595413208,0.0,-0.009958564330052006,-7.142857142857143,33.01553721458662,0.06804546194668613,0.4646431811156897
2019-08-26,2.4119105339050293,-0.005649727509923763,-0.010350410926773608,42.85714285714286,29.88497600719547,0.06432230232394502,0.2121183081503882
2019-08-27,2.4461705684661865,0.014204521303569306,-0.009230884054772716,-57.142857142857146,44.144184230745005,0.05395055966530893,0.5309336271515533
2019-08-28,2.425614595413208,-0.008403327763798485,-0.009109039164335643,-57.142857142857146,39.01706050912813,0.042005678832980904,0.5358958752812286
2019-08-29,2.41876220703125,-0.0028250111930047117,-0.009099543896653597,-57.142857142857146,37.45534225887614,0.03116693904804216,0.4105862018647022
2019-08-30,2.41876220703125,0.0,-0.008968187671055361,-57.142857142857146,37.45534225887614,0.02395149953588555,0.22363183435250297
2019-09-02,2.425614595413208,0.002833014490650765,-0.00851295888656179,-57.142857142857146,40.22994713419982,0.023157395193610097,0.12611541479445998
2019-09-03,2.4324662685394287,0.0028247163169190515,-0.007831678156646241,-57.142857142857146,42.9549576392622,0.022484104874544067,0.07450451252707678
2019-09-04,2.466726541519165,0.014084582969492887,-0.006019115042626933,50.0,54.19933040849434,0.02366552464225847,0.5924039468528407
2019-09-05,2.480430603027344,0.0055555657579049456,-0.004149412171685296,57.142857142857146,57.78391205813801,0.02785468427607369,0.6309565040951931
2019-09-06,2.4872827529907227,0.002762484044107394,-0.00243621376422736,57.142857142857146,59.49109248973793,0.03260572540018011,0.6816726291825544
2019-09-09,2.4872827529907227,0.0,-0.0010751571751265148,71.42857142857143,59.491092489737916,0.0362166630703488,0.46265254282705187
2019-09-10,2.480430603027344,-0.0027548737493312547,-0.00021690936060271419,71.42857142857143,56.82596713632731,0.03838641330369716,0.3360267492972111
2019-09-11,2.507838487625122,0.01104964781692619,0.0013270953754127503,71.42857142857143,63.80974855445801,0.04437262604342683,0.6414318690732078
2019-09-12,2.507838487625122,0.0,0.0025198048111823817,92.85714285714286,63.80974855445801,0.0491396435979636,0.7194846937348518
2019-09-16,2.507838487625122,0.0,0.0034255480464869237,92.85714285714286,63.80974855445801,0.05300919418519056,0.9553688294872511
2019-09-17,2.480430603027344,-0.010928887459468184,0.00325994585192269,64.28571428571429,53.08486084582119,0.05379643642489065,0.7973783264412638
2019-09-18,2.466726541519165,-0.005524871968380585,0.0026372345989987326,64.28571428571429,48.67923202892305,0.05355769141615314,0.39563211032394413
2019-09-19,2.473578453063965,0.002777734552035005,0.0023202526656248986,64.28571428571429,50.874518364458766,0.05302306922300362,0.27856505412052335
2019-09-20,2.473578453063965,0.0,0.0020511868542548452,64.28571428571429,50.874518364458766,0.05170679858829636,0.04851784981481462
2019-09-23,2.466726541519165,-0.0027700401158946564,0.0016004664533014587,57.142857142857146,48.46993503477227,0.04994572871599138,-0.13362687538576246
2019-09-24,2.466726541519165,0.0,0.0012246350272622697,50.0,48.46993503477227,0.046080374195639186,-0.39144000756935554
2019-09-25,2.459874391555786,-0.0027778312058697185,0.0006965658212920855,42.85714285714286,45.950989005014144,0.045542002807334704,-0.5411786659823311
2019-09-26,2.473578453063965,0.005571041169915691,0.0007126688721796191,-57.142857142857146,51.391793779785374,0.04288735454108673,-0.5401820978626017
2019-09-27,2.466726541519165,-0.0027700401158946564,0.000500601976035004,-71.42857142857143,48.74943312891462,0.038590988349880034,-0.29277263083096117
2019-09-30,2.4530224800109863,-0.0055555657579047235,-0.00011663012106005426,-71.42857142857143,43.88898725520324,0.03406205961008909,-0.4720399019860504
2019-10-08,2.466726541519165,0.005586602495431414,-0.00015456015636670348,-71.42857142857143,49.32957446384989,0.029269344658631034,-0.40355401112444483
2019-10-09,2.480430603027344,0.0055555657579049456,0.00025871800847669717,-71.42857142857143,54.12031629121351,0.024586368019996734,-0.137751653524343
2019-10-10,2.466726541519165,-0.005524871968380585,0.00013893110867622206,-71.42857142857143,49.119019912016086,0.024586368019996734,-0.12022088622216331
2019-10-11,2.494134426116944,0.011111034861975178,0.0009185162965161062,-57.142857142857146,57.565118730316215,0.025242332360215745,0.2694804206931371
2019-10-14,2.514690399169922,0.008241726202777855,0.0021596911833429346,42.85714285714286,62.58194544048391,0.02815738943966688,0.16565608200637935
2019-10-15,2.521543025970459,0.002725037962048482,0.0033217224652654243,42.85714285714286,64.10543178616155,0.031681460581362945,0.11342694587125199
2019-10-16,2.528394937515259,0.0027173486528799806,0.004403692046612197,57.142857142857146,65.61304665624542,0.03567060672703601,-0.22514766904871672
2019-10-17,2.521543025970459,-0.002709984679661437,0.0050056412900879145,57.142857142857146,62.77366452809841,0.037148368551069816,-0.5586173779328324
2019-10-18,2.507838487625122,-0.005434980963714642,0.005004473725996515,57.142857142857146,57.42131890542689,0.037148368551069816,-0.8386365133217679
2019-10-21,2.528394937515259,0.008196879500642629,0.005533620254576094,57.142857142857146,62.575827424707285,0.03943181824329837,-0.6224203875913685
2019-10-22,2.528394937515259,0.0,0.00591701026181771,57.142857142857146,62.575827424707285,0.04207875857916497,-0.4093236026520357
2019-10-23,2.542098999023437,0.005420063655737994,0.006546842180695878,57.142857142857146,65.77885141175909,0.04525582124041878,-0.08849716292414762
2019-10-24,2.5695066452026367,0.0107815022899298,0.007767006277051984,100.0,71.10525399446271,0.05210730230869586,0.2883497009670864
2019-10-25,2.555802822113037,-0.005333250690433222,0.008308038361647629,92.85714285714286,65.60677250332715,0.05518167992148295,0.49114206553652634
2019-10-28,2.542098999023437,-0.0053618467633861355,0.008220971078843415,85.71428571428572,60.563239617769185,0.05542646020147011,0.34126109696592766
2019-10-29,2.528394937515259,-0.005390844933042649,0.007635101234988071,78.57142857142857,55.93257589999796,0.05415552845354493,0.10758145364717663
2019-10-30,2.528394937515259,0.0,0.007054166439250263,71.42857142857143,55.93257589999796,0.05160129666554277,0.0019131792939403275
2019-10-31,2.5352468490600586,0.002709984679661437,0.006716607943301684,64.28571428571429,57.80344316138167,0.05030381152568606,0.2937327778021717
2019-11-01,2.5352468490600586,0.0,0.006390533474743939,57.142857142857146,57.80344316138167,0.04763131674812325,0.5482208587045293
2019-11-04,2.5352468490600586,0.0,0.0060622354327145725,28.571428571428573,57.80344316138167,0.041674617288110484,0.5923470932143262
2019-11-05,2.5489509105682373,0.005405415063728158,0.006133981051036351,28.571428571428573,61.84937505734438,0.03749795666092456,0.726289054913058
2019-11-06,2.562654733657837,0.0053762601048070735,0.006539541867555401,28.571428571428573,65.41999579301535,0.03570373557163496,0.9589116474613544
2019-11-07,2.555802822113037,-0.0026737552487298144,0.006612853590278138,28.571428571428573,62.28126423769259,0.02846576046370684,0.8734385405669509
2019-11-08,2.521543025970459,-0.013404710193665625,0.005586762814542722,21.42857142857143,49.494554859463626,0.02499619150440636,0.4510195526116504
2019-11-11,2.494134426116944,-0.01086977282212609,0.0038232385255530734,-85.71428571428572,42.05559935598583,0.02796972195369884,-0.08495470688569844
2019-11-12,2.507838487625122,0.005494515999089122,0.0027729623086051583,-92.85714285714286,46.39386522679477,0.029144830109039892,-0.08568992763040038
2019-11-13,2.5009865760803223,-0.002732198097529226,0.0017216147024254162,-92.85714285714286,44.59603742390279,0.031254423369633196,0.002389873677319751
2019-11-14,2.480430603027344,-0.008219145696173435,0.00021847500793698918,-92.85714285714286,39.63393520789489,0.03593973859982863,-0.08439582894341434
2019-11-15,2.473578453063965,-0.002762484044107616,-0.0011965410246212202,-100.0,38.11163428651961,0.040333052791911475,-0.20659925581799998
2019-11-18,2.480430603027344,0.0027701365019943136,-0.002065309449026064,-50.0,40.56987627760616,0.04367963134165375,-0.1153530627881164
2019-11-19,2.4872827529907227,0.002762484044107394,-0.002497752802005392,-50.0,43.00777636965914,0.04573173001110023,0.01738150277583673
2019-11-20,2.480430603027344,-0.0027548737493312547,-0.0030406937293646717,-50.0,41.18821413376791,0.04769344753469409,-0.11582982667570202
2019-11-21,2.4872827529907227,0.002762484044107394,-0.003196816779856857,-50.0,43.75104004354865,0.045716812706454994,0.06931950501930036
2019-11-22,2.473578453063965,-0.0055097474986628425,-0.0037494499511946553,-50.0,39.99701631889055,0.045869494137273724,-0.14797373761239632
2019-11-25,2.5009865760803223,0.011080353235777718,-0.003206388814965827,-50.0,49.35627401420232,0.04480368855739773,-0.06391753774438337
2019-11-26,2.514690399169922,0.00547936691090789,-0.0023267170635446533,-50.0,53.28016548138336,0.04438825146069286,0.2300518612642049
2019-11-27,2.507838487625122,-0.0027247535311152316,-0.0018470822137715574,-50.0,51.14633203748657,0.04390994585549657,0.3390563719398041
2019-11-28,2.5009865760803223,-0.002732198097529226,-0.0016677797872115818,-42.85714285714286,49.03159833546913,0.04296035434720014,0.3510553749346254
2019-11-29,2.4872827529907227,-0.005479366910908001,-0.0019521268371570704,42.85714285714286,45.02217135532159,0.04228919569907586,0.23186008005188613
2019-12-02,2.480430603027344,-0.0027548737493312547,-0.0023717561583533058,42.85714285714286,43.123331402576156,0.04164986048430808,-0.05128243711900648
2019-12-03,2.473578453063965,-0.002762484044107616,-0.0028976457420700165,42.85714285714286,41.249769140675674,0.039134098975393945,-0.1616922815634463
2019-12-04,2.466726541519165,-0.0027700401158946564,-0.0035021714030876823,42.85714285714286,39.40607620797581,0.032875265200061635,-0.41068801641652786
2019-12-05,2.480430603027344,0.0055555657579049456,-0.00346714473741943,42.85714285714286,44.72717101305184,0.023964263335967302,-0.3530339295735983
2019-12-06,2.480430603027344,0.0,-0.0034153500831751596,42.85714285714286,44.727171013051844,0.021161438650734905,-0.29534984269473097
2019-12-09,2.480430603027344,0.0,-0.0033358488573920955,-35.714285714285715,44.727171013051844,0.021195935008224292,-0.2440984086476
2019-12-10,2.473578453063965,-0.002762484044107616,-0.0034654886552911014,-71.42857142857143,42.40182249043267,0.020295090288548194,-0.20140961717313077
2019-12-11,2.473578453063965,0.0,-0.003520325640227461,-71.42857142857143,42.40182249043267,0.019882253004232662,-0.33310319713806213
2019-12-12,2.473578453063965,0.0,-0.0035231714188503514,-85.71428571428572,42.401822490432664,0.020196378204172125,-0.36123562339424864
2019-12-13,2.5009865760803223,0.011080353235777718,-0.0025728401163118853,-85.71428571428572,54.27738458265421,0.02066164837240618,-0.02823297519184572
2019-12-16,2.5009865760803223,0.0,-0.0018292085720187422,-85.71428571428572,54.27738458265421,0.02128338513325556,0.22912357565956104
2019-12-17,2.521543025970459,0.008219336355796747,-0.0005654246129780906,21.42857142857143,61.23042370887289,0.024608460084029244,0.38847926869127325
2019-12-18,2.514690399169922,-0.002717632310834661,0.00020324081741587607,21.42857142857143,58.06071302806421,0.026115147279471673,0.09240617536004897
2019-12-19,2.528394937515259,0.005449791493163714,0.0012323875617933,21.42857142857143,62.26758220180228,0.029366056315697404,0.11635931428440602
2019-12-20,2.5352468490600586,0.002709984679661437,0.002235640463447835,21.42857142857143,64.20106406589346,0.032198575625596915,0.3927161684018795
2019-12-23,2.514690399169922,-0.008108263657938486,0.002371210318043878,21.42857142857143,55.081892779197005,0.03287566557759549,0.30125120933831645
2019-12-24,2.514690399169922,0.0,0.0024360853871163387,21.42857142857143,55.081892779197005,0.03287566557759549,0.2384516792629169
2019-12-25,2.507838487625122,-0.0027247535311152316,0.0022479175410669936,21.42857142857143,52.21481239351904,0.03287566557759549,0.10822362756393653
2019-12-26,2.521543025970459,0.005464681403113403,0.0024919717543718444,21.42857142857143,57.03219887260068,0.03406425478221455,0.2972075984352873
2019-12-27,2.528394937515259,0.0027173486528799806,0.002873316560913051,21.42857142857143,59.24446231107176,0.03559160994645149,0.4813333570308658
2019-12-30,2.542098999023437,0.005420063655737994,0.0035577242648451297,21.42857142857143,63.31291401611245,0.03793667564322137,1.0336715093385893
2019-12-31,2.528394937515259,-0.005390844933042649,0.0036551986875686037,21.42857142857143,57.16717705673534,0.03751398264108899,1.1734201503745427
2020-01-02,2.5489509105682373,0.008130048335399431,0.004288490247148943,100.0,62.973113580402625,0.03783307287663357,1.0854259051254238
2020-01-03,2.542098999023437,-0.0026881300524036478,0.004556693166135833,92.85714285714286,60.05114674711155,0.03803401908699381,0.8490159321940962
2020-01-06,2.528394937515259,-0.005390844933042649,0.004298975460463724,85.71428571428572,54.594895169814784,0.036632072623883516,0.400522347154521
2020-01-07,2.5489509105682373,0.008130048335399431,0.004639549859834318,100.0,60.40620039029717,0.036338399566105184,0.2992541282746682
2020-01-08,2.528394937515259,-0.00806448369317403,0.0042718008586574065,57.142857142857146,53.08880331320249,0.03273519643718295,0.23950971097255733
2020-01-09,2.528394937515259,0.0,0.003905444408436934,57.142857142857146,53.08880331320249,0.02803601488044299,0.09469023521131135
2020-01-10,2.528394937515259,0.0,0.0035739065125839596,57.142857142857146,53.08880331320249,0.021540541596777943,0.0278856225649434
2020-01-13,2.5352468490600586,0.002709984679661437,0.0034801762103673414,57.142857142857146,55.34102735382837,0.0197821371727194,-0.0019826087677508367
2020-01-14,2.528394937515259,-0.0027026605110820334,0.0031676124282553914,57.142857142857146,52.62037113254493,0.017299605110932644,-0.01407568158904696
2020-01-15,2.514690399169922,-0.005420252248568791,0.002460189041495829,57.142857142857146,47.58182863771276,0.017812331328016972,-0.14701807571468606
2020-01-16,2.5009865760803223,-0.005449507062230463,0.0014374937199273788,-50.0,43.13414183597374,0.019667696968810502,-0.5194057047760757
2020-01-17,2.5009865760803223,0.0,0.0006092935350872785,-57.142857142857146,43.134141835973736,0.021725159193111993,-0.8589364975511629
2020-01-20,2.507838487625122,0.002739683455454056,0.00017155546980196585,-64.28571428571429,46.05802032987437,0.02237799256743479,-0.8313355727435864
2020-01-21,2.494134426116944,-0.005464491264409843,-0.0006113068052280707,-71.42857142857143,41.46582579827013,0.024589858655170955,-1.1133354333063257
2020-01-22,2.494134426116944,0.0,-0.0012184324956485428,-78.57142857142857,41.46582579827013,0.026521803925751538,-0.9966234754218534
2020-01-23,2.473578453063965,-0.008241726202778077,-0.0023571017281968317,-85.71428571428572,35.33669312749297,0.031220177632523112,-1.079355620796253
2020-02-03,2.3502421379089355,-0.049861493174900295,-0.0075694036848448654,-92.85714285714286,18.074161756058814,0.06707387835616295,-1.0649234224475048
2020-02-04,2.3982064723968506,0.020408252287821727,-0.00964509374678373,-92.85714285714286,31.988779540261415,0.07778537278278422,-0.7321182231771313
2020-02-05,2.3982064723968506,0.0,-0.011280040442745214,-78.57142857142857,31.988779540261415,0.08531752867510405,-0.4630737589755638
2020-02-06,2.4050583839416504,0.0028570982622491137,-0.012169747282565964,-78.57142857142857,33.850188042250856,0.09077421224483248,-0.13703978402549846
2020-02-07,2.4050583839416504,0.0,-0.012753302532700461,-71.42857142857143,33.850188042250856,0.09349311317850362,0.2567981902340971
2020-02-10,2.3982064723968506,-0.0028489585078471658,-0.013330412295378935,-64.28571428571429,32.80878082313258,0.09609790991292795,0.4792019322885532
2020-02-11,2.41876220703125,0.008571294786747563,-0.012808566427608368,-50.0,38.883470808033636,0.09661655994582873,0.6833131939288697
2020-02-12,2.425614595413208,0.002833014490650765,-0.01208227982920804,-50.0,40.80475697781824,0.09388727534463898,0.791593634669245
2020-02-13,2.41876220703125,-0.0028250111930047117,-0.011662214530596827,-42.85714285714286,39.468563411491644,0.09260858887572637,0.514718838424915
2020-02-14,2.439318418502808,0.008498649189987217,-0.010406982787847404,-35.714285714285715,45.2595521091167,0.08955983897268195,0.4836336072693417
2020-02-17,2.466726541519165,0.011235975921987107,-0.008391337297526358,-28.571428571428573,51.87103876916456,0.08571884354162193,0.6149695956171908
2020-02-18,2.4530224800109863,-0.0055555657579047235,-0.007290779464843817,-21.42857142857143,48.70361162110652,0.08025578479168285,0.36369868010460593
2020-02-19,2.466726541519165,0.005586602495431414,-0.005830477177610938,-14.285714285714286,51.86875554996858,0.0751074766457359,0.16977856942973046
2020-02-20,2.4872827529907227,0.008333396963774442,-0.0039539336290244,92.85714285714286,56.231381465344164,0.07240776414763103,0.2530187613465964
2020-02-21,2.480430603027344,-0.0027548737493312547,-0.0027036109079450763,92.85714285714286,54.45938803748304,0.07066534952908293,0.2698557507180015
2020-02-24,2.459874391555786,-0.00828735601248809,-0.0023653474005178726,85.71428571428572,49.427269381729154,0.06775028631566106,-0.0033859324927537457
2020-02-25,2.4461705684661865,-0.005570944246845233,-0.0025140811367620423,78.57142857142857,46.35235338985064,0.06321795459359275,-0.11680808262789673
2020-02-26,2.466726541519165,0.008403327763798485,-0.0019052169563475692,64.28571428571429,51.251381474819446,0.06074540178716776,0.13319011473501777
2020-02-27,2.480430603027344,0.0055555657579049456,-0.0009742972167028133,64.28571428571429,54.25081057407225,0.0592232994724482,0.45796407053568744
2020-02-28,2.4324662685394287,-0.019337099949248926,-0.0018198390602421086,57.142857142857146,44.03776319650302,0.05764773753369914,0.1559278414934614
2020-03-02,2.466726541519165,0.014084582969492887,-0.0013045789780307935,50.0,51.11668114579763,0.04889734190812244,0.131436813438841
2020-03-03,2.480430603027344,0.0055555657579049456,-0.0004600859924581618,28.571428571428573,53.642680819989764,0.04803653229859831,0.22830352923315722
2020-03-04,2.4872827529907227,0.002762484044107394,0.0004203578170475117,92.85714285714286,54.89765269907283,0.046876244048742584,0.32406677904897413
2020-03-05,2.507838487625122,0.008264333682884706,0.001749187991646064,100.0,58.52502890695599,0.048108704025879336,0.4544137203616761
2020-03-06,2.4872827529907227,-0.008196594292587567,0.00213671436224633,42.85714285714286,53.8600973849643,0.04563993430111859,0.2123820832289726
2020-03-09,2.4461705684661865,-0.016528954930878914,0.0011043608608386551,42.85714285714286,45.96816992090601,0.040044436599308425,-0.12451395881266066
2020-03-10,2.459874391555786,0.005602153531833354,0.0006978022472020659,42.85714285714286,48.668139251338815,0.036819641486239243,-0.1872197624583737
2020-03-11,2.459874391555786,0.0,0.0003761414602411407,42.85714285714286,48.66813925133882,0.03411264402852973,-0.33882523210574084
2020-03-12,2.4530224800109863,-0.0027854721234226165,-0.0001026473148705015,42.85714285714286,47.29761180560822,0.029916629943179725,-0.29708913494066264
2020-03-13,2.439318418502808,-0.005586602495431192,-0.0009282608450765725,-42.85714285714286,44.59284157727556,0.029916629943179725,-0.09394817390880816
2020-03-16,2.425614595413208,-0.005617890221158994,-0.0020235979110627125,-42.85714285714286,42.0059450799155,0.033231130665660115,-0.1237244821985963
2020-03-17,2.439318418502808,0.005649629217895358,-0.0023904106205773754,-57.142857142857146,45.41601901712144,0.034194750886558475,0.14840843844851256
2020-03-18,2.3982064723968506,-0.016853866143146212,-0.0040725717094085056,-64.28571428571429,38.16559602325647,0.04130635682907554,-0.03790909476094181
2020-03-19,2.3707985877990723,-0.011428492464364837,-0.00629561156627232,-71.42857142857143,34.24101681114994,0.05088003506852158,-0.11090775622198104
2020-03-20,2.3982064723968506,0.011560612841102769,-0.006926389999544344,-71.42857142857143,40.79715787850684,0.05369118526667376,-0.04271419340617383
2020-03-23,2.3570945262908936,-0.017142788404231224,-0.008918429616137076,-71.42857142857143,35.13804903779763,0.06303850255351401,-0.17878091723630607
2020-03-24,2.384502410888672,0.011627825822033255,-0.009247752149644616,-71.42857142857143,41.012537028801106,0.06671980701740618,-0.2187692184997383
2020-03-25,2.4050583839416504,0.008620655176992509,-0.008717853772332262,-71.42857142857143,45.03345884014925,0.06737590224341874,-0.31128231081015484
2020-03-26,2.4050583839416504,0.0,-0.008265268628577668,-64.28571428571429,45.03345884014925,0.06662295203327626,-0.31988537687638696
2020-03-27,2.4119105339050293,0.0028490576399848866,-0.00756765210263073,-57.142857142857146,46.44478016276328,0.0671697721270397,-0.3732399459171192
2020-03-30,2.4119105339050293,0.0,-0.00695324244992601,-42.85714285714286,46.44478016276328,0.06652357001081348,-0.08720133575588679
2020-03-31,2.384502410888672,-0.011363656583058268,-0.0073830288596496724,-42.85714285714286,41.50152171501838,0.06598180503101267,-0.19791462083555242
2020-04-01,2.384502410888672,0.0,-0.007573001702245538,-35.714285714285715,41.50152171501838,0.06356577311566738,-0.45395743684790674
2020-04-02,2.3982064723968506,0.005747136780235529,-0.007136065810258449,-21.42857142857143,44.9020855892099,0.05504020147946972,-0.26165884875739276
2020-04-03,2.391354322433472,-0.0028571976776170516,-0.006994227347051207,-21.42857142857143,43.53923147346583,0.04861231619424291,-0.15927431659944133
2020-04-07,2.4050583839416504,0.005730669595726434,-0.006294156708188512,-14.285714285714286,47.00369183599132,0.04682377839030746,-0.19698735215502736
2020-04-08,2.391354322433472,-0.005698016147832052,-0.006195005909789225,-7.142857142857143,44.090188935566644,0.043066941070827626,-0.19751384987791082
2020-04-09,2.391354322433472,0.0,-0.006018465540471633,42.85714285714286,44.090188935566644,0.03807935534260634,-0.3148677460814572
2020-04-10,2.3982064723968506,0.002865384647978697,-0.005567034546379456,28.571428571428573,46.030100881693556,0.0328271136632096,-0.2524728581061222
2020-04-13,2.4119105339050293,0.005714295939866387,-0.004680791214755968,28.571428571428573,49.78287931420503,0.029582053996722164,-0.0969080227301101
2020-04-14,2.41876220703125,0.002840765870004036,-0.0037206973156934694,21.42857142857143,51.59514658413471,0.02879742607202211,0.05404596572472122
2020-04-15,2.425614595413208,0.002833014490650765,-0.00270282168747372,57.142857142857146,53.40618927547861,0.0263899468490987,0.3364595656125259
2020-04-16,2.4324662685394287,0.0028247163169190515,-0.0016527724098794301,64.28571428571429,55.210675777189635,0.029329786180151834,0.5355454485466555
2020-04-17,2.4530224800109863,0.00845076938472844,-0.00014187953286336167,71.42857142857143,60.19181731887738,0.033272685767408314,0.7801257347702393
2020-04-20,2.4324662685394287,-0.008379952340047625,0.0003672251509094026,71.42857142857143,53.75385180814366,0.03484665862104586,0.6548290208383203
2020-04-21,2.439318418502808,0.002816955799964216,0.0009847911301777694,71.42857142857143,55.46383739433737,0.031874071147072795,0.7906489319119473
2020-04-22,2.41876220703125,-0.008427030811407943,0.0007926626424449952,71.42857142857143,49.54522877508967,0.03063595121217193,0.46829524167002956
2020-04-23,2.3707985877990723,-0.019829820018168465,-0.0009746488815620228,-28.571428571428573,39.06917912803695,0.033843999681820204,0.38426631688373697
2020-04-24,2.3502421379089355,-0.008670685901336017,-0.003079128452027063,-28.571428571428573,35.59533997446477,0.039994842457799946,0.009895782210840523
2020-04-27,2.3570945262908936,0.002915609532920138,-0.00444063708272449,-28.571428571428573,37.58750585243995,0.043705403631342704,-0.2567696211856304
2020-04-28,2.3502421379089355,-0.0029071334668706594,-0.005712268216407979,-50.0,36.375777760629816,0.04764511907824956,-0.26316325706958643
2020-04-29,2.3707985877990723,0.008746524265974776,-0.005884125474441138,-50.0,42.377108253131865,0.04854022025786564,-0.03703453486374093
2020-04-30,2.384502410888672,0.005780256138216089,-0.005497640085935383,-50.0,46.03172553018665,0.04854022025786564,0.1702085925337855
2020-05-06,2.3639461994171143,-0.0086207551637143,-0.005897215232439454,-50.0,41.75383880282858,0.0502765628428935,0.3724448766637938
2020-05-07,2.3570945262908936,-0.0028984048486002667,-0.00635524501683578,-50.0,40.40594542051644,0.052429579728387445,0.4281109579774327
2020-05-08,2.3707985877990723,0.00581396348569152,-0.006128820617779733,-50.0,44.28034906583543,0.053133970407744785,0.4929582719504708
2020-05-11,2.3707985877990723,0.0,-0.005910359914502553,-50.0,44.28034906583543,0.053846137387681944,0.4836148862378677
2020-05-12,2.3570945262908936,-0.00578035670288668,-0.0061686145835729385,-50.0,41.17570152035649,0.05549058654555402,0.18211805134335687
2020-05-13,2.3707985877990723,0.00581396348569152,-0.0057763555036510995,-42.85714285714286,45.305506614684255,0.05597049176198619,0.11408179568661184
2020-05-14,2.3639461994171143,-0.0028903291984493373,-0.005678118035836455,-28.571428571428573,43.65512129272033,0.056170545158481494,0.07586947428161052
2020-05-15,2.3639461994171143,0.0,-0.005523324970190892,-28.571428571428573,43.65512129272033,0.05557378286249215,0.053816150309275675
2020-05-18,2.3639461994171143,0.0,-0.0053391044775036225,-21.42857142857143,43.65512129272033,0.05387795506189057,-0.02927879714856378
2020-05-19,2.3707985877990723,0.002898707417134716,-0.004888521374709632,14.285714285714286,46.10711766291616,0.050428599565558875,-0.06161827679344316
2020-05-20,2.377650260925293,0.0028900275044374535,-0.004249057799146602,14.285714285714286,48.5195071103499,0.041648368525568934,0.12804756746831078
2020-05-21,2.3639461994171143,-0.005763699452940418,-0.0041946271430955235,14.285714285714286,44.252788542077646,0.03548076320451195,-0.007037368202176166
2020-05-22,2.343390226364136,-0.008695617970513325,-0.00482046569885831,-92.85714285714286,38.748447349191025,0.0257553237391813,-0.41131971997302075
2020-05-25,2.3570945262908936,0.005848065666818281,-0.004732842775963075,-92.85714285714286,43.769981586115044,0.016396751046760843,-0.34986980584560506
2020-05-26,2.3502421379089355,-0.0029071334668706594,-0.004878304857100811,-21.42857142857143,41.91941654389581,0.016918685970199996,-0.48005032687277527
2020-05-27,2.3639461994171143,0.005830914733054415,-0.004434862877281127,-21.42857142857143,46.766750895251256,0.016182447890027644,-0.22982098423781513
2020-05-28,2.377650260925293,0.005797112265734983,-0.0035758763764719434,28.571428571428573,51.15672043166457,0.0167567415519334,0.05994590430824587
2020-05-29,2.3639461994171143,-0.005763699452940418,-0.00336131301163856,28.571428571428573,46.9840536948088,0.015803257636400996,-0.07726745268039381
2020-06-01,2.377650260925293,0.005797112265734983,-0.0026607883962736366,42.85714285714286,51.26497171178801,0.016333533013036323,-0.033758374013587694
2020-06-02,2.384502410888672,0.002881899863906856,-0.0018615407744225322,50.0,53.295689626878904,0.016333533013036323,-0.01283856412507622
2020-06-03,2.3982064723968506,0.005747136780235529,-0.0007573125718979352,57.142857142857146,57.14202499460062,0.020219115203963717,-0.11734375689489707
2020-06-04,2.3982064723968506,0.0,0.00010811968561588995,64.28571428571429,57.142024994600625,0.02272632863776043,-0.4050755006340006
2020-06-05,2.3982064723968506,0.0,0.000784932768447363,64.28571428571429,57.142024994600625,0.025063022668432862,-0.4866536192381509
2020-06-08,2.4050583839416504,0.0028570982622491137,0.0015298002069908435,64.28571428571429,59.23834919263394,0.028030836429873657,-0.19177645619454195
2020-06-09,2.4050583839416504,0.0,0.0020977042269790655,64.28571428571429,59.23834919263394,0.029738291462787864,0.18791448761263435
2020-06-10,2.3982064723968506,-0.0028489585078471658,0.002298017423637184,64.28571428571429,56.05828439412929,0.030862998825191848,0.3394110422455517
2020-06-11,2.384502410888672,-0.005714295939866387,0.0019795445189165,64.28571428571429,50.248280042989826,0.030606333585833628,0.03704162323778116
2020-06-12,2.384502410888672,0.0,0.0016971224177781945,57.142857142857146,50.248280042989826,0.03024931833877282,0.27172578259949814
2020-06-15,2.3570945262908936,-0.011494173573749378,0.0005458713228995047,50.0,40.50977902747757,0.030813794742185378,-0.05609496678208146
2020-06-16,2.377650260925293,0.00872079350451238,0.0003151397908335626,42.85714285714286,48.5617029690172,0.030685187726610153,0.11680882042939351
2020-06-17,2.3707985877990723,-0.0028816993141599356,-9.568154881072502e-05,-57.142857142857146,46.311650440472505,0.030813794742185378,0.18427253311949798
2020-06-18,2.3707985877990723,0.0,-0.00041717329222765864,-57.142857142857146,46.311650440472505,0.03046799561706634,0.19498639421993602
2020-06-19,2.377650260925293,0.0028900275044374535,-0.0004325067152593626,-57.142857142857146,49.04954179014275,0.027318080063950752,0.3952992753918509
2020-06-22,2.3707985877990723,-0.0028816993141599356,-0.0006723497563344501,-57.142857142857146,46.496036437888364,0.026119555942571388,0.3184541316188726
2020-06-23,2.3570945262908936,-0.00578035670288668,-0.0013203627988413527,-57.142857142857146,41.8079264420494,0.02508712758641209,-0.13185491283125317
2020-06-24,2.3707985877990723,0.00581396348569152,-0.0013383825690563775,-57.142857142857146,47.50775378623357,0.024542988345040116,-0.1803090037755015
2020-06-29,2.377650260925293,0.0028900275044374535,-0.0011094780915745632,-28.571428571428573,50.13744304916633,0.024542988345040116,-0.1804971198463861
2020-06-30,2.384502410888672,0.002881899863906856,-0.000688635349843489,-28.571428571428573,52.690009425409635,0.02360446898750539,-0.03294062914496041
2020-07-01,2.3982064723968506,0.005747136780235529,0.000104296201874897,64.28571428571429,57.38828645588461,0.024196087483405664,0.24495836472234434
2020-07-02,2.4530224800109863,0.02285708434409761,0.00248776146290272,71.42857142857143,70.15543267609527,0.03506915343749193,1.096345257613527
2020-07-03,2.4872827529907227,0.01396655483547904,0.005367795727311094,78.57142857142857,75.16401026543357,0.050611733371510405,1.835921551272487
2020-07-06,2.65173077583313,0.06611553215840615,0.012066311525891174,85.71428571428572,86.70097324909297,0.10708776226431645,2.99332225110228
2020-07-07,2.6174707412719727,-0.012919876660704044,0.016621843274651552,92.85714285714286,78.51779610985918,0.13144773947926133,2.0941991188037266
2020-07-08,2.6174707412719727,0.0,0.019877830516256998,92.85714285714286,78.51779610985919,0.14960532078439823,1.280586289857455
2020-07-09,2.5832107067108154,-0.013088984729016873,0.021438765832927253,57.142857142857146,70.77099110992377,0.15905791312919457,0.5576331075248451
2020-07-10,2.514690399169922,-0.026525249126169825,0.02064242693274724,57.142857142857146,58.367550274652835,0.1605424058192789,-0.2897264555707476
2020-07-13,2.528394937515259,0.005449791493163714,0.019653230443720058,57.142857142857146,59.882003713528405,0.16156472381689488,-0.647741253149017
2020-07-14,2.514690399169922,-0.005420252248568791,0.0184093097000253,57.142857142857146,57.624563328567426,0.16100741088398834,-1.0711249451845406
2020-07-15,2.4792723655700684,-0.014084450957280725,0.016246294446096994,57.142857142857146,52.15262883620152,0.15664511563243286,-1.5525604928807668
2020-07-16,2.457588195800781,-0.008746182981110961,0.013581521108350592,50.0,49.07979538336478,0.15336233935846824,-1.9026337530772948
2020-07-17,2.4648163318634038,0.002941150219948785,0.011427663009349994,42.85714285714286,50.134500837962534,0.14909275762477314,-1.7629571457558701
2020-07-20,2.500957727432251,0.014662916299943651,0.010654605700572826,35.714285714285715,55.13809467687416,0.14450074934043497,-1.2907541755027863
2020-07-21,2.4792723655700684,-0.008670823030842323,0.009447123054343422,28.571428571428573,51.7807447466326,0.13960065819940595,-1.1831009903330238
2020-07-22,2.4792723655700684,0.0,0.008320416245824023,21.42857142857143,51.780744746632614,0.13330782695645446,-1.316270017556243
2020-07-23,2.4648163318634038,-0.005830756599160769,0.00691805510279912,14.285714285714286,49.45272362955245,0.12465554931155787,-1.2342792446774375
2020-07-24,2.4214468002319336,-0.01759544152268855,0.004375634405207754,-92.85714285714286,43.180436710684575,0.11937889001806572,-1.3110405253856643
2020-07-27,2.406990528106689,-0.005970096937029545,0.001771093446920206,-100.0,41.300069168383025,0.11603447402703354,-1.4572734468208473
2020-07-28,2.406990528106689,0.0,-0.00031027435193468596,-100.0,41.30006916838302,0.11346407480991244,-1.5763112935121462
2020-07-29,2.435902833938598,0.012011807065419378,-0.00096761015091633,-100.0,46.68523403787649,0.10990449855518256,-1.217814208778851
2020-07-30,2.41421890258789,-0.008901804722500906,-0.0022042121993013663,-92.85714285714286,43.46462968085065,0.11283688612223204,-1.1359320002830466
2020-07-31,2.406990528106689,-0.0029940841211427704,-0.0033901263080810718,-85.71428571428572,42.41422493618811,0.11725609465924505,-1.1672624089897368
2020-08-03,2.41421890258789,0.0030030755820575905,-0.00402379587551057,-78.57142857142857,43.87492913200825,0.1048927115844618,-1.1671273488722733
2020-08-04,2.443131923675537,0.011976138972590311,-0.0034852565153362853,-71.42857142857143,49.40341011194618,0.09275984299843056,-0.7886094482584709
2020-08-05,2.4214468002319336,-0.008875952720137859,-0.003802720444984477,-50.0,45.762485933357794,0.07712960685491785,-0.6617114833528814
2020-08-06,2.428674936294556,0.0029850484685147727,-0.0037343852023785156,-50.0,47.16034624459958,0.06340750559778816,-0.438492665194689
2020-08-07,2.41421890258789,-0.005952230778451417,-0.004146659806943185,-50.0,44.68014950287539,0.06078320971292541,-0.37695492487931154
2020-08-10,2.4214468002319336,0.0029938866091618888,-0.0041536282219672505,-35.714285714285715,46.20353702875698,0.05381670670366199,-0.31551122661420655
2020-08-11,2.4214468002319336,0.0,-0.004121450539928777,-35.714285714285715,46.203537028756976,0.04733667621551369,-0.38684102624288436
2020-08-12,2.41421890258789,-0.002984950007306031,-0.004300223630618362,-28.571428571428573,44.773587663011796,0.045662748447542416,-0.273395789807111
2020-08-13,2.406990528106689,-0.0029940841211427704,-0.004634335097306767,-21.42857142857143,43.329342671283754,0.04606018803467808,-0.3766781489746794
2020-08-14,2.4214468002319336,0.006005953058990876,-0.004328071121095757,28.571428571428573,47.01069633340076,0.04469944379326661,-0.3287587949054777
2020-08-17,2.457588195800781,0.014925537726199645,-0.0028276296466773513,92.85714285714286,54.89877010341387,0.037729836302805804,0.14431418945336486
2020-08-18,2.428674936294556,-0.011764891919495701,-0.0026392743520200833,92.85714285714286,48.658310253893596,0.03265343061985073,0.13959751629177408
2020-08-19,2.41421890258789,-0.005952230778451417,-0.002927498327766525,78.57142857142857,45.8519186469887,0.0261063717327708,-0.10616728018507579
2020-08-20,2.406990528106689,-0.0029940841211427704,-0.0033564651181237953,-21.42857142857143,44.47076490535612,0.02146066079889659,-0.31864306777232027
2020-08-21,2.406990528106689,0.0,-0.0036474119691808837,-28.571428571428573,44.47076490535613,0.02199274054278722,-0.39006189190299895
2020-08-24,2.3997626304626465,-0.0030028774769329525,-0.004085610201384701,-28.571428571428573,42.969739815408445,0.022706880778532917,-0.7369286827778495
2020-08-25,2.3997626304626465,0.0,-0.004373761198661966,-42.85714285714286,42.969739815408445,0.023384375205911863,-0.8262372932531514
2020-08-26,2.378077745437622,-0.009036262482695512,-0.005318578618593276,-50.0,38.45362350155108,0.026725769030025822,-1.1309753114622711
2020-08-27,2.370849370956421,-0.0030395871182382628,-0.006228368214138527,-57.142857142857146,37.05556905430464,0.03134333986360199,-1.0620648520410838
2020-08-28,2.385305643081665,0.006097507628421095,-0.006332460178229379,-64.28571428571429,41.62648285226586,0.03294850295289193,-0.5109704173317784
2020-08-31,2.370849370956421,-0.00606055335808775,-0.006896683729475176,-64.28571428571429,38.607232834004954,0.03628072498105609,-0.23845253631470173
2020-09-01,2.349164724349976,-0.009146362005147957,-0.008032989740979922,-78.57142857142857,34.558117440681485,0.04044635841559612,-0.25286180762400623
2020-09-02,2.3274803161621094,-0.009230688662697717,-0.009606865648984952,-85.71428571428572,31.051024166525306,0.048999454352029174,-0.4665117807333199
2020-09-03,2.3274803161621094,0.0,-0.010671843357256718,-92.85714285714286,31.0510241665253,0.05469946442494858,-0.5125174298902443
2020-09-04,2.313023805618286,-0.006211227843018308,-0.011954344875826996,-100.0,28.791838576797257,0.0620823052077747,-0.37995016280582217
2020-09-07,2.305795907974243,-0.0031248695437057217,-0.013060754933581173,-92.85714285714286,27.706438415243063,0.06835337997661771,-0.39344573460949006
2020-09-08,2.3202524185180664,0.0062696401246213895,-0.013166708071885707,-85.71428571428572,33.135817772767794,0.07094296376446459,-0.2372811462974392
2020-09-09,2.3202524185180664,0.0,-0.013163427987266826,-78.57142857142857,33.135817772767794,0.07305389479708033,-0.15305457405320327
2020-09-10,2.313023805618286,-0.0031154424587981344,-0.013300810780035914,-64.28571428571429,31.752904693546075,0.07557041823444231,-0.18874918000463656
2020-09-11,2.313023805618286,0.0,-0.013224640001731557,-64.28571428571429,31.75290469354608,0.07592833816129625,-0.18894211383141155
2020-09-14,2.3202524185180664,0.003125178773440318,-0.01272518340985638,-57.142857142857146,34.90371849203507,0.06881243891075167,-0.04771930272421618
2020-09-15,2.3202524185180664,0.0,-0.012221134606323228,-50.0,34.90371849203507,0.06460559629324482,0.01659093112575538
2020-09-16,2.3202524185180664,0.0,-0.01168695238581937,-28.571428571428573,34.903718492035075,0.061174505992759386,0.04220699957397524
2020-09-17,2.3202524185180664,0.0,-0.011135248909517784,-28.571428571428573,34.90371849203507,0.057602379900490316,0.04931167350824919
2020-09-18,2.341937065124512,0.009345813599149544,-0.009739546201400807,-28.571428571428573,45.12587029692683,0.0521507875885278,0.44262605086448675
2020-09-21,2.3274803161621094,-0.006172987813246045,-0.009164841253114274,-21.42857142857143,40.55372643952913,0.0469874374496561,0.3526910191210795
2020-09-22,2.313023805618286,-0.006211227843018308,-0.009114831275694714,-14.285714285714286,36.56414579115662,0.04089367816924728,0.013597646535990285
2020-09-23,2.3202524185180664,0.003125178773440318,-0.008650562342315997,71.42857142857143,39.75560503721457,0.037076197572435715,-0.13247521684801236
2020-09-24,2.313023805618286,-0.0031154424587981344,-0.00848544636533038,-28.571428571428573,37.71234905573435,0.03390588045687762,-0.10329048229053361
2020-09-25,2.305795907974243,-0.0031248695437057217,-0.008514083577170652,-28.571428571428573,35.73466964624781,0.025927329084247348,-0.234004688560948
2020-09-28,2.341937065124512,0.015674048611709512,-0.007057679973508962,14.285714285714286,49.886224857471916,0.019532271833724194,-0.0856276078512112
2020-09-29,2.313023805618286,-0.012345873822484088,-0.007010542379864508,14.285714285714286,41.93115596547496,0.016475357005102602,-0.2696718920914938
2020-09-30,2.313023805618286,0.0,-0.006824598874759575,14.285714285714286,41.93115596547495,0.01638593597784588,-0.32072522010120935
2020-10-09,2.3202524185180664,0.003125178773440318,-0.006332052627983099,14.285714285714286,44.49743366861745,0.016065137755117437,-0.31876203771849504
2020-10-12,2.3347084522247314,0.0062303711403512985,-0.005360246423296159,14.285714285714286,49.320991062835176,0.016940182225085646,-0.28214733142596543
2020-10-13,2.3202524185180664,-0.006191793965918957,-0.005093964981307457,14.285714285714286,45.09998952571852,0.015992039331330966,-0.4799326623932691
2020-10-14,2.313023805618286,-0.0031154424587981344,-0.005065430206029506,14.285714285714286,43.11305737493698,0.016247388895206362,-0.5224838573411829
2020-10-15,2.3202524185180664,0.003125178773440318,-0.004708857585195029,14.285714285714286,45.68980928931372,0.016247388895206362,-0.41119480229009314
2020-10-16,2.3347084522247314,0.0062303711403512985,-0.0038670903805725692,14.285714285714286,50.51700451420287,0.016837732685118876,-0.1723321903684301
2020-10-19,2.341937065124512,0.003096152280980702,-0.0029303008262169493,78.57142857142857,52.777248504695606,0.01815596348136378,-0.27745581398110064
2020-10-20,2.3202524185180664,-0.009259278111853453,-0.002938143797508697,78.57142857142857,45.990666401491005,0.01815596348136378,-0.47220391561709707
2020-10-21,2.341937065124512,0.009345813599149544,-0.0021239639925483824,78.57142857142857,52.56016488677467,0.019474450777585056,-0.1845688870337175
2020-10-22,2.3347084522247314,-0.0030865957106308572,-0.001734762312905696,78.57142857142857,50.36106184371425,0.019822736763892984,-0.04739280688894503
2020-10-23,2.341937065124512,0.003096152280980702,-0.0011543500729699699,21.42857142857143,52.50126776906882,0.020756402739866966,0.18585868007379316
2020-10-26,2.341937065124512,0.0,-0.0006906512808107651,21.42857142857143,52.50126776906882,0.020756402739866966,0.5859474126061847
2020-10-27,2.3347084522247314,-0.0030865957106308572,-0.0005674595138141578,21.42857142857143,50.00102953202688,0.02102131496744822,0.7032767498731944
2020-10-28,2.3202524185180664,-0.006191793965918957,-0.0009626926950828265,21.42857142857143,45.34981871391201,0.020525382212983827,0.5966543703040104
2020-10-29,2.305795907974243,-0.006230576651249264,-0.0017666407471389448,21.42857142857143,41.220319048076774,0.021844748002158947,0.186639544166113
2020-10-30,2.298567533493042,-0.0031348717621551003,-0.002629972933603004,-64.28571428571429,39.29365430495568,0.023685468963684186,-0.28372704407803695
2020-11-02,2.305795907974243,0.0031447300877065487,-0.0030117162146813562,-64.28571428571429,42.202932732253814,0.023685468963684186,-0.45254589814769797
2020-11-03,2.313023805618286,0.0031346649627777,-0.003023404640832959,-64.28571428571429,45.0392814904358,0.023104711019913148,-0.4766659436170283
2020-11-04,2.313023805618286,0.0,-0.003005480949105278,-64.28571428571429,45.039281490435805,0.023104711019913148,-0.44441582668646185
2020-11-05,2.313023805618286,0.0,-0.002957187675539598,-64.28571428571429,45.0392814904358,0.023104711019913148,-0.630609401393686
2020-11-06,2.3202524185180664,0.003125178773440318,-0.0026281355169972377,-64.28571428571429,48.213710699573326,0.023104711019913148,-0.6456745028372511
2020-11-09,2.3274803161621094,0.00311513419245113,-0.0020925795791645234,-35.714285714285715,51.24596432801404,0.022745184449309997,-0.6044759640206865
2020-11-10,2.3274803161621094,0.0,-0.0016555318032274698,-35.714285714285715,51.24596432801404,0.02276716552221085,-0.87133813005924
2020-11-11,2.341937065124512,0.006211330279364491,-0.0007938275357171643,57.142857142857146,57.076091218996474,0.023356732365134046,-0.7677848705376676
2020-11-12,2.3347084522247314,-0.0030865957106308572,-0.0003650142442175757,57.142857142857146,53.62315309562895,0.023547205909291352,-0.6536908752695708
2020-11-13,2.3274803161621094,-0.0030959480425637453,-0.0002707725849359141,57.142857142857146,50.343456728771166,0.023295106469953985,-0.5517588927954585
2020-11-16,2.3347084522247314,0.003105562703336062,5.460494526172957e-05,57.142857142857146,53.412051637828185,0.022684912067641155,-0.25439159238120956
2020-11-17,2.3347084522247314,0.0,0.00030825129601204756,57.142857142857146,53.412051637828185,0.022881402312452507,-0.11346682423612103
2020-11-18,2.341937065124512,0.003096152280980702,0.0007481344028167031,92.85714285714286,56.52786919534402,0.022881402312452507,-0.042101436463060096
2020-11-19,2.341937065124512,0.0,0.001084991852162157,92.85714285714286,56.527869195344,0.023453143444199895,-0.009712087773235357
2020-11-20,2.3347084522247314,-0.0030865957106308572,0.0010936985727666559,85.71428571428572,52.45887757389617,0.022881402312452507,0.004550754625977008
2020-11-23,2.349164724349976,0.006191896085127491,0.0015696456913489051,71.42857142857143,58.83985370260838,0.023780157548167806,0.15037745317650653
2020-11-24,2.356393337249756,0.00307709920247512,0.0021687173780395464,100.0,61.614265252760134,0.026201747553573452,0.055977705173428836
2020-11-25,2.341937065124512,-0.006134914700665517,0.0021408725192462045,100.0,53.803547957244824,0.02660582984527874,-0.28689544539535417
2020-11-26,2.349164724349976,0.0030861884945996287,0.002323192793561297,92.85714285714286,56.75522809219662,0.02614312373016003,-0.33436668394839997
2020-11-27,2.406990528106689,0.02461547423955701,0.004302442693707871,64.28571428571429,72.10941874226627,0.036146562569485584,0.5384192192343701
2020-11-30,2.385305643081665,-0.009009127693610397,0.00517578669428368,71.42857142857143,63.066435378381904,0.03850585164132965,-0.43124192100952446
2020-12-01,2.428674936294556,0.018181859980367365,0.0070918641626740025,71.42857142857143,70.92081476626126,0.04922944566499559,-0.3462246314956115
2020-12-02,2.406990528106689,-0.008928493419935069,0.007943335751888382,71.42857142857143,63.634119588592306,0.052377460606318295,-0.6556241107198523
2020-12-03,2.3925342559814453,-0.006005953058990543,0.00803903915287985,71.42857142857143,59.26261328740491,0.052407857663993036,-0.919941634734268
2020-12-04,2.370849370956421,-0.00906356302770217,0.007328204478907094,71.42857142857143,53.342869191845274,0.05094929515831623,-1.1486933845023362
2020-12-07,2.349164724349976,-0.009146362005147957,0.005955004722247912,42.85714285714286,48.16195768110165,0.04974967665905453,-1.4982421727822537
2020-12-08,2.341937065124512,-0.003076693239323136,0.004526767610509516,42.85714285714286,46.53947061181974,0.04874251945778337,-1.6238990510925901
2020-12-09,2.3347084522247314,-0.0030865957106308572,0.0031051525893521256,42.85714285714286,44.90994344760901,0.0491759867660993,-1.806764150771337
2020-12-10,2.3274803161621094,-0.0030959480425637453,0.001703287514669351,-57.142857142857146,43.27815107651888,0.04974967665905453,-1.7138051521577042
2020-12-11,2.3202524185180664,-0.003105460266990101,0.0003312940395865855,-64.28571428571429,41.64850908200395,0.050458934473695254,-1.4748539085794243
2020-12-14,2.313023805618286,-0.0031154424587981344,-0.0010032129287376056,-71.42857142857143,40.02525941551306,0.05248886203178375,-1.4350626838658904
2020-12-15,2.298567533493042,-0.006249945240567878,-0.0025526705508742693,-78.57142857142857,36.92569562820618,0.05625423463180721,-1.5038829017202
2020-12-16,2.298567533493042,0.0,-0.0037325995038122698,-85.71428571428572,36.92569562820617,0.05989411081674391,-1.4056572694831493
2020-12-17,2.305795907974243,0.0031447300877065487,-0.0043499673854433514,-92.85714285714286,39.63647822417037,0.062307051724985095,-1.1015284033430293
2020-12-18,2.298567533493042,-0.0031348717621551003,-0.005059190669677025,-92.85714285714286,37.88311233104979,0.06507503050508626,-1.0572153466970124
2020-12-21,2.305795907974243,0.0031447300877065487,-0.005279015070406438,-85.71428571428572,40.70773362668394,0.0670643113515421,-0.7986521961694395
2020-12-22,2.2841110229492188,-0.00940451188677649,-0.00621214799977207,-100.0,35.49339483714184,0.07091715874671321,-0.854378998347697
2020-12-23,2.2841110229492188,0.0,-0.006833175186781659,-100.0,35.49339483714184,0.07432400921496088,-0.9677471366341731
2020-12-24,2.29133939743042,0.0031646335964299332,-0.006967365443918124,-92.85714285714286,38.537004341007616,0.07648472299221075,-0.9271343824920106
2020-12-25,2.298567533493042,0.003154546232098099,-0.0067370917256038805,-85.71428571428572,41.508973814802744,0.07276571052020407,-0.6744344910879185
2020-12-28,2.29133939743042,-0.003144626362853842,-0.006769207650765695,-78.57142857142857,39.45444946939748,0.07120696048532478,-0.5080256744201075
2020-12-29,2.29133939743042,0.0,-0.006700576939381042,-71.42857142857143,39.45444946939749,0.060149621365555635,-0.20328569107316632
2020-12-30,2.29133939743042,0.0,-0.006570446587847387,-64.28571428571429,39.45444946939749,0.05037313050521128,0.12615901284268902
2020-12-31,2.298567533493042,0.003154546232098099,-0.0061226568069012765,-50.0,42.97941606395019,0.04007096762398159,0.3346599684784255
2021-01-04,2.29133939743042,-0.003144626362853842,-0.0059879215145208975,-50.0,40.44365761284143,0.032456892491126,0.38609998143777446
2021-01-05,2.29133939743042,0.0,-0.005798989042863069,-100.0,40.44365761284144,0.02790479924614372,0.475384812707861
2021-01-06,2.298567533493042,0.003154546232098099,-0.00531646393643882,-85.71428571428572,44.257832394811814,0.023206030926226664,0.6748541302941063
2021-01-07,2.305795907974243,0.0031447300877065487,-0.00462670650761593,-85.71428571428572,47.8544079127398,0.01902897601102348,0.9564201864694326
2021-01-08,2.305795907974243,0.0,-0.004046630011966888,21.42857142857143,47.8544079127398,0.01565017595253197,1.2379833192700038
2021-01-11,2.29133939743042,-0.0062696401246213895,-0.004071709066030174,28.571428571428573,41.62493752650352,0.01312776599357317,1.022366206840355
2021-01-12,2.298567533493042,0.003154546232098099,-0.0037614433862386376,28.571428571428573,45.448625140163315,0.01145509843549765,1.1614643917784389
2021-01-13,2.313023805618286,0.006289252725707684,-0.0029651684508870263,42.85714285714286,52.19326560258608,0.01312776599357317,1.3300926854314281
2021-01-14,2.3202524185180664,0.003125178773440318,-0.0020701621786768706,50.0,55.17749731992295,0.015866117752972066,1.1581428709426735
2021-01-15,2.3347084522247314,0.0062303711403512985,-0.0008502851923711097,57.142857142857146,60.48924739299658,0.021003859539522173,0.9591410307369931
2021-01-18,2.313023805618286,-0.009287946246899548,-0.0006417734073249193,57.142857142857146,50.769926041925494,0.021627483927849307,0.5800750915055793
2021-01-19,2.3274803161621094,0.006250048317145929,3.351946988015792e-05,57.142857142857146,55.86170061884859,0.023930891840789,0.5604181316365026
2021-01-20,2.313023805618286,-0.006211227843018308,6.40049924395245e-05,57.142857142857146,50.26317950015458,0.02331492709640704,0.35457921429687966
2021-01-21,2.305795907974243,-0.0031248695437057217,-0.00016278991713355735,57.142857142857146,47.68972111128959,0.022133867359938365,0.05187073317506231
2021-01-22,2.29133939743042,-0.0062696401246213895,-0.0008442154320013281,57.142857142857146,42.95281289153067,0.022133867359938365,-0.3636179050596341
2021-01-25,2.29133939743042,0.0,-0.0013676704451827332,57.142857142857146,42.95281289153067,0.02255165099713816,-0.5187017942897497
2021-01-26,2.29133939743042,0.0,-0.0017621987837699307,21.42857142857143,42.95281289153066,0.02255165099713816,-0.5438678217464182
2021-01-27,2.29133939743042,0.0,-0.002051220145526192,21.42857142857143,42.95281289153067,0.02255165099713816,-0.663634581449311
2021-01-28,2.29133939743042,0.0,-0.0022542856552152414,21.42857142857143,42.95281289153066,0.02255165099713816,-0.6507575887513595
2021-01-29,2.29133939743042,0.0,-0.0023876926994992795,21.42857142857143,42.95281289153067,0.02294492144153696,-0.6936390131860605
2021-02-01,2.298567533493042,0.003154546232098099,-0.0022063988140897995,-78.57142857142857,47.054567106308106,0.02255165099713816,-0.540611865640643
2021-02-02,2.298567533493042,0.0,-0.0020450979498267395,-78.57142857142857,47.0545671063081,0.022133867359938365,-0.5311156409853326
2021-02-03,2.29133939743042,-0.003144626362853842,-0.0021530405624644424,-78.57142857142857,43.4327840445102,0.02255165099713816,-0.7008358522580869
2021-02-04,2.298567533493042,0.003154546232098099,-0.0019502236451406545,-100.0,47.762760664564674,0.022598824628943897,-0.5970135032920536
2021-02-05,2.3274803161621094,0.012578609176268074,-0.0007614020665496387,-85.71428571428572,60.71614164403842,0.024422224342705735,0.08910851058690859
2021-02-08,2.305795907974243,-0.009316688110008409,-0.0005889920161539714,-85.71428571428572,50.584831795552965,0.023893315493316806,0.20119094390072984
2021-02-09,2.298567533493042,-0.0031348717621551003,-0.0006938410552150223,-78.57142857142857,47.72596510165118,0.023893315493316806,0.22598778901390482
2021-02-10,2.313023805618286,0.006289252725707684,-0.00026326702444258123,7.142857142857143,53.398461208164015,0.023893315493316806,0.08668349262997739
2021-02-18,2.3202524185180664,0.003125178773440318,0.0003219757561554641,35.714285714285715,55.971270936636884,0.023893315493316806,-0.1360879329411192
2021-02-19,2.3347084522247314,0.0062303711403512985,0.0012653137506025288,35.714285714285715,60.65003003043349,0.023893315493316806,0.11384945129789288
2021-02-22,2.349164724349976,0.006191896085127491,0.002470183944344425,50.0,64.69088458172443,0.02910223125056332,0.4730312729518982
2021-02-23,2.3347084522247314,-0.006153792441798478,0.0029191840673793816,57.142857142857146,58.24914649731213,0.02999482513493165,-0.06001744089724786
2021-02-24,2.3274803161621094,-0.0030959480425637453,0.0029879948402882243,57.142857142857146,55.284855470544144,0.030913437296026018,-0.417811980916189
2021-02-25,2.349164724349976,0.00931668811000863,0.0037094046486020257,57.142857142857146,61.598565837658136,0.03461620290164311,-0.2830572578809839
2021-02-26,2.341937065124512,-0.003076693239323136,0.0040208853996621064,57.142857142857146,58.62714906993729,0.0357838331298272,-0.05153421514518634
2021-03-01,2.341937065124512,0.0,0.00421013179968234,57.142857142857146,58.62714906993729,0.036388184825895384,0.045027693882687764
2021-03-02,2.3274803161621094,-0.006172987813246045,0.003841705787981024,57.142857142857146,52.72693420421108,0.035410294018268236,-0.24683343681396788
2021-03-03,2.363621473312378,0.0155280183893729,0.004655200786646919,100.0,62.80486347400911,0.038001117785783266,0.1086379768607993
2021-03-04,2.363621473312378,0.0,0.0052855265783101025,85.71428571428572,62.80486347400911,0.039442297060023286,0.24116318633303446
2021-03-05,2.385305643081665,0.009174129620213245,0.0063923329594159405,92.85714285714286,67.60973857349158,0.04341804062641444,0.5897339637204428
2021-03-08,2.378077745437622,-0.0030301767259918178,0.007003786527594802,100.0,64.61352175845094,0.04539154362153211,0.4441439175079563
2021-03-09,2.363621473312378,-0.006078973722780434,0.00694509506182289,92.85714285714286,58.98334082001764,0.04467720272334449,0.033724372381744874
2021-03-10,2.363621473312378,0.0,0.006786404184754149,78.57142857142857,58.983340820017624,0.04214317620113496,-0.012665512128275967
2021-03-11,2.363621473312378,0.0,0.00658473578608481,78.57142857142857,58.983340820017624,0.03978216743543336,-0.3692693044516064
2021-03-12,2.378077745437622,0.006116153660165047,0.006798014352688987,57.142857142857146,63.00910079710301,0.041346606708687686,-0.3239992897738947
2021-03-15,2.3925342559814453,0.006079073979628369,0.007359207215186558,92.85714285714286,66.54529895126026,0.041817090494894474,-0.1914292401433053
2021-03-16,2.3925342559814453,0.0,0.007747204618830491,100.0,66.54529895126025,0.03962485148776133,-0.1982064731571605
2021-03-17,2.378077745437622,-0.0060423421347808315,0.007526370664314505,92.85714285714286,59.90380914628004,0.03705255888003539,-0.3094844180973573
2021-03-18,2.370849370956421,-0.0030395871182382628,0.007009515407269572,71.42857142857143,56.848674715742376,0.034325085812583575,-0.5017314791374028
2021-03-19,2.349164724349976,-0.009146362005147957,0.00583041581807842,71.42857142857143,48.806874638279716,0.03318118047139981,-0.8278348236491933
2021-03-22,2.370849370956421,0.00923079015348538,0.005475300813961471,71.42857142857143,55.574684266372664,0.03304710405565669,-0.7422053712550899
2021-03-23,2.378077745437622,0.0030488543767270837,0.005403200586738133,64.28571428571429,57.587497001536846,0.031769968789144905,-0.5530746121480341
2021-03-24,2.385305643081665,0.0030393866045421714,0.00552384507545479,-28.571428571428573,59.56052994796012,0.02928554739283618,-0.19537758942372832
2021-03-25,2.378077745437622,-0.0030301767259918178,0.005342710744459932,-28.571428571428573,56.71899099641703,0.028702034350678248,-0.1003275389994077
2021-03-26,2.356393337249756,-0.00911846058417054,0.00443984290359064,-28.571428571428573,49.143944004925046,0.027255714348236114,-0.13141675160354716
2021-03-29,2.378077745437622,0.009202372050998386,0.004337528058229404,-28.571428571428573,55.53869610506725,0.025288314070920626,0.08209771801490971
2021-03-30,2.385305643081665,0.0030393866045421714,0.0044685315818923,-28.571428571428573,57.45886407956022,0.019412082547346245,0.42214212622405944
2021-03-31,2.4214468002319336,0.01515158330132338,0.0056535568039280245,50.0,65.48549688423206,0.02569179146248664,1.0847877891278077
2021-04-01,2.406990528106689,-0.005970096937029545,0.006130171799331483,50.0,60.563155261385695,0.02742143470474397,1.2634781115301368
2021-04-02,2.3925342559814453,-0.006005953058990543,0.005963836838455092,50.0,56.02776555103547,0.02778514284782393,1.0991545400598768
2021-04-06,2.385305643081665,-0.003021320543983186,0.005512170551907825,50.0,53.85594900624846,0.027867139928303294,0.859792525888731
2021-04-07,2.3925342559814453,0.0030304765851478788,0.005306988942204782,50.0,55.70504224160663,0.027530726415292747,0.806242793271307
2021-04-08,2.385305643081665,-0.003021320543983186,0.004872508030925528,50.0,53.400558880204585,0.02672375441711916,0.4959768404602032
2021-04-09,2.3925342559814453,0.0030304765851478788,0.004691505114537222,50.0,55.38809277040644,0.025981461759240806,0.551745960924135
2021-04-12,2.406990528106689,0.006042242483718763,0.004959797086951115,50.0,59.14131475940487,0.027236447364020817,0.8236275552766645
2021-04-13,2.3997626304626465,-0.0030028774769329525,0.004910752016518526,21.42857142857143,56.57834171643703,0.02764066239944877,0.7808337939639431
2021-04-14,2.3997626304626465,0.0,0.004804659435746629,21.42857142857143,56.57834171643703,0.028025710763977394,0.696011294601707
2021-04-15,2.385305643081665,-0.00602434057329837,0.004211582343826045,21.42857142857143,51.410166288826034,0.02787040904631242,0.4277771542063009
2021-04-16,2.3997626304626465,0.006060853217243922,0.004134538521670223,21.42857142857143,55.76195354650745,0.027642130516513,0.4792594079163925
2021-04-19,2.3997626304626465,0.0,0.004046937657220556,14.285714285714286,55.761953546507435,0.023667383572042688,0.46430186597593165
2021-04-20,2.3925342559814453,-0.003012120611198821,0.0037030564807221836,7.142857142857143,53.0089687820218,0.022492279347466948,0.33708913503852966
2021-04-21,2.3925342559814453,0.0,0.0033818545151225172,-21.42857142857143,53.008968782021796,0.02192613839843853,0.259872650177455
2021-04-22,2.378077745437622,-0.0060423421347808315,0.002625514961769188,-50.0,47.562413545987695,0.022383000455185154,0.03187268367719968
2021-04-23,2.363621473312378,-0.006078973722780434,0.0015111676899393664,-57.142857142857146,42.82395729899402,0.024149646643994712,-0.30379054588131493
2021-04-26,2.349164724349976,-0.006116355400233475,0.00012112767727307198,-64.28571428571429,38.67445334993357,0.025687142340867483,-0.6911416473308871
2021-04-27,2.349164724349976,0.0,-0.0009766014877709438,-71.42857142857143,38.67445334993357,0.02952221624111252,-0.8064597156390302
2021-04-28,2.349164724349976,0.0,-0.0018255163437140805,-78.57142857142857,38.674453349933565,0.03292061359032539,-0.7785433890466528
2021-04-29,2.370849370956421,0.00923079015348538,-0.0017176028109239106,-78.57142857142857,48.096436442300515,0.03065003269764351,-0.4927014696887467
2021-04-30,2.349164724349976,-0.009146362005147957,-0.0023779367040575807,-92.85714285714286,41.268300485523206,0.03200368958677006,-0.5394720140166472
2021-05-06,2.356393337249756,0.00307709920247512,-0.0026022973182791135,-92.85714285714286,44.11643605859392,0.033020640919431306,-0.6193475105272787
2021-05-07,2.370849370956421,0.00613481352121692,-0.002250941895298501,-64.28571428571429,49.40099706819945,0.033119988172763966,-0.20555209213392478
2021-05-10,2.356393337249756,-0.006097407065904559,-0.0024638693464411015,-64.28571428571429,44.83508539781108,0.03372574890270244,-0.13028242758542327
2021-05-11,2.363621473312378,0.0030674573503328695,-0.0023399204040911417,-64.28571428571429,47.45039493729861,0.03395436463650021,0.13230679933335363
2021-05-12,2.370849370956421,0.003057975960048198,-0.001972075245229331,-64.28571428571429,50.002948695124005,0.033425699355785245,0.3422488943826534
2021-05-13,2.370849370956421,0.0,-0.0016669926867337254,-57.142857142857146,50.002948695124,0.03112427738759111,0.7015606915950817
2021-05-14,2.378077745437622,0.0030488543767270837,-0.0011622139469039954,-50.0,52.669468648785276,0.02950345456785682,1.104458596438123
2021-05-17,2.370849370956421,-0.0030395871182382628,-0.0010029801042217897,-42.85714285714286,49.80865266347182,0.027540612156384755,0.783882280092551
2021-05-18,2.370849370956421,0.0,-0.0008640180872670386,-35.714285714285715,49.808652663471825,0.026975890979628162,0.6171912972809905
2021-05-19,2.363621473312378,-0.0030486532516940112,-0.0009915185588611816,57.142857142857146,46.85712190914863,0.02450021545305594,0.25069770845980055
2021-05-20,2.370849370956421,0.003057975960048198,-0.0008315586874087547,57.142857142857146,50.0450307771748,0.021324968721126773,0.3697916566329562
2021-05-21,2.370849370956421,0.0,-0.0006991258372024606,57.142857142857146,50.045030777174816,0.01897245766614024,0.3843665225050092
2021-05-24,2.378077745437622,0.0030488543767270837,-0.00034314101857110357,57.142857142857146,53.294601026977986,0.01667261277571751,0.6972487756889884
2021-05-25,2.3997626304626465,0.009118661097866632,0.0006594115865409792,100.0,61.40557445461774,0.020547118874832817,1.2670986609382633
2021-05-26,2.3997626304626465,0.0,0.0014349432793438843,92.85714285714286,61.40557445461774,0.023926790904184824,1.7277382211103027
2021-05-27,2.3925342559814453,-0.003012120611198821,0.0017913134765730806,100.0,57.542379742142025,0.024367315030456516,1.362103816864601
2021-05-28,2.41421890258789,0.009063463376640213,0.002744844010216396,92.85714285714286,64.71427904133623,0.02785302023213648,1.6215520850765137
2021-05-31,2.406990528106689,-0.0029940841211427704,0.0032441065003474463,100.0,61.014429462599495,0.028761050451978687,1.6578376191000224
2021-06-01,2.41421890258789,0.0030030755820575905,0.00381992857644415,92.85714285714286,63.275551076966586,0.031810157692507814,1.7304195598760153
2021-06-02,2.428674936294556,0.005987871974314274,0.004684762522037264,100.0,67.35356731747046,0.034624660343403627,2.1687580205100345
2021-06-03,2.4214468002319336,-0.0029761644733117265,0.005104542460643062,64.28571428571429,63.553469480626966,0.03584451584901181,1.6787718009463193
2021-06-04,2.426822662353516,0.0022201033370081724,0.005529129159390439,64.28571428571429,65.12927160064092,0.038295991495946306,1.3305012682697273
2021-06-07,2.4114632606506348,-0.006329016924535358,0.005336527827512903,64.28571428571429,57.48228433126463,0.03704142264230747,0.954856483627334
2021-06-08,2.4037835597991943,-0.0031846642562443073,0.004858648548138934,64.28571428571429,54.06423078399146,0.03569544393742623,0.8580444540988449
2021-06-09,2.4037835597991943,0.0,0.004415514741489612,64.28571428571429,54.06423078399146,0.03479280478342273,1.025123026761129
2021-06-10,2.3807435035705566,-0.009584912973846227,0.0032848878001626313,64.28571428571429,44.79607358950644,0.034010598730441426,0.6203513723066189
2021-06-11,2.365384101867676,-0.006451514696919403,0.001825280014833216,57.142857142857146,39.887094194328185,0.03521257386479168,-0.07217414525980738
2021-06-15,2.357704401016236,-0.00324670350383105,0.00038645854786707165,-50.0,37.66460641785104,0.03675817056387737,-0.6298806299528016
2021-06-16,2.373063802719116,0.006514557845444857,-0.0002287156180681733,-57.142857142857146,44.34395354139836,0.03656953654813517,-0.6929279931898977
2021-06-17,2.365384101867676,-0.0032361965332077247,-0.0009674123814228217,-57.142857142857146,41.92500242289023,0.036367663367407765,-0.887569182063035
2021-06-18,2.350024461746216,-0.0064935078025307735,-0.0020659730115928678,-71.42857142857143,37.51699654064406,0.038956208730147615,-1.1641069520939595
2021-06-21,2.357704401016236,0.003268025246134343,-0.002628882500522383,-71.42857142857143,40.86492121181479,0.040293991952945696,-1.185126567385083
2021-06-22,2.357704401016236,0.0,-0.0030452222035166412,-71.42857142857143,40.86492121181479,0.04198548619019643,-1.092529599532002
2021-06-23,2.357704401016236,0.0,-0.0033367108915774873,-71.42857142857143,40.86492121181479,0.04364233605134945,-0.9523839714411342
2021-06-24,2.357704401016236,0.0,-0.003527060024484584,-71.42857142857143,40.86492121181479,0.04496881511557666,-0.8193294418877171
2021-06-25,2.373063802719116,0.006514557845444857,-0.0030961496700391794,-57.142857142857146,48.31459042448677,0.045233765648486746,-0.6098816304489775
2021-06-28,2.365384101867676,-0.0032361965332077247,-0.003009039648933583,-57.142857142857146,45.245419228343295,0.0445696442677394,-0.6468236401796006
2021-06-29,2.365384101867676,0.0,-0.0028986242888341994,-50.0,45.245419228343295,0.044173773107645385,-0.6103840812876966
2021-06-30,2.365384101867676,0.0,-0.0027790837726442952,-42.85714285714286,45.24541922834329,0.04276498167057064,-0.4281710514371456
2021-07-01,2.365384101867676,0.0,-0.0026537562027217636,-35.714285714285715,45.24541922834329,0.03859345922188432,-0.31224479681049794
2021-07-02,2.365384101867676,0.0,-0.0025253228507570876,-28.571428571428573,45.245419228343295,0.034602654714046104,-0.2358087526925194
2021-07-05,2.365384101867676,0.0,-0.0023959198217164677,42.85714285714286,45.245419228343295,0.027878463430373257,-0.023623376627048887
2021-07-06,2.373063802719116,0.003246703503831272,-0.0020017364170196463,42.85714285714286,50.18211327521915,0.022983290238568658,0.2842051755845735
2021-07-07,2.365384101867676,-0.0032361965332077247,-0.0019406045706178371,42.85714285714286,45.74086724495776,0.018483267924567497,0.3944434540259274
2021-07-08,2.357704401016236,-0.00324670350383105,-0.002131418628704402,42.85714285714286,41.760641281070335,0.011819515837621983,0.40097023168273116
2021-07-09,2.357704401016236,0.0,-0.002251674730153327,-64.28571428571429,41.76064128107033,0.010152959019734314,0.3719289285724348
2021-07-12,2.350024461746216,-0.0032573800459081426,-0.0025885121111384494,-71.42857142857143,37.932422397651536,0.011186282354103367,0.08856891830026407
2021-07-13,2.3423447608947754,-0.0032679237924757576,-0.003087932303548581,-78.57142857142857,34.52422499542503,0.013329270881569006,-0.3089802906697199
2021-07-14,2.3269853591918945,-0.006557276264068657,-0.003986605458954388,-85.71428571428572,28.926357746480907,0.01775790708138397,-0.771102900988007
2021-07-15,2.334664821624756,0.0033001765148743534,-0.004351670623789721,-92.85714285714286,34.63321472351076,0.019759819586118048,-0.8621268064929893
2021-07-16,2.3423447608947754,0.0032895254166183108,-0.004321743776682465,-92.85714285714286,39.83600954469251,0.020386895153938683,-0.6686743808502008
2021-07-19,2.334664821624756,-0.003278739918322615,-0.004536651206581576,-42.85714285714286,36.69098775191812,0.02204883072075922,-0.5261354277128292
2021-07-20,2.334664821624756,0.0,-0.0046421879722415,-42.85714285714286,36.69098775191812,0.02343410627709233,-0.42725351161143144
2021-07-21,2.334664821624756,0.0,-0.004671971045368153,-42.85714285714286,36.690987751918115,0.02458907299911684,-0.3504248637761458
2021-07-22,2.3423447608947754,0.0032895254166183108,-0.0043652915053410115,-42.85714285714286,42.37330639503347,0.024906935710287025,-0.07399977241389012
2021-07-23,2.334664821624756,-0.003278739918322615,-0.004363127484751353,-42.85714285714286,38.638524358240495,0.024539063057661376,-0.1640583317637953
2021-07-26,2.3423447608947754,0.0032895254166183108,-0.004024807280217086,-42.85714285714286,43.95802676444217,0.0241033115748173,0.18605741081753868
2021-07-27,2.334664821624756,-0.003278739918322615,-0.003999748942135312,-42.85714285714286,40.204539157162515,0.023976786955043808,0.3204849763373794
2021-07-28,2.334664821624756,0.0,-0.0039241621676379705,-28.571428571428573,40.204539157162515,0.023560152780813894,0.7565821895013335
2021-07-29,2.319305181503296,-0.0065789487121199475,-0.0043738134795241294,-100.0,33.558128757366056,0.024546298888560407,0.6489587123998127
2021-07-30,2.2962658405303955,-0.009933725478061928,-0.005502998746447758,-100.0,26.485331946405672,0.029126376456662436,0.235868893382966
2021-08-02,2.3116254806518555,0.006688964252463014,-0.00571874852253047,-100.0,36.14735383513149,0.029520093364098936,0.5203729735285452
2021-08-03,2.2962658405303955,-0.006644519300388008,-0.006423991403330348,-92.85714285714286,31.665433455576803,0.0302917271525184,0.5042208436571908
2021-08-04,2.288586139678955,-0.003344430211820182,-0.007164106339113407,-35.714285714285715,29.68366421510964,0.03241741969685221,0.21678749607766828
2021-08-05,2.2962658405303955,0.0033556529589564565,-0.007353075305105336,-35.714285714285715,34.12365266289197,0.03309776994940145,0.29591703422949517
2021-08-06,2.2962658405303955,0.0,-0.007436104148950694,-35.714285714285715,34.12365266289197,0.032930064879413114,0.30413719842091896
2021-08-09,2.319305181503296,0.010033394464283196,-0.006550306754688753,-35.714285714285715,45.98950371215793,0.0314309953404486,0.5651682869119297
2021-08-10,2.319305181503296,0.0,-0.005839532536172542,-35.714285714285715,45.98950371215793,0.030535916894620565,0.705189423865695
2021-08-11,2.334664821624756,0.0066225179178465154,-0.004656977822409948,-35.714285714285715,52.59190932412321,0.030851532444939836,0.9560613179720429
2021-08-12,2.319305181503296,-0.0065789487121199475,-0.004260348465680888,-35.714285714285715,46.47380412952632,0.030490758668727712,0.7807321720115714
2021-08-13,2.3269853591918945,0.003311413155046905,-0.0036008028165909556,-35.714285714285715,49.62918570180862,0.029478505835474202,0.8392233102511583
2021-08-16,2.3269853591918945,0.0,-0.003054046601175403,-28.571428571428573,49.62918570180863,0.029086925662460145,0.7764351209693849
2021-08-17,2.3116254806518555,-0.006600762862286835,-0.003138143117213101,-14.285714285714286,43.65951599404347,0.028714504841208625,0.3243102932011111
2021-08-18,2.334664821624756,0.009966727381116813,-0.0023340400105253257,-14.285714285714286,52.82564699975531,0.028714504841208625,0.5049957909828959
2021-08-19,2.319305181503296,-0.0065789487121199475,-0.0022412705408852217,71.42857142857143,47.30069305662018,0.02724644433098292,0.43854348454778874
2021-08-20,2.319305181503296,0.0,-0.0021309360043979264,71.42857142857143,47.30069305662018,0.026470512589740355,0.3695384299079419
2021-08-23,2.3269853591918945,0.003311413155046905,-0.0017502532699235423,35.714285714285715,50.3142230413005,0.02490517339050354,0.6392079829925802
2021-08-24,2.319305181503296,-0.0033004838892779498,-0.0017064806151093782,35.714285714285715,47.395503043153475,0.023904229709620476,0.4009199061635915
2021-08-25,2.319305181503296,0.0,-0.001648197849432444,35.714285714285715,47.39550304315347,0.022780920216910295,0.271486757238772
2021-08-26,2.3116254806518555,-0.0033112075602154123,-0.0018540328336267972,35.714285714285715,44.408019831794725,0.022755695359203888,-0.010479307047534105
2021-08-27,2.319305181503296,0.0033222080807289167,-0.0017191501133581053,35.714285714285715,47.94182010115349,0.021583321844062402,0.08365110993707939
2021-08-30,2.303945779800415,-0.006622415120430825,-0.0021411545823036286,-64.28571428571429,42.16841756623924,0.02200080026319631,-0.4195147381398186
2021-08-31,2.3269853591918945,0.010000052776187873,-0.001624435515453894,-64.28571428571429,51.58661336975436,0.02100493492411639,-0.08948616108841968
2021-09-01,2.350024461746216,0.009900836919026546,-0.00042369072982162,21.42857142857143,58.810414135515124,0.021308799501160488,0.7148411262181072
2021-09-02,2.3423447608947754,-0.0032679237924757576,0.0002495412028545073,28.571428571428573,55.820508296215806,0.020662031582246262,0.9621001344763944
2021-09-03,2.350024461746216,0.0032786381320342173,0.0010334023233317395,35.714285714285715,58.113798093605354,0.020414891231658724,1.1192104952217943
2021-09-06,2.350024461746216,0.0,0.0016364007742925325,42.85714285714286,58.113798093605354,0.022280253335245085,1.085357184499778
2021-09-07,2.373063802719116,0.009803872831085636,0.0028443764369071155,50.0,64.52145363579679,0.02800751118192343,1.2857664595631861
2021-09-08,2.3807435035705566,0.0032361965332077247,0.004015990483867687,57.142857142857146,66.36832080656337,0.03395005555660224,1.4202686665737578
2021-09-09,2.373063802719116,-0.003225757348459757,0.00465302821177723,57.142857142857146,62.84520687650043,0.03686562399677961,1.3498771996945667
2021-09-10,2.3807435035705566,0.0032361965332077247,0.005329833152626314,71.42857142857143,64.8543992128048,0.04053650552206992,1.1463254046022262
2021-09-13,2.3807435035705566,0.0,0.0058111142056414405,71.42857142857143,64.85439921280481,0.043402748923715075,0.9751247117357101
2021-09-14,2.350024461746216,-0.012903129538427538,0.0051592233807643975,71.42857142857143,51.84765707816881,0.042083151028470815,0.4514581276311008
2021-09-15,2.350024461746216,0.0,0.004530173982748297,71.42857142857143,51.84765707816881,0.04208978973221946,0.20550679011275647
2021-09-16,2.3423447608947754,-0.0032679237924757576,0.0037372269940083424,71.42857142857143,48.998490784975715,0.04109282681462452,-0.08477270804814623
2021-09-17,2.357704401016236,0.0065573780503571655,0.003561487603598466,64.28571428571429,54.396218114454385,0.04024155634415798,-0.10094454426869448
2021-09-22,2.3423447608947754,-0.006514658968630682,0.0029015027963336915,57.142857142857146,48.83070060859854,0.03960566503396604,-0.09802571680151069
2021-09-23,2.357704401016236,0.0065573780503571655,0.00283754663275233,50.0,53.909203912998535,0.03833758727794721,0.03372651607991671
2021-09-24,2.3423447608947754,-0.006514658968630682,0.002264978979561739,35.714285714285715,48.70359029916812,0.03672963723380328,-0.15679531985131204
2021-09-27,2.3423447608947754,0.0,0.0017759963337002256,35.714285714285715,48.70359029916813,0.033799249998746464,-0.21837868684742603
2021-09-28,2.350024461746216,0.0032786381320342173,0.0016288543562779866,-71.42857142857143,51.42357932358285,0.03147733397373847,-0.1323729118808798
2021-09-29,2.350024461746216,0.0,0.001499556890378179,-78.57142857142857,51.423579323582835,0.02523015010197573,0.023022411661887333
2021-09-30,2.3423447608947754,-0.0032679237924757576,0.0011241510520762223,-78.57142857142857,48.444422714047455,0.023366585210822684,0.08387486979971658
2021-10-08,2.357704401016236,0.0065573780503571655,0.0013277559556217496,-78.57142857142857,54.16394414990453,0.023280753609131986,0.19618535451501057
2021-10-11,2.365384101867676,0.0032572789227223176,0.001732080144995708,-78.57142857142857,56.74764227703839,0.022910730663426415,0.10843474303325207
2021-10-12,2.365384101867676,0.0,0.002032496981816325,-64.28571428571429,56.74764227703839,0.02294029884636089,0.06307373507823241
2021-10-13,2.357704401016236,-0.00324670350383105,0.001992175652413628,-64.28571428571429,53.26547446233039,0.022741509520837817,0.03936660354446964
2021-10-14,2.350024461746216,-0.0032573800459081426,0.001678314005932771,21.42857142857143,49.963648450444445,0.022156881465233418,-0.12243256314631944
2021-10-15,2.3423447608947754,-0.0032679237924757576,0.0011512572608720524,21.42857142857143,46.837070173804086,0.02073764582293911,-0.4525147360308784
2021-10-18,2.350024461746216,0.0032786381320342173,0.0009792234454757379,21.42857142857143,50.193560081674626,0.019575718308826914,-0.5401245150813395
2021-10-19,2.350024461746216,0.0,0.0008362274846708313,21.42857142857143,50.19356008167462,0.016570034617961162,-0.593671957650762
2021-10-20,2.350024461746216,0.0,0.0007146639543002733,21.42857142857143,50.19356008167462,0.012327942667315801,-0.7423228836994981
2021-10-21,2.365384101867676,0.006535949038609878,0.0011253088403941733,21.42857142857143,56.97859133337534,0.013449512494548217,-0.5209995978607462
2021-10-22,2.350024461746216,-0.0064935078025307735,0.000925862461819946,21.42857142857143,49.68888128334694,0.013449512494548217,-0.5945270477380371
2021-10-25,2.357704401016236,0.003268025246134343,0.001010681718185119,21.42857142857143,52.93146122151936,0.013124197500334257,-0.5685244053857392
2021-10-26,2.350024461746216,-0.0032573800459081426,0.0008107737019247177,21.42857142857143,49.49602623958567,0.01297930431012387,-0.7250708974751193
2021-10-27,2.350024461746216,0.0,0.0006423232576048173,14.285714285714286,49.49602623958567,0.012457556942229636,-0.7298384114674492
2021-10-28,2.3423447608947754,-0.0032679237924757576,0.00024313194982195416,-92.85714285714286,46.031240276223436,0.012799388952322237,-0.6880823986949316
2021-10-29,2.3423447608947754,0.0,-7.404546459135127e-05,-100.0,46.031240276223436,0.012799388952322237,-0.6081903493892823
2021-11-01,2.357704401016236,0.0065573780503571655,0.0002000812118901765,-92.85714285714286,53.57016373362169,0.012457556942229636,-0.22899451117800151
2021-11-02,2.334664821624756,-0.009772039014538603,-0.0003709662091176616,-42.85714285714286,43.70737352200915,0.014069653886784184,-0.44582027633478993
2021-11-03,2.334664821624756,0.0,-0.0008156874695536278,-50.0,43.70737352200915,0.015406498541310407,-0.7254872397660759
2021-11-04,2.334664821624756,0.0,-0.0011548202238034781,-57.142857142857146,43.70737352200915,0.016258600441868234,-0.9433878880441227
2021-11-05,2.334664821624756,0.0,-0.001407362179710797,-64.28571428571429,43.70737352200914,0.016999027163188567,-1.1242788212300663
2021-11-08,2.3269853591918945,-0.0032893211743846296,-0.0018576909041832532,-71.42857142857143,40.37478246583777,0.017691444052216107,-1.357362806579892
2021-11-09,2.334664821624756,0.0033001765148743534,-0.001916117928655852,-78.57142857142857,44.89926956630915,0.0168086108758155,-1.1437820937763377
2021-11-10,2.334664821624756,0.0,-0.0019448454473812477,-85.71428571428572,44.89926956630915,0.01662437333766614,-0.7720263752070158
2021-11-11,2.357704401016236,0.00986847412873848,-0.001146644940384576,-85.71428571428572,56.408667700824,0.017217518519388905,-0.18635340137037676
2021-11-12,2.350024461746216,-0.0032573800459081426,-0.0007855036989232877,-85.71428571428572,52.47400597579526,0.017276869082321004,0.07567595043872198
2021-11-15,2.350024461746216,0.0,-0.0004906707816404591,-78.57142857142857,52.474005975795265,0.017276869082321004,0.3758089822138003
2021-11-16,2.350024461746216,0.0,-0.00025408464095850417,7.142857142857143,52.474005975795265,0.017276869082321004,0.46672899739562973
2021-11-17,2.357704401016236,0.003268025246134343,0.000194232835258193,35.714285714285715,56.28264236766014,0.017799663403026997,0.7404225886392299
2021-11-18,2.350024461746216,-0.0032573800459081426,0.0002836929124208755,35.714285714285715,51.81120947110869,0.016190210713711673,0.7878062997873136
2021-11-19,2.350024461746216,0.0,0.0003500524314311788,35.714285714285715,51.81120947110869,0.016190210713711673,0.7497819077523526
2021-11-22,2.350024461746216,0.0,0.00039805430608086736,35.714285714285715,51.81120947110869,0.015557587388573641,0.43633811028261527
2021-11-23,2.357704401016236,0.003268025246134343,0.0006895700194213295,64.28571428571429,56.16116934225255,0.016190210713711673,0.5714002060482014
2021-11-24,2.365384101867676,0.0032572789227223176,0.0011671611838563376,71.42857142857143,60.04517340275181,0.017799663403026997,0.9868239305299008
2021-11-25,2.365384101867676,0.0,0.0015297953820579305,78.57142857142857,60.04517340275181,0.019147547982267758,1.3620263745453494
2021-11-26,2.357704401016236,-0.00324670350383105,0.0015424886413741186,85.71428571428572,54.45029890817467,0.019451832662097934,1.4342866211383793
2021-11-29,2.350024461746216,-0.0032573800459081426,0.001275257264699817,85.71428571428572,49.48459903766332,0.019088423073955085,1.327249769073714
2021-11-30,2.3423447608947754,-0.0032679237924757576,0.0007892959711205185,85.71428571428572,45.05936293515233,0.018550774960010844,1.1479597714936056
2021-12-01,2.350024461746216,0.0032786381320342173,0.0006556804874190045,78.57142857142857,49.885650268065156,0.01783931870522779,1.2193907710017664
2021-12-02,2.3423447608947754,-0.0032679237924757576,0.00028578957580531223,-21.42857142857143,45.57420145672843,0.017189352209677912,0.7268463001190236
2021-12-03,2.350024461746216,0.0032786381320342173,0.0002517662066071888,-21.42857142857143,50.20853399205997,0.0162638557676601,0.7603421717165599
2021-12-06,2.350024461746216,0.0,0.00022297230844929,-21.42857142857143,50.20853399205997,0.013643017151889836,0.6958165792093891
2021-12-07,2.357704401016236,0.003268025246134343,0.000457075428155801,-21.42857142857143,54.68379871475848,0.012304632009006942,0.9907979613253978
2021-12-08,2.350024461746216,-0.0032573800459081426,0.0003772305617365647,-21.42857142857143,49.85785664344562,0.010343067227612303,1.011346892482511
2021-12-09,2.357704401016236,0.003268025246134343,0.0005680455975138856,42.85714285714286,54.209776373655785,0.010343067227612303,1.098941062659627
2021-12-10,2.357704401016236,0.0,0.0007120338250280619,42.85714285714286,54.209776373655785,0.010443876267089513,1.4831034146527702
2021-12-13,2.350024461746216,-0.0032573800459081426,0.0005587026949465447,42.85714285714286,49.2521629763187,0.010443876267089513,1.1537187216145228
2021-12-14,2.3423447608947754,-0.0032679237924757576,0.00017024866291170292,42.85714285714286,44.83648124019445,0.011136753679481965,0.672137693242308
2021-12-15,2.3423447608947754,0.0,-0.00013747097825706734,42.85714285714286,44.83648124019445,0.011590674728975767,0.09577153167674729
2021-12-16,2.3423447608947754,0.0,-0.0003769952443777928,42.85714285714286,44.836481240194445,0.012114439455209167,-0.506234283506564
2021-12-17,2.350024461746216,0.0032786381320342173,-0.00029784017158080686,42.85714285714286,50.39146631504282,0.012114439455209167,-0.38741397252029725
2021-12-20,2.3423447608947754,-0.0032679237924757576,-0.000495704135401073,42.85714285714286,45.46134199841163,0.012582930551854292,-0.30325341146823886
2021-12-21,2.350024461746216,0.0032786381320342173,-0.00038151699865854625,-57.142857142857146,50.65992912485252,0.012327942667315801,-0.09052465867812275
2021-12-22,2.350024461746216,0.0,-0.00028897554087832815,-57.142857142857146,50.65992912485251,0.010936710063129943,0.0016875338929333821
2021-12-23,2.350024461746216,0.0,-0.00021317838118302558,-57.142857142857146,50.65992912485251,0.009153305205888664,0.03904677069770601
2021-12-24,2.3423447608947754,-0.0032679237924757576,-0.00041340380844818027,-57.142857142857146,45.270417317021376,0.008871560892007137,-0.16910950532520488
2021-12-27,2.350024461746216,0.0032786381320342173,-0.00030248131956718,-57.142857142857146,50.896219567044454,0.008871560892007137,0.0027693889365361726
2021-12-28,2.357704401016236,0.003268025246134343,4.7354804855894105e-05,-57.142857142857146,55.79037058546113,0.009153305205888664,0.4132205399654535
2021-12-29,2.3423447608947754,-0.006514658968630682,-0.00020086513821406662,-57.142857142857146,45.930493769687025,0.00949865145537349,0.26506263721603046
2021-12-30,2.3423447608947754,0.0,-0.00039329367871225547,35.714285714285715,45.930493769687025,0.00949865145537349,-0.08473198845393529
2021-12-31,2.3423447608947754,0.0,-0.0005395748009975666,35.714285714285715,45.93049376968702,0.00978848851702611,-0.4718766714486256
2022-01-04,2.357704401016236,0.0065573780503571655,-0.00012412390500766288,64.28571428571429,55.70732655657139,0.010359955296356986,-0.20249523417574494
2022-01-05,2.373063802719116,0.006514557845444857,0.0007150538653950656,71.42857142857143,62.92649775120432,0.013380876124044285,0.4068184901317208
2022-01-06,2.373063802719116,0.0,0.0013637511367798714,78.57142857142857,62.92649775120432,0.01595098051875668,0.3187668262325533
2022-01-07,2.4114632606506348,0.016181384540744137,0.0030971548608421462,85.71428571428572,74.82412170692594,0.02752697089720179,1.126643137165134
2022-01-10,2.4037835597991943,-0.0031846642562443073,0.004196269858869425,92.85714285714286,69.98667829307338,0.03321352507342247,1.2409418117398916
2022-01-11,2.4114632606506348,0.0031948387450000393,0.0052399448337569115,92.85714285714286,71.94030632872696,0.038911266724749136,1.296487746836792
2022-01-12,2.396103620529175,-0.006369427381330173,0.005535550392088427,64.28571428571429,63.094440826727805,0.04061797671988764,1.1831175920113537
2022-01-13,2.4114632606506348,0.006410257048093726,0.0061496889664758156,64.28571428571429,67.41000014935592,0.043755340905939806,1.2323615752145527
2022-01-14,2.373063802719116,-0.01592371675658788,0.00540418038954737,64.28571428571429,51.269044014783596,0.04291009060185524,0.7844026576022509
2022-01-17,2.373063802719116,0.0,0.0046805423190175825,64.28571428571429,51.269044014783596,0.042460229569262306,0.5378291362886112
2022-01-18,2.396103620529175,0.009708891005652198,0.004788259638018414,35.714285714285715,58.228953597189815,0.042446733623049175,0.7738116307419252
2022-01-19,2.3884236812591557,-0.0032051782753548252,0.0046124475136262826,35.714285714285715,55.38915938869358,0.042139689347094264,0.8033081228906073
2022-01-20,2.396103620529175,0.0032154844763430113,0.004651625279275816,35.714285714285715,57.615246857524106,0.042039133749854865,0.8814923833035997
2022-01-21,2.396103620529175,0.0,0.004640892819140177,35.714285714285715,57.615246857524106,0.041578691306512754,0.9739817315462721
2022-01-24,2.396103620529175,0.0,0.004579596529072224,28.571428571428573,57.61524685752409,0.039847350891733135,1.2807711848596806
2022-01-25,2.373063802719116,-0.00961553482606492,0.003748374651761627,21.42857142857143,48.539675222819525,0.038277287515452056,1.0905508628915654
2022-01-26,2.373063802719116,0.0,0.0030195803900982554,-85.71428571428572,48.539675222819525,0.0373629267019231,0.9163812757304941
2022-01-27,2.373063802719116,0.0,0.0024141765624121837,-92.85714285714286,48.539675222819525,0.03437281761165943,0.7558284770878865
2022-01-28,2.373063802719116,0.0,0.0019123453405792943,-100.0,48.539675222819525,0.030891225372505368,0.5039826148052454
2022-02-07,2.4037835597991943,0.012945188007536412,0.0024977108553771985,-78.57142857142857,59.87490047509594,0.02695725794005891,0.7084603879680481
2022-02-08,2.434502363204956,0.012779354979999935,0.003916400865981328,14.285714285714286,67.5680173705498,0.0294042396774998,1.1089671672060788
2022-02-09,2.426822662353516,-0.0031545259382413926,0.004771379446459707,21.42857142857143,64.2514136156476,0.031133013753363428,0.6653910660256689
2022-02-10,2.449862480163574,0.009493820116099672,0.006076799505031638,28.571428571428573,69.14470945615675,0.03597735841254744,0.8004036246945407
2022-02-11,2.449862480163574,0.0,0.00706546983170145,35.714285714285715,69.14470945615676,0.04037602303925937,0.7753889800305892
2022-02-14,2.434502363204956,-0.006269787419901474,0.007305198978207109,35.714285714285715,62.527174375458195,0.04225188237141883,0.6870015344017872
2022-02-15,2.419142961502075,-0.006309051876483118,0.00691518674201672,35.714285714285715,56.68505620423747,0.04258738865025205,0.47151709848257456
2022-02-16,2.434502363204956,0.006349108732848219,0.006956789464252836,35.714285714285715,60.64497607732364,0.044084954546717355,0.4076168793021184
2022-02-17,2.4421825408935547,0.003154721804618843,0.007173315137918516,35.714285714285715,62.491520479055914,0.046154189420449854,0.3382466278595092
2022-02-18,2.4575419425964355,0.006289211164887343,0.007731430098632679,35.714285714285715,65.9339788733386,0.04802088142846355,0.5742805584383011
2022-02-21,2.4421825408935547,-0.006249904197628164,0.007665055398365074,35.714285714285715,60.00336647773879,0.04722412281824663,0.6951345008422573
2022-02-22,2.434502363204956,-0.003144800832860173,0.0072595677674176,35.714285714285715,57.23128856193584,0.047336365457696976,0.6874414946764075
2022-02-23,2.426822662353516,-0.0031545259382413926,0.006609409048656129,35.714285714285715,54.519002835861905,0.04637171406086638,0.5811488281219316
2022-02-24,2.3884236812591557,-0.01582273879753593,0.004820770791030168,35.714285714285715,43.43489441631276,0.046928995866279986,0.19645988031883532
2022-02-25,2.3884236812591557,0.0,0.0032812261144805053,-71.42857142857143,43.43489441631276,0.0474715711222997,-0.12234710345994695
2022-02-28,2.3807435035705566,-0.003215584298908891,0.001786869234078201,-78.57142857142857,41.478756275066935,0.04868099055340422,-0.35385801362195696
2022-03-01,2.396103620529175,0.006451815130685601,0.0010950302361612556,-78.57142857142857,46.653345479236,0.046583369025907755,-0.3240168184096617
2022-03-02,2.4037835597991943,0.0032051782753550473,0.0008025978643020707,-78.57142857142857,49.077818084659896,0.04387648327776452,-0.28543025871203176
2022-03-03,2.419142961502075,0.0063896774899998565,0.0010699599636437927,-78.57142857142857,53.61788103024624,0.040391910884750165,-0.14845741147697547
2022-03-04,2.419142961502075,0.0,0.00127123083905536,-50.0,53.61788103024624,0.03619444248609212,-0.07880940466706436
2022-03-07,2.4037835597991943,-0.006349108732848108,0.0009137546540658268,-50.0,48.593291866099115,0.03619444248609212,-0.13774802226173496
2022-03-08,2.3807435035705566,-0.009584912973846227,-0.00014913430205622512,-50.0,42.20418250134072,0.0388996108634504,-0.4663236124745342
2022-03-09,2.365384101867676,-0.006451514696919403,-0.0015115131083519291,-100.0,38.5640125163121,0.04349532632492068,-0.46092321038092715
2022-03-10,2.365384101867676,0.0,-0.002560919980501084,-92.85714285714286,38.56401251631208,0.045425023689079046,-0.6590805153995585
2022-03-11,2.3807435035705566,0.006493407007662322,-0.002817631965602824,-85.71428571428572,44.15068707888823,0.044555769149340535,-0.4539285292217502
2022-03-14,2.373063802719116,-0.003225757348459757,-0.003267459668129965,-71.42857142857143,42.08976433546858,0.04533755149528331,-0.3939281162462543
2022-03-15,2.3269853591918945,-0.01941727966792295,-0.005225939020247798,-100.0,32.336406087147544,0.05337423554911164,-0.7405970653517104
2022-03-16,2.357704401016236,0.013201218350170185,-0.005524099751474686,-100.0,41.98782904660807,0.054146211394390825,-0.512273325834782
2022-03-17,2.350024461746216,-0.0032573800459081426,-0.006027577634148674,-57.142857142857146,40.43498315469943,0.054067899990147564,-0.5662429681232325
2022-03-18,2.3807435035705566,0.013071796623561394,-0.005228100936172522,-57.142857142857146,48.620227962366,0.04826316767477954,-0.21274570724798
2022-03-21,2.373063802719116,-0.003225757348459757,-0.0048761399502446024,-57.142857142857146,46.88561979522722,0.044095217172041797,-0.13273695886563652
2022-03-22,2.419142961502075,0.01941758107395186,-0.002925770527956204,28.571428571428573,56.83621089740987,0.042029360076665134,0.15448460718330237
2022-03-23,2.4114632606506348,-0.0031745543664241094,-0.0016957539917777475,28.571428571428573,54.98726861488237,0.04022682448532995,0.3966145970767119
2022-03-24,2.4114632606506348,0.0,-0.0007054408791214891,28.571428571428573,54.98726861488238,0.04141138282199199,0.520269639130391
2022-03-25,2.426822662353516,0.006369328512488837,0.0005828667871473172,28.571428571428573,58.14547168577893,0.04406690898273596,0.7051174075343525
2022-03-28,2.434502363204956,0.003164508462267346,0.0018287366363568334,28.571428571428573,59.669161700625786,0.04715668952061939,0.9466805772760787
2022-03-29,2.449862480163574,0.006309345676049016,0.0032681355707384336,64.28571428571429,62.60168272253179,0.05191090507567161,1.2755607151805597
2022-03-30,2.4729015827178955,0.009404243193594786,0.005070124590711636,71.42857142857143,66.53250015697017,0.059446330265393255,1.7165473460685765
2022-03-31,2.511301040649414,0.015528097923458217,0.007569188982536068,78.57142857142857,71.84429648450072,0.07231679344488075,2.162036799371716
2022-04-01,2.526660203933716,0.006116018364859199,0.009928789103350178,85.71428571428572,73.64603303429969,0.08527388301975285,2.5821489222532246
2022-04-06,2.534340143203736,0.00303956157542018,0.011906660384983784,92.85714285714286,74.52390792412075,0.09682564366390926,2.738106644085055
2022-04-07,2.5189805030822754,-0.006060607200911838,0.012939110820696225,100.0,69.53507998146917,0.1029485626819161,2.3683113809979406
2022-04-08,2.526660203933716,0.0030487337405127324,0.013744973949077274,85.71428571428572,70.59499750502654,0.10729260618778813,2.1026722477304425
2022-04-11,2.5189805030822754,-0.0030394672142632917,0.014050765071947049,85.71428571428572,68.04549133238461,0.10901719659571109,1.4954124691574338
2022-04-12,2.534340143203736,0.006097562129864009,0.01449541945529756,78.57142857142857,70.35172343958301,0.11211210526577346,1.4299250918640816
2022-04-13,2.526660203933716,-0.003030350638060564,0.014547670396217903,100.0,67.71994750368012,0.11232171783972554,1.105665372828521
2022-04-14,2.5189805030822754,-0.0030394672142632917,0.01418896487428758,92.85714285714286,65.09748329221739,0.10426470011449525,0.6734780200382573
2022-04-15,2.5189805030822754,0.0,0.013711481481799681,78.57142857142857,65.09748329221739,0.09850085981470952,0.43673238291926103
2022-04-18,2.480581283569336,-0.015243952649079073,0.012150305482229555,78.57142857142857,53.159716866767795,0.0879356209786352,0.16337841889115146
2022-04-19,2.5036211013793945,0.009288072099337352,0.011258758653512503,71.42857142857143,58.122046966589856,0.08095532040813294,0.25186396565344615
2022-04-20,2.511301040649414,0.0030675325694404787,0.01073133694249834,64.28571428571429,59.65632825746533,0.07076731892406642,0.3380002135917154
2022-04-21,2.511301040649414,0.0,0.01022279621354385,57.142857142857146,59.65632825746533,0.06631068809400631,0.2009917477332307
2022-04-22,2.534340143203736,0.009174169954695666,0.010344805380111415,-21.42857142857143,64.21741558235782,0.060515021682299615,0.2753169390701368
2022-04-25,2.511301040649414,-0.009090769688553824,0.009758843705572832,35.714285714285715,57.247404762201114,0.051328830635621436,-0.22189758276911936
2022-04-26,2.5189805030822754,0.0030579617132939774,0.00932959966525204,35.714285714285715,58.85062724316489,0.04302304060487952,-0.39892949008809186
2022-04-27,2.480581283569336,-0.015243952649079073,0.007813351015280282,-14.285714285714286,48.963312437350694,0.03523071677930172,-0.6123721990956753
2022-04-28,2.5036211013793945,0.009288072099337352,0.007098215201197517,-14.285714285714286,53.961263391650206,0.027569716712019788,-0.5294356413926131
2022-04-29,2.480581283569336,-0.009202597708321214,0.005832934416128069,-28.571428571428573,48.813333102815,0.02624003727961396,-0.6359094205062259
2022-05-05,2.480581283569336,0.0,0.004723491807683496,-35.714285714285715,48.81333310281501,0.028652731311202963,-0.5457843308998115
2022-05-06,2.449862480163574,-0.012383711676466458,0.002847833740557734,-42.85714285714286,42.53818318455861,0.03536929664590961,-0.5890253037995509
2022-05-09,2.449862480163574,0.0,0.0012994435577314569,-50.0,42.538183184558626,0.03946323402134861,-0.5504694676051781
2022-05-10,2.4575419425964355,0.0031346504120299823,0.0003205616066765901,-57.142857142857146,44.60293698993283,0.04224300618031089,-0.19383243215032367
2022-05-11,2.4575419425964355,0.0,-0.0004468404601176288,-57.142857142857146,44.602936989932836,0.04376490951317745,-0.027249698651379942
2022-05-12,2.4575419425964355,0.0,-0.0010429891966643116,-57.142857142857146,44.602936989932836,0.045182097550638116,0.19584810905970124
2022-05-13,2.465221881866455,0.003125049113874123,-0.0012449890591674834,-57.142857142857146,46.98245791052026,0.04382326507521287,0.4399239843112341
2022-05-16,2.449862480163574,-0.006230433786046041,-0.0019004642273531586,-57.142857142857146,43.004016192406944,0.0440643677821717,0.43844411197662875
2022-05-17,2.4575419425964355,0.0031346504120299823,-0.0021295072093204808,-57.142857142857146,45.48943267226834,0.04363088338759825,0.40231860455010177
2022-05-18,2.449862480163574,-0.003124855083754041,-0.0025465756277408768,-57.142857142857146,43.44901292858741,0.0432551068951162,0.35829724418258335
2022-05-19,2.4421825408935547,-0.0031348450503665415,-0.0030988755277234848,-50.0,41.446793887969285,0.04534646059937127,0.3178841808361175
2022-05-20,2.449862480163574,0.003144703207651922,-0.0032289863349222857,-42.85714285714286,44.215214799118726,0.04548459037315397,0.18342104237414963
2022-05-23,2.4575419425964355,0.0031346504120299823,-0.003042144864357637,-35.714285714285715,46.917851389084994,0.04399616360850048,0.11203712725673742
2022-05-24,2.4575419425964355,0.0,-0.0028689961395353294,-28.571428571428573,46.917851389085,0.04200016420751654,0.2555263731346956
2022-05-25,2.4575419425964355,0.0,-0.002700643193996109,-21.42857142857143,46.91785138908501,0.03491363110005167,0.29173006339392793
2022-05-26,2.465221881866455,0.003125049113874123,-0.0022815445714292663,-14.285714285714286,49.94675294989654,0.03076077791321355,0.4998163352006766
2022-05-27,2.4729015827178955,0.003115216893023076,-0.0016800410753512504,92.85714285714286,52.84437269802571,0.023474470675502665,0.7727089237605996
2022-05-30,2.4575419425964355,-0.0062111813218941325,-0.0017012286422992866,92.85714285714286,46.98573571832671,0.022494292097408386,0.685838028506485
2022-05-31,2.449862480163574,-0.003124855083754041,-0.0019455704832944498,42.85714285714286,44.33895617263532,0.01624471693554625,0.34804104590878443
2022-06-01,2.449862480163574,0.0,-0.0021106565691855453,42.85714285714286,44.33895617263532,0.014201509182209087,0.17804932902927015
2022-06-02,2.449862480163574,0.0,-0.0022159444533545935,42.85714285714286,44.33895617263533,0.01126036829877609,0.09466764050064361
2022-06-06,2.4421825408935547,-0.0031348450503665415,-0.0025311900306208552,42.85714285714286,41.424296227658836,0.012051356108479135,-0.23309881190656367
2022-06-07,2.449862480163574,0.003144703207651922,-0.002485197470917988,42.85714285714286,45.29686656890654,0.012051356108479135,-0.14014456734194888
2022-06-08,2.449862480163574,0.0,-0.002427058868485566,42.85714285714286,45.29686656890654,0.01213418873842275,-0.09004878782275072
2022-06-09,2.465221881866455,0.006269495462396524,-0.001842169723988036,42.85714285714286,52.56998909722799,0.012684410706033192,0.23493051036669488
2022-06-10,2.480581283569336,0.006230433786046152,-0.0008723276460336791,21.42857142857143,58.51059318073069,0.015622058725299882,0.8015476748320904
2022-06-13,2.465221881866455,-0.006191855838233229,-0.0006091846868392606,28.571428571428573,51.55642960131787,0.015622058725299882,0.9784170780029503
2022-06-14,2.480581283569336,0.006230433786046152,0.0001045451989011774,28.571428571428573,57.05340531320078,0.017677452325789673,1.315967350086947
2022-06-15,2.480581283569336,0.0,0.0006595886241123628,42.85714285714286,57.05340531320078,0.019466182102699205,1.1025217499605535
2022-06-16,2.480581283569336,0.0,0.0010869350270657527,42.85714285714286,57.05340531320078,0.02062113051917234,0.8414327900611024
2022-06-17,2.480581283569336,0.0,0.0014093638609798396,42.85714285714286,57.05340531320078,0.0206521993608905,0.6483598644967579
2022-06-20,2.4729015827178955,-0.0030959279191166145,0.0014032938051629178,42.85714285714286,53.0082095202441,0.020443833347898347,0.5070473413214471
2022-06-21,2.495940923690796,0.00931672377660031,0.0021027407412883225,71.42857142857143,61.76638710589406,0.023312252327417,0.615866375957808
2022-06-22,2.480581283569336,-0.006153847623423414,0.002159309144852584,71.42857142857143,54.47685796301126,0.023721974396795496,0.28883040760862166
2022-06-23,2.495940923690796,0.006191951952229102,0.0026463793296935424,71.42857142857143,59.610236297910824,0.02562667641280504,0.41991137251104643
2022-06-24,2.495940923690796,0.0,0.0030082397281579287,92.85714285714286,59.610236297910824,0.027362899105264595,0.42998603149644204
2022-06-27,2.495940923690796,0.0,0.003257466653129662,100.0,59.61023629791081,0.028855640940035177,0.3922045795504255
2022-06-28,2.495940923690796,0.0,0.0034156077863340966,92.85714285714286,59.610236297910824,0.02965767683785494,0.34154235700427865
2022-06-29,2.5036211013793945,0.003077067095499153,0.0037345557923748537,100.0,62.457472594089694,0.03021097072905197,0.6545458962508733
2022-06-30,2.5036211013793945,0.0,0.003950093903985966,85.71428571428572,62.457472594089694,0.03013368254694325,0.7166920886178955
2022-07-01,2.5036211013793945,0.0,0.004073947479704284,92.85714285714286,62.45747259408968,0.02942501131906096,0.40998856797794464
2022-07-04,2.526660203933716,0.009202312019829018,0.004814341500942689,100.0,70.30144215454001,0.029871457494702443,0.4429439501264483
2022-07-05,2.534340143203736,0.00303956157542018,0.005594130911051287,71.42857142857143,72.37355901428386,0.031527303411920726,0.507012909972797
2022-07-06,2.526660203933716,-0.003030350638060564,0.005928986024330358,71.42857142857143,67.31555686048632,0.030499052399215586,0.10058587898832028
2022-07-07,2.526660203933716,0.0,0.006110448112874692,71.42857142857143,67.31555686048634,0.030758359624281962,-0.3097430416162785
2022-07-08,2.534340143203736,0.00303956157542018,0.006405985290264547,92.85714285714286,69.76610139289883,0.03284670053380499,-0.44686045286109394
2022-07-11,2.5497000217437744,0.0060607012761206835,0.007019965129204328,100.0,73.96965101661159,0.03481292699930598,-0.4533192428985684
2022-07-12,2.557379961013794,0.003012095228664302,0.007668421961985347,100.0,75.7826724175869,0.03845101562683323,-0.5901822195275018
2022-07-13,2.526660203933716,-0.012012199027281123,0.007234260735374676,92.85714285714286,58.292927329993084,0.037706970674189995,-0.9247297898515944
2022-07-14,2.480581283569336,-0.018237086369049638,0.0053819581144841115,-14.285714285714286,42.46261454446068,0.037706970674189995,-1.1726942702606318
2022-07-15,2.473162174224853,-0.002990875321693731,0.003536093179623387,-14.285714285714286,40.5530627153762,0.03851217692624345,-1.7071330480068203
2022-07-18,2.489649772644043,0.006666606254544405,0.002551753596402595,-14.285714285714286,46.329387246684654,0.03691120935176619,-1.6960218429062455
2022-07-19,2.5061373710632324,0.006622456941676402,0.0022829829065653885,-14.285714285714286,51.41357657428701,0.036584449399781435,-1.4626569380417636
2022-07-20,2.5391128063201904,0.013157872205133092,0.0030687954517052414,-14.285714285714286,59.64697412682456,0.03613933106959727,-1.02552521516194
2022-07-21,2.522624969482422,-0.006493542467561175,0.0031753336343538744,-14.285714285714286,54.65942652286378,0.035681220954653,-0.9993827169082317
2022-07-22,2.5391128063201904,0.006535984158260177,0.0037040821668238993,-14.285714285714286,58.405048484147905,0.035929384902741925,-0.7585971858684466
2022-07-25,2.5473568439483643,0.003246818182970568,0.004337209997307802,-14.285714285714286,60.17653146747477,0.03653464655373703,-0.46822853916580187
2022-07-26,2.563844680786133,0.0064725273480776835,0.0052753972039306435,-14.285714285714286,63.52255628332741,0.03849984530106135,-0.2122008681996416
2022-07-27,2.5473568439483643,-0.006430903151556366,0.005494506640463192,-14.285714285714286,58.251675659674184,0.03870165506382439,-0.30061282351171414
2022-07-28,2.530869245529175,-0.006472433753581974,0.005093453757697112,-14.285714285714286,53.47339782885433,0.037934941417777895,-0.3882006556348526
2022-07-29,2.522624969482422,-0.0032574879406814805,0.004447781355297917,-14.285714285714286,51.21131396569684,0.037054353176360924,-0.3888020248450884
2022-08-01,2.5061373710632324,-0.006535889646161808,0.0033788864080752817,-14.285714285714286,46.93511083017452,0.03777951578198474,-0.6466816337012761
2022-08-02,2.489649772644043,-0.006578888535625049,0.001968138170857777,57.142857142857146,43.062725178775615,0.039710166057225965,-0.9756622172095363
2022-08-03,2.481405735015869,-0.00331132423474112,0.0005605957896357319,57.142857142857146,41.23095333633078,0.04235545316585767,-1.346652981084304
2022-08-04,2.497893810272217,0.006644651063580476,-2.3477489925044424e-05,42.85714285714286,46.16339765419673,0.04311884770288976,-1.3343856774310359
2022-08-05,2.5061373710632324,0.0033002046592673917,-0.00021394779488658112,42.85714285714286,48.4910894562193,0.04308823938665079,-1.2177675730618596
2022-08-08,2.497893810272217,-0.003289349133929642,-0.0006252539191693534,-42.85714285714286,46.33369550327141,0.04217776952615714,-1.2266470740795543
2022-08-09,2.489649772644043,-0.0033003955549557595,-0.0012070869984763788,-42.85714285714286,44.21510053655953,0.0403798921388397,-1.2574453732607975
2022-08-10,2.489649772644043,0.0,-0.001647561026226468,-42.85714285714286,44.21510053655954,0.04085031364572262,-1.3074182737969906
2022-08-11,2.5143814086914062,0.009933781176417522,-0.0011698269466423957,-42.85714285714286,51.87166710262632,0.039282434893224784,-1.0232870300386883
2022-08-12,2.5061373710632324,-0.0032787538118428383,-0.0010599273939119313,-42.85714285714286,49.43592194556538,0.0366274849163048,-0.8093529889399905
2022-08-15,2.497893810272217,-0.003289349133929642,-0.0012251580400084415,-42.85714285714286,47.05645116688746,0.03602384457022248,-0.8604276822926319
2022-08-16,2.497893810272217,0.0,-0.0013379097544029145,-35.714285714285715,47.05645116688747,0.03639191211940936,-0.986792926542185
2022-08-17,2.5061373710632324,0.0033002046592673917,-0.0011439616604231634,-28.571428571428573,49.85562168895766,0.03536005073194007,-0.7493525062160418
2022-08-18,2.489649772644043,-0.006578888535625049,-0.0015172125801425937,-21.42857142857143,44.75856250407251,0.03605914363443195,-0.7992190829731757
2022-08-19,2.497893810272217,0.00331132423474112,-0.0015172446702946118,-14.285714285714286,47.641026627499485,0.034840700407554166,-0.7541903049243768
2022-08-22,2.489649772644043,-0.0033003955549557595,-0.0017730335821761708,64.28571428571429,45.10635691869479,0.03249758759122563,-0.9352997632138467
2022-08-23,2.481405735015869,-0.00331132423474112,-0.0022208012513159256,-35.714285714285715,42.66199181761345,0.025860168040567493,-1.1853622018366214
2022-08-24,2.481405735015869,0.0,-0.0025416929620138908,-42.85714285714286,42.66199181761345,0.02082445921742808,-1.5424332694145166
2022-08-25,2.497893810272217,0.006644651063580476,-0.0022193343474697746,-42.85714285714286,49.06447533207113,0.01716735095836344,-1.338800833396558
2022-08-26,2.489649772644043,-0.0033003955549557595,-0.002225250762699567,-42.85714285714286,46.28175009163169,0.014535873063896872,-1.1854920814154413
2022-08-29,2.489649772644043,0.0,-0.0021987694346218114,-42.85714285714286,46.28175009163169,0.014113829666577794,-0.9870312420122938
2022-08-30,2.497893810272217,0.00331132423474112,-0.0018825797010315886,-42.85714285714286,49.5970906051287,0.014033923590407267,-0.8128669083192374
2022-08-31,2.5061373710632324,0.0033002046592673917,-0.001351360380898328,-42.85714285714286,52.73815282965726,0.013600579310031965,-0.65940184420552
2022-09-01,2.5143814086914062,0.003289539401695407,-0.0006600298397746812,42.85714285714286,55.710705125125294,0.014998777051387049,-0.5434864443511132
2022-09-02,2.5061373710632324,-0.0032787538118428383,-0.0003771283236765442,42.85714285714286,52.17660146733804,0.014998777051387049,-0.7411251969583951
2022-09-05,2.5143814086914062,0.003289539401695407,0.00011256012860559975,57.142857142857146,55.23480108849699,0.01616825946798347,-0.7473888266102043
2022-09-06,2.530869245529175,0.006557412801723395,0.0010104402428728813,64.28571428571429,60.65399220326563,0.019508950023025665,-0.3643762309865424
2022-09-07,2.522624969482422,-0.0032574879406814805,0.0014478267894382994,64.28571428571429,56.94205506381627,0.02062215217858649,-0.39466802219928604
2022-09-08,2.522624969482422,0.0,0.001771421870091209,64.28571428571429,56.94205506381627,0.021454741714819595,-0.541769409045353
2022-09-09,2.5391128063201904,0.006535984158260177,0.0025097490055363933,85.71428571428572,62.294222000526354,0.025024624833832856,-0.43853895788565744
2022-09-13,2.5391128063201904,0.0,0.003068621475875719,92.85714285714286,62.29422200052637,0.027753292909860346,-0.3562569798498728
2022-09-14,2.530869245529175,-0.003246630386210647,0.0032229878693205522,92.85714285714286,58.10610641935603,0.028895651313355464,-0.5334426634411719
2022-09-15,2.5473568439483643,0.006514599064457727,0.003794334599022303,85.71428571428572,63.40536968826167,0.03202638348507217,-0.3766974958772595
2022-09-16,2.5143814086914062,-0.012944961101659658,0.003224164616997631,92.85714285714286,49.82946416769307,0.03121252298297036,-0.7626719510197294
2022-09-19,2.5391128063201904,0.00983597696964189,0.003452399178856432,92.85714285714286,57.22653834339832,0.03230581461168131,-0.4878163527774789
2022-09-20,2.530869245529175,-0.003246630386210647,0.003368421623835394,85.71428571428572,54.35005357257738,0.03170835026843414,-0.47700202276103354
2022-09-21,2.530869245529175,0.0,0.003255430351182721,78.57142857142857,54.35005357257737,0.02966294817854787,-0.3273688526847414
2022-09-22,2.530869245529175,0.0,0.0031298055039342726,64.28571428571429,54.35005357257738,0.026907693157741396,-0.23523710051964444
2022-09-23,2.555600643157959,0.009771898596686812,0.0037387046111585923,64.28571428571429,61.58525214756521,0.028339148648253213,0.4093003264465489
2022-09-26,2.522624969482422,-0.012903296829190447,0.0032089695049626965,100.0,50.16789124608147,0.0256653847885948,0.14696554839199558
2022-09-27,2.5143814086914062,-0.003267850310982645,0.00246645199749275,35.714285714285715,47.78300161912393,0.02271869898355579,-0.2621810236717193
2022-09-28,2.530869245529175,0.006557412801723395,0.0023560061469951933,-14.285714285714286,52.63310377203323,0.020413621652564884,-0.2093351542016098
2022-09-29,2.5143814086914062,-0.006514693268684146,0.0017469043683789281,-14.285714285714286,47.84703739000018,0.019525918964708813,-0.48805574904475313
2022-09-30,2.5473568439483643,0.01311473078148473,0.002254300779105939,-14.285714285714286,56.3885009215483,0.020029055204944246,-0.135156903805385
2022-10-10,2.530869245529175,-0.006472433753581974,0.0021414013338317004,-14.285714285714286,51.818757175153564,0.018185720947310486,-0.1109808256034665
2022-10-11,2.522624969482422,-0.0032574879406814805,0.0017629240141718726,-14.285714285714286,49.65196362551206,0.017480659254168553,-0.43367361785060893
2022-10-12,2.530869245529175,0.0032681338472775323,0.0016959859562352777,-14.285714285714286,51.821507473235286,0.017480659254168553,-0.39470749738101024
2022-10-13,2.5143814086914062,-0.006514693268684146,0.0011162950918585108,-14.285714285714286,47.42053934709327,0.018185720947310486,-0.6220641175998805
2022-10-14,2.522624969482422,0.003278564167918274,0.000899276319773532,-14.285714285714286,49.71971301024646,0.018185720947310486,-0.9510708533228033
2022-10-17,2.5143814086914062,-0.003267850310982645,0.0004626860067816933,-14.285714285714286,47.48364808123024,0.018712758729025787,-1.2394500988801722
2022-10-18,2.5143814086914062,0.0,0.00011304534507896642,-14.285714285714286,47.483648081230236,0.019026178912379173,-1.532281488868591
2022-10-19,2.5143814086914062,0.0,-0.00016217791232425868,-14.285714285714286,47.483648081230236,0.019561770755615476,-1.7312804027925626
2022-10-20,2.5143814086914062,0.0,-0.00037596048821217837,-92.85714285714286,47.483648081230236,0.018591829055950807,-1.6662178940671963
2022-10-21,2.530869245529175,0.006557412801723395,-1.596635424791712e-05,-92.85714285714286,53.15173938646065,0.018215405210541123,-1.306751621624273
2022-10-24,2.522624969482422,-0.0032574879406814805,4.501418530363444e-06,-57.142857142857146,50.23230371093518,0.017651072710493466,-1.568424983861133
2022-10-25,2.5143814086914062,-0.003267850310982645,-0.0002409435766965761,-57.142857142857146,47.427157338371686,0.017944338881138486,-1.9413123179783212
2022-10-26,2.5061373710632324,-0.0032787538118428383,-0.0006943391312750354,-85.71428571428572,44.736582711987126,0.018891656886539505,-2.299262094866429
2022-10-27,2.497893810272217,-0.003289349133929642,-0.0013077296952942754,-92.85714285714286,42.160927832446035,0.0206338176975667,-2.5975141934233337
2022-10-28,2.522624969482422,0.009900804873490543,-0.0009721750296705854,-100.0,51.23227294730046,0.016602633578109288,-1.9644927276288537
2022-10-31,2.481405735015869,-0.01633981862750289,-0.0020451200251329366,-42.85714285714286,39.978118823053165,0.021307779307624175,-2.0173280490633836
2022-11-01,2.489649772644043,0.003322325531790238,-0.0025762000637539494,-50.0,42.689724042206244,0.02347393458446042,-1.6628274108302263
2022-11-02,2.473162174224853,-0.006622456941676513,-0.0035198328542640146,-57.142857142857146,38.90428374148326,0.027349571900431326,-1.357111854434375
2022-11-03,2.481405735015869,0.0033332067249491892,-0.003926593444547761,-64.28571428571429,41.68841696628352,0.029605213533518672,-1.0615439864160623
2022-11-04,2.5061373710632324,0.009966784431246989,-0.0033809263857036854,-64.28571428571429,49.17193056450714,0.026760634035062,-0.5472392516990576
2022-11-07,2.5061373710632324,0.0,-0.002945239525299,-64.28571428571429,49.17193056450714,0.025712460886071473,-0.09133408004758725
2022-11-08,2.5061373710632324,0.0,-0.002570325437799079,-64.28571428571429,49.17193056450716,0.025246143922183932,0.39059303632566017
2022-11-09,2.5061373710632324,0.0,-0.0022472978713782496,-64.28571428571429,49.17193056450714,0.02385836809130759,0.7051576073390821
2022-11-10,2.5143814086914062,0.003289539401695407,-0.0017005957871263798,-64.28571428571429,51.93749014169475,0.02385836809130759,1.1446912981593222
2022-11-11,2.522624969482422,0.003278564167918274,-0.0009938645166188546,-57.142857142857146,54.59770533833422,0.02385836809130759,1.3683141398810876
2022-11-14,2.522624969482422,0.0,-0.0004331855934668753,50.0,54.59770533833424,0.024347802753723044,1.1953956381131434
2022-11-15,2.522624969482422,0.0,1.1029353087615461e-05,50.0,54.59770533833424,0.02480986258329978,1.0196768485898084
2022-11-16,2.5143814086914062,-0.003267850310982645,9.85742258613123e-05,50.0,51.06743154048423,0.02480986258329978,0.595149447622348
2022-11-17,2.5143814086914062,0.0,0.0001660118298151525,50.0,51.06743154048422,0.02480986258329978,0.3679069733015641
2022-11-18,2.5061373710632324,-0.0032787538118428383,-4.474402858157367e-05,50.0,47.50483760743875,0.023339724722278802,0.0024198272288326623
2022-11-21,2.5143814086914062,0.003289539401695407,5.245674658044089e-05,50.0,51.17314517819852,0.02279004782047369,-0.15088149225984768
2022-11-22,2.5391128063201904,0.00983597696964189,0.00090364655557828,92.85714285714286,60.16593535612446,0.02539096434812374,0.3289603553044925
2022-11-23,2.555600643157959,0.006493542467561175,0.002065228239448499,100.0,64.81809648227262,0.030382124433310582,0.8690548304232155
2022-11-24,2.5473568439483643,-0.0032257775610072814,0.002707739245863131,100.0,60.98315766266307,0.03264924293835873,0.8149911432137793
2022-11-25,2.5803325176239014,0.012945054696155367,0.004153918485433104,78.57142857142857,68.90758049104035,0.04017451972444271,1.0174077500129686
2022-11-28,2.563844680786133,-0.0063898108965240175,0.004787601463958051,78.57142857142857,62.11455015930745,0.04147379072870185,1.2065067129845772
2022-11-29,2.588576316833496,0.009646308231035183,0.00592097831980736,92.85714285714286,67.31890604868262,0.046296711091466124,1.3843933899894592
2022-11-30,2.59682035446167,0.003184776734053818,0.0070090474291777255,100.0,68.85478731053375,0.048667807902155066,1.5546387340228396
2022-12-01,2.555600643157959,-0.015873147032635537,0.006635466929249395,92.85714285714286,54.94964057292169,0.045895233289699154,1.0720168032326707
2022-12-02,2.555600643157959,0.0,0.006178585780959548,57.142857142857146,54.94964057292169,0.04523824922676811,0.5405256230899668
2022-12-05,2.59682035446167,0.01612916768277839,0.006925179107368551,57.142857142857146,63.49871272858126,0.04818380313784859,0.6656124031112672
2022-12-06,2.59682035446167,0.0,0.007508035769720751,85.71428571428572,63.498712728581275,0.04993368818954247,0.7613102428820866
2022-12-07,2.588576316833496,-0.003174666131220638,0.007650165189172582,92.85714285714286,60.82150381308625,0.04976902446116957,0.38277502302688493
2022-12-08,2.6050641536712646,0.006369461363973761,0.008112040611859463,100.0,64.08306141221782,0.05135896973959542,0.19403353713701565
2022-12-09,2.6050641536712646,0.0,0.008419399049524767,92.85714285714286,64.08306141221782,0.0527139169083451,0.10078057812675865
2022-12-12,2.5803325176239014,-0.009493676388932504,0.007881755904471842,85.71428571428572,55.976420335728925,0.05151287839789056,-0.16749358108613088
2022-12-13,2.6050641536712646,0.00958467014558928,0.007995436120836565,78.57142857142857,61.25479635669067,0.05151033927472976,-0.14452219825583387
2022-12-14,2.6050641536712646,0.0,0.008052010753311398,57.142857142857146,61.25479635669067,0.04967289811889702,-0.12119562881430306
2022-12-15,2.588576316833496,-0.006329148099685988,0.007547454451410019,57.142857142857146,56.05803204687201,0.04576716317725115,-0.2830021511343226
2022-12-16,2.621551513671875,0.012738738519680215,0.00794099128426523,57.142857142857146,62.84688697063117,0.041600972547948444,-0.09267251087424797
2022-12-19,2.59682035446167,-0.009433787236767022,0.007551892163858562,78.57142857142857,55.87462914226504,0.034813605228063337,-0.24395598998905496
2022-12-20,2.5803325176239014,-0.006349240450707505,0.006637379197817827,78.57142857142857,51.75247099145769,0.031049292792981648,-0.5394658625925433
2022-12-21,2.5720882415771484,-0.0031950440458521356,0.005570356259861394,78.57142857142857,49.77506712924543,0.02959178709286522,-0.7657229967954888
2022-12-22,2.588576316833496,0.006410384756565524,0.005132688791972867,78.57142857142857,53.593987960107604,0.026106959762426322,-0.8007464390494525
2022-12-23,2.5803325176239014,-0.0031846846299200537,0.004519437070282636,71.42857142857143,51.4860725338988,0.026106959762426322,-0.7548576601189348
2022-12-26,2.563844680786133,-0.0063898108965240175,0.0034871718983364858,-35.714285714285715,47.465088387523984,0.026106959762426322,-0.8626219517606786
2022-12-27,2.59682035446167,0.012861806303112733,0.003595672489805967,-35.714285714285715,55.02964670180748,0.026249997832478254,-0.6492160316454799
2022-12-28,2.6050641536712646,0.003174574319486867,0.003915210726259444,-35.714285714285715,56.70791906496171,0.026682447073737597,-0.43726378222333895
2022-12-29,2.59682035446167,-0.0031645282892465154,0.003889726419802434,-35.714285714285715,54.51687175894312,0.023899077720722414,-0.41052675249862697
2022-12-30,2.6050641536712646,0.003174574319486867,0.0040560609248846595,-35.714285714285715,56.333801410261096,0.02060649761461803,-0.36143203298555404
2023-01-03,2.6050641536712646,0.0,0.004149800985436219,-35.714285714285715,56.33380141026109,0.020924180717495362,-0.3057688235593289
2023-01-04,2.6380395889282227,0.012658204678178908,0.005120902751689836,42.85714285714286,63.16080876513838,0.025551249357944547,0.041659524123165065
2023-01-05,2.6380395889282227,0.0,0.005864020386492927,50.0,63.16080876513838,0.02889909022448151,-0.1167623997451629
2023-01-06,2.6462833881378174,0.003124971757131112,0.006608044159411424,50.0,64.75833373367671,0.03293915823204302,-0.009924145839675559
2023-01-09,2.629795551300049,-0.006230563556298141,0.006674536922826431,50.0,59.226436196019485,0.034302983172620476,-0.18383516587368515
2023-01-10,2.621551513671875,-0.003134858762727122,0.006388061381672586,50.0,56.621937435399786,0.03395270667843655,-0.4251972506775608
2023-01-11,2.629795551300049,0.0031447170063909624,0.0063054034305285835,50.0,58.58334677689728,0.03499962738611568,-0.4988904827106489
2023-01-12,2.629795551300049,0.0,0.006184476105793838,50.0,58.58334677689728,0.03591410510309951,-0.4988898316006761
2023-01-13,2.662770986557007,0.012539163069409165,0.006932600227029747,50.0,65.76450694806903,0.039801522804441276,-0.09167977551551347
2023-01-16,2.6462833881378174,-0.006191895023051952,0.0070494471532800305,100.0,60.14887461920502,0.04141716012771933,-0.35526193490055946
2023-01-17,2.654527187347412,0.003115236730332205,0.00725273227666358,92.85714285714286,61.9006535967183,0.04337516652226346,-0.15168922777444308
2023-01-18,2.6462833881378174,-0.0031055621689949353,0.00712087844669291,85.71428571428572,59.10276017709537,0.04280468916537601,-0.29049200998909847
2023-01-19,2.654527187347412,0.003115236730332205,0.007144973346974875,78.57142857142857,61.0010958931687,0.04123037237861482,-0.1374667771802695
2023-01-20,2.654527187347412,0.0,0.0070997529627470045,64.28571428571429,61.0010958931687,0.0407936320288751,-0.060279980351467186
2023-01-30,2.662770986557007,0.0031055621689950463,0.007208764906615662,64.28571428571429,62.993277868949605,0.039354932152695844,-0.021530171396256383
2023-01-31,2.654527187347412,-0.003095947511525976,0.0070039568286664085,57.142857142857146,59.70856135547869,0.032766699883383675,-0.286898606275733
2023-02-01,2.654527187347412,0.0,0.00674613760548973,28.571428571428573,59.70856135547871,0.030702991792030877,-0.25300912759813177
2023-02-02,2.6462833881378174,-0.0031055621689949353,0.006238901570195335,28.571428571428573,56.303621958143665,0.028740923212405938,-0.21758586114498382
2023-02-03,2.6462833881378174,0.0,0.0057539304440064965,28.571428571428573,56.303621958143665,0.02478075452228181,-0.1811648841874786
2023-02-06,2.6380395889282227,-0.003115236730332094,0.005075698543614962,28.571428571428573,52.81088717396323,0.021392884738081503,-0.1497509202862123
2023-02-07,2.629795551300049,-0.003125062134311296,0.004236336086941671,14.285714285714286,49.50366142205173,0.01758113628784313,-0.3349375635706683
2023-02-08,2.6380395889282227,0.003134858762727122,0.003756271066527922,14.285714285714286,52.694031058440174,0.01758113628784313,-0.3870008930354827
2023-02-09,2.6462833881378174,0.003124971757131112,0.003585797510780972,7.142857142857143,55.707608573276154,0.017456367051524084,-0.20415013284404465
2023-02-10,2.662770986557007,0.006230473460664188,0.003893300517097525,-78.57142857142857,61.05165380289455,0.018446427613819535,0.1350913713795721
2023-02-13,2.6462833881378174,-0.006191895023051952,0.0036358212789771457,-42.85714285714286,54.031126945204946,0.017622593430840595,-0.0013427437678461749
2023-02-14,2.6380395889282227,-0.003115236730332094,0.0031349108922572,-42.85714285714286,50.880627423297874,0.015707853079734505,-0.2853251635115995
2023-02-15,2.6380395889282227,0.0,0.0026978325287531826,-42.85714285714286,50.88062742329789,0.01488120529541237,-0.5011653070838594
2023-02-16,2.6462833881378174,0.003124971757131112,0.0025659147703311924,-42.85714285714286,53.99190668619613,0.013568472108191676,-0.6686990802463378
2023-02-17,2.654527187347412,0.003115236730332205,0.002680063720929534,-42.85714285714286,56.92987431354961,0.012821380305605073,-0.690260430263324
2023-02-20,2.67101526260376,0.006211303969662518,0.003220681835881434,64.28571428571429,62.13760051729893,0.014871993965833366,-0.38255218173391303
2023-02-21,2.67101526260376,0.0,0.003620501879486569,71.42857142857143,62.13760051729893,0.01644961683768281,-0.01287130311315202
2023-02-22,2.662770986557007,-0.0030865701750864005,0.003657559111359092,71.42857142857143,58.066169225165396,0.01690845737545193,-0.04146343608147554
2023-02-23,2.662770986557007,0.0,0.003636128572853136,71.42857142857143,58.066169225165396,0.01732386753100327,-0.049470028357558114
2023-02-24,2.654527187347412,-0.003095947511525976,0.0033412751428575694,71.42857142857143,53.965514524357125,0.01732386753100327,-0.24400351793411182
2023-02-27,2.6462833881378174,-0.0031055621689949353,0.0028243743446833224,71.42857142857143,50.151367023416746,0.016922526738903307,-0.5241788746486107
2023-02-28,2.662770986557007,0.006230473460664188,0.002858262887360376,64.28571428571429,56.73719674288329,0.017360022395343587,-0.2617287042427492
2023-03-01,2.67101526260376,0.0030961265870683707,0.0031033187371540677,92.85714285714286,59.610648636273766,0.018560347352650143,0.14945129462113
2023-03-02,2.687502861022949,0.006172783304546403,0.0037362135337977113,100.0,64.66518835983868,0.02184334552261921,0.5435511532932111
2023-03-03,2.728721857070923,0.01533728452749794,0.005345905043109809,78.57142857142857,73.5701817899497,0.032684674512305896,1.0978296166034651
2023-03-06,2.728721857070923,0.0,0.0065903549891667456,85.71428571428572,73.5701817899497,0.03926022948920551,1.0340468204713966
2023-03-07,2.753453731536865,0.00906353808170457,0.00813949230944855,92.85714285714286,77.51365336346217,0.04755477887818945,0.5407378962368175
2023-03-08,2.7452099323272705,-0.0029939850142289837,0.00909521884858876,92.85714285714286,73.57308763192724,0.052361665081018034,0.3123762015788557
2023-03-09,2.76169753074646,0.006005951758017991,0.010139418372325633,35.714285714285715,76.18113844696252,0.058562493604999,0.05207861463735222
2023-03-10,2.7204785346984863,-0.014925239128860235,0.009840775249751622,35.714285714285715,60.18885734568876,0.059641067425036214,-0.4471519616762596
2023-03-13,2.736966133117676,0.006060550821812338,0.009798366882661388,35.714285714285715,63.49038461694059,0.06067727359902183,-0.39001276102967397
2023-03-14,2.7452099323272705,0.003012020905134083,0.009910349063902963,35.714285714285715,65.05101308569851,0.06091770892261914,-0.10717824247147378
2023-03-15,2.794673204421997,0.018018028971938715,0.011144728734172715,35.714285714285715,72.61492308528658,0.06615580901804834,0.46434077427913695
2023-03-16,2.8771119117736816,0.02949851425248662,0.014060644748591178,85.71428571428572,80.27663461249325,0.0844632099808927,0.9960334948642965
2023-03-17,2.868868112564087,-0.002865303631693794,0.016253147779352977,85.71428571428572,77.9286780632046,0.0955911597715656,1.0586133156381277
2023-03-20,2.893599510192871,0.008620611564705172,0.018284108282392693,100.0,79.8342334300646,0.10791929185863924,0.7103085544777195
2023-03-21,2.827648639678955,-0.02279198288553763,0.018376458991563885,92.85714285714286,63.972720721988374,0.10941594873732047,0.0937150824328335
2023-03-22,2.83589243888855,0.0029154255921028938,0.01808512509760609,85.71428571428572,64.91118069788413,0.10965818330261544,-0.14689758135777212
2023-03-23,2.860624074935913,0.008720935853637757,0.018229336919753106,78.57142857142857,67.6349521710225,0.11051212885590644,-0.10618101172259574
2023-03-24,2.802917003631592,-0.020172895771218724,0.016990598239553126,35.714285714285715,56.595560374186235,0.10517323422663762,-0.5327141014629423
2023-03-27,2.769941091537476,-0.011764854989066986,0.014767637615794135,35.714285714285715,51.42972428459451,0.09698516409993174,-0.7002974830990646
2023-03-28,2.786429643630981,0.005952672475194376,0.013096134778871707,35.714285714285715,53.70514332995441,0.08960622757053535,-0.43262941644696856
2023-03-29,2.794673204421997,0.002958467230586237,0.011906552404901885,35.714285714285715,54.844138698295474,0.08195785229245083,-0.27839515403005005
2023-03-30,2.802917003631592,0.002949825831711106,0.011071775972098716,35.714285714285715,56.00972160117455,0.0751941312267943,-0.2294630029136625
2023-03-31,2.786429643630981,-0.005882214842340638,0.00990805607409878,35.714285714285715,53.0598477998389,0.0722563260397866,-0.34145855357336385
2023-04-03,2.769941091537476,-0.005917447846276458,0.00840978775114851,28.571428571428573,50.21170925396565,0.06944268359272238,-0.4941426680355123
2023-04-04,2.827648639678955,0.02083349292798431,0.008577123443542268,-35.714285714285715,58.58967428427526,0.06846787713307845,-0.1224727039566292
2023-04-06,2.83589243888855,0.0029154255921028938,0.008951421910796085,-35.714285714285715,59.63463432557737,0.06669684544915744,0.07964079968540273
2023-04-07,2.827648639678955,-0.0029069505939461893,0.00895634195491833,-35.714285714285715,58.05691524763679,0.06540707626229511,0.15381454049498194
2023-04-10,2.827648639678955,0.0,0.008837683587595528,-35.714285714285715,58.05691524763679,0.05884507246945932,0.16757024567570725
2023-04-11,2.8523802757263184,0.008746361093212585,0.00926072109160522,-28.571428571428573,61.592356213198784,0.054231701362793386,0.44265442162588065
2023-04-12,2.8771119117736816,0.008670525545920071,0.01015031839095114,78.57142857142857,64.78867625257892,0.05120914569402365,0.5012791130293301
2023-04-13,2.9183311462402344,0.01432660102579808,0.011768255515007155,85.71428571428572,69.36468367134285,0.057332861592946455,0.6959411128235138
2023-04-14,2.893599510192871,-0.008474581809958637,0.01244350083792996,85.71428571428572,63.99112812537202,0.05880953903623964,0.5793705503585946
2023-04-17,2.9513065814971924,0.019943005623634047,0.014062377192302354,100.0,69.85856162816128,0.06839472365988558,0.8692325941501738
2023-04-18,2.967794418334961,0.00558662286769418,0.01571893966000138,100.0,71.29761208256444,0.07755443993812806,0.842731618322292
2023-04-19,2.976037979125977,0.002777672449306934,0.017073049236891395,71.42857142857143,72.01696613244555,0.08752249750824455,0.7738565499394465
2023-04-20,2.967794418334961,-0.0027699783567403102,0.017801853865546568,85.71428571428572,70.12428355726297,0.09448278833866434,0.6199349752258573
2023-04-21,2.9513065814971924,-0.005555585904437055,0.017788474230931273,92.85714285714286,66.3673709268541,0.09882056593121155,0.203593517317597
2023-04-24,2.9842824935913086,0.011173326519465787,0.01818548268988508,100.0,69.84684236104577,0.10368480487623706,0.06312471222208259
2023-04-25,3.0255014896392822,0.013812028900243467,0.01927882201609208,100.0,73.53276568288581,0.10854581331758915,0.0019669663803551637
2023-04-26,3.0172576904296875,-0.002724771162012418,0.019946826235205443,92.85714285714286,71.64641412012244,0.11110034520492036,0.1559175675805855
2023-04-27,3.0255014896392822,0.0027322158249005746,0.02036392428050551,78.57142857142857,72.408667047268,0.11291907502224252,0.3770554379415525
2023-04-28,3.0255014896392822,0.0,0.02050122531464462,78.57142857142857,72.408667047268,0.11329120238517108,0.556487674040084
2023-05-04,3.248086452484131,0.07356960940428636,0.02444551864446197,100.0,85.0196801650517,0.1426744205094823,1.2274166476853365
2023-05-05,3.3635003566741943,0.035532891712840575,0.030122114229600042,100.0,88.06563581947117,0.1793593525358498,1.5185101728827446
2023-05-08,3.7014992237091056,0.1004902129307701,0.038982465307857435,100.0,92.72860158551855,0.27120852629625664,2.4979472531233124
2023-05-09,3.759206533432007,0.015590253093468176,0.048128430324372896,100.0,93.2159632863993,0.3358987186908198,2.082281548263332
2023-05-10,3.553109645843506,-0.054824571556685076,0.053789988519217465,92.85714285714286,74.11116751266286,0.35219259982032225,1.2131952032611832
2023-05-11,3.4294512271881104,-0.03480287156352002,0.054547598492011136,64.28571428571429,65.44432263971702,0.35150038340513856,0.3139780838122834
2023-05-12,3.4294512271881104,0.0,0.0529999536958195,64.28571428571429,65.44432263971702,0.3485586739876317,0.036393620961754775
2023-05-15,3.445939064025879,0.004807718712269704,0.05132021197747055,64.28571428571429,66.05811667514612,0.34466429313275826,0.39953927176856957
2023-05-16,3.4541828632354736,0.0023923229797231382,0.049689976778598655,64.28571428571429,66.37967046090608,0.3407047460235966,0.2967769478246552
2023-05-17,3.421207427978516,-0.009546522741436414,0.04763562937750278,57.142857142857146,63.7769400646388,0.3301620044808458,0.230674963969501
2023-05-18,3.4706709384918213,0.014457910417472686,0.04560203237950797,42.85714285714286,65.93461714673711,0.32310160667279775,0.14912895908347235
2023-05-19,3.4294512271881104,-0.01187658295304217,0.04359127149115414,42.85714285714286,62.58879685490098,0.31285558472765057,0.12685472629048816
2023-05-22,3.437695264816284,0.002403894116591143,0.041182460026393995,35.714285714285715,62.993269856735125,0.30088446738558244,0.02205489427382954
2023-05-23,3.3305249214172363,-0.031175056293064163,0.03759286190443221,28.571428571428573,54.71211829970807,0.2842252044876918,-0.2405583462299775
2023-05-24,3.206866979598999,-0.037128664320463134,0.03152239893901935,21.42857142857143,47.02965569830195,0.26627294565747217,-0.6222904823123216
2023-05-25,3.206866979598999,0.0,0.025271386603825243,-85.71428571428572,47.02965569830196,0.25011704529673245,-0.5156256291217292
2023-05-26,3.206866979598999,0.0,0.020085876807262062,-85.71428571428572,47.02965569830196,0.2368790911453575,-0.3833582505881066
2023-05-29,3.2810616493225098,0.023136185627751882,0.017240987533227996,-85.71428571428572,52.07282447732571,0.218329467828643,-0.20348878190862305
2023-05-30,3.239842414855957,-0.012562773538578265,0.01434957540661791,-78.57142857142857,49.26652181266867,0.2001246851432936,-0.17350521920386527
2023-05-31,3.215111017227173,-0.007633518690718044,0.011225589561877282,-50.0,47.608680564208534,0.18110179888970337,-0.1938857437679871
2023-06-01,3.2233543395996094,0.00256393086530049,0.00874572170442436,-50.0,48.23396020466784,0.18263646122354762,-0.1284434016380359
2023-06-02,3.206866979598999,-0.005114969768622579,0.006350079683291323,-50.0,47.0250942499852,0.18901677078448756,-0.1343024913494811
2023-06-05,3.2810616493225098,0.023136185627751882,0.006070726506311394,-50.0,52.7625333968779,0.17050311656782513,0.09155169951659863
2023-06-06,3.289305686950684,0.0025126128397729985,0.006080339533053574,-35.714285714285715,53.36689130614042,0.13305114736563264,0.10679760099739691
2023-06-07,3.3305249214172363,0.012531287265296509,0.0069431405526194125,-35.714285714285715,56.37237142225939,0.1195816744842418,0.12320563236024948
2023-06-08,3.421207427978516,0.027227691940732157,0.009511978263074762,-21.42857142857143,62.151662594894574,0.1191034872495168,0.2324387463160783
2023-06-09,3.404719829559326,-0.004819233784059684,0.011230068659291931,-21.42857142857143,60.58034744876984,0.11776859814993725,0.2359247258053475
2023-06-12,3.3305249214172363,-0.021791780779710446,0.010911489193385106,71.42857142857143,53.96810053313551,0.11319189022886772,0.10114251356858876
2023-06-13,3.347012519836426,0.0049504503969222124,0.010683555736191232,71.42857142857143,55.1398795612709,0.10744418394815076,0.07087835818882972
2023-06-14,3.297549247741699,-0.014778334948428506,0.009385136006905692,71.42857142857143,50.94964698408575,0.10349726435802421,-0.11399645367837792
2023-06-15,3.305793523788452,0.002500122189956322,0.008314001709214862,64.28571428571429,51.60970926106481,0.09336933284961219,-0.18533202959847137
2023-06-16,3.264573812484741,-0.012468930986492155,0.006484568162611409,35.714285714285715,48.122873946221986,0.08664214982307546,-0.34777052805187536
2023-06-19,3.215111017227173,-0.015151379046296154,0.0037431642737153045,35.714285714285715,44.25869670966171,0.07882932405218826,-0.5688926329739865
2023-06-20,3.1903791427612305,-0.0076923858409319035,0.0008675586923993775,35.714285714285715,42.424340627438916,0.08112616427042803,-0.7734063107082033
2023-06-21,3.198622941970825,0.002583955962820017,-0.0012087785554780622,-64.28571428571429,43.268384897613,0.0816679706223161,-0.8714436418534817
2023-06-26,3.116183996200561,-0.025773261577205275,-0.005004993111239582,-71.42857142857143,37.36875647666429,0.09038308864249929,-1.0135252550304774
2023-06-27,3.1821351051330566,0.021164061240577237,-0.006080161959718745,-71.42857142857143,43.95265835357181,0.09190503532178003,-0.838823964811723
2023-06-28,3.1903791427612305,0.002590725206756739,-0.006710459055788735,-71.42857142857143,44.73473109486184,0.0941602441902728,-0.6937023352804601
2023-06-29,3.1821351051330566,-0.0025840306933045953,-0.00736528416479009,-71.42857142857143,44.072447521852055,0.096524911191373,-0.5246434947000274
2023-06-30,3.2233543395996094,0.0129533263374213,-0.006661170133820593,-71.42857142857143,48.20159309910555,0.0962513184914335,-0.2890043358550502
2023-07-03,3.2810616493225098,0.01790287496908216,-0.004596946546580979,-64.28571428571429,53.38994673579025,0.09574710173301634,-0.029925246906855933
2023-07-04,3.2315986156463623,-0.015075313713279637,-0.004286286137528697,-57.142857142857146,48.87136406870709,0.09484723413437758,-0.03449265690695983
2023-07-05,3.2315986156463623,0.0,-0.003938918425080232,-42.85714285714286,48.87136406870709,0.09517723359121226,0.031699407472259945
2023-07-06,3.206866979598999,-0.007653065553259175,-0.00426501769094551,-42.85714285714286,46.585075662131885,0.09604738890178979,0.01509348859889403
2023-07-07,3.198622941970825,-0.0025707451168444084,-0.004665171165647388,-35.714285714285715,45.81565777009564,0.09516720040705333,-0.027289182760704352
2023-07-10,3.206866979598999,0.0025773708804497364,-0.004699191202003369,-28.571428571428573,46.762586100467004,0.08295671178443989,-0.08655468205467592
2023-07-11,3.239842414855957,0.010282757428585754,-0.003822110458003995,35.714285714285715,50.489711589809474,0.06885742799088601,0.06256046331819444
2023-07-12,3.239842414855957,0.0,-0.003128854851411245,35.714285714285715,50.48971158980948,0.06310670573671076,0.05134063660966196
2023-07-13,3.289305686950684,0.015267184560557201,-0.0013121219339523754,92.85714285714286,55.86500106841208,0.05631645068773192,0.21477361846982523
2023-07-14,3.289305686950684,0.0,8.933435974711244e-05,100.0,55.86500106841208,0.05554054308757946,0.3092899815432107
2023-07-17,3.2998087406158447,0.0031930913891125012,0.0014364561772400994,100.0,57.01429873849917,0.05488852867376005,0.3753885163773269
2023-07-18,3.2472920417785645,-0.01591507355892363,0.0012256745886822843,85.71428571428572,50.002808672834334,0.054110031652717355,0.1303649089484511
2023-07-19,3.256044626235962,0.0026953487228096318,0.0012400348150846542,85.71428571428572,51.082535882278655,0.054743389618449226,0.21396438786307634
2023-07-20,3.2647974491119385,0.002688176570262435,0.0014502784341042139,78.57142857142857,52.19438000899229,0.05474975990582933,0.14318819967923666
2023-07-21,3.273550271987915,0.0026809696504626057,0.0018100902184338826,42.85714285714286,53.33657760619206,0.055252982302165375,0.1808536365781792
2023-07-24,3.2472920417785645,-0.00802133097940938,0.0014461259576554883,42.85714285714286,49.5145230479142,0.04426593592752324,0.14544348810334407
2023-07-25,3.33482027053833,0.02695422143547832,0.003197041707363041,85.71428571428572,59.84421232649193,0.048075335721098233,0.4802616680915636
2023-07-26,3.317314386367798,-0.005249423582190937,0.004165253718869082,92.85714285714286,57.31820854393652,0.04876591331136406,0.47874616479284243
2023-07-27,3.3435726165771484,0.007915508496046275,0.005451424711942151,100.0,60.04263310669033,0.05006052086542559,0.35719163588401404
2023-07-28,3.4223482608795166,0.02356032105054484,0.008110971179501755,100.0,66.8740616850759,0.06464633170151057,0.6683774555169603
2023-07-31,3.4223482608795166,0.0,0.010200539993599596,100.0,66.8740616850759,0.07604418307991913,0.610034897781173
2023-08-01,3.4398539066314697,0.005115097709972538,0.012067735424068445,57.142857142857146,68.2720767632388,0.08578842444902036,0.6380890075805994
2023-08-02,3.3435726165771484,-0.02798993581346776,0.011523511933106818,57.142857142857146,54.618866010553326,0.08527764040672864,0.165169413797987
2023-08-03,3.3873369693756104,0.0130890989420962,0.011586038614236007,57.142857142857146,58.665277114223294,0.08479955459020896,0.2094317897728236
2023-08-04,3.4048426151275635,0.005167967022536857,0.01197003756756407,57.142857142857146,60.19419235071764,0.08335253892147508,0.32969979774071345
2023-08-07,3.378584146499634,-0.007712094682809867,0.011655832226188562,57.142857142857146,56.800322954113,0.07929551907610095,0.4673713608851861
2023-08-08,3.352325677871704,-0.007772033339804363,0.010666853882050081,57.142857142857146,53.548883738382514,0.07614645333792898,0.384006119355401
2023-08-09,3.3610785007476807,0.0026109703283760943,0.009881405556251149,35.714285714285715,54.48418303007491,0.0724482850904262,0.3724862040895375
2023-08-10,3.352325677871704,-0.002604170915386117,0.008990854428785002,35.714285714285715,53.327823216308325,0.07146520454118759,0.3905642304309335
2023-08-11,3.308561325073242,-0.013054922762231969,0.0072233373585881815,35.714285714285715,47.85844242376177,0.07069620888987696,0.013836617389650077
2023-08-14,3.256044626235962,-0.015872971263761526,0.004467732750227453,-71.42857142857143,42.25762994814629,0.07331400338128244,-0.18926800204816477
2023-08-15,3.3435726165771484,0.026881692479248986,0.004198145272852584,-71.42857142857143,52.281081312891544,0.06906813617816589,0.04930706764014648
2023-08-16,3.33482027053833,-0.0026176629140414187,0.0038319345785317854,-71.42857142857143,51.3217115651748,0.0650310730443981,0.3193363075947392
2023-08-17,3.2998087406158447,-0.010498775670700122,0.0026833791530176355,-71.42857142857143,47.56185293254681,0.06252463822862027,0.33158321376090616
2023-08-18,3.308561325073242,0.0026524520496191695,0.0019275586839866887,-71.42857142857143,48.57610352498523,0.06021032359154041,0.14139554514957764
2023-08-21,3.2647974491119385,-0.01322746404295072,0.00026734075644169127,-64.28571428571429,43.99408945890437,0.058247427079222695,-0.18364122350673082
2023-08-22,3.317314386367798,0.01608581790277519,0.00022292301463471925,-42.85714285714286,50.0793886196852,0.05873934776768587,-0.021158982608822065
2023-08-23,3.352325677871704,0.010554107156012016,0.001020055574400058,-42.85714285714286,53.691816928932944,0.058110141948313765,0.2278268834063682
2023-08-24,3.308561325073242,-0.013054922762231969,0.0006012196765088343,-42.85714285714286,48.925812411539546,0.059110541965547436,0.10796026249986243
2023-08-25,3.317314386367798,0.002645579281914001,0.0004654609777467108,-35.714285714285715,49.88399210049319,0.05600390994478037,0.04914042680821817
2023-08-28,3.3610785007476807,0.01319263394501502,0.0013891135948661082,71.42857142857143,54.48201740409392,0.05194133512784068,-0.23495894013852883
2023-08-29,3.3260672092437744,-0.010416683661544357,0.0012841067233288997,71.42857142857143,50.49100077665392,0.044168624670153527,-0.49437588571456037
2023-08-30,3.291055917739868,-0.010526333144021627,0.0003396138928491314,71.42857142857143,46.79908013885144,0.045496389659448994,-0.759099299322643
2023-08-31,3.282303094863892,-0.002659578899524506,-0.0006287788916616297,71.42857142857143,45.89556835255694,0.04453523990144604,-0.958408691218018
2023-09-01,3.2472920417785645,-0.010666611849500574,-0.0022559968154042096,71.42857142857143,42.3717416791589,0.043619206251335155,-1.2181658021606785
2023-09-04,3.2647974491119385,0.005390770866357419,-0.0030533688922310823,-28.571428571428573,44.659643930321145,0.04247218366287248,-1.2000499552590305
2023-09-05,3.2472920417785645,-0.0053618662738589284,-0.004102495836171354,-28.571428571428573,42.8285119800805,0.044320103208385406,-1.293462980057057
2023-09-06,3.2472920417785645,0.0,-0.00486481328038806,-50.0,42.8285119800805,0.044437594673698004,-1.2092075017574508
2023-09-07,3.2472920417785645,0.0,-0.005406631069670329,-57.142857142857146,42.828511980080506,0.04435603329356367,-1.1673723238561011
2023-09-08,3.2210335731506348,-0.008086266430643474,-0.00646686927604715,-64.28571428571429,39.773261545910024,0.04849351603442636,-1.1840191826447146
2023-09-11,3.2297863960266118,0.002717395729413541,-0.006953643234529389,-71.42857142857143,41.27704451733572,0.05040963594358255,-0.9577587453637724
2023-09-12,3.212280750274658,-0.005420063002769981,-0.007743847627470928,-78.57142857142857,39.170504738159,0.052293143542836054,-0.8413229090237443
2023-09-13,3.2297863960266118,0.0054496001790804716,-0.00776795697542549,-78.57142857142857,42.33951776499899,0.05224609753359627,-0.542421805484931
2023-09-14,3.2647974491119385,0.01084005218685613,-0.006792838267247393,-78.57142857142857,48.15671808926359,0.052055197033763,-0.05800013143825984
2023-09-15,3.238539218902588,-0.008042835924321423,-0.006712289852955936,-78.57142857142857,44.528303847846956,0.052286189221610546,-0.16993889554834465
2023-09-18,3.238539218902588,0.0,-0.006529537562973169,-71.42857142857143,44.52830384784695,0.053097293840994514,-0.05612305079478089
2023-09-19,3.2647974491119385,0.008108047621003811,-0.005619585198897233,-64.28571428571429,48.98607799911749,0.05162962850210296,0.23932537627148492
2023-09-20,3.308561325073242,0.013404775225246413,-0.0037639815885000543,-57.142857142857146,55.41671107310694,0.047571261396245006,0.6622439466903598
2023-09-21,3.291055917739868,-0.005290942380518415,-0.0027621887748781777,50.0,52.56252450883908,0.04666991349745975,0.6218084305570116
2023-09-22,3.317314386367798,0.00797873669857374,-0.0012834239869876788,50.0,56.206172169155664,0.04666991349745975,0.9298320589126761
2023-09-25,3.3260672092437744,0.002638526789003004,8.291016605000773e-05,64.28571428571429,57.38128241111822,0.0420833956914022,1.1903726114344797
2023-09-26,3.308561325073242,-0.005263238253839231,0.0007338116654896466,71.42857142857143,54.246154562811334,0.04040710755232714,1.0400561447974936
2023-09-27,3.273550271987915,-0.010581956822139915,0.0003951073073677678,71.42857142857143,48.53474193737372,0.03980084037825938,0.5679359663862769
2023-09-28,3.2998087406158447,0.008021403811215633,0.0007529335932823488,71.42857142857143,52.568333057132435,0.04069087110696963,0.4474659951072785
2023-10-09,3.291055917739868,-0.0026525243018609146,0.000817736391075699,71.42857142857143,51.12981484015431,0.040997806038728365,0.6209999357189978
2023-10-10,3.273550271987915,-0.0053191577990492345,0.00043561681541099426,71.42857142857143,48.283984896212864,0.04103782627526204,0.4533053669828813
2023-10-11,3.2998087406158447,0.008021403811215633,0.000761619807842794,64.28571428571429,52.5502207701435,0.04154671620545491,0.5352818462910856
2023-10-12,3.4048426151275635,0.031830291622330975,0.003440721117295853,85.71428571428572,64.99092828339434,0.0544137745212357,1.1610037581503698
2023-10-13,3.474864959716797,0.02056551579744892,0.007015211694407485,92.85714285714286,70.53693888930457,0.07468706475447735,1.5459812775859814
2023-10-16,3.49237060546875,0.005037791671012037,0.010140902185717742,92.85714285714286,71.74215601486678,0.08933501227060053,1.8952925797207965
2023-10-17,3.483617782592773,-0.0025062697705309223,0.012332768210339132,85.71428571428572,70.19599593712819,0.09852565771806217,1.9143770282627202
2023-10-18,3.5186288356781006,0.010050199324470599,0.014545079424552838,50.0,72.72786310387195,0.10734831938800778,2.004521089767192
2023-10-19,3.474864959716797,-0.012437764255652017,0.015408216277631859,50.0,65.26443777740961,0.10957980135495093,1.8801362988357588
2023-10-20,3.448606491088867,-0.007556687506518167,0.015277986840398385,50.0,61.20590560919985,0.11045265627149617,1.6102413696771376
2023-10-23,3.431101083755493,-0.005076081419729261,0.01457900309008271,50.0,58.59010764897046,0.10744834467338944,1.3634974170621494
2023-10-24,3.3610785007476807,-0.02040819588187992,0.01242981937081508,50.0,49.4805732408015,0.10193476024821445,0.8201435015563514
2023-10-25,3.3435726165771484,-0.005208412765913661,0.0100029844772311,50.0,47.4925213399818,0.0982122942969314,0.39778022088475135
2023-10-26,3.396089792251587,0.015706904469208416,0.0090475006935535,50.0,53.52522861637503,0.09675983024435865,0.40430075868095705
2023-10-27,3.4048426151275635,0.00257732374919728,0.008500679293241968,50.0,54.46424907061452,0.09405649191656011,0.2863906609620766
2023-10-30,3.3610785007476807,-0.012853491138016482,0.007058989456583255,42.85714285714286,49.12017594953825,0.09258239262881925,0.2074530177063961
2023-10-31,3.41359543800354,0.01562502549231648,0.006900910056569562,35.714285714285715,54.84582486138263,0.0914172970191701,0.3633209069685077
2023-11-01,3.431101083755493,0.0051282133661954,0.007155892606452292,-57.142857142857146,56.599065865359,0.08927153862711172,0.46322041000964176
2023-11-02,3.457359552383423,0.007653073455704984,0.007852110659669832,-57.142857142857146,59.160593638581425,0.08418634101830798,0.4204877487301338
2023-11-03,3.4048426151275635,-0.015189897509981454,0.0072490615290556806,-57.142857142857146,52.488272367325436,0.07932918983857713,0.11177672235319258
2023-11-06,3.3610785007476807,-0.012853491138016482,0.005646313202297712,-57.142857142857146,47.66393412702799,0.07396952657764767,-0.308981047172345
2023-11-07,3.4048426151275635,0.013020854576930363,0.0052229945719967355,-57.142857142857146,52.377724817723895,0.06391799497488755,-0.2657702561877148
2023-11-08,3.396089792251587,-0.002570698227603252,0.00469567521772584,-50.0,51.380974828388226,0.05582224479199184,-0.3797005761668121
2023-11-09,3.457359552383423,0.018041266244381182,0.005557401436168973,21.42857142857143,57.48067754148462,0.05619918172713458,-0.12677644264981364
2023-11-10,3.457359552383423,0.0,0.006234407497261457,64.28571428571429,57.48067754148462,0.05534240831748407,-0.012010548761881436
2023-11-13,3.448606491088867,-0.0025317185447263357,0.006508294689156355,64.28571428571429,56.310174750652365,0.052802676921084014,0.08650136881813864
2023-11-14,3.466111898422241,0.005076081419729261,0.007005680652609951,64.28571428571429,58.145810251411724,0.05161325165152152,0.15991548801650735
2023-11-15,3.457359552383423,-0.0025251192965819458,0.007157926974837261,85.71428571428572,56.85949887441504,0.04584340446224507,0.10206150222960543
2023-11-16,3.474864959716797,0.005063230210264447,0.0075474315712639965,85.71428571428572,58.82163531676255,0.04584340446224507,0.1550098891158515
2023-11-17,3.457359552383423,-0.005037723058682775,0.007430402905759037,85.71428571428572,56.0750181840334,0.04627859187099625,0.12932854628729948
2023-11-20,3.474864959716797,0.005063230210264447,0.007589573426866671,78.57142857142857,58.178069130707385,0.048311399646385214,0.1896782078204251
2023-11-21,3.474864959716797,0.0,0.007657116120347914,42.85714285714286,58.178069130707385,0.04720048668922259,0.13122280421199015
2023-11-22,3.474864959716797,0.0,0.007622773602473073,42.85714285714286,58.178069130707385,0.04290923146642791,0.1383577180005359
2023-11-23,3.466111898422241,-0.0025189644478353923,0.0073265100419783145,42.85714285714286,56.48901335271048,0.042378662622378264,-0.017768900744906873
2023-11-24,3.483617782592773,0.005050582521153091,0.007361535257694219,42.85714285714286,59.049667278635795,0.04295824817976112,0.03558772726946611
2023-11-27,3.483617782592773,0.0,0.007333929907244155,42.85714285714286,59.049667278635795,0.038442695654537826,0.23934021962155777
2023-11-28,3.474864959716797,-0.0025125669411015794,0.007045995078715409,35.714285714285715,57.101037169098035,0.03791277530429358,0.30221235692035636
2023-11-29,3.483617782592773,0.0025188958355060187,0.006909169488558017,100.0,58.57327259542095,0.0384094836426681,0.30382429551652845
2023-11-30,3.49237060546875,0.0025125669411019125,0.006920148622091734,92.85714285714286,60.04977574083807,0.03965336100466211,0.4291436071113908
2023-12-01,3.536134719848633,0.012531348852653945,0.007765791193305274,100.0,66.48231508998342,0.042250783576770416,0.6538436365642206
2023-12-04,3.527381896972656,-0.0024752515301090794,0.008229848816124138,92.85714285714286,64.25399267720209,0.03615835120083164,0.6277449007172801
2023-12-05,3.509876251220703,-0.004962787206845065,0.008128992310655428,78.57142857142857,59.92771591797905,0.03311168268401822,0.24149528903827022
2023-12-06,3.466111898422241,-0.012468916185646495,0.007018012129325221,-21.42857142857143,50.73132466720646,0.025936800416779152,-0.04431010225504477
2023-12-07,3.49237060546875,0.007575839388930694,0.00654197266084436,-21.42857142857143,55.17597944060767,0.0255303628834498,0.05966236776664132
2023-12-08,3.448606491088867,-0.012531348852653834,0.005201324842512625,-35.714285714285715,47.48695928360773,0.0261360743161309,-0.16961628976222148
2023-12-11,3.431101083755493,-0.005076081419729261,0.003640189477459338,-42.85714285714286,44.797800773711245,0.027831555722731632,0.13399210970132958
2023-12-12,3.483617782592773,0.015306077423926645,0.003521894189458942,-42.85714285714286,53.33546157508577,0.027642028815933476,0.6254300318261466
2023-12-13,3.483617782592773,0.0,0.0034320720045638146,-42.85714285714286,53.33546157508577,0.027006750758715493,0.7680034913446752
2023-12-14,3.483617782592773,0.0,0.0033225865662035265,-42.85714285714286,53.33546157508577,0.026961188586233153,0.8045225530709927
2023-12-15,3.4223482608795166,-0.017587900147775337,0.0018280717113427305,-42.85714285714286,43.52623547655769,0.030264440897380084,0.3829303279634199
2023-12-18,3.49237060546875,0.02046032117468899,0.0021773323519110937,-42.85714285714286,53.95001117972509,0.030390304817015986,0.6438665272684926
2023-12-19,3.474864959716797,-0.0050125395410615114,0.0020653654631177833,-42.85714285714286,51.395938281062605,0.030390304817015986,0.5943819718795391
2023-12-20,3.49237060546875,0.005037791671012037,0.002335620036552617,-42.85714285714286,53.75371814751371,0.03048236179688775,0.42167168827192575
2023-12-21,3.483617782592773,-0.0025062697705309223,0.002334773528061984,-42.85714285714286,52.38537372759542,0.03020816736027636,0.37727412765942503
2023-12-22,3.49237060546875,0.0025125669411019125,0.002497064102558155,-35.714285714285715,53.655849890937155,0.03030874798338696,0.32366987705791966
2023-12-25,3.5186288356781006,0.007518741043184951,0.0031762470629236586,-28.571428571428573,57.333848863499504,0.031598449704625116,0.3933549315126541
2023-12-26,3.527381896972656,0.0024876341618647047,0.0038755764635661633,78.57142857142857,58.51574464310847,0.03320849731525251,0.32067312233198675
2023-12-27,3.5448877811431885,0.004962854797649463,0.004757778233965618,78.57142857142857,60.85146067357082,0.03615117251126983,0.5042088031210843
2023-12-28,3.49237060546875,-0.014814904989038147,0.004291499533075671,92.85714285714286,51.48602289558969,0.03615117251126983,0.04994965222871897
2023-12-29,3.49237060546875,0.0,0.0038212209427420456,92.85714285714286,51.48602289558969,0.034113237148491196,-0.13627718680078882
2024-01-02,3.509876251220703,0.0050125395410616225,0.003790085130866093,85.71428571428572,54.21041683697167,0.03305640003186694,-0.19779990852308643
2024-01-03,3.5448877811431885,0.009975146534100254,0.0044883967577151965,57.142857142857146,59.15124234151152,0.03567769925583105,-0.013349498104438291
2024-01-04,3.6236629486083984,0.02222218934101372,0.006638865370358141,85.71428571428572,67.61772637871654,0.04838237312035942,0.41627869608194196
2024-01-05,3.606157064437866,-0.004830991297701925,0.007977657267819946,92.85714285714286,64.42222253935478,0.0554116497352924,0.3446244154609393
2024-01-08,3.588651180267334,-0.004854443069927994,0.00856473296136327,92.85714285714286,61.30232446664519,0.0573507436217283,0.1540126021026849
2024-01-09,3.588651180267334,0.0,0.008896599013446457,71.42857142857143,61.30232446664519,0.05659550267237904,0.18104345887183157
2024-01-10,3.536134719848633,-0.014634038746220268,0.008004979762626124,71.42857142857143,52.462660145139296,0.05602600907280461,-0.15825860004838915
2024-01-11,3.483617782592773,-0.014851509180653588,0.006016289954090591,71.42857142857143,45.410758961640326,0.05602600907280461,-0.6098926455886857
2024-01-12,3.527381896972656,0.012562834705508452,0.005231530030675448,-35.714285714285715,51.28705580705641,0.055202536747810886,-0.5592576869305003
2024-01-15,3.5448877811431885,0.004962854797649463,0.004986701732572788,-35.714285714285715,53.445823492442045,0.048805089088866285,-0.2831997542870978
2024-01-16,3.5623934268951416,0.004938279244006916,0.005126916024426103,-35.714285714285715,55.56638999558612,0.048514247591926615,0.16513712702966182
2024-01-17,3.527381896972656,-0.00982809188287792,0.0044573428287580244,-35.714285714285715,50.601868054859835,0.04620863769680122,-0.022721762612616023
2024-01-18,3.509876251220703,-0.004962787206845065,0.0034633792088766837,-64.28571428571429,48.27925153516582,0.045372465738388656,0.28136673794427747
2024-01-19,3.474864959716797,-0.009975078606184407,0.0018504723294220093,-64.28571428571429,43.93571628018448,0.04606203339244322,0.3030363424596389
2024-01-22,3.5011234283447266,0.007556687506518278,0.0011326248007101775,-64.28571428571429,47.73367902368781,0.04558811623042507,0.4084998691215935
2024-01-23,3.483617782592773,-0.0050000081717284095,0.00017016453362941907,-64.28571428571429,45.51977906567894,0.04721824364419426,0.49072791375950175
2024-01-24,3.588651180267334,0.030150666413347738,0.0017617647849048933,-64.28571428571429,58.08202608089783,0.049048791301152826,0.9100960257692472
2024-01-25,3.632415533065796,0.012195209453375044,0.003917630871201858,-64.28571428571429,62.01251674943396,0.05437913733002543,1.1508428221545008
2024-01-26,3.746201992034912,0.03132528697042525,0.007832221325540569,42.85714285714286,69.91194063949503,0.07246568159090963,1.5646134310865867
2024-01-29,3.763708114624024,0.004673032214048467,0.011223510193168553,50.0,70.91406583330294,0.08670791525611163,1.6270578322087446
2024-01-30,3.737449169158936,-0.006976881486387754,0.013317495900072633,50.0,67.29352791902062,0.09441370303194341,1.4381673006585802
2024-01-31,3.7812135219573975,0.011709685086716437,0.015497174368597585,50.0,70.03904574349238,0.10563906910295079,1.3701167518878699
2024-02-01,3.737449169158936,-0.011574155372163775,0.016415761811876897,50.0,64.2323501146769,0.11114625966840165,0.9100716802162826
2024-02-02,3.7812135219573975,0.011709685086716437,0.017534980429273633,50.0,67.16407231474685,0.11959419009038084,0.9438562370148317
2024-02-05,3.886246681213379,0.027777632404532904,0.02002064495225895,85.71428571428572,72.90423748099919,0.1368722812101709,1.3490147340029814
2024-02-06,3.903752326965332,0.004504512242256231,0.022369818294607918,92.85714285714286,73.72855669251373,0.15197400448845053,1.3998611212213723
2024-02-07,3.807471513748169,-0.02466365823264438,0.022616075396984306,92.85714285714286,62.47155661188184,0.15455684968627192,1.288593872484488
2024-02-08,3.772460699081421,-0.009195292608317529,0.021572929410914987,85.71428571428572,58.94706659315931,0.15075757550062685,1.383948387692432
2024-02-19,3.947517156600952,0.04640378561456093,0.022980694830693985,92.85714285714286,68.51263663567461,0.1600364687457233,1.7124304049195394
2024-02-20,3.965022087097168,0.0044344153050595025,0.0248149888867091,100.0,69.28337520505119,0.1680993912849861,1.8163736946312696
2024-02-21,3.991280317306519,0.006622467575855273,0.026402250284161766,100.0,70.45177620614736,0.17586261014856924,1.6250479468560362
2024-02-22,3.991280317306519,0.0,0.027472857385022614,92.85714285714286,70.45177620614734,0.17788587666687952,1.4732036243724695
2024-02-23,4.026291370391846,0.00877188528540973,0.028448773283311055,100.0,72.09326008421354,0.17749294757782347,1.2192630216575149
2024-02-26,3.903752326965332,-0.030434718244096715,0.027485001769544663,35.714285714285715,59.611180207041684,0.16283471232611077,0.7455204853610539
2024-02-27,3.903752326965332,0.0,0.025717039908132146,35.714285714285715,59.611180207041684,0.14694676874133775,0.4374308080143745
2024-02-28,3.903752326965332,0.0,0.024038812923741777,35.714285714285715,59.61118020704167,0.12340206200577856,0.36444731786126183
2024-02-29,3.912505388259888,0.0022422173748304353,0.022578257119156137,35.714285714285715,60.22555857488997,0.10839970201055817,0.43788334369105186
2024-03-01,3.9212584495544434,0.0022372010836892997,0.02134948309695003,35.714285714285715,60.86663038681216,0.09505373518561636,0.5075086555328027
2024-03-04,3.947517156600952,0.006696499958958935,0.02057934030047724,35.714285714285715,62.803509897699485,0.0916674841835148,0.5675502511255558
2024-03-05,4.026291370391846,0.01995538224809712,0.021025015735041834,35.714285714285715,67.93131932119164,0.09274261478979606,0.7417276864488171
2024-03-06,3.9825284481048575,-0.010869288449615877,0.02080915923686515,35.714285714285715,62.75539516518823,0.08692968220152777,0.5851903507482543
2024-03-07,4.000033378601074,0.004395431375900483,0.020482489985126365,35.714285714285715,63.9389674109276,0.0840825365835953,0.57864911468983
2024-03-08,3.9825284481048575,-0.004376196106228192,0.019802040387204532,28.571428571428573,61.82320168461691,0.07387440411612126,0.510475391247422
2024-03-11,3.947517156600952,-0.008791221948600492,0.018433483273247887,-21.42857142857143,57.70995179325145,0.06536931784623036,0.28118938040800584
2024-03-12,3.842482805252075,-0.026607699772309035,0.015298078484091112,-21.42857142857143,47.49977882207272,0.06780631252453577,-0.1789965534063576
2024-03-13,3.816225051879883,-0.006833538288395724,0.01180801512831505,-92.85714285714286,45.34016368815364,0.0725180720851363,-0.5082829386859571
2024-03-14,3.824977159500122,0.002293393995704829,0.009018867611881174,-100.0,46.21789648631952,0.07106494132836617,-0.6367796963317508
2024-03-15,3.807471513748169,-0.00457666674125734,0.0064163023258183224,-42.85714285714286,44.67269085279881,0.06733209561822562,-0.8151665540873455
2024-03-18,3.807471513748169,0.0,0.004271647487653172,-57.142857142857146,44.672690852798816,0.07276316873177946,-0.6641150594746605
2024-03-19,3.7549548149108887,-0.013793064149699052,0.0014625543063056553,-64.28571428571429,40.0177187297391,0.08147339682756527,-0.7789912192902491
2024-03-20,3.807471513748169,0.013985973580490807,0.0003095836013372563,-71.42857142857143,46.06963629947683,0.08292124374271025,-0.653442268136174
2024-03-21,3.824977159500122,0.004597708922770227,-0.0002137125128936094,-71.42857142857143,47.95466192847073,0.08238002546531142,-0.6544459310137714
2024-03-22,3.842482805252075,0.004576666741257229,-0.0002539045386566257,-71.42857142857143,49.842666467108884,0.07749501253628818,-0.5212783131834026
2024-03-25,3.851235866546631,0.002277970192239076,-0.00010131412746177589,-71.42857142857143,50.80366010115388,0.07787652026581597,-0.35588966344452055
2024-03-26,3.886246681213379,0.009090799909417635,0.0007374274295435151,-71.42857142857143,54.55430341803269,0.07777404603407731,-0.015703972601106096
2024-03-27,3.9300105571746826,0.011261219256323507,0.002258341497659499,-57.142857142857146,58.78424594710437,0.07831345691606624,0.18811777161475454
2024-03-28,3.8337302207946777,-0.0244987475171623,0.0015133988797953375,-57.142857142857146,48.163275089364994,0.07896285594697626,-0.03920663992455969
2024-03-29,3.851235866546631,0.004566217428915609,0.0012267272057249104,-50.0,49.93447373460144,0.07874489264645888,-0.15798727413826297
2024-04-01,3.903752326965332,0.01363626177115762,0.002053329917436404,35.714285714285715,54.911784513579484,0.0773458459926203,0.04591238706858955
2024-04-02,3.9387636184692383,0.008968625202491642,0.003375653913708346,35.714285714285715,57.91560792970585,0.07058317845444217,0.2876551823683534
2024-04-03,3.9212584495544434,-0.004444330914582295,0.004050963940627229,35.714285714285715,55.91001041669731,0.06674788953002951,0.285010880135158
2024-04-08,3.965022087097168,0.011160610325926745,0.0053526478562420515,78.57142857142857,59.67017053356908,0.06348053955173687,0.46642295972118414
2024-04-09,3.9300105571746826,-0.00883009707220006,0.005692386903989168,85.71428571428572,55.58591013772758,0.05937596289124501,0.3181040467942941
2024-04-10,3.9387636184692383,0.0022272360766502075,0.006020595272568709,85.71428571428572,56.38958417022618,0.058755422644647816,0.1792032367693552
2024-04-11,3.9212584495544434,-0.004444330914582295,0.00589068550289715,85.71428571428572,54.274413912685446,0.059831038844420925,0.05969755995175149
2024-04-12,3.9300105571746826,0.002231963981163654,0.005865673009641726,78.57142857142857,55.17963130702251,0.05998710672532905,0.10626378799930873
2024-04-15,4.0175395011901855,0.022271936103507084,0.007401345461769159,100.0,63.05652638380307,0.06676038014064088,0.5466242848788891
2024-04-16,4.06130313873291,0.01089314430629984,0.009386999909032648,71.42857142857143,66.25024511666625,0.07502184314254028,1.039519521812881
2024-04-17,4.078808784484863,0.004310351912665933,0.011193820377167997,78.57142857142857,67.46195809306347,0.08209250314848526,1.3991354962998728
2024-04-18,4.105067253112793,0.0064377787769343,0.012943646597259629,85.71428571428572,69.24561812549447,0.08431174899493724,1.462501173516986
2024-04-19,4.131325721740723,0.0063965988883660785,0.014639810850813614,92.85714285714286,70.95997911041835,0.09052691187066549,1.460260162150908
2024-04-22,4.078808784484863,-0.012711884947607444,0.015043512746689122,100.0,63.35354868198566,0.09058195578479561,0.9955391493453194
2024-04-23,4.078808784484863,0.0,0.015040685525613669,92.85714285714286,63.35354868198566,0.09016657681690936,0.6365805619038791
2024-04-24,4.052550315856934,-0.0064377787769343,0.014446515108933173,71.42857142857143,59.645989941830514,0.08755413157096012,0.2802583887447136
2024-04-25,4.070055961608887,0.0043196615433636065,0.014024019273009117,71.42857142857143,61.273122733282,0.08691087625396711,0.31323721368774926
2024-04-26,3.991280317306519,-0.0193549290342504,0.012275475933816789,71.42857142857143,51.25722461593859,0.0858532263413721,-0.10753888302491851
2024-04-29,4.000033378601074,0.002193045989929976,0.010700261601645427,42.85714285714286,52.19235026018257,0.0778104317300393,-0.21097574623359186
2024-04-30,4.0175395011901855,0.004376494126964836,0.009672017077693934,42.85714285714286,54.08943625364352,0.07000957642263607,-0.08347900774616979
2024-05-06,3.9212584495544434,-0.023965178589337888,0.007049920450599317,42.85714285714286,43.79601468816196,0.06880647237199987,-0.6148907379416133
2024-05-07,3.9212584495544434,0.0,0.004729168136944681,-57.142857142857146,43.79601468816197,0.06979103558543084,-0.4716161101516717
2024-05-08,3.947517156600952,0.006696499958958935,0.0033686567648011857,-57.142857142857146,46.98704685354024,0.06838869688024465,-0.31026844536811254
2024-05-09,3.912505388259888,-0.008869313786899702,0.0015956149525663025,-57.142857142857146,43.44518881001632,0.07098205788282375,-0.42119372581274894
2024-05-10,3.912505388259888,0.0,0.000164678074807491,-57.142857142857146,43.445188810016326,0.07201845754630504,-0.4832833943217171
2024-05-13,3.903752326965332,-0.0022372010836895218,-0.0011393180567215958,-57.142857142857146,42.51596499570265,0.07401942083240291,-0.4066215427290441
2024-05-14,3.868741512298584,-0.008968503054076815,-0.0028896248097237164,-92.85714285714286,38.92936538755468,0.07774676881424969,-0.6219627839394004
2024-05-15,3.886246681213379,0.004524770874235529,-0.0038416068080270975,-100.0,41.58286998965807,0.08030585662429945,-0.6584018285770828
2024-05-16,3.912505388259888,0.006756829712701196,-0.003987928261511653,-92.85714285714286,45.414276219209086,0.0823672092224956,-0.43607592705286524
2024-05-17,3.9300105571746826,0.004474158417090424,-0.003703836882150335,-85.71428571428572,47.86894095401223,0.08199283432942706,-0.03726441454783545
2024-05-20,3.912505388259888,-0.0044542294887317535,-0.003825328234765139,-71.42857142857143,45.65781774272521,0.08074109912761313,-0.21736147811348597
2024-05-21,3.947517156600952,0.008948682459613444,-0.003122142797333323,-71.42857142857143,50.5752257331431,0.07553141003380572,0.013908717126789495
2024-05-22,3.965022087097168,0.0044344153050595025,-0.0021987232722674942,-50.0,52.87144985617667,0.06580473404797058,0.24903066482370564
2024-05-23,3.956269264221192,-0.0022075092354363335,-0.001640708481052019,-50.0,51.581027140591374,0.06002738953369818,0.37626759204312155
2024-05-24,3.9212584495544434,-0.008849451927696483,-0.001903795432927526,-50.0,46.67393762222122,0.053215086190184155,0.16358294635719103
2024-05-27,3.947517156600952,0.006696499958958935,-0.0015322901624394802,21.42857142857143,50.47914177679482,0.047361621671875444,0.1775079516823409
2024-05-28,3.9212584495544434,-0.006651955141626087,-0.0017761397892343013,21.42857142857143,46.87682948682251,0.03705960164388432,0.0011579117681046827
2024-05-29,3.894999742507935,-0.006696499958958824,-0.002489776443997543,21.42857142857143,43.53136541585887,0.03563481383830793,-0.13294599349382144
2024-05-30,3.85998797416687,-0.008988901323654819,-0.0037620183042485072,-57.142857142857146,39.485079664038146,0.034977249569565966,-0.3937270054223977
2024-05-31,3.886246681213379,0.0068027950403593,-0.004127472022955823,-57.142857142857146,43.71100418907503,0.028053093069950217,-0.3574424749670836
2024-06-03,3.886246681213379,0.0,-0.004386674862681195,-57.142857142857146,43.71100418907501,0.02882488119522315,-0.26302812386268065
2024-06-04,3.886246681213379,0.0,-0.004539763413888405,-57.142857142857146,43.71100418907501,0.029469389196936025,-0.2040310490686945
2024-06-05,3.894999742507935,0.0022523174704451865,-0.00441834582447151,-57.142857142857146,45.30129659100912,0.028577960959995215,-0.059595694115251036
2024-06-06,3.894999742507935,0.0,-0.00428085959210746,-57.142857142857146,45.301296591009134,0.028780094283538206,-0.08459972094491736
2024-06-07,3.965022087097168,0.01797749659006298,-0.0026427454936079936,-57.142857142857146,56.66123672032185,0.03132032817646862,0.36904795402892365
2024-06-11,3.903752326965332,-0.015452564648055223,-0.002662258754400617,50.0,47.387459621116655,0.03132032817646862,0.13726849385854278
2024-06-12,3.85998797416687,-0.011210842577321745,-0.0035488080295108496,-7.142857142857143,42.08847339163559,0.03201011022311307,-0.056625310942930454
2024-06-13,3.894999742507935,0.009070434564921515,-0.0034246760605515588,-7.142857142857143,47.17741249602817,0.031701646625694704,0.09387495628401352
2024-06-14,3.9212584495544434,0.006741645387016382,-0.0027570049854977047,-7.142857142857143,50.678044829068156,0.0317643494689559,0.35839993258513436
2024-06-17,3.877494096755981,-0.011160792730567137,-0.0031458798869805045,-7.142857142857143,45.29077823561571,0.03242258780968875,0.2665652291690753
2024-06-18,3.886246681213379,0.0022572786028791647,-0.0032030256098815046,-7.142857142857143,46.515333504863136,0.03284830862588257,0.34437564474095306
2024-06-19,3.9212584495544434,0.00900914718314616,-0.002475863389195962,-7.142857142857143,51.218945192470464,0.031731210249085484,0.5574294052014379
2024-06-20,3.9300105571746826,0.002231963981163654,-0.0017184570163900033,-7.142857142857143,52.34711545980994,0.02926923210848992,0.7112252523211015
2024-06-21,3.912505388259888,-0.0044542294887317535,-0.0014716620549981541,-7.142857142857143,49.863172005900616,0.026830425644683204,0.5504443633351617
2024-06-24,3.9300105571746826,0.004474158417090424,-0.0008945937551336238,-7.142857142857143,52.30067878393223,0.027203286891183096,0.587432798100732
2024-06-25,3.956269264221192,0.006681586897666403,9.495394562838397e-05,-7.142857142857143,55.77409941079839,0.027997830765502444,0.7936719809788053
2024-06-26,3.9825284481048575,0.006637360131460879,0.001384791181878709,71.42857142857143,58.990171005346035,0.032850158075569756,0.8587764786874023
2024-06-27,4.035045146942139,0.013186773056768075,0.0033873252723575255,78.57142857142857,64.54341554429082,0.043231137195147824,1.0430507892475134
2024-06-28,4.043797492980957,0.002169082555482982,0.005093764457964815,78.57142857142857,65.38469209411561,0.049914473708981076,1.1924734886022619
2024-07-01,4.087562084197998,0.010822646607058228,0.007164222855745695,92.85714285714286,69.30638039038865,0.06078656947377383,1.2907323835669333
2024-07-02,4.166337013244629,0.01927186117885893,0.010090358781216084,100.0,74.8332773070403,0.07833065194513031,1.6559048791987234
2024-07-03,4.122572898864746,-0.01050421851155059,0.011658574012773483,78.57142857142857,67.55534848705946,0.08560906325449788,1.5004931034723525
2024-07-04,4.148831367492676,0.00636943706566373,0.013095142790912674,78.57142857142857,69.4736790168303,0.09343339367851995,1.477164296611553
2024-07-05,4.148831367492676,0.0,0.014129238794710437,78.57142857142857,69.4736790168303,0.09893477609589425,1.3775772753233628
2024-07-08,4.105067253112793,-0.010548540179961874,0.014085513622844607,78.57142857142857,62.3480778542452,0.10204067656850696,1.3925704079880867
2024-07-09,4.148831367492676,0.010660998147276946,0.0144689178652946,71.42857142857143,66.09325213712015,0.10509256455351319,1.5387122933500947
2024-07-10,4.157584190368652,0.002109708035992419,0.014857778165893705,50.0,66.8044323409205,0.10433309152611374,1.4161769076012405
2024-07-11,4.1138200759887695,-0.01052633269129355,0.014328101699356097,50.0,60.02518166235659,0.10196594908265266,1.0846687135080901
2024-07-12,4.175089359283447,0.014893525278922626,0.014596683678889964,50.0,65.32967244521144,0.10310660558553493,1.108198575382856
2024-07-15,4.245111465454102,0.016771402991640816,0.015877112467803236,100.0,70.19703528149041,0.10429933694817045,1.2715039061136304
2024-07-16,4.2713704109191895,0.006185690453307968,0.01727458834804127,100.0,71.79611985102812,0.10527909333789404,0.9463039433195737
2024-07-17,4.286455631256104,0.0035317050233694136,0.01846560466557487,92.85714285714286,72.70226473252828,0.10720647425315227,0.9369635859774456
2024-07-18,4.286455631256104,0.0,0.01923593352799288,85.71428571428572,72.70226473252829,0.10689046508944981,1.0730153548816934
2024-07-19,4.295654773712158,0.002146095340162857,0.019749069721484002,78.57142857142857,73.30875340233018,0.1026741103632679,1.3035404233980306
2024-07-22,4.277257442474365,-0.004282776947155509,0.019701042323710276,42.85714285714286,69.96106775597346,0.0956668451004292,1.4375442047603557
2024-07-23,4.378439903259277,0.023655920211895998,0.020768141099501612,78.57142857142857,76.35610352356719,0.09600977302927931,1.5546352608565994
2024-07-24,4.378439903259277,0.0,0.021724211136296544,78.57142857142857,76.35610352356719,0.09494285900815728,1.4181524120408662
2024-07-25,4.350844860076904,-0.006302483028676864,0.021860714100440565,78.57142857142857,71.53889005833958,0.09328475357113303,1.2741836071789043
2024-07-26,4.2588605880737305,-0.021141703499294118,0.02035439371891032,78.57142857142857,58.328884871804576,0.0862064607582249,0.9577676304612021
2024-07-29,4.360043048858643,0.02375810588124394,0.019992594685309593,71.42857142857143,65.80816139844804,0.08547777930298221,1.0349709157985671
2024-07-30,4.387638092041016,0.006329075853871879,0.020228237769324482,57.142857142857146,67.52033026802391,0.089489966958872,1.1451418960298836
2024-07-31,4.286455631256104,-0.023060803708594757,0.018876550682314856,57.142857142857146,56.373358663566485,0.0856351426014086,0.6835975773037437
2024-08-01,4.314051151275635,0.006437841049446114,0.017628387973872263,50.0,58.3909276744678,0.08324786189978729,0.5147885478271068
2024-08-02,4.323249340057373,0.0021321464348003083,0.01667871595768216,42.85714285714286,59.07038578952415,0.08030159019643003,0.4015037053625096
2024-08-05,4.295654773712158,-0.006382830175797549,0.01536287236664741,-28.571428571428573,56.110177714525264,0.07197386276030027,0.25038484158760865
2024-08-06,4.240464210510254,-0.012847997827863278,0.013217833908151106,-28.571428571428573,50.64374302133159,0.06687701499128135,0.05140734293557054
2024-08-07,4.249662399291992,0.0021691466606272858,0.011378316875576368,-28.571428571428573,51.49194361031596,0.06164033270063134,-0.06832294945446686
2024-08-08,4.249662399291992,0.0,0.009829847141086477,-28.571428571428573,51.49194361031596,0.04987006731313007,-0.17556833218296305
2024-08-09,4.2588605880737305,0.0021644516475640696,0.008658559329114579,-28.571428571428573,52.4398574569265,0.043558997839821575,-0.17262420628787456
2024-08-12,4.286455631256104,0.006479442708138716,0.008123089587019459,-28.571428571428573,55.26423839392572,0.042077497652188975,-0.09864604473465641
2024-08-13,4.323249340057373,0.008583713904087853,0.008268430149592845,-21.42857142857143,58.779223318612836,0.04174279657423453,0.07087830069233474
2024-08-14,4.341646194458008,0.004255330413209579,0.008644907378323836,-14.285714285714286,60.452406093654,0.042185707355131906,0.2217954495950957
2024-08-15,4.369241714477539,0.006356003871240468,0.009316615621249486,14.285714285714286,62.8859819273685,0.0436916172496848,0.40201435133654045
2024-08-16,4.424431800842285,0.0126315022082375,0.010652571525164406,100.0,67.22926534776603,0.0490560720105143,0.6263568622943292
2024-08-19,4.525614261627197,0.022869029366810345,0.0131915474910909,64.28571428571429,73.37988612798775,0.06352236748554321,0.9532550661834367
2024-08-20,4.562408447265625,0.00813020808034981,0.015737654178333997,71.42857142857143,75.20251814920022,0.07835114255878042,1.2452439068060783
2024-08-21,4.553208827972412,-0.0020163953752817543,0.017510927668547047,71.42857142857143,73.8411890988163,0.08899616765307748,1.39754236517657
2024-08-22,4.663590431213379,0.024242596246155657,0.020121853592087856,85.71428571428572,78.80000526135001,0.1088114073055062,1.6063543919571757
2024-08-23,4.672789096832275,0.0019724428537570837,0.022376073781305548,92.85714285714286,79.15464076441447,0.12202283168496608,1.7689104718914053
2024-08-26,4.672789096832275,0.0,0.023918237036968923,92.85714285714286,79.15464076441445,0.13413970957828664,1.93787261099927
2024-08-27,4.7555742263793945,0.017716427562125547,0.02580992864169939,100.0,82.25322173022573,0.15079643943798737,2.2137154777824106
2024-08-28,4.709582328796387,-0.0096711554469886,0.026811922184662742,92.85714285714286,75.535553376497,0.1577749956278467,2.0064518850290254
2024-08-29,4.516415596008301,-0.041015682347664395,0.024840896283567542,92.85714285714286,55.15944580142307,0.1558798567637955,1.2442598327710837
2024-08-30,4.406035423278809,-0.024439773174782298,0.02067068749594494,85.71428571428572,47.30647758099974,0.15385520629387428,0.14451428946621558
2024-09-02,4.507217884063721,0.022964513687367516,0.01809664407675068,78.57142857142857,53.79966478241863,0.15026345725515963,0.022263568143490533
2024-09-03,4.378439903259277,-0.02857150111596929,0.01436859912075893,71.42857142857143,46.026012642589684,0.1440832095658064,-0.23065558995014845
2024-09-04,4.360043048858643,-0.004201691654358464,0.010576272617543405,-28.571428571428573,45.02512099538093,0.13862688331184925,-0.4063725679845356
2024-09-05,4.3324480056762695,-0.006329075853871879,0.006976319516063524,-42.85714285714286,43.497144580195055,0.13394984826011838,-0.4429351899773125
2024-09-06,4.341646194458008,0.002123092711023178,0.004184043266977212,-42.85714285714286,44.177176789426326,0.129250503101137,-0.5828342372013197
2024-09-09,4.304852485656738,-0.008474598609217732,0.0012952007577769914,-57.142857142857146,41.99966342555213,0.12814453068703985,-0.5931641600490593
2024-09-10,4.415233612060547,0.02564109380555668,0.001008664609631685,-57.142857142857146,49.96719289955079,0.12457146742477344,-0.23743270717970202
2024-09-11,4.2588605880737305,-0.03541670446602685,-0.0021016530493158827,-71.42857142857143,41.309621576361835,0.1295609583774627,-0.39340932513661775
2024-09-12,4.2588605880737305,0.0,-0.0045435773676519705,-78.57142857142857,41.30962157636183,0.1353518333337749,-0.36063299114430913
2024-09-13,4.212868690490723,-0.010799108501414856,-0.007345782524035275,-85.71428571428572,39.004395427353394,0.14514562667155964,-0.4500848535317165
2024-09-18,4.277257442474365,0.015283825989872657,-0.008076012666890408,-85.71428571428572,43.73798867571776,0.14979997612253268,-0.2905275594408396
2024-09-19,4.240464210510254,-0.00860206159179111,-0.009409882670199649,-85.71428571428572,41.744410181179134,0.15449830076812426,-0.31230679836753744
2024-09-20,4.268058776855469,0.006507439981882079,-0.009710499271586093,-78.57142857142857,43.812891181407295,0.15679811405279853,-0.059923705573407836
2024-09-23,4.314051151275635,0.010775946823780913,-0.008927210671283584,-71.42857142857143,47.179286665360145,0.15089974894709116,0.20139496604595733
2024-09-24,4.507217884063721,0.04477618044259124,-0.004518678949187598,-64.28571428571429,58.441413299845294,0.14262288589554603,0.7597582286143492
2024-09-25,4.507217884063721,0.0,-0.0013129602946262517,42.85714285714286,58.441413299845294,0.1333406984391718,0.6730320753166931
2024-09-26,4.590002536773682,0.01836712908924687,0.0026304749640007896,42.85714285714286,62.42357148664114,0.11808581657032224,0.9937778639519312
2024-09-27,4.4796223640441895,-0.024047954624242696,0.0038456558764905714,42.85714285714286,54.873572474622215,0.09940995495833738,0.6862802037216754
2024-09-30,4.599201679229736,0.02669406156763432,0.006654907888802239,42.85714285714286,60.45380911545446,0.10545486037190156,1.0120638431970796
2024-10-08,4.571606159210205,-0.006000067390859232,0.008430331588483818,71.42857142857143,58.65134413287444,0.11201787856733497,0.10732015978807423
2024-10-09,4.424431800842285,-0.032193140275527554,0.007362702729127083,71.42857142857143,50.076008579858,0.10958382870379486,-0.8649478850622819
2024-10-10,4.608399868011475,0.04158004359659628,0.009158734407695603,71.42857142857143,58.28611475270525,0.11814263406758463,-0.9003708730398461
2024-10-11,4.617598533630371,0.0019960649861892055,0.010829402180785352,71.42857142857143,58.65226411072862,0.12553908177515127,-0.9325282952251039
2024-10-14,4.7279791831970215,0.023904340917197286,0.013610755312157479,71.42857142857143,62.864561180074595,0.1389116596808993,-0.6974095122523807
2024-10-15,4.617598533630371,-0.023346263866587447,0.014304427848463063,50.0,56.649466281404784,0.14218669245032897,-0.7928303146042773
2024-10-16,4.691185474395752,0.015936192856403686,0.015454951565738909,50.0,59.52254521980767,0.14677656708298223,-0.6011428801068504
2024-10-17,4.645194053649902,-0.009803795010209782,0.015728158874952637,50.0,56.98074174585628,0.15043474480100427,-0.6828564794133968
2024-10-18,4.645194053649902,0.0,0.015643086537220838,42.85714285714286,56.98074174585629,0.14684037485704324,-0.4998921279934877
2024-10-21,4.553208827972412,-0.019802235302788684,0.014097665421983974,35.714285714285715,51.845271175011206,0.13891539166106112,-0.5895370945477143
2024-10-22,4.544011116027832,-0.0020200505384410095,0.012342398083088194,7.142857142857143,51.346945607180274,0.12515594024554078,-0.697483119984168
2024-10-23,4.562408447265625,0.004048698554653951,0.011082281823050244,7.142857142857143,52.333847150638604,0.11468867118455019,-0.4871440664545884
2024-10-24,4.553208827972412,-0.0020163953752817543,0.009866753585571285,7.142857142857143,51.768353437558346,0.09756647900944702,-0.3803298699823377
2024-10-25,4.516415596008301,-0.008080725781359765,0.008206127042919058,7.142857142857143,49.46618901299667,0.07945444602405174,-0.41450546723592835
2024-10-28,4.488820552825928,-0.00610994329369563,0.006299661102401613,-7.142857142857143,47.7510370014284,0.06371118481017324,-0.3913848974424837
2024-10-29,4.507217884063721,0.004098477767441766,0.005001123139799732,21.42857142857143,49.020152447817374,0.06371118481017324,-0.28253568964729153
2024-10-30,4.442829132080078,-0.01428569766092369,0.0028479889411416426,14.285714285714286,44.90871275353292,0.06736472161806138,-0.3908245546041594
2024-10-31,4.433630466461182,-0.0020704522603572917,0.0009085352260295285,-92.85714285714286,44.33660060926992,0.07209617332087916,-0.5154918893513472
2024-11-01,4.488820552825928,0.012448057361171383,0.0003625316907652665,-92.85714285714286,48.56998888784901,0.07170779046435231,-0.4111584330024375
2024-11-04,4.498019218444824,0.002049238883720994,0.00010263323128722313,-71.42857142857143,49.26260876772975,0.0723719116093699,-0.20275788124886154
2024-11-05,4.516415596008301,0.004089884162352897,0.00022376373537728538,-71.42857142857143,50.6927575322752,0.07275300028864744,0.1051200352801636
2024-11-06,4.498019218444824,-0.0040732251433494016,-8.520277493144626e-06,-71.42857142857143,49.19928727912399,0.06890190945627651,0.22039577708885363
2024-11-07,4.525614261627197,0.00613493225400541,0.00029644852249833853,-64.28571428571429,51.50715935718786,0.06844070764547366,0.39414615050307455
2024-11-08,4.470424652099609,-0.01219494334626392,-0.000446293357987694,-57.142857142857146,46.91646733647337,0.06904649782969034,0.21077050959029625
2024-11-11,4.424431800842285,-0.010288251080514899,-0.0018659071454811525,-100.0,43.44163083167788,0.06255174063920851,-0.007946306298556416
2024-11-12,4.406035423278809,-0.004157907363375846,-0.0032986418500338724,-92.85714285714286,42.098547835219094,0.06452447917362993,-0.29334343818524183
2024-11-13,4.433630466461182,0.006263009833415767,-0.0038537104933784073,-100.0,44.852799665894594,0.05663780151697587,-0.2956161924366048
2024-11-14,4.452027320861816,0.004149388303738899,-0.0039135177823376105,-92.85714285714286,46.67397021403445,0.050225149477806846,-0.14193618482577622
2024-11-15,4.470424652099609,0.0041323491326266115,-0.0035837976959818612,-21.42857142857143,48.505377621740905,0.040523894808391074,0.019257347934012303
2024-11-18,4.599201679229736,0.02880644170339486,-0.0009713172780232239,21.42857142857143,59.0951915542258,0.04419706166607898,0.4031245910719096
2024-11-19,4.580804824829102,-0.004000010367824491,0.0006916258259724599,28.571428571428573,57.28284643887517,0.0464285435827817,0.5643041046309224
2024-11-20,4.562408447265625,-0.004015970613671094,0.0016760445661974837,28.571428571428573,55.45147969699017,0.0464285435827817,0.5214196690387736
2024-11-21,4.562408447265625,0.0,0.002426027670051404,28.571428571428573,55.45147969699017,0.04692474131118433,0.4742443348198335
2024-11-22,4.516415596008301,-0.010080827218547084,0.0022040240636870914,28.571428571428573,50.74722905949333,0.04692474131118433,0.16898518017880304
2024-11-25,4.516415596008301,0.0,0.001985616435120342,28.571428571428573,50.74722905949333,0.04709739636210789,-0.16784166439151435
2024-11-26,4.590002536773682,0.01629321730941191,0.0030420502842913055,28.571428571428573,57.446031393332284,0.05049359802229826,-0.03553769879371557
2024-11-27,4.635994911193848,0.010020119608145972,0.004613115896830626,28.571428571428573,61.01493277864066,0.05543943524672814,0.28668457946925685
2024-11-28,4.626796722412109,-0.00198408086245494,0.0056680530123860194,78.57142857142857,59.93236017902668,0.057511214934476446,0.3958303414775284
2024-11-29,4.608399868011475,-0.003976153590565357,0.006129979949842542,85.71428571428572,57.726284362405686,0.059583918915948,0.07998961055834677
2024-12-02,4.608399868011475,0.0,0.006404303477183318,85.71428571428572,57.726284362405686,0.06134522571122735,0.12767273720557523
2024-12-03,4.681987285614014,0.015968106004284666,0.007697145985242963,100.0,63.89210130010684,0.06770194399893498,0.4489055627550176
2024-12-04,4.700384140014648,0.0039292832889916696,0.008979367190873095,100.0,65.25643097681414,0.07371620612096742,0.7244092207305239
2024-12-05,4.672789096832275,-0.005870805951253,0.009492633400038378,100.0,61.50253431797814,0.07712806946036725,0.5351780882360297
2024-12-06,4.691185474395752,0.0039369158723530084,0.01001965062038532,50.0,63.02940195757915,0.0790388830929829,0.35261148781841706
2024-12-09,4.737177848815918,0.0098039983008964,0.011021566711656994,64.28571428571429,66.59638407447154,0.07966836134458802,0.4516129004993833
2024-12-10,4.792368412017822,0.011650515341259382,0.01254044072296442,71.42857142857143,70.29953477679828,0.08059306974550502,0.6115063300444069
2024-12-11,4.718780517578125,-0.015355224831037795,0.012656399497918547,78.57142857142857,60.64561772426204,0.07583614524448422,0.3112647102728413
2024-12-12,4.783169269561768,0.013645210185933676,0.013356058654956692,78.57142857142857,65.1546583951838,0.07442969490753203,0.3913130364938873
2024-12-13,4.764772891998291,-0.0038460645080122813,0.013631120714392929,78.57142857142857,62.935966736548345,0.07080516874486065,0.3866532978256884
2024-12-16,4.83836030960083,0.015444055628783149,0.014656531740261455,100.0,67.67743861324061,0.0783502437536574,0.4458473352586779
2024-12-17,4.856757164001465,0.003802291111749012,0.015698943758397737,78.57142857142857,68.75361862919281,0.0846319286413403,0.39066168871541057
2024-12-18,4.856757164001465,0.0,0.016380239454947803,85.71428571428572,68.75361862919283,0.08796926066029691,0.22437164902949
2024-12-19,4.810764312744141,-0.009469868413069071,0.016124615628820702,85.71428571428572,62.70066393576451,0.08695555446161134,0.0122448382200465
2024-12-20,4.83836030960083,0.005736301980869385,0.01598379943945907,85.71428571428572,64.70829951452048,0.0824067476607069,-0.18951225432330102
2024-12-23,4.930344104766846,0.019011357005283447,0.01695756574122465,100.0,70.42293770234768,0.08142394703444628,-0.06329260772232023
2024-12-24,4.994732856750488,0.01305968723793316,0.018560282336928448,100.0,73.64056420954934,0.08867445278285628,0.2569016354338708
2024-12-25,5.068320274353027,0.01473300368869257,0.020646823587337784,92.85714285714286,76.7531602159504,0.10165778995590853,0.3809338508552798
2024-12-26,5.059122085571289,-0.001814839687279357,0.022152846884552237,92.85714285714286,75.5522310867505,0.10879267622559975,0.6045955318584854
2024-12-27,5.040724754333496,-0.003636467143234734,0.022843897364743956,85.71428571428572,73.08897164121782,0.1100902812069043,0.755840720094897
2024-12-30,5.08671760559082,0.009124253653759684,0.02357440552616598,64.28571428571429,75.2605389118814,0.1115131248577198,1.0247485640214617
2024-12-31,5.068320274353027,-0.0036167392539291354,0.02383761247129022,92.85714285714286,72.73229223053326,0.1133182095786001,0.7268062627898002
2025-01-02,4.939542293548584,-0.025408414195151052,0.022243419439915223,92.85714285714286,58.03564136532974,0.1093141192703036,0.2537379665680762
2025-01-03,4.921145439147949,-0.0037244046730123825,0.020031519642804266,85.71428571428572,56.285886318960834,0.10221640131974749,0.14281636496249667
2025-01-06,4.957939147949219,0.007476655436470914,0.018463504868208865,78.57142857142857,58.95148402606386,0.09546525020586011,0.365118275579891
2025-01-07,5.022328853607178,0.012987191600484449,0.017944035018794324,57.142857142857146,63.18258839239246,0.09210753141954921,0.6249869672544023
2025-01-08,5.077517986297607,0.010988753285398944,0.018194671812882864,57.142857142857146,66.38119185233712,0.09289202409850728,0.8035593203866493
2025-01-09,5.022328853607178,-0.010869313085520416,0.017661401167983936,57.142857142857146,60.70190082509617,0.08492034800950275,0.7902906422998104
2025-01-10,5.013129234313965,-0.0018317437112078672,0.016770278239514557,-21.42857142857143,59.78371007975031,0.07976482581256567,0.8208966719351235
2025-01-13,4.921145439147949,-0.018348578475975263,0.01466090027225681,-21.42857142857143,51.410224564677264,0.07163570322106691,0.6669877834936871
2025-01-14,4.994732856750488,0.014953310872941827,0.013585299270510748,-21.42857142857143,56.64222013909285,0.06762924260951277,0.7318166523504397
2025-01-15,5.013129234313965,0.0036831554541727485,0.013002924946792338,-21.42857142857143,57.86371639383516,0.06423290807687916,0.565506285209692
2025-01-16,5.040724754333496,0.005504649636926429,0.012806150004820485,-21.42857142857143,59.6979037326693,0.06053961418391802,0.5472410508403907
2025-01-17,5.013129234313965,-0.0054745143534781215,0.012191845094867915,-21.42857142857143,57.02468179379683,0.0506031456458707,0.3493629001541692
2025-01-20,4.9763360023498535,-0.007339374319789815,0.011011725845293077,-21.42857142857143,53.579675245974414,0.041199886475089514,0.09148799013895335
2025-01-21,4.9763360023498535,0.0,0.009891017084877144,-21.42857142857143,53.579675245974414,0.03914167077610326,0.023660626466889944
2025-01-22,4.88435173034668,-0.018484337062396605,0.007565561138825489,-14.285714285714286,45.59340171115964,0.04489299395748776,-0.24148308504147753
2025-01-23,5.026293754577637,0.029060565673242778,0.007608578071362614,14.285714285714286,56.39449120509333,0.04359109324095681,0.00827741768797523
2025-01-24,4.998055458068848,-0.005618115034178306,0.007315896311658124,14.285714285714286,54.093711920768015,0.042373810273125555,0.10961432824497815
2025-01-27,5.129830837249756,0.026365329533943216,0.00883969142901476,21.42857142857143,61.904463624036396,0.04761201691471618,0.3382618776347002
2025-02-05,5.007468223571777,-0.023853147902939575,0.008377054178447226,21.42857142857143,52.90323065364171,0.04519591876863698,0.09730307648694728
2025-02-06,4.988643169403076,-0.003759395632324858,0.0074781062584113,21.42857142857143,51.65872774388679,0.04348867814376583,-0.0989502246368327
2025-02-07,4.969818115234375,-0.003773582020089372,0.006386889869623419,21.42857142857143,50.38235686926308,0.04252195595148804,-0.061437134153714504
2025-02-10,4.960405826568604,-0.0018938899669020959,0.005295920690860729,21.42857142857143,49.72087848095049,0.04075699124409605,-0.12438788574914512
2025-02-11,5.063943386077881,0.020872800155728344,0.005912971828330798,21.42857142857143,56.488399420523194,0.041423483925735645,0.19991140171913915
2025-02-12,5.082768440246582,0.0037174693185662022,0.006685564245091478,21.42857142857143,57.60570593023259,0.04349038363518119,0.45875280305673727
2025-02-13,5.0921807289123535,0.001851803554779874,0.007365922931453245,21.42857142857143,58.183874852403385,0.044298737187941396,0.5625424161927375
2025-02-14,5.0921807289123535,0.0,0.007824707121574086,21.42857142857143,58.183874852403385,0.0465587315181421,0.6733139139964451
2025-02-17,5.120418548583984,0.005545329432496748,0.008490264123167167,21.42857142857143,60.07823420854107,0.05016669791017452,0.8672122596734305
2025-02-18,5.23336935043335,0.022058900220295552,0.010477330716145818,92.85714285714286,66.59676787940548,0.05936084208024863,1.179416573173049
2025-02-19,5.205131530761719,-0.005395724585976813,0.011690969599639804,100.0,63.79239595758875,0.06574506829127756,1.041316235826265
2025-02-20,5.22395658493042,0.0036166337118375136,0.01270661471676516,92.85714285714286,64.85491521669177,0.07226857824341983,0.9406690475573193
2025-02-21,5.139244079589844,-0.01621615799506204,0.012296353823271496,57.142857142857146,56.7801560187102,0.0736028564694674,0.45461075877746127
2025-02-24,5.0921807289123535,-0.009157640685796387,0.011041284872724735,57.142857142857146,52.843746398545456,0.0732592417999164,-0.05482851323774792
2025-02-25,5.04511833190918,-0.009242090866092623,0.009190784247095818,57.142857142857146,49.17259170646416,0.07160681798914856,-0.4587732094361182
2025-02-26,5.0921807289123535,0.0093283038983476,0.008222960235527908,57.142857142857146,52.710590341476646,0.06972868711729178,-0.35000900247420885
2025-02-27,5.111005783081055,0.0036968550746474538,0.007703960054812689,57.142857142857146,54.08729090327141,0.06093237399781188,-0.02782795042473441
2025-02-28,5.082768440246582,-0.00552481136451588,0.006830281115976593,50.0,51.65796828347582,0.0600149769573843,-0.2523441066793137
2025-03-03,5.101593017578125,0.003703607109559748,0.006306492254295662,42.85714285714286,53.16811011909404,0.057821890914835104,-0.037667274561916736
2025-03-04,5.063943386077881,-0.007379975503831404,0.005294349887996548,-57.142857142857146,49.81626326580972,0.05761872661755664,-0.13353731324414236
2025-03-05,5.148655891418457,0.01672856485194396,0.0056443416107823585,-57.142857142857146,56.46637915913263,0.056479465338000814,0.13988574041735638
2025-03-06,5.120418548583984,-0.005484410578212695,0.005515221877663308,-57.142857142857146,53.902282698418865,0.053135489491638724,0.28062261728798404
2025-03-07,5.0921807289123535,-0.005514748336235109,0.004913997743243047,-57.142857142857146,51.38919165313075,0.047544392820185924,0.07995884207449923
2025-03-10,5.054530620574951,-0.0073937101492946855,0.0038012855814281063,-57.142857142857146,48.164780575946736,0.04077436625056468,-0.12541496677137018
2025-03-11,5.073355674743652,0.0037243921506919797,0.003142902355356521,-57.142857142857146,49.85883638692393,0.040455245975198804,0.08026735651141291
2025-03-12,5.016880035400391,-0.011131811559045746,0.001733599719613126,-50.0,45.09714319807564,0.04345789116280531,-0.08891743055739133
2025-03-13,5.016880035400391,0.0,0.0005819697056405325,-100.0,45.09714319807564,0.046252376276150295,-0.27465350950500084
2025-03-14,5.04511833190918,0.005628656916157437,0.00012138975202956027,-92.85714285714286,47.978197041754186,0.04739920131771908,-0.21976888625267044
2025-03-17,5.054530620574951,0.0018656229738440722,-8.930354254330012e-05,-42.85714285714286,48.93998383037307,0.04805890041375476,-0.12430014789121037
2025-03-18,5.054530620574951,0.0,-0.0002531818309879141,-42.85714285714286,48.93998383037307,0.042314878342747685,-0.024651119783966374
2025-03-19,5.111005783081055,0.011173176452075717,0.0005069520204746607,-42.85714285714286,54.76027820746584,0.03733603047890231,0.27841426361399213
2025-03-20,5.101593017578125,-0.0018416659856047568,0.0009493642983828967,-42.85714285714286,53.66233964219725,0.02827540706664887,0.37936931262488527
2025-03-21,5.04511833190918,-0.011070009989890495,0.0004058468153261942,-42.85714285714286,47.507762279024114,0.026855373589482527,0.1696104346735398
2025-03-24,5.082768440246582,0.007462680924503751,0.0005582107370434771,-42.85714285714286,51.50128325726486,0.02673209128588796,0.10904934656238104
2025-03-25,5.158068656921387,0.014814803696064471,0.001828299941676469,-42.85714285714286,58.329459144394505,0.029570678454852492,0.395190585868136
2025-03-26,5.158068656921387,0.0,0.0028089333372890496,64.28571428571429,58.329459144394505,0.03232715769527008,0.5758344072371582
2025-03-27,5.205131530761719,0.009124127065889276,0.004234440240242523,71.42857142857143,62.18826268566359,0.038161631374349386,0.8945725724065926
2025-03-28,5.176893711090088,-0.005424996372281554,0.004916843461068562,71.42857142857143,58.67726308418031,0.04092504252645758,0.836246642913093
2025-03-31,5.271018981933594,0.018181804784183297,0.006705837569166673,85.71428571428572,65.64073705569415,0.050848983783956254,1.00665877061955
2025-04-01,5.195718288421631,-0.014285794410920483,0.007061107052650048,85.71428571428572,57.31901815994662,0.05265759406167671,0.7451941997504423
2025-04-02,5.261606693267822,0.012681288936126522,0.008091838137035247,85.71428571428572,61.87370851262356,0.05839884895226361,0.7469993993646384
2025-04-03,5.327494144439697,0.01252230640047225,0.009753250521071219,100.0,65.80362177312294,0.06861913528360192,0.9692694089759015
2025-04-07,5.120418548583984,-0.03886923011859855,0.008241860769746121,-7.142857142857143,48.78409299231225,0.0683550781650404,0.8465614359766471
2025-04-08,5.148655891418457,0.005514655211590336,0.007055776088909883,-7.142857142857143,50.65819138819182,0.0671395536058064,1.114183856461288
2025-04-09,5.0921807289123535,-0.010968913770336375,0.005264244211360522,-7.142857142857143,46.95727911314197,0.06670903601343336,0.8737214699992673
2025-04-10,5.063943386077881,-0.00554523579144528,0.0033153514224705453,-7.142857142857143,45.179997161854544,0.06465701536538247,0.48622385848196525
2025-04-11,5.101593017578125,0.007434844473923841,0.0023036268886962212,-7.142857142857143,48.00572616936958,0.061451363185283575,0.6325492607004777
2025-04-14,5.158068656921387,0.011070196926463716,0.0023608401934312523,-7.142857142857143,52.002377751868856,0.059116970822556535,0.8521351919253419
2025-04-15,5.252193927764893,0.018248161686875486,0.0037851442843432545,-7.142857142857143,57.821549313897,0.05940578961721312,1.1301904442502904
2025-04-16,5.327494144439697,0.014336907149742117,0.0059494526753874465,50.0,61.81051175364033,0.0632386496297794,1.5695656788230508
2025-04-17,5.327494144439697,0.0,0.0076192519952097935,57.142857142857146,61.81051175364032,0.06763913629229633,1.9085653906368374
2025-04-18,5.346319675445557,0.0035336558793794826,0.009090434853120555,64.28571428571429,62.829771632047816,0.07156201473822665,1.8638696136489126
2025-04-21,5.299256801605225,-0.008802854430213225,0.009542273413867692,71.42857142857143,58.61779041383222,0.0686881087043396,1.3144879421666422
2025-04-22,5.393381595611572,0.01776188577572535,0.01094674985604208,71.42857142857143,63.839005555470116,0.07193842277302655,1.1441698573097598
2025-04-23,5.374556541442871,-0.0034903990817224395,0.011815651699100383,71.42857142857143,62.150057371201484,0.07537345182023569,0.8917251770737133
2025-04-24,5.487506866455078,0.021015747837287435,0.013719860428530786,92.85714285714286,67.67583562592222,0.08522441158431045,1.008595619497377
2025-04-25,5.440979957580566,-0.008478697158254,0.0146941785228141,100.0,63.55950605013593,0.09052269915544707,0.7346249624255672
2025-04-28,5.489045143127441,0.008833920713107624,0.01576360553911033,71.42857142857143,65.86909863589577,0.09667411970091702,0.6393491399998832
2025-04-29,5.479432106018066,-0.0017513131808382099,0.016411679830854436,71.42857142857143,64.98202627072128,0.1022558988794346,0.513003614718496
2025-04-30,5.31601095199585,-0.029824469189559055,0.01477214678498788,71.42857142857143,52.129387797382854,0.10107334752889761,0.05708795650270049
2025-05-06,5.277558326721191,-0.007233360807923361,0.01243693285985732,71.42857142857143,49.6414151472853,0.10096245466125743,-0.19855319878954514
2025-05-07,5.402527809143066,0.023679412843081726,0.011986416452889967,64.28571428571429,56.84938022660355,0.10240653752756392,0.10582289655517081
2025-05-08,5.383302211761475,-0.0035586299711507507,0.011479217196085599,57.142857142857146,55.532498043142674,0.09845886038636541,0.04634269840052501
2025-05-09,5.431366920471191,0.00892848047889716,0.011526809450510692,50.0,58.142979730235844,0.09613217963430115,0.07402442993950525
2025-05-12,5.412140846252441,-0.0035398223873046586,0.011269840780118454,-28.571428571428573,56.70888445351435,0.08822668730180025,0.14357869947321
2025-05-13,5.450592994689941,0.007104794485185195,0.011393812735866121,-28.571428571428573,58.8926923541804,0.07599363598764923,0.34115825535520616
2025-05-14,5.460206031799316,0.0017636681217512162,0.011543720194152729,-28.571428571428573,59.44350107151843,0.0635348429726041,0.4214611772943947
2025-05-15,5.450592994689941,-0.0017605630727833832,0.011425003504807218,-28.571428571428573,58.59793266181287,0.052449248718026316,0.23995126731416694
2025-05-16,5.412140846252441,-0.007054672487004754,0.010698550243411828,-28.571428571428573,55.214612679145894,0.046892312609400744,0.08134529264797705
2025-05-19,5.392914772033691,-0.0035523972425925976,0.009694932507251428,-28.571428571428573,53.54977045999857,0.04532564350740487,-0.1944569988975167
2025-05-20,5.392914772033691,0.0,0.008768256209910357,-28.571428571428573,53.549770459998555,0.04357253030943891,-0.3191764759350052
2025-05-21,5.402527809143066,0.001782530879075983,0.00807011558937737,-14.285714285714286,54.34798272144962,0.04241867987746054,-0.31065582279592036
2025-05-22,5.412140846252441,0.0017793591165058409,0.007571865991619972,-14.285714285714286,55.177473469979354,0.038199718771592395,-0.22663350060048812
2025-05-23,5.35446310043335,-0.010657103622687458,0.006323693808699271,50.0,49.38004500664131,0.03926193472132692,-0.43499819122589833
2025-05-26,5.2967848777771,-0.01077198994079942,0.004397883215081663,50.0,44.36056290479456,0.04308892444850147,-0.7009370986038953
2025-05-27,5.344850063323975,0.009074407712598376,0.0034773181390672235,42.85714285714286,49.011918447986766,0.04199788795297229,-0.6797885708510767
2025-05-28,5.31601095199585,-0.0053956820091207724,0.002329580958108171,-50.0,46.500108862459385,0.043532616287449435,-0.7366965503265981
2025-05-29,5.2967848777771,-0.00361663555481051,0.001104517122485839,-71.42857142857143,44.84989633712593,0.043139994766869125,-0.7442590563733903
2025-05-30,5.306397914886475,0.0018148815425196307,0.0002697844969749436,-71.42857142857143,45.88400516102325,0.04174589476692447,-0.6802991261951833
2025-06-03,5.306397914886475,0.0,-0.0003857150828749224,-85.71428571428572,45.88400516102325,0.04215674314864724,-0.3059515439245085
2025-06-04,5.287171840667725,-0.0036231874290493238,-0.0011882218634235544,-85.71428571428572,43.971550901223196,0.04156160709366769,-0.21152123442893006
2025-06-05,5.258332252502441,-0.0054546341663147535,-0.0022497255407313527,-85.71428571428572,41.197683737873376,0.04544058116652573,-0.3889785905841085
2025-06-06,5.239106178283691,-0.003656306466674919,-0.0033545808106238786,-100.0,39.41269196640314,0.050005892991894785,-0.5596199052625457
2025-06-09,5.219880104064941,-0.0036697241026423244,-0.0044847102148943205,-100.0,37.65566501107989,0.05355734466071609,-0.6526959198521842
2025-06-10,5.239106178283691,0.0036832405793723044,-0.004997125635571652,-85.71428571428572,40.51166889609541,0.05548158376080361,-0.6131262915690235
2025-06-11,5.219880104064941,-0.0036697241026423244,-0.005668079389045544,-100.0,38.60702906222506,0.055713869013485996,-0.5491642952163116
2025-06-12,5.219880104064941,0.0,-0.006114741555059271,-100.0,38.60702906222506,0.05390474165853384,-0.27463955282899644
2025-06-13,5.133363246917725,-0.01657449125696253,-0.00784725274177248,-100.0,31.000578968275494,0.05707173725127733,-0.9423558703016441
2025-06-16,5.171815395355225,0.0074906346167082916,-0.008374191863291297,-92.85714285714286,36.94662834245464,0.057747083586545435,-0.4499865669543941
2025-06-17,5.162201881408691,-0.0018588277445414914,-0.008902144636604195,-92.85714285714286,36.108823932458414,0.05869259171192278,-0.39467251183813495
2025-06-18,5.287171840667725,0.02420865400655936,-0.0070990815820388105,-85.71428571428572,51.50392573699777,0.055356197439020365,0.3472410282222626
2025-06-19,5.325623989105225,0.007272725304998673,-0.005152744325586744,21.42857142857143,55.089733325016475,0.05157419944114887,0.881591674197075
2025-06-20,5.3736891746521,0.009025268333852088,-0.002863466045082147,28.571428571428573,59.15521245210329,0.04885613747999328,1.326959846599864
2025-06-23,5.440979957580566,0.012522269290505372,-7.350155258846533e-05,35.714285714285715,64.06033406447192,0.05494100104952,1.6644353881911815
2025-06-24,5.489045143127441,0.008833920713107624,0.0027657279702567416,42.85714285714286,67.09963420150766,0.06545835369469089,2.176269838567216
2025-06-25,5.546723365783691,0.01050787908502926,0.005736133784436479,50.0,70.34095923946366,0.0781065460403253,2.382699389906535
2025-06-26,5.575562953948975,0.005199391832516387,0.00839167301786904,57.142857142857146,71.83510139122178,0.09080053035513148,2.424594067846081
2025-06-27,5.383302211761475,-0.03448274977351451,0.007922258527278929,57.142857142857146,52.75487062498494,0.09161328448626758,1.63415713555059
2025-06-30,5.402527809143066,0.003571339045314481,0.0074875444035192645,57.142857142857146,54.06867234152193,0.09279445303969625,1.393378155285907
2025-07-01,5.431366920471191,0.005338077349517523,0.007469672170010677,57.142857142857146,56.04329721983385,0.09463397186394652,1.123797214635069
2025-07-02,5.431366920471191,0.0,0.0074016937803913245,57.142857142857146,56.04329721983385,0.09601319162994512,0.7996842917981578
2025-07-03,5.402527809143066,-0.005309733580956988,0.006877031284815567,57.142857142857146,53.38172896451159,0.09585294218661604,0.4893270000068284
2025-07-04,5.479432106018066,0.014234872932046727,0.007387036327861075,57.142857142857146,58.97670108483967,0.09693005554548523,0.5053795694246909
2025-07-07,5.508271217346191,0.005263156978704275,0.00815498306435905,42.85714285714286,60.87311439996732,0.0975038627339139,0.6043112309426915
2025-07-08,5.489045143127441,-0.0034904007918500346,0.008445057939326426,42.85714285714286,58.91768773516956,0.09703730689632185,0.5301998900709709
2025-07-09,5.556336879730225,0.012259279136560997,0.009416217663678788,35.714285714285715,63.354695158412746,0.09730810756746873,0.5575711349070881
2025-07-10,5.594789028167725,0.006920413443212148,0.010628424299114701,100.0,65.63846034552678,0.09775524371742535,0.4594739635811562
2025-07-11,5.469819068908691,-0.022336849277042492,0.009948092947916142,64.28571428571429,53.88488998267008,0.08587516685726752,-0.10597671218265244
2025-07-14,5.527497291564941,0.010544813627218819,0.009848778331902756,64.28571428571429,57.65380817644331,0.0754197003801354,-0.40826122176877394
2025-07-15,5.479432106018066,-0.008695650673628208,0.009125744714046228,64.28571428571429,53.71409029082568,0.05852259567863196,-0.6987380569241375
2025-07-16,5.489045143127441,0.0017543856595680918,0.008512598256617343,64.28571428571429,54.385449885830575,0.050839171175868454,-0.6595088614349665
2025-07-17,5.450592994689941,-0.0070052527233528394,0.007441027426289714,64.28571428571429,51.1871996410487,0.04486714981667409,-0.7081864234564408
2025-07-18,5.469819068908691,0.0035273362435024325,0.006727282621885989,64.28571428571429,52.68543236939782,0.04146246600781634,-0.6235759478975208
2025-07-21,5.431366920471191,-0.0070298757514792864,0.0055904204269662675,57.142857142857146,49.41843190640557,0.041739740535106644,-0.6464389709788337
2025-07-22,5.364076137542725,-0.012389290562352384,0.0036556651337561826,-50.0,44.24751896278406,0.045656760154634754,-0.7433252995821936
2025-07-23,5.412140846252441,0.008960482192509556,0.002733528461688466,-50.0,48.400670170642066,0.045026126355079084,-0.6474241779333524
2025-07-24,5.344850063323975,-0.012433302243983757,0.0010262709702555245,-50.0,43.51356019196114,0.04531899894830696,-0.8706157562603769
2025-07-25,5.31601095199585,-0.0053956820091207724,-0.0007846408375775949,-71.42857142857143,41.576003352071915,0.049345117820534905,-1.1048522973177821
2025-07-28,5.31601095199585,0.0,-0.0021988665886794522,-78.57142857142857,41.57600335207191,0.05351243364220688,-1.2417198659319855
2025-07-29,5.277558326721191,-0.007233360807923361,-0.0038869558981785637,-85.71428571428572,38.897656839334985,0.060157988712494816,-1.4196969354044247
2025-07-30,5.31601095199585,0.007286063534336584,-0.00453839360366592,-92.85714285714286,42.861679928748245,0.06345187536602034,-1.3342065116655626
2025-07-31,5.3352370262146,0.003616635554810399,-0.00471353402315994,-100.0,44.790284199893144,0.0653094200184214,-0.9107488897320763
2025-08-01,5.3352370262146,0.0,-0.004809850220416716,-92.85714285714286,44.79028419989313,0.06660970490053379,-0.5332746026829824
2025-08-04,5.364076137542725,0.005405403956080024,-0.004375646070434507,-85.71428571428572,47.85232672869966,0.06577118983445167,-0.3320324143274771
2025-08-05,5.431366920471191,0.012544710627335087,-0.002967903786245749,-78.57142857142857,54.23093766487826,0.0647280928211245,0.06274065189110137
2025-08-06,5.440979957580566,0.0017699111936524403,-0.0017293723231381762,-71.42857142857143,55.07632583599453,0.060387581339051324,0.31598374213332736
2025-08-07,5.498658180236816,0.010600704855729282,0.00010115472484442737,35.714285714285715,59.866261714074696,0.053956208338641266,0.7266576618307131
2025-08-08,5.450592994689941,-0.008741257225195476,0.0008299093004319862,42.85714285714286,54.63805116713787,0.05340436173502343,0.5890126208495067
2025-08-11,5.402527809143066,-0.00881834060875597,0.0006933713472912374,42.85714285714286,49.94112302097174,0.04907272303942766,0.3709669829298327
2025-08-12,5.440979957580566,0.0071174364660233636,0.0011324234377603354,42.85714285714286,53.392920270281685,0.04767240735067523,0.3707338945490664
2025-08-13,5.364076137542725,-0.014134185502870045,0.00034470287775926594,42.85714285714286,46.48857645453084,0.04510674050270887,-0.06059294127684735
2025-08-14,5.35446310043335,-0.0017921142174127658,-0.00043284173184040127,42.85714285714286,45.693173056698384,0.04414711307992883,-0.4008746577982799
2025-08-15,5.239106178283691,-0.02154406893574856,-0.0028168836139257267,-35.714285714285715,37.4193667063444,0.0474604176105272,-0.9174509425620097
2025-08-18,5.239106178283691,0.0,-0.004645154543326967,-42.85714285714286,37.4193667063444,0.05098993387961181,-0.7843616900672382
2025-08-19,5.344850063323975,0.0201835735795155,-0.004327200300700225,-42.85714285714286,47.521564795816296,0.051074669732531906,-0.37402969649854934
2025-08-20,5.450592994689941,0.019784078152457196,-0.0024736247343697046,-42.85714285714286,55.29347244883832,0.05248617322280877,-0.0035501191091304764
2025-08-21,5.489045143127441,0.007054672487004865,-0.0004927336057216859,-42.85714285714286,57.74415731973579,0.05611784570366785,0.39427965056587916
2025-08-22,5.479432106018066,-0.0017513131808382099,0.0009131788329739641,-42.85714285714286,56.90433659509038,0.05788228225336717,0.6976903757183295
2025-08-25,5.460206031799316,-0.0035087713191361836,0.0017311199760869694,-42.85714285714286,55.1759417077033,0.058216696185835935,0.864984427607619
2025-08-26,5.440979957580566,-0.0035211261455667664,0.0020761327585850924,-42.85714285714286,53.42829514095161,0.05571909648826895,0.7177648080750745
2025-08-27,5.3352370262146,-0.019434537930734685,0.0007828709660483264,-42.85714285714286,44.988191107943045,0.055053285508384134,0.30012228431898325
2025-08-28,5.31601095199585,-0.0036036026373866825,-0.000561017256608273,-42.85714285714286,43.6383918851141,0.05571909648826895,0.028378213348235454
2025-08-29,5.306397914886475,-0.0018083177774051995,-0.001757176881080759,21.42857142857143,42.944592648405546,0.05675444076098631,-0.359758930397092
2025-09-01,5.306397914886475,0.0,-0.002673517898141474,21.42857142857143,42.944592648405546,0.058323692576533144,-0.5910582653985199
2025-09-02,5.412140846252441,0.019927440998971813,-0.001736719662352796,21.42857142857143,52.565563868218476,0.05803655115483549,-0.1957046949997446
2025-09-03,5.3352370262146,-0.014209500865280056,-0.002188513586932587,21.42857142857143,46.43314942916651,0.0579847638541078,-0.1642297262895882
2025-09-04,5.402527809143066,0.01261251985578804,-0.0014732216361868652,21.42857142857143,51.738601817963,0.0547511339667883,0.32833622046866257
2025-09-05,5.306397914886475,-0.017793502903197367,-0.002379133376779241,21.42857142857143,44.89736357823086,0.05456108334544948,0.3028754494739126
2025-09-08,5.258332252502441,-0.009058058433422556,-0.0037978520649065107,-71.42857142857143,41.91313988809717,0.057302766217580646,0.049223291580701815
2025-09-09,5.267945766448975,0.0018282439155414831,-0.00469463917351656,-71.42857142857143,42.73301325482583,0.05783824086115184,-0.09491245957125205
2025-09-10,5.277558326721191,0.0018247265060014062,-0.005194139939530754,-71.42857142857143,43.59037419681505,0.05922431214439223,-0.022204832167097704
2025-09-11,5.287171840667725,0.0018215836474717584,-0.005377885798649287,-64.28571428571429,44.48551924372771,0.06016312091528246,0.08598810578598659
2025-09-12,5.267945766448975,-0.0036363626524993364,-0.005779054154783149,-57.142857142857146,43.01538450270681,0.058860553735393395,-0.1396550751334057
2025-09-15,5.248719692230225,-0.003649634045437389,-0.006326351921393972,-50.0,41.537095701222746,0.058371551080670284,-0.3523903721648963
2025-09-16,5.200654029846191,-0.009157597509957704,-0.007465351415324502,-100.0,38.019314970040135,0.06331624987480634,-0.6203118138321818
2025-09-17,5.191041469573975,-0.001848336808611184,-0.0083897980142709,-64.28571428571429,37.33827020275303,0.0651909850371225,-0.6410593566339944
2025-09-18,5.094911098480225,-0.018518513415312632,-0.010682727060821177,-71.42857142857143,31.299890514333605,0.06999747132937813,-0.851943424582765
2025-09-19,5.08529806137085,-0.0018867919230705077,-0.012407341676466736,-78.57142857142857,30.764099877999456,0.07301750839644384,-0.6172690768406918
2025-09-22,5.00839376449585,-0.015122869091820479,-0.015035075804063157,-78.57142857142857,26.8101892301381,0.080844029161728,-0.6538026270081108
2025-09-23,5.094911098480225,0.017274467234922763,-0.015133789164438999,-92.85714285714286,36.67119350753495,0.07997161773005802,-0.39945528510112066
2025-09-24,5.075685024261475,-0.0037735838461411264,-0.015598584244560924,-92.85714285714286,35.52571864137188,0.08370035887266176,-0.5035231230148691
2025-09-25,5.037232398986816,-0.007575849386015299,-0.016469174835457373,-85.71428571428572,33.28624773241039,0.08899098199161626,-0.5311157818004898
2025-09-26,5.037232398986816,0.0,-0.01687028649839589,-57.142857142857146,33.28624773241039,0.09311088726546958,-0.4927268013103065
2025-09-29,4.998780250549316,-0.007633586341030063,-0.017736634988717775,-85.71428571428572,31.018536078504077,0.09810269708690293,-0.4247104151156191
2025-09-30,4.979554176330566,-0.003846153112379236,-0.018489527586445596,-92.85714285714286,29.920914730877517,0.09689044017106056,-0.40402528156551315
2025-10-09,5.0276198387146,0.009652603562886108,-0.01787251590093302,-100.0,36.01666441900277,0.09561084256070455,-0.09271826096383143
2025-10-10,5.0276198387146,0.0,-0.01732391853899706,-92.85714285714286,36.01666441900277,0.08766453222905432,-0.057380582903099456
2025-10-13,4.998780250549316,-0.005736230878716664,-0.01725324186393358,-85.71428571428572,33.961042662970286,0.08559030899068217,-0.037176304654674745
2025-10-14,5.075685024261475,0.015384707840218947,-0.015457859168651705,-78.57142857142857,43.260804331703966,0.08253573544354471,0.3111048433785545
2025-10-15,5.075685024261475,0.0,-0.014079874141203246,-71.42857142857143,43.26080433170396,0.07810337576957571,0.46464429004726227
2025-10-16,5.171815395355225,0.01893938860158828,-0.01111839187336283,-64.28571428571429,52.880272615962184,0.07289532608174494,0.7646594257476693
2025-10-17,5.133363246917725,-0.007434942181430815,-0.009540512458989637,42.85714285714286,49.28117503869519,0.06510976314389968,0.5697997047817313
2025-10-20,5.152589321136475,0.0037453173083541458,-0.00780231361942689,42.85714285714286,51.07422478656317,0.05814760830655687,0.6407259219873083
2025-10-21,5.181427955627441,0.00559692082826535,-0.00589995297192277,42.85714285714286,53.717306228791436,0.05328874716604481,0.8066789447984597
2025-10-22,5.248719692230225,0.012987102624808067,-0.0032974541060541,64.28571428571429,59.24927698167377,0.057066749285295246,1.0782136588195388
2025-10-23,5.277558326721191,0.005494413148726007,-0.0008372433618578347,71.42857142857143,61.37974037364199,0.06354899019721837,1.210960205080526
2025-10-24,5.31601095199585,0.007286063534336584,0.0016548632995503246,78.57142857142857,64.07656439785801,0.07434863635764653,1.3596403726555393
2025-10-27,5.3736891746521,0.010849906664431419,0.0044015283313364,85.71428571428572,67.71796816885643,0.08746469724807665,1.4784168747170638
2025-10-28,5.383302211761475,0.0017889082894335662,0.006648042602311764,85.71428571428572,68.29480741634687,0.09607311378022929,1.5054145803350265
2025-10-29,5.383302211761475,0.0,0.008338528979349287,100.0,68.29480741634686,0.1043749382330382,1.2390143080781124
2025-10-30,5.431366920471191,0.00892848047889716,0.01018922728685953,92.85714285714286,71.27154948721211,0.11351153050566344,0.9689868057698441
2025-10-31,5.392914772033691,-0.007079644774609317,0.011094690412287108,92.85714285714286,65.93789512891928,0.11686271466669182,0.937730899452408
2025-11-03,5.460206031799316,0.012477716153531881,0.01246063683682555,85.71428571428572,70.14810126042006,0.12212757679177651,1.030899614523313
2025-11-04,5.508271217346191,0.008802815363917027,0.01407427178731003,100.0,72.73998008817995,0.1259035813268524,1.1588589720499105
2025-11-05,5.469819068908691,-0.006980801583700069,0.014809825051901005,78.57142857142857,67.67751752472782,0.12331141474128428,1.04119977407421
2025-11-06,5.440979957580566,-0.005272406813609409,0.014797249154165627,78.57142857142857,64.07565095432946,0.11983896642065833,0.8296709631084066
2025-11-07,5.421753883361816,-0.003533568285243094,0.014326007730801603,78.57142857142857,61.71743018852391,0.11356862929425397,0.5036847804772476
2025-11-10,5.440979957580566,0.0035460986670292627,0.013985716139094799,71.42857142857143,63.17690435369998,0.1031384409575635,0.44934671547164057
2025-11-11,5.460206031799316,0.003533568285243094,0.013832387994355825,64.28571428571429,64.6291031861511,0.09640566619215787,0.49267066435913653
2025-11-12,5.537110805511475,0.014084591911784683,0.014512364151394041,100.0,69.76547349024095,0.09028667952761561,0.5250756715821631
2025-11-13,5.517884254455566,-0.0034723074417746247,0.014804658596183356,92.85714285714286,67.14048444120955,0.0875064613999448,0.5110274215884564
2025-11-14,5.594789028167725,0.013937366237803728,0.015718076263473442,100.0,71.72348063173905,0.08356762229717088,0.5277069112813261
2025-11-17,5.546723365783691,-0.008591148324278208,0.015864996913522098,71.42857142857143,65.56819922842013,0.07515285493200477,0.5249484008709621
2025-11-18,5.556336879730225,0.0017331879224113944,0.015803463142869126,71.42857142857143,66.19311802155723,0.06629682329756267,0.5440640419502075
2025-11-19,5.767823219299316,0.03806218811904727,0.01794975539425352,92.85714285714286,76.35850028394418,0.07710254784076366,1.02235130351456
2025-11-20,5.998536109924316,0.03999999338624449,0.02218427174639832,100.0,82.5299476246933,0.10869582563727967,1.4216961363569125
2025-11-21,6.04660177230835,0.008012898731160512,0.02621910726542245,100.0,83.49652191661295,0.13368943888130164,1.2663706926575453
2025-11-24,5.93124532699585,-0.019077896917372383,0.028236482951593787,64.28571428571429,73.05039668017939,0.1436314970297383,0.7204267247431712
2025-11-25,6.017762660980225,0.014586706368491464,0.029824317157921273,64.28571428571429,75.52370608779316,0.15585814136655257,0.7013403579535752
2025-11-26,5.9120192527771,-0.01757188080692773,0.03017501125476889,64.28571428571429,67.38384956994679,0.1583867612081702,0.41659081770992573
2025-11-27,5.93124532699585,0.003252031733441907,0.02985030438571314,64.28571428571429,68.05794031857525,0.16131292440918574,0.5538594884262419
2025-11-28,5.8351149559021,-0.016207451520545924,0.028501396228522685,64.28571428571429,61.242509252425336,0.15759273940260177,0.419452638050406
2025-12-01,5.8351149559021,0.0,0.0267344690629371,57.142857142857146,61.242509252425336,0.15520455564211935,0.36478512410160235
2025-12-02,5.825501441955566,-0.0016475277726635262,0.024955145682102386,42.85714285714286,60.539366813843564,0.15327618416376057,0.3798707068115955
2025-12-03,5.710144996643066,-0.019801976956300593,0.02210011511220608,42.85714285714286,52.71782759331705,0.14825012289115935,0.14883384496931354
2025-12-04,5.652467250823975,-0.010100924906985664,0.01859852027588811,28.571428571428573,49.2889275945456,0.1417461557875945,-0.08623264567629182
2025-12-05,5.585175514221191,-0.011904843251055341,0.014691703694430031,28.571428571428573,45.56527266389562,0.13500198611312766,-0.28272488322421085
2025-12-08,5.604401588439941,0.0034423402039551743,0.011522756740710377,21.42857142857143,46.80187467655847,0.1282858709718572,-0.28799766437991114
2025-12-09,5.614015102386475,0.0017153506569485,0.00906941738606431,-71.42857142857143,47.44477848379737,0.12186219204895929,-0.20905644942670149
2025-12-10,5.527497291564941,-0.015411039914152602,0.005921271805884768,-92.85714285714286,42.47034628321382,0.12228855360278772,-0.3255321323826322
2025-12-11,5.595506191253662,0.012303741838553872,0.004205825030959357,-92.85714285714286,47.160218559103306,0.1191640948797001,-0.12258554077105789
2025-12-12,5.477912425994873,-0.021015751075854405,0.0012194268303266133,-100.0,40.944789308611156,0.12428335125917886,-0.3002509211794508
2025-12-15,5.497511386871338,0.0035778156626711244,-0.0009162892259469342,-85.71428571428572,42.309476855037495,0.12647788081161518,-0.3518918419489169
2025-12-16,5.477912425994873,-0.003565060533256781,-0.002870348224236072,-100.0,41.28211917532466,0.1299323476989014,-0.3149449116710112
2025-12-17,5.497511386871338,0.0035778156626711244,-0.004066069683965584,-92.85714285714286,42.77845233272233,0.13533774868319695,-0.26845248148303436
2025-12-18,5.585706233978272,0.01604268566274425,-0.003626629517582346,-85.71428571428572,49.068310575589344,0.13020455437664705,0.004936276076161414
2025-12-19,5.546508312225342,-0.007017540864302285,-0.0038783295573223313,-78.57142857142857,46.61575695177122,0.12082837920913546,0.11531734904818706
2025-12-22,5.556308269500732,0.001766869663530457,-0.003863479433000093,-71.42857142857143,47.32463380204947,0.11569311212855322,0.3060083306247251
2025-12-23,5.585706233978272,0.005290916747529906,-0.0033732606910749233,-64.28571428571429,49.49134616040187,0.10133321654838065,0.534033974822152
2025-12-24,5.556308269500732,-0.005263070280837501,-0.0034044393381983174,-57.142857142857146,47.392002953183486,0.09234481951515806,0.4678419990802193
2025-12-25,5.536709308624268,-0.0035273350443937312,-0.0036704164699771554,-50.0,45.991349178482736,0.07872393440030583,0.2882986731055545
2025-12-26,5.497511386871338,-0.00707964235938352,-0.004423608615664925,-35.714285714285715,43.238925387461094,0.07092991624953279,0.1009754811757089
2025-12-29,5.566107273101807,0.012477625129487357,-0.003898787251145006,-35.714285714285715,48.99196613340282,0.058364492837641925,0.26042668543588054
2025-12-30,5.556308269500732,-0.0017604769581837099,-0.0036327159067289605,-28.571428571428573,48.239787903081364,0.04138404075325061,0.37904389869163024
2025-12-31,5.615105152130127,0.010582005133181305,-0.002506794464123733,78.57142857142857,52.911419200215015,0.034715192611861054,0.5261697554739709
2026-01-05,5.556308269500732,-0.010471198853166497,-0.002487251183069552,78.57142857142857,48.224131505277704,0.03093124244228485,0.3745503777170876
2026-01-06,5.477912425994873,-0.014109340177575036,-0.0035991242381269214,-14.285714285714286,42.78213705481699,0.0325060911426974,0.07429533823038371
2026-01-07,5.448513507843018,-0.005366810541246658,-0.0048555261449148525,-21.42857142857143,40.91737082830457,0.03450206463618071,-0.24189979697992878
2026-01-08,5.409315586090088,-0.007194241456225603,-0.0063892029214951025,-28.571428571428573,38.507344085402536,0.03780304258014033,-0.35537208203544557
2026-01-09,5.379917144775391,-0.00543478021328514,-0.007967267614015991,-35.714285714285715,36.75862770503765,0.044530796000870995,-0.3763928669751725
2026-01-12,5.419115543365479,0.007286059903014674,-0.008442755430767362,-42.85714285714286,40.63005545595989,0.04556107895961515,-0.10844565827916677
2026-01-13,5.438714504241943,0.0036166346186248255,-0.008445177080435197,-42.85714285714286,42.524585049452206,0.046761017574451724,-0.12419163261705776
2026-01-14,5.360318183898926,-0.014414494506352904,-0.009663843397383309,-42.85714285714286,37.38550567192036,0.05250404776066691,-0.4314877778008156
2026-01-15,5.321120262145996,-0.007312611007061265,-0.011076077196367854,-64.28571428571429,35.10137267482789,0.05995687452706961,-0.7077991633510723
2026-01-16,5.291722297668457,-0.005524769790803963,-0.012510369899771265,-71.42857142857143,33.45069536595324,0.0682391373853616,-0.8700028348469987
2026-01-19,5.252524375915527,-0.007407403402517998,-0.014138962752764321,-78.57142857142857,31.334794136211247,0.07560176316536976,-1.0657759375327749
2026-01-20,5.330920219421387,0.014925365004554658,-0.013784289061421538,-85.71428571428572,39.56804859538895,0.0776010302228036,-0.7481843398814466
2026-01-21,5.223125457763672,-0.0202206668306536,-0.015437429501999165,-92.85714285714286,33.60197135703014,0.08447009895475946,-0.9658053987831774
2026-01-22,5.193727493286133,-0.005628423960952644,-0.01687780329457377,-100.0,32.17703788407203,0.08986388597541514,-1.257027220050012
2026-01-23,5.164328575134277,-0.005660466050607993,-0.01830063865541819,-100.0,30.77170204571485,0.09612458513406971,-1.4583348213581107
2026-01-26,5.203526496887207,0.007590129323231665,-0.01838652846285223,-100.0,34.85695091037208,0.09863823803243998,-1.2846517432717395
2026-01-27,5.223125457763672,0.003766476616999803,-0.01798409988534838,-64.28571428571429,36.86314298394851,0.10027512691101127,-1.339427606795859
2026-01-28,5.232925415039063,0.0018762630449216111,-0.017335714076403066,-64.28571428571429,37.89310233211222,0.09717870585131512,-1.2996640596660574
2026-01-29,5.262323379516602,0.0056178833340621015,-0.016117850298715115,-64.28571428571429,41.00231111777024,0.09207321824095521,-1.0176910390335852
2026-01-30,5.262323379516602,0.0,-0.01505588077215118,-64.28571428571429,41.00231111777025,0.07997381376194676,-0.9863786294901311
2026-02-02,5.311321258544922,0.00931107335954362,-0.013186730078508043,-64.28571428571429,46.2077696229038,0.06924006670028816,-0.7598875193709214
2026-02-03,5.174128532409668,-0.025830244388726498,-0.014105725739129537,-57.142857142857146,36.497600557138554,0.0664700804296255,-0.9887975121646814
2026-02-04,5.242724418640137,0.013257476268863089,-0.013159015084700817,-50.0,42.95264140103764,0.06148079283729811,-0.7741740029862707
2026-02-05,5.291722297668457,0.009345881094591224,-0.011558364378652063,-21.42857142857143,47.08988822512833,0.05766439329755327,-0.5506318972771858
2026-02-06,5.242724418640137,-0.009259344363159228,-0.01110953998158636,-21.42857142857143,43.67852081267306,0.05523921008801641,-0.5743332808737684
2026-02-09,5.272123336791992,0.005607565037622386,-0.010043015023565922,-21.42857142857143,46.1970427349515,0.049041756570841186,-0.3577498746228737
2026-02-10,5.301521301269531,0.005576114707404933,-0.008648461538579804,-21.42857142857143,48.66889706808817,0.03934076488958861,-0.08924516422765527
2026-02-11,5.301521301269531,0.0,-0.007500936820615403,35.714285714285715,48.66889706808817,0.03599599362381213,0.10458977467186441
2026-02-12,5.232925415039063,-0.01293890608607784,-0.007647512121253066,35.714285714285715,43.28712118480251,0.034259944093800315,-0.009849422685078634
2026-02-13,5.203526496887207,-0.005618065579028886,-0.008091787998306451,35.714285714285715,41.185122559589544,0.03434364742359203,-0.20561922008260236
2026-02-24,5.183927536010742,-0.003766476616999803,-0.008646829424801982,-7.142857142857143,39.79767121021429,0.035856704605836794,-0.3576495812498013
2026-02-25,5.183927536010742,0.0,-0.00895918289021457,-78.57142857142857,39.79767121021429,0.033640066515325896,-0.4024923962435237
2026-02-26,5.164328575134277,-0.0037807165976604384,-0.009439087456572319,-85.71428571428572,38.301230566754256,0.03565083551699385,-0.44269811402275333
2026-02-27,5.174128532409668,0.001897624663654618,-0.009511447782389309,-85.71428571428572,39.525701539169475,0.036420821187135126,-0.42546866514001147
2026-03-02,5.203526496887207,0.005681722882104001,-0.008969549350299678,-85.71428571428572,43.16931773314111,0.03484833316742429,-0.24288220328068197
2026-03-03,5.311321258544922,0.02071571303080688,-0.006693669251883098,21.42857142857143,54.09171427599434,0.036685839313013835,0.2795000256369893
2026-03-04,5.242724418640137,-0.012915211971865848,-0.00608578729491581,21.42857142857143,47.796349060984426,0.03657966746220208,0.4611900531040502
2026-03-05,5.281922340393066,0.007476632113937676,-0.004838949444461734,21.42857142857143,51.285292280837425,0.03719739858733471,0.7340250751893741
2026-03-06,5.281922340393066,0.0,-0.0038423219852374226,21.42857142857143,51.285292280837425,0.03763858211261533,0.8112863744721613
2026-03-09,5.252524375915527,-0.005565769919167574,-0.0034810692330661955,21.42857142857143,48.46775596156746,0.037532422960915496,0.5806309016297982
2026-03-10,5.223125457763672,-0.005597102659182118,-0.003608205378876007,21.42857142857143,45.760282804504996,0.03568933662322347,0.4346025912659079
2026-03-11,5.252524375915527,0.005628606547858572,-0.0031844137710761527,21.42857142857143,48.83809848405084,0.033894291758973835,0.5029804314383918
2026-03-12,5.262323379516602,0.0018655798430950998,-0.002678098983942323,21.42857142857143,49.859390764778645,0.03405247939303627,0.612969942547998
2026-03-13,5.281922340393066,0.0037243930984465212,-0.0019511702432475646,21.42857142857143,51.92641557271692,0.03368637097997883,0.6942294012818233
2026-03-16,5.291722297668457,0.0018553770093221456,-0.0012169241050746973,21.42857142857143,52.97042155685809,0.03464147738716142,0.7179334169723078
2026-03-17,5.389717102050781,0.018518508506295106,0.0008312435393231786,92.85714285714286,61.88425387444616,0.041980681094185145,1.1056260845563817
2026-03-18,5.389717102050781,0.0,0.0024091253363507465,100.0,61.88425387444617,0.047236638783835286,1.18315355584597
2026-03-19,5.419115543365479,0.005454542559109932,0.004031035841313338,92.85714285714286,64.24230649977225,0.05402797617085002,1.2064585942055732
2026-03-20,5.399516582489014,-0.0036166346186252696,0.0049956261536110835,100.0,61.510248147537396,0.05828007845563603,0.9369253027105374
2026-03-23,5.281922340393066,-0.021778661163355473,0.004033480211240731,85.71428571428572,48.25114463879191,0.057106348467009176,0.6083625373308749
2026-03-24,5.360318183898926,0.01484229385697966,0.00426722344945816,85.71428571428572,55.18647912695571,0.05648702591001046,0.6746820619307548
2026-03-25,5.438714504241943,0.014625310970998173,0.005533703293423876,78.57142857142857,60.83860860954897,0.059187377936698,1.05029426139144
2026-03-26,5.468112468719482,0.005405314887297452,0.006904958662945535,78.57142857142857,62.73658977631954,0.060953873858243364,1.2766153475772477
2026-03-27,5.458313465118408,-0.0017920267107031096,0.007794938964070233,85.71428571428572,61.66380295439918,0.060629443172547835,1.1235452761170377
2026-03-30,5.556308269500732,0.017953311954061357,0.009652551497691762,92.85714285714286,67.6258652411603,0.06761895141762111,1.2632185542577559
2026-03-31,5.752297878265381,0.03527335044393776,0.013445225470600782,100.0,75.749114230947,0.09441382054726483,1.651709080086444
2026-04-01,5.752297878265381,0.0,0.016521139085651722,50.0,75.749114230947,0.11051198224237774,1.422693209934429
2026-04-02,5.820894241333008,0.011925036658274157,0.019461968118150028,57.142857142857146,77.99079310570124,0.12824977454715386,1.374725917112855
2026-04-03,5.703300476074219,-0.02020201027254187,0.020499357098776868,57.142857142857146,66.62162016754004,0.13346253110595685,1.0849988202676086
2026-04-07,5.683701515197754,-0.003436424392978088,0.02056064853205197,57.142857142857146,64.92291891817523,0.13463102214780118,0.8960187129796762
2026-04-08,5.624904155731201,-0.0103449062744293,0.01969751185802507,57.142857142857146,59.98174255987977,0.13047001609766334,0.8910312524955055
2026-04-09,5.575907230377197,-0.008710712929051567,0.018091121332449493,57.142857142857146,56.14684833675814,0.12516968807805454,0.6610478774640637
2026-04-10,5.536709308624268,-0.007029873370091533,0.016042768102942924,57.142857142857146,53.215602832003995,0.11874860477811676,0.507129603750726
2026-04-13,5.575907230377197,0.00707964235938352,0.014616044276882765,57.142857142857146,55.705933666288,0.11258022916916835,0.6184174734093031
2026-04-14,5.615105152130127,0.007029873370091533,0.013883225726893544,50.0,58.107407864673675,0.10618258396688245,0.7751724859284802
2026-04-15,5.6739020347595215,0.010471198853166497,0.013920352613748905,42.85714285714286,61.48093388922493,0.10483154248362159,0.9251241350819819
2026-04-16,5.6739020347595215,0.0,0.013903520876175177,35.714285714285715,61.48093388922494,0.10246446432617232,0.8164327429514425
2026-04-17,5.654303073883057,-0.0034542296917354776,0.013502980243807703,21.42857142857143,59.62474786303192,0.09999427036096181,0.616319087290512
2026-04-20,5.781696319580078,0.022530317889298157,0.01446883158630076,21.42857142857143,66.66890003444031,0.09972492555061724,0.7094265023680048
2026-04-21,5.811094760894775,0.005084743246568824,0.015619964966582122,42.85714285714286,68.05403495905875,0.08990142601892756,0.6887447292923704
2026-04-22,5.722899436950684,-0.015177058295038348,0.01542458810145727,42.85714285714286,59.99859193948623,0.079564744463977,0.4573264970282852
2026-04-23,5.703300476074219,-0.003424655822173217,0.014684235683623576,42.85714285714286,58.345803210236504,0.07244165830786418,0.2234436672606728
2026-04-24,5.693500995635986,-0.001718212196489044,0.013781932228035358,42.85714285714286,57.49300557983899,0.06561903370361602,0.10818660440300934
2026-04-27,5.644503593444824,-0.008605847654846843,0.012317635984415242,42.85714285714286,53.29827382717767,0.05627249629062034,-0.10584456572006358
2026-04-28,5.693500995635986,0.008680551155652472,0.011528682772962878,42.85714285714286,56.70045325468131,0.05268976445711922,-0.0289551466686287
2026-04-29,5.6739020347595215,-0.003442339061938693,0.01062419690993534,42.85714285714286,54.975265791602645,0.051594252874333064,0.05961878822657938
2026-04-30,5.634704113006592,-0.006908459383471066,0.009276263048707744,42.85714285714286,51.59411449200609,0.05075314659416109,-0.11938327708883992
2026-05-06,5.595506191253662,-0.006956518206954088,0.007554187354631091,42.85714285714286,48.38910347685392,0.04634882385978123,-0.09166560255635431
2026-05-07,5.575907230377197,-0.0035026251793091046,0.00580891766148487,-57.142857142857146,46.822920323926795,0.04780874902589742,-0.23986145908861703
2026-05-08,5.566107273101807,-0.001757553859935257,0.004221755632482263,-57.142857142857146,46.02082643897252,0.049634933785582855,-0.40993805063297917
2026-05-11,5.566107273101807,0.0,0.0029221284750098786,-78.57142857142857,46.02082643897251,0.05124997939869315,-0.21274021063104528
2026-05-12,5.624904155731201,0.01056337575697297,0.0026849022820526923,-78.57142857142857,51.7697402114289,0.050033900975672174,-0.020023087435206473
2026-05-13,5.605305194854736,-0.0034843190806185254,0.002222166662640281,-78.57142857142857,49.863381094333455,0.04712002890234822,0.0028986361770350763
2026-05-14,5.644503593444824,0.006993089087471871,0.002368237550935207,-78.57142857142857,53.54768978030388,0.0453930204620046,-0.016587588459346065
2026-05-15,5.6739020347595215,0.005208330693391439,0.0028683228046483414,-71.42857142857143,56.15029505843558,0.0448913327331121,0.22250134782415815
2026-05-18,5.6739020347595215,0.0,0.0032370538120402403,-64.28571428571429,56.15029505843558,0.0448913327331121,0.3211368341788706
2026-05-19,5.713099956512451,0.006908459383470955,0.004012438529249284,42.85714285714286,59.64645123880683,0.04556456138886748,0.22001773221841803
2026-05-20,5.585706233978272,-0.022298528557855968,0.002876960571233509,42.85714285714286,46.6331244895931,0.047104724915534454,-0.15050205787112295
2026-05-21,5.683701515197754,0.017543937528144316,0.0032257812105395143,42.85714285714286,54.80203956610188,0.04301453555516862,-0.01830601739919166
2026-05-22,5.742498397827148,0.010344822378898,0.004282105804290273,42.85714285714286,58.870071721768966,0.03775688021648646,0.3837671687183121
2026-05-25,5.781696319580078,0.00682593516573915,0.0055931293215335,71.42857142857143,61.36652119375099,0.04145199226777293,0.6181722793285808
2026-05-26,5.791495800018311,0.0016949144155231632,0.006703135990632565,78.57142857142857,61.987695832347654,0.046025657737760295,0.5325678540801387
2026-05-27,5.732698917388916,-0.010152279248689,0.006762612507399834,78.57142857142857,56.15372316860998,0.04714237215435434,0.24981144118601167
2026-05-28,5.693500995635986,-0.006837603425156602,0.0061750528035410005,78.57142857142857,52.599582460371295,0.04731858823409537,-0.16025931261358764
2026-05-29,5.742498397827148,0.008605847654846732,0.006240665791605111,78.57142857142857,56.32111879110081,0.04867616568027198,-0.14660747657649892
2026-06-01,5.811094760894775,0.011945386540043623,0.007129971225910782,21.42857142857143,60.94426501653506,0.05355803833554521,0.1999925390895665
2026-06-02,5.850292682647705,0.0067453592422392905,0.008285387140574085,57.142857142857146,63.33258778934183,0.05961267010899392,0.21315594357943102
2026-06-03,5.83069372177124,-0.003350082113771191,0.008896195318485529,57.142857142857146,61.31366293597657,0.06183287856457645,0.37433433776111114
2026-06-04,5.781696319580078,-0.008403357221150265,0.008653916437751394,57.142857142857146,56.46731335735395,0.05999036902728781,0.2468795260885428
2026-06-05,5.9286885261535645,0.025423716232844562,0.010078284569780526,57.142857142857146,65.32271886134686,0.06458005831918039,0.64902064694163
2026-06-08,6.016883850097656,0.014876025879084542,0.012251924256760522,85.71428571428572,69.35120866276534,0.07341981882923287,1.0160401320599826
2026-06-09,6.007084369659424,-0.001628663720685486,0.013823628100090279,92.85714285714286,68.40038938789907,0.08048182136107929,1.0669983270621592
2026-06-10,6.095279693603516,0.014681885340174228,0.015820752642443724,100.0,72.1069201252155,0.09023237080731801,1.1191864456822815
2026-06-11,6.075680732727051,-0.0032154325743299905,0.01716054573531019,92.85714285714286,70.13807353612958,0.09650394030629032,1.1868513102501959
2026-06-12,6.163876056671143,0.014516122196648995,0.018858917883314105,71.42857142857143,73.62770847511858,0.10698672161532448,1.4909715311449991
2026-06-15,6.007084369659424,-0.02543719010086576,0.018611250106556065,71.42857142857143,60.16662589203402,0.10646742975733837,1.2304537367537727
2026-06-16,5.918889045715332,-0.014681885340174117,0.016896322340063684,71.42857142857143,54.16754065403124,0.1044200217556892,0.8968976286925822
2026-06-17,5.820894241333008,-0.016556283387887172,0.014054861024032814,71.42857142857143,48.39375246102235,0.09520679078419472,0.47363660985782924
2026-06-18,5.664102554321289,-0.026936013696722494,0.009554227017242414,71.42857142857143,40.884669718099516,0.09617000448105646,-0.12375357389085036
2026-06-22,5.820894241333008,0.02768164691723296,0.007611901342933531,-35.714285714285715,49.34862756733388,0.09433038044094054,-0.052856098243658674
2026-06-23,6.016883850097656,0.033670017120903006,0.008601340584606088,-35.714285714285715,57.533541425998905,0.09509735529226522,0.2770399059498119
2026-06-24,5.899290084838867,-0.01954396464822572,0.008071465576817614,-35.714285714285715,52.09417865371964,0.09380575739931571,0.09408362673923971
2026-06-25,5.6739020347595215,-0.03820596153740452,0.00455631729225391,-35.714285714285715,43.58815350931465,0.09654534650865368,-0.3617788778327022
2026-06-26,5.644503593444824,-0.005181344537603216,0.0010914843417370347,-35.714285714285715,42.6108361220126,0.09913535286420291,-0.8085419137368439
2026-06-29,5.683701515197754,0.006944440924522066,-0.0010925994617245628,-71.42857142857143,44.400859294404995,0.10153829947602457,-0.6335287187058147
2026-06-30,5.605305194854736,-0.013793180400728633,-0.003940084342340446,-78.57142857142857,41.60574615781515,0.10949416016082211,-0.3172771164299188
2026-07-01,5.536709308624268,-0.012237671963595265,-0.007178215283661719,-78.57142857142857,39.275930422669504,0.12080976007837146,-0.3233619861604202
2026-07-02,5.468112468719482,-0.012389460251766349,-0.010716265954595816,-92.85714285714286,37.04207875827448,0.13455581154565247,-0.45831548051424814
2026-07-03,5.448513507843018,-0.0035842278278988005,-0.013630343951199,-100.0,36.40498647725753,0.14708791783834216,-0.5196881031092159
2026-07-06,5.526909351348877,0.014388482912451206,-0.01437331139428082,-92.85714285714286,40.7916528427456,0.1531147586636403,-0.29555633721500063
2026-07-07,5.664102554321289,0.024822770603054822,-0.012648939943924927,-50.0,47.603127533651815,0.15111511006926762,0.0606012327038022
2026-07-08,5.801295280456543,0.02422144105257873,-0.009269827909754174,-50.0,53.379063581268205,0.14734659034741243,0.4847462268989629
2026-07-09,5.713099956512451,-0.015202695205190686,-0.0080867892630247,-50.0,49.59422569624861,0.13902982210264853,0.5256332634174654
2026-07-10,5.789999961853027,0.013460294048053045,-0.005803757185426179,-50.0,52.74073342256822,0.12999821607386597,0.6860164029752017
2026-07-13,5.920000076293945,0.02245252423098676,-0.0021927489606316563,-50.0,57.56343892707009,0.1155537475747266,0.9983410149019452
2026-07-14,5.869999885559082,-0.008445978055825365,-0.00011318407099912072,-50.0,55.228994644891074,0.1094254949034584,1.1750182512914387
2026-07-15,5.880000114440918,0.0017036165377852797,0.0016650923574963788,42.85714285714286,55.61668011822408,0.10792374469004529,1.328208082050851
2026-07-16,5.800000190734863,-0.01360542893691108,0.0019808191815527255,42.85714285714286,51.755636966607085,0.10752369929129402,1.1426699760172112
2026-07-17,5.960000038146973,0.02758617968111432,0.00427041855018923,71.42857142857143,58.031050775625125,0.11269505642299045,1.3016178138212393
2026-07-20,6.079999923706055,0.020134208857554237,0.0075121571897269505,78.57142857142857,62.02114878152971,0.12348887017595898,1.5847562905820527
2026-07-21,5.880000114440918,-0.032894705884013775,0.007660311743728351,78.57142857142857,52.980404774546926,0.11806442234414595,1.1612975264574685
2026-07-22,5.940000057220459,0.010204071702683226,0.008219032621303947,78.57142857142857,55.09517558184892,0.11948830206131945,1.1681211732385726
2026-07-23,5.96999979019165,0.0050504600475087535,0.008981261765481337,78.57142857142857,56.15695992558594,0.12331848043261709,1.1346507453444588
2026-07-24,6.010000228881836,0.006700241222102443,0.009976107701697868,71.42857142857143,57.59667090867645,0.12706344791470875,1.0479878886315221
2026-07-27,6.0,-0.001663931530947127,0.010573549078304248,64.28571428571429,57.09191762039747,0.1300381093822906,0.8247337468444369
2026-07-28,6.099999904632568,0.016666650772094727,0.012037023147432541,100.0,60.79215103454876,0.13366905645952484,0.8647376311738684
2026-07-29,6.010000228881836,-0.014754045435702912,0.012185068870415105,92.85714285714286,56.10292107364685,0.1283395033698978,0.5246980344758746
2026-07-30,6.139999866485596,0.02163055451795648,0.013455438791366172,100.0,60.805779765138944,0.12079224002035616,0.6823535843664787
2026-07-31,6.059999942779541,-0.01302930381851053,0.013637849956988376,92.85714285714286,56.774770383632415,0.10304730243759502,1.1981086962027325
2026-08-03,6.03000020980835,-0.0049504510320889095,0.013156401618326534,71.42857142857143,55.29442586686159,0.0856015901372467,1.4525817680256201
2026-08-04,5.820000171661377,-0.03482587576122942,0.010151512415296788,71.42857142857143,46.21117878857573,0.07710404387542881,1.0762573812742857
2026-08-05,5.730000019073486,-0.015463943287513549,0.006171484132260264,-28.571428571428573,42.95448555144088,0.08066513524110952,0.6645098249742595
2026-08-06,5.789999961853027,0.010471194167507747,0.0036550109268375327,-35.714285714285715,45.70179483277861,0.07649350885181022,0.6272413305411699
2026-08-07,5.769999980926514,-0.0034542281620522086,0.0014212265795487719,-35.714285714285715,44.92512088918296,0.07744077812661065,0.5577509741391646
2026-08-10,5.820000171661377,0.008665544350111798,0.00033336814507400507,-35.714285714285715,47.334782846299284,0.07940345596388755,0.5512127136466118
2026-08-11,5.880000114440918,0.010309268214748757,0.0003060609983996109,-35.714285714285715,50.15319039993861,0.07922987552156935,0.7098917752225115
2026-08-12,5.829999923706055,-0.008503433632946034,-0.00039787610417978467,-35.714285714285715,47.854864990889915,0.08036386757671636,0.677151491443712
2026-08-13,5.949999809265137,0.020583171034211478,0.0006810285209325126,-35.714285714285715,53.37700002676796,0.07768798381728075,0.8988041167928679
2026-08-14,5.880000114440918,-0.011764654969436794,0.0005806159997683693,-35.714285714285715,50.04752451247835,0.07812509332759356,0.760705272156005
2026-08-17,5.900000095367432,0.003401357234227742,0.0007577325477646516,-35.714285714285715,50.98820129162346,0.07503292599580924,0.6920998395889923
2026-08-18,6.03000020980835,0.02203391734569493,0.002590028902233845,-35.714285714285715,56.69648319660151,0.07610047225731364,0.9395321088578278
2026-08-19,6.079999923706055,0.008291826228525867,0.004631920628564865,-35.714285714285715,58.68933684584795,0.07902062234741987,1.1012802673598405
2026-08-20,6.050000190734863,-0.0049341666690194685,0.005830756726404868,64.28571428571429,56.994530915699336,0.08051219414222294,1.1752142438775381
2026-08-21,6.050000190734863,0.0,0.006685573538420829,64.28571428571429,56.99453091569933,0.08143538440555319,1.0741406694628792
2026-08-24,6.130000114440918,0.01322312746842047,0.00822518662575401,85.71428571428572,60.52046621369879,0.08542096220199577,1.0970896753930075
2026-08-25,6.139999866485596,0.0016312808903740095,0.009520660301216068,92.85714285714286,60.95142935947763,0.08713426574570751,0.9172173787434205
2026-08-26,6.199999809265137,0.009771977863882952,0.011108608161391162,100.0,63.52430049483899,0.09388232017904899,0.8961247248786922
2026-08-27,6.139999866485596,-0.009677410423445276,0.011638966737322808,92.85714285714286,59.31543274191999,0.09388232017904899,0.7598879838279806
2026-08-28,6.190000057220459,0.008143353716957291,0.012385555638366916,100.0,61.598799619287036,0.09856563017113931,0.7598824732191537
2026-08-31,6.510000228881836,0.05169631158373034,0.016189963127414102,92.85714285714286,72.30989402976881,0.12562700202878227,1.1830917388682158
2026-09-01,6.670000076293945,0.02457754866155981,0.020909804792881796,100.0,75.92563947445399,0.1552914675238531,1.5536696562382253
2026-09-02,6.679999828338623,0.0014992131829529853,0.02475615289493181,100.0,76.13537987919776,0.17222932671863472,1.5640797554950796
2026-09-03,6.539999961853027,-0.020958064383725383,0.026393361300948305,92.85714285714286,67.29567854538845,0.17685521620819175,1.1782871150818603
2026-09-04,6.570000171661377,0.004587188070846571,0.02720124648384465,92.85714285714286,68.14908196953061,0.1783729553681618,0.9206000311474153
2026-09-07,6.440000057220459,-0.019786927099583962,0.026565854855548847,85.71428571428572,60.75118744183317,0.1739844906497136,0.4753281489504806
2026-09-08,6.389999866485596,-0.007764004703509797,0.024909138157139132,71.42857142857143,58.137134624702256,0.16890797074113648,0.28514817661445147
2026-09-09,6.429999828338623,0.006259775068669482,0.0235165606596673,71.42857142857143,59.63355193449065,0.16034889166975,0.311676872252166
2026-09-10,6.53000020980835,0.015552159275183719,0.023159368790350184,64.28571428571429,63.17732475435561,0.15790226540491004,0.43183411324228055
2026-09-11,6.570000171661377,0.006125568233971146,0.023244014760339486,57.142857142857146,64.5191083126549,0.1507599054046343,0.4708863225285818
2026-09-14,6.639999866485596,0.010654443378274259,0.02375276889063645,78.57142857142857,66.79912443501017,0.14383105894965864,0.42699421166749485
2026-09-15,6.570000171661377,-0.010542122926467501,0.023479216212852348,78.57142857142857,62.47559447427255,0.13850717830626616,0.3773782046878011
2026-09-16,6.559999942779541,-0.001522104812868963,0.022712197577787155,78.57142857142857,61.85960495652043,0.13328775148632763,0.40049238117754044
2026-09-17,6.579999923706055,0.0030487776068546246,0.022000518824370825,78.57142857142857,62.652702188542584,0.12490825610687561,0.4372823273628494
2026-09-18,6.539999961853027,-0.006079021628696002,0.02088834856045428,71.42857142857143,59.966938466655364,0.11302946134343697,0.29097943908356266
2026-09-21,6.630000114440918,0.013761491301659046,0.02048934092414004,28.571428571428573,63.733947286333894,0.10528251321670566,0.4382044853773331
2026-09-22,6.650000095367432,0.0030165883229702484,0.02034465610178343,28.571428571428573,64.53263638975042,0.09585307197199404,0.6489501469276286
2026-09-23,6.579999923706055,-0.010526341452256616,0.019412363489979677,28.571428571428573,59.58635838493102,0.08604661189575036,0.6580724060204467
2026-09-24,6.619999885559082,0.006079021628696113,0.018662626926038536,28.571428571428573,61.40671315867107,0.06793608100203459,0.5051701389285703
2026-09-28,6.630000114440918,0.0015106086185363576,0.018047686275882022,28.571428571428573,61.86913648981465,0.04699860014346083,0.28061523367264607
2026-09-29,6.650000095367432,0.0030165883229702484,0.017569916225017395,28.571428571428573,62.82841211396831,0.047497431838597906,0.26099789144114244
2026-09-30,6.730000019073486,0.012030063542673552,0.017783619164089753,100.0,66.46285260880255,0.050313044641302714,0.3480807908185239
