Date,close,one_day_return,macd,aaron,rsi,bb_width,ad_osc
2002-09-16,38.79817962646485,0.0016893587143895772,0.013742139932199544,92.85714285714286,70.83433894176733,0.06196451728274132,2.131246022951719
2002-09-17,38.872371673583984,0.001912255879874536,0.014068605915649878,100.0,71.49815878704746,0.0627994257719938,1.8918721032440389
2002-09-18,38.88106536865234,0.0002236471481944502,0.014199272549241923,100.0,71.57978647134114,0.06501227773179863,1.2110183684785396
2002-09-19,39.14280319213867,0.0067317554445758265,0.01458114562627951,100.0,73.9945555560516,0.0670422440038177,1.080979324725255
2002-09-20,38.9596061706543,-0.004680222328102612,0.014482988142632772,92.85714285714286,69.54081753098636,0.06330053192022643,0.9335402819021328
2002-09-23,39.30861282348633,0.008958166858855865,0.01476962055580116,57.142857142857146,72.88873445719875,0.0639227707599091,0.9428641880453664
2002-09-24,39.56167221069336,0.006437759285563782,0.015341410929975485,64.28571428571429,75.03171656907391,0.06531367612412246,1.0039515783990622
2002-09-25,39.08176803588867,-0.012130533114193542,0.014901670213417824,64.28571428571429,64.60284832327181,0.05869830551664625,0.8169455778051126
2002-09-26,38.99013137817383,-0.002344741866097122,0.014085711980278453,64.28571428571429,62.80768293392375,0.05165942339542431,1.2590151633269266
2002-09-27,39.28244400024414,0.007497092513875092,0.013753416130151366,64.28571428571429,66.04863801922289,0.047773820072218094,1.929266632188991
2002-09-30,39.43953704833984,0.00399906503003522,0.013682752661197435,64.28571428571429,67.6786948553316,0.045849628253812814,1.8235137928038598
2002-10-01,38.950340270996094,-0.012403715001627624,0.012682217365112615,64.28571428571429,58.292872922602356,0.04514115229972896,1.3555511468702308
2002-10-02,39.173675537109375,0.005733846342790061,0.012007706840973915,57.142857142857146,60.955088273186085,0.04479844395106608,1.2232731688098681
2002-10-03,39.07735824584961,-0.002458724894694231,0.011230527286323374,50.0,59.20004989392497,0.044732330696975575,1.07820731836453
2002-10-04,39.19999694824219,0.0031383570409497796,0.010687267439966501,35.714285714285715,60.74967924424838,0.04199683797651426,1.073302647419865
2002-10-07,39.26564407348633,0.0016746716927253935,0.010283741966566753,35.714285714285715,61.59064453254075,0.037919472672538694,0.7532292220448844
2002-10-08,39.27880859375,0.0003352681606096919,0.009887824798009176,-14.285714285714286,61.76754989534368,0.03474621393443825,0.1665452197480104
2002-10-09,39.480247497558594,0.005128437216414206,0.009826364102743883,-14.285714285714286,64.4645951989012,0.02825883519467065,-0.10578519881508469
2002-10-10,39.16933822631836,-0.007875058819209801,0.00914960023186319,-14.285714285714286,57.69909209821144,0.02275514409815036,-0.3014336034948418
2002-10-11,38.70511245727539,-0.011851764417379118,0.007598611134617603,-92.85714285714286,49.36795584246616,0.023016291474927796,-0.622360836850226
2002-10-14,38.64816284179688,-0.001471371916084041,0.006102481247892247,-92.85714285714286,48.44385328292439,0.024357915128250994,-0.7162113700581825
2002-10-15,37.73286437988281,-0.023682845305241784,0.00303462195740997,-78.57142857142857,36.589288537903315,0.0392628368317247,-1.095322316961214
2002-10-16,37.7503547668457,0.00046353191707915187,0.0005172052409984681,-85.71428571428572,36.90701208074917,0.0490403164833503,-1.1723201193015405
2002-10-17,37.29057312011719,-0.012179531810183608,-0.002461488671768305,-92.85714285714286,32.322171886524096,0.06227316560205098,-1.4199875279869094
2002-10-18,37.38689041137695,0.002582885785893385,-0.004554362710600747,-100.0,34.16716680385901,0.07119905665857325,-0.6387827734836888
2002-10-21,37.0234489440918,-0.009721093765384659,-0.006990573461936043,-57.142857142857146,30.759600240349034,0.0812404501650656,-0.47090898295360906
2002-10-22,36.91831970214844,-0.002839531295480091,-0.00903676880562768,-71.42857142857143,29.83276481764758,0.08850569134023623,-0.5976808430588844
2002-10-23,36.93143081665039,0.0003551384409619107,-0.010489278664457119,-78.57142857142857,30.115580222227084,0.09546033379200079,-0.7319292105086685
2002-10-24,37.2555046081543,0.008775013161899992,-0.010716226465983539,-85.71428571428572,36.886954476212004,0.09875992602925097,-0.3476336651793145
2002-10-25,37.39129638671875,0.003644878253366457,-0.010514316016181281,-85.71428571428572,39.53085162327785,0.0991479199529025,-0.14673996002877432
2002-10-28,37.33872604370117,-0.0014059513335368257,-0.010393562219762948,-85.71428571428572,38.85228268453948,0.09780628236048662,-0.15303487814329345
2002-10-29,37.824851989746094,0.013019350083769865,-0.009012987390853714,-78.57142857142857,47.77906813399021,0.09656763041255413,-0.12813387898701828
2002-10-30,37.81167221069336,-0.0003484423166099093,-0.007963854630995897,-71.42857142857143,47.576276837364304,0.09370455318470669,-0.11480968396928204
2002-10-31,37.98246765136719,0.004517003102167072,-0.006658260856917312,-64.28571428571429,50.507850299040456,0.09066515042897584,0.39564986074829483
2002-11-01,37.82369613647461,-0.004180126376988169,-0.005945850968003568,-57.142857142857146,47.83018681584124,0.08628029011966709,0.5423063396075406
2002-11-04,37.656497955322266,-0.0044204611984260955,-0.005675757411756685,42.85714285714286,45.117581748264826,0.08054240314986448,0.7229702356781242
2002-11-05,37.5113525390625,-0.003854458702770902,-0.005708261257146522,42.85714285714286,42.845886426085436,0.0734146524108823,0.7257964349461409
2002-11-06,37.66092300415039,0.003987338631208592,-0.005312209549255923,42.85714285714286,45.87047091700697,0.060876396105703445,0.6782704378252848
2002-11-07,38.59353256225586,0.02476332186554986,-0.002911613409982791,71.42857142857143,60.06233874596334,0.0541186827251723,0.8341895805741382
2002-11-08,38.90584182739258,0.008092269465950652,-0.00044902696527430303,78.57142857142857,63.512352760331666,0.05643524950335133,0.9800490810491198
2002-11-11,39.11703872680664,0.0054284109916205026,0.0018899315761316143,85.71428571428572,65.67195913938416,0.06175743322890633,1.0881971856789143
2002-11-12,38.89265441894531,-0.005736229407047655,0.003260121712579117,92.85714285714286,61.5067110606389,0.06758942441936738,0.3471670148969913
2002-11-13,38.97627639770508,0.002150071266903142,0.004449885477226396,92.85714285714286,62.46223581772983,0.07313127327129175,0.1410716982788894
2002-11-14,38.16681289672852,-0.020768107571820682,0.0037581399362653397,85.71428571428572,49.62153720898562,0.0723208343229038,-0.12294910440997787
2002-11-15,38.320762634277344,0.004033602123535429,0.003407429785931036,78.57142857142857,51.65703562969286,0.07203003023154705,-0.10171201320523231
2002-11-18,38.49238967895508,0.004478695956959378,0.0034474892743760243,28.571428571428573,53.89358587672213,0.0697747850439301,-0.05925219007021312
2002-11-19,38.63313674926758,0.0036564908410829933,0.003729539328458392,28.571428571428573,55.70348057505304,0.0661910617084027,-0.04834795794318509
2002-11-20,38.25479888916016,-0.009793091939773402,0.003167663036693657,28.571428571428573,50.019454811204376,0.06026297399572677,-0.4388591843162804
2002-11-21,37.8852653503418,-0.009659795621695944,0.0019103207088366275,28.571428571428573,45.171112920769296,0.05680844773064202,-0.6338725945251228
2002-11-22,37.85007095336914,-0.0009289732207811152,0.0008058885334480644,28.571428571428573,44.726457961379786,0.054268198366382914,-0.8043229625353474
2002-11-25,37.77968978881836,-0.0018594724601042056,-0.00021872361911339495,28.571428571428573,43.797953967587326,0.05132135333626355,-1.0855760099439207
2002-11-26,38.25479888916016,0.012575780875850873,-1.675914393086101e-05,28.571428571428573,51.16763382470899,0.05046954067610385,-0.5926168601777754
2002-11-27,37.39254760742188,-0.022539689314184486,-0.00169674414051098,-78.57142857142857,40.72934891632807,0.05322495003968972,-0.7962408911328375
2002-11-29,37.63450622558594,0.006470771146816157,-0.0024612199439481997,-78.57142857142857,44.171139981021334,0.054630391026409764,-0.80840056481448
2002-12-02,37.6694450378418,0.0009283717460362162,-0.0029638570938007812,-92.85714285714286,44.67077300092532,0.05531836060924776,-0.40926548900682186
2002-12-03,37.72247695922852,0.0014078232725076578,-0.0032088510184275377,-92.85714285714286,45.46849897530878,0.05498896239921481,-0.23147409233756122
2002-12-04,37.91690444946289,0.005154154920540055,-0.002941177306719798,-85.71428571428572,48.405521957644396,0.05297578827369231,-0.11542341578131446
2002-12-05,38.014102935791016,0.0025634604865403254,-0.0024999340842966843,-57.142857142857146,49.859425886253995,0.05155491997817934,0.10793576423383876
2002-12-06,38.08041000366211,0.0017442754859451348,-0.0019890195301075133,-57.142857142857146,50.87639490699718,0.050896968824266066,-0.08253729408268894
2002-12-09,38.29254913330078,0.005570820524733566,-0.0011188450909053488,-57.142857142857146,54.085016460804226,0.04810497730200242,0.1050966535382548
2002-12-10,38.39419555664063,0.002654470011542065,-0.00022062905887640895,-57.142857142857146,55.58208750875955,0.04285046230940711,0.34522229185137776
2002-12-11,38.65053176879883,0.006676431383489723,0.0010091503194929528,-50.0,59.19535509971334,0.040804156587550065,0.5204077435558461
2002-12-12,38.61510467529297,-0.0009166004162058927,0.0018886179619852378,50.0,58.487224698215265,0.03733130106700569,0.5740023862403044
2002-12-13,38.23952865600586,-0.00972614272174721,0.0017970148701761453,50.0,51.45916617946937,0.037435268456429895,-0.08295397368554758
2002-12-16,37.952247619628906,-0.00751267200391692,0.0010991906611994668,50.0,46.82427827836878,0.0372299166020754,-0.5082887519724308
2002-12-17,37.952247619628906,0.0,0.0005292786149439447,50.0,46.82427827836878,0.03603866985901327,-0.8183190712198736
2002-12-18,38.24833679199219,0.007801624170741928,0.0006936746595735883,50.0,51.992815630255585,0.03367022792629979,-0.7501120886244781
2002-12-19,38.58867645263672,0.008898155820354248,0.0015141313839137352,50.0,57.14859210268073,0.03564292477516508,-0.5400340566653785
2002-12-20,38.61510467529297,0.000684869891526052,0.0021976060159429656,50.0,57.53001784710795,0.037536926314132926,-0.4048473312260394
2002-12-23,38.62397766113281,0.00022978018354358198,0.0027265633234901054,42.85714285714286,57.666262052082196,0.03888686717738175,-0.20445167054230898
2002-12-24,38.84054946899414,0.005607185509514778,0.0035377720612549766,92.85714285714286,60.95841649924944,0.04104411720765576,-0.1408529872466474
2002-12-26,38.915672302246094,0.0019341341530692002,0.0042909199215850945,92.85714285714286,62.060562655929864,0.044266890594444365,-0.08747105857782451
2002-12-27,39.34431076049805,0.011014545885854155,0.005653823201630603,50.0,67.66892175850289,0.04653896387641589,0.1843872383027439
2002-12-30,39.43711471557617,0.0023587642859739244,0.006865788276123737,57.142857142857146,68.74615181021503,0.049983057629372614,0.7228636260225135
2002-12-31,39.33761978149414,-0.002522875590661111,0.007565346229419562,64.28571428571429,66.19954191090119,0.050878902737420115,0.7888636292898097
2003-01-02,38.320533752441406,-0.02585530173666506,0.006109032536445843,64.28571428571429,47.02314199388981,0.0476806820205784,0.4422911940202596
2003-01-03,38.40938186645508,0.0023185510564036615,0.004914669384640882,64.28571428571429,48.4285317953365,0.04555518827858369,0.6542099227960472
2003-01-06,38.30721664428711,-0.0026599027946657694,0.0037317187437757387,64.28571428571429,46.88820194091971,0.04416545483154633,0.767974750127502
2003-01-07,38.44487380981445,0.003593504764535682,0.0030278901292393047,64.28571428571429,49.23129190937709,0.0427706904119209,0.80533811126816
2003-01-08,38.63589859008789,0.004968797172242745,0.0028347065370443155,64.28571428571429,52.37137793976541,0.04222715304448858,0.7815067786623686
2003-01-09,37.8941764831543,-0.01919774442942257,0.0011534767665746838,-42.85714285714286,41.609774296671056,0.04494948587996716,0.5128522077106135
2003-01-10,37.99185943603516,0.0025777827082293925,-1.4669457356156829e-05,-42.85714285714286,43.26329390844697,0.04677437474024886,0.38153773252713163
2003-01-13,38.05405807495117,0.0016371570078250741,-0.0007954911917490114,-42.85714285714286,44.34404973015662,0.04800317781866476,0.3182149883848788
2003-01-14,38.18730926513672,0.0035016289175544557,-0.001114963062286846,-42.85714285714286,46.68704348592157,0.048178064321186216,0.09256138136967308
2003-01-15,38.37385559082031,0.004885034564451551,-0.0009603494655776676,-42.85714285714286,49.86880670599106,0.046458151451237724,-0.05583750023047509
2003-01-16,38.42717742919922,0.0013895355980768631,-0.0007206683249764052,-42.85714285714286,50.773164133481174,0.0444702691957585,-0.020983373781883998
2003-01-17,38.61811065673828,0.004968702889793342,-0.00012871196680364026,-42.85714285714286,53.97491647506356,0.04388202545823543,-0.1688350269105794
2003-01-21,38.8401985168457,0.005750873264657619,0.000787974299079316,-42.85714285714286,57.44222669695228,0.04429635852823192,-0.006559093443787744
2003-01-22,39.03115463256836,0.004916455708634748,0.0018795744601673985,-42.85714285714286,60.21736777136996,0.045426831328143284,0.2690685490223152
2003-01-23,38.8401985168457,-0.004892402428784859,0.002337576716430605,-35.714285714285715,56.266089768764914,0.04573215729668309,0.3195287454093262
2003-01-24,39.071170806884766,0.0059467329946545355,0.003118370506193744,71.42857142857143,59.709797319230375,0.046622614610605406,0.07997824188959816
2003-01-27,38.92899703979492,-0.003638840714360936,0.0034275877708596515,71.42857142857143,56.747692425237005,0.04666744521137039,-0.1683239755660935
2003-01-28,38.92899703979492,0.0,0.003621868413359417,71.42857142857143,56.74769242523702,0.04412838430426815,0.33764462386537647
2003-01-29,38.7158088684082,-0.005476333519941146,0.0033140983316130683,71.42857142857143,52.240795567100484,0.03962822389112543,0.2586977034160204
2003-01-30,39.0045051574707,0.007456806340886635,0.0035876673656078774,71.42857142857143,57.198198730980124,0.03677595070225254,0.3831664048744519
2003-01-31,39.11112594604492,0.0027335506025205625,0.003987496381698058,64.28571428571429,58.89517335850842,0.03837557230390413,0.6302963812696012
2003-02-03,39.16814804077149,0.0014579507326184515,0.004372902121243895,57.142857142857146,59.81284337616738,0.04019228556148364,0.8045290106362872
2003-02-04,39.34202194213867,0.004439165752391228,0.004961668521007167,85.71428571428572,62.55777355581231,0.042417363736943735,0.8228521440412475
2003-02-05,39.00324630737305,-0.008611037715953507,0.00473540753652585,92.85714285714286,54.71589705228155,0.04259458280052815,0.2857156935150058
2003-02-06,39.3197021484375,0.008113576971787273,0.005076456620975921,92.85714285714286,59.786879652457884,0.0446654776402164,0.27332800802510293
2003-02-07,39.408878326416016,0.002267976945549144,0.005484151996810825,78.57142857142857,61.10854341400269,0.042188443067589544,0.6352119637013349
2003-02-10,39.13249969482422,-0.007013105760143912,0.005227283420982127,78.57142857142857,55.06778951149918,0.03782710978692728,0.611270021342928
2003-02-11,39.12359619140625,-0.00022752196990749596,0.0049190861968549,35.714285714285715,54.87958018416169,0.032759970247737275,0.7747866152543198
2003-02-12,39.2617416381836,0.0035310007316682324,0.004885057287146268,35.714285714285715,57.31715092669584,0.02843849884622018,1.0120798121978918
2003-02-13,39.47570037841797,0.00544954786280516,0.005222548074336861,78.57142857142857,60.845294118800375,0.02660375830465176,0.7611705478238555
2003-02-14,39.13694381713867,-0.008581394580259305,0.0048048686361445506,78.57142857142857,53.329078224907946,0.02243121846156583,-0.12897355320457288
2003-02-18,39.185977935791016,0.0012528857358267143,0.004481783950836217,78.57142857142857,54.2107981719984,0.019807022544283563,-0.15067704176726915
2003-02-19,39.453426361083984,0.0068251052897341236,0.004694702055000781,78.57142857142857,58.78453191485049,0.02027052269609178,-0.12259176782310163
2003-02-20,39.58712387084961,0.0033887426795837783,0.005084915941470584,71.42857142857143,60.887769553546974,0.022469786538528064,0.4692002426759759
2003-02-21,39.35536193847656,-0.005854477661200064,0.004906816628884454,64.28571428571429,55.59183525409828,0.021538805549476268,0.3969279987973725
2003-02-24,39.54254531860352,0.004756235768319961,0.005043328496388116,57.142857142857146,58.71513227175835,0.022737523439996674,0.26061396488616806
2003-02-25,39.72528839111328,0.004621429172992242,0.005454460209597723,35.714285714285715,61.55774463671146,0.024432145773713186,-0.16165528586594852
2003-02-26,40.00160598754883,0.006955710269868298,0.006244029444215056,42.85714285714286,65.43332424769905,0.02838441493479846,0.19476086625821304
2003-02-27,40.06850051879883,0.001672296139080487,0.006942792388485463,50.0,66.31861216544705,0.02967336658089498,0.9890646162221577
2003-02-28,40.32252502441406,0.006339755726472829,0.007875112593196353,57.142857142857146,69.51182611156297,0.03507630922127335,1.4612441204884072
2003-03-03,40.37175369262695,0.0012208726557447758,0.008636932891477682,64.28571428571429,70.10337061373507,0.039751284062240856,1.5552953335621271
2003-03-04,40.39859390258789,0.0006648264567670203,0.00918982256301952,64.28571428571429,70.44012334931946,0.04351848925585908,1.5005894659754542
2003-03-05,40.532806396484375,0.0033222070604761456,0.009755376671556992,78.57142857142857,72.13059657922618,0.04805286561466502,1.4861885506657821
2003-03-06,40.37621307373047,-0.003863372331590842,0.009840973031724072,85.71428571428572,67.29496475839181,0.048476047398553344,1.2519326574253358
2003-03-07,40.514923095703125,0.0034354391215283275,0.010005922584948456,92.85714285714286,69.26079332573156,0.05082318636205111,1.1534429282928478
2003-03-10,40.72515869140625,0.005189090331148227,0.010407465321314967,100.0,72.00717471044698,0.054346286631778866,1.229979979130012
2003-03-11,40.65361022949219,-0.0017568614638489022,0.010522267757240442,85.71428571428572,69.72405051574566,0.05480946238954502,1.1132021869264557
2003-03-12,40.80121612548828,0.003630818890692611,0.010728634392859296,92.85714285714286,71.71644721445014,0.05515009411636961,1.1590452648274177
2003-03-13,40.04964447021485,-0.018420324849188208,0.009503508071980865,92.85714285714286,52.699657472170415,0.05262113676511952,-0.01868526608142196
2003-03-14,40.2464485168457,0.004914002339701629,0.008627215243447969,85.71428571428572,55.99054290834209,0.05129647986497295,-0.19199641754619742
2003-03-17,39.76333236694336,-0.01200394488721479,0.007005265973984127,78.57142857142857,47.29213764429938,0.047346849947512745,-0.9903291516227543
2003-03-18,39.38750457763672,-0.00945161702843289,0.004864555642446436,-28.571428571428573,41.84586336466026,0.045603828758921994,-1.5907764382061371
2003-03-19,39.09671401977539,-0.007382812416769191,0.002509136826683716,-35.714285714285715,38.181953330548914,0.04867610891044199,-1.9790948056017401
2003-03-20,39.03406524658203,-0.001602405080940339,0.0004797234876859132,-42.85714285714286,37.42174391422594,0.05279511422015018,-2.0210330494871576
2003-03-21,38.4972038269043,-0.013753664044119596,-0.0022469570709176055,-50.0,31.61308032403029,0.061135770600922276,-2.5051296508056153
2003-03-24,39.105655670166016,0.01580509187102286,-0.003053809546816071,-50.0,42.50555982021596,0.06352026682196493,-2.3337409924314874
2003-03-25,39.0609016418457,-0.001144438766039091,-0.0037741621756374306,-50.0,41.97596346627278,0.06651163799891016,-2.0215208876099804
2003-03-26,39.14143371582031,0.002061705454549312,-0.004119828909768359,-50.0,43.34390433142898,0.0688635421344813,-1.6944562063759234
2003-03-27,39.16827392578125,0.000685723730914134,-0.004292139824692788,-50.0,43.81929242337466,0.07067169306200734,-1.4320422477516175
2003-03-28,39.25778198242188,0.00228521830730255,-0.004188571415087023,-50.0,45.46274006655565,0.07111190634900136,-1.4046956731237072
2003-03-31,39.77227783203125,0.013105576108190187,-0.0029828117204957756,-50.0,53.82428826477699,0.06997223542229149,-0.7578132085854218
2003-04-01,39.65903472900391,-0.0028472873368126095,-0.002280213987264534,-50.0,51.936804698229636,0.06858834599903914,-0.45463143213704055
2003-04-02,39.245697021484375,-0.010422283606848604,-0.0025551248091796467,-28.571428571428573,45.64498968587082,0.06697162174087042,-0.465080609704659
2003-04-03,39.22319030761719,-0.0005734823324673455,-0.0027699134935194026,-28.571428571428573,45.32302270791709,0.0657357181137951,-0.5002297357978097
2003-04-04,39.110877990722656,-0.0028634161579844664,-0.0031429006545581725,-28.571428571428573,43.66771526476575,0.06331966504798124,-0.4990853764802987
2003-04-07,39.02106094360352,-0.002296472279155637,-0.003584504700437241,-21.42857142857143,42.33607635333743,0.05819352050002426,-0.028047675903538006
2003-04-08,39.33551025390625,0.008058451069723471,-0.003215224768358871,50.0,48.28230647426175,0.05131571793063276,0.3119311685470213
2003-04-09,39.45232391357422,0.0029696744471838787,-0.0026668954474076134,50.0,50.33133351517094,0.039746730283946874,0.510589734369996
2003-04-10,39.26813507080078,-0.004668643681850715,-0.0025989201916910855,50.0,47.15866693338688,0.03608216196573741,0.5368218112954974
2003-04-11,39.20526885986328,-0.0016009472011887516,-0.0026381797312222026,-28.571428571428573,46.090747719933475,0.028429474115288945,0.8248320880242133
2003-04-14,39.09741973876953,-0.0027508833437477342,-0.0028629281086961127,-28.571428571428573,44.239882260614024,0.025813406121688323,0.9787065396699103
2003-04-15,39.30859756469727,0.005401323855608098,-0.002556004788706488,-28.571428571428573,48.59299381926759,0.025587464685639234,1.0483896094012048
2003-04-16,39.4703369140625,0.00411460493086846,-0.001962155722219235,-28.571428571428573,51.70291306784851,0.026109947993957397,1.0558674636388872
2003-04-17,39.53324508666992,0.001593808858140422,-0.0013534360559419377,-28.571428571428573,52.89650531910907,0.02657987652525161,0.9309328998926659
2003-04-21,39.447853088378906,-0.0021600047783532084,-0.0010380917883362317,-28.571428571428573,51.05215291684277,0.02027980637545408,0.9271873373414138
2003-04-22,39.4254150390625,-0.0005688028006527457,-0.0008227442536071869,-28.571428571428573,50.55336082084465,0.019969593317681156,0.6583608953142849
2003-04-23,39.50625228881836,0.0020503842426455865,-0.0004796389308960936,57.142857142857146,52.35926646752785,0.01951737764759905,0.5205285825034818
2003-04-24,39.86119842529297,0.00898455601102599,0.0005054978229888592,85.71428571428572,59.375195240910216,0.02218782069623273,0.4426708332388703
2003-04-25,39.951080322265625,0.002254871918643264,0.0014448396467200365,92.85714285714286,60.94372239079987,0.025094541315324296,0.45145017555771927
2003-04-28,39.888179779052734,-0.0015744391066649932,0.0020428368714767503,92.85714285714286,59.220506384572545,0.02693945351887568,0.3469788784651621
2003-04-29,39.82080078125,-0.0016891971049056709,0.0023555161175624756,64.28571428571429,57.34983396964027,0.0272657396960979,0.3537189046687963
2003-04-30,40.189186096191406,0.009251077520140205,0.0032785883087546085,85.71428571428572,64.03832284670071,0.03159057406200006,0.5923337559827371
2003-05-01,40.208641052246094,0.00048408435065394606,0.004018017818868626,92.85714285714286,64.35623235330809,0.03503447165379495,0.5269819592195799
2003-05-02,39.89242172241211,-0.00786446200514701,0.003956548051338895,92.85714285714286,55.73216164824084,0.03524694374076304,0.21352756854860194
2003-05-05,40.10474395751953,0.005322370163056256,0.004240353189660024,85.71428571428572,59.642691774156084,0.03567875325594838,0.14807923764926853
2003-05-06,40.30348587036133,0.0049555711676481096,0.004802313793612654,78.57142857142857,62.94259355012273,0.03618108296635327,0.30581824745670255
2003-05-07,40.773223876953125,0.01165502180388911,0.006063328483286116,85.71428571428572,69.32657980956158,0.04267821204461725,0.6699438787378357
2003-05-08,40.87261199951172,0.0024375831270671,0.007202446480303667,92.85714285714286,70.48514646471344,0.048749379544181556,0.5540409615332897
2003-05-09,40.91322708129883,0.0009936991985635135,0.008095615039152074,92.85714285714286,70.96773529354797,0.05262080753231412,0.5846924424434293
2003-05-12,41.170711517333984,0.006293427685953645,0.009153170076572166,92.85714285714286,73.88318273408214,0.05698614598902133,0.9275961433272338
2003-05-13,41.26103973388672,0.002193992117787591,0.010070022764042088,100.0,74.83780161497612,0.05939303369489067,1.3397174281709123
2003-05-14,41.89339447021485,0.015325710171302243,0.011732057511938027,78.57142857142857,80.27375982639722,0.0680646009043847,2.2946688683339844
2003-05-15,42.024375915527344,0.0031265417130525996,0.013227665605692399,85.71428571428572,81.18067218597986,0.07586721911306818,2.320658902992377
2003-05-16,42.33151626586914,0.007308623713036866,0.0147525479138516,92.85714285714286,83.13831621848851,0.08431955014659388,2.7392333776210918
2003-05-19,42.186988830566406,-0.003414180451156268,0.015635355486351383,100.0,78.97520071824474,0.0880011323176457,2.1138797631472928
2003-05-20,42.81031036376953,0.014775207960599834,0.017036172043779857,78.57142857142857,82.94238267534233,0.09484525403203027,2.3135496623704364
2003-05-21,42.8057746887207,-0.00010594819356102292,0.018111360488016506,85.71428571428572,82.81992117938974,0.09894256280701912,1.6482952339103891
2003-05-22,43.185176849365234,0.00886334059840066,0.019282076541905942,92.85714285714286,84.83670434140443,0.10587800999686259,1.666943392892531
2003-05-23,43.2935905456543,0.0025104377056790472,0.020253646971944962,100.0,85.36537439011329,0.11137118903729457,1.331229715380454
2003-05-27,42.512168884277344,-0.018049361384173568,0.01973829695505468,92.85714285714286,67.18346529904866,0.10922026535714074,0.44416878897684503
2003-05-28,42.439903259277344,-0.0016998809257818825,0.01871412738884488,85.71428571428572,65.78794847449421,0.10475564181047485,0.3510231406339359
2003-05-29,42.81031036376953,0.008727802752736435,0.018209423117977495,71.42857142857143,69.30713534341086,0.10297900347878647,0.6139556922821856
2003-05-30,42.72896194458008,-0.001900206247004932,0.017615234328640973,71.42857142857143,67.66103486796072,0.09942913798987105,0.9459774953143371
2003-06-02,42.41508483886719,-0.007345769506874378,0.016456697008037608,64.28571428571429,61.58336619519468,0.09035075378176748,1.0009109758590535
2003-06-03,42.75529861450195,0.008021056115464997,0.01577268312546975,57.142857142857146,65.22914786855387,0.08201865097796995,0.9925960567680537
2003-06-04,42.882320404052734,0.0029709017049805997,0.015351013737420465,50.0,66.50715819652474,0.0736296563260061,1.0209167282911094
2003-06-05,42.546661376953125,-0.007827445528527988,0.014370381641827032,42.85714285714286,60.20937197467886,0.06683027134212602,0.40158532162584226
2003-06-06,42.70086669921875,0.0036243812622429594,0.013583323850557823,35.714285714285715,61.99011712342891,0.05958089516892331,0.29315206564494395
2003-06-09,42.98661422729492,0.006691843753171334,0.013297384677482163,21.42857142857143,65.10638473918239,0.05138796004808914,0.33629874685196154
2003-06-10,43.49923706054688,0.011925173509628628,0.01377953622145123,100.0,69.8775897899505,0.046847161657621164,0.6067576234436012
2003-06-11,43.44474029541016,-0.001252821171572882,0.014040683326959097,71.42857142857143,68.8005506449646,0.03998730970288688,0.34806489822373887
2003-06-12,43.78496551513672,0.007831217712734206,0.014582251372222663,78.57142857142857,71.73008464017985,0.041506356623546355,0.2976730880084479
2003-06-13,44.07978439331055,0.006733335854105071,0.01535956659155633,85.71428571428572,74.00764893857355,0.04538783202879512,0.41319870075240295
2003-06-16,43.66251373291016,-0.009466259105924912,0.015259254100067758,92.85714285714286,65.9135570463798,0.045995948100190906,-0.021485887113743645
2003-06-17,43.31776809692383,-0.00789568915100014,0.014375411104190838,92.85714285714286,60.06831396726601,0.04316740244475861,-0.4353016853410517
2003-06-18,42.7643928527832,-0.012774786616486011,0.01256542223183536,71.42857142857143,52.08399707083432,0.04328196633175241,-0.830385666166946
2003-06-19,42.682735443115234,-0.0019094719747121403,0.010726562095392486,71.42857142857143,51.00659158341091,0.04363497920353554,-0.803020259366495
2003-06-20,42.52400207519531,-0.0037189127236578745,0.008881148348828185,-28.571428571428573,48.889461953528354,0.04466339155008147,-0.6074293580546837
2003-06-23,42.77798080444336,0.00597259704763764,0.007732991732189204,-28.571428571428573,52.3009560155782,0.04440388540863586,-0.16705518717195791
2003-06-24,43.17261505126953,0.00922517237618603,0.007453773978718601,-28.571428571428573,57.09323454716696,0.04345917544685833,0.16134440396794095
2003-06-25,42.48316192626953,-0.01596968643621055,0.00602777779839001,-28.571428571428573,48.01671269026,0.0432244996324702,-0.10059707770790256
2003-06-26,41.91166305541992,-0.013452361946162505,0.003724051995737238,-57.142857142857146,42.049266040640056,0.04851261531867358,-0.5309812838052937
2003-06-27,41.76194381713867,-0.003572257156278291,0.0015328118409856802,-64.28571428571429,40.62485649215573,0.05418175086660995,-0.6474021777501499
2003-06-30,41.95698547363281,0.004670320360282032,0.0001599144619754933,-64.28571428571429,43.318571788981956,0.05676138080114781,-0.3970386562453777
2003-07-01,41.7489013671875,-0.004959462747295751,-0.0013141010548286787,-64.28571428571429,41.17247074261653,0.061340227828432174,-0.39763214881498005
2003-07-02,41.85366821289063,0.0025094515609331847,-0.002248778099969889,-85.71428571428572,42.71138354536183,0.06456017673807306,-0.2501808857226514
2003-07-03,41.25261306762695,-0.014360871362729455,-0.004163411806264042,-92.85714285714286,36.76865041567556,0.0717375406599867,-0.4667071035524843
2003-07-07,40.98850631713867,-0.0064021823309791115,-0.006140391424194847,-100.0,34.49733229324905,0.0801212066545926,-0.7524424179439935
2003-07-08,41.02492141723633,0.0008884222278289222,-0.007520760162418345,-100.0,35.09269352798354,0.08632309393604287,-0.7912458189567168
2003-07-09,41.15700149536133,0.003219508375938318,-0.008237461786833203,-57.142857142857146,37.31807458248715,0.08832384341372286,-0.7593551423043987
2003-07-10,41.143333435058594,-0.00033209562908209644,-0.00875341441233977,-57.142857142857146,37.17602889639872,0.0893272001507693,-0.7610239744197337
2003-07-11,41.339088439941406,0.004757879066648707,-0.008635122006764953,-57.142857142857146,40.65979155410831,0.08555863957902933,-0.48142688656313065
2003-07-14,40.86557769775391,-0.011454310195432194,-0.009499051491966141,-57.142857142857146,35.52772563436237,0.07931185089181843,-0.5371352667748627
2003-07-15,39.909366607666016,-0.023398937295347588,-0.012139920137805894,-92.85714285714286,27.875906430190167,0.08262162886574738,-1.6642203823555994
2003-07-16,40.13701629638672,0.00570416691797293,-0.013361069352757318,-100.0,31.65017391333817,0.08337569925975194,-1.770504308765028
2003-07-17,40.01410675048828,-0.0030622491963734344,-0.014508203527486531,-92.85714285714286,30.715598135384553,0.08686440460837246,-1.3371944091341132
2003-07-18,39.93214416503906,-0.002048342249904578,-0.015404419449022624,-71.42857142857143,30.07777704650526,0.08946559739222465,-1.0739174743314857
2003-07-21,39.08523941040039,-0.021208597042483457,-0.017980906741435876,-92.85714285714286,24.432223876478176,0.09855336612072028,-1.2682795365410708
2003-07-22,39.2764778137207,0.0048928548527560345,-0.019049578837891882,-100.0,27.730892422725944,0.10082111592526333,-0.6733985471968463
2003-07-23,39.40851974487305,0.003361857745457497,-0.019404942279583892,-92.85714285714286,30.002868338846568,0.09515367790809946,-0.6784968782431138
2003-07-24,39.06249237060547,-0.008780521991379686,-0.02039171964941347,-85.71428571428572,27.55786284608273,0.09562568734667953,-0.6530339166042874
2003-07-25,38.95774841308594,-0.0026814458362198756,-0.0210681737794172,-64.28571428571429,26.844715814948906,0.09867605115015711,-0.9202095071914461
2003-07-28,38.43413925170898,-0.013440436953001123,-0.022692276700859097,-71.42857142857143,23.56216353681814,0.10488761844434952,-1.3855605677157696
2003-07-29,37.91050720214844,-0.013624138845187095,-0.02490741279728793,-78.57142857142857,20.820313084527488,0.11174212113323156,-2.140942718250243
2003-07-30,38.33852005004883,0.011290084978766268,-0.024931394847932657,-78.57142857142857,28.177386205715727,0.11291656570164743,-2.118269873514684
2003-07-31,37.76934814453125,-0.014845954011123985,-0.026461057084288725,-92.85714285714286,24.868295684791065,0.11513672314716783,-1.7491744248762202
2003-08-01,37.74095153808594,-0.0007518426406685208,-0.027143985765046227,-92.85714285714286,24.712365593165853,0.1189382233684523,-1.187432083655593
2003-08-04,38.06575393676758,0.008606099884733043,-0.026440039939273567,-85.71428571428572,30.11038023255584,0.11968663592647256,-0.370985726765524
2003-08-05,37.52144241333008,-0.014299244521510768,-0.027299711447042168,-100.0,26.660586774095098,0.12198562811652067,-0.44328421382909455
2003-08-06,38.262451171875,0.019748941162285094,-0.02528682553541045,-92.85714285714286,37.20791070092966,0.1163831585966765,0.09175628253437386
2003-08-07,38.42253494262695,0.004183834695609345,-0.02340415986386646,-85.71428571428572,39.24085352876388,0.10798457018085914,0.6617498905944527
2003-08-08,38.26700210571289,-0.004047958760303172,-0.022157573037411837,-78.57142857142857,37.95512257020829,0.09467959355496497,0.27549762389793997
2003-08-11,38.07489776611328,-0.005020104242002499,-0.021361568494465688,-64.28571428571429,36.37002842473026,0.08385526689844973,0.0973312188204302
2003-08-12,37.89650344848633,-0.004685352505022999,-0.020878476549680103,-64.28571428571429,34.911929337633154,0.08115130151324516,-0.28197294175903503
2003-08-13,37.164642333984375,-0.019312101326097064,-0.022151630916287284,-92.85714285714286,29.658684719422112,0.07954476925212056,-0.823059222895367
2003-08-14,37.53057098388672,0.009846150182581725,-0.021576657394535386,-100.0,34.93076370224883,0.07356518754594937,-0.643133001104774
2003-08-15,37.507720947265625,-0.0006088379692092971,-0.02111092956601666,-85.71428571428572,34.75558905675952,0.06572638760133633,-0.5916379532809152
2003-08-18,37.68150329589844,0.004633242016414352,-0.020032744245406527,-85.71428571428572,37.329706401585376,0.06366133215913398,-0.48020553127078414
2003-08-19,38.262451171875,0.015417322165057978,-0.01753577221740582,-28.571428571428573,45.12410846886668,0.05796366215277575,-0.16628452435457464
2003-08-20,38.05661392211914,-0.005379614829986612,-0.016133857735652277,-28.571428571428573,43.07971096536835,0.04895794798895988,-0.04436911797208598
2003-08-21,37.965110778808594,-0.002404395291126127,-0.015005202620432674,-28.571428571428573,42.16516149718181,0.04244807761485917,0.029081168277074156
2003-08-22,38.13437271118164,0.0044583547604850615,-0.013503607127704587,-28.571428571428573,44.511783567774174,0.03577254775662528,0.05555824856977888
2003-08-25,37.83707427978516,-0.007796075043586703,-0.01294829186467135,-28.571428571428573,41.33906004943764,0.033892496553341964,0.02589650782691844
2003-08-26,38.13437271118164,0.007857331388735567,-0.011564863694122471,-28.571428571428573,45.520939631515915,0.034234601885690503,0.1883481743089546
2003-08-27,37.960567474365234,-0.004557705410096924,-0.010841265472600786,-28.571428571428573,43.5656046291223,0.03282603153943282,0.25466045239977825
2003-08-28,38.35390472412109,0.010361732606380958,-0.009187535366177618,-28.571428571428573,48.913724135619,0.03410409017929786,0.3388733214905841
2003-08-29,38.262451171875,-0.002384465229913646,-0.00808377445019954,78.57142857142857,47.779958777564296,0.034474464579826704,0.32447780578844776
2003-09-02,37.70283508300781,-0.014625725005264045,-0.008399246376145659,85.71428571428572,41.448856834380074,0.03492499960226995,0.10730235985588356
2003-09-03,37.76253509521485,0.0015834356242865333,-0.008317203293035652,85.71428571428572,42.32682009924266,0.033688785539683165,0.012411672246265494
2003-09-04,37.97390365600586,0.005597308556167135,-0.007679054093795519,85.71428571428572,45.445849151791855,0.03291527626994432,0.07092281273051738
2003-09-05,38.62633514404297,0.01718104869984627,-0.005660026754853075,100.0,53.758777477560706,0.03481716488398469,0.2695175975116675
2003-09-08,38.226600646972656,-0.01034875546902514,-0.0049924951497042035,100.0,48.84754618276335,0.034631627241473506,0.1886440766819492
2003-09-09,38.50228118896485,0.007211746200980196,-0.003763794865160711,21.42857142857143,52.09778846636234,0.036752455924432804,0.24064496052741796
2003-09-10,38.89284896850586,0.01014401660057862,-0.0019571893954624256,35.714285714285715,56.33124456737713,0.0421908962343488,0.5159777945753401
2003-09-11,38.64012145996094,-0.006498045662573393,-0.0010744105041665109,35.714285714285715,53.06330101242097,0.038866997905642894,0.6033373703778913
2003-09-12,38.90659332275391,0.00689624806353395,0.00018832801019564931,50.0,55.9640872604363,0.04038989786241014,0.4457890086952663
2003-09-15,38.84684753417969,-0.0015356211755318538,0.001048852486677846,50.0,55.14123793007917,0.03984929809844251,0.35740756426891623
2003-09-16,38.787139892578125,-0.0015370009509531046,0.001590708067490436,50.0,54.28227146174483,0.039337627794954165,0.42911901839879957
2003-09-17,39.26954650878906,0.012437282499998092,0.0029512879797233575,71.42857142857143,59.739220515656555,0.045117662439871586,0.7496375076249877
2003-09-18,39.29712677001953,0.0007023320532693056,0.004052126968868008,78.57142857142857,60.03294302340901,0.04937420717868523,1.0059539761098348
2003-09-19,39.34303665161133,0.0011682757841426916,0.00495745652230911,85.71428571428572,60.54889197527294,0.05244107706668821,0.8873497366429625
2003-09-22,39.03065490722656,-0.0079399500132884,0.005020445480513479,85.71428571428572,55.31624525166294,0.05317747089042826,0.9909597590071733
2003-09-23,39.29712677001953,0.006827245492712297,0.005488648013579282,85.71428571428572,58.60276989872668,0.05326509988361532,1.1822538710692547
2003-09-24,39.63712692260742,0.008652035925621027,0.0064539479478140154,100.0,62.402546804629225,0.056921152877698174,1.4019275012928016
2003-09-25,39.83467483520508,0.00498391099292772,0.007533604475379097,85.71428571428572,64.44461489444348,0.059943342280991414,1.7524952334967434
2003-09-26,40.19306564331055,0.00899695578257198,0.008955842955749797,92.85714285714286,67.85564539507139,0.06699424055603664,2.407865220864055
2003-09-29,39.87142562866211,-0.008002375770557069,0.009458022054490298,92.85714285714286,62.097868855566695,0.0690438215583049,2.2370677825678955
2003-09-30,40.53305816650391,0.01659415301584244,0.010831097579699172,92.85714285714286,68.0951800363307,0.07123180746205182,2.485441784067998
2003-10-01,40.37942123413086,-0.003790410576520964,0.011646170184603817,100.0,65.50327306057085,0.06967630987634948,2.2637808353545417
2003-10-02,40.19486999511719,-0.004570428039163632,0.011809132747624781,78.57142857142857,62.42931708218262,0.06651118747412588,2.0732535649753916
2003-10-03,39.350528717041016,-0.02100619502386103,0.010301015932029494,78.57142857142857,50.705359284450665,0.06447734714893363,1.4408398324447218
2003-10-06,39.52130126953125,0.004339777839281744,0.009110186260578936,78.57142857142857,52.64249139716615,0.05885175286068762,1.184996686967605
2003-10-07,39.06449508666992,-0.011558480317891306,0.007270242458495403,50.0,47.28920880199767,0.055537941511240634,0.7798580801400654
2003-10-08,39.05531692504883,-0.0002349489376665126,0.005644958539385132,50.0,47.18538435104602,0.05480823977319678,0.5287431236357154
2003-10-09,38.778446197509766,-0.007089194233666163,0.003767105311477849,-42.85714285714286,44.04393722500088,0.05382131180701819,0.6869755584270749
2003-10-10,39.00915145874024,0.005949316794577886,0.0026799909133407105,-42.85714285714286,47.198462191073105,0.053318385183103674,0.7195051024974688
2003-10-13,38.85689926147461,-0.0039029866472913843,0.0015097201369913178,-42.85714285714286,45.38025043251947,0.05325830424187645,0.6357656998042557
2003-10-14,38.58928680419922,-0.0068871284729793425,1.8133619314043588e-05,-64.28571428571429,42.296041590120524,0.05472541239421977,0.46535368694066315
2003-10-15,38.40010833740234,-0.004902357168629967,-0.001557604899956882,-71.42857142857143,40.21529948304873,0.059478764630227325,0.4691592988825839
2003-10-16,38.24786376953125,-0.003964691102779971,-0.0031030516761479123,-78.57142857142857,38.57080644760888,0.06489689212211376,0.2790659316296825
2003-10-17,38.54312133789063,0.007719583246230455,-0.0036298238969027885,-78.57142857142857,43.404371159989,0.06744085029557059,0.2540796373230076
2003-10-20,38.672325134277344,0.003352188196021677,-0.003739847781993917,-78.57142857142857,45.42795800491021,0.06872240495201974,0.2318817101157222
2003-10-21,38.815338134765625,0.003698070907081741,-0.003485040118399087,-78.57142857142857,47.65879383520888,0.06960668612331786,0.21105068419225845
2003-10-22,39.19371032714844,0.009748007116906043,-0.00245493512212773,-71.42857142857143,53.1191532507162,0.0691513801275688,0.4476575831834454
2003-10-23,38.90760803222656,-0.0072996991745305495,-0.0022449554596266374,-64.28571428571429,48.959992909638125,0.06825699484949252,0.346856296303251
2003-10-24,39.3413200378418,0.011147228718249691,-0.0011387826974754134,-57.142857142857146,54.7447871679719,0.06445327625932633,0.43885391316356986
2003-10-27,39.26290512084961,-0.001993194862723535,-0.00043841104139409924,42.85714285714286,53.562774362242884,0.06241936293742399,0.4550117505447745
2003-10-28,39.47050476074219,0.005287424332295121,0.0005360457594337734,57.142857142857146,56.25563640506073,0.05397610745811402,0.999865977821968
2003-10-29,39.11528396606445,-0.008999651684997945,0.0005788824943045129,57.142857142857146,50.82465011807189,0.04469842179913729,0.9704520923624099
2003-10-30,38.93991470336914,-0.004483394850142486,0.0002454839690220766,57.142857142857146,48.34329626439848,0.03518532158275858,1.060465280051824
2003-10-31,39.304420471191406,0.009360723324612907,0.0007194242382762851,57.142857142857146,53.43232043636653,0.03492957271941011,1.3165519215139445
2003-11-03,39.11818313598633,-0.004738330522939038,0.0007097063968090438,57.142857142857146,50.68485006778922,0.032582663210084434,1.480188440947961
2003-11-04,39.34055709838867,0.005684670007022108,0.001138328327359286,57.142857142857146,53.743327232735126,0.0337189229255255,1.4982251094746206
2003-11-05,39.07183837890625,-0.006830577381260028,0.0009257478806163443,57.142857142857146,49.72967982637068,0.033747923270128426,1.3246870346296755
2003-11-06,38.70586395263672,-0.00936670608432677,-4.7333112335455354e-06,50.0,44.820297006754785,0.033982766994139886,0.862134622902106
2003-11-07,38.68270111083984,-0.0005984323673856595,-0.0007887569812374849,-57.142857142857146,44.52072635639938,0.034456318378889586,0.8186258230220688
2003-11-10,38.65028381347656,-0.0008380308621775967,-0.001462106391303025,-57.142857142857146,44.07670556569136,0.03500031737584418,0.6517749422370298
2003-11-11,38.654911041259766,0.00011972040892471725,-0.0019626935323604163,-57.142857142857146,44.1623101975333,0.03470082941580612,0.5639590879396185
2003-11-12,38.9375114440918,0.007310853788549343,-0.0017367624553365215,-57.142857142857146,49.26980174641495,0.032425266654154,0.5352167377896256
2003-11-13,39.539737701416016,0.01546648039356402,-0.0003124927663768543,28.571428571428573,58.07141053354902,0.030485347277687768,0.8709378392155628
2003-11-14,39.80379486083984,0.006678272916675443,0.0013102140935652862,35.714285714285715,61.246320325470116,0.03310826167759021,1.1765972761929926
2003-11-17,39.86406707763672,0.0015142329269759447,0.002681742935499414,42.85714285714286,61.954475791295,0.03597861659806928,0.9420319476329387
2003-11-18,40.10956954956055,0.006158490337819789,0.004192748022523925,50.0,64.77776858826918,0.04106666006467555,1.0386829398711037
2003-11-19,39.664798736572266,-0.011088895193420378,0.00450705765561722,57.142857142857146,56.585196522669946,0.04231582768985898,0.7637000089115231
2003-11-20,40.0493392944336,0.009694756310631991,0.005386266939916047,57.142857142857146,61.15897874763589,0.045305218900694104,0.7720957538592768
2003-11-21,40.07250595092773,0.0005784529009034145,0.006090250766804751,71.42857142857143,61.422657925233594,0.04854842911438046,0.42424593095818414
2003-11-24,39.74360656738281,-0.008207607079719015,0.005969094239049589,71.42857142857143,55.646881064349216,0.04939826340591335,0.004663477087348825
2003-11-25,39.9613151550293,0.005477826660682528,0.006169840259494961,71.42857142857143,58.43316843727975,0.0511900132089262,-0.15104694689647835
2003-11-26,39.79922103881836,-0.004056275815300325,0.005982977646925752,71.42857142857143,55.63099542199515,0.051650579986993884,-0.1747543766316028
2003-11-28,39.43781661987305,-0.009080690765098542,0.005070362466456631,71.42857142857143,49.88676629070987,0.050492205090364804,-0.3224681671175818
2003-12-01,39.21809005737305,-0.00557146874072334,0.003831512193845113,64.28571428571429,46.72767018307633,0.050640271054157054,-0.26567812853548667
2003-12-02,39.385684967041016,0.004273408251722399,0.0031225371406104893,57.142857142857146,49.36169343443103,0.050142268791609754,0.05174991191294267
2003-12-03,39.2274055480957,-0.004018704234235448,0.0022326536103013245,50.0,46.99823603559631,0.05032083340613863,0.006303681548351941
2003-12-04,39.315860748291016,0.002254933737253051,0.001676237860038574,-35.714285714285715,48.48278229142991,0.04969978343452468,0.008784944009165092
2003-12-05,39.944374084472656,0.01598625400078424,0.002461046506729764,-35.714285714285715,57.57553871572685,0.04770324588698625,0.12480170630609834
2003-12-08,39.66500854492188,-0.006993864491654955,0.0025283107804153853,-35.714285714285715,53.0901495855255,0.043754601509956616,0.030988119166610328
2003-12-09,39.385684967041016,-0.007042065239051265,0.0019908774089209768,-35.714285714285715,48.981373091506775,0.038678315963156906,-0.2835591010161099
2003-12-10,39.45087432861328,0.0016551536840558878,0.0016623585612612368,-35.714285714285715,49.95482520823928,0.03228167326052011,-0.5023677313456021
2003-12-11,39.73486328125,0.007198546482675594,0.001948819548404624,-35.714285714285715,54.066552231079655,0.02804660859814136,-0.30874926624868326
2003-12-12,39.80936050415039,0.0018748579143983424,0.002305593186900211,-35.714285714285715,55.10850833000034,0.02803281770392155,-0.37228319210689587
2003-12-15,39.786075592041016,-0.0005849104787037929,0.0025165118106732992,28.571428571428573,54.69091384037613,0.027997062291892708,-0.43664241065681464
2003-12-16,39.91642761230469,0.0032763226411238744,0.0029038711129623727,28.571428571428573,56.67038326517579,0.02819183031357943,-0.2882012349223098
2003-12-17,40.18646240234375,0.0067650039392759265,0.003695363073880496,85.71428571428572,60.51846397726377,0.02882232830809508,-0.32266237724360824
2003-12-18,40.54957962036133,0.009035809481861667,0.00496459932434462,92.85714285714286,65.01752297440203,0.034426550936062325,0.057532173771196606
2003-12-19,40.535587310791016,-0.00034506669862699457,0.005902875214451591,92.85714285714286,64.71151239324806,0.03812664653951714,0.45672047417052036
2003-12-22,40.42389297485352,-0.002755463614752096,0.006367115060259019,92.85714285714286,62.19506208838177,0.040299588597984645,0.464161052332049
2003-12-23,39.967655181884766,-0.011286339820179347,0.005810744691928788,92.85714285714286,53.10999998693294,0.04050176633997629,0.1889716801073323
2003-12-24,40.34471130371094,0.009434031596556425,0.0059481357105520116,85.71428571428572,58.50473326143884,0.042161173022570095,0.131221402720824
2003-12-26,40.49375534057617,0.003694264552873916,0.0063019590522158265,64.28571428571429,60.44211881938606,0.04474309157860198,0.10327508386062914
2003-12-29,40.13056564331055,-0.008969029772886938,0.005861601312959615,64.28571428571429,53.8448352925625,0.044138565084095464,-0.008988032271713358
2003-12-30,39.967655181884766,-0.004059510719927717,0.00510198400232724,64.28571428571429,51.14800094984082,0.041461882445509975,-0.07255369943551153
2003-12-31,39.967655181884766,0.0,0.004429980987904776,50.0,51.14800094984082,0.03963919598610167,-0.08385068205692642
2004-01-02,39.495243072509766,-0.011819860515337899,0.002944912383538575,50.0,43.77451329177106,0.03759012079387849,-0.22070908020528202
2004-01-05,39.3923225402832,-0.002605896918715267,0.0015023591474975133,-57.142857142857146,42.342374248097855,0.036968442393976265,-0.13748825135572434
2004-01-06,39.82732391357422,0.011042795784538484,0.0012164779768158436,-57.142857142857146,49.815566769102915,0.037082566899866484,0.08756449361277284
2004-01-07,39.9863395690918,0.0039926271687911186,0.001304780763876723,-57.142857142857146,52.25191473536023,0.03648173798268856,0.24196348574397883
2004-01-08,39.97233581542969,-0.0003502134432162851,0.0013354151528316377,-57.142857142857146,52.012436114021234,0.03392686514527024,0.34695031032168927
2004-01-09,40.66926193237305,0.01743521119609781,0.002687820256895864,28.571428571428573,61.47544295921552,0.03445618570352411,0.9927574993296876
2004-01-12,40.63648223876953,-0.0008060066016940537,0.003673359662699922,35.714285714285715,60.867464079911024,0.03576304724332859,1.034674981174267
2004-01-13,40.912479400634766,0.006791856643583172,0.00491039540874687,42.85714285714286,64.08788213774223,0.03908521586756392,1.1950510581562996
2004-01-14,41.11356735229492,0.004915076148062525,0.006204628681352715,50.0,66.26612645995179,0.043151029638790014,1.7248901768209384
2004-01-15,41.26796340942383,0.0037553553990077315,0.007438376529503549,57.142857142857146,67.87719449019548,0.04796442734293709,2.2813109124251207
2004-01-16,40.977935791015625,-0.00702791207627107,0.007832824653474596,64.28571428571429,61.897128162038776,0.0500655589971983,2.0413113131755702
2004-01-20,40.96860122680664,-0.00022779488592572505,0.00799500473527296,64.28571428571429,61.70869045027455,0.05172668337857576,1.5324548134259788
2004-01-21,41.06682586669922,0.002397559031825258,0.008201154997311286,64.28571428571429,62.9856539521912,0.053843175353358246,1.5072997732921725
2004-01-22,41.36618423461914,0.007289542388584591,0.008801533218736878,64.28571428571429,66.63734866288,0.05784930346681703,1.5459736460622877
2004-01-23,40.870391845703125,-0.011985451355725707,0.00836223270812479,92.85714285714286,56.666269958445206,0.057557044439923426,0.9635920065341739
2004-01-26,40.62247085571289,-0.006066029191161282,0.007400092975554882,92.85714285714286,52.44064827678058,0.05754970917257189,0.47996566064663626
2004-01-27,40.87501525878906,0.00621686465043414,0.006974535940648716,85.71428571428572,56.03700215466698,0.05813213340620904,0.5265767683126773
2004-01-28,40.51486587524414,-0.00881099080366654,0.005946989629461356,78.57142857142857,50.20637862175186,0.05748513330579781,0.25941514552527667
2004-01-29,40.43070602416992,-0.002077258538467519,0.0048699944280206665,71.42857142857143,48.92528623953778,0.05611930374623981,0.33408127193216247
2004-01-30,40.71132278442383,0.006940684144524978,0.004483551387997493,-21.42857142857143,53.21222496745851,0.054593807675671235,0.4389792830320034
2004-02-02,40.625858306884766,-0.0020992802909307606,0.003996914510064804,-21.42857142857143,51.78656754160379,0.048662657784221394,0.3628605012302998
2004-02-03,40.83250427246094,0.005086562455251631,0.003948389584976448,-21.42857142857143,54.93076573325564,0.039693772727203126,0.4302348373094353
2004-02-04,40.752685546875,-0.0019547839890822205,0.0037325826835870285,-21.42857142857143,53.48000483375094,0.03427726405701185,0.5774785767627258
2004-02-05,40.59299850463867,-0.003918442185918081,0.0032149229498854744,-21.42857142857143,50.600708541900254,0.02984462429759488,0.3203698991321171
2004-02-06,41.03919982910156,0.010992075995861716,0.003598513293374811,-21.42857142857143,57.48805263583887,0.023900323125527922,0.43639514715735983
2004-02-09,41.16128540039063,0.0029748526237711737,0.004110506339315128,-21.42857142857143,59.16560228925128,0.024476646029878854,0.5696260042414696
2004-02-10,40.93115997314453,-0.005590822176897214,0.004049809636214861,-21.42857142857143,54.77773572535426,0.02394034963566605,0.5169458821699705
2004-02-11,41.2364387512207,0.007458346606264543,0.004499406874212972,-21.42857142857143,59.1100268939776,0.025098018631982296,0.647319103633102
2004-02-12,41.06269073486328,-0.004213458330037723,0.004506742369177403,-21.42857142857143,55.83168679010008,0.024913207121256026,0.5961265230817426
2004-02-13,41.2364387512207,0.0042312866801470506,0.0047635970267490835,71.42857142857143,58.32108264547613,0.024696738380064625,0.48198119902952996
2004-02-17,41.2082405090332,-0.0006838185605120284,0.004874211271273202,71.42857142857143,57.75217942666557,0.02553840523929296,0.44611527157670317
2004-02-18,41.2645378112793,0.0013661661248010049,0.0050049187799128605,71.42857142857143,58.62004616993863,0.026634384151489752,0.25230817826992386
2004-02-19,41.30684280395508,0.0010252142619229243,0.005132020922663807,64.28571428571429,59.29670082212125,0.027726150794629444,0.44059994946142145
2004-02-20,41.020355224609375,-0.0069355961361025065,0.004656160108844739,28.571428571428573,52.978731888665735,0.026080693754954178,0.2286549038956263
2004-02-23,41.27397155761719,0.006182694704107705,0.004666546111658101,28.571428571428573,57.31465756941735,0.02713469442876807,0.3366319752275303
2004-02-24,41.34913635253906,0.0018211185423953058,0.004780487669820742,85.71428571428572,58.53502563579036,0.02752463587859907,0.23161012970661832
2004-02-25,41.41489028930664,0.0015902130629033007,0.004940923247243577,85.71428571428572,59.62255956813518,0.0289638806828495,0.14295774707026204
2004-02-26,41.283390045166016,-0.0031751923818226224,0.004778140155497601,85.71428571428572,56.43471433260731,0.02740234389127342,0.2168227516579719
2004-02-27,41.64034271240234,0.008646399117073322,0.005228355973771466,78.57142857142857,62.32350202345568,0.02669535533849747,0.492300848286961
2004-03-01,41.62429428100586,-0.00038540584325441607,0.005524982314055592,85.71428571428572,61.918263484674874,0.027427807754466033,0.49678066181973624
2004-03-02,41.3602294921875,-0.006344006388088075,0.0052198801333387425,85.71428571428572,55.521204443668296,0.025187546176780942,0.37768023843455134
2004-03-03,41.28477478027344,-0.0018243301074601925,0.004756865072509833,85.71428571428572,53.81044583100867,0.024027973216386805,0.5099172115770436
2004-03-04,41.46868896484375,0.004454770204007197,0.004666996078395282,42.85714285714286,57.26673062513336,0.022419586236596054,0.7102584846924783
2004-03-05,42.270320892333984,0.019331016906993126,0.005986284022689701,71.42857142857143,68.37489295910017,0.027186018859104284,0.07395022478625429
2004-03-08,42.5202522277832,0.0059126907525923755,0.007448663388489361,78.57142857142857,70.91351327751819,0.03630970149630325,-0.1279573199597594
2004-03-09,42.803184509277344,0.006654059340439833,0.009007954006543877,85.71428571428572,73.50623497983001,0.04632274972339736,0.058092800318848586
2004-03-10,42.774898529052734,-0.0006608382191394258,0.010119512011689391,92.85714285714286,72.80749731553324,0.05194031703367032,0.1346931798416484
2004-03-11,42.83618927001953,0.0014328670101968477,0.010968987438675231,100.0,73.39758873574817,0.057586367084122854,0.44917778684388654
2004-03-12,42.57212066650391,-0.006164614733842222,0.011097520033365381,92.85714285714286,66.6833874915379,0.059023915845520136,0.3980520933845779
2004-03-15,42.64284896850586,0.0016613760577257608,0.011132484003657494,42.85714285714286,67.5398805004366,0.06084789184180806,0.3270177707614934
2004-03-16,42.99651718139648,0.00829372852531085,0.011612727779850885,64.28571428571429,71.48710460885152,0.06413640336127963,0.7999228667233493
2004-03-17,42.92580795288086,-0.0016445338634593076,0.011816636487196188,71.42857142857143,69.66316838917567,0.06596300688965888,0.47422123191529103
2004-03-18,42.699466705322266,-0.005272847695890648,0.011466579905355339,71.42857142857143,64.03137089725291,0.06585265857156399,-0.05134158109526527
2004-03-19,42.64284896850586,-0.0013259588745484496,0.010921277397836476,71.42857142857143,62.66661946769635,0.06291562633655408,-0.24187574216396118
2004-03-22,42.90220642089844,0.006082085476609045,0.01077729133857067,71.42857142857143,66.2185906357174,0.06195198233967199,0.04494275659735818
2004-03-23,42.977657318115234,0.0017586717213695646,0.010714839726856112,71.42857142857143,67.1963776793706,0.06090721695630782,0.35592484168494043
2004-03-24,42.95408630371094,-0.0005484480978064088,0.01052064685779158,64.28571428571429,66.54833699921234,0.05924107384849429,0.460124200061389
2004-03-25,42.78904724121094,-0.003842220303164501,0.009975828815391228,57.142857142857146,62.03704761908567,0.0549077228086828,0.40488457302968145
2004-03-26,42.336334228515625,-0.010580114348965775,0.008651031273228079,-50.0,51.686535958985615,0.052190412238433175,0.01662234328984438
2004-03-29,42.05339431762695,-0.006683146192144718,0.006944201349970812,-57.142857142857146,46.46830338349181,0.04977294075674028,0.43131582434974614
2004-03-30,42.02513122558594,-0.0006720763567275023,0.005432240906552874,-57.142857142857146,45.96904924873338,0.0446575333396028,0.3170565850928328
2004-03-31,42.22788619995117,0.004824612522370764,0.004545033019202246,-57.142857142857146,50.110130489673544,0.03648605989288375,0.5604369315310557
2004-04-01,42.08963394165039,-0.003273956400425826,0.0035690816834827895,-78.57142857142857,47.440181974943194,0.029788666734694602,0.7658644632833181
2004-04-02,41.04819107055664,-0.02474345280687218,0.0007979857811143173,-85.71428571428572,33.12306045390081,0.043307363654623766,0.6189039060679732
2004-04-05,40.726261138916016,-0.007842731268894898,-0.0020952029832265466,-92.85714285714286,30.099116724836385,0.05721557493281982,0.30025406938848204
2004-04-06,40.948760986328125,0.005463301594348824,-0.003885962300082823,-92.85714285714286,34.546735966891916,0.06451756203796741,0.6202982032097805
2004-04-07,40.85408401489258,-0.002312083910601337,-0.005450656006960281,-57.142857142857146,33.567990850621236,0.07095650076245894,0.5452639180144216
2004-04-08,40.73575210571289,-0.0028964523873928893,-0.006858305096772435,-57.142857142857146,32.3349513297612,0.07656107695531747,0.29149658945850565
2004-04-12,40.58897018432617,-0.003603270193853425,-0.008187543931455064,-85.71428571428572,30.822521637791993,0.08267465896695135,0.17010096387834545
2004-04-13,40.148712158203125,-0.010846740484513617,-0.010090954510675487,-92.85714285714286,26.77692093056659,0.09076190595395674,-0.20224333536577274
2004-04-14,40.11562728881836,-0.0008240580483477311,-0.011472082431365011,-100.0,26.495476018090493,0.09539816795869087,0.30567851367399546
2004-04-15,39.87886047363281,-0.005902109257345245,-0.012964246266036365,-92.85714285714286,24.51005276534639,0.1002099614800724,0.2302458092783958
2004-04-16,40.03035736083984,0.0037989271861764706,-0.013577587509090177,-85.71428571428572,28.21662778567775,0.10303500575173388,0.09054768785792995
2004-04-19,39.94516754150391,-0.0021281303728569734,-0.014141696265898661,-64.28571428571429,27.401862664606156,0.1050918609854027,-0.10657738411088735
2004-04-20,39.58064270019531,-0.009125630551676922,-0.015267108689944315,-92.85714285714286,24.183921103029615,0.10617120808513308,-0.6078325932153733
2004-04-21,39.774749755859375,0.004904090545833961,-0.015406055516305977,-92.85714285714286,28.967511373344706,0.10290338719975205,-0.7593926379969511
2004-04-22,40.01142501831055,0.00595038972976325,-0.014834775314993595,-85.71428571428572,34.40224033945001,0.09601643321870025,-0.5619905020379313
2004-04-23,39.78422546386719,-0.005678366974917415,-0.014826698394247866,-78.57142857142857,31.880581198867265,0.08908918470051377,-0.4402872449354172
2004-04-26,39.85044479370117,0.0016644619585248766,-0.014428237470434408,-57.142857142857146,33.41256416474701,0.08364474212806813,-0.34135514889473767
2004-04-27,40.001983642578125,0.0038026890204474473,-0.013615806396961905,-57.142857142857146,36.90937178930579,0.0782056805976936,-0.05254972324435784
2004-04-28,39.62797927856445,-0.009349645441472099,-0.01374126043195708,-100.0,32.388632791677395,0.07271388089252186,-0.17506857345583535
2004-04-29,39.43390655517578,-0.004897366126706548,-0.014041715461429374,-100.0,30.313788498116125,0.06275942094206467,-0.5369009877194652
2004-04-30,39.594852447509766,0.004081408777210305,-0.013682683802694925,-92.85714285714286,34.084969953424036,0.04860881444038218,-0.5666226527635112
2004-05-03,39.64474105834961,0.0012599771878423205,-0.013173072867693128,-85.71428571428572,35.25459252467517,0.044998305398322676,-0.4519532918185556
2004-05-04,39.37385940551758,-0.00683272599594853,-0.01327292560273234,-57.142857142857146,31.94049149279752,0.04477335636659348,-1.0538800743636414
2004-05-05,39.26456069946289,-0.0027759205651902708,-0.013387498742150868,-85.71428571428572,30.686991125751646,0.041894266850397495,-1.5297303658378383
2004-05-06,39.15999221801758,-0.002663177164917152,-0.013544270710915896,-92.85714285714286,29.494396496939075,0.03908843566296159,-2.0467826722253952
2004-05-07,38.64675521850586,-0.013106156831041882,-0.014723209091558557,-100.0,24.46817177873847,0.04139555006301575,-2.0165517571532
2004-05-10,38.55644607543945,-0.002336784616348897,-0.015560941264331815,-78.57142857142857,23.702752124740297,0.04391177306765663,-2.0529300077381536
2004-05-11,38.73232269287109,0.004561536016247869,-0.015577990096601858,-78.57142857142857,28.400291300525144,0.046321874013440754,-1.7922115473713316
2004-05-12,38.47566223144531,-0.006626518720836083,-0.01610450848824767,-100.0,25.89471189374908,0.05014753494539535,-1.8520404442667202
2004-05-13,38.328346252441406,-0.0038288094462870514,-0.016621151028085673,-85.71428571428572,24.555615706932794,0.05519087276110352,-1.8262067170287253
2004-05-14,38.64196395874024,0.00818239598007331,-0.01600433689874709,-85.71428571428572,32.552189468408095,0.05554821416634181,-0.8936420441197735
2004-05-17,38.984169006347656,0.008855788178178559,-0.014608565931717705,-85.71428571428572,40.02245799015398,0.05409702500542718,-0.19130749185342155
2004-05-18,38.83209228515625,-0.003900986607323742,-0.013823717829258526,-78.57142857142857,38.00779660405901,0.054495001840039074,0.09672925351586485
2004-05-19,38.70377349853516,-0.0033044520413374467,-0.013314048314760423,-50.0,36.34530738167549,0.05426168389789805,0.2805190282943239
2004-05-20,39.003196716308594,0.007736279714037675,-0.012016993915335478,-50.0,42.64915725141359,0.05082490038352458,0.6544139489713354
2004-05-21,38.846336364746094,-0.004021730646937227,-0.011310225332237708,-50.0,40.39238699605404,0.04885043232668402,0.5455929422403066
2004-05-24,38.96989440917969,0.003180687189480391,-0.010303079315542798,-50.0,42.95304674754508,0.04550816333191988,0.4956010921471159
2004-05-25,39.083961486816406,0.0029270563691814466,-0.009164364427039651,-42.85714285714286,45.28969454667314,0.03961015270739089,0.5066288068419232
2004-05-26,39.29307174682617,0.005350283135457046,-0.0077232059990297855,64.28571428571429,49.38284966507646,0.03746008056752854,0.5718801292245663
2004-05-27,39.60197448730469,0.007861506539087681,-0.005871006744220006,71.42857142857143,54.76653893530179,0.038695555400605916,0.7326354028901457
2004-05-28,39.49265670776367,-0.002760412352067476,-0.004633139122379037,78.57142857142857,52.633030356011,0.037914952471481904,0.7286114027153787
2004-06-01,39.13103485107422,-0.009156685997738001,-0.004368214295376181,78.57142857142857,46.21877712484545,0.034821521523731885,0.6451010519444321
2004-06-02,39.030879974365234,-0.002559474266145889,-0.0042924874866464525,78.57142857142857,44.59770495957299,0.033486911157707334,0.4051196847393487
2004-06-03,39.11194610595703,0.0020769742225910104,-0.0040014626446680775,78.57142857142857,46.2412627864665,0.03287908254232523,0.45430721382175976
2004-06-04,38.88297653198242,-0.005854210714913433,-0.0042265673058000395,71.42857142857143,42.41399035963534,0.03245600660507027,0.32836263165250956
2004-06-07,38.892486572265625,0.00024458107715541466,-0.004315737744034295,50.0,42.62639358373354,0.031824154387313335,0.3049542883859266
2004-06-08,38.96405792236328,0.001840235901725329,-0.004182731479642034,50.0,44.29174246708461,0.030569076142665418,0.5559621681166631
2004-06-09,38.79707717895508,-0.004285507011125844,-0.004397779273855869,50.0,41.281119239861326,0.03035688562994261,0.6497619358990966
2004-06-10,38.87343215942383,0.0019680601225848804,-0.004336511759540372,-50.0,43.18293355506525,0.0282772398331537,0.6789345183495381
2004-06-14,38.56330490112305,-0.007977871802750003,-0.004921533736666375,-64.28571428571429,37.824360132160685,0.02583028822552427,0.48641074575649224
2004-06-15,39.3791389465332,0.02115570871070216,-0.0035340744857162605,-64.28571428571429,53.99669280981979,0.025912343776632325,0.6588112603469262
2004-06-16,39.22645950317383,-0.003877165612144906,-0.002806815803416612,-64.28571428571429,51.3070602055276,0.02628158538328598,0.7153647957341093
2004-06-17,39.48408889770508,0.006567745287091364,-0.0016594411246943943,-64.28571428571429,55.34871562316004,0.027627079473658767,0.8866260636159656
2004-06-18,39.398216247558594,-0.002174867207116349,-0.0009314580247181424,-64.28571428571429,53.74733574920807,0.027165274365917428,0.880616923728201
2004-06-21,39.42684555053711,0.0007266649535253578,-0.00028947428598338163,-64.28571428571429,54.222863680720145,0.02797895261403548,0.8753635376006743
2004-06-22,39.30757522583008,-0.0030251044191235144,-2.5121503954605584e-05,28.571428571428573,51.83205925413762,0.027466642875523653,0.7132923837028226
2004-06-23,39.38389205932617,0.0019415299228617844,0.000337192158855213,28.571428571428573,53.25240316939331,0.027616709899882005,0.6269946952202242
2004-06-24,39.62245941162109,0.006057485429209253,0.001093768081347438,57.142857142857146,57.47389889623767,0.029307805470737764,0.4066879136962322
2004-06-25,39.66058349609375,0.0009621836967919073,0.0017507239207226889,57.142857142857146,58.12468496477249,0.03103397237596347,0.37704784430411475
2004-06-28,39.25508499145508,-0.010224219335517648,0.0014454770174451574,57.142857142857146,49.45560997142568,0.02970578499248104,0.18020005185643703
2004-06-29,39.50315475463867,0.0063194300365823075,0.001669247259456172,57.142857142857146,53.97779975048863,0.029761178095721184,0.24159362219957467
2004-06-30,39.90868377685547,0.010265737628693428,0.0026246303273638368,85.71428571428572,60.2403493170787,0.033631309059880744,0.7884250713832174
2004-07-01,39.98344039916992,0.0018731918780494627,0.003499402127768537,92.85714285714286,61.286182014879685,0.03708086764402821,1.2478607677749685
2004-07-02,40.40495681762695,0.010542274858013068,0.0049376552024200425,100.0,66.61806564918061,0.04432828297343308,0.9761299093014465
2004-07-06,40.33789825439453,-0.001659661796821088,0.0059142452449538,92.85714285714286,65.08237933934907,0.04795395928174713,0.7439040393043719
2004-07-07,40.35226821899414,0.00035623979486931745,0.006631605504608912,78.57142857142857,65.26715171017992,0.05041379811042967,0.5541742555918882
2004-07-08,40.37620162963867,0.000593111904258814,0.007162781592359833,78.57142857142857,65.59371230821635,0.052337360519348695,0.2112456497657516
2004-07-09,40.41933822631836,0.0010683668829318815,0.0075775281275518545,21.42857142857143,66.21035415276266,0.05231578816370054,0.7173351861583209
2004-07-12,40.47682571411133,0.001422276818860313,0.007924294969180463,21.42857142857143,67.05770099688661,0.05208070589840345,0.6037399477782608
2004-07-13,40.357051849365234,-0.002959072571353749,0.007901434375447465,21.42857142857143,63.48558059910439,0.04628375384279687,0.6395293735862522
2004-07-14,40.3714714050293,0.0003572995301510673,0.0078007682279160225,21.42857142857143,63.736034167181955,0.0466273992108013,0.6150940507773569
2004-07-15,40.414546966552734,0.0010669802220304447,0.007712098772201854,21.42857142857143,64.51896404785728,0.045626140936421915,0.759399840129003
2004-07-16,40.95103073120117,0.013274521302748532,0.008507261707405298,85.71428571428572,72.48621120804144,0.049534182331141825,1.78668842523021
2004-07-19,40.97978973388672,0.0007022778712046929,0.009162048727767694,92.85714285714286,72.83831494049674,0.05183087458615269,2.3915232396103563
2004-07-20,40.610931396484375,-0.009000981698481736,0.008937746715444329,92.85714285714286,61.89719744838782,0.05077508120489565,2.144156296581807
2004-07-21,40.500770568847656,-0.0027125905230100944,0.00840135923365444,85.71428571428572,59.044639121712294,0.0475792195262409,2.081265396076771
2004-07-22,40.55824661254883,0.0014191345718588266,0.007968223377773963,78.57142857142857,60.07839014677548,0.044330174480721726,1.9434129215841953
2004-07-23,40.69235229492188,0.0033064960537905197,0.007785417451559321,28.571428571428573,62.459349530371775,0.04280001855776664,1.762538509499383
2004-07-26,40.500770568847656,-0.004708052380106187,0.007232524834196612,28.571428571428573,57.209978056731494,0.040309323670701655,1.346163513518134
2004-07-27,39.95466232299805,-0.01348389766859559,0.005689144721906191,-42.85714285714286,45.476941269054734,0.033168275574085915,0.6873257300032632
2004-07-28,39.95945739746094,0.0001200128892124841,0.004346711281944463,-50.0,45.58247195617825,0.028328185011482775,0.48427433533753206
2004-07-29,40.05049896240234,0.0022783483778532343,0.0034199037460107824,-50.0,47.65409305256348,0.027249474981200915,0.5107865574391293
2004-07-30,40.51991271972656,0.011720547046489838,0.003555836662553462,-50.0,56.788348670513244,0.025495712634223736,0.6800230390209696
2004-08-02,40.57283020019531,0.001305962350777401,0.0037521340044445743,-50.0,57.68477603222847,0.025635720992288794,0.4907284130207418
2004-08-03,40.73633575439453,0.004029927254087129,0.004171467375419054,-50.0,60.417145278101515,0.026218664019553157,0.46700462932634257
2004-08-04,40.75559997558594,0.0004729001967076485,0.004499862325191258,-50.0,60.738814701817724,0.02677100068835916,0.3733880130005612
2004-08-05,40.87096405029297,0.0028306312451820137,0.0049192967822625925,-50.0,62.693988218508366,0.027843725984312503,0.33035561014559767
2004-08-06,41.55866622924805,0.01682617953686738,0.006435774317900199,50.0,71.73134678899254,0.0356246673021684,0.19029558512412417
2004-08-09,41.41442108154297,-0.0034708801025852276,0.007363009872574983,50.0,68.00983086716398,0.03983437646694436,0.03641473969525465
2004-08-10,41.26528549194336,-0.0036010545530980043,0.0077285728501612,50.0,64.29569685124771,0.04164565402604789,-0.36380432766358395
2004-08-11,41.4432487487793,0.004312662682793844,0.008214662066955127,50.0,66.63713629172298,0.04422630488772111,-0.2561460987904109
2004-08-12,41.52979278564453,0.0020882541663143073,0.008676354440557326,50.0,67.7449126149054,0.04686358353126394,0.0773193645706343
2004-08-13,41.66443634033203,0.0032420955091796433,0.009181476850148782,85.71428571428572,69.44475120577862,0.0504762910057145,0.1201409240689062
2004-08-16,41.52017211914063,-0.0034625266501384644,0.009250380162230615,85.71428571428572,65.46395926105232,0.05260425690746242,0.20643816835517095
2004-08-17,41.75579833984375,0.005674981790224631,0.009572334968115584,85.71428571428572,68.6272049922334,0.05577523912422215,0.29336159375941245
2004-08-18,41.55384063720703,-0.0048366385188715055,0.00941610294617414,100.0,63.27748467637521,0.056685151423444505,0.15297799753590788
2004-08-19,41.6548080444336,0.0024297972384330624,0.009321124863764348,92.85714285714286,64.75665228014326,0.057842796872139536,0.14101429378380015
2004-08-20,41.61639404296875,-0.0009221984992434651,0.009093190091310877,85.71428571428572,63.7052873825834,0.05877594608562988,0.05106864234717303
2004-08-23,41.37590789794922,-0.00577863965751646,0.008391760558211891,78.57142857142857,57.420100079326744,0.05779911382930485,-0.1313423640370783
2004-08-24,41.399940490722656,0.0005808354183480802,0.007747001611514176,71.42857142857143,57.86745853689186,0.05213682334001923,0.147475393228546
2004-08-25,41.54426193237305,0.003486030171534482,0.0074096379531254095,64.28571428571429,60.54807181347771,0.04515386265977936,0.17059776490861417
2004-08-26,41.77985382080078,0.005670864698745559,0.0074918579996453875,35.714285714285715,64.51681717103975,0.03786558743550131,0.37389753164012485
2004-08-27,41.75102996826172,-0.0006898983577753315,0.007453741086949836,35.714285714285715,63.67286896044827,0.03426863836353872,0.469645794853904
2004-08-30,41.948184967041016,0.004722158924682196,0.007675334495008652,92.85714285714286,66.86560058945646,0.031031491209899755,0.5953548120213586
2004-08-31,42.20787811279297,0.0061908076822869695,0.008231818340463968,100.0,70.5386091270048,0.03049622073571755,0.9036925561829013
2004-09-01,42.25130081176758,0.0010287818510699154,0.008684133040002649,42.85714285714286,71.1151810560482,0.02894052331820463,1.1264500792798722
2004-09-02,41.83610916137695,-0.009826718761638431,0.008243281023711014,42.85714285714286,59.18771239995155,0.024290983343582772,0.6888097102756917
2004-09-03,41.840911865234375,0.00011479805253622466,0.007744689591451933,42.85714285714286,59.272805107598245,0.024491623399152004,0.8743495537990648
2004-09-07,41.79747772216797,-0.0010380783097247992,0.007191193391642531,42.85714285714286,58.09314624368033,0.023961221939054925,1.0940098838780845
2004-09-08,42.14990615844727,0.008431811092093344,0.007280521354454355,42.85714285714286,64.30148582465452,0.023912871299098668,1.3591968462393764
2004-09-09,41.99057388305664,-0.003780133573528688,0.007039709344067227,42.85714285714286,59.97553074158291,0.023602916520825367,1.2578976974654517
2004-09-10,42.05336380004883,0.0014953336233760606,0.006858200808865816,42.85714285714286,61.08657482439078,0.023791273773160745,0.8147530856737152
2004-09-13,42.2368392944336,0.0043629207703133055,0.006963729308281126,42.85714285714286,64.21270741493768,0.025391464591070702,0.630229425982439
2004-09-14,42.2802963256836,0.0010288892818675066,0.007065198084461286,42.85714285714286,64.93131871312569,0.02628260385493841,0.6739757001706825
2004-09-15,42.183712005615234,-0.002284381342183117,0.006903329081914035,35.714285714285715,61.95373521979683,0.02705871500013364,0.6824955237572143
2004-09-16,42.66167831420898,0.011330589127152235,0.007504004150206224,57.142857142857146,69.42579363980231,0.030649556202511655,0.9846757766131159
2004-09-17,42.44927597045898,-0.004978762021166316,0.0075903229501964155,57.142857142857146,63.46117043518205,0.03182437326007348,0.7170652536124577
2004-09-20,42.72926712036133,0.006595899305731345,0.008015334868117983,71.42857142857143,67.43315482532579,0.034479603317710536,0.7704131421942959
2004-09-21,42.85480880737305,0.0029380725547687447,0.008505333131098781,78.57142857142857,69.05735188323342,0.0354697520179792,0.9687068640150773
2004-09-22,43.29904174804688,0.010365999826777994,0.009538743303204512,85.71428571428572,73.99889240055548,0.040022622801616003,1.7167079605681093
2004-09-23,43.12520980834961,-0.0040146832973529945,0.010028058813737356,92.85714285714286,69.33286253879564,0.04173158852396877,0.851490574273221
2004-09-24,43.178314208984375,0.001231400400618643,0.010352504916173068,92.85714285714286,69.95611500268375,0.04417499024774809,0.946894592199009
2004-09-27,43.36662673950195,0.004361275653471219,0.010799195970756948,92.85714285714286,72.11992023855909,0.04688818976330402,1.1765648611248962
2004-09-28,43.19281005859375,-0.004008074733418798,0.010784814143720073,100.0,67.30171677279651,0.04818229380351364,1.016011504320066
2004-09-29,42.77277374267578,-0.009724681384428613,0.009937474759980537,92.85714285714286,57.33348141968385,0.04810837349541889,0.2863558040819518
2004-09-30,42.60857391357422,-0.003838886626558291,0.00880494552573765,85.71428571428572,53.96835149567154,0.04778653092390033,0.24119680197867957
2004-10-01,42.39579772949219,-0.0049937410370415325,0.007426013644831403,78.57142857142857,49.88255082892868,0.045483316180665645,0.1613704978095055
2004-10-04,42.45881271362305,0.0014863497682702231,0.006335557306925286,64.28571428571429,51.06415127458327,0.04283290287728258,0.42332754142724077
2004-10-05,42.45881271362305,0.0,0.00541764598983613,64.28571428571429,51.06415127458328,0.03941575185200023,0.521832257682715
2004-10-06,42.26487350463867,-0.004567702123289719,0.004291974509002425,-28.571428571428573,47.10047539752684,0.038870146661117974,0.47349497850217076
2004-10-07,42.08064651489258,-0.004358867647524689,0.0030070411215776544,-50.0,43.635543341613456,0.03825458076905149,-0.06215437110368221
2004-10-08,42.6381721496582,0.013248979779060921,0.002968900867678233,-50.0,54.53577024478714,0.036144714195555316,-0.3146305383165308
2004-10-11,42.68180465698242,0.0010233203048919393,0.003014538533613959,-50.0,55.26490630571143,0.03495145267985317,-0.3812726684838657
2004-10-12,42.77877807617188,0.0022720084112843875,0.0031923085815664196,-50.0,56.91860256431702,0.03386978024859486,-0.43200727610682904
2004-10-13,42.933895111083984,0.003626027714861424,0.003576847454418066,-50.0,59.49776028825605,0.03215860661005584,-0.2421633403760985
2004-10-14,43.13749313354492,0.004742127913951455,0.004204748783720669,-50.0,62.65776125080049,0.03304218374746124,0.05062821105877638
2004-10-15,42.98720169067383,-0.0034840096619852545,0.004399404266102951,-50.0,58.99849119032478,0.032552046662956816,0.2148276450189751
2004-10-18,43.00661087036133,0.0004515106572222649,0.004524234099766068,-50.0,59.328833218329926,0.03277806072681731,0.3788042564938408
2004-10-19,43.11811065673828,0.002592619695447773,0.004766493564837924,35.714285714285715,61.259810951428626,0.03335450127277593,0.5401310770542722
2004-10-20,43.41385269165039,0.0068588820430119934,0.005421109615901182,64.28571428571429,65.88622145004625,0.03413553283070567,0.7820620264945434
2004-10-21,43.44294357299805,0.0006700829238601713,0.005947114804479064,71.42857142857143,66.31238974657435,0.035887723287623116,0.6595480896420873
2004-10-22,43.54475021362305,0.0023434563188364788,0.0064660872777676515,71.42857142857143,67.82715285571601,0.03805865627752821,0.705512010383855
2004-10-25,43.57865905761719,0.0007787125618539115,0.006866668018064093,85.71428571428572,68.33781881175919,0.039484961398099476,0.6300881876271982
2004-10-26,43.44776153564453,-0.0030037069704139663,0.0068872780193429215,85.71428571428572,64.10762539309457,0.040688170643825544,0.4025138457174723
2004-10-27,43.02119445800781,-0.009817929913069623,0.006085277868733416,85.71428571428572,52.66638276746794,0.040685036545145076,-0.35950761014455357
2004-10-28,43.16173553466797,0.003266786950728129,0.005576460566050944,71.42857142857143,55.48521000803579,0.0404894827531249,-0.49939324212606334
2004-10-29,43.3605842590332,0.004607060441430111,0.005472093889501482,71.42857142857143,59.18848293744241,0.039677052853349694,-0.24422672130221804
2004-11-01,43.09083557128906,-0.006221057496197058,0.00488210629088772,57.142857142857146,52.77451404409283,0.038123755476340324,-0.2679404702611605
2004-11-02,43.15411758422852,0.0014685724261431776,0.004448009398916113,57.142857142857146,54.03298041418469,0.036331180872681265,-0.13724831515272903
2004-11-03,43.17358016967773,0.0004510018171781649,0.004096954119661784,42.85714285714286,54.43514158305931,0.03234884767880471,0.17959320681882607
2004-11-04,43.2174072265625,0.001015136032558095,0.003853860185260626,42.85714285714286,55.381797849331896,0.024235498635168495,-0.24009136146169194
2004-11-05,42.74522399902344,-0.010925764821191009,0.0027815581518090566,-64.28571428571429,44.62479157663149,0.023351982952689438,-0.17506428147155717
2004-11-08,42.59429550170898,-0.003530885633396319,0.0016003676961906577,-71.42857142857143,41.8281403798718,0.024161009442267265,-0.13603882190394523
2004-11-09,42.56999206542969,-0.0005705796044522815,0.0006038018989975455,-71.42857142857143,41.37844606363261,0.025839411052713382,-0.18624903134972906
2004-11-10,42.40930938720703,-0.003774552693730615,-0.00048752413649130885,-85.71428571428572,38.43622292091884,0.029527362840952715,-0.2924410047927605
2004-11-11,42.31687545776367,-0.0021795669577973076,-0.0015159609251463948,-85.71428571428572,36.81453319465917,0.03360251353719603,-0.4249691062645154
2004-11-12,42.77439498901367,0.01081175125291689,-0.001425715636479589,-85.71428571428572,48.41582732543118,0.034103459358654935,-0.30272064658023046
2004-11-15,42.81336975097656,0.0009111703852948683,-0.0012776170498429791,-71.42857142857143,49.270322969140615,0.034457352808544756,-0.06400600336465448
2004-11-16,42.81336975097656,0.0,-0.0011480425184316136,-71.42857142857143,49.27032296914061,0.03475138614461692,0.21667190968846264
2004-11-17,43.17847442626953,0.008527819169960038,-0.0003501728236661226,-57.142857142857146,57.00760325936118,0.033961915411712375,0.6584201898336798
2004-11-18,43.30991363525391,0.003044091083135081,0.0005125968163903715,-57.142857142857146,59.40787413156304,0.03335315384494143,1.037812182503464
2004-11-19,42.96427536010742,-0.007980581029493061,0.0005496406645884736,-28.571428571428573,51.29741154748545,0.031394912513859695,0.8222747780883556
2004-11-22,43.18818664550781,0.005211568995954652,0.0009798004684973803,-28.571428571428573,55.532684123523865,0.029125830670962898,0.7270888448033885
2004-11-23,43.24175643920898,0.0012403807119958365,0.001405091963984248,64.28571428571429,56.50717025179733,0.027928580329005855,0.6206526097813979
2004-11-24,43.24175643920898,0.0,0.0017232361061608253,64.28571428571429,56.50717025179732,0.028500826936012226,0.5388525430539816
2004-11-26,42.95940017700195,-0.006529713070373866,0.0014413793203557792,64.28571428571429,49.83162678526287,0.028199217053902114,0.30000091549076585
2004-11-29,42.501800537109375,-0.01065190943093175,0.0003492467562613051,64.28571428571429,41.3134367254428,0.028269615823266547,-0.011600208313235175
2004-11-30,42.32167816162109,-0.004237993995831246,-0.00086428768306803,-28.571428571428573,38.52206008232641,0.030431675556372318,-0.03297288109312924
2004-12-01,42.255706787109375,-0.001558808094985653,-0.0019337413541366357,-35.714285714285715,37.522090716565295,0.03230001650154864,-0.07617918235590738
2004-12-02,42.08464050292969,-0.004048359314909655,-0.003083969334179211,-42.85714285714286,34.985998522392705,0.0347976903437551,-0.39697845886353916
2004-12-03,42.7396240234375,0.015563481419360592,-0.0026608976837655647,-42.85714285714286,49.15596063809862,0.033498523769374455,-0.2348691072928186
2004-12-06,42.88624954223633,0.0034306693647661035,-0.0020554130284032124,-42.85714285714286,51.6941576247445,0.033605216937869165,0.016443260173738258
2004-12-07,42.94001007080078,0.0012535609697348349,-0.0014629015829902173,-42.85714285714286,52.627941112497034,0.03359279086721918,0.2828126530112289
2004-12-08,43.60968780517578,0.015595658530838996,0.0002560763018960271,28.571428571428573,62.38278248295265,0.03724536417887251,1.0202582988228757
2004-12-09,43.321250915527344,-0.0066140553662529245,0.0010617406157131803,35.714285714285715,56.94384157005895,0.03736497726759307,0.9566975030716934
2004-12-10,43.42879867553711,0.0024825635856977613,0.0018729133107744163,35.714285714285715,58.40022532584669,0.036951558983320955,0.7998851692249818
2004-12-13,43.52166366577149,0.002138327401782103,0.0026540672930127625,50.0,59.66880279322449,0.03863914770764437,0.674826926909679
2004-12-14,43.69274139404297,0.003930863709284749,0.0035386310854322077,57.142857142857146,61.96962351591768,0.04112764154712305,0.8965981430333364
2004-12-15,44.08867263793945,0.009061716689410249,0.004878148525847588,64.28571428571429,66.70382745827355,0.04622107478139012,1.3336720435150278
2004-12-16,43.43856430053711,-0.01474547312279273,0.004791306973924517,64.28571428571429,54.66972120008453,0.04675737204669772,0.9156262367069755
2004-12-17,43.3799057006836,-0.0013503807227068787,0.004509834927046893,64.28571428571429,53.72784643639863,0.04691862506930721,0.8274564150978563
2004-12-20,43.45811462402344,0.0018028836641432733,0.00436878162655538,64.28571428571429,54.84487090872432,0.04738109830172247,0.7162689127554149
2004-12-21,43.59011459350586,0.003037406721953184,0.004443644939069587,64.28571428571429,56.74289882037319,0.0483130850208466,0.6352212723667934
2004-12-22,43.44350051879883,-0.003363470733542706,0.0042078657386742276,64.28571428571429,54.02652785121392,0.04866387899901576,0.5020944239959045
2004-12-23,43.30172348022461,-0.0032634810013265625,0.0037152260594529077,57.142857142857146,51.461033933812736,0.04872666993283538,0.2519264278695675
2004-12-27,42.96446990966797,-0.007788456057890136,0.002675659820211063,50.0,45.87990814683997,0.048718050192314885,-0.014739758046394439
2004-12-28,42.93023300170898,-0.0007968655968750848,0.0017456679214958798,-57.142857142857146,45.34229550995919,0.04699037860876572,0.09774684784377408
2004-12-29,42.88624954223633,-0.0010245334440858178,0.0009146842862536992,-57.142857142857146,44.618949970263536,0.04386844597913133,0.10543015655071249
2004-12-30,43.174598693847656,0.006723580510982874,0.0007828924596738829,-57.142857142857146,50.22512275101663,0.03902055450167223,0.20338823206753653
2004-12-31,43.446964263916016,0.006308467902613524,0.0011713512362483414,-57.142857142857146,54.87208140771344,0.030373751173218156,0.34135420762535756
2005-01-03,43.54016876220703,0.0021452476570020806,0.001633821677134045,-57.142857142857146,56.373087446568114,0.028103768014164997,0.571733575043031
2005-01-04,43.08388519287109,-0.01047960038528839,0.0011556326013263578,-57.142857142857146,47.9625781267874,0.026960906483535784,0.12430615420905414
2005-01-05,43.314491271972656,0.005352490335289506,0.0011749472485474363,-57.142857142857146,51.87080426337548,0.025466061978396293,-0.03420523316845707
2005-01-06,43.34392929077149,0.0006796344118182862,0.0012348870714292879,-50.0,52.36265572348261,0.025014135440196865,-0.15847245240091068
2005-01-07,43.44202423095703,0.002263175992362587,0.0014456673477457516,-28.571428571428573,54.04786472039484,0.02503346915627223,-0.24056777212935718
2005-01-10,43.51072692871094,0.0015814801213831498,0.0017199563177335655,-28.571428571428573,55.24209437366072,0.02516181545809931,-0.19269832354969985
2005-01-11,43.765869140625,0.005863892192196518,0.002370914955386656,71.42857142857143,59.45615074778332,0.026205452883818373,-0.011535502638375487
2005-01-12,43.82474136352539,0.0013451628873455412,0.0029650800237028276,78.57142857142857,60.38303309080762,0.026972522255257536,0.18082933724576092
2005-01-13,44.246700286865234,0.009628326607559412,0.0041276287178246525,85.71428571428572,66.32524923929593,0.028813716923502836,0.7291670147172732
2005-01-14,44.24178695678711,-0.00011104398850692032,0.0050052705138796645,92.85714285714286,66.2007345813224,0.033343357739791885,0.9941919504030572
2005-01-18,44.389007568359375,0.0033276370982948666,0.005881363830706671,100.0,68.13129486318925,0.03825105046636674,1.3547083386498942
2005-01-19,44.51660537719727,0.0028745361932545066,0.00672372385898509,100.0,69.7443241282617,0.043309203096181,1.5082161443957984
2005-01-20,44.604888916015625,0.001983159723665029,0.007463675650283788,100.0,70.84390795093535,0.04815719980013976,1.6121895758916962
2005-01-21,44.653995513916016,0.0011009241160280236,0.00804774323876651,85.71428571428572,71.46512344365036,0.05233835555857329,1.7634378644780446
2005-01-24,44.84528732299805,0.004283867700537902,0.008724423331422981,92.85714285714286,73.80638342540922,0.05669913873080309,1.7718061770108322
2005-01-25,44.42332458496094,-0.009409299465469423,0.008511545943716501,92.85714285714286,61.76727103994869,0.05575062733386977,1.0212304958852207
2005-01-26,44.50670623779297,0.0018769791232657873,0.008316956762822018,85.71428571428572,63.049889158040486,0.05409673731362953,0.5359950337713969
2005-01-27,44.42332458496094,-0.001873462672940418,0.007947653691231443,78.57142857142857,60.85143418991477,0.050700032960651495,0.31579978146450477
2005-01-28,44.86983871459961,0.010051344283895203,0.008274161668394446,100.0,67.40570307913111,0.0508076719704985,0.3098663793203017
2005-01-31,44.99741363525391,0.002843222180176852,0.008699719654182392,100.0,69.00250057314811,0.052370865043862784,0.6441426753307541
2005-02-01,44.926029205322266,-0.001586411843806923,0.008839843417254906,100.0,67.0238882220763,0.05305617267333983,0.6499522574889304
2005-02-02,45.02938079833984,0.002300483591488378,0.00900086585686564,92.85714285714286,68.43512013836128,0.05003481207274277,0.791527128826699
2005-02-03,45.00477981567383,-0.0005463318000348272,0.009001681077656512,85.71428571428572,67.69251228275421,0.047451933879722824,0.8898560255664775
2005-02-04,45.63026809692383,0.013898263335845984,0.009867434870260568,92.85714285714286,75.0929079036996,0.04832726067844164,0.5547877589267346
2005-02-07,45.97008895874024,0.0074472685782733805,0.011041810636431174,100.0,78.03644748045893,0.051259319157559574,0.6430866157871221
2005-02-08,46.23112106323242,0.005678303227267367,0.012276481941971758,100.0,79.99244969225886,0.054873860673005266,0.7724174207704935
2005-02-09,46.3542366027832,0.002663044648698598,0.013329698701054011,64.28571428571429,80.85831540392635,0.05905717282738906,1.1779240198612706
2005-02-10,45.728763580322266,-0.013493330239061296,0.013129275768018185,64.28571428571429,65.37832153398988,0.05691325202653942,0.9449821895209379
2005-02-11,45.69923400878906,-0.0006457548645796285,0.012636429707748757,64.28571428571429,64.74808112729475,0.056386351615120886,0.8808073627050187
2005-02-14,45.84203720092773,0.003124848703398353,0.012310452406376212,64.28571428571429,66.4332640249406,0.05572079678122901,0.8378335708042988
2005-02-15,45.61055374145508,-0.005049589276716615,0.011601373643952584,64.28571428571429,61.31635883437442,0.05422517769637283,0.5553799280861536
2005-02-16,45.43821334838867,-0.003778520077684755,0.010603312472127153,64.28571428571429,57.74999591684006,0.05255631945621927,0.46323491896360014
2005-02-17,45.15255737304688,-0.006286690305175036,0.009222522298705182,57.142857142857146,52.31820628803583,0.05097744215453471,0.14198166159812653
2005-02-18,44.74868774414063,-0.008944557128171327,0.007335133561910224,-50.0,45.764298073253286,0.05055864047385611,0.46596965060597917
2005-02-22,44.55171203613281,-0.004401820878727536,0.005380145657405588,-57.142857142857146,42.93905298165043,0.05184188807981027,0.3894807728184075
2005-02-23,44.69944763183594,0.003316047553532986,0.0040129599532774595,-57.142857142857146,45.64919747051531,0.050344012259550604,0.2842909301544637
2005-02-24,44.60094833374024,-0.0022035909460667025,0.0027402563480669693,-57.142857142857146,44.143784328436794,0.04981048439777991,0.0021384707270793927
2005-02-25,44.81764602661133,0.004858589356656173,0.00208241456568189,-57.142857142857146,48.19166781196012,0.04769158403817629,-0.03997016406931103
2005-02-28,44.33498764038086,-0.010769382799442062,0.0007021262315423757,-85.71428571428572,41.05503750082217,0.050605125975294526,-0.6356676303043842
2005-03-01,44.32114791870117,-0.0003121625248200255,-0.0004300955660879789,-92.85714285714286,40.868150792799604,0.053645846879849655,-0.6928325710345236
2005-03-02,44.26186752319336,-0.0013375194075873065,-0.0014210316883055477,-100.0,40.02764555193255,0.05662749015519287,-0.619760671493151
2005-03-03,44.23717880249024,-0.0005577875965170342,-0.0022264985328060544,-92.85714285714286,39.66179811589292,0.059607437713054094,-0.717775209056052
2005-03-04,44.716400146484375,0.010832999684128986,-0.0019463124243489834,-78.57142857142857,49.34061237329276,0.06018192142972259,-0.45275960610083565
2005-03-07,44.89427185058594,0.003977773334143286,-0.0014004220305507545,-78.57142857142857,52.39310778463404,0.059587149901481555,-0.3047939138858243
2005-03-08,44.46938705444336,-0.0094641204462933,-0.0017341977580164006,-71.42857142857143,45.361824349536725,0.058213362792162826,-0.3149565071675996
2005-03-09,43.743106842041016,-0.01633213904012587,-0.0033225701800971056,-100.0,36.37541651981211,0.05814095126042684,-0.7818776904405316
2005-03-10,44.00992202758789,0.0060995938516750225,-0.003995649389597896,-100.0,40.99966442367759,0.05274463398788849,-0.7355384438609944
2005-03-11,43.68880081176758,-0.0072965640706887935,-0.005112604637481816,-71.42857142857143,37.46992890894328,0.053389786433079664,-0.8573728687839328
2005-03-14,43.95063781738281,0.005993229403190803,-0.0053960070962391455,-85.71428571428572,41.86481507265857,0.051118608714597925,-0.6690208554473249
2005-03-15,43.673954010009766,-0.006295330878306804,-0.006121142829739973,-85.71428571428572,38.764338287869045,0.04755959978030341,-0.7664637085689187
2005-03-16,43.94071578979492,0.00610802904916774,-0.006068413272012246,-85.71428571428572,43.13688539535003,0.042839365236250856,-0.7254464246797556
2005-03-17,44.08404541015625,0.00326188633446467,-0.005708233020351156,-35.714285714285715,45.39307119355685,0.037676041198817886,-0.7724555021021516
2005-03-18,43.80730819702149,-0.006277491336378227,-0.005914343274070911,-35.714285714285715,41.93350475806868,0.03519368867215059,-0.8876582654039055
2005-03-21,43.68381881713867,-0.00281892188690136,-0.006222586049491505,-35.714285714285715,40.451948051584665,0.03566283985835761,-1.0739795458286772
2005-03-22,43.31330871582031,-0.008481632589616761,-0.007117036609366596,-78.57142857142857,36.30714119733521,0.03924876227805568,-1.4936094593866673
2005-03-23,43.520782470703125,0.00479006940439608,-0.007278031301643146,-85.71428571428572,40.01365044552554,0.03958221653278436,-1.166317697718103
2005-03-24,43.60974884033203,0.0020442272536986827,-0.00717007890645413,-85.71428571428572,41.58349728979703,0.039351348429156933,-1.033010638177928
2005-03-28,43.34293746948242,-0.00611815885082212,-0.007549671597674056,-85.71428571428572,38.342708095119576,0.03842682213451322,-0.9757415031695391
2005-03-29,43.59983825683594,0.005927166047165144,-0.007210893770440407,-78.57142857142857,42.95280299041947,0.03841478818110662,-0.6318685913173537
2005-03-30,43.81721115112305,0.004985635336686833,-0.006468184132883817,-28.571428571428573,46.59161407112079,0.03767716076089759,-0.2093416740331799
2005-03-31,44.13341522216797,0.007216435339856497,-0.0052272126372154785,-28.571428571428573,51.443588809751375,0.03728087496573775,0.41839232949453786
2005-04-01,44.28218460083008,0.003370901116834135,-0.003949463567317796,42.85714285714286,53.58028287127795,0.03745220695193574,0.8511625173537539
2005-04-04,44.27228164672852,-0.00022363291673210828,-0.0029356249375403565,50.0,53.41179492536108,0.03443785977171836,0.8710968694667232
2005-04-05,44.15825271606445,-0.0025756280549072974,-0.002318595409411385,50.0,51.4072172119694,0.028075903144046996,0.7575015763210547
2005-04-06,44.31192779541016,0.003480098733385839,-0.0015199016365027578,50.0,53.9173475406743,0.02679257077273082,0.6657560861384014
2005-04-07,43.95490646362305,-0.008057002923354983,-0.0015382409782015247,50.0,47.746542424260696,0.02677459449114161,0.3427427308274578
2005-04-08,44.10863494873047,0.00349741354209554,-0.0012420673634530419,50.0,50.37993441941231,0.027074985531213177,0.2718548252974502
2005-04-11,44.34664535522461,0.0053960048133612215,-0.0005665605087229956,50.0,54.226236433651664,0.028418946489930565,0.3673819027888769
2005-04-12,44.75823593139648,0.009281211078649987,0.0006978213368364413,92.85714285714286,60.00047870915234,0.03316257628062024,0.7558591405840964
2005-04-13,44.6491584777832,-0.00243703647705118,0.001485612619298594,100.0,57.915380359035375,0.035490341598313255,0.7942434547610603
2005-04-14,44.57969665527344,-0.001555725233753913,0.001963513556824931,85.71428571428572,56.567247353090735,0.03734502619522494,0.7421340828469482
2005-04-15,45.1697998046875,0.013237038241359578,0.0033256715794340594,100.0,64.19286237219823,0.04373470370287564,1.2675375839716478
2005-04-18,45.13510513305664,-0.0007680944299260917,0.004317130857157823,100.0,63.48709350178788,0.048033398197265965,0.7923225950522271
2005-04-19,45.57148742675781,0.009668356646444831,0.005758305810226713,100.0,68.21991224452024,0.05460179386783482,0.7777292418973422
2005-04-20,45.457401275634766,-0.0025034546284319337,0.006671193804506507,50.0,65.81793861603795,0.05604829148810869,0.9277856911305852
2005-04-21,44.98131942749024,-0.010473142651903133,0.006532018163166052,50.0,56.826282262782776,0.05462280324558523,0.6548201308949655
2005-04-22,45.35823059082031,0.008379282069252092,0.0069038027710305126,50.0,61.33037612943034,0.05488055491483297,0.5885350101633792
2005-04-25,45.49210357666016,0.0029514596159521123,0.007372621399979253,50.0,62.81427028991599,0.05256395218168409,0.5985598280330449
2005-04-26,45.42267990112305,-0.0015260599110377138,0.007561630848169311,85.71428571428572,61.496372251662265,0.050453782258908716,0.5163752187482685
2005-04-27,45.58138656616211,0.0034939960694644334,0.00786595405571887,92.85714285714286,63.38751762370835,0.0497521933574192,0.37324496598960266
2005-04-28,45.91856384277344,0.007397258004030016,0.008562129391664099,100.0,67.08621583571674,0.05236587438943998,0.5047900524440654
2005-04-29,45.839237213134766,-0.001727550319524096,0.008932866437955775,100.0,65.41195830683377,0.05397255875267872,0.37012540492520457
2005-05-02,45.82928085327149,-0.00021720169157657399,0.009094570769272562,92.85714285714286,65.19204584432283,0.05454215147777925,0.40023101893226953
2005-05-03,45.953731536865234,0.002715527742889634,0.009307448569372732,78.57142857142857,66.69910394081955,0.0541725179164338,0.5220347595887199
2005-05-04,45.55056381225586,-0.008773340295247678,0.008764488372956758,78.57142857142857,57.946244658662806,0.05208048501491035,0.752511747647837
2005-05-05,45.65508270263672,0.002294568532930752,0.00833857820062014,71.42857142857143,59.43252799375607,0.046304386074036315,1.057359415388516
2005-05-06,45.31671524047852,-0.007411386468447967,0.007389123490172457,42.85714285714286,52.912712078489065,0.0398450258525859,1.1370446326425019
2005-05-09,45.36146926879883,0.0009875832368435589,0.006584540299366833,42.85714285714286,53.6371636335818,0.03449808176100805,1.0876632633585361
2005-05-10,45.68498992919922,0.007132058674804043,0.006408079388090798,42.85714285714286,58.5962321439344,0.03252535259348276,1.099230933064551
2005-05-11,45.82430648803711,0.003049503984871027,0.006456907412952227,42.85714285714286,60.552957876992984,0.029274487694096324,0.8340391430658428
2005-05-12,46.00347137451172,0.003909822105466754,0.006722454752982938,35.714285714285715,62.976247743242844,0.024573563233603424,0.8266498211586711
2005-05-13,46.182647705078125,0.0038948436979404644,0.007156424216695626,35.714285714285715,65.27377622900548,0.02601868976431357,0.7640862952845152
2005-05-16,46.127891540527344,-0.0011856436837587303,0.007349440734577084,42.85714285714286,63.96737651115103,0.02600051423430405,0.4609569556562701
2005-05-17,46.25728225708008,0.002805042941081526,0.007612664790300573,50.0,65.71365426375257,0.028319762586990524,0.1538977505513816
2005-05-18,46.565799713134766,0.006669597542286798,0.008225434342349196,57.142857142857146,69.50821565898006,0.03239133796866012,0.014636319487555808
2005-05-19,46.44638442993164,-0.0025644417993200275,0.008468449474202847,57.142857142857146,66.44304428310416,0.031141500747294857,-0.220824081453097
2005-05-20,46.50112533569336,0.0011785827128116821,0.00862961782214323,57.142857142857146,67.15800938424509,0.0322346698967955,-0.18917192904598332
2005-05-23,46.86441802978516,0.007812557039623913,0.00921657548333531,78.57142857142857,71.49815786558213,0.03626247995415386,0.021410015850551533
2005-05-24,46.9937858581543,0.00276047017775638,0.009816931479330413,85.71428571428572,72.8729347881925,0.03971198880576752,0.13436130501822552
2005-05-25,46.66539001464844,-0.0069880695396001835,0.009705671448150845,92.85714285714286,64.38330733819664,0.0404138718703638,-0.26317234611609236
2005-05-26,46.65044403076172,-0.00032027984512772445,0.009431241442682342,92.85714285714286,64.01776773140475,0.04165121431524649,-0.49601121628819317
2005-05-27,46.70021057128906,0.001066796716758578,0.009181623072622326,85.71428571428572,64.73571713694771,0.04264453916032336,-0.5152101428325727
2005-05-31,47.27750778198242,0.012361768900637005,0.009754830616412025,100.0,71.77186054089374,0.0469432200183067,-0.010366245170262411
2005-06-01,47.85639190673828,0.012244387488133945,0.011022395966690931,92.85714285714286,76.77584934988535,0.055551658902501064,1.0869318806394224
2005-06-02,47.97127532958984,0.002400586803021909,0.01214468469344837,100.0,77.62361235850491,0.06119816456718982,1.585451717095803
2005-06-03,47.57669448852539,-0.008225356494140579,0.012351694355762213,100.0,68.38964597409019,0.06247937186055895,0.2689152003887125
2005-06-06,47.8264274597168,0.005249060992491561,0.0126465534375136,92.85714285714286,70.76041991222928,0.061827428876149795,-0.09922264641581988
2005-06-07,48.20603561401367,0.007937204898204264,0.013311490685524934,85.71428571428572,73.95772472776659,0.062405545789720476,0.01276523130971705
2005-06-08,47.97623825073242,-0.004766983228433053,0.013442588101458187,64.28571428571429,69.0363659802705,0.06177271009665608,-0.2259764593775294
2005-06-09,47.93630599975586,-0.0008323339309737054,0.013286815826157053,64.28571428571429,68.18724791796335,0.0604301496848412,-0.18635200011986688
2005-06-10,47.39684295654297,-0.011253746653228536,0.012244645280960576,64.28571428571429,57.83765187491693,0.057229586752670196,-0.44556014806269184
2005-06-13,47.11214828491211,-0.006006616767532114,0.010755550189780262,28.571428571428573,53.2446313566914,0.05432390741330865,-0.5687700144856306
2005-06-14,46.80246353149414,-0.0065733524089188755,0.00894275174898369,28.571428571428573,48.71296940598571,0.051076808327592434,-0.799688619466979
2005-06-15,46.88737487792969,0.0018142495080073484,0.007495925073841148,28.571428571428573,49.97027368696063,0.0482053342667392,-0.3928275633336153
2005-06-16,47.122108459472656,0.005006328082006961,0.006655680835908648,28.571428571428573,53.37327365520829,0.046574643127414043,0.04888055851086802
2005-06-17,47.11711502075195,-0.00010596806645435386,0.005942953161183965,28.571428571428573,53.2902330281412,0.044030984056959356,0.28212102181672005
2005-06-20,47.03721618652344,-0.0016957497120383414,0.005189796805102367,-57.142857142857146,51.89883997354866,0.04169651347245063,0.447532028875542
2005-06-21,47.38188934326172,0.007327669124199465,0.005079983926332321,-57.142857142857146,57.102254045663194,0.04082860809898485,0.585579086925541
2005-06-22,47.95627212524414,0.012122411958317203,0.005861607978337859,-57.142857142857146,64.07640391879728,0.041835870913624874,0.7557522293584751
2005-06-23,47.906341552734375,-0.0010411687626462607,0.006378447249926702,-57.142857142857146,63.115799222746425,0.04051616005889298,0.9130235489999445
2005-06-24,48.14606857299805,0.005004076965463566,0.007069711217428908,-42.85714285714286,65.76917673513783,0.039470785619610975,1.0376496011500955
2005-06-27,48.275970458984375,0.0026980787806043516,0.007749937354671945,57.142857142857146,67.14828958544923,0.03853483816366514,1.09110365232764
2005-06-28,47.94629669189453,-0.006828941271516009,0.007717406860249013,57.142857142857146,60.48783158007913,0.038549100096535366,0.8608368600975267
2005-06-29,47.87137985229492,-0.0015625156637441018,0.007449217069019008,57.142857142857146,59.054322101068536,0.038581619978438654,0.5079992514856944
2005-06-30,48.30091857910156,0.008972766779064223,0.0077906160044127325,57.142857142857146,64.2811435046066,0.040061550881876636,0.7612422838114217
2005-07-01,47.71554946899414,-0.012119212787822464,0.007140982011616022,57.142857142857146,54.13856271295066,0.0400600439190736,0.46666906753534326
2005-07-05,47.26441955566406,-0.009454568130316199,0.005776151004391924,57.142857142857146,47.869785051296596,0.040509686119831495,0.115146850207066
2005-07-06,47.52506256103516,0.0055145711683635135,0.004999948940940524,57.142857142857146,51.37312016246719,0.03893642113837808,0.13109412235902373
2005-07-07,47.62528991699219,0.0021089368547029252,0.004518358476006813,50.0,52.689775362020086,0.03822518889582397,-0.1530641458420199
2005-07-08,47.4297981262207,-0.00410478951649873,0.0037858894613686037,35.714285714285715,49.8543041131648,0.03763425343898354,-0.34800338429551964
2005-07-11,47.4297981262207,0.0,0.0031542827387987865,35.714285714285715,49.8543041131648,0.037593091465876555,-0.19925399179554373
2005-07-12,47.16416931152344,-0.005600462687831209,0.002188986707029942,-64.28571428571429,45.95698095537862,0.03739176047703181,-0.25035783265646644
2005-07-13,47.09402847290039,-0.001487163659339763,0.0012771016498057668,-78.57142857142857,44.957563390500034,0.03567424514175575,-0.2868053382950073
2005-07-14,46.97368621826172,-0.0025553612324313857,0.0003425825560693877,-85.71428571428572,43.22087879104022,0.035126543588662656,-0.4053004815057045
2005-07-15,47.09905624389648,0.002668941608121367,-0.0001826634460082266,-92.85714285714286,45.57941031473122,0.035232367810988305,-0.22096259499456325
2005-07-18,46.74818801879883,-0.007449580800106159,-0.0011945523515996825,-100.0,40.50799917852399,0.03747642634244586,-0.3312737683119713
2005-07-19,46.9135856628418,0.003538054650940925,-0.0016844578615641851,-78.57142857142857,43.6887194991985,0.03813655236844697,-0.14061289364990112
2005-07-20,47.16925430297852,0.005449778279029038,-0.0016088822658104458,-78.57142857142857,48.29092982417291,0.03865009883672286,0.3201817596680727
2005-07-21,46.527645111083984,-0.013602275494400295,-0.0026597494899898047,-100.0,39.554322630057385,0.04185875273354987,-0.15785823749880198
2005-07-22,46.88851165771485,0.007755959833542159,-0.0027949986482024196,-92.85714285714286,45.523904894387826,0.04219196023442727,-0.030186460901708744
2005-07-25,46.71810150146485,-0.0036343690645160853,-0.003186651762042277,-71.42857142857143,43.34684813786991,0.04149643984425468,-0.032342743640045725
2005-07-26,46.79325866699219,0.0016087375794793246,-0.0033155335851315455,-71.42857142857143,44.60507746860571,0.038404966582821165,0.019215156666633
2005-07-27,46.71810150146485,-0.0016061536996642145,-0.003516509817141658,-71.42857142857143,43.563144846133994,0.03725478963288267,0.12423189655143338
2005-07-28,47.13411331176758,0.008904724227496441,-0.0028936016245845126,-64.28571428571429,50.4611178593148,0.03491347217067309,0.2678217321367973
2005-07-29,46.6679573059082,-0.009889992048349283,-0.003217677536371987,-57.142857142857146,43.975130087437016,0.028187684320911136,0.08952625677607912
2005-08-01,46.49441909790039,-0.003718573042961193,-0.0037227508680308264,-100.0,41.8201023813838,0.027341024086655712,0.18360913769223558
2005-08-02,46.34351348876953,-0.003245671460333943,-0.0043396286427374335,-64.28571428571429,39.98509096272772,0.029617041628371307,0.10408178654267437
2005-08-03,46.56986999511719,0.0048843190623109045,-0.004353091378756429,-64.28571428571429,43.957410329775165,0.02847124155756665,0.14817677433260915
2005-08-04,46.47428894042969,-0.002052422622127126,-0.004503526325209324,-64.28571428571429,42.6730059974512,0.02615250651987199,0.04812633749862041
2005-08-05,46.112064361572266,-0.007794085441989562,-0.005225530593836848,-85.71428571428572,38.12641006916122,0.027334744424527577,-0.08014608466163327
2005-08-08,46.02653884887695,-0.0018547318121499012,-0.005862766213552956,-92.85714285714286,37.12074749441145,0.02808815319754909,-0.28754512067486737
2005-08-09,46.197601318359375,0.0037166051100232522,-0.005968939704093681,-100.0,40.501225603750015,0.02844927440109831,0.004830858521341394
2005-08-10,46.14728546142578,-0.0010891443602635276,-0.006094631602453682,-57.142857142857146,39.82305317253194,0.028949492194353416,0.048971467446442166
2005-08-11,46.46927261352539,0.006977380118463383,-0.00552341561750482,-57.142857142857146,46.04879962764711,0.028328198617775698,0.24438984428473529
2005-08-12,46.94215774536133,0.010176297265696688,-0.004191583729209503,-57.142857142857146,53.635435877932444,0.02747571899631358,0.6304593658434985
2005-08-15,46.821414947509766,-0.002572161222467284,-0.0033577756706139102,-57.142857142857146,51.6387305960268,0.027649871633438645,0.5379545028341888
2005-08-16,47.148399353027344,0.006983650662504504,-0.002086104265961056,35.714285714285715,56.37511494379767,0.028922461317506042,0.4744151127547387
2005-08-17,46.83651351928711,-0.006614982438851502,-0.0016226768595095787,35.714285714285715,51.2221160132626,0.027216911155137746,0.16940964236932554
2005-08-18,47.18362808227539,0.007411195601596976,-0.0006343095833709922,35.714285714285715,56.038358867510354,0.029230621282944347,0.24386208585054772
2005-08-19,47.17864608764648,-0.0001055873579756117,0.00012951884868285917,35.714285714285715,55.952965599423386,0.030618867841944668,0.35017073466403265
2005-08-22,47.12833404541016,-0.0010664155589129587,0.0006421510213452554,35.714285714285715,55.04079452622863,0.03187917578796683,0.4655542380517163
2005-08-23,47.34464263916016,0.004589778063055938,0.0013960880317425677,71.42857142857143,58.19620191633413,0.03422229468502311,0.5547716601264153
2005-08-24,47.38992691040039,0.0009564814246325604,0.002047510305554937,78.57142857142857,58.84736939885282,0.03656475398308261,0.667975269640523
2005-08-25,47.540802001953125,0.003183695383999874,0.0027807126918900932,85.71428571428572,61.025635120691,0.03890352171271386,0.7946936038027814
2005-08-26,47.52574157714844,-0.0003167894560144324,0.0033043367932820535,92.85714285714286,60.68035962282005,0.04140205363935581,0.7265070996957101
2005-08-29,47.586124420166016,0.0012705292124597367,0.003772796263553184,100.0,61.61801216217475,0.04341211057880969,0.5585671877468615
2005-08-30,47.887943267822266,0.006342580979936674,0.004577043748582474,100.0,65.98445085226916,0.04620767562102859,0.6306373761698782
2005-08-31,48.29039001464844,0.008403926319729749,0.005795317235064124,100.0,70.76095193106885,0.05198313577453875,0.9924026200267868
2005-09-01,47.99964141845703,-0.0060208376056438695,0.0062711094521483825,100.0,63.79163787710479,0.05384795932803239,0.734896097954579
2005-09-02,48.04000473022461,0.0008409086104559371,0.0066064379663844566,78.57142857142857,64.31706297205592,0.05295857364941889,0.6502861684113367
2005-09-06,47.70179748535156,-0.007040116810402064,0.006280612312227737,78.57142857142857,56.87028912242867,0.04858432786931149,0.23528427957359785
2005-09-07,47.25244903564453,-0.009419947955735197,0.005214737700501158,78.57142857142857,48.78791030156249,0.043886719160248694,-0.09190750182238352
2005-09-08,47.30296325683594,0.0010690286370829138,0.004354053969769285,57.142857142857146,49.65413913248049,0.037508667931609924,-0.27200480608191063
2005-09-09,47.454402923583984,0.00320148371944029,0.0038774486681057885,57.142857142857146,52.26114951770418,0.03308667722846158,-0.38333989297400134
2005-09-12,47.126277923583984,-0.006914532262230377,0.0029394773541778175,57.142857142857146,46.62731881829311,0.03228274676350233,-0.5179979909235465
2005-09-13,47.373626708984375,0.005248638260833438,0.0025552327010542773,-42.85714285714286,50.92232650711488,0.030040165602868565,-0.5714771344961403
2005-09-14,47.19185256958008,-0.0038370323750159807,0.001938441218760112,-42.85714285714286,47.8734050139477,0.029886589973199665,-0.6177697076519343
2005-09-15,46.80320358276367,-0.008235510276766056,0.000774815564804642,-64.28571428571429,42.07307873924831,0.03014224716142397,-0.7956006759814774
2005-09-16,46.495216369628906,-0.006580472906948409,-0.0006877618803655842,-71.42857142857143,38.130417231641665,0.034753345037453795,-0.9614925612690824
2005-09-19,46.596221923828125,0.0021723859374316312,-0.0016529526843968379,-71.42857142857143,40.11248608824686,0.037796208556716164,-0.9090598968615975
2005-09-20,46.71733856201172,0.0025992802245122792,-0.0021784748235937116,-85.71428571428572,42.49160438673583,0.03958555103410954,-0.5298469761742265
2005-09-21,47.15150451660156,0.009293465080711716,-0.0018105548698793864,-85.71428571428572,50.13844764960296,0.039815809677529665,-0.05628141760399404
2005-09-22,47.10606002807617,-0.0009637972105299708,-0.0015958033973438237,-85.71428571428572,49.39804017551058,0.040122289659908925,0.1765422935710051
2005-09-23,46.75271987915039,-0.00750094889522035,-0.002021526193500294,-78.57142857142857,43.96209862788783,0.04147151116772396,0.050284619641188154
2005-09-26,46.540645599365234,-0.004536084324790912,-0.002696668441707722,-71.42857142857143,41.042779832063665,0.04366750896497676,-0.08638242983706965
2005-09-27,46.60627746582031,0.0014102053293385541,-0.0030708521713092747,-50.0,42.31934999813515,0.04488594733260958,-0.07428436784470793
2005-09-28,46.91928482055664,0.006715991316102787,-0.002777592960497433,-50.0,48.091895120160686,0.043287391918342716,0.12533572910752022
2005-09-29,46.70722198486328,-0.004519737172132832,-0.0029059112448426676,-50.0,44.81926708497628,0.03821742560647008,0.26382338503183067
2005-09-30,46.54566955566406,-0.0034588318965228515,-0.0032506108418728016,-35.714285714285715,42.44936933237628,0.03516642448548735,0.0925498648231289
2005-10-03,46.18185043334961,-0.007816390349253854,-0.004131552075819082,-100.0,37.62443351123304,0.03248182789811067,-0.4150127512392822
2005-10-04,46.33384704589844,0.003291262933870387,-0.004477314665620506,-92.85714285714286,40.65907692818558,0.030542712599237982,-0.5108741914315906
2005-10-05,46.536582946777344,0.004375546469907343,-0.004339771213445151,-50.0,44.535154059117744,0.03009684744487103,-0.4082124318104503
2005-10-06,46.35919952392578,-0.0038116984879279503,-0.004519127806547169,-50.0,41.953078198452495,0.029752187328962922,-0.429493956281772
2005-10-07,46.54667663574219,0.004044010978223378,-0.004255331780197291,-78.57142857142857,45.5465275260858,0.026865934510813542,-0.05803690264145587
2005-10-10,46.51630401611328,-0.0006525196173852166,-0.00406912887067502,-78.57142857142857,45.05985059749283,0.02597782066566956,0.09401495399078597
2005-10-11,46.41999435424805,-0.002070449574666844,-0.004048240419709996,-78.57142857142857,43.47355918123618,0.02282271280120937,0.05867093018824498
2005-10-12,45.96893310546875,-0.009716960440302569,-0.004800919094136548,-100.0,36.91835900005234,0.023636365711369317,-0.27648341714430197
2005-10-13,45.80169296264648,-0.0036381123407533966,-0.005615440997304553,-100.0,34.82182465755715,0.027463916590695827,-0.21665332059155107
2005-10-14,45.730770111083984,-0.0015484766386328896,-0.00630916597504546,-85.71428571428572,33.94154326936682,0.031405617003611226,-0.20184401433248872
2005-10-17,45.720584869384766,-0.00022272184952232266,-0.006793240171735798,-85.71428571428572,33.80935991213547,0.034597063581050976,-0.3938035229566323
2005-10-18,45.771263122558594,0.0011084340525959746,-0.006997804868061323,-85.71428571428572,35.1623891368267,0.036511183207366765,-0.5441290331272063
2005-10-19,45.79156875610352,0.0004436327983905475,-0.007045707002112877,-71.42857142857143,35.729285039718526,0.03522861832300032,-0.8617470824487649
2005-10-20,45.91317367553711,0.0026556181134846923,-0.006775537972819225,-71.42857142857143,39.16000125010131,0.032697160278380585,-0.6427070655071161
2005-10-21,46.33891296386719,0.009272704416791733,-0.005708636120474305,-64.28571428571429,49.35301342443216,0.03139462391327825,-0.1296391575350315
2005-10-24,45.97907638549805,-0.007765321958452587,-0.005518771219192448,-50.0,42.82270484089356,0.03133747900415605,-0.06551573810216921
2005-10-25,45.58376693725586,-0.00859759436940033,-0.006009638285851036,-50.0,37.02643613477372,0.032734501100094925,-0.2307976128450805
2005-10-26,45.249244689941406,-0.0073386266601201955,-0.006924471598009177,-85.71428571428572,32.96066544485933,0.03387449662706161,-0.7273469016653208
2005-10-27,45.41144561767578,0.003584610723246673,-0.007215684033636552,-85.71428571428572,36.596128669968344,0.034038605669591465,-0.8188304925561708
2005-10-28,45.41648483276367,0.00011096795134690751,-0.0073713193933443635,-100.0,36.7109579992423,0.03440139070549851,-0.7390678484421874
2005-10-31,45.50266647338867,0.0018975850055842347,-0.007244757709911748,-92.85714285714286,38.753881787706426,0.03530774909937981,-0.6537072727594548
2005-11-01,45.4502067565918,-0.0011528932447849582,-0.007174216423898614,-35.714285714285715,37.9508350038174,0.03563004237625872,-0.6486793423352853
2005-11-02,45.236427307128906,-0.004703596852876468,-0.007440854584478063,-35.714285714285715,34.78731060848374,0.035421807503488785,-0.8151578264791552
2005-11-03,44.93097686767578,-0.006752311303881209,-0.008131955437394273,-64.28571428571429,30.832561459542973,0.037780111208834406,-1.1052883294026659
2005-11-04,44.85969924926758,-0.0015863803410756105,-0.008681433523852412,-71.42857142857143,29.976171895855813,0.03816716714957515,-1.2808076429879833
2005-11-07,45.01242065429688,0.0034044232927352702,-0.00870167727344515,-71.42857142857143,34.19372429502878,0.03633241179084769,-1.3651952707282502
2005-11-08,45.4502067565918,0.009725895562409104,-0.0077898326096036636,-71.42857142857143,44.51106495799913,0.0325196134403599,-0.9076524378435643
2005-11-09,44.98190307617188,-0.010303664467972817,-0.007956242706318215,-71.42857142857143,37.701632754488735,0.03320295905730187,-0.9875299788391129
2005-11-10,45.53170394897461,0.012222712584474271,-0.006873369679686865,-71.42857142857143,47.798534848642106,0.03268440907079097,-0.4516867807391643
2005-11-11,45.55713272094727,0.0005584849625035471,-0.00597401853665787,-64.28571428571429,48.216564402749306,0.03237037756352572,-0.2488504097594415
2005-11-14,45.21603775024414,-0.007487191364576318,-0.005845358686919139,-57.142857142857146,43.217192379035616,0.03240955175486069,-0.3332007019512274
2005-11-15,45.51128768920898,0.00652976142216799,-0.0050885154457479854,35.714285714285715,48.22175054067805,0.03182773126595061,-0.2214923610626593
2005-11-16,45.98984146118164,0.010515056731434269,-0.003590704238528864,57.142857142857146,55.125349687525706,0.03286403230326657,0.23762885830097683
2005-11-17,46.10184860229492,0.0024354756953841594,-0.002218085135295278,64.28571428571429,56.58441103267806,0.03405041377650812,0.45315390826629204
2005-11-18,45.88804244995117,-0.004637691520532838,-0.001501149055270273,64.28571428571429,53.039303171932964,0.03050094132469561,0.3812606178798677
2005-11-21,46.02549743652344,0.0029954423687212905,-0.0006732734611949339,64.28571428571429,54.99162311205599,0.030826669504620256,0.23303120894215756
2005-11-22,46.08658218383789,0.0013271936364989134,8.526702119501407e-05,64.28571428571429,55.86965590534623,0.033106320047437764,0.18908014271669393
2005-11-23,45.90836715698242,-0.0038669612371031725,0.0003708527910386887,64.28571428571429,52.64298891377831,0.03378195749387445,0.1041720374939594
2005-11-25,46.07637023925781,0.003659530771393138,0.0008788290281252588,64.28571428571429,55.265848072781885,0.035417532209777926,0.15156867213101186
2005-11-28,46.305458068847656,0.004971915721665443,0.0016562457212764695,100.0,58.63050191020543,0.03819356803461505,0.2710092892346292
2005-11-29,45.8676986694336,-0.009453732187751807,0.0015099959304484298,85.71428571428572,50.771939903463526,0.03852588513017306,0.05635926353251608
2005-11-30,45.81674575805664,-0.0011108669685866435,0.0012786245321286661,85.71428571428572,49.93301047264699,0.03860150922718812,-0.16064665327193373
2005-12-01,45.74515151977539,-0.001562621637497208,0.0009583076517527346,64.28571428571429,48.71498054681669,0.03786630997299714,-0.3416951104094974
2005-12-02,45.76051330566406,0.00033581232935753214,0.0007214045998478082,64.28571428571429,49.00243429273246,0.03505618680085339,-0.21796506627188644
2005-12-05,45.55601501464844,-0.0044688810558056735,0.0001721048877004273,64.28571428571429,45.357736837813206,0.031043051610911553,-0.1511608885035954
2005-12-06,46.02128601074219,0.01021316276114459,0.0005463882748139839,57.142857142857146,53.78075367381982,0.028035912613339306,0.10881379259400908
2005-12-07,45.847415924072266,-0.003778036246734562,0.0005354077991807857,-35.714285714285715,50.63930273993971,0.027306080662180696,0.17914824811122113
2005-12-08,46.14401245117188,0.006469209248146202,0.0010284886741445066,-35.714285714285715,55.422765458917745,0.02274701389360447,0.4003847038768326
2005-12-09,45.780982971191406,-0.007867314971029438,0.0007843599144376587,-35.714285714285715,49.14505285534781,0.021900823426588768,0.2523363936125693
2005-12-12,45.69404602050781,-0.0018989751866687055,0.000427088478339089,-35.714285714285715,47.75017743900319,0.021323821566114832,0.13171277143165866
2005-12-13,45.86279678344727,0.00369305801599884,0.00043413828386013227,-35.714285714285715,50.676584788891354,0.01688608885595023,0.16133336839560766
2005-12-14,46.33317184448242,0.01025613556138194,0.0012413670266843285,50.0,57.775579924068246,0.01691127771031865,0.24758167706094608
2005-12-15,46.22064971923828,-0.002428543541586614,0.001673451721131542,50.0,55.70993939337385,0.017709727432672857,0.4631292311740461
2005-12-16,46.3740463256836,0.003318789488618412,0.002247827907566511,64.28571428571429,57.91876495520838,0.01926033124351778,0.4569732780298507
2005-12-19,46.42008590698242,0.000992787667815076,0.0027530219397634862,71.42857142857143,58.58633842959319,0.02099918589054582,0.40794417849385856
2005-12-20,46.36383056640625,-0.001211874977760652,0.003026196027263326,71.42857142857143,57.388353281555695,0.022140840028290205,0.3878876042446084
2005-12-21,46.282012939453125,-0.001764686522955361,0.003067758566928765,71.42857142857143,55.60738830003514,0.022696511020862793,0.3998228345547545
2005-12-22,46.65019226074219,0.007955127659869055,0.0036665990312886045,92.85714285714286,61.41093019770635,0.025486243024681693,0.5473199937533484
2005-12-23,46.93647766113281,0.0061368536015991015,0.004574437710810595,100.0,65.21855810820341,0.03043047371194962,0.9794764599575684
2005-12-27,47.31997299194336,0.008170517898238305,0.005855039248823201,71.42857142857143,69.55253764864513,0.03805923272266264,1.2383638111268092
2005-12-28,47.1879997253418,-0.0027889548166908362,0.0066166537725126165,78.57142857142857,66.48240888169495,0.04225604022872894,1.0546099847626427
2005-12-29,47.29068756103516,0.002176143008626452,0.007282874222597643,78.57142857142857,67.67793860823078,0.045947508919072635,1.1479855376077495
2005-12-30,47.182861328125,-0.002280073275970018,0.007568473183509016,92.85714285714286,65.05401143127976,0.04746424571858493,0.8722082611871061
2006-01-03,47.12123107910156,-0.0013061999058268103,0.007598670017108822,92.85714285714286,63.53769348847847,0.04787598709413769,0.5352076074706708
2006-01-04,47.23422622680664,0.0023979668000480014,0.007700802979810909,85.71428571428572,65.14193596343858,0.04678805231837928,0.48002072747094876
2006-01-05,47.17773818969727,-0.0011959132523549076,0.007621018675734657,71.42857142857143,63.63463219645694,0.04724922423076858,0.38695163976627067
2006-01-06,47.09044647216797,-0.001850273473864128,0.007330399416782235,71.42857142857143,61.27510270810469,0.045875612918635775,0.3685576567384129
2006-01-09,47.12123107910156,0.0006537335965117741,0.007055637884188299,42.85714285714286,61.812869712107556,0.04563004431646762,0.49907843975842564
2006-01-10,46.74134826660156,-0.008061818500927909,0.0061703510326668164,42.85714285714286,52.182752456402916,0.04200764913401079,0.23100082575882916
2006-01-11,46.6643180847168,-0.0016480094122531819,0.005238673782921035,42.85714285714286,50.465847701836665,0.03678075244522359,0.028066022180045305
2006-01-12,46.977516174316406,0.006711725413645064,0.0049432774505727365,42.85714285714286,56.70342106862425,0.032176911778192575,0.17611620412222187
2006-01-13,47.249637603759766,0.005792588702084878,0.0051153275643239255,35.714285714285715,61.26713935229412,0.031452971735364106,0.2847076201092284
2006-01-17,47.46014022827149,0.004455116169927553,0.005544826500518043,28.571428571428573,64.39373103671619,0.030378514553724183,0.4696744053694047
2006-01-18,47.44475555419922,-0.00032415989498291164,0.005811940432319536,28.571428571428573,63.987193988752075,0.02957146399849791,0.4714448247783664
2006-01-19,47.30609130859375,-0.0029226464334306534,0.005737198323558856,28.571428571428573,60.292482087147114,0.0278134998542646,0.3722772564215939
2006-01-20,47.42929458618164,0.002604385062891623,0.005792582289403979,28.571428571428573,62.37144846909679,0.025318112559746832,0.502444589277443
2006-01-23,47.41393661499024,-0.00032380770840878537,0.005757671702639564,28.571428571428573,61.9361220680289,0.020407634991173634,0.6955555587012524
2006-01-24,47.182861328125,-0.00487357311715364,0.005300291879469939,28.571428571428573,55.6432877819256,0.01793029095684357,0.6897532833756751
2006-01-25,46.6694564819336,-0.010881172352414481,0.004035346894491136,28.571428571428573,44.761544113111476,0.019803181017204272,0.2170009286279188
2006-01-26,46.46923065185547,-0.004290297020185796,0.0026216251201730727,-42.85714285714286,41.364087070051006,0.02333565162087934,0.23564683607223844
2006-01-27,46.46923065185547,0.0,0.0014705096421905655,-42.85714285714286,41.36408707005101,0.026222212728090288,0.2623446750614729
2006-01-30,46.42304229736328,-0.0009939556528970606,0.00047306088847830447,-42.85714285714286,40.54085259982384,0.028605336976451935,0.30727751995396735
2006-01-31,46.5513916015625,0.002764775806313402,-9.414115154304011e-05,-42.85714285714286,43.88310648235731,0.029863634107283387,0.5262611879678575
2006-02-01,46.39220428466797,-0.0034196038274650897,-0.0008120011236621079,-42.85714285714286,40.81848220033874,0.031896794027202524,0.4661047039659878
2006-02-02,46.47975540161133,0.0018871945899818776,-0.001212087485120646,-42.85714285714286,43.169205509878495,0.032749003361912436,0.473410261295077
2006-02-03,46.80950546264648,0.007094487872965738,-0.0009403177126987882,-42.85714285714286,51.05478372081609,0.03248641307426601,0.8792322279176651
2006-02-06,46.90222930908203,0.0019808764377899912,-0.0005642302598315879,-42.85714285714286,53.028459700876155,0.03231601743036625,0.9150096461381633
2006-02-07,46.68072509765625,-0.004722679810507224,-0.0006443825351524387,-42.85714285714286,48.04439610894787,0.0323107045206865,0.7923126687229898
2006-02-08,46.572486877441406,-0.002318691922381433,-0.0008847572498986121,-21.42857142857143,45.78009295972394,0.03274116038537144,0.6492998288916886
2006-02-09,46.78374481201172,0.004536110238782198,-0.0006968132137646938,-21.42857142857143,50.667126448984334,0.03252874173826646,0.8590010622753556
2006-02-10,46.52615737915039,-0.0055059173628869695,-0.000989419028755248,-21.42857142857143,45.30508881923893,0.03314637212865235,0.5163608416508236
2006-02-13,46.53126525878906,0.00010978511715564743,-0.001195481613374413,-14.285714285714286,45.42841940195252,0.03279338843428437,0.38113252600820263
2006-02-14,46.36640930175781,-0.0035429072498756042,-0.0016317944067374005,-14.285714285714286,42.12677181418108,0.03138993397117969,0.33764108511219115
2006-02-15,46.47975540161133,0.0024445735945572977,-0.001752416141726823,-14.285714285714286,45.08208653355415,0.028886865046533497,0.33744157767812005
2006-02-16,46.49003601074219,0.0002211846650661542,-0.0018120223394217777,-14.285714285714286,45.354655337342166,0.02679843012647871,0.4097538166571252
2006-02-17,46.86103820800781,0.007980251879776912,-0.001192260311479701,-14.285714285714286,54.190703247538785,0.022787063391907024,0.4349132685320185
2006-02-21,46.78374481201172,-0.0016494170626993876,-0.0008373029238299912,-14.285714285714286,52.29354496275446,0.017483969276964367,0.25135199760934385
2006-02-22,47.10317993164063,0.00682790830260549,-3.4174353840631227e-06,35.714285714285715,58.724763998968356,0.016583498114230984,0.37032549673724374
2006-02-23,46.98470306396485,-0.0025152626181018656,0.00044597583543996903,35.714285714285715,55.72424793796341,0.017935220438518012,0.44664121069838203
2006-02-24,46.91254425048828,-0.001535793753518755,0.000671506820387388,35.714285714285715,53.91730935980994,0.018347234218327978,0.29096622116477433
2006-02-27,46.83525848388672,-0.0016474435108208008,0.0007097642384107727,35.714285714285715,51.97340383601914,0.01825140780683435,0.1037687395584661
2006-02-28,47.06713104248047,0.004950811975843461,0.0011201721580999194,35.714285714285715,56.984228200994245,0.018944285853808314,0.25429482914381474
2006-03-01,46.78276824951172,-0.006041642791273949,0.0009555092648916535,35.714285714285715,50.083008095614204,0.01873986220675395,0.0857133108418985
2006-03-02,46.457008361816406,-0.006963245226488168,0.00025659048713204613,-42.85714285714286,43.5727827186041,0.018361824164125896,0.2248140223110056
2006-03-03,46.18813705444336,-0.005787529521466883,-0.000765281278549223,-50.0,39.05976741162981,0.020456833410654924,0.045665907641286335
2006-03-06,45.78484344482422,-0.008731540939695526,-0.0022747373028884667,-57.142857142857146,33.461446541658674,0.02660738726868135,-0.33548893660573614
2006-03-07,45.81585693359375,0.0006773745728083647,-0.003369837025480722,-64.28571428571429,34.241978763743916,0.030405315075244875,-0.1806551552718358
2006-03-08,45.80038833618164,-0.0003376254084809238,-0.004218982354993078,-64.28571428571429,34.027574473792285,0.03384869407963565,-0.2933980782086492
2006-03-09,45.81585693359375,0.00033773943789672245,-0.004806730291716091,-78.57142857142857,34.46945319894842,0.036600783493180106,-0.24489203500876214
2006-03-10,45.645267486572266,-0.0037233713050208728,-0.005531170699605548,-85.71428571428572,31.929538180301094,0.039691278996374105,-0.11612859630594459
2006-03-13,45.60902404785156,-0.0007940240186206093,-0.0060898208829815986,-92.85714285714286,31.40014497447261,0.04279298825124058,0.32775597478138563
2006-03-14,45.91411590576172,0.006689287137345179,-0.005881703685114958,-92.85714285714286,40.363736477620705,0.04376278480783491,0.5725660449760025
2006-03-15,45.66593170166016,-0.005405400914414882,-0.006147756129070693,-64.28571428571429,36.21791577823393,0.04583973673568069,0.5677179594667741
2006-03-16,46.07958221435547,0.009058186207558938,-0.005488788660346549,-64.28571428571429,46.14630458915275,0.04605476308778211,0.723063030626223
2006-03-17,45.9399642944336,-0.003029930247031909,-0.005210683316584524,-64.28571428571429,43.67511316263045,0.046530124647824814,0.6695315510450732
2006-03-20,46.01236343383789,0.0015759511465938125,-0.004787083090258378,-64.28571428571429,45.31060910307752,0.0455004738296542,0.39836489756891985
2006-03-21,45.77448654174805,-0.005169847283152285,-0.004844527463949246,-57.142857142857146,41.088997954838895,0.045179552939845484,0.05441075452941766
2006-03-22,45.87275695800781,0.0021468381992693075,-0.00463362944379001,-50.0,43.43371897982731,0.041960770774207526,-0.1309679306325202
2006-03-23,45.72795486450195,-0.003156603245765499,-0.004690336413920008,-42.85714285714286,40.85347652857211,0.03922280128216022,-0.3424522338823342
2006-03-24,46.06405258178711,0.007349939840542996,-0.00405370354052248,21.42857142857143,48.50079887270225,0.03562934437668855,-0.21455990999973432
2006-03-27,45.8934211730957,-0.003704220517472878,-0.00384527038693413,21.42857142857143,45.29863615168994,0.03203326035823499,-0.19914077138355907
2006-03-28,45.46429061889648,-0.00935058976276093,-0.00441352409380004,-57.142857142857146,38.42718825441766,0.025540727534380667,-0.4632943991977099
2006-03-29,45.24710464477539,-0.004777067257941914,-0.005185854110686809,-64.28571428571429,35.49271987763452,0.02220880128031064,-0.7625522811143379
2006-03-30,44.93172454833984,-0.006970171879759568,-0.006315303925686345,-71.42857142857143,31.706340431078857,0.024870555883052068,-0.8533755844757451
2006-03-31,44.91617965698242,-0.00034596694237032377,-0.007129777873436102,-71.42857142857143,31.527808162017962,0.028180096896980446,-1.0480616473338364
2006-04-03,44.93074417114258,0.0003242598607313685,-0.007656585453054765,-85.71428571428572,31.914635684625626,0.031703915110837734,-0.674680836731895
2006-04-04,44.8840446472168,-0.0010393668030046488,-0.008075188164315291,-85.71428571428572,31.303969761115436,0.03478334767729383,-0.615129400285338
2006-04-05,44.9462890625,0.0013867826701545738,-0.008182912468187918,-85.71428571428572,33.14030022392098,0.03679000367541367,-0.600723522277938
2006-04-06,44.603759765625,-0.007620858229223204,-0.008858260170715327,-64.28571428571429,28.608269900914006,0.04078018488679174,-0.723050005755077
2006-04-07,44.16777420043945,-0.00977463710405757,-0.010115818099238321,-71.42857142857143,24.092101535119262,0.04809247654812451,-0.9655484888119102
2006-04-10,44.250789642333984,0.0018795477788351445,-0.010747161173749452,-71.42857142857143,26.472235218075873,0.05305152639875553,-0.6022098312732339
2006-04-11,44.40653610229492,0.0035196312025116416,-0.010815362431587818,-71.42857142857143,30.852827104403296,0.05494973469556131,-0.3159728706215213
2006-04-12,44.13665390014648,-0.0060775333056094505,-0.011328744614454324,-71.42857142857143,27.76585166442407,0.058719647376505674,-0.6563643307976137
2006-04-13,43.82524871826172,-0.007055477802854537,-0.01219895085596624,-100.0,24.69547368369237,0.061859264107413485,-0.7787072526699415
2006-04-17,43.98609161376953,0.003670096581580573,-0.012340586643936259,-92.85714285714286,29.05901212712368,0.06307882039283391,-0.6490675445680786
2006-04-18,44.063995361328125,0.0017710995612578717,-0.012183008755911847,-85.71428571428572,31.140262082179028,0.06217039941171631,-0.7887560468938237
2006-04-19,43.79409790039063,-0.006125124576750518,-0.01250300265665097,-100.0,28.06796589306891,0.06319933136985059,-0.685858189138609
2006-04-20,43.75778579711914,-0.000829155183287078,-0.012629015423760265,-92.85714285714286,27.672394525379403,0.0625082130404262,-0.5886937837379135
2006-04-21,44.01206207275391,0.005810995026432897,-0.01204216189148203,-71.42857142857143,34.62090813971875,0.060237469382338184,-0.22086295164475803
2006-04-24,44.18857192993164,0.004010488235837384,-0.011137715946902237,-71.42857142857143,39.00170698972869,0.052890905412842235,-0.03843583322266325
2006-04-25,43.66432189941406,-0.011863927880467973,-0.01142178310664217,-100.0,32.11806877846992,0.04736258997666597,-0.40672753179802074
2006-04-26,43.59165573120117,-0.0016642000849179661,-0.01156140811565255,-100.0,31.29361070369742,0.04471704299754742,-0.32788615188961473
2006-04-27,43.64879608154297,0.0013108093598035442,-0.011404614489402304,-100.0,32.755357542148914,0.04220458761355551,-0.09057529606743361
2006-04-28,43.67988204956055,0.0007121838586223728,-0.011098944363868584,-71.42857142857143,33.58322159222266,0.04101022970936976,0.16370426306755465
2006-05-01,43.35164260864258,-0.007514659507219745,-0.011424646879690106,-85.71428571428572,29.459096665862106,0.041078902088323904,-0.05487818558333423
2006-05-02,43.46628189086914,0.002644404579117632,-0.01124311012284968,-85.71428571428572,32.573449246842685,0.03902699659784297,-0.09941222492807636
2006-05-03,43.37249755859375,-0.0021576341061527726,-0.011192629882583537,-100.0,31.35389863846494,0.03670265412058348,-0.05054011183935346
2006-05-04,43.299537658691406,-0.0016821696699338418,-0.01115944369204168,-50.0,30.40032778805842,0.03245205055724913,-0.246711567331955
2006-05-05,43.5600700378418,0.006016978315196653,-0.01044863780515817,-50.0,37.68809669590623,0.029031640781532853,-0.5303512812517909
2006-05-08,43.586124420166016,0.0005981253542886034,-0.00977140030796515,-50.0,38.38294831249273,0.028372212302178772,-0.6046923584631574
2006-05-09,43.5600700378418,-0.0005977678142029541,-0.009187516803158123,-50.0,37.927478384602225,0.026927391902375628,-0.5391525468782404
2006-05-10,43.6382064819336,0.0017937630500577395,-0.008462506188881792,-50.0,40.21858404900137,0.023177418474856746,-0.4034859042422676
2006-05-11,43.42457962036133,-0.004895408835390969,-0.008241791737416418,-50.0,36.27623692827163,0.02201737183192115,-0.2193333827648027
2006-05-12,43.06508255004883,-0.008278654012437103,-0.008674545707868778,-100.0,30.804059005990613,0.024887200806273768,-0.35811029281980117
2006-05-15,43.23699569702149,0.003991938173411702,-0.008508428870080973,-92.85714285714286,35.79204511561522,0.024975532335008828,-0.3386153870221257
2006-05-16,43.5600700378418,0.007472173670072024,-0.007655069875607841,-35.714285714285715,43.96669095187652,0.02298484614957844,0.010027080490091671
2006-05-17,43.28914642333984,-0.006219540378759714,-0.007491426588971916,-35.714285714285715,39.43283996072608,0.023170458977340807,0.4547545451737668
2006-05-18,43.8779182434082,0.013600910822092915,-0.0060727403786048975,28.571428571428573,51.20822064107556,0.023744366794259675,0.9969969932518992
2006-05-19,43.99256896972656,0.0026129481732097837,-0.004749934778467567,35.714285714285715,53.119585795200585,0.023588882236272844,1.065532632959517
2006-05-22,44.08634185791016,0.0021315619973938382,-0.0034943304010128956,42.85714285714286,54.68324107114915,0.022492422064803036,0.6633200604735179
2006-05-23,44.06026077270508,-0.0005915910485189135,-0.0025273766178907633,42.85714285714286,54.14233777585557,0.024640990444339792,0.7252906212475432
2006-05-24,44.08110046386719,0.00047298156653252654,-0.0017008339746782033,42.85714285714286,54.529369584439756,0.026689104992148757,0.5117074628973367
2006-05-25,43.909175872802734,-0.0039001882724180037,-0.0013512073254914885,42.85714285714286,50.72576991801318,0.02741272969915832,0.28964578402505536
2006-05-26,43.8779182434082,-0.0007118700994316329,-0.0011142479034603621,42.85714285714286,50.04232343908556,0.02791556666929738,0.09058103099073873
2006-05-30,43.85704803466797,-0.0004756426370198241,-0.0009535403499064747,42.85714285714286,49.5621682802089,0.02772329691104029,0.004255808732003427
2006-05-31,43.59655380249024,-0.005939620741729157,-0.001297872660705494,42.85714285714286,43.90020920579163,0.027497448674583928,-0.19596303655113906
2006-06-01,43.79112243652344,0.004462936105332327,-0.0011870787042384822,42.85714285714286,48.621465154118425,0.02699932596373129,-0.089468974896861
2006-06-02,44.35612106323242,0.012902127081304338,-6.124464415778213e-05,100.0,59.32609040293075,0.029079963388161517,0.19362415022184815
2006-06-05,44.29857635498047,-0.0012973340966835334,0.0007070965824361652,92.85714285714286,58.00063480661242,0.031012947995434106,0.31748870525842193
2006-06-06,44.50782775878906,0.004723659788336887,0.0016700052069656525,92.85714285714286,61.379601247592895,0.03412846563699469,0.6561916933201385
2006-06-07,44.51827621459961,0.0002347554651997985,0.002426151348600921,92.85714285714286,61.54596224446131,0.03648480141616289,1.0566316923306094
2006-06-08,44.607215881347656,0.0019978236874966804,0.0031443209266537827,100.0,63.00674417231142,0.039078245945859784,0.6679225515436965
2006-06-09,44.842620849609375,0.005277284484373146,0.004074424696206792,50.0,66.62102012819932,0.04189361436426052,0.5662935858253011
2006-06-12,44.8792839050293,0.0008175939480183914,0.0048309100713148315,50.0,67.15917896146516,0.04101724017903854,0.5888282496457921
2006-06-13,44.91064834594727,0.0006988623299861718,0.005423112431560217,64.28571428571429,67.6398429792348,0.040444328658581614,0.7263981451919546
2006-06-14,44.460750579833984,-0.010017619043210413,0.005079690161594643,64.28571428571429,55.16694171562504,0.0389419825028352,0.4619581998123623
2006-06-15,44.20440673828125,-0.005765621097476581,0.004274453883337622,64.28571428571429,49.559259002503545,0.0341248386049879,0.08348332952139818
2006-06-16,44.10502243041992,-0.0022482895981332796,0.0034000734802327086,64.28571428571429,47.54155471502129,0.03342915552437028,-0.22165702608437163
2006-06-19,44.04222869873047,-0.0014237319976090346,0.0025587929723574145,64.28571428571429,46.26004494435551,0.03328678144705619,-0.23092672216240187
2006-06-20,43.96901321411133,-0.001662392816675351,0.0017369870039717712,64.28571428571429,44.74554360382875,0.03360516632477749,-0.19966957702940663
2006-06-21,43.979488372802734,0.00023823956749713382,0.0010887344561620116,57.142857142857146,45.0228679801802,0.033825488883307026,-0.2752218828344356
2006-06-22,43.72838592529297,-0.005709535440276969,0.00011395027963139374,-50.0,39.85850501408848,0.03520226012740293,-0.4253357242034738
2006-06-23,43.639442443847656,-0.0020339987301901674,-0.0008198902435727025,-57.142857142857146,38.18759238219786,0.0365697223083625,-0.550659534907381
2006-06-26,43.55574035644531,-0.0019180375072400668,-0.0016986340454057264,-64.28571428571429,36.63129751091025,0.038288316146828004,-0.5923435436351298
2006-06-27,43.77022933959961,0.004924471066247271,-0.001964009428496673,-64.28571428571429,43.03765079914636,0.038640401911452925,-0.4983347113500431
2006-06-28,43.54004669189453,-0.005258886032311172,-0.002589192848171278,-64.28571428571429,38.53522797815369,0.03901167537786841,-0.5012782795617706
2006-06-29,43.68656539916992,0.0033651481430925223,-0.002763622669129572,-64.28571428571429,42.64814872561695,0.03950080548315084,-0.5888672919686533
2006-06-30,44.110260009765625,0.009698510439636321,-0.002081733415892483,-64.28571428571429,52.538468979731356,0.03936033601946057,-0.3279701816980432
2006-07-03,44.0666618347168,-0.0009883907970430483,-0.001625016193686329,-64.28571428571429,51.55328061362857,0.0393208148539806,-0.0848629034229881
2006-07-05,43.71481323242188,-0.007984462349669541,-0.0018991578810553164,-57.142857142857146,44.328894269156734,0.039563166468678496,0.11630017423776619
2006-07-06,43.98261260986328,0.00612605562369839,-0.0015836613101877616,-50.0,50.06465619376767,0.03875836374797289,0.30361351028265365
2006-07-07,44.266239166259766,0.006448606382533972,-0.0008078613706347011,57.142857142857146,55.315619928962676,0.037463710423483634,0.3913559618569984
2006-07-10,44.308231353759766,0.0009486278547921057,-0.00012299372447211758,57.142857142857146,56.05245766244984,0.03431898354461683,0.510838984780766
2006-07-11,44.450042724609375,0.003200564918003135,0.0006675644104854421,71.42857142857143,58.538931266300295,0.03091790773526352,0.4412082590376937
2006-07-12,44.46052551269531,0.00023583302609808676,0.0012975394505212688,71.42857142857143,58.72483517060153,0.026586117482191016,0.4488572534465396
2006-07-13,44.63383865356445,0.0038981352305351713,0.002079303130440381,85.71428571428572,61.776376410747794,0.02799795263790865,0.6670759018640313
2006-07-14,44.660133361816406,0.0005891204755219537,0.002717442165225659,92.85714285714286,62.232590996320745,0.030615840948740362,0.8168284759457227
2006-07-17,44.72837066650391,0.0015279243376788987,0.0033042368832595466,100.0,63.45170039030699,0.03353866591076749,0.9779753383643589
2006-07-18,44.34499740600586,-0.008571142985656643,0.003072163327410603,85.71428571428572,53.08417323380221,0.03397553260093944,0.8063114033187969
2006-07-19,44.76514053344727,0.009474419935009637,0.0035550602433808355,100.0,60.66872720870209,0.03643122942352039,1.0321673772982394
2006-07-20,44.89644241333008,0.0029331278382718207,0.004137321760208448,78.57142857142857,62.69826910263575,0.03932816423105054,1.261292537309906
2006-07-21,44.812381744384766,-0.0018723236057642811,0.004413410536057602,85.71428571428572,60.54429811381669,0.040149288631555445,1.2676492918235276
2006-07-24,44.78615188598633,-0.0005853261392811948,0.004529302059118747,85.71428571428572,59.85332622953264,0.039680774261983576,1.0379066542252149
2006-07-25,44.65483474731445,-0.0029320924692564088,0.004345300866409775,85.71428571428572,56.38393965582018,0.03731561280384426,0.6806732930122396
2006-07-26,44.817665100097656,0.003646421573489267,0.004415966031951316,78.57142857142857,59.517448441606945,0.03653196426441003,0.7174076485830128
2006-07-27,44.74935531616211,-0.0015241709665816394,0.0043183706397806184,64.28571428571429,57.64638384163091,0.03265961758726869,0.6339833688138103
2006-07-28,45.0067253112793,0.005751367663261897,0.004619642728475246,100.0,62.43771479064555,0.030392342271869252,0.45728149966881454
2006-07-31,45.06445693969727,0.0012827333697060794,0.004918401474631025,50.0,63.43690730892671,0.03102041200686426,0.4948272605744376
2006-08-01,45.060279846191406,-9.269153096547189e-05,0.005094136294669645,50.0,63.305691851157306,0.030728885859447625,0.668421393621711
2006-08-02,45.228981018066406,0.0037438997816001685,0.0054516584293029455,71.42857142857143,66.33440330422225,0.027014755610354445,0.8746237424697183
2006-08-03,45.23954391479492,0.00023354266425545944,0.005701826432193012,78.57142857142857,66.52073414342404,0.024961450047697592,0.892880705908943
2006-08-04,45.51371383666992,0.006060404198401592,0.006279242509170784,85.71428571428572,71.00635621733102,0.02706934380030412,0.45684503538294974
2006-08-07,45.54008102416992,0.0005793240163749491,0.006729301350101829,85.71428571428572,71.40317593184365,0.028517240807450894,0.6028622868021151
2006-08-08,45.43991088867188,-0.002199603804939998,0.006847667956767326,100.0,67.61696130990553,0.029160442562099702,0.3963293514711251
2006-08-09,45.29226303100586,-0.003249299014422835,0.006613031186030238,64.28571428571429,62.3674457298494,0.02839453081463583,0.3127475709427226
2006-08-10,45.22372055053711,-0.0015133375080381706,0.006225046036116688,64.28571428571429,60.037201867501366,0.027981022901788073,0.3744481936858739
2006-08-11,45.02864074707031,-0.004313661085199705,0.005521985918699953,64.28571428571429,53.86822354119036,0.02714535256838228,0.2868577830970663
2006-08-14,44.94955062866211,-0.0017564402810303914,0.0047553346784784045,64.28571428571429,51.555302838924355,0.026565671804150908,0.12990297889191446
2006-08-15,45.32913589477539,0.008444695459785878,0.004726613921556658,64.28571428571429,60.35368333180161,0.02329681231019447,0.1522478715278035
2006-08-16,45.6350212097168,0.0067480949924012545,0.005184768468771511,100.0,65.75164906737314,0.024815635479360564,0.15138112185681835
2006-08-17,45.61919403076172,-0.0003468208962222885,0.0054836929765448685,85.71428571428572,65.256562617547,0.026200806731495708,-0.029933350562828902
2006-08-18,45.750953674316406,0.0028882501401896743,0.005867446604920508,92.85714285714286,67.45361650880487,0.02765704218110427,-0.1353040488922065
2006-08-21,45.9144401550293,0.003573400499510715,0.006375889942277567,100.0,69.98947834573352,0.029558600758264445,0.11605556631897866
2006-08-22,45.93024826049805,0.0003442948539800206,0.006743095212917176,42.85714285714286,70.23100754941413,0.029646882483579884,0.22853543140010077
2006-08-23,45.95136260986328,0.0004597046644616576,0.0069891252070506124,50.0,70.57168552286261,0.03019148177231889,0.4241137231331993
2006-08-24,46.03566360473633,0.001834570077688058,0.007237732469732242,57.142857142857146,71.95182872309866,0.02993260262067853,0.32105631746429647
2006-08-25,46.104278564453125,0.0014904740008947481,0.007467823933331131,64.28571428571429,73.05931460400271,0.03115253672013307,0.3127102043292042
2006-08-28,46.14640426635742,0.00091370482775055,0.007637340761303198,64.28571428571429,73.74474430673641,0.03224566175628412,0.520933147173433
2006-08-29,46.20967864990234,0.0013711660648507706,0.007787162222819639,78.57142857142857,74.7825611442101,0.03301278031672203,1.0913197749189032
2006-08-30,46.33102416992188,0.0026259762795342034,0.008012433621826683,85.71428571428572,76.68584939101731,0.03482320135031629,1.7205393011961607
2006-08-31,46.441707611083984,0.0023889703097468296,0.008284379774963465,92.85714285714286,78.29503544257459,0.036724968160125604,2.07357536565429
2006-09-01,46.45759963989258,0.0003421930335050227,0.008442403765635065,100.0,78.52423651650511,0.038999233013271954,2.1338976298447356
2006-09-05,46.16646957397461,-0.006266575720110579,0.008022598732276983,92.85714285714286,64.98580200142072,0.0394058474103753,1.1503389436509384
2006-09-06,46.10293197631836,-0.001376271528721551,0.007461035253551711,78.57142857142857,62.45498776592997,0.039100505516762786,1.357244152810071
2006-09-07,46.192909240722656,0.001951660351027451,0.007069266529410725,78.57142857142857,64.55985155214441,0.03807736250420107,1.7623631723348536
2006-09-08,46.2299919128418,0.0008027784508199964,0.006751769198536075,71.42857142857143,65.42028266206363,0.03624398385269571,1.58481750891698
2006-09-11,46.18762969970703,-0.000916336157156028,0.0063632500263237635,50.0,63.522949785091754,0.031714935376079056,1.4068817051152707
2006-09-12,46.4205436706543,0.005042778173757201,0.006351729807485109,50.0,68.86892368627007,0.025095762975311072,1.4483772327950317
2006-09-13,46.44173049926758,0.00045641060913892417,0.006328854265058759,100.0,69.30954504637576,0.021462706520000954,1.1632620196119894
2006-09-14,46.33583068847656,-0.0022802727127638756,0.006073024449070826,71.42857142857143,64.40283589015661,0.019577992445318285,0.822371941198438
2006-09-15,46.29877471923828,-0.0007997260152173835,0.005732836035490579,71.42857142857143,62.729373732314386,0.016656561946782295,0.2654770402699573
2006-09-18,46.22465896606445,-0.0016008145706506438,0.005277915647534681,71.42857142857143,59.40455709216146,0.014277020722320316,0.22788925438003255
2006-09-19,46.74341583251953,0.011222513655231525,0.005685584410848971,100.0,70.99323818680311,0.01633178971867414,0.6025265358824619
2006-09-20,46.81227111816406,0.0014730477954636445,0.006094611875025311,71.42857142857143,72.13045863229114,0.01825120708236289,0.8979791442513763
2006-09-21,47.24104690551758,0.009159474153074054,0.0070185568007753935,78.57142857142857,77.93245109359304,0.024363503627808977,1.3935886296464342
2006-09-22,47.473968505859375,0.004930491925965175,0.008059379957217056,85.71428571428572,80.32827049736557,0.031287167085517195,1.8412408995746319
2006-09-25,47.807464599609375,0.0070248202171856455,0.009304992638020796,92.85714285714286,83.14916628637025,0.0398295362154128,2.5095020834025257
2006-09-26,47.606353759765625,-0.004206682816753959,0.009925083648214733,92.85714285714286,76.06544715990889,0.0439650584148388,2.356517955613912
2006-09-27,47.46870422363281,-0.00289141102524737,0.010065455804303724,85.71428571428572,71.57111493738407,0.04618089639750015,1.8376475176766964
2006-09-28,47.38926696777344,-0.001673465858371248,0.00992128602992353,71.42857142857143,69.03605698072164,0.04765527573900213,1.6936613861839136
2006-09-29,47.33103561401367,-0.0012287878139023434,0.00959581853775727,71.42857142857143,67.15818325293291,0.048704998673817466,1.4812315201735253
2006-10-02,47.460716247558594,0.0027398646968654905,0.009414675124899644,35.714285714285715,69.16947141930542,0.05004473216453027,1.3837312176630172
2006-10-03,47.39695358276367,-0.0013434829862729591,0.009091047408445707,35.714285714285715,66.99688163707087,0.0495661558536567,1.0357921594739832
2006-10-04,47.74238967895508,0.007288149766592422,0.009238030871544352,35.714285714285715,72.10812865832081,0.0497598823437729,1.0715574978026132
2006-10-05,47.407596588134766,-0.00701249126974246,0.008801768555499828,35.714285714285715,62.07409122683172,0.04816368377084582,0.9328279876372516
2006-10-06,46.91326904296875,-0.01042718004586074,0.007555534365067128,35.714285714285715,50.82766246298054,0.045779285646586336,0.22367586482493004
2006-10-09,47.0408821105957,0.0027201913281735823,0.006619363266190584,28.571428571428573,53.185685045954735,0.04265590932568825,0.07004398680027075
2006-10-10,46.6688117980957,-0.007909509681923943,0.005236984184179176,-78.57142857142857,46.22546530100496,0.04149635265559852,-0.08337175732883934
2006-10-11,46.53062438964844,-0.002961022642811395,0.0038280242250504333,-85.71428571428572,43.9262458835151,0.04102123023482613,-0.3481166719568579
2006-10-12,46.55720901489258,0.0005713360951600244,0.0027123557055654503,-85.71428571428572,44.498189257529845,0.03971900926524245,-0.456192204743387
2006-10-13,46.3233642578125,-0.005022740023038708,0.0014154941955529612,-100.0,40.57751612004609,0.03954006446576442,-0.6623078156828683
2006-10-16,46.53062438964844,0.004474202924520609,0.0007262432024216541,-85.71428571428572,45.187219175840724,0.03741547065377474,-0.490892015904532
2006-10-17,46.5678825378418,0.0008007231513027513,0.00024657319257508824,-85.71428571428572,45.998218357983,0.038195919231033125,-0.5016938379688134
2006-10-18,46.663516998291016,0.0020536570536893173,3.216708116198598e-05,-50.0,48.12007364421763,0.03872053300181089,-0.4013038583646853
2006-10-19,46.57848358154297,-0.0018222676347169342,-0.00028166491851466054,-50.0,46.37524109473694,0.039842037877574066,-0.2380148147312318
2006-10-20,46.53062438964844,-0.0010274957064831947,-0.0006069699710866958,-50.0,45.377925694511596,0.04028280399175229,-0.2228961368317538
2006-10-23,46.34463119506836,-0.003997221120923822,-0.0011782710387692535,-92.85714285714286,41.63096451428211,0.03918645056463271,0.10969958448272313
2006-10-24,46.34463119506836,0.0,-0.001610535507912399,-92.85714285714286,41.63096451428211,0.038597588027778365,0.23799317307129988
2006-10-25,46.71135711669922,0.007913018448399756,-0.0012894095103941456,-85.71428571428572,50.90171330456096,0.03702789758847188,0.38983583368712915
2006-10-26,47.0142936706543,0.0064852869335021435,-0.0005123596966726887,-78.57142857142857,56.980199611088736,0.03569085269850666,0.6868391446187359
2006-10-27,47.23223114013672,0.00463555766697521,0.00046340942793475065,28.571428571428573,60.74537209885488,0.03523607469174138,0.7263666869562166
2006-10-30,47.36506652832031,0.0028123885951836236,0.0014410649150231824,35.714285714285715,62.87799690728193,0.03465314090790956,0.9171297831880466
2006-10-31,47.73173141479492,0.007741251376800484,0.002787586466786191,42.85714285714286,68.03951208492528,0.03713324370221398,1.1321734212308585
2006-11-01,47.99589157104492,0.0055342672142859595,0.00423748778150752,50.0,71.15158935663798,0.03958690536517917,1.2917089079942887
2006-11-02,47.79844665527344,-0.004113787853679551,0.005029705973164671,50.0,65.98012615936034,0.04215005264153645,1.2218226704331288
2006-11-03,47.23291397094727,-0.011831612194530883,0.004691027192543506,50.0,53.89676015998942,0.042664914422669196,1.006148629965846
2006-11-06,47.37167739868164,0.0029378544762179715,0.00454604220006478,50.0,56.02482267138319,0.04351497016673172,1.0277232326187198
2006-11-07,47.59038162231445,0.004616771785220797,0.004737825136676135,50.0,59.21980914314514,0.04499844626319,0.8735550564806528
2006-11-08,47.761112213134766,0.003587502032979195,0.00511827882961464,50.0,61.567286077746594,0.04653970623467741,0.9320827474118131
2006-11-09,47.73445892333984,-0.0005580542110491526,0.005329753368682151,50.0,60.977161846532525,0.047423908576089864,0.8638226288971019
2006-11-10,47.94255447387695,0.0043594408574172405,0.005755134042662801,50.0,63.887526021934335,0.04760405511530371,0.7785417510826121
2006-11-13,47.931861877441406,-0.00022302934319806678,0.006024500897804312,42.85714285714286,63.62494642477283,0.04799741068837823,0.8331457681379819
2006-11-14,48.11857604980469,0.003895408295231606,0.006451495770458718,100.0,66.23467104917596,0.0488615061551746,0.6261807936069355
2006-11-15,47.93720245361328,-0.0037693051432710067,0.006454473341528172,92.85714285714286,61.6105658795562,0.048504467896311285,0.3079015236525126
2006-11-16,47.71844100952149,-0.004563500431704948,0.00602759356961807,50.0,56.48808255456061,0.046363485461690224,-0.12214938071151289
2006-11-17,47.99053955078125,0.005702167453573548,0.0060218064204734184,50.0,60.8483717908612,0.044041641685850216,-0.15705677033964688
2006-11-20,48.06522750854492,0.0015563058565875032,0.006090095114874387,50.0,61.97475999851655,0.03910942049961235,0.05765745882683618
2006-11-21,48.18259811401367,0.0024419026300850355,0.006261032826140754,85.71428571428572,63.74021609764775,0.03248880816561667,0.27043819673664504
2006-11-22,48.26264572143555,0.0016613385445189977,0.006457031711799733,92.85714285714286,64.93591322337377,0.028446615386175166,0.49462754027351247
2006-11-24,48.34801483154297,0.0017688443895131911,0.0066744419914881205,100.0,66.21544551911676,0.026694750623417175,0.3569179069101118
2006-11-27,48.52407836914063,0.0036415877303570543,0.0070424994668740245,100.0,68.74832956377756,0.02716595429670568,0.5485523448999283
2006-11-28,48.62542343139648,0.0020885520274054326,0.007420690550149619,92.85714285714286,70.13623392517177,0.028449320679939567,0.8390398552488271
2006-11-29,48.51336288452149,-0.0023045670138602814,0.007477319546354481,100.0,66.61347270533,0.029914192825530067,0.5007138669590997
2006-11-30,48.83355712890625,0.006600124694446263,0.007897427498460827,64.28571428571429,71.08280276774967,0.03365174178013755,0.5883081348836486
2006-12-01,48.95777893066406,0.002543779504530219,0.008356649817297944,71.42857142857143,72.61445963265781,0.03728878249088685,0.5070818051310285
2006-12-04,49.043434143066406,0.0017495730867131964,0.008761145281618256,71.42857142857143,73.65082516200312,0.037399231329730005,0.546201567149391
2006-12-05,48.813175201416016,-0.004695000374131508,0.008655759275748163,71.42857142857143,66.37860290915344,0.03576766309777806,0.25962522679012345
2006-12-06,48.716773986816406,-0.001974901534305684,0.008301023277359949,71.42857142857143,63.54947752313913,0.03441195547896254,-0.008078371215722822
2006-12-07,48.67928314208984,-0.0007695674745769043,0.007859736806605136,71.42857142857143,62.43497908990434,0.03341703353960825,-0.14036052339907865
2006-12-08,48.32584381103516,-0.0072605697586592965,0.0068902574854179735,64.28571428571429,52.99858469194216,0.03132521735052592,-0.7253852000246953
2006-12-11,48.53466796875,0.004321169404333247,0.006324514877968592,57.142857142857146,57.122052833560545,0.030303887910572952,-0.9153808066315894
2006-12-12,48.636417388916016,0.0020964276552077887,0.005987106677193212,50.0,59.009067991888955,0.029153513490458933,-0.7992837204489522
2006-12-13,48.20267105102539,-0.008918139147096715,0.004998047447370845,28.571428571428573,49.090909504987025,0.02887152769635813,-0.7782016627717799
2006-12-14,48.02594375610352,-0.0036663382146352452,0.003845604331835945,-64.28571428571429,45.71910417409102,0.028376284244635782,-0.8198166902464817
2006-12-15,48.052696228027344,0.000557042086662296,0.002927264646334142,-71.42857142857143,46.32016381394471,0.025966352714005988,-1.0199053097772324
2006-12-18,48.06878280639648,0.00033476952662137016,0.0022020540800654215,-78.57142857142857,46.702339585698944,0.025509805580229295,-0.9985260567045494
2006-12-19,48.00450897216797,-0.001337122150302461,0.0015048892532012906,-85.71428571428572,45.31417407287136,0.025860971216377968,-0.9112396997879355
2006-12-20,47.99916458129883,-0.00011133101834748249,0.0009304402723878378,-85.71428571428572,45.19388367395582,0.026749806830901123,-0.7783416720062785
2006-12-21,48.24015808105469,0.0050207852961206,0.0008658102580620362,-85.71428571428572,51.45220942731055,0.026809490401561557,-0.4948439142943068
2006-12-22,47.8706283569336,-0.00766020964318137,0.00019940581364451642,-100.0,43.289403504888654,0.028790151821520484,-0.5228084805865844
2006-12-26,48.01523208618164,0.003020719263800764,-8.897687786622997e-05,-92.85714285714286,46.843326676312415,0.02970220911221639,-0.36742162977085807
2006-12-27,47.66216659545898,-0.007353197628805597,-0.0009066801128261596,-100.0,40.216461478550904,0.0322832333749416,-0.5269844021390059
2006-12-28,47.55470657348633,-0.0022546189073764378,-0.0017202159316696633,-100.0,38.43426600761649,0.03525076307861214,-0.5507323357642506
2006-12-29,47.51710891723633,-0.0007906190356132825,-0.002401360616011083,-92.85714285714286,37.803051647103366,0.03660312444235958,-0.4561406863494152
2007-01-03,47.85565185546875,0.007124653539466896,-0.002321698919404503,-78.57142857142857,46.34753195781694,0.03464019673658087,-0.36363189454148154
2007-01-04,48.14579772949219,0.006062938498878179,-0.001751862705894991,-78.57142857142857,52.38491170844129,0.030629623023233372,0.11687702316738818
2007-01-05,47.936256408691406,-0.00435222450727879,-0.001650778134537849,-57.142857142857146,48.169242128495995,0.028070320818820504,0.46707212065122133
2007-01-08,48.02222442626953,0.001793381962187146,-0.001401194126044567,-57.142857142857146,49.94885794756721,0.025537773631647723,0.702238025247684
2007-01-09,48.02222442626953,0.0,-0.001191998384027829,-57.142857142857146,49.948857947567205,0.022727166303757346,0.7639306572568616
2007-01-10,47.80727005004883,-0.00447614367699134,-0.0013777528692495043,-28.571428571428573,45.42591482266037,0.022381382868493307,0.6711393648842183
2007-01-11,47.527862548828125,-0.005844456312359969,-0.001981190464381614,-28.571428571428573,40.31562622159216,0.021646132852614262,0.44292557971535446
2007-01-12,47.30755615234375,-0.004635310419399574,-0.002807829246231288,-92.85714285714286,36.80029113788802,0.02065044367443427,0.13113691714714212
2007-01-16,47.40966033935547,0.002158306099831364,-0.0032370949476968032,-92.85714285714286,39.436067235470055,0.021533356244228707,0.19367027780056353
2007-01-17,47.26459884643555,-0.00305974545865928,-0.003796962013790591,-57.142857142857146,37.07060312095054,0.02376094577090693,0.11486429143638102
2007-01-18,47.40966033935547,0.0030691362343142625,-0.003927664263622536,-64.28571428571429,40.88895613866751,0.024403207367624774,0.31662967065547143
2007-01-19,47.2806510925293,-0.0027211594831672015,-0.004222972754040645,-64.28571428571429,38.643266580888444,0.02539656475854037,0.3230280761990879
2007-01-22,47.39348983764648,0.0023865734187193954,-0.004197418904468002,-64.28571428571429,41.6612900235479,0.02565150077947618,0.27769120748161263
2007-01-23,47.08191680908203,-0.006574173575986664,-0.00469272796497792,-85.71428571428572,36.34518498041942,0.02748220794857963,-0.07324094962180591
2007-01-24,47.07650375366211,-0.00011497100769863877,-0.00501529758616108,-92.85714285714286,36.2586205613375,0.027197786149549236,-0.19545348995906886
2007-01-25,46.73798751831055,-0.007190768395268332,-0.005825961619670403,-100.0,31.246558512536744,0.031019894987287203,-0.5628882975876766
2007-01-26,46.70034408569336,-0.0008054140671427401,-0.006435677678253066,-85.71428571428572,30.737730099996185,0.03339005063871414,-0.5254647544297294
2007-01-29,46.5982780456543,-0.002185552206034558,-0.007026056972303242,-92.85714285714286,29.34250868255075,0.03696232760345578,-0.6471385233418832
2007-01-30,46.651981353759766,0.0011524740904127473,-0.007297146675757056,-92.85714285714286,31.11426939519536,0.03957283075560807,-0.726653752087939
2007-01-31,47.044219970703125,0.0084077590181868,-0.006705633526613682,-85.71428571428572,42.46258036954864,0.03999460677465016,-0.07260296665300373
2007-02-01,46.98762130737305,-0.0012030949469525876,-0.006317020723309342,-71.42857142857143,41.402666010723635,0.03940956790199705,-0.0583478913229496
2007-02-02,47.046966552734375,0.001262997438689517,-0.005826124534555592,-71.42857142857143,43.00899734046639,0.03630206891009689,-0.1060335595059425
2007-02-05,47.111698150634766,0.0013758931264533647,-0.0052643665982450225,-35.714285714285715,44.78692580366096,0.03398465644053325,-0.10965640063668382
2007-02-06,47.37065887451172,0.0054967393246780905,-0.0043083536625676665,-35.714285714285715,51.32853585436581,0.0304603844840627,0.12913302239087684
2007-02-07,47.51091003417969,0.002960717942292135,-0.0032868758759164473,50.0,54.47450625190569,0.026696099331296762,0.3689020649215403
2007-02-08,47.54869842529297,0.000795362393313459,-0.002393728272401802,57.142857142857146,55.31261767595631,0.024831478018399546,0.47262967546301893
2007-02-09,47.278953552246094,-0.005673023278874645,-0.002133388004311733,57.142857142857146,48.45511196670122,0.02389451019926381,0.3015562764484479
2007-02-12,47.1710205078125,-0.0022828983368745615,-0.0020812684181537966,57.142857142857146,45.997775063891524,0.023687016503673948,0.15159195398785272
2007-02-13,47.06853485107422,-0.0021726402277285617,-0.002190967540459378,57.142857142857146,43.730010188629095,0.02309748670367042,-0.23576078469735
2007-02-14,47.516361236572266,0.009514347257992606,-0.0014753788481497248,57.142857142857146,54.326395842055234,0.024118715677097766,0.09712280948196633
2007-02-15,47.6566047668457,0.0029514787459250513,-0.000676654392535137,92.85714285714286,57.05388269645928,0.02553632334733688,-0.05995945747565545
2007-02-16,47.82386016845703,0.0035095954155694997,0.0002325878295015347,100.0,60.11309568281676,0.02839787400908075,0.03824549833443318
2007-02-20,47.93180084228516,0.0022570464502011944,0.0011179784004914362,92.85714285714286,61.99466420136947,0.03148431955797273,0.3387521576264246
2007-02-21,47.85087585449219,-0.0016883360602129027,0.0016674635055046883,92.85714285714286,59.72012908853224,0.03359017144385074,0.5447206809350054
2007-02-22,47.59187316894531,-0.005412705220578684,0.0016546614578866626,85.71428571428572,53.015873496089725,0.034047465617069825,0.526039221165206
2007-02-23,47.93180084228516,0.007142557136449623,0.0021729215098873315,100.0,59.44997476074042,0.034565416353679976,0.6005339509031952
2007-02-26,48.25008392333984,0.00664033221079996,0.0030727062443742024,92.85714285714286,64.36996955533309,0.03632909283032481,0.82707883292536
2007-02-27,48.85977554321289,0.012636073770187384,0.004702464532966818,100.0,71.5027364213508,0.041891785751464884,0.9311673367519934
2007-02-28,48.63855743408203,-0.0045276120627121275,0.005620060144041771,64.28571428571429,66.31532302949022,0.04321282260079563,0.8343530978384723
2007-03-01,48.607666015625,-0.0006351220119736878,0.006211451039988247,64.28571428571429,65.59962240886512,0.04534615753457719,0.1851304541566874
2007-03-02,48.85142517089844,0.005014829454989211,0.006966315873509123,64.28571428571429,68.48950683001641,0.047855885688902554,0.059774425250414695
2007-03-05,48.93267059326172,0.0016631126334403223,0.007622621650692333,64.28571428571429,69.41185121069823,0.049941166984917115,0.13463714682990222
2007-03-06,48.78644180297852,-0.002988367250556956,0.007844068634915517,64.28571428571429,65.68515651900272,0.0502265867681155,0.03620952654794855
2007-03-07,48.975955963134766,0.003884566144864321,0.008188347193826483,57.142857142857146,68.07727971073815,0.05204054403357894,0.1738433593222046
2007-03-08,48.93267059326172,-0.000883808575490197,0.008325402181904949,21.42857142857143,66.92964365783178,0.0533361609630921,0.29841541438931823
2007-03-09,48.41813278198242,-0.010515220302530381,0.007573041296581614,21.42857142857143,55.04962326686513,0.052444849483518234,0.15317208566246351
2007-03-12,48.607666015625,0.003914509353262652,0.007112392276144142,21.42857142857143,58.00650182605895,0.05020066443589425,-0.004819727522793675
2007-03-13,48.9001579284668,0.006017402949316075,0.007130679966984728,21.42857142857143,62.144946816153556,0.047339017384419105,0.04001247876329555
2007-03-14,48.67809295654297,-0.0045411913034856255,0.006765540693545937,21.42857142857143,57.5109418722719,0.04138402092968315,-0.3612503435732048
2007-03-15,48.67265701293945,-0.00011167125237154796,0.0063686796076730156,14.285714285714286,57.39811102778576,0.03814571761420515,-0.47408772900706636
2007-03-16,48.661865234375,-0.00022172158305600043,0.005968215107478188,7.142857142857143,57.15836032614845,0.03520648917029704,-0.38665713799996265
2007-03-19,48.55897521972656,-0.002114386987693062,0.005428148610474629,-57.142857142857146,54.80780964359655,0.032813766457928696,-0.2011533783818305
2007-03-20,48.58601760864258,0.0005568978503696087,0.004974907009071731,21.42857142857143,55.32778629266413,0.03077096085628123,-0.2945653285675569
2007-03-21,48.607666015625,0.00044556866456524347,0.004598970944813119,-35.714285714285715,55.76655614127187,0.02763612897643601,-0.07845284603755438
2007-03-22,48.22315979003906,-0.007910402969406927,0.0036516166072311797,-35.714285714285715,46.94661476076221,0.02142984413752216,-0.13260973389217834
2007-03-23,48.0877685546875,-0.0028075977588579715,0.0026224385115195844,-35.714285714285715,44.2903414423123,0.019820074753605775,-0.5784518146632912
2007-03-26,48.147342681884766,0.0012388623757726425,0.0018746662113119032,-57.142857142857146,45.744996740672576,0.020579985638097275,-0.7035106439006854
2007-03-27,48.06607055664063,-0.0016879877625045614,0.0011372486106282496,-57.142857142857146,44.054971718114615,0.022517101579093455,-0.5987699454063226
2007-03-28,47.96862411499024,-0.0020273436235141995,0.00038310751993613103,-71.42857142857143,42.04904650150919,0.02516908421479796,-0.6329918646864944
2007-03-29,47.90361785888672,-0.00135518283675784,-0.0003224624549839138,-78.57142857142857,40.71714834373027,0.027807669578340886,-0.6727980119563319
2007-03-30,47.81158447265625,-0.001921219948388453,-0.001027225212144466,-85.71428571428572,38.841358386625394,0.02993133353456711,-1.0638817249650674
2007-04-02,47.89094161987305,0.0016597891095238015,-0.0014324148451880685,-85.71428571428572,41.350341114465515,0.030416842078939632,-1.1907364596616612
2007-04-03,47.83106994628906,-0.0012501669743562038,-0.0018369057478784788,-85.71428571428572,40.0165152296379,0.03141436084482525,-1.2903548655994757
2007-04-04,47.88005065917969,0.0010240354845840738,-0.0020476900567742004,-50.0,41.67407822562739,0.03049348365058603,-1.2333973915404308
2007-04-05,47.7006950378418,-0.0037459363319095607,-0.0024991540175373743,-78.57142857142857,37.579034509037875,0.03017304755165938,-1.2039986483642144
2007-04-09,47.38536834716797,-0.006610526123857818,-0.0033679518004405646,-85.71428571428572,31.684267610897987,0.033893974723600014,-1.2664458614300222
2007-04-10,47.52671432495117,0.002982903430182038,-0.0037480902855936164,-85.71428571428572,36.49319981318902,0.0351653207568525,-1.188025190592418
2007-04-11,47.494083404541016,-0.00068658060784621,-0.004068617304744583,-85.71428571428572,35.86552362364286,0.03412429924131647,-1.199616861634404
2007-04-12,47.504981994628906,0.0002294725849336654,-0.004252077657185354,-78.57142857142857,36.25985599227152,0.03372550061483943,-1.1330730321668703
2007-04-13,47.35817337036133,-0.0030903837472073814,-0.00460885846870803,-92.85714285714286,33.29053227579701,0.03346144075732397,-1.149164701594395
2007-04-16,47.61912536621094,0.005510178650870889,-0.0043619442687356765,-92.85714285714286,42.330581255769864,0.031173077965355532,-0.9232767672820885
2007-04-17,47.8854866027832,0.005593576835438263,-0.0036718221583776998,-78.57142857142857,49.80741845337756,0.028588174064143962,-0.48781843877634223
2007-04-18,48.12469100952149,0.00499534250789857,-0.002696335681337737,-78.57142857142857,55.39974507234724,0.025674077594654565,-0.15110911720694298
2007-04-19,48.04314422607422,-0.0016944894966939295,-0.0020542911947284723,28.571428571428573,53.22267678885556,0.021608912611571617,-0.1340871283229343
2007-04-20,47.91810607910156,-0.002602622059544424,-0.0017364042319601056,28.571428571428573,49.97945830587274,0.02031387754852435,-0.24296212104548962
2007-04-23,48.09203720092773,0.003629757852679827,-0.0011695610380343254,28.571428571428573,54.163627042413864,0.020334548421695475,-0.1893170838516453
2007-04-24,48.27145004272461,0.0037306143020578997,-0.0004178871290945294,50.0,58.06073572544355,0.02116640645744722,0.14485004141813723
2007-04-25,48.1028938293457,-0.003491840689055725,-0.0001065357188926507,50.0,53.46185426720187,0.021329177292556598,0.29197635726465127
2007-04-26,47.75501251220703,-0.007232024717116814,-0.00044033627185044726,50.0,45.45875442180365,0.02115260211936954,-0.42154744004098194
2007-04-27,47.744171142578125,-0.0002270205588603691,-0.0007145069131871854,50.0,45.23151010322473,0.021095555582039217,-0.7704289280699765
2007-04-30,48.24427795410156,0.010474719731335735,-8.461560133818739e-05,50.0,56.12678644270947,0.022611192843947938,-0.6709338980919556
2007-05-01,48.2791862487793,0.0007235737823860777,0.00046143741763895134,85.71428571428572,56.77320096890986,0.02409439519802606,-0.4944966144292757
2007-05-02,48.25188446044922,-0.0005654981049058039,0.0008393139248148051,85.71428571428572,56.077302436739586,0.02523370266030398,-0.2844156626566479
2007-05-03,48.14276885986328,-0.002261374903924751,0.0009473493617175972,85.71428571428572,53.267072819659624,0.02575124035751073,-0.13155043873364564
2007-05-04,48.33918380737305,0.004079843186450383,0.0013396979147706435,78.57142857142857,57.40502468653248,0.02684959318469048,-0.008783120006202003
2007-05-07,48.47010040283203,0.002708291393182627,0.0018458889824201174,42.85714285714286,59.95047525585437,0.026769649379412966,0.12948478238489186
2007-05-08,48.36101531982422,-0.002250564411899525,0.002049356660392898,50.0,56.89929057280646,0.026360553493600863,-0.038776231656280614
2007-05-09,48.17002487182617,-0.003949264644982686,0.0018745139354079305,50.0,51.91713224486273,0.024641741405130976,-0.34265837414121253
2007-05-10,48.284629821777344,0.002379175644108944,0.0018950837991863064,50.0,54.49211170093735,0.022817476557115683,-0.3589464075109739
2007-05-11,48.115482330322266,-0.0035031332347252864,0.0016193096766507755,50.0,50.217602555535066,0.018275472155153745,-0.7534797168828902
2007-05-14,47.990020751953125,-0.0026075095227732215,0.0011746304910891865,50.0,47.25656040660314,0.015903664593194092,-1.0710746409178085
2007-05-15,47.97360610961914,-0.00034204282633731875,0.0007825144315933306,50.0,46.86719004477825,0.0155110141500058,-1.0915515067763804
2007-05-16,47.940914154052734,-0.0006814571223123789,0.00041198806371230476,50.0,46.05331848674544,0.01590309437353056,-1.1498407433941111
2007-05-17,47.74449920654297,-0.004097021322509775,-0.00021111632657581364,-50.0,41.40151357422293,0.01729584898607057,-1.1468972614933384
2007-05-18,47.428070068359375,-0.00662755172726226,-0.0012351048370276238,-57.142857142857146,35.227966617229704,0.021054826778465607,-1.3567424128751373
2007-05-21,47.56988906860352,0.002990191252558727,-0.0017783448614958229,-64.28571428571429,39.57672643442949,0.023042930951690372,-1.0584635041076977
2007-05-22,47.32440948486328,-0.005160398490444695,-0.0026117123294633776,-71.42857142857143,35.174508210721335,0.026230616715833995,-1.1568871767537934
2007-05-23,47.18797302246094,-0.0028830040118299483,-0.003467625632831557,-78.57142857142857,32.97883945323486,0.03012948347411491,-1.2115041053088431
2007-05-24,47.23163986206055,0.0009253807019602434,-0.004015244406635432,-85.71428571428572,34.390440284747214,0.03280525080384112,-0.4083603027132197
2007-05-25,47.12251663208008,-0.0023103841047900087,-0.004595967028373742,-85.71428571428572,32.545665905356266,0.03592035693944115,-0.30573835594824694
2007-05-29,47.11707305908203,-0.00011551957295807824,-0.005001081460808852,-100.0,32.452146771436944,0.03808726862982784,-0.03548917109929591
2007-05-30,47.21526718139648,0.002084045462486861,-0.0050842260135317875,-78.57142857142857,36.02335287393604,0.038888274576311506,0.010441315769231619
2007-05-31,47.128021240234375,-0.001847833261790388,-0.00525669563807982,-78.57142857142857,34.28875236388998,0.03974618546910621,0.21718782832537328
2007-06-01,46.880401611328125,-0.005254191081862203,-0.005774017363409348,-78.57142857142857,29.889679852886502,0.0419687948484813,-0.3757193117288965
2007-06-04,47.09402847290039,0.0045568479413504726,-0.005702278336129141,-71.42857142857143,37.35658044480522,0.04130669158525504,-0.29704213027388005
2007-06-05,46.79825592041016,-0.006280468290378427,-0.0061411856270247546,-100.0,32.23735237942094,0.040533908183717174,-0.5929804573389283
2007-06-06,46.77633285522461,-0.0004684590216960105,-0.006427218742182332,-100.0,31.888533486322096,0.03955649370530348,-0.6570036771551511
2007-06-07,45.93829727172852,-0.01791580340617671,-0.008151032260155632,-100.0,22.06151405146146,0.04605699596284809,-1.7276818497167012
2007-06-08,45.89999008178711,-0.0008338835398017386,-0.009391198871382057,-100.0,21.731838863010143,0.049588213223015244,-1.5879908438921522
2007-06-11,45.76850128173828,-0.0028646803586348524,-0.010509114194105091,-100.0,20.59423821379199,0.05337524624125615,-1.4162619505314984
2007-06-12,45.10578536987305,-0.014479738101663808,-0.012581326697562466,-100.0,16.037506005653082,0.062324650807780116,-2.5468267452050184
2007-06-13,45.642520904541016,0.011899483187504112,-0.01283848762937555,-50.0,29.619872839944456,0.06377115005886011,-2.0442290516633843
2007-06-14,45.52751159667969,-0.0025197843059954206,-0.013243955615013334,-50.0,28.553978684374826,0.06463975565761305,-2.202553388975835
2007-06-15,45.83969497680664,0.006857027084909317,-0.01275085975084188,-50.0,35.35433644207504,0.06351895707591375,-1.1113694868722654
2007-06-18,45.74662399291992,-0.002030357835797303,-0.012477187298936513,-50.0,34.30597113698297,0.06363784155874389,1.3159531486862706
2007-06-19,46.1738166809082,0.009338234184327998,-0.011250268863859098,-50.0,42.70418685095485,0.06073394773802511,2.2937397204310823
2007-06-20,45.80137634277344,-0.008066050521848278,-0.010983279130847826,-50.0,38.12782134195377,0.05965907708012818,2.131360884245699
2007-06-21,45.58228302001953,-0.004783553252073247,-0.011011526955176695,-50.0,35.70387650704275,0.05950657909167142,1.8013719259386451
2007-06-22,45.878047943115234,0.006488593889994565,-0.010282482506846474,-42.85714285714286,41.14359793413938,0.05726150694528361,1.7093532203268884
2007-06-25,46.13002395629883,0.0054923002281181965,-0.009161283750793213,-35.714285714285715,45.383111615935626,0.0546709142904649,1.5783394316350352
2007-06-26,46.140960693359375,0.00023708500717245506,-0.008201597044368564,-28.571428571428573,45.5663864147843,0.05161783985093608,1.4828777031893439
2007-06-27,46.184814453125,0.0009504301407390336,-0.0072752091980872735,78.57142857142857,46.34388351725831,0.047183896143481674,0.8904297868745941
2007-06-28,46.1738166809082,-0.00023812528743527572,-0.0064931417481915955,78.57142857142857,46.165795578196494,0.042644383430602305,0.4410831964822519
2007-06-29,46.65034866333008,0.010320394038791036,-0.004930889280347712,92.85714285714286,54.351253129079865,0.04116993586100469,0.34200177248435876
2007-07-02,46.89558410644531,0.005256883391913547,-0.0032661533256112207,100.0,57.89900236964639,0.039398996948048465,0.4616280271020999
2007-07-03,46.60969543457031,-0.006096281287937044,-0.0024460792837397724,71.42857142857143,52.75192430377673,0.03816591338117364,0.3609444218503878
2007-07-05,46.08736038208008,-0.0112065751046041,-0.0026840506247246634,71.42857142857143,44.898509974316276,0.03516962589512261,-0.025305843625995965
2007-07-06,45.90041732788086,-0.004056276008202575,-0.0031545610986927416,71.42857142857143,42.46201431362555,0.03519899140736762,-0.11116273237884323
2007-07-09,46.06533432006836,0.003592930125437599,-0.003180637293180186,71.42857142857143,45.28297445324971,0.03517768421001283,-0.1520526195650277
2007-07-10,46.84609222412109,0.016948925164157247,-0.0017912580873771424,42.85714285714286,56.225128873534544,0.03829371753847002,0.054061397121686956
2007-07-11,46.36225509643555,-0.010328228134179551,-0.001563888352663242,42.85714285714286,49.60490782530905,0.033687016535787886,0.023624997985240846
2007-07-12,46.20279693603516,-0.003439396122313365,-0.0016332668374872486,42.85714285714286,47.61506552428635,0.03237037226693369,-0.08719815698705358
2007-07-13,46.32924270629883,0.0027367557517941066,-0.0014425172287523243,42.85714285714286,49.35012601868227,0.030111599088113273,-0.12242421000168177
2007-07-16,46.77462768554688,0.009613474195370397,-0.0005083492174410858,-21.42857142857143,55.0034442351422,0.031265142593988514,-0.05082338576342863
2007-07-17,46.67564392089844,-0.002116184982035252,4.9873539732330994e-05,-21.42857142857143,53.57231593913181,0.030798794550738657,0.005126610769390727
2007-07-18,46.85158157348633,0.003769367443244187,0.0007852342563158475,57.142857142857146,55.77492185622953,0.03255323503072234,0.04345685606492967
2007-07-19,46.84059143066406,-0.00023457357154588188,0.0013341703046247902,57.142857142857146,55.59748486974122,0.03237234138824302,0.12009287992836745
2007-07-20,47.26395797729492,0.009038454334154844,0.0024477918838136004,71.42857142857143,60.77441703624724,0.03273567277510036,0.23983143575593524
2007-07-23,47.18699645996094,-0.0016283341604813595,0.003177033206412208,71.42857142857143,59.41820926340418,0.03351789751838234,0.27224164127431816
2007-07-24,47.362937927246094,0.0037286006841830144,0.003991597883810854,85.71428571428572,61.53164162039343,0.036177400363874415,0.38042696103449747
2007-07-25,47.45642852783203,0.00197391894754384,0.004741651761207294,92.85714285714286,62.64488879705718,0.03865696536946155,0.4821554060914227
2007-07-26,47.85227966308594,0.008341359590972042,0.005897639082919616,100.0,66.99956831303945,0.0436536155632603,0.4782868154307762
2007-07-27,47.98976516723633,0.0028731233938776857,0.006976001261550983,100.0,68.37836486074522,0.0481516779793672,0.538382250185834
2007-07-30,47.85227966308594,-0.0028648922050623638,0.00754769593555172,78.57142857142857,65.43414860872666,0.051696131685327336,0.444021215212369
2007-07-31,48.19870376586914,0.007239448260820014,0.008410506520134716,92.85714285714286,69.05027545491413,0.057226335734282895,0.7207271031579675
2007-08-01,48.094383239746094,-0.0021643844745243834,0.00887971548581433,100.0,66.78449212807436,0.060600542228581855,0.4815908532579581
2007-08-02,48.21583557128906,0.002525291382520445,0.009309780853606401,92.85714285714286,68.09700969355077,0.061578658669018224,0.517132476039797
2007-08-03,48.53597640991211,0.006639744698600181,0.01002128406624706,92.85714285714286,71.31469524527344,0.06196120183708797,0.7196625806631356
2007-08-06,48.182716369628906,-0.007278313251591673,0.010004849956391447,92.85714285714286,63.6821710662424,0.05962331393919506,0.6349468536101455
2007-08-07,48.14405059814453,-0.0008024821844363483,0.009764214618970118,78.57142857142857,62.888794664997846,0.060380174684366836,0.4630921916106892
2007-08-08,47.55892562866211,-0.012153629829912416,0.008593030385711709,78.57142857142857,52.27517445507135,0.05676357896403305,-0.06064503518841934
2007-08-09,47.625221252441406,0.0013939680701984258,0.007584018008137314,71.42857142857143,53.23812308504596,0.05107324931548734,-0.27851822828272366
2007-08-10,47.5147705078125,-0.002319164966047116,0.006546603460402211,64.28571428571429,51.37815395586875,0.04529861757111161,-0.5242773149309362
2007-08-13,47.652774810791016,0.0029044505845992052,0.00586007062898444,57.142857142857146,53.56124684016742,0.04230939518003219,-0.427927354810127
2007-08-14,47.77973175048828,0.002664208751774755,0.005468222426214831,50.0,55.53898434883743,0.0378758612359796,-0.26358976026577824
2007-08-15,47.60861206054688,-0.00358142843570175,0.004842748360963799,-28.571428571428573,52.305549664535334,0.03418085459250388,-0.3507401829707863
2007-08-16,48.09984970092773,0.010318251659092947,0.005053087155262294,-28.571428571428573,59.580548245246256,0.029908896434361735,-0.407243150436387
2007-08-17,47.90670394897461,-0.004015516745978331,0.004898390351460284,-28.571428571428573,55.965894342593714,0.028030450607481546,-0.12449157332396182
2007-08-20,47.9343147277832,0.0005763447812650035,0.004748644995406989,-28.571428571428573,56.37336107852573,0.02507052937255895,-0.16855323379272708
2007-08-21,48.16611099243164,0.004835706236018922,0.004941277902780181,-28.571428571428573,59.74137857627896,0.02350655324156863,-0.1304949802157867
2007-08-22,48.08887481689453,-0.0016035377144990592,0.004933788654056375,-28.571428571428573,58.130994932151026,0.021924721266812826,-0.055471010849836945
2007-08-23,48.25444030761719,0.0034429063136343085,0.0051224891831626465,-28.571428571428573,60.58379772516723,0.022502331227652855,0.03597281324969122
2007-08-24,48.491825103759766,0.004919439426284367,0.005590151938393085,78.57142857142857,63.85347097639541,0.024409216970837175,0.10072026014824993
2007-08-27,48.74570083618164,0.005235433640178533,0.006297168730329032,85.71428571428572,67.005724543648,0.027730310030665613,0.10890499691240724
2007-08-28,48.82852554321289,0.0016991181911527597,0.006925921352501193,92.85714285714286,67.98659097194547,0.031106902917223882,0.054923938671114135
2007-08-29,48.69602584838867,-0.0027135714902338792,0.0071509118810337835,100.0,64.67419709352134,0.033088684861202734,-0.32520327857799725
2007-08-30,49.021732330322266,0.006688563928145985,0.007712902357710912,92.85714285714286,68.70992204928767,0.03700793452072746,-0.33173681245076503
2007-08-31,49.06031799316406,0.000787113408840634,0.008158903801320791,100.0,69.15942875962277,0.040008363912759096,-0.2861973045869769
2007-09-04,49.08361053466797,0.0004747735533869868,0.008453968808896793,100.0,69.44478701804617,0.04326805429977824,-0.2769781995746589
2007-09-05,49.477149963378906,0.008017735949416016,0.009158002057884734,85.71428571428572,73.84764685765552,0.048818116618971084,-0.09901147527537378
2007-09-06,49.34964370727539,-0.0025770735824091062,0.00947675705897396,92.85714285714286,70.31248022602117,0.05033187305529195,-0.20009815130599456
2007-09-07,50.04801177978516,0.014151430892839878,0.010579137329347163,100.0,76.84939871022311,0.05649103157073443,0.0006141660754865956
2007-09-10,50.43595504760742,0.007751422164965049,0.011951576472853049,85.71428571428572,79.54396645624591,0.06313434488569243,0.20834336236137838
2007-09-11,50.39717483520508,-0.0007689001301895981,0.012902986816482987,92.85714285714286,78.55960909725741,0.06748317281072387,0.145515212264384
2007-09-12,50.20870590209961,-0.0037396725852539836,0.013245357692582513,92.85714285714286,73.78097051925357,0.06921790807391523,-0.12916530182583202
2007-09-13,49.759803771972656,-0.008940722969483672,0.012725258759310819,85.71428571428572,63.82284476106399,0.06626193438903188,-0.37243421747274913
2007-09-14,49.83182907104492,0.0014474594675317753,0.012176979185824138,78.57142857142857,64.64731268195804,0.06544430329088897,-0.527433656972032
2007-09-17,50.07018661499024,0.004783238913536492,0.011947477913132503,71.42857142857143,67.30299339107819,0.06358079430372465,-0.3757730809527604
2007-09-18,49.69328308105469,-0.007527504078099767,0.011160457988856617,57.142857142857146,59.66999112745872,0.05943562517823366,-0.2399936100073517
2007-09-19,49.23325729370117,-0.00925730317723561,0.00969695952338639,57.142857142857146,51.92882856623001,0.0556362357137293,0.08457056177879572
2007-09-20,48.30213165283203,-0.018912533763803308,0.006981480875538026,-50.0,40.48122353156446,0.054158311225456224,-0.5890065405048602
2007-09-21,48.7122688293457,0.008491078188049839,0.005260635929824816,-50.0,46.11593869632106,0.05164001533625879,-0.7747084599612158
2007-09-24,48.85087203979492,0.0028453449978851353,0.004113772940090635,-50.0,47.91065458780104,0.04997552223775668,-0.7036029806914947
2007-09-25,48.67902374267578,-0.0035178143182204025,0.002909659279901866,-50.0,45.87066905329929,0.05027394994832058,-0.9653817916797643
2007-09-26,48.72339630126953,0.0009115334528546626,0.0019926273616402653,-50.0,46.50405693975719,0.05069490574924,-0.8308980542851383
2007-09-27,49.06147766113281,0.006938788867935974,0.0017945924604092411,-50.0,51.190397080260155,0.049450681443266864,-0.6566609336339868
2007-09-28,49.17229843139648,0.0022588143599975297,0.0018058549611403686,-50.0,52.654515307275716,0.04913607000195449,-0.5561023798878195
2007-10-01,49.45329666137695,0.005714563665811134,0.002240328224229945,-50.0,56.23898843111124,0.04869411469955146,-0.3361646458757198
2007-10-02,49.60908889770508,0.00315029021007196,0.0028057023966706045,-42.85714285714286,58.1315939386564,0.04833526335634225,-0.1634077989135472
2007-10-03,49.46437072753906,-0.0029171704899565443,0.0029982353191109704,-28.571428571428573,55.72084291853544,0.048334362504486375,-0.16511430387607084
2007-10-04,49.65353775024414,0.003824308687702782,0.003400549299992147,-28.571428571428573,58.16318127796737,0.04840413116481699,-0.0503050570438599
2007-10-05,49.11944961547852,-0.010756295703481689,0.002858645467459677,-21.42857142857143,49.809616110646964,0.04756939091942875,0.178276929016421
2007-10-08,49.08048629760742,-0.0007932360434841357,0.002311085889904309,-14.285714285714286,49.253850607453,0.04403581040170684,0.26913835662121205
2007-10-09,49.01927185058594,-0.0012472257640296913,0.001756668223585499,64.28571428571429,48.34125371897009,0.03989514462526719,0.2972032523046247
2007-10-10,49.0471076965332,0.0005678551495442719,0.0013445507265405162,64.28571428571429,48.8057636898493,0.03619443573962269,0.2984703289962392
2007-10-11,48.99700927734375,-0.001021434729636339,0.0009265897099054235,35.714285714285715,47.9697319762487,0.035014097289787154,0.48810860110883214
2007-10-12,48.75777816772461,-0.004882565551399098,0.00019896992010035527,35.714285714285715,44.08615285923819,0.03367517254659029,0.42473439114389044
2007-10-15,48.76894760131836,0.00022908003632426954,-0.0003585756364404524,35.714285714285715,44.31283544067255,0.02937390236186421,0.4210858514027434
2007-10-16,48.78556823730469,0.00034080366306454835,-0.000763830110363168,35.714285714285715,44.672288885288744,0.02735471019751957,0.32551105770858035
2007-10-17,49.31974792480469,0.010949543211254964,-0.00019710225715669389,-57.142857142857146,54.776000220388674,0.027613932875785164,0.4293630194866904
2007-10-18,49.59243774414063,0.0055290189185821514,0.0006799814797802054,-57.142857142857146,58.90196504315408,0.025749226665478984,0.3701050323518236
2007-10-19,50.33240509033203,0.01492097141925286,0.0025113621080796998,28.571428571428573,67.5528639170843,0.032821792727963636,0.604852933554204
2007-10-22,50.33797454833984,0.0001106535242616502,0.003933809009304467,35.714285714285715,67.60813032731681,0.03807379432477036,0.7658205436046194
2007-10-23,50.27121353149414,-0.001326255524675246,0.0049043559418779975,35.714285714285715,66.1535663085055,0.04050033154824728,0.8318128332475669
2007-10-24,50.644004821777344,0.007415601575833319,0.00615071953269695,50.0,70.03091528923073,0.04495043636879457,0.8433782160146311
2007-10-25,50.47148513793945,-0.0034065174040838198,0.00683695105789175,50.0,66.24861208669743,0.04793099611222533,0.2461097886688134
2007-10-26,50.35466766357422,-0.00231452421195788,0.007112037526373512,50.0,63.73833815515461,0.049760082753726995,-0.13433962985612596
2007-10-29,50.54941940307617,0.0038676005331443886,0.007513552661117529,50.0,66.04809715383429,0.052629594024169314,-0.211453570654563
2007-10-30,50.521583557128906,-0.000550665987383625,0.0077242989158134425,50.0,65.40681416091732,0.054969249055146184,-0.15683271544654392
2007-10-31,50.06532669067383,-0.009030929640975183,0.007142228846726587,50.0,55.83704407094731,0.055273182671288154,-0.35501735652083766
2007-11-01,50.71586227416992,0.012993734915890842,0.00748887545841474,92.85714285714286,63.93858451897076,0.05808659866049949,-0.17807546692993037
2007-11-02,50.8779182434082,0.0031953704811762407,0.007976312660383325,100.0,65.63006444286192,0.06006861084061816,0.013394338812416598
2007-11-05,50.855560302734375,-0.0004394429144459755,0.008254570539465413,92.85714285714286,65.17584865779594,0.06088750048705406,0.027147549350881605
2007-11-06,50.609649658203125,-0.004835472130626184,0.008028849885679392,85.71428571428572,60.237764885217956,0.059610528307270955,-0.059531924916746186
2007-11-07,50.6990966796875,0.0017673906476030066,0.007856185645990135,78.57142857142857,61.38384256244856,0.05806002296236923,0.16149335256063507
2007-11-08,50.609649658203125,-0.0017642724889063155,0.007514995023965558,71.42857142857143,59.53582405093925,0.055124705279038816,0.01005367715221718
2007-11-09,51.03997421264648,0.008502816307751404,0.007763437204127023,50.0,64.99576302771897,0.05069055745197188,-0.012583302081892615
2007-11-12,51.22440719604492,0.0036135007167137356,0.008177959756385708,57.142857142857146,67.04799335860935,0.04513851000602943,-0.024308876173265215
2007-11-13,51.03437042236328,-0.0037098872214242906,0.00816578057750505,57.142857142857146,62.95253556785454,0.035588379973057846,-0.041755641233619786
2007-11-14,51.09027099609375,0.0010953514909233242,0.008117809143205729,57.142857142857146,63.655794328750034,0.02965901657282731,0.05847171383247976
2007-11-15,51.57085800170898,0.009406624710445843,0.008663604831350839,78.57142857142857,69.08851070948532,0.028267023468265505,0.23036953141105637
2007-11-16,51.64353561401367,0.0014092767722089228,0.009151285852388169,85.71428571428572,69.82314160124812,0.031777368842614215,0.23093690670997866
2007-11-19,51.97886276245117,0.006493109823923593,0.009892372896503545,92.85714285714286,73.01027646788525,0.03701648485836587,0.25811842721590006
2007-11-20,51.9229736328125,-0.0010752280190140517,0.010331853014041454,92.85714285714286,71.65196970184715,0.03980315545031192,0.08366155798397049
2007-11-21,52.22472381591797,0.005811496568732366,0.010950049666087558,100.0,74.41912852208215,0.04513530770294726,0.07063981060852391
2007-11-23,52.38121795654297,0.0029965527663986524,0.011560774498947548,100.0,75.74166427848826,0.04969035243965251,0.12877937710673792
2007-11-26,53.41514205932617,0.01973845097761906,0.013246263381171105,85.71428571428572,82.26531639063742,0.061463861363303715,0.40266790677643366
2007-11-27,52.90654373168945,-0.009521613310919164,0.013964577088332137,85.71428571428572,72.00701301543411,0.06600932646530853,0.5043781239389615
2007-11-28,52.5488510131836,-0.006760840782188637,0.013822577472771672,85.71428571428572,65.79318103659973,0.06694089214760705,0.27967636792737155
2007-11-29,53.00153350830078,0.00861450795572316,0.014045530604480497,78.57142857142857,69.39294881051394,0.06660883077450101,0.010049262818787949
2007-11-30,52.74448776245117,-0.0048497794089175095,0.013832850586064076,50.0,65.19735736332898,0.06704084268314181,0.25457530332173683
2007-12-03,53.16303634643555,0.007935399541074695,0.013977062692132032,50.0,68.5335126189114,0.06933420207735619,0.3761602784490402
2007-12-04,53.15743255615234,-0.00010540764163080585,0.014009159128422665,50.0,68.43891986744923,0.07031268851630541,0.48911902923332984
2007-12-05,52.523414611816406,-0.011927173940656233,0.013078031448650579,50.0,58.58623067645164,0.06663335542014472,0.16571126603641698
2007-12-06,52.06330108642578,-0.00876016018362813,0.01146863801506614,42.85714285714286,52.661201008363925,0.06219514358805901,-0.14228213868683443
2007-12-07,51.47977066040039,-0.011208095027565035,0.009195438129423963,-64.28571428571429,46.270062271425886,0.05748305649639714,-0.36187746850542735
2007-12-10,51.17118453979492,-0.005994318091297246,0.0067702025047871655,-71.42857142857143,43.278762831721096,0.056764344598419135,-0.42876155207858224
2007-12-11,52.17551803588867,0.0196269346728275,0.006193609731168011,-71.42857142857143,53.757075227106185,0.054267312285350804,-0.023248874699011053
2007-12-12,51.63689041137695,-0.010323378565043173,0.005001498775026646,-71.42857142857143,48.574459771980486,0.05125820496048606,0.1770475142890911
2007-12-13,51.07577896118164,-0.010866484130339638,0.003127032198348917,-71.42857142857143,43.83351552219575,0.051354686068793697,0.08476739326581338
2007-12-14,50.84015274047852,-0.00461326729607392,0.0012173547062326918,-100.0,41.98056297619634,0.05546761435421659,-0.08524942185711752
2007-12-17,51.294620513916016,0.008939150434055465,0.0004054115605757302,-64.28571428571429,46.66378101284959,0.05680948997057522,0.08976909560761023
2007-12-18,51.6256217956543,0.006452943377336817,0.0002860230531240812,-64.28571428571429,49.839513237036456,0.057508402785464534,0.21285416907204788
2007-12-19,52.31019973754883,0.013260429958679154,0.0012327276128834338,-64.28571428571429,55.71275913568511,0.057366832421739324,0.4873360357979706
2007-12-20,52.19794464111328,-0.002145950445587186,0.0017959993968188557,-64.28571428571429,54.58413146090465,0.05736487164425439,0.25963891909458503
2007-12-21,51.43487930297852,-0.014618685532183484,0.0010641585782086706,-64.28571428571429,47.53479844590432,0.05863565001028077,-0.17584113560026873
2007-12-24,51.193626403808594,-0.0046904532962704915,8.400320868330065e-05,-57.142857142857146,45.53263333509972,0.05623021357889848,-0.35939790099670227
2007-12-26,50.74474334716797,-0.008768338720525404,-0.0014005603515629581,-100.0,41.98884694107189,0.05800299158215909,-0.49479339775944586
2007-12-27,51.29798126220703,0.010902368965670206,-0.0016604933784846925,-21.42857142857143,47.420416166750826,0.05784477056382318,-0.45153509212748516
2007-12-28,52.09791946411133,0.015593950916225285,-0.0006036801581426981,-21.42857142857143,54.1108330524749,0.05446454413644863,-0.08799023201076277
2007-12-31,52.41337585449219,0.006055066951342836,0.0006900583363513323,-21.42857142857143,56.46348289598476,0.05305734586378749,0.1516771270810632
2008-01-02,53.16826248168945,0.014402556883436501,0.002801533257620041,28.571428571428573,61.54431410676017,0.053097323107659876,0.51109331421125
2008-01-03,53.095001220703125,-0.0013779133935692967,0.004327616585053218,28.571428571428573,60.80269441841774,0.05263116237468889,0.754862607307888
2008-01-04,53.10628890991211,0.00021259419812547087,0.005486712384486314,42.85714285714286,60.88091073990493,0.05583079277427982,0.4515860534284202
2008-01-07,53.33725738525391,0.004349173705841425,0.006651045979745168,42.85714285714286,62.52859319957537,0.0612450934441479,0.45895261952855587
2008-01-08,53.27530288696289,-0.0011615613799473845,0.007422053624601898,42.85714285714286,61.776942589713244,0.06491717368883758,0.5856829886639076
2008-01-09,53.37667846679688,0.0019028625712196323,0.008071913340629329,64.28571428571429,62.56981717093174,0.06718645195823807,0.3725462206265032
2008-01-10,52.65561294555664,-0.013508999472284233,0.00752412157422637,64.28571428571429,53.99101545866666,0.06782336270038658,-0.13967383317034313
2008-01-11,53.06684875488281,0.007809914011472463,0.007487131408517492,64.28571428571429,57.56450029090959,0.06900384443280273,-0.06592416357428588
2008-01-14,53.26401138305664,0.0037153634104887256,0.007686334226052776,64.28571428571429,59.20064223708012,0.06825039855060341,0.13369756720913165
2008-01-15,53.8611946105957,0.01121175840933808,0.008574771869153787,92.85714285714286,63.758544197409016,0.06786411312052228,0.44860455428409896
2008-01-16,53.47246551513672,-0.007217238649632751,0.00872714403821664,100.0,59.12803028094798,0.06667407530181953,0.10197427845236083
2008-01-17,54.16535186767578,0.012957815688205532,0.00960741135038921,100.0,64.12879488338338,0.06955096166059568,0.3587847886696721
2008-01-18,53.79353332519531,-0.006864508946398229,0.009794698722225041,92.85714285714286,59.89385881459113,0.07149863435989158,0.41774054834852087
2008-01-22,54.3681526184082,0.010681939959942266,0.010517558485278621,100.0,63.86533246927447,0.0753986921803524,1.1064469046092884
2008-01-23,54.2442626953125,-0.002278722324174698,0.010888181982344853,100.0,62.42992861167862,0.07423413777115791,0.47235884760470326
2008-01-24,53.15700912475586,-0.02004366022382298,0.009629745421196139,57.142857142857146,51.49214228756824,0.06720793863149634,-0.5692416771583132
2008-01-25,54.052677154541016,0.01684948127316721,0.009542893274453169,57.142857142857146,58.01751927922392,0.05504458102841885,-0.35119778823580794
2008-01-28,53.84988784790039,-0.0037516977385011474,0.009226447248215015,57.142857142857146,56.17497036747918,0.044004809859097986,-0.3000377490498946
2008-01-29,53.48373794555664,-0.00679945524451131,0.00835965348382791,57.142857142857146,52.9077550252057,0.037932292330276556,-0.2552159098532991
2008-01-30,53.13445281982422,-0.006530679027856534,0.007060934001195205,57.142857142857146,49.92473266888448,0.033954777945141,-0.10385683475758174
2008-01-31,53.51193618774414,0.007104305170883007,0.0064408651608971815,57.142857142857146,53.00834869211921,0.03347423892824266,-0.16315833254235396
2008-02-01,53.83354949951172,0.006010122875001356,0.006361884639481645,50.0,55.52144189486798,0.03303109389437796,0.10439968837504711
2008-02-04,53.279541015625,-0.010291137943481576,0.005493238869710979,-35.714285714285715,50.5103186937645,0.032491933570647724,0.0973867083366727
2008-02-05,53.68658828735352,0.007639841934996117,0.005267450184376745,-35.714285714285715,53.809031655843775,0.03231310080000545,-0.06620728016462966
2008-02-06,53.52264022827149,-0.0030537991761464545,0.0048343085954490675,-35.714285714285715,52.297027484518566,0.0319111162752665,-0.081611747887827
2008-02-07,52.36944580078125,-0.021545918186620105,0.002768097932994835,-78.57142857142857,43.11903348941692,0.03753138676297755,-0.3755711892132523
2008-02-08,52.96861267089844,0.011441153538200188,0.0019249836749144792,-78.57142857142857,48.20516044756747,0.035770852793072544,-0.18832576426256134
2008-02-11,53.18911743164063,0.004162932529726993,0.0015924755372231062,-78.57142857142857,49.97786876624124,0.035355075731641816,-0.1721244615364356
2008-02-12,52.87254333496094,-0.005951858424546375,0.0008503369696452332,-78.57142857142857,47.46611771969961,0.03682779391356979,0.03728333740274453
2008-02-13,52.31288146972656,-0.010585113367608923,-0.0005990085514507228,-57.142857142857146,43.32103931767593,0.041472544589439476,-0.14444634345388555
2008-02-14,51.54408264160156,-0.014696166728454862,-0.002950542248596174,-92.85714285714286,38.364785973839425,0.05204535351259895,-0.3899994650263606
2008-02-15,51.93975830078125,0.007676451668194639,-0.004108383309822674,-92.85714285714286,42.04009292655117,0.05518145531624436,-0.32079771114497646
2008-02-19,51.4140853881836,-0.010120819383746427,-0.005852909917644952,-64.28571428571429,38.735381843794094,0.062108344812951806,-0.37498562984205963
2008-02-20,51.77019882202149,0.006926378854144488,-0.0065223861147965705,-71.42857142857143,42.05829174833852,0.06229170855429933,-0.13169680964346683
2008-02-21,52.31853485107422,0.010591731179897979,-0.006094641303390616,-71.42857142857143,46.83953374456569,0.05949149144584017,0.07005783724543925
2008-02-22,52.01894378662109,-0.005726289264520235,-0.006236124727830823,-71.42857142857143,44.67063959168209,0.06114401281843738,0.026425220059880242
2008-02-25,51.487552642822266,-0.010215338973020294,-0.00713620366163033,-71.42857142857143,41.040613256404995,0.06152615924096924,-0.12092268891874888
2008-02-26,51.504493713378906,0.0003290323522300298,-0.007680868844051239,-71.42857142857143,41.204650251713915,0.06154862761169292,-0.11347500048764216
2008-02-27,51.549747467041016,0.0008786369964908225,-0.007944837256032414,-64.28571428571429,41.671490367832156,0.06205239856285912,-0.05486437585294631
2008-02-28,52.46553421020508,0.01776510629367456,-0.006533171493927437,-42.85714285714286,50.27582350748505,0.06112910690605205,0.2324502800502344
2008-02-29,53.26823425292969,0.015299568656035545,-0.0041769793411727,-42.85714285714286,56.35339925155953,0.06007028663567216,0.4900931840288994
2008-03-03,53.13093566894531,-0.0025774945595615772,-0.0025727342593170792,-42.85714285714286,55.11257313877983,0.05648384782837435,0.5249858483640425
2008-03-04,52.61464309692383,-0.00971736269126644,-0.002073393518037343,57.142857142857146,50.60065275215706,0.05466195602758636,0.27452811071132865
2008-03-05,51.98481750488281,-0.011970538142410003,-0.0026251030966813176,57.142857142857146,45.686917973947075,0.0501921744412756,-0.1264581122353257
2008-03-06,52.262840270996094,0.0053481531619721245,-0.0025673931953438447,57.142857142857146,48.08357089701333,0.04553616306213896,-0.2799356618527157
2008-03-07,52.3309440612793,0.0013031015905387022,-0.002396787518730608,57.142857142857146,48.680956643180494,0.0455126079543566,-0.44915229945395246
2008-03-10,53.102577209472656,0.014745255642431676,-0.0010467320093873614,57.142857142857146,54.99917708913797,0.046178726309764107,-0.38356319022798446
2008-03-11,52.64863967895508,-0.008548314495677722,-0.0006921881701784216,57.142857142857146,51.0197168939128,0.04381379135533311,-0.19110448209299274
2008-03-12,53.66427230834961,0.019290766781207225,0.0011178477955726496,71.42857142857143,58.29117015538823,0.04889200859327367,0.2782268174333618
2008-03-13,53.24442672729492,-0.007823558635851713,0.0019037571136961567,78.57142857142857,54.67751802127503,0.051500704464294535,0.2336900768148075
2008-03-14,53.902610778808594,0.012361557668462364,0.003434547646300881,85.71428571428572,58.97160242320511,0.05587839065347859,0.0019427126164506332
2008-03-17,54.316776275634766,0.0076835888065927005,0.005186045942821825,92.85714285714286,61.44690012991845,0.06313858140993708,-0.14790979142428176
2008-03-18,54.10688018798828,-0.0038642957487269314,0.006235553319006216,92.85714285714286,59.48810886759253,0.06471699324785377,-0.3087697034492198
2008-03-19,55.00333023071289,0.01656813402676316,0.008157514128547271,71.42857142857143,64.66843899795843,0.07289350485077183,-0.08718745818931725
2008-03-20,55.13950347900391,0.0024757273372328914,0.009823158056582433,78.57142857142857,65.39236998716113,0.08118388949521281,-0.09134679586846538
2008-03-24,54.07282257080078,-0.019345130820942247,0.009675970338579405,78.57142857142857,55.755245241167394,0.08107828552143682,-0.49185007839255057
2008-03-25,54.29977035522461,0.004197076713106096,0.009593110256238727,78.57142857142857,57.20047038154787,0.07820137059604873,-0.5172826521278009
2008-03-26,54.07282257080078,-0.004179534884570457,0.009155407938844354,78.57142857142857,55.256706989588224,0.07318062051993209,-0.6089930118318596
2008-03-27,53.69264602661133,-0.007030824841659844,0.008173199351617868,71.42857142857143,52.0649258282694,0.06621677318916305,-0.7567637564747823
2008-03-28,54.21466064453125,0.009722274027269995,0.00795792821408726,64.28571428571429,55.837067861185396,0.06484273653566534,-0.6082050086482639
2008-03-31,54.40756988525391,0.003558248607097525,0.008015564541141188,50.0,57.17814919468481,0.0660139194527721,-0.5876936319542585
2008-04-01,53.52210235595703,-0.016274711977843137,0.006803946860921626,50.0,49.71549560724456,0.0655034268525842,-0.7716036645718518
2008-04-02,53.63610458374024,0.0021300027981900893,0.005830735083202219,42.85714285714286,50.60928234674247,0.0631009192173463,-1.0101465989458522
2008-04-03,53.7557258605957,0.002230237967201676,0.005179489657318653,35.714285714285715,51.58177949377745,0.05594996375389472,-1.0685355523023823
2008-04-04,54.24576187133789,0.00911597793345753,0.005299287039097164,-50.0,55.45150599445607,0.05001024710351497,-1.0645487987628757
2008-04-07,53.96083450317383,-0.005252527724467493,0.004976547547830918,-50.0,52.80868553960284,0.04253342810241324,-0.7794625038873495
2008-04-08,53.7728271484375,-0.003484144685072854,0.004382384647270147,-50.0,51.07878849147354,0.04014951680986934,-0.7043798557320912
2008-04-09,54.33125305175781,0.010384908752868904,0.004633604712880563,-50.0,55.71870932515267,0.03336532259904025,-0.47044618140826644
2008-04-10,54.14888000488281,-0.003356687663751523,0.004560453018833864,-50.0,53.92007195686642,0.03265309772934326,-0.33688660031292744
2008-04-11,54.51359558105469,0.006735422341865416,0.004942948384432664,-42.85714285714286,56.91539082963198,0.029900414729347853,-0.27587471139221487
2008-04-14,54.19449996948242,-0.005853505133371906,0.00477118088409635,57.142857142857146,53.63068972598792,0.029585802272885445,-0.4357338919991754
2008-04-15,53.52210235595703,-0.012407119060126481,0.0036145348206162997,57.142857142857146,47.420279874589376,0.031255275120015476,-0.710953487248714
2008-04-16,52.99787521362305,-0.009794591752908532,0.0018570315004786406,-21.42857142857143,43.218312215260546,0.036235318400418666,-0.8820918605954703
2008-04-17,52.90671920776367,-0.0017199935939308242,0.00029419433163320035,-28.571428571428573,42.51287313182453,0.03736549790339664,-0.8328692480584031
2008-04-18,52.8610954284668,-0.0008623437623813679,-0.0010057684569843742,-35.714285714285715,42.14210822075209,0.03595734334482218,-0.5521015641564415
2008-04-21,53.07194900512695,0.0039888234428566705,-0.0016880648745941159,-35.714285714285715,44.54902860962002,0.03792941402675319,-0.1944576374574535
2008-04-22,53.25432586669922,0.0034364078386239783,-0.0019257739296278012,-35.714285714285715,46.61760069406585,0.03799110920960327,0.052238217148204924
2008-04-23,53.07761764526367,-0.0033181946923497296,-0.002367150317468181,-35.714285714285715,44.87097939750279,0.039128759708622805,0.16936360076690898
2008-04-24,52.62751388549805,-0.008480104792453647,-0.0033861493028753595,-64.28571428571429,40.68913508526176,0.04290232643033417,0.43867558691942343
2008-04-25,52.31978225708008,-0.00584735256709068,-0.004623550989816779,-71.42857142857143,38.07636063526582,0.04693475829420305,0.503223494808522
2008-04-28,52.47933197021485,0.0030495102665146767,-0.005265408442926744,-78.57142857142857,40.219696131785525,0.047756902548968305,0.6023347297940854
2008-04-29,52.67877960205078,0.0038004986791586592,-0.005395616924629632,-78.57142857142857,42.88121871815297,0.04944063464116013,0.5688691646633597
2008-04-30,53.05484771728516,0.007138891942358949,-0.0048476712596506434,-78.57142857142857,47.61693080817173,0.04965787080619463,0.7998371247622683
2008-05-01,53.05830001831055,6.507041625636312e-05,-0.004387613252615758,-78.57142857142857,47.65983189545971,0.049549378814788755,0.6915450519267337
2008-05-02,52.38918685913086,-0.012610904588891358,-0.005047060867914813,-71.42857142857143,40.70207150571117,0.04953020382480809,0.29742378887765697
2008-05-05,52.38918685913086,0.0,-0.005462300959283439,-64.28571428571429,40.70207150571117,0.050020724831735516,0.16111406224523858
2008-05-06,52.011749267578125,-0.007204494174869014,-0.006345818971065523,-100.0,37.15366347551598,0.05250175435730049,-0.3115053807845689
2008-05-07,52.23476409912109,0.0042877779479333356,-0.006564469006891697,-28.571428571428573,40.456770923779864,0.04979414362506871,-0.08232114665652823
2008-05-08,52.70370864868164,0.008977633146206587,-0.005912945467347983,-28.571428571428573,46.78978140743724,0.04577999269612282,0.3321785890347014
2008-05-09,52.89812088012695,0.0036887770600972924,-0.00506791478466457,-28.571428571428573,49.20197111736608,0.03653445997051525,0.43829048762113676
2008-05-12,52.81811141967773,-0.0015125198989683897,-0.004492577671377448,-28.571428571428573,48.23288560181295,0.02795248439821038,0.20787221277557483
2008-05-13,52.24051284790039,-0.010935615762326378,-0.004910660729803833,-28.571428571428573,41.82793892739657,0.025995419536363338,-0.14731207123070936
2008-05-14,52.26333618164063,0.00043688954215848064,-0.005106257233666795,-28.571428571428573,42.154810516893704,0.026455302965337327,-0.2726099210531641
2008-05-15,52.73800659179688,0.009082283008236214,-0.004438170217244311,-28.571428571428573,48.62096966302029,0.026164234442614415,-0.0668006503464077
2008-05-16,52.52075958251953,-0.004119363307735324,-0.00424627270927157,-28.571428571428573,46.08200399303892,0.026018608424495566,-0.19817716819946646
2008-05-19,52.589385986328125,0.0013066529188476839,-0.003923790538736908,-28.571428571428573,47.02311690953287,0.024929264136305206,-0.1696983578520919
2008-05-20,52.86384963989258,0.005218993308570008,-0.003197740437342182,-28.571428571428573,50.72730150829157,0.022802892016444407,0.014102793503869431
2008-05-21,52.87527084350586,0.0002160494116694167,-0.002590622768010382,-28.571428571428573,50.881211064673714,0.0218003822078219,0.20344984808488095
2008-05-22,52.25193405151367,-0.011788815112400375,-0.003062500727149971,21.42857142857143,42.98879331950566,0.022488612796511553,0.24821287938903108
2008-05-23,52.48068237304688,0.004377796261238798,-0.0030106862181252902,21.42857142857143,46.28180930598195,0.022124560484426094,0.06193322965846322
2008-05-27,52.12613296508789,-0.006755807888296106,-0.0035088693626610726,21.42857142857143,42.21200849050158,0.02332645879536921,-0.1317241919913828
2008-05-28,51.66292953491211,-0.008886203595536601,-0.004592836511295927,-78.57142857142857,37.56450064492298,0.02755386987192203,-0.2991246549439541
2008-05-29,51.29122543334961,-0.0071947933442549905,-0.005982093845370504,-85.71428571428572,34.30088017097403,0.032573318643129526,-0.28145731598371554
2008-05-30,51.62860107421875,0.006577648282307891,-0.006409422510510259,-85.71428571428572,39.44349375311303,0.03314034584790093,-0.19037125932998247
2008-06-02,51.8277587890625,0.003857507480348854,-0.006369517302374321,-85.71428571428572,42.31402748818912,0.034259911885870374,0.003059890404545552
2008-06-03,52.200801849365234,0.0071977463239536466,-0.0056699717625155474,-57.142857142857146,47.3485543077387,0.03429997245374748,0.22204586989624803
2008-06-04,51.735939025878906,-0.00890528127954382,-0.005855479886709753,-57.142857142857146,42.38440265347699,0.035307117399624666,0.03308626773576444
2008-06-05,51.426002502441406,-0.005990739305658854,-0.006410473846435208,-57.142857142857146,39.417139607906016,0.03821429574789363,-0.211193998469735
2008-06-06,52.09181213378906,0.012946945104590712,-0.005638785642023245,-57.142857142857146,47.86156280105556,0.03749779237483937,-0.1638684917826052
2008-06-09,52.09181213378906,0.0,-0.005034121233882295,-35.714285714285715,47.86156280105557,0.035658973672143456,-0.14198055207565952
2008-06-10,51.753150939941406,-0.0065012365662738825,-0.005054490007265093,-35.714285714285715,44.22514163916792,0.034571070711333834,-0.1374526127707985
2008-06-11,51.63262939453125,-0.0023287769579483086,-0.005184883842841123,-35.714285714285715,42.97380251027339,0.03551737025409191,-0.2675325859173798
2008-06-12,51.11605453491211,-0.010004814120000094,-0.006077623940502655,-21.42857142857143,38.009571087337605,0.03904674939955665,-0.5197452197801392
2008-06-13,51.00704193115234,-0.002132649022927202,-0.006851488595815614,-100.0,37.03723823279756,0.04077400069384469,-0.7281944237819019
2008-06-16,51.01848220825195,0.0002242881897573934,-0.007349996041485674,-64.28571428571429,37.218746532443646,0.04245730595998855,-0.7616014605049842
2008-06-17,51.12179946899414,0.002025094755278234,-0.007481311233403287,-71.42857142857143,38.93094821100766,0.042427768311557014,-0.608044814118184
2008-06-18,51.55224609375,0.008420020993527899,-0.006781789034728857,-71.42857142857143,45.58893965045526,0.03830344472007851,-0.2784578690717651
2008-06-19,51.248085021972656,-0.00590005469837751,-0.006715668678713707,-71.42857142857143,42.09643954809184,0.0335086257915436,-0.18043871999006905
2008-06-20,51.54652404785156,0.005823418099446087,-0.00605598521881661,-71.42857142857143,46.432681533979384,0.031890045072418646,-0.33922384171402975
2008-06-23,51.65559387207031,0.0021159491592002144,-0.005320536364705705,-71.42857142857143,47.96633191318101,0.02810733659767093,-0.46888681901226137
2008-06-24,51.99993896484375,0.0066661723728553834,-0.004134380559884793,-42.85714285714286,52.5820880343,0.027455948452347584,-0.31939415683163763
2008-06-25,52.022911071777344,0.00044177180571547403,-0.0031489126093372176,-42.85714285714286,52.882372894929595,0.02842787596806792,0.0826041918824601
2008-06-26,52.37302780151367,0.006730048790488885,-0.0017934277947880097,50.0,57.318716717522435,0.030667999057341667,0.4445671968491885
2008-06-27,52.98713684082031,0.01172567378831002,0.0002054789761628216,57.142857142857146,63.76346248041932,0.03798672193601651,0.9234059589268948
2008-06-30,52.99863052368164,0.00021691458619210735,0.0017698673234661448,64.28571428571429,63.87341208436476,0.043627294588385,0.8828242215445219
2008-07-01,52.87306213378906,-0.0023692761237759097,0.002793008518820801,71.42857142857143,61.67180685647262,0.04688098112415778,0.4183963505067783
2008-07-02,53.14957809448242,0.005229807950098753,0.003955996113772821,71.42857142857143,64.56807422211557,0.051880990206226406,0.35636592105482506
2008-07-03,53.03436279296875,-0.002167755712168762,0.004670669254107849,71.42857142857143,62.45053667750491,0.0545490824623577,0.3657605282924486
2008-07-07,53.27627182006836,0.00456136388484496,0.005509377164997606,92.85714285714286,65.04278559310272,0.05875812375943631,0.39725019008061907
2008-07-08,53.62189865112305,0.006487444020519817,0.006595047343551192,92.85714285714286,68.39944820623509,0.06449832474551277,0.5868627519308085
2008-07-09,53.8580322265625,0.004403678000583167,0.007715622159959136,92.85714285714286,70.48467555226044,0.07036260924206512,0.7253295227876507
2008-07-10,53.8523063659668,-0.0001063139583640238,0.008520717365422882,100.0,70.36342787018405,0.07453702117773944,0.8264484501332974
2008-07-11,53.08617782592773,-0.014226475925332771,0.008033152917753807,92.85714285714286,56.386817006760026,0.07233419105330108,0.3532762238372381
2008-07-14,53.55273818969727,0.008788735276806348,0.008093235079492373,71.42857142857143,61.413496501673784,0.07010644325405914,0.3166464571442424
2008-07-15,53.535457611083984,-0.0003226833808586127,0.008079775949168122,71.42857142857143,61.13245505571413,0.06645397078121762,0.10266384172264388
2008-07-16,52.56776809692383,-0.018075674652677454,0.006653438304933007,71.42857142857143,47.910404268999535,0.06074392368503129,-0.32421103599050655
2008-07-17,52.29702377319336,-0.005150386511203475,0.004958263594952856,64.28571428571429,44.97919597908917,0.05768883047184382,-0.7961931557829844
2008-07-18,52.10113525390625,-0.003745691535653295,0.003260053414749962,-42.85714285714286,42.9325719995641,0.05265896276745371,-1.1505164290054137
2008-07-21,52.30280685424805,0.0038707717088886096,0.0021781381726470655,-50.0,45.67326517554168,0.0487161396321754,-0.9363349237917209
2008-07-22,52.04362487792969,-0.0049554123747244105,0.00092478935351748,-57.142857142857146,42.82663648659739,0.04632069870664766,-0.7891003126576138
2008-07-23,51.93988800048828,-0.0019932677188555514,-0.00023569353341847856,-64.28571428571429,41.70621206550055,0.04665794612387474,-0.5514085087445872
2008-07-24,52.44679641723633,0.00975952078955733,-0.0003615986128595455,-64.28571428571429,48.76051876760098,0.04491985706633198,-0.259937491220381
2008-07-25,51.92262268066406,-0.009994389979556484,-0.0012678508586078385,-64.28571428571429,42.96987804529275,0.04700207245356671,-0.37252913617359307
2008-07-28,52.44679641723633,0.010095286206863063,-0.0011437011049283152,-64.28571428571429,49.436534876094115,0.04749085111567382,-0.39870976224959126
2008-07-29,52.23365783691406,-0.004063900845852619,-0.001373092815931405,-64.28571428571429,47.09797115156316,0.0484856364241987,-0.3614666187526608
2008-07-30,52.28551864624024,0.0009928619107644199,-0.0014528663631168013,-64.28571428571429,47.74568804545638,0.04924835720109751,-0.283001310038343
2008-07-31,52.80391693115234,0.009914758394566903,-0.0007019961505592312,-57.142857142857146,53.830869605925955,0.048843944627001375,-0.21189703779627
2008-08-01,52.92072677612305,0.0022121435635733544,5.945317838479733e-05,-42.85714285714286,55.09969332634714,0.048701907579812215,0.0070721070036560765
2008-08-04,52.79929733276367,-0.0022945535852724186,0.00047218090482518174,-42.85714285714286,53.45506525562993,0.047885995418680646,0.1019086015605282
2008-08-05,52.40618133544922,-0.007445477822117019,0.00019758484107157203,-35.714285714285715,48.41664273000007,0.045590908308400374,-0.08130641804716729
2008-08-06,52.19231033325195,-0.004081026259637022,-0.0003495597780485436,42.85714285714286,45.882845068133015,0.04126506870408421,0.03221042462786171
2008-08-07,53.042137145996094,0.016282605757781843,0.0005156166491835096,78.57142857142857,55.784634508243634,0.03594434653353024,0.30391809509204837
2008-08-08,53.186668395996094,0.002724838360154802,0.0013967576421410857,85.71428571428572,57.21831580805961,0.03641371202473518,0.47842726917208606
2008-08-11,52.67788696289063,-0.00956595794490045,0.0013218388710284125,85.71428571428572,50.954793532000764,0.03210515323878114,0.45315939696220703
2008-08-12,53.16929626464844,0.009328568970581097,0.0019633528323487383,85.71428571428572,55.968343855886616,0.029152701995963943,0.5046828118524193
2008-08-13,52.98428726196289,-0.003479621053562032,0.002183180772502814,92.85714285714286,53.74099281473459,0.03026531604396294,0.35985554810000947
2008-08-14,53.32540130615234,0.006438022701011681,0.0028205754390875485,100.0,57.128688597279954,0.03283601610774626,0.157757360821601
2008-08-15,53.78791427612305,0.008673408143997419,0.003956337885856168,85.71428571428572,61.27023004555262,0.03750486332284606,0.16865426636900438
2008-08-18,54.00179672241211,0.0039764034201268394,0.005116954821039457,92.85714285714286,63.04797477415941,0.04307731933614086,0.24240534251346718
2008-08-19,53.79368591308594,-0.0038537756511313193,0.00569475664393347,92.85714285714286,60.15464568069492,0.04465548822644255,0.13749412485876164
2008-08-20,53.94399642944336,0.002794203702647824,0.006272416303663905,71.42857142857143,61.5279031278116,0.04550526674274617,-0.04101250488905995
2008-08-21,53.84566879272461,-0.00182277256464225,0.006532451116320945,71.42857142857143,60.069429125322586,0.047105074843165846,-0.1397671655092218
2008-08-22,53.810997009277344,-0.0006439103501664212,0.00660565160341703,71.42857142857143,59.53354170637128,0.04505452771472532,-0.017755624924478068
2008-08-25,54.34865188598633,0.009991542743879922,0.007308450116835827,92.85714285714286,64.7805811960955,0.04806510669158331,-0.04565690171024071
2008-08-26,54.39492416381836,0.0008513969753858319,0.007888188640063945,92.85714285714286,65.19881120340946,0.049000765408654334,0.0345939499413535
2008-08-27,54.48741912841797,0.0017004337449031404,0.008378776374973938,85.71428571428572,66.06626541173324,0.04946949573220278,0.251774278162831
2008-08-28,54.49319076538086,0.00010592604779624537,0.008685676444826465,92.85714285714286,66.12300979709082,0.05136253274027117,0.48884377101001947
2008-08-29,54.25037384033203,-0.004455913145080315,0.008510302143213088,92.85714285714286,61.46616277477032,0.05181459813377173,0.5530606378281205
2008-09-02,54.755157470703125,0.009304703260787806,0.008904857315643597,92.85714285714286,66.71432986878555,0.053591456136628995,0.9287186087900385
2008-09-03,54.98727035522461,0.004239105414785449,0.009471979659322876,100.0,68.81741194526234,0.05329295852983224,1.1935828089386618
2008-09-04,55.42822265625,0.008019170585787938,0.010394167103970123,100.0,72.38679226845281,0.05238108368767524,1.5938478131314693
2008-09-05,55.39925003051758,-0.0005227052996467085,0.011021327574319586,100.0,71.805201506557,0.054986957383314126,1.078114618192518
2008-09-08,55.63130187988281,0.004188718245055734,0.011668102893417995,64.28571428571429,73.6324979823654,0.05832749883616482,1.5156198739967532
2008-09-09,56.18248748779297,0.009907832268607697,0.01274200705034449,78.57142857142857,77.38213440492544,0.0608004689520535,1.9898548438793722
2008-09-10,55.83435821533203,-0.0061964019043581064,0.01311482737090401,78.57142857142857,70.55733778443557,0.06164002298324812,1.9885639456412423
2008-09-11,55.80537033081055,-0.0005191764613768912,0.013160638541353884,78.57142857142857,70.00369374459076,0.059479765597685946,1.5050872817157466
2008-09-12,55.085880279541016,-0.012892846100732602,0.012169626281450564,78.57142857142857,57.8667234451991,0.05558877737985702,0.7869303985304118
2008-09-15,56.87295150756836,0.03244154797851273,0.013277034170468114,64.28571428571429,71.21567455073688,0.06291279705936012,1.0120130408398595
2008-09-16,56.8613510131836,-0.00020397208298950087,0.014279595566008808,71.42857142857143,71.05829221268975,0.06842508127719361,0.254887939019725
2008-09-17,57.14565658569336,0.00499997920281281,0.015222969716540977,71.42857142857143,72.65335579011514,0.07290125314869914,-0.09189472282246726
2008-09-18,56.31013488769531,-0.014620913432766836,0.014895707615566177,71.42857142857143,61.86287095061759,0.07180039099319262,-0.6042139563642827
2008-09-19,54.52306365966797,-0.0317362270857896,0.012146401587571224,71.42857142857143,46.09405703083224,0.06891485197564037,-1.1658724790709605
2008-09-22,54.51727294921875,-0.00010620662267557535,0.009463984302165225,-28.571428571428573,46.05309302387463,0.06562582532168691,-0.7757435406020745
2008-09-23,54.308406829833984,-0.0038311916221362985,0.006974611782157412,-28.571428571428573,44.51636154026694,0.06579384429645653,-0.5815551725825903
2008-09-24,54.54626083374024,0.004379690324032737,0.005242664915893262,-28.571428571428573,46.697648032489376,0.0652442630590318,-0.4747939780461511
2008-09-25,54.436031341552734,-0.0020208441514165676,0.0036960714547064127,-28.571428571428573,45.79902806997772,0.0654336918878466,-0.4008614245866426
2008-09-26,54.830562591552734,0.007247612294227768,0.0029903988853297397,-28.571428571428573,49.54170155844695,0.0644445300692967,-0.2961765827668648
2008-09-29,56.426212310791016,0.02910146538390812,0.004611560636121088,-28.571428571428573,61.20851197623154,0.06341842283679215,0.02663588061815327
2008-09-30,55.051082611083984,-0.024370405940645545,0.004050024881817801,-28.571428571428573,50.39436429859183,0.06267186993580218,0.04466852645965319
2008-10-01,55.74365234375,0.012580492513812436,0.004421616180631348,-28.571428571428573,54.7322117867266,0.062117938924983775,0.02167174881186057
2008-10-02,56.19176483154297,0.008038807450750252,0.005300446450079986,-28.571428571428573,57.33208913930608,0.06284734898193944,0.032401513465947746
2008-10-03,56.68648910522461,0.00880421312917945,0.006600429727727378,-28.571428571428573,60.05942577394057,0.06498970929938881,0.16280959951042864
2008-10-06,57.71662902832031,0.018172582909192103,0.008868461253872471,-28.571428571428573,65.06663230003204,0.07246741876096863,0.16602008518161043
2008-10-07,57.542030334472656,-0.0030251020682788843,0.01042686575626157,71.42857142857143,63.61102885301572,0.07738749996589103,0.16365338549378483
2008-10-08,56.715553283691406,-0.014363015103520227,0.010513163537307099,85.71428571428572,57.09938460749835,0.078575843610705,-0.033037783731692597
2008-10-09,56.23836135864258,-0.008413775365320175,0.009752796980888299,85.71428571428572,53.682443513566,0.07875018605438593,-0.187698230005392
2008-10-10,55.84259033203125,-0.0070373854616321285,0.008474284437819732,85.71428571428572,50.95873696892814,0.07760182629680776,-0.31392753339757123
2008-10-13,55.126712799072266,-0.012819561712708705,0.006381032386295389,78.57142857142857,46.375271897253356,0.07703884385159213,-0.40712956245754184
2008-10-14,54.77173614501953,-0.006439285711567155,0.004094774536610233,64.28571428571429,44.249907598726004,0.07696825512199698,-0.5564190946549614
2008-10-15,55.2955322265625,0.00956325503643174,0.002959064133815923,64.28571428571429,48.03441915114314,0.07371479298710028,-0.4290218860903723
2008-10-16,55.01035690307617,-0.005157294124919165,0.001663099819425234,-35.714285714285715,46.19576198052576,0.07356461101258595,-0.3845985811397623
2008-10-17,54.632057189941406,-0.006876881635240029,6.866106032838339e-05,-50.0,43.800588813564744,0.07317222597150762,-0.35377272326487114
2008-10-20,55.06851577758789,0.007989056427603058,-0.0005486612390865016,-50.0,47.20188840282493,0.0715543555650464,-0.24425204454771723
2008-10-21,55.35952758789063,0.005284540652558789,-0.0006009050963258242,-50.0,49.4008060988614,0.06837670540107672,-0.2311562298973195
2008-10-22,56.4827766418457,0.02029007657573967,0.0009618175965059114,-50.0,56.86774912433927,0.06681570123696061,-0.14732472796823065
2008-10-23,56.90176773071289,0.0074180327841173455,0.002737296156104012,-50.0,59.2815628285731,0.06522040170653054,-0.11785155491576543
2008-10-24,56.29653549194336,-0.010636440007167902,0.003289189456693319,-50.0,54.53399789461735,0.0630616271059433,-0.24095588620476777
2008-10-27,56.33728790283203,0.0007238884334987983,0.0037161006948032674,-50.0,54.79650389233252,0.0629118737438947,-0.37717608425725335
2008-10-28,55.51667022705078,-0.014566155140386172,0.0028902175645852657,-50.0,48.69909153319625,0.0615900350185216,-0.5754426674605159
2008-10-29,55.237335205078125,-0.005031552159562858,0.0017747376222667958,35.714285714285715,46.790472069729795,0.0625985403752822,-0.7159246861105635
2008-10-30,54.73678207397461,-0.00906186240239737,0.000147563619538858,35.714285714285715,43.50042955131009,0.06528961602906233,-0.831650929161369
2008-10-31,54.02674102783203,-0.012971917954237577,-0.002205085929748276,-35.714285714285715,39.281080404988835,0.07002169090428377,-1.1736536327227372
2008-11-03,54.1728630065918,0.002704623228791281,-0.0037986926678714597,-35.714285714285715,40.55885963452126,0.06633819088272325,-1.2669466156515226
2008-11-04,55.189571380615234,0.018767853821935132,-0.0034467756847722567,-35.714285714285715,48.655281119188025,0.05803259674029457,-0.9552846158428677
2008-11-05,55.844017028808594,0.011858139714113314,-0.0022143982297209847,-35.714285714285715,53.08503166611771,0.054637989987380946,-0.4376023376255561
2008-11-06,55.44083404541016,-0.007219806254095906,-0.0018445283453077934,-35.714285714285715,50.21097430268207,0.052916301635161436,-0.07711255967242804
2008-11-07,55.07854843139648,-0.006534634989743271,-0.002055822523863834,-35.714285714285715,47.711328691563224,0.05251677824468795,0.18869032284757623
2008-11-10,55.347312927246094,0.004879658297174849,-0.0017904354155335806,-35.714285714285715,49.711441409890824,0.05240214215051673,0.4217250786599646
2008-11-11,55.51093673706055,0.0029563099120915037,-0.0013301652865880032,-35.714285714285715,50.941761462258604,0.05157122520127179,0.3562779650856003
2008-11-12,55.867374420166016,0.006421035278035614,-0.00044346414843230927,-35.714285714285715,53.604604634802,0.0520992708495175,0.295637408932416
2008-11-13,54.52927017211914,-0.023951443251714166,-0.001701766772156715,-35.714285714285715,43.95821666292829,0.05359635795149285,-0.057674803839182276
2008-11-14,55.61026763916016,0.01982416899453998,-0.0010573213638214519,-28.571428571428573,51.54444046862168,0.052189776463818366,-0.17038544840474038
2008-11-17,55.855712890625,0.004413667868989002,-0.00021325368139329774,-21.42857142857143,53.09693323619703,0.05221035745632164,-0.23062946436639029
2008-11-18,56.574462890625,0.012867976484472354,0.001454630096683417,85.71428571428572,57.40112857574099,0.054917818646670384,-0.10651198911686793
2008-11-19,58.02351760864258,0.025613229785654834,0.004666376642193996,92.85714285714286,64.4785224547134,0.06597338399751901,0.3861410691136584
2008-11-20,61.02112579345703,0.051661952055936045,0.010725088144560111,100.0,74.0743057507576,0.1058533149570514,1.6141247699853332
2008-11-21,60.13882064819336,-0.014459011265214539,0.01458680137267015,92.85714285714286,68.23172913701923,0.12513034132750683,2.043504459776211
2008-11-24,59.19801712036133,-0.015643863941656733,0.016330376079502242,85.71428571428572,62.56499246868111,0.13429949111174988,1.881680536952395
2008-11-25,60.9393310546875,0.02941507197421389,0.01911298924935073,57.142857142857146,67.88190225029916,0.1522142359179481,2.040609989725264
2008-11-26,61.02112579345703,0.001342232304718305,0.021519072273142946,64.28571428571429,68.11101802897316,0.16566377368288124,1.6097937355871261
2008-11-28,61.77491760253906,0.012352964637746044,0.023869582437226963,71.42857142857143,70.2194002751628,0.17848825425275594,1.4057948111109162
2008-12-01,64.14057159423828,0.03829473325921495,0.02764119609215043,78.57142857142857,75.658638239686,0.1998929851115794,1.4242477010214292
2008-12-02,64.38684844970703,0.003839642356584072,0.031157572366189892,78.57142857142857,76.14706946775183,0.2152552508854463,1.5630794464866438
2008-12-03,64.56861114501953,0.0028229786002722523,0.03377019235600804,92.85714285714286,76.52151992768881,0.22906239274889711,1.6545534033214333
2008-12-04,65.84089660644531,0.01970439566321569,0.03635646805822355,100.0,79.00588129491976,0.24695332425358113,1.8979840316482424
2008-12-05,64.77381134033203,-0.01620702817113251,0.03779944932140419,100.0,72.11362587799289,0.2520623319948967,1.0738041641114735
2008-12-08,64.63316345214844,-0.0021713696519201076,0.037939139598182695,92.85714285714286,71.2315757469774,0.2509615258322835,0.5697062158733877
2008-12-09,65.91123962402344,0.019774309404199775,0.03837047193877979,85.71428571428572,74.30696157365969,0.2522474218006422,0.601873018818362
2008-12-10,65.75292205810547,-0.002401981313370216,0.038748985212286306,78.57142857142857,73.26219205816982,0.2488953110525305,0.9235956825716444
2008-12-11,65.88190460205078,0.001961624516570337,0.03861231429284995,57.142857142857146,73.58801269364687,0.2433834785415198,1.3021871512489684
2008-12-12,65.88190460205078,0.0,0.0381246457179973,57.142857142857146,73.58801269364687,0.22491597495574925,1.6307079534014353
2008-12-15,66.63233947753906,0.011390606874849274,0.03778634332043856,100.0,75.5947370236143,0.20995515529507466,1.8190186730073903
2008-12-16,68.27989959716797,0.024726133474336054,0.03844884441651659,100.0,79.31123679519769,0.19697266925985918,2.0520787575499626
2008-12-17,70.13253784179688,0.027132996028977008,0.04031467839516169,100.0,82.53243234373723,0.19139316446842708,1.3325898902524016
2008-12-18,71.60417175292969,0.02098361126546555,0.0428868293864449,100.0,84.58551079357352,0.19649639450276998,1.0806858178095207
2008-12-19,71.68035125732422,0.00106389757090386,0.04509935456910512,92.85714285714286,84.68585422000695,0.209381883262306,0.926370224967476
2008-12-22,71.12925720214844,-0.007688216442988893,0.04609565991623074,85.71428571428572,80.59835006712937,0.20958911572633815,0.6994793657169962
2008-12-23,71.03546905517578,-0.0013185593476129354,0.04603268484751837,78.57142857142857,79.89161692529079,0.19830100983617086,0.6694197029157398
2008-12-24,70.88298797607422,-0.002146548493726752,0.04533715775201719,57.142857142857146,78.68361864506105,0.19096321532839755,0.5797906532682889
2008-12-26,71.11752319335938,0.0033087659533246327,0.04431530166292357,57.142857142857146,79.2044677669478,0.1800713347297539,0.4531891927504552
2008-12-29,71.03224182128906,-0.0011991611664883273,0.04308282979882396,57.142857142857146,78.45380775791934,0.1683439644177624,0.2167378864992185
2008-12-30,71.708740234375,0.009523821798950838,0.04194482077260391,50.0,80.06760982066587,0.16717935903155723,0.4095975652009723
2008-12-31,70.20867156982422,-0.020918909740262004,0.04006298126292622,28.571428571428573,67.91962939345323,0.16043799499202516,0.21683225955177673
2009-01-02,68.44388580322266,-0.025136293382882813,0.036338138136113717,28.571428571428573,56.968740470717314,0.1514240027656892,-0.28220644934539907
2009-01-05,66.6790771484375,-0.025784752488469342,0.030937177032567424,28.571428571428573,48.54030637355752,0.14906972699259316,-0.7880918276317115
2009-01-06,66.00848388671875,-0.010057026737576358,0.025049222520946934,-78.57142857142857,45.76934050712867,0.14421443894207947,-0.9097838424205145
2009-01-07,66.26734161376953,0.0039215826785996555,0.020138306277732557,-78.57142857142857,47.02645358118684,0.13752780392702985,-0.5997846138830556
2009-01-08,66.21439361572266,-0.0007990059169036279,0.016087003429609215,-78.57142857142857,46.78754441984716,0.13646667221106049,-0.3441323364489837
2009-01-09,66.31439208984375,0.0015102226066048274,0.012818076834478621,-78.57142857142857,47.33175618329306,0.13444596384846394,-0.0869085624111899
2009-01-12,67.002685546875,0.010379247028288185,0.010845291033620977,-71.42857142857143,51.04311824491879,0.13085879236016548,0.2702215222244454
2009-01-13,67.07328033447266,0.0010536113145533932,0.009353426367719813,-35.714285714285715,51.421225248356116,0.12691229551856292,0.5645407867887731
2009-01-14,68.17914581298828,0.01648742201068787,0.009249670633823986,-35.714285714285715,57.02101220991087,0.12343981415210611,0.8729403196447468
2009-01-15,68.29094696044922,0.0016398144348654942,0.009297399675128193,-35.714285714285715,57.55372506152546,0.12342734492134436,0.843338248244568
2009-01-16,67.23794555664062,-0.015419341079256688,0.008136125848148356,-35.714285714285715,51.126146101168466,0.12483531870116954,0.6455622860933155
2009-01-20,67.22623443603516,-0.00017417427776111882,0.007006824788352251,-35.714285714285715,51.05785081966127,0.12150781721523457,0.7668089755067086
2009-01-21,65.10257720947266,-0.03158970964799657,0.0036359667361199545,-92.85714285714286,40.49425635532537,0.12329247156635309,0.5015745355327562
2009-01-22,63.84957885742188,-0.01924652457335374,-0.0007757953151561394,-100.0,35.78932337592277,0.1307417474268051,0.08554231228704892
2009-01-23,63.3495979309082,-0.007830606488887781,-0.004942734813209285,-100.0,34.08739437300249,0.13757516353029628,-0.018707646204386176
2009-01-26,62.796607971191406,-0.008729178681132432,-0.00892051995053902,-42.85714285714286,32.26012533931298,0.14415654152474833,-0.16272524417720538
2009-01-27,64.27312469482422,0.023512682791882344,-0.009795289257405556,-42.85714285714286,41.307040278959455,0.13919260266403347,0.048768120447844884
2009-01-28,62.66716384887695,-0.024986506468645198,-0.012843723280270086,-57.142857142857146,35.7192542531701,0.13793271001959054,-0.1595708538073951
2009-01-29,61.22595977783203,-0.022997754845271334,-0.01711729863364318,-64.28571428571429,31.589420588903828,0.1350193367964312,-0.49641834975289695
2009-01-30,61.03181457519531,-0.0031709621758679862,-0.020351091288451993,-71.42857142857143,31.06830554450466,0.1368560530842303,-0.7614942765041639
2009-02-02,62.167362213134766,0.018605831169256515,-0.020739996516934922,-71.42857142857143,37.55675320498612,0.13750820758183466,-0.6042058343761405
2009-02-03,60.6867561340332,-0.02381645330270643,-0.023560602583331938,-85.71428571428572,33.172292422011026,0.1486004308212319,-0.7678814916201708
2009-02-04,60.474395751953125,-0.0034992870868078008,-0.025473825688792234,-92.85714285714286,32.58472080736915,0.15934328808885037,-0.645984505982309
2009-02-05,60.52747344970703,0.000877688765533291,-0.02652437371735413,-92.85714285714286,32.90461124482905,0.16705676698290745,-0.6732432564804265
2009-02-06,60.33869552612305,-0.003118879953594056,-0.027396929528264467,-85.71428571428572,32.31725552327274,0.17361407333056747,-0.6602416625747116
2009-02-09,60.53340148925781,0.003226883866762842,-0.02735762816667593,-100.0,33.63311230259596,0.17714046632853833,-0.3426481868571769
2009-02-10,61.84878158569336,0.021729822941950028,-0.02481152712540996,-92.85714285714286,41.8571264755126,0.17287846356348904,0.1745083773745628
2009-02-11,62.65105056762695,0.01297145976630154,-0.021673915807753085,-85.71428571428572,46.23334346608759,0.16550037618802108,0.47953717497316495
2009-02-12,62.06118774414063,-0.009415050795510749,-0.020158454447901843,-57.142857142857146,43.632986312779614,0.15029189088649095,0.4980807695200255
2009-02-13,60.40951919555664,-0.02661355041081903,-0.02126906846556816,-57.142857142857146,37.30580010635805,0.1327191224351856,0.24724022773310153
2009-02-17,62.29122924804688,0.031149230742903322,-0.018406810606581583,-57.142857142857146,46.775232362759944,0.1136990028795505,0.4034445692038841
2009-02-18,61.76032257080078,-0.00852297640703159,-0.017285137551326542,-57.142857142857146,44.722768934389364,0.08766884917990694,0.24055344445578614
2009-02-19,60.71034240722656,-0.017000885355974993,-0.017743229950556192,42.85714285714286,40.90038376782557,0.07664093111758342,0.05775870248378979
2009-02-20,61.30021667480469,0.009716207225803908,-0.016728100308823067,42.85714285714286,43.80613039402578,0.0705671667743665,-0.18274498503032094
2009-02-23,61.86650466918945,0.009237944416883526,-0.015000403332091999,42.85714285714286,46.52439288295512,0.06612351380893002,0.037805533966548586
2009-02-24,61.80159759521485,-0.0010491472618612274,-0.013693874211124599,71.42857142857143,46.24824793788989,0.06377317843595494,-0.34038583153731994
2009-02-25,61.087852478027344,-0.011548975187702482,-0.013579962150506475,71.42857142857143,43.21095911910106,0.0492495409660971,-0.6974912583244524
2009-02-26,60.4449348449707,-0.010524475930593469,-0.014199605567307679,71.42857142857143,40.62298734940198,0.04698292260557584,-0.8407705822251819
2009-02-27,60.096927642822266,-0.005757425382970638,-0.014955482245211118,71.42857142857143,39.25257470988509,0.04986953254483776,-0.9074758554991236
2009-03-02,61.0918083190918,0.016554601296466798,-0.013764379150900818,71.42857142857143,44.96816320608718,0.049830027330368065,-0.5009231222393626
2009-03-03,60.683712005615234,-0.0066800496614048965,-0.013488118112631961,-21.42857142857143,43.17372321180334,0.048239205326742834,-0.3278336475366341
2009-03-04,60.40567398071289,-0.004581757043415791,-0.013472665806203916,-21.42857142857143,41.94561519441691,0.04896866033821249,0.02874113938226915
2009-03-05,62.085540771484375,0.02780975163538213,-0.010741230855844427,-21.42857142857143,51.01249251809604,0.04974428149603615,0.41550928197866815
2009-03-06,61.67151641845703,-0.0066686115298766335,-0.009358793173201957,-21.42857142857143,48.98202891621784,0.04906091943133497,0.2726613511598753
2009-03-09,61.310691833496094,-0.0058507493558720425,-0.0086297543725158,-21.42857142857143,47.218096047629146,0.047055302519032075,0.132420438678182
2009-03-10,60.133575439453125,-0.01919920259976371,-0.009633590487293807,-21.42857142857143,41.915073372598336,0.04878036203576262,-0.14563184872790083
2009-03-11,60.78421401977539,0.01081988848272264,-0.00921510510416157,-21.42857142857143,45.55488587249133,0.048554690058486005,0.08078507464442593
2009-03-12,61.07408142089844,0.004768794098887863,-0.008442331095236594,-21.42857142857143,47.14399652111679,0.043725216144357676,0.21799706407248629
2009-03-13,60.76649856567383,-0.005036225647093606,-0.008218077142769396,-21.42857142857143,45.6223278570549,0.041874919504390005,0.12664902266230926
2009-03-16,59.8082160949707,-0.01576991423436147,-0.009320224262064199,-100.0,41.16441335482422,0.044768806576627636,0.17553026980467937
2009-03-17,59.48286437988281,-0.00543991672601063,-0.010465235866185757,-50.0,39.7444566657138,0.04622136292428801,-0.09177444882891071
2009-03-18,61.73653793334961,0.03788777788295272,-0.007882100211317624,7.142857142857143,52.0762571075271,0.046130025509022024,-0.20849839319246466
2009-03-19,61.81346893310547,0.0012461178150111607,-0.005960929499279422,7.142857142857143,52.434122781282746,0.0476939082078348,-0.4570114850854066
2009-03-20,61.47040939331055,-0.00554991566912677,-0.0048652235878584955,7.142857142857143,50.618880263805096,0.048000050301441936,-0.7740138268828651
2009-03-23,60.93803024291992,-0.008660738648806898,-0.004656469886604377,7.142857142857143,47.85039390881833,0.046147749088819225,-1.0219728730146587
2009-03-24,61.5176887512207,0.009512261981394321,-0.0036133657436725987,7.142857142857143,50.993230411332725,0.0451771052713649,-0.8536979442298854
2009-03-25,60.68959426879883,-0.013461079231547712,-0.003915846699639077,7.142857142857143,46.66642241562099,0.0452327890406303,-0.8725742284789576
2009-03-26,61.39346694946289,0.011597913763380152,-0.0031083401242445836,7.142857142857143,50.510294028388316,0.045175838409596734,-0.6362805838155285
2009-03-27,61.84894943237305,0.007419070880702927,-0.0018697233908657584,7.142857142857143,52.87709877235793,0.0449557029162996,-0.39860130564554347
2009-03-30,62.085540771484375,0.003825308938675276,-0.0005885203373356071,7.142857142857143,54.10489355984078,0.04735957016671703,-0.25310015894136556
2009-03-31,62.529205322265625,0.007146020559186672,0.000979449493079914,7.142857142857143,56.399086421506695,0.051099551242174426,-0.09051904840821555
2009-04-01,63.099876403808594,0.009126472639494176,0.0028950981462550498,7.142857142857143,59.222654801069496,0.05641267717260161,0.13331989003490277
2009-04-02,62.328704833984375,-0.012221443428654166,0.003436984949243872,7.142857142857143,54.121995136696476,0.05721106157375853,0.10618900591954702
2009-04-03,61.053253173828125,-0.020463310822091962,0.0022070711952195477,7.142857142857143,46.9237179389103,0.05711630412809053,-0.17837906491615677
2009-04-06,60.79225158691406,-0.004274982467698307,0.0008245578258365576,7.142857142857143,45.58753863357637,0.05758121921356886,-0.3723600500136463
2009-04-07,60.94649124145508,0.002537159761561103,-7.284922954470917e-05,0.0,46.55605817448132,0.055249392894401485,-0.4815985950684201
2009-04-08,61.4863395690918,0.00885774253185434,-6.629307319898935e-05,42.85714285714286,49.916273083490495,0.05470107045247431,-0.43454229825539054
2009-04-09,60.71514892578125,-0.012542471201167582,-0.0010749233372733579,42.85714285714286,45.51389581236583,0.05532694317425534,-0.4218750578245812
2009-04-13,61.272743225097656,0.009183775535130723,-0.0011094533220547262,42.85714285714286,49.01517917169636,0.054681590525205485,-0.3596401788185595
2009-04-14,61.59307861328125,0.0052280242620568185,-0.000710761116219325,42.85714285714286,50.96467296345192,0.04955856120150591,-0.24077701870944077
2009-04-15,61.4863395690918,-0.0017329714083562653,-0.000533984419373284,28.571428571428573,50.27485443551192,0.039965712097902034,-0.15917183582901948
2009-04-16,60.99991226196289,-0.007911144337716003,-0.0010276504894563797,28.571428571428573,47.143266539035544,0.040582151667294265,-0.22163828795241414
2009-04-17,60.32953643798828,-0.010989783413059562,-0.002301347847816574,-78.57142857142857,43.15377408974464,0.04357824906463264,-0.39545039908765645
2009-04-20,61.243106842041016,0.015143003874922512,-0.002025426120851723,-78.57142857142857,49.43386714378585,0.043659676676959504,-0.29111289389827094
2009-04-21,60.63804244995117,-0.009879714196251221,-0.002627143432663455,-78.57142857142857,45.82314867644425,0.04456763788775051,-0.3403228470835578
2009-04-22,60.27023696899414,-0.006065589621574774,-0.003558248710928421,-100.0,43.73207006014563,0.04736574003793221,-0.42532389068629034
2009-04-23,60.26432800292969,-9.804119515066656e-05,-0.004242873219021488,-100.0,43.69756993252599,0.0489830725389053,-0.2933715833069245
2009-04-24,59.65925979614258,-0.010040238178009586,-0.005587666952046132,-100.0,40.20031239006012,0.05441067422513514,-0.1855396177847017
2009-04-27,59.914306640625,0.004275058814908528,-0.006176453981038024,-57.142857142857146,42.29669860433166,0.05674606648437684,0.08137382849096012
2009-04-28,58.93552780151367,-0.016336312543549725,-0.008020205319344347,-64.28571428571429,36.94407745079019,0.06306338937033577,-0.0659584010057411
2009-04-29,58.413482666015625,-0.008857902100346315,-0.010088955779725397,-71.42857142857143,34.44062565725324,0.0687290634762589,-0.4584827561002364
2009-04-30,58.1821517944336,-0.003960230772485862,-0.011901689821944233,-78.57142857142857,33.361793168186765,0.0691348500456017,-0.45643400589880617
2009-05-01,57.78166961669922,-0.006883247961494199,-0.013798935837539559,-85.71428571428572,31.5209508990329,0.07436911452961496,-0.1958987975335833
2009-05-04,57.97210693359375,0.0032958084831715695,-0.014751967178652759,-85.71428571428572,33.40276590947754,0.08078103490709444,0.01269349629787027
2009-05-05,57.90069580078125,-0.0012318188278770403,-0.015483382413212888,-85.71428571428572,33.03615343892317,0.08654545320792005,0.10551258472039668
2009-05-06,57.76383972167969,-0.00236363444702703,-0.016092313430765004,-57.142857142857146,32.30439247853007,0.09129159728722887,-0.1384452924976433
2009-05-07,56.35369110107422,-0.02441230755088153,-0.01876272916995528,-85.71428571428572,25.93083696283228,0.1011921028573328,-0.8205358309192651
2009-05-08,56.4904670715332,0.0024270987008405687,-0.02008326546602062,-85.71428571428572,27.426480103874468,0.10951082005428289,-1.09912248729336
2009-05-11,57.29378128051758,0.014220349921468145,-0.019512732100544036,-85.71428571428572,35.64566383050627,0.1098002946972176,-0.9342787824678264
2009-05-12,57.50203704833984,0.003634875603734544,-0.018706026480210962,-78.57142857142857,37.61811062983204,0.10604120247264313,-0.650103389707048
2009-05-13,58.12681579589844,0.010865332423499519,-0.016866179089497165,-71.42857142857143,43.238839573712276,0.09938581533128371,-0.3797254089098327
2009-05-14,58.35292434692383,0.0038899180684406343,-0.015021285286655682,-50.0,45.16446420045157,0.09361909744817663,-0.07780332565280355
2009-05-15,58.335052490234375,-0.0003062718259534414,-0.013484437920773846,-50.0,45.034416619902515,0.09017404000464171,0.39392164463132007
2009-05-18,57.4306526184082,-0.015503540893831769,-0.013570216972996893,-50.0,38.92609671341513,0.08149107705604908,0.2734400399498196
2009-05-19,57.12717056274414,-0.005284321905246636,-0.013810929122402883,-42.85714285714286,37.107261531272364,0.07550085836868649,0.14290209810650806
2009-05-20,57.72817611694336,0.010520485231088506,-0.01281162521733332,35.714285714285715,42.80664900574125,0.06847774998760539,0.4118868794996964
2009-05-21,56.27634811401367,-0.025149382859223413,-0.01436277904123399,35.714285714285715,34.64025810577868,0.06451547186645867,-0.12636920273359872
2009-05-22,55.651554107666016,-0.011102248587307906,-0.016221181274280603,-42.85714285714286,31.826336749075264,0.06652250915655147,-0.7259842409811406
2009-05-26,54.81260681152344,-0.015075002119788294,-0.018852772531111898,-50.0,28.480801909398096,0.07017251969474464,-1.3490643214824696
2009-05-27,53.842716217041016,-0.017694662795685878,-0.022311530084335892,-57.142857142857146,25.1847818304021,0.084999376642548,-2.188623251093882
2009-05-28,54.62215042114258,0.014476130828163347,-0.02301311802849245,-64.28571428571429,31.99583889315575,0.0911525540926725,-1.2940281995854284
2009-05-29,56.032352447509766,0.025817402198455852,-0.02094960490687343,-64.28571428571429,42.241240501006935,0.09024904347272258,-0.3906990872774628
2009-06-01,54.375823974609375,-0.029563785929784037,-0.022573655919311143,-64.28571428571429,35.4793071790992,0.09690466192567847,-0.30225935047421637
2009-06-02,54.66831970214844,0.005379150257578402,-0.022538439098628987,-64.28571428571429,37.38527686913539,0.09968072340175832,0.06218442004851179
2009-06-03,55.1816635131836,0.009390151624049103,-0.02139861725242333,-64.28571428571429,40.696372426557566,0.09940777845955641,0.6387864933035091
2009-06-04,54.04154968261719,-0.02066109932140825,-0.02253988499509401,-64.28571428571429,36.12704521100372,0.10347163765984442,0.5026642086563888
2009-06-05,53.629642486572266,-0.007622046341454469,-0.023611472806186938,-92.85714285714286,34.61489335464017,0.11115714423761247,-0.01443644949937876
2009-06-08,53.49235153198242,-0.0025599826555662286,-0.024312779734529475,-100.0,34.1025314732878,0.11819834503521276,-0.47575171187474086
2009-06-09,53.486358642578125,-0.00011203264079195918,-0.02454937671527553,-85.71428571428572,34.07881897180533,0.12219296438403988,-0.7651250476092063
2009-06-10,52.64468765258789,-0.015736180427138202,-0.02611916925367325,-92.85714285714286,30.835886063871897,0.12816974775902268,-1.049191195344152
2009-06-11,53.22969055175781,0.01111228739793213,-0.025573275297297852,-92.85714285714286,35.43477024362413,0.12563224052083438,-0.5775266655093654
2009-06-12,53.70725631713867,0.008971793005568829,-0.02414670917298729,-85.71428571428572,39.00057257624164,0.11709552250101485,-0.39160099389585706
2009-06-15,54.19076156616211,0.009002605647333128,-0.022015658915776743,-57.142857142857146,42.465089565325165,0.1040852386213147,-0.31451105549965697
2009-06-16,55.13394165039063,0.017404813236975514,-0.01855261397192424,-57.142857142857146,48.598106530312926,0.09485988807119242,0.07151598294206582
2009-06-17,54.82355880737305,-0.0056296146026662,-0.01646482831582397,-57.142857142857146,46.82903379097491,0.08590337484213295,-0.24223086821301398
2009-06-18,53.99378967285156,-0.015135265797628028,-0.016008842485886958,-57.142857142857146,42.386801727136806,0.06820266309236238,-0.560141396502827
2009-06-19,54.734012603759766,0.013709408718914018,-0.013985547778223431,35.714285714285715,47.19874229462878,0.060838123302298056,-0.3579806039267217
2009-06-22,55.26527404785156,0.009706239663768157,-0.011524445306785706,35.714285714285715,50.40062155553213,0.05883973537212194,-0.18478098030759113
2009-06-23,55.91596221923828,0.011773906537101642,-0.00853056351018063,64.28571428571429,54.074022938724845,0.06385435798855486,0.1499703440522862
2009-06-24,55.35482025146485,-0.010035452230496844,-0.007064227805752547,71.42857142857143,50.59404810993469,0.06509899522359103,-0.078053676071058
2009-06-25,56.369625091552734,0.018332727583213915,-0.0042271976368757624,78.57142857142857,56.09677893005226,0.07203903344736023,0.2136665311626125
2009-06-26,56.46512985229492,0.0016942592856892258,-0.001917515264368985,85.71428571428572,56.58683706201144,0.07474608606698659,0.33115243415993323
2009-06-29,56.548736572265625,0.001480678786879741,2.6392976241848168e-05,92.85714285714286,57.038929413028704,0.08112309080879182,0.19861784934181173
2009-06-30,56.45315170288086,-0.0016903095485186759,0.0014144273708085956,92.85714285714286,56.3168635073374,0.08597100233712024,0.16130263461179992
2009-07-01,56.34119415283203,-0.001983193970074071,0.0023321865339963424,85.71428571428572,55.43172188822532,0.08940338509944798,0.30860338129024706
2009-07-02,56.47294998168945,0.002338534545434312,0.0032015118249953986,78.57142857142857,56.302155104480654,0.09209026711064201,0.3394727216255986
2009-07-06,56.36517333984375,-0.001908464882402039,0.0037052147610035376,50.0,55.349872786050746,0.09199009562808584,0.39080416917177146
2009-07-07,56.7424430847168,0.006693312954053399,0.004556275889153429,50.0,58.026152465791824,0.09159579645451826,0.49237077206787083
2009-07-08,57.79046249389648,0.01846976182564042,0.00654296377037835,92.85714285714286,64.40820927851779,0.09507666703512982,0.7653857168794321
2009-07-09,57.10172653198242,-0.01191781363554234,0.007225056451289815,92.85714285714286,58.15065515134474,0.08622772985690534,0.9395256110977028
2009-07-10,57.628814697265625,0.009230687008876748,0.008275256895646873,85.71428571428572,61.2531758681322,0.08143140533942626,1.1288505106040105
2009-07-13,57.30540466308594,-0.005611950130826382,0.00865643498032981,78.57142857142857,58.392692441325025,0.07587758898437336,0.9922407798665995
2009-07-14,56.353214263916016,-0.01661606622914724,0.007620972148783058,71.42857142857143,50.86163238713226,0.06944469450535934,0.7638230519254212
2009-07-15,54.903926849365234,-0.025717919261240563,0.004676977556350975,-35.714285714285715,41.98569276125811,0.07040486143147394,0.3241366581195479
2009-07-16,55.49679183959961,0.010798225632584701,0.0029886438664139445,-35.714285714285715,46.127387172919185,0.06788632366624806,-0.010240964591848246
2009-07-17,54.64046096801758,-0.015430277015958893,0.0004469532342530187,-50.0,41.51698102051554,0.06315003920416497,-0.3814345222600843
2009-07-20,54.92789077758789,0.005260384053834333,-0.0011604537984749516,-57.142857142857146,43.55623444214763,0.062052388339091887,-0.48714896353707776
2009-07-21,56.02383804321289,0.019952473144520866,-0.0007972048244816634,-57.142857142857146,50.625676055693624,0.06013779524462635,-0.2715287946931571
2009-07-22,55.5207633972168,-0.008979653368411777,-0.0012488486172986901,-57.142857142857146,47.67393926930712,0.06103620474166825,-0.21341662747391513
2009-07-23,54.50271224975586,-0.018336403989574257,-0.003102429758391364,-78.57142857142857,42.2991627189211,0.06548333310211714,-0.33266546427557353
2009-07-24,54.76615905761719,0.004833645831313849,-0.0040956472409900664,-78.57142857142857,44.056821385325605,0.0691431398947587,-0.24252603756710242
2009-07-27,54.137393951416016,-0.011480905672783703,-0.005821519606258082,-92.85714285714286,40.85786534284959,0.07550466363310125,-0.12303610668818424
2009-07-28,54.61650085449219,0.00884983313947707,-0.006308291515784928,-92.85714285714286,44.18358567244232,0.07801867876744109,-0.03377900024561073
2009-07-29,54.91587448120117,0.005481376910369429,-0.006186614335148219,-71.42857142857143,46.21868648630681,0.07903798885282469,0.034299810239041106
2009-07-30,55.694480895996094,0.014178166552941907,-0.004847966804416282,-71.42857142857143,51.20196802177248,0.07864902793328478,0.3271145394786541
2009-07-31,56.77840423583984,0.019461952466490517,-0.0022160343394878974,-71.42857142857143,57.15393165429903,0.07944411715049886,0.841141603492419
2009-08-03,55.91791534423828,-0.015155214437294728,-0.0014318992013720073,-64.28571428571429,51.756870332739005,0.07897954948266102,0.8883061545877657
2009-08-04,55.473289489746094,-0.007951402547019315,-0.0014201045782184002,28.571428571428573,49.172992318778256,0.07760303932184337,0.7143404865912094
2009-08-05,54.644039154052734,-0.014948641829625742,-0.0026172976978990218,28.571428571428573,44.69166974189199,0.07159077172285755,0.2522843268059894
2009-08-06,54.83031845092773,0.0034089591428230204,-0.0032256224631783304,28.571428571428573,45.88473171286741,0.06788327186987925,0.07353952824722376
2009-08-07,54.3736572265625,-0.008328626155508001,-0.00437325259736711,28.571428571428573,43.41243370724387,0.05970103494545903,-0.08152871741326845
2009-08-10,55.05266189575195,0.012487750573042966,-0.004153291423586096,28.571428571428573,47.90688098457627,0.049608484780708687,0.12113493100703254
2009-08-11,55.6895751953125,0.011569164462321702,-0.003018072844522498,28.571428571428573,51.77598891463811,0.04651735752623746,0.37430140443429943
2009-08-12,55.09471893310547,-0.010681644816301294,-0.003015788738889109,28.571428571428573,48.1769527232485,0.04634636471610025,0.2807058036824404
2009-08-13,55.8758544921875,0.014178047809454641,-0.001797602001781013,28.571428571428573,52.81524945108879,0.047439491778099946,0.48561494972095504
2009-08-14,56.09214782714844,0.003870962456443028,-0.0005448245119985514,28.571428571428573,54.041840034665476,0.0486153667060523,0.25332913468984025
2009-08-17,56.92142105102539,0.01478412319728628,0.0015932794010694268,100.0,58.49656776551605,0.05485708041727955,0.417022037818599
2009-08-18,56.5909538269043,-0.005805674173609554,0.002797164969713856,50.0,56.16039932256213,0.0573279378623112,0.33123757211083604
2009-08-19,57.05961990356445,0.008281643000640493,0.0043260313543372845,57.142857142857146,58.680668154071704,0.06308607519078234,0.32040959809116726
2009-08-20,57.528282165527344,0.008213553871458723,0.006097690446224864,64.28571428571429,61.089613631314776,0.06872464526289566,0.5044633124361857
2009-08-21,56.34453582763672,-0.02057677186474305,0.005924316251546873,64.28571428571429,52.727863224215476,0.06811032856590161,-0.0029634645152484297
2009-08-24,57.36602783203125,0.018129388935235413,0.006940982891756688,64.28571428571429,58.0623748031612,0.06778419030453307,0.17198999603969622
2009-08-25,57.69050598144531,0.005656277097729978,0.008146203088028933,85.71428571428572,59.62113291477286,0.07025655747750756,0.4730062119022128
2009-08-26,57.95486831665039,0.004582423584395423,0.009350915656038468,92.85714285714286,60.896369544720976,0.07395047083350215,0.7492370481641936
2009-08-27,57.72658920288086,-0.003938911784291732,0.0099422754335737,100.0,59.158935676879395,0.07729230134038406,0.752551984621417
2009-08-28,57.99095153808594,0.004579559243938158,0.01058018615612347,92.85714285714286,60.56222546776733,0.0814663474155806,0.8743137616672447
2009-08-31,58.045013427734375,0.0009322469836166025,0.01105896943037699,92.85714285714286,60.85841184716627,0.08527554142494863,0.9882114838829225
2009-09-01,57.90458679199219,-0.0024192713111698128,0.011149760878044639,100.0,59.60617383948795,0.08658715646589969,1.0274673400258778
2009-09-02,58.7485237121582,0.014574612598439618,0.012059700223433471,100.0,64.35330002281637,0.08691995826874913,1.2014691067160872
2009-09-03,58.38682556152344,-0.006156718974027808,0.012345545527989868,92.85714285714286,61.042238719424866,0.0843438169481246,1.2057549198773096
2009-09-04,57.39218521118164,-0.01703535584913285,0.011202163479554137,50.0,52.97101858833293,0.07364752449552144,0.8181638430227014
2009-09-08,56.98837661743164,-0.007035950840068805,0.009516749290925827,50.0,50.07611859298945,0.0660499965298826,0.4562819988594172
2009-09-09,56.92203903198242,-0.001164054661436431,0.007942011524248734,50.0,49.59658853761056,0.061762722847057264,0.5449306995298323
2009-09-10,57.97092819213867,0.018426767171269454,0.007932811365007546,50.0,56.6629960250455,0.05214124971873615,0.6767950070432259
2009-09-11,58.29035568237305,0.005510132409397794,0.008341377162018857,92.85714285714286,58.56802571935995,0.04791276729529323,0.3302095134384601
2009-09-14,57.71171569824219,-0.009926856293070108,0.007886884858587831,92.85714285714286,53.94216970143938,0.042348192647805157,0.010998499698960015
2009-09-15,57.41635513305664,-0.005117861453468153,0.007002974803205892,14.285714285714286,51.69761205750333,0.04112832332666636,-0.2230648459024977
2009-09-16,57.51876449584961,0.001783627026753054,0.006329853354457672,14.285714285714286,52.43661630117082,0.03787202812882743,-0.22654273504156378
2009-09-17,58.24211502075195,0.012575905119702968,0.006659568655304348,14.285714285714286,57.39492421509451,0.037633363522920335,0.012445542061524215
2009-09-18,57.72376251220703,-0.008899960249730499,0.006249242694808511,14.285714285714286,53.12135282096789,0.037519737682047666,-0.09373108157436434
2009-09-21,57.85638427734375,0.0022975246131724525,0.005979233158890149,14.285714285714286,54.06377832483486,0.03050128883885807,-0.10182414971649281
2009-09-22,57.9769172668457,0.0020833135531621583,0.0058647431673453775,14.285714285714286,54.95020053645507,0.029825263107246192,0.011145334538675982
2009-09-23,58.15172958374024,0.003015205449609315,0.005940564706524493,14.285714285714286,56.26825380332626,0.03013233677563343,0.49557667218298646
2009-09-24,58.32054138183594,0.002902954036003491,0.006159776308062894,14.285714285714286,57.55957786975495,0.030931666010795646,0.7606476765221104
2009-09-25,59.062007904052734,0.012713642648861434,0.007197485936750375,85.71428571428572,62.76087147548348,0.035648081113801355,1.1100781935011037
2009-09-28,59.58037185668945,0.008776605656191094,0.008613599807178058,92.85714285714286,65.9066575440592,0.04339513805097402,1.4592304890212584
2009-09-29,59.5261116027832,-0.0009107068689796494,0.009610094227136035,100.0,65.2849665530848,0.048956620739510355,1.5259579011185391
2009-09-30,59.47189712524414,-0.0009107679987706563,0.010211801904907945,64.28571428571429,64.6289862945428,0.052997844260571865,1.3535996555305976
2009-10-01,60.28635025024414,0.013694756084286608,0.011495025418867577,78.57142857142857,69.57488593166534,0.06128685243201791,1.3589735396319096
2009-10-02,59.8691520690918,-0.0069202759732607255,0.012008547580064142,85.71428571428572,64.59246253200448,0.06588001047818916,0.8803718914688426
2009-10-05,59.87519836425781,0.00010099182896450287,0.012218093786934248,85.71428571428572,64.63199285280693,0.06798207868326354,0.5152879592949541
2009-10-06,59.28255844116211,-0.009897919995025428,0.011568911199768973,85.71428571428572,57.81824913487627,0.06494688126008706,-0.0006878504520831713
2009-10-07,59.97795867919922,0.01173026698446722,0.011632057743933635,78.57142857142857,62.7770598968872,0.06278522171386883,-0.008696241209836381
2009-10-08,59.34912490844727,-0.010484414351534577,0.010932317839715534,50.0,56.32844555785355,0.06230318426726596,-0.29953356453841956
2009-10-09,57.988582611083984,-0.022924386828990007,0.008529755731947863,50.0,45.4501343647066,0.06301925773265797,-0.8139339259249531
2009-10-12,58.07927322387695,0.0015639391188642104,0.006463891888305262,50.0,46.196038367934754,0.0618087862772955,-0.9191316068453618
2009-10-13,58.38164138793945,0.005206128577004865,0.005170495709370447,50.0,48.71398553478411,0.058404534932621724,-0.8824898486187425
2009-10-14,57.51692962646485,-0.014811364341894562,0.0029871676477835805,-57.142857142857146,42.57734206525174,0.05841412606274561,-1.060039224686607
2009-10-15,57.25090408325195,-0.004625169405609086,0.0008164557880402411,-64.28571428571429,40.871516430589224,0.062466972167257016,-1.1774050150023294
2009-10-16,57.71647644042969,0.008132139826136475,-0.00025364327922540214,-64.28571428571429,45.02284299921743,0.06249587760672802,-0.8581301487279416
2009-10-19,58.170013427734375,0.007858015860909173,-0.00045357504307659433,-64.28571428571429,48.794376940072894,0.06157734510501421,-0.39786977779128396
2009-10-20,58.48443222045898,0.005405169677590083,-0.00017447250801874624,-64.28571428571429,51.28920941903829,0.06044696595288422,-0.29107229640773746
2009-10-21,58.133697509765625,-0.00599706105329445,-0.0004367418220972162,-64.28571428571429,48.453240309907116,0.06049436426792712,0.0024293217023510128
2009-10-22,57.84954833984375,-0.004887856477289176,-0.0010313773509001874,-64.28571428571429,46.22332190806511,0.06180071663681435,0.20251093497555098
2009-10-23,57.41409683227539,-0.007527310412351884,-0.0021001029073749993,-35.714285714285715,42.960358994815536,0.06498266047038827,0.08743068964901032
2009-10-26,56.67037963867188,-0.012953564274922558,-0.003992410771122876,-85.71428571428572,38.02344910859786,0.07027742839035687,-0.19489832198758017
2009-10-27,57.44439697265625,0.013658234494271504,-0.00426016524896152,-85.71428571428572,45.095174128721055,0.07059207808861181,0.01613811718618464
2009-10-28,57.71647644042969,0.004736396970151047,-0.00406644967221452,-85.71428571428572,47.368559115231804,0.06965612307151459,0.16155292719134656
2009-10-29,57.08760070800781,-0.010895948110604903,-0.004805625510358313,-78.57142857142857,42.942626266050354,0.06544837448921144,0.1388273143076695
2009-10-30,57.916046142578125,0.014511827862720095,-0.0040780714381244395,-28.571428571428573,49.620690785781896,0.060198330164550076,0.35818991018125285
2009-11-02,57.66006088256836,-0.004419936737041441,-0.0038851933425523366,-28.571428571428573,47.76055795626682,0.05377871369054005,0.3165853601472248
2009-11-03,57.08372497558594,-0.009995409268751865,-0.004518132786055916,-28.571428571428573,43.78118985209289,0.051555293435018044,-0.030012481803065028
2009-11-04,56.562007904052734,-0.009139506431234734,-0.0057130963753731735,-78.57142857142857,40.49221669842308,0.043793031784813904,-0.29493292155171047
2009-11-05,56.562007904052734,0.0,-0.006551564025345734,-85.71428571428572,40.49221669842308,0.03900890257035482,-0.15673259130738554
2009-11-06,56.61661911010742,0.000965510385475099,-0.007049993812298315,-92.85714285714286,41.03001554711893,0.041104383911179904,0.11872277021470545
2009-11-09,56.68333435058594,0.0011783684989874477,-0.0072625519783746095,-92.85714285714286,41.72291763104138,0.041965444462076694,0.23775433592031445
2009-11-10,56.58024597167969,-0.0018186717504768968,-0.007511563382135355,-85.71428571428572,40.922760800053474,0.041189551051462416,0.1830337967111131
2009-11-11,56.81681823730469,0.004181181286193381,-0.007246846859483152,-35.714285714285715,43.59606659634624,0.041918322476342425,0.07627895268643936
2009-11-12,56.71370315551758,-0.0018148689945366447,-0.007139099459608737,-64.28571428571429,42.68931019448342,0.04294120512686826,0.262683863354183
2009-11-13,56.97453308105469,0.0045990635600337,-0.006565927669029252,-64.28571428571429,45.7623226232078,0.04267319073084593,0.39800507006455316
2009-11-16,57.64181137084961,0.011711869386373364,-0.005073936831000376,-64.28571428571429,52.74344148987339,0.04064277676883329,0.4386643338507988
2009-11-17,57.95123672485352,0.005368071312214173,-0.003459931399468673,21.42857142857143,55.59751287322631,0.03731640243689141,0.5443242781814182
2009-11-18,57.61153793334961,-0.005861804004576587,-0.002660396619985242,21.42857142857143,51.89217828339212,0.03492229370804182,0.4558302342816238
2009-11-19,57.714637756347656,0.0017895690116331853,-0.0018416255038660495,35.714285714285715,52.917777367634635,0.034347113125057366,0.25621670499823157
2009-11-20,57.7025032043457,-0.00021025085617243366,-0.0011998988409220224,35.714285714285715,52.77516996072207,0.035110599427604035,0.2880516263782474
2009-11-23,57.62968444824219,-0.0012619687545554203,-0.0007848043224857576,35.714285714285715,51.87177883125842,0.03468197431904016,0.4824747759466719
2009-11-24,57.993690490722656,0.006316294214787632,5.406611343297399e-05,35.714285714285715,55.93259798692043,0.036444012838850695,0.7079300547022412
2009-11-25,58.2606086730957,0.004602538312607374,0.0010690589602834347,64.28571428571429,58.685380169969804,0.03893992092790525,0.935660406852813
2009-11-27,58.47895050048828,0.0037476750134504133,0.00214322007388412,71.42857142857143,60.84032871239818,0.04271016357659844,1.0177760950961054
2009-11-30,58.61848449707031,0.0023860550743102227,0.003146335643593261,78.57142857142857,62.19733945615552,0.04611165818954826,1.173440677023487
2009-12-01,57.96550750732422,-0.011139438273582991,0.003045705041921183,78.57142857142857,52.950073597816605,0.046757877228384453,0.805265481601155
2009-12-02,58.01420593261719,0.0008401276446483585,0.002968910067245389,78.57142857142857,53.505270438352426,0.04728432118401538,0.5273312084193714
2009-12-03,57.41172790527344,-0.01038500859674818,0.002069975369250482,78.57142857142857,46.236167140764,0.04507118003002257,0.11334991863580884
2009-12-04,56.80314254760742,-0.010600366508218495,0.00047712703486026516,-28.571428571428573,40.28272558313847,0.04398679722297364,0.027285216349792547
2009-12-07,56.87620544433594,0.0012862474407517865,-0.0006901496735525073,-28.571428571428573,41.260583970479836,0.042864994297460386,0.026177681373135985
2009-12-08,56.9614143371582,0.0014981465826804374,-0.0014746180868007034,-28.571428571428573,42.44427200599583,0.0417317165732227,-0.0954280174023275
2009-12-09,56.69969940185547,-0.004594600368481472,-0.002451016454553893,-50.0,39.791922086064844,0.04110083998639383,-0.2311597092896537
2009-12-10,56.04853820800781,-0.01148438529157969,-0.0041464895318848675,-57.142857142857146,34.08479995477225,0.04579069299522915,-0.5354661154897478
2009-12-11,56.04247283935547,-0.00010821635757629622,-0.005414506951822261,-64.28571428571429,34.03583199663823,0.04959595802252992,-0.4340723824730567
2009-12-14,56.10935974121094,0.0011935037564669848,-0.006243252890065353,-64.28571428571429,35.14240644495033,0.053328729865197225,-0.43719637274141987
2009-12-15,55.859859466552734,-0.004446678340457866,-0.007213259876640569,-64.28571428571429,32.92371928525451,0.05831259096576137,-0.34364716635503767
2009-12-16,55.792930603027344,-0.0011981566757336415,-0.007974320604955966,-64.28571428571429,32.33399228927632,0.062025823588109825,-0.368995418278162
2009-12-17,56.7119140625,0.016471324405081367,-0.007042979401248638,-64.28571428571429,46.503284714299994,0.062235870044397575,0.06378446871871785
2009-12-18,56.46842575073242,-0.00429342433230584,-0.006705559571276007,-64.28571428571429,43.88140227915444,0.06260750885383551,-0.01893206863070085
2009-12-21,55.46431350708008,-0.01778183525223065,-0.007899959137988374,-92.85714285714286,35.094149276948556,0.06683854522647323,-0.4012029161731709
2009-12-22,55.153953552246094,-0.0055956692728986734,-0.009148171903903669,-100.0,32.90108692458695,0.07189202130417092,-0.5338611768608569
2009-12-23,55.16617202758789,0.0002215339890407897,-0.00996715454127208,-92.85714285714286,33.07839097418099,0.0743372802436186,-0.6952843837052343
2009-12-24,54.59409713745117,-0.0103700305660257,-0.01144270941458292,-85.71428571428572,29.1893055309163,0.07731116026696642,-0.845842355488796
2009-12-28,54.44195938110352,-0.0027867070677002337,-0.012644078055699092,-92.85714285714286,28.238453746829162,0.07759707251761162,-0.8420377028022014
2009-12-29,54.801055908203125,0.0065959515634965715,-0.01280553886424284,-92.85714285714286,33.72615093334036,0.07211677755126915,-0.61810210740629
2009-12-30,55.161399841308594,0.00657549251804701,-0.012245957018147888,-85.71428571428572,38.784948090903576,0.06755333889590405,-0.39650083087110793
2009-12-31,54.89875030517578,-0.004761473365223146,-0.012171308962906923,-35.714285714285715,36.59244312838516,0.06149984198755132,-0.06963492275870754
2010-01-04,54.84993743896485,-0.0008891434857730696,-0.012009824833362711,-35.714285714285715,36.183064588565074,0.05809957418928481,0.03720777431243225
2010-01-05,55.20410537719727,0.006457034497560299,-0.011150862898427634,-35.714285714285715,41.31325305667078,0.05602632376635348,0.14554397731687063
2010-01-06,54.46514129638672,-0.013386034892901133,-0.011634753799265297,-35.714285714285715,34.992471742749785,0.05541242610808133,-0.19228877828147092
2010-01-07,54.55677032470703,0.0016823426165679667,-0.011609013651453453,-35.714285714285715,36.29400746865986,0.052346482419220734,-0.36872225041916024
2010-01-08,54.53231430053711,-0.00044826744736481405,-0.011512780166686132,-92.85714285714286,36.08633797232883,0.04972427046897166,-0.31138801137871885
2010-01-11,54.23308181762695,-0.005487250756698758,-0.011804609051140892,-92.85714285714286,33.55634128403824,0.05103362072826467,-0.4605668726641549
2010-01-12,55.161399841308594,0.017117191068052318,-0.010307054693772345,-85.71428571428572,46.16607499430004,0.049234850274652624,-0.14809105684216067
2010-01-13,54.520118713378906,-0.011625541225831149,-0.010218128949026548,-71.42857142857143,40.45450356102126,0.04781295852499596,-0.43191315672897296
2010-01-14,55.28352737426758,0.014002329395172985,-0.008698237050123764,-71.42857142857143,48.60601690948615,0.046273710950378986,-0.09983919455181084
2010-01-15,55.62554550170898,0.006186619119397774,-0.006982147866501351,35.714285714285715,51.790223021452476,0.045665601095161636,-0.12607751805060163
2010-01-19,55.46677017211914,-0.0028543599556243304,-0.00584434671296961,35.714285714285715,50.23423145755377,0.03734719987072735,-0.09338454448381403
2010-01-20,56.02861785888672,0.010129446604230097,-0.004021859560100568,50.0,55.346727733209256,0.033215861096178655,0.17443277082918296
2010-01-21,56.285152435302734,0.004578634744517807,-0.002218662844367374,57.142857142857146,57.493893669044205,0.038479942617562754,0.4829760897367659
2010-01-22,56.18740463256836,-0.0017366534246616716,-0.0009351401041714102,57.142857142857146,56.38140903308031,0.04263517791906499,0.506026109189811
2010-01-25,55.930912017822266,-0.004564948611230579,-0.0002812897486084407,57.142857142857146,53.45833207576519,0.044710662910332315,0.3385733024695397
2010-01-26,55.94924545288086,0.00032778716450665435,0.00026361349815929853,57.142857142857146,53.64333142684341,0.045652405610789995,0.16181049776102496
2010-01-27,55.91866683959961,-0.0005465420138150989,0.0006442089327537106,57.142857142857146,53.2630432146347,0.045286819119254446,-0.08387478042845664
2010-01-28,55.888160705566406,-0.0005455447305406924,0.0008919092236654707,57.142857142857146,52.86043564912135,0.045645438000045446,-0.0523436965818629
2010-01-29,56.37675857543945,0.008742421716955606,0.001757572420011862,57.142857142857146,58.297529366716624,0.04850302190734356,0.4011057422347371
2010-02-01,55.86494827270508,-0.009078391799512642,0.0017131761097904132,50.0,51.585538445243316,0.04840656424199961,0.3023219878187337
2010-02-02,56.02431488037109,0.0028527119883483554,0.0018684901902482254,35.714285714285715,53.385228663998895,0.04830060908895286,0.4789380646895298
2010-02-03,55.37464141845703,-0.011596276782702364,0.0010599319324455258,35.714285714285715,45.89536429007401,0.04811847681885047,0.09982711441081116
2010-02-04,56.2511100769043,0.01582797894480148,0.001633960476146002,28.571428571428573,55.05643634485252,0.04637320547540863,0.46411404961243996
2010-02-05,56.37368392944336,0.002179047708951609,0.0022469475111385447,92.85714285714286,56.17404395279665,0.04471860234190522,0.7214847685357116
2010-02-08,56.44721221923828,0.0013043016647085182,0.0028047738372726436,92.85714285714286,56.86694838755982,0.042121214799280195,1.003784504701082
2010-02-09,55.88334655761719,-0.009989256146628933,0.0024396537480567485,14.285714285714286,50.29930193132083,0.03376629379440173,0.6146249300035969
2010-02-10,55.35017013549805,-0.009540882122537564,0.0013554522765195046,-21.42857142857143,45.006288303713646,0.03290217494356401,0.03761721725528908
2010-02-11,55.04980850219727,-0.005426571093918642,3.947306815025874e-05,-28.571428571428573,42.30546757392057,0.028079125705677124,-0.20275962189474192
2010-02-12,55.27662658691406,0.004120233855268385,-0.0006663835949978266,-28.571428571428573,44.990079308960844,0.028116913574785626,-0.2750500698683107
2010-02-16,55.380821228027344,0.0018849674364525004,-0.00105931962613971,-28.571428571428573,46.2278957470558,0.028933050186255305,-0.12369326128781116
2010-02-17,54.749507904052734,-0.011399493723200926,-0.002291569812077231,-50.0,40.30946563688781,0.03332290937564235,-0.23157327205148148
2010-02-18,54.52887725830078,-0.004029819704290394,-0.0035571247878794813,-57.142857142857146,38.4564578588381,0.03885415741965649,-0.2797633381051176
2010-02-19,54.82308197021485,0.005395392802981069,-0.004048609515834003,-57.142857142857146,42.267625831971934,0.04046327384728523,-0.04785398324694239
2010-02-22,54.5963249206543,-0.00413616019770191,-0.004752099284679951,-57.142857142857146,40.20124229770883,0.042984644880365644,-0.0031974620460775973
2010-02-23,55.44827651977539,0.015604559470976165,-0.00392980610914831,-57.142857142857146,50.076471027643436,0.042712380488423525,0.40058812302028785
2010-02-24,55.58307266235352,0.00243102493059566,-0.0030965250817577964,-57.142857142857146,51.442801790772684,0.042285441572740216,0.6772715238994341
2010-02-25,55.8956184387207,0.005623038838924677,-0.0019562865130422543,-57.142857142857146,54.548904273203846,0.04223709494448029,0.8919902068757946
2010-02-26,56.18367385864258,0.005153452595531682,-0.000639809989245918,-57.142857142857146,57.26234271418812,0.04306984769008659,0.8319634642573409
2010-03-01,56.15909194946289,-0.00043752762130744305,0.0003563039572353083,-42.85714285714286,56.949883956829964,0.04215139143613246,0.8056065963421621
2010-03-02,56.08526992797852,-0.0013145159389471583,0.0010293855592469867,-42.85714285714286,55.96229971982477,0.04269116891472399,0.873311531991952
2010-03-03,55.943885803222656,-0.002520878029782625,0.0013469301310641679,42.85714285714286,54.02982309593769,0.04249227189270712,0.9109525100465958
2010-03-04,56.23900604248047,0.00527529032030194,0.001988660876057987,42.85714285714286,57.34121234827641,0.04358188862687188,0.943574893606409
2010-03-05,55.50122833251953,-0.013118612185351486,0.00144679730009272,42.85714285714286,48.02727656715371,0.04233444658450211,0.6858024915294443
2010-03-08,55.21222686767578,-0.005207118356233109,0.000572660451920632,42.85714285714286,44.947421045291975,0.04058316258007465,0.45887219590922274
2010-03-09,55.22451019287109,0.00022247472873626606,-0.00010689291608648967,42.85714285714286,45.1085404140629,0.037792220251268986,0.40676941071190315
2010-03-10,55.08312225341797,-0.002560238904054102,-0.0008443859880008271,42.85714285714286,43.52935398190924,0.03755666381106714,0.4991339792918438
2010-03-11,55.28603744506836,0.003683799743900762,-0.001114386807834087,35.714285714285715,46.42802651417647,0.03760152258750467,0.5877572799841532
2010-03-12,55.63034057617188,0.006227668811417786,-0.0008137923197727945,28.571428571428573,51.022000528897124,0.03723065415433032,0.7309951077452819
2010-03-15,55.55658721923828,-0.0013257757577920248,-0.0006810763697936661,21.42857142857143,50.032248471292625,0.03715874445476496,0.8209638507241995
2010-03-16,55.99922943115234,0.007967411860042795,6.655805519261321e-05,-57.142857142857146,55.599177265923075,0.038073985294761165,1.094241757315741
2010-03-17,56.23900604248047,0.004281784120313992,0.0009846857781341991,-57.142857142857146,58.30880059408216,0.03772300877162237,1.3973971704975963
2010-03-18,56.0545654296875,-0.003279585216240277,0.0014361079584128363,-57.142857142857146,55.50292631446868,0.034303864067601345,1.352994840127789
2010-03-19,56.1098747253418,0.0009867045659943674,0.0018477702230148055,-28.571428571428573,56.18384402257834,0.032239696577046575,1.259349597879163
2010-03-22,56.17139053344727,0.0010963454901047331,0.0022353565666035787,-28.571428571428573,56.97249104942652,0.027336059150391324,1.1457915981091535
2010-03-23,55.90701675415039,-0.004706555717887362,0.0021497987641926498,-28.571428571428573,52.591426270756116,0.02682809614741086,0.7326894084023146
2010-03-24,54.88637924194336,-0.018255982369713264,0.0006047072146001455,-100.0,39.85083192553317,0.030301258687635793,0.009009484728938968
2010-03-25,54.53594207763672,-0.006384774677190563,-0.001160784569421701,-28.571428571428573,36.57457922282401,0.03583392452815861,-0.44546479032900915
2010-03-26,54.68961715698242,0.0028178678774253285,-0.0023025452390031823,-28.571428571428573,38.94507231054216,0.03824196168410191,-0.42868054948523104
2010-03-29,54.4805908203125,-0.0038220479048139966,-0.0034916406699251386,-42.85714285714286,36.92362725693308,0.041190094475082616,-0.3479545451130748
2010-03-30,54.65274810791016,0.0031599746809918283,-0.004111486039233643,-50.0,39.69974364884772,0.042462191333111673,-0.04731382360691211
2010-03-31,55.02776718139648,0.006861852083738684,-0.0039841596545226055,-50.0,45.34299528180954,0.04228022744475961,0.4262475343080046
2010-04-01,54.89324569702149,-0.002444610989421836,-0.004065903341882175,-50.0,43.760946249378016,0.04084988551532129,0.7842061729737567
2010-04-05,53.97991943359375,-0.016638226649390853,-0.005494650102600562,-71.42857142857143,34.866203805163096,0.04619583728497251,0.42496355471860237
2010-04-06,54.06632995605469,0.0016007901339540886,-0.006359644223018639,-78.57142857142857,36.18773136871793,0.050070606716715885,0.2577885676693349
2010-04-07,54.757511138916016,0.012783948594682126,-0.005876820718189233,-85.71428571428572,45.681293794865105,0.05062989705656739,0.589177182191165
2010-04-08,54.78221893310547,0.00045122200910063803,-0.005456004712752102,-85.71428571428572,45.99062301428408,0.05104815268421076,0.6402204575542653
2010-04-09,54.91172409057617,0.0023639998523761196,-0.004866120823145116,-85.71428571428572,47.672669074976056,0.05121377136615184,0.7632714646959553
2010-04-12,55.20180892944336,0.005282748696593398,-0.003916482502653458,-78.57142857142857,51.329126395046465,0.05065791703109032,0.8906322961119957
2010-04-13,55.38079452514648,0.003242386421283605,-0.0028798765926927854,-71.42857142857143,53.48870060148446,0.05036570057454191,0.8586348882530241
2010-04-14,54.99202346801758,-0.007019961711679179,-0.002623230792231579,28.571428571428573,48.45908570731375,0.048344462589078284,0.4466872352346398
2010-04-15,55.05369186401367,0.001121406198700159,-0.002284290920134535,28.571428571428573,49.27389802648853,0.044415242246034436,0.33221116618530394
2010-04-16,55.454837799072266,0.007286449309329646,-0.0014035281553531286,50.0,54.33152090674357,0.04170335606245275,0.690756501093345
2010-04-19,55.31905364990234,-0.0024485537161231807,-0.0009079728073747867,57.142857142857146,52.42608754813688,0.03785132735116567,0.6451548735200037
2010-04-20,55.51657485961914,0.00357058186437631,-0.0002210487974248159,57.142857142857146,54.903693415888974,0.0334779861501944,0.7264433927026507
2010-04-21,55.97320938110352,0.008225192613900312,0.0009653283294264248,71.42857142857143,60.07972126613341,0.0340034397095875,0.8684202096805915
2010-04-22,55.80662536621094,-0.002976138347872248,0.0016499099300530682,78.57142857142857,57.48746429947893,0.036702655046611236,0.6822231013014982
2010-04-23,55.6091423034668,-0.0035387028233337947,0.0018896000866234482,78.57142857142857,54.48611071351789,0.03721870511182065,0.5251221844868952
2010-04-26,55.67084503173828,0.0011095788518866723,0.0021374088045939136,78.57142857142857,55.27186008766228,0.038067448435185045,0.32181686283421773
2010-04-27,56.45458984375,0.014078191404583551,0.003384246400057004,100.0,63.816689374355974,0.04240830329316432,0.4618107819002124
2010-04-28,55.97320938110352,-0.008526861393888474,0.003697114023435382,85.71428571428572,56.657286700581565,0.0432050839457979,0.18088166287789315
2010-04-29,56.20773696899414,0.004189997151919478,0.004193974720760866,85.71428571428572,59.066690226091765,0.04557323033839497,0.22648723137406623
2010-04-30,56.855690002441406,0.011527826388112672,0.005404837224326515,78.57142857142857,64.87608210785902,0.05105739926896809,0.6535100357063457
2010-05-03,56.78139114379883,-0.0013067972376975545,0.006233272116093447,85.71428571428572,63.75866244979718,0.04966081564894149,0.7955096891859196
2010-05-04,57.80318069458008,0.017995148237801573,0.00809558455745631,92.85714285714286,71.12454145033796,0.055071395489632996,1.2404888265600484
2010-05-05,58.1438102722168,0.0058929210044087466,0.009960128140118986,100.0,73.0882114570398,0.06423120811125106,1.0461572688451526
2010-05-06,59.93970489501953,0.0308871161761628,0.013394807692797037,100.0,80.58481230744682,0.0871090920556855,0.8053006506192064
2010-05-07,59.190406799316406,-0.01250086394344907,0.015361770646940609,92.85714285714286,71.62048792194892,0.09610519637970223,-0.14459229227284984
2010-05-10,57.96424102783203,-0.0207156165633674,0.015258485529564285,85.71428571428572,59.88137292387993,0.09692969990339585,-0.3804975811096879
2010-05-11,57.81558227539063,-0.002564663140677048,0.014581888858170328,64.28571428571429,58.62673115922892,0.0969269733900237,-0.5420825264581446
2010-05-12,57.37590789794922,-0.007604772971880336,0.013349751155847184,64.28571428571429,54.9590421555415,0.09359962769245035,-0.7940768954792435
2010-05-13,57.753662109375,0.0065838472150656635,0.012587056182996307,64.28571428571429,57.4235441349,0.09040385448630042,-0.62741184784322
2010-05-14,58.75693893432617,0.01737165728211565,0.013073143378931064,57.142857142857146,63.18511778636415,0.09141972777640993,-0.4340606735526637
2010-05-17,58.54018020629883,-0.003689074549469318,0.013227900886164759,42.85714285714286,61.25642199221871,0.08944909406132437,-0.5887880144381671
2010-05-18,59.438087463378906,0.015338307021191211,0.014166753746187533,42.85714285714286,65.89990719675747,0.09096896876062309,-0.25450775255688585
2010-05-19,59.636226654052734,0.003333539135085939,0.015112982219076445,35.714285714285715,66.84424388609318,0.09365602935746631,-0.26750775249398956
2010-05-20,60.89337539672852,0.021080286483724953,0.017041360184013237,28.571428571428573,72.11979902294861,0.10121309595819676,0.1534888988343862
2010-05-21,60.95528411865234,0.0010166741705557314,0.018664571819303446,21.42857142857143,72.35309412458012,0.10455263493562444,0.0009328865730512617
2010-05-24,60.74473571777344,-0.003454145180737056,0.01952908945081822,-35.714285714285715,70.20159346982172,0.10379364248748145,-0.23312223198044058
2010-05-25,61.0420150756836,0.004893911454177058,0.020224598583390006,-35.714285714285715,71.49064209769273,0.10616686797064617,-0.6583577335923392
2010-05-26,60.86861038208008,-0.002840743271474988,0.020445015389650992,-35.714285714285715,69.59933468032172,0.10255243061064057,-0.4047533495715999
2010-05-27,59.48759841918945,-0.02268840957961482,0.018959840822148057,57.142857142857146,56.727804502372116,0.09405319922677245,-0.44779374257781396
2010-05-28,59.76015090942383,0.004581669078549622,0.017493651199455403,57.142857142857146,58.364349107198066,0.08824752619981527,-0.377729790260189
2010-06-01,60.18016815185547,0.007028383229290114,0.01665691520349324,57.142857142857146,60.82329232721655,0.08115259150030671,-0.28100187684939637
2010-06-02,59.608497619628906,-0.00949931762875833,0.015294696940816602,57.142857142857146,55.97754915566539,0.0776569654097246,-0.376613352008784
2010-06-03,59.17353820800781,-0.007296936326035897,0.01344398372586418,57.142857142857146,52.5472791114858,0.07523590496832083,-0.5709836827017752
2010-06-04,60.76426696777344,0.026882434411372724,0.013533362814685456,50.0,61.773280992626965,0.07732237161663007,-0.4072715252730456
2010-06-07,61.23030090332031,0.007669539332944453,0.014227599826657668,42.85714285714286,63.98265963706874,0.08103376986902458,-0.14577755869152195
2010-06-08,60.92582321166992,-0.004972663651141351,0.014364833243223426,35.714285714285715,61.48244730204942,0.07893467698005509,-0.06690180305301784
2010-06-09,60.85746383666992,-0.0011220098703057513,0.014179347610521356,-42.85714285714286,60.90699534897247,0.07442028423169862,0.08490932760706314
2010-06-10,59.77008438110352,-0.017867643293265068,0.012660671556032614,-42.85714285714286,52.490916406796714,0.06357605393093324,-0.03138430163754664
2010-06-11,60.52811813354492,0.012682494265995325,0.011984158468695365,-42.85714285714286,56.95616541147902,0.05348530742290145,-0.005144301627445734
2010-06-14,60.217472076416016,-0.005132260290060864,0.011089283594147839,-42.85714285714286,54.68775761814977,0.048970226283928386,0.12935742759391383
2010-06-15,59.96891403198242,-0.004127673179607605,0.009925054594147477,-42.85714285714286,52.873232793866705,0.04190528988909279,0.133245409896883
2010-06-16,60.31075668334961,0.005700330861167169,0.00926570238097854,14.285714285714286,55.08067396171388,0.039761840631979586,0.21178483588240793
2010-06-17,60.80156326293945,0.008137960897534935,0.009261411658863053,14.285714285714286,58.114261143053405,0.03870436969284337,0.29821658424959296
2010-06-18,60.70211791992188,-0.0016355721412542046,0.009095510462916224,14.285714285714286,57.270321041074766,0.038276685257766514,0.23524157638167356
2010-06-21,60.52811813354492,-0.002866453302444949,0.008646111782648297,14.285714285714286,55.74492304339734,0.037404619308691364,0.3632080113424829
2010-06-22,61.24889755249024,0.011908174930452153,0.009017559428282378,92.85714285714286,60.44488702017144,0.039153252862824735,0.6031043144083755
2010-06-23,61.66521835327149,0.0067971966421838115,0.009761408674549634,100.0,62.89599601218402,0.04228331139576465,0.7652679524638415
2010-06-24,61.29866027832031,-0.00594432460858596,0.009865103912118903,50.0,59.4055085969791,0.04367696169236589,0.6327228116252088
2010-06-25,61.54719924926758,0.004054557959648708,0.01007079864720154,50.0,60.98644707093892,0.04375208789727781,0.6346097130198272
2010-06-28,62.12510681152344,0.009389664668822961,0.010796061649012959,64.28571428571429,64.45301125559149,0.047382672203438565,0.7960887804218354
2010-06-29,62.802391052246094,0.010901940865508886,0.012052923253167465,71.42857142857143,68.0374594733095,0.05558861526642931,1.046084129215862
2010-06-30,63.224884033203125,0.006727339100919716,0.013437761175463369,78.57142857142857,70.06527296230942,0.06232809963974654,1.3431475554329941
2010-07-01,63.324649810791016,0.0015779511360669574,0.014535654079700717,85.71428571428572,70.5405621646074,0.06437120866201199,0.9902298257393594
2010-07-02,62.819732666015625,-0.007973469198551353,0.014728138994826185,85.71428571428572,64.9223267739526,0.06789631589221531,0.7880758745660695
2010-07-06,63.33708953857422,0.008235579022743522,0.015151755641918244,85.71428571428572,67.75608965929985,0.07369632334867095,0.8781351181939134
2010-07-07,62.595359802246094,-0.011710827600886042,0.014642513579715159,78.57142857142857,60.24206322360746,0.07511040515026254,0.5956266138184996
2010-07-08,62.19647979736328,-0.006372357410245333,0.013513779982120697,57.142857142857146,56.60649806822883,0.075065653002359,0.3717384828197248
2010-07-09,61.84124755859375,-0.0057114524797364785,0.012014876438725727,57.142857142857146,53.50938646029817,0.07015227387354361,0.06826338734480192
2010-07-12,61.8162841796875,-0.000403668746860264,0.010614864916996192,57.142857142857146,53.28873760492272,0.06806505815749175,-0.20736499486855864
2010-07-13,61.28652572631836,-0.008569885110357611,0.008784869015426118,50.0,48.69935633599011,0.06464951798815062,-0.4769598419562141
2010-07-14,61.90353775024414,0.010067661963432561,0.007902668585164023,28.571428571428573,53.70077118540987,0.058749231842846104,-0.34976183778776987
2010-07-15,62.52055740356445,0.009967437657759426,0.007906346581130225,28.571428571428573,58.09997790844656,0.054509280717979156,-0.13005565706446875
2010-07-16,62.82600402832031,0.004885539052126964,0.008229755032287863,28.571428571428573,60.1200914651827,0.05272523934038713,0.061070549422901584
2010-07-19,62.439552307128906,-0.006151142781852026,0.007977850788468832,-50.0,56.414185043003926,0.04872725670186018,0.02714975088493308
2010-07-20,62.53307342529297,0.0014977864944329955,0.007757529759435443,-50.0,57.10330960693235,0.042407348970143484,-0.14608814661211106
2010-07-21,63.59263229370117,0.016943975569568615,0.008709931812856266,-50.0,64.04026800167053,0.04339049649786471,0.10056063693845223
2010-07-22,62.85719680786133,-0.011564790751910525,0.008635443819632674,-50.0,57.13399034714459,0.042474861660998606,-0.0830006049905558
2010-07-23,62.19025039672852,-0.010610501979136822,0.007633405393593878,42.85714285714286,51.689873874020265,0.039213366228103314,-0.43033713242207533
2010-07-26,62.08433151245117,-0.0017031429139079401,0.0065641016025346265,42.85714285714286,50.86100669371167,0.03722061507611556,-0.4085330485485137
2010-07-27,61.48598098754883,-0.009637705848251632,0.004919917100460367,42.85714285714286,46.34031001544845,0.03960617583727178,-0.5672219504194672
2010-07-28,61.68544006347656,0.0032439764760054945,0.0037721655862613308,42.85714285714286,47.99955415904278,0.04084964809078508,-0.4285064093021875
2010-07-29,61.66674423217773,-0.00030308337396312,0.0028190831691332742,-42.85714285714286,47.85019854914208,0.04045353072027021,-0.05120112803317131
2010-07-30,62.626556396484375,0.015564502006023107,0.0032306727505800803,-42.85714285714286,55.50481606886646,0.03812340040141771,0.3626291997425111
2010-08-02,61.74739456176758,-0.014038163445406204,0.0024649261748832564,-42.85714285714286,48.48472095185231,0.03818438867252385,0.20236793305446601
2010-08-03,62.10379409790039,0.005771895942529248,0.002248312399740781,-42.85714285714286,51.180349113881164,0.034802169484517656,0.13579122082411163
2010-08-04,61.62860870361328,-0.007651471237619223,0.0014648965732222705,-42.85714285714286,47.60370813079312,0.03519404760596145,-0.1002613131842321
2010-08-05,61.91626739501953,0.004667616184387269,0.0011876353156772693,-42.85714285714286,49.88679976588947,0.035347202969312416,-0.281661781839677
2010-08-06,62.591552734375,0.010906428435797366,0.0018124666562306625,-42.85714285714286,54.859411092479895,0.035588813980442176,-0.1064141186919165
2010-08-09,62.36020660400391,-0.0036961238420282205,0.002003950116207737,-42.85714285714286,52.92197226143709,0.03525419895573348,-0.07413468591640665
2010-08-10,62.49150466918945,0.002105478354478496,0.0022890066100943306,-42.85714285714286,53.91669320919704,0.0327056746556484,-0.28055209435014955
2010-08-11,63.32938003540039,0.013407828322367754,0.0035120362492044276,64.28571428571429,59.75985979280591,0.03541293492390976,-0.05903379123256878
2010-08-12,63.173038482666016,-0.0024687049304285003,0.004267555976057904,71.42857142857143,58.27506284761653,0.03722985221523529,-0.24060191370965042
2010-08-13,63.96089553833008,0.012471413036120538,0.005727485302054742,78.57142857142857,63.2327220051656,0.04299869103984293,-0.019108333146768554
2010-08-16,65.56165313720703,0.025027129238953005,0.008627757114284516,85.71428571428572,70.81921098840245,0.06125503340949464,0.4582754198047465
2010-08-17,65.18647003173828,-0.0057225998356625896,0.01051496037965039,85.71428571428572,67.31344015009189,0.07104187854329101,0.4610049306584757
2010-08-18,65.36158752441406,0.0026864085843354424,0.01201682278483122,100.0,68.10703399391143,0.07916903562920258,0.03775143566319078
2010-08-19,66.38084411621094,0.015594122333949745,0.014102680330677488,78.57142857142857,72.31954443650073,0.09323433560602934,0.22948093801896474
2010-08-20,66.30574798583984,-0.0011312921878430249,0.01564820467473313,85.71428571428572,71.56949011600766,0.10277899305303063,0.07397574551787009
2010-08-23,66.31828308105469,0.00018904990284585033,0.01668017204423823,85.71428571428572,71.62239643113493,0.10969132990421601,0.23192783905954323
2010-08-24,67.38127136230469,0.01602858566092258,0.018286451035716404,100.0,75.74449773660568,0.11830329980764762,0.5042184929295223
2010-08-25,67.16240692138672,-0.003248149470809869,0.019346432798489445,100.0,73.38098527789155,0.12311481353941578,0.11664279957098315
2010-08-26,67.7939453125,0.009403153044418078,0.020467393850700608,78.57142857142857,75.73394857112399,0.12834121475878574,0.24445657302350038
2010-08-27,65.87430572509766,-0.02831579691303787,0.019548309182411367,78.57142857142857,58.73795304947341,0.1275287520329679,-0.28507058562312776
2010-08-30,67.13741302490234,0.019174506446804962,0.01929772604823773,78.57142857142857,64.39930005431341,0.12598939743032408,-0.23111009248913914
2010-08-31,67.88150024414062,0.011083048716254318,0.01983392516850306,71.42857142857143,67.2499824072114,0.12670753990026565,0.1205488310384047
2010-09-01,66.4779281616211,-0.020676798206749725,0.018935828816018258,64.28571428571429,57.841391553631425,0.11835072322223333,0.2081634153311474
2010-09-02,65.77552032470703,-0.010566030806591464,0.017025326153288795,57.142857142857146,53.785929026508065,0.10855981151739055,0.24697799978104726
2010-09-03,64.96023559570312,-0.012394956740428342,0.014365329836941085,-50.0,49.45192321832292,0.10116998026441773,0.40141135078292467
2010-09-07,66.28977966308594,0.020467045034404885,0.013310442484179594,-50.0,55.718384786502014,0.09087557923077966,0.6385277002729575
2010-09-08,65.76296997070312,-0.007947072611498962,0.012019577972092185,-50.0,52.91898482800968,0.07858125469746591,0.7236560616848795
2010-09-09,64.46477508544922,-0.019740514849500235,0.009398491557829748,-71.42857142857143,46.693240659393496,0.07290175717710123,0.4193826528959873
2010-09-10,64.17003631591797,-0.004572090248365357,0.006714160114922872,-78.57142857142857,45.38767196061153,0.06677976426964628,0.2901385144957536
2010-09-13,64.48355102539062,0.0048856869572144745,0.004866679947596256,-85.71428571428572,47.08259351618675,0.06411394902083525,0.39829979182860853
2010-09-14,65.1044692993164,0.009629095545331978,0.004117820947068744,-85.71428571428572,50.36794878695087,0.06503543106377599,0.6461765844538027
2010-09-15,64.13864135742188,-0.014835048227705538,0.0023723169734219084,-85.71428571428572,45.62313749260266,0.06889740441776396,0.4318024783474341
2010-09-16,63.50526428222656,-0.009875124601809504,0.0001427910429282933,-78.57142857142857,42.7772065427805,0.07598935330582726,0.190659994534311
2010-09-17,63.76236343383789,0.004048469910600483,-0.0012959517831211181,-78.57142857142857,44.29616975480628,0.0806626848788768,0.02466165602092521
2010-09-20,64.13238525390625,0.0058031384055001745,-0.0019338016367676585,-78.57142857142857,46.4973950906297,0.08308273620506813,0.055535543047223995
2010-09-21,65.02289581298828,0.0138855050464195,-0.0012917499112289356,-78.57142857142857,51.467946122268124,0.08294966926962129,0.34236281142796177
2010-09-22,65.60621643066406,0.00897100337323442,-7.840776845527696e-05,-71.42857142857143,54.45293645904273,0.07908241439031244,0.508637939128995
2010-09-23,65.79435729980469,0.0028677293003089854,0.0010897511505899812,-50.0,55.40563337822791,0.0757390504647969,0.5541812734616309
2010-09-24,64.91004943847656,-0.013440481792361125,0.0009327422148787995,-50.0,50.10110578934359,0.06826296028443647,0.19480937402057233
2010-09-27,66.0389404296875,0.01739162118927262,0.0021376567181177622,-50.0,55.904951020376046,0.06856606600921822,0.20938345310577783
2010-09-28,66.49049377441406,0.0068376830668162025,0.003590713535697566,57.142857142857146,58.00884781587348,0.06577828650714918,0.3126752284750343
2010-09-29,66.21453094482422,-0.004150410290621687,0.004386722384208362,57.142857142857146,56.24270029663937,0.0563460883548666,0.22729054188485243
2010-09-30,66.170654296875,-0.0006626437931845919,0.00489904600032317,57.142857142857146,55.95101920711798,0.055136567674520236,0.5144778220995008
2010-10-01,65.85084533691406,-0.004833093511908082,0.004880371991375788,57.142857142857146,53.76243670220497,0.05530603037429343,0.6243886507844694
2010-10-04,66.02079010009766,0.0025807529472718915,0.0049844919921992956,57.142857142857146,54.774801979462985,0.05640621306866614,0.7483868307908188
2010-10-05,65.62423706054688,-0.006006487334513033,0.004567390654568697,57.142857142857146,51.9182599975586,0.054681539959149796,0.6371995876144327
2010-10-06,66.4488525390625,0.012565715282218282,0.005103220990295344,100.0,56.946366699152264,0.05679631038363639,0.5744701634897844
2010-10-07,65.89490509033203,-0.008336448675390185,0.004884989981362946,92.85714285714286,52.94120633193879,0.056479642336622386,0.29219156360546333
2010-10-08,65.6053466796875,-0.004394245810773856,0.004293057083704633,85.71428571428572,50.924989934411805,0.05439138440739575,-0.09286584445439511
2010-10-11,65.6179428100586,0.00019199853378704113,0.0037780668049767984,78.57142857142857,51.012390692814535,0.053085627026353985,-0.24136540848307375
2010-10-12,64.96955871582031,-0.009881201184790744,0.0025693191551305456,57.142857142857146,46.428643204240664,0.05326071095205792,-0.5157814721429674
2010-10-13,64.86885070800781,-0.0015500799113166153,0.0014420563703769682,-35.714285714285715,45.74114997929937,0.05085675964969248,-0.29410685175590984
2010-10-14,63.89949417114258,-0.014943328366160968,-0.0006626481189133467,-42.85714285714286,39.65449024894232,0.048263462610239616,-0.607322208793247
2010-10-15,63.11884689331055,-0.01221679902099404,-0.003336542237968609,-50.0,35.55162383995527,0.0530150792195559,-0.8415932823466662
2010-10-18,63.62872695922852,0.008078095386942374,-0.004704618403924344,-50.0,39.92377817687547,0.05567391535667886,-0.9026720307351789
2010-10-19,64.01275634765625,0.006035471818787164,-0.005230774465420595,-50.0,43.05709448309501,0.05852295346619347,-0.6781305867144539
2010-10-20,64.15125274658203,0.002163574993921502,-0.005421186025572528,-50.0,44.187646800713765,0.06053434559140984,-0.46155935426584604
2010-10-21,63.38954544067383,-0.011873615452486774,-0.006542300319779002,-50.0,39.538190654906145,0.06507733029263882,-0.6061457866799959
2010-10-22,63.81759643554688,0.006752706489647764,-0.006711077101174851,-50.0,43.15781984225895,0.0674812746341567,-0.45147441228253316
2010-10-25,64.0001449584961,0.002860473178954326,-0.0065542763004097,-50.0,44.67886299531806,0.06770811840676763,-0.5045086680903877
2010-10-26,63.0118522644043,-0.015442038369330335,-0.007722831207489067,-50.0,38.64907722040693,0.0693535382894969,-0.7852830822980778
2010-10-27,62.45792007446289,-0.008790920597240182,-0.009252423165294583,-92.85714285714286,35.73780170954526,0.07343668189891009,-1.202702726800216
2010-10-28,62.62785720825195,0.0027208260151228014,-0.010047335164539288,-100.0,37.29821784238288,0.07492611680218714,-1.3219592540870166
2010-10-29,63.21327972412109,0.009347637648250862,-0.009738586529764753,-85.71428571428572,42.47989488168039,0.07407343802397608,-0.9826242523742291
2010-11-01,62.941104888916016,-0.004305659133538309,-0.009844468402163619,-85.71428571428572,40.79206236544376,0.07229977775910175,-0.9302575529740378
2010-11-02,63.768367767333984,0.013143443857205783,-0.008620460213591375,-71.42857142857143,47.60613285600814,0.06945900511648682,-0.6559010799474233
2010-11-03,62.46746063232422,-0.020400508599440204,-0.009484172500888371,-100.0,39.84106777749086,0.06400496293909384,-1.2120130815140815
2010-11-04,62.95375442504883,0.007784753658979016,-0.009219359164673329,0.0,43.54787182313691,0.05823787903936708,-1.0303027976264723
2010-11-05,61.87388610839844,-0.017153358469446878,-0.010512909906259554,-14.285714285714286,37.95510780692588,0.057040616353045186,-1.3481765144786666
2010-11-08,62.15179443359375,0.004491528537716727,-0.010873370117351403,-21.42857142857143,40.087620233422726,0.051718128535468234,-1.3389864541895031
2010-11-09,60.781375885009766,-0.022049541144756657,-0.013116856894151402,-28.571428571428573,33.900024842384695,0.05780188159631042,-1.7241821355355336
2010-11-10,60.86348342895508,0.0013508668198076723,-0.01440579712343377,-35.714285714285715,34.55183871344952,0.06058343528420828,-1.260319988699851
2010-11-11,60.83188629150391,-0.0005191477002469691,-0.015314709817977567,-35.714285714285715,34.41121077276087,0.06578829297450951,-1.0470288033903974
2010-11-12,60.50352478027344,-0.005397851870924786,-0.016365367543315593,-35.714285714285715,32.91206199338988,0.07302950189076078,-1.2753135208909818
2010-11-15,59.24053192138672,-0.0208746988456201,-0.018998724578813946,-57.142857142857146,27.88073706815362,0.08603170818374242,-1.7383652408374348
2010-11-16,60.71196365356445,0.024838259962458586,-0.0181400602336999,-57.142857142857146,39.487167232852556,0.08632346060986446,-1.1065772831437997
2010-11-17,60.37723922729492,-0.005513319058160326,-0.018161288998326433,-57.142857142857146,37.98940841433142,0.08594440872279104,-0.9734549831111967
2010-11-18,60.62353515625,0.004079284381120374,-0.017495381992703996,-57.142857142857146,39.7988525782458,0.08629360154752239,-0.40902105478728984
2010-11-19,60.99610900878906,0.006145696577720239,-0.016242016938621987,-57.142857142857146,42.53069160379373,0.08288871981793283,0.12343129036481104
2010-11-22,61.25502395629883,0.0042447780967873605,-0.014757410639072219,-57.142857142857146,44.41829872060707,0.07674296174789133,0.35242088188328174
2010-11-23,61.55815124511719,0.004948611056533325,-0.013020674136436303,-57.142857142857146,46.62852840789259,0.07424274482776821,0.31400877653163284
2010-11-24,60.45935821533203,-0.0178496755922688,-0.013228565196107983,-50.0,40.36291444617925,0.07493686071310485,-0.005644855504192308
2010-11-26,61.29923629760742,0.013891614252405482,-0.01178343531152101,-35.714285714285715,46.302437000730464,0.0731682208749292,-0.011117668379740792
2010-11-29,61.82339096069336,0.008550753561450186,-0.009892233086076006,-35.714285714285715,49.671266383717295,0.06863437447029892,0.24016785052344272
2010-11-30,62.14542007446289,0.005208855560418391,-0.00791928984704918,71.42857142857143,51.677112819207174,0.06568392523671013,0.13412039992866598
2010-12-01,60.76399993896485,-0.022228832532515175,-0.008280761267531491,71.42857142857143,43.64184886317822,0.055158714567706324,-0.39276942504144075
2010-12-02,60.60560989379883,-0.002606642836632256,-0.008558788852327505,71.42857142857143,42.81973371182756,0.05228060825270659,-0.7843078192276786
2010-12-03,60.130367279052734,-0.007841561459060897,-0.009361068223306457,71.42857142857143,40.36285580467341,0.045951658328276336,-1.153767640204592
2010-12-06,60.97946548461914,0.014120954918268147,-0.008582309502780333,71.42857142857143,46.292169802698034,0.04384122146982905,-0.9963431106463816
2010-12-07,59.674049377441406,-0.02140747047884506,-0.009896058231970376,-35.714285714285715,39.748982470808656,0.043069737442709595,-0.734076637100819
2010-12-08,59.09740447998047,-0.00966324396411633,-0.01154792705215655,-42.85714285714286,37.244661348974596,0.04944698134764607,-0.36562625903524026
2010-12-09,59.388916015625,0.004932729926291124,-0.012181291517512557,-42.85714285714286,39.325795458110946,0.05285556523045672,-0.051988555895242844
2010-12-10,59.027713775634766,-0.0060819806829813805,-0.013148248660295417,-42.85714285714286,37.659311495784124,0.057557049092508146,-0.10829243921680486
2010-12-13,59.24951553344727,0.0037575867948329567,-0.01334769287322883,-42.85714285714286,39.35869498125692,0.06052044625924071,-0.027471343865496645
2010-12-14,58.38767623901367,-0.014545929813503333,-0.014765543003162698,-71.42857142857143,35.32879210717392,0.06541305133342565,-0.06091749844181667
2010-12-15,57.62725067138672,-0.013023734058435599,-0.01681164595557862,-78.57142857142857,32.196398782808586,0.07684557390416903,-0.3611167573183472
2010-12-16,58.0264892578125,0.006927947833263781,-0.017397295536210906,-78.57142857142857,35.43320863493399,0.08355269859567274,-0.028843490578814787
2010-12-17,59.084720611572266,0.0182370391056752,-0.016001868530964414,-78.57142857142857,43.17649379271511,0.08472645604313804,0.29424285600289574
2010-12-20,59.02134323120117,-0.0010726526200867115,-0.015072087915069707,-78.57142857142857,42.84509153254195,0.084973996521387,0.27478930968305915
2010-12-21,59.4332275390625,0.006978565469916154,-0.01350744598703254,-71.42857142857143,45.758907812205166,0.08312541568619261,0.45787256591626363
2010-12-22,59.00870513916016,-0.007142846139784664,-0.012871228918560655,-64.28571428571429,43.30821453701772,0.08010145948759238,0.4411828264001653
2010-12-23,58.88828659057617,-0.002040691255637772,-0.01233792083064888,-57.142857142857146,42.61108519148659,0.08042037561061997,0.4277465715508679
2010-12-27,59.41421890258789,0.008931017396860197,-0.01094863447889511,-50.0,46.650293650302686,0.07665342976029428,0.4894034869523932
2010-12-28,58.2506217956543,-0.019584488838292446,-0.011610642548346779,-42.85714285714286,39.95067822707275,0.07099799079422961,0.2365428524751459
2010-12-29,59.236209869384766,0.01691978631898472,-0.010301615764886588,-28.571428571428573,46.906017006818146,0.05720156565162008,0.3284913320021688
2010-12-30,59.19167709350586,-0.00075178300531209,-0.009377001056179576,-28.571428571428573,46.64313135005818,0.05234887360113009,0.4512676580170986
2010-12-31,59.84661865234375,0.011064757597647912,-0.007573200799507445,78.57142857142857,50.99325551779677,0.048747889567129644,0.4752450043096266
2011-01-03,59.39518737792969,-0.007543137516865972,-0.00680714100414808,78.57142857142857,48.08334414965013,0.04654288822713617,0.32259642404950445
2011-01-04,59.46511459350586,0.0011773212386927412,-0.005983319027152329,78.57142857142857,48.572895631739335,0.037057030483604314,0.3442730424604182
2011-01-05,58.15528106689453,-0.022026923441838875,-0.007191500145009244,78.57142857142857,40.81016433448602,0.03787957255896327,0.02935934118371238
2011-01-06,58.40959930419922,0.0043730892988402825,-0.007568594640654671,71.42857142857143,42.7241478978612,0.03868429766901126,0.009596252836776797
2011-01-07,58.72114562988281,0.005333820628713015,-0.007337691664071542,-35.714285714285715,45.06756571076282,0.038119564208667356,0.21075483266704748
2011-01-10,59.0390739440918,0.0054142048966971945,-0.006636789771403754,-35.714285714285715,47.431289618089366,0.038128893139915035,0.40836379329093453
2011-01-11,58.70846176147461,-0.005599887676596471,-0.0065262361851251,-35.714285714285715,45.250730687722935,0.03781781590368961,0.5494936220656015
2011-01-12,58.2506217956543,-0.0077985345226802005,-0.00701275956011537,-35.714285714285715,42.3473207140023,0.03827387245970996,0.4269460727638893
2011-01-13,58.7719955444336,0.00895052675331609,-0.006501637666159635,-35.714285714285715,46.55291106206936,0.033153751753375274,0.5161530470508787
2011-01-14,58.39686965942383,-0.006382731801682029,-0.00662729822748101,-35.714285714285715,44.06240161909047,0.03125286562703233,0.30974867924005733
2011-01-18,58.12349319458008,-0.004681354778742541,-0.007023826201286405,-78.57142857142857,42.286920015038234,0.03337952733957644,0.3017938668545761
2011-01-19,58.54311752319336,0.0072195304437141505,-0.006606419007733171,-78.57142857142857,45.89105694487468,0.03369658686325021,0.4946404195775136
2011-01-20,57.7355842590332,-0.013793820662868383,-0.007446627246935796,-92.85714285714286,40.632302323995226,0.036386780590361725,0.4161941574268405
2011-01-21,58.19340896606445,0.007929679986907301,-0.007257536206384013,-92.85714285714286,44.514334529912134,0.03721396733155769,0.59252423425288
2011-01-24,58.21885299682617,0.0004372321748078445,-0.007034626086801097,-85.71428571428572,44.730638625516434,0.03792383311619627,0.5587516074198609
2011-01-25,58.7719955444336,0.009501089752448122,-0.005967678648071734,-78.57142857142857,49.353093736680265,0.03631330218226135,0.6233252951473496
2011-01-26,57.881813049316406,-0.015146371785933144,-0.006421129859804047,-50.0,43.10506236585636,0.03770524025366647,0.3148833407657138
2011-01-27,58.14255905151367,0.004504800186115654,-0.006243831676702178,-50.0,45.28990218676615,0.03730638241384828,0.3370265265480285
2011-01-28,58.44776153564453,0.005249209685807887,-0.00560815044971621,-50.0,47.81593491520415,0.03619625220073999,0.5033595613702725
2011-01-31,58.00264358520508,-0.007615654368011926,-0.005722843313241921,-50.0,44.58289215853495,0.030994037852095944,0.37329299082313544
2011-02-01,57.71553421020508,-0.004949936024523427,-0.006139020422046596,-21.42857142857143,42.5828881821752,0.029359681217343524,0.24559490007324816
2011-02-02,57.7282829284668,0.00022088885490156862,-0.006353796036474387,-85.71428571428572,42.705795332399596,0.02560767214617587,0.18333860323623014
2011-02-03,57.24971008300781,-0.008290093194907588,-0.0071714921015592825,-92.85714285714286,39.304500349417594,0.03002226159564376,-0.2297713038534588
2011-02-04,56.66905212402344,-0.010142548462559242,-0.008584962909504832,-100.0,35.59973069657661,0.03814922386156184,-0.811643102438291
2011-02-07,56.96255874633789,0.005179310599233267,-0.009076801009055897,-64.28571428571429,38.742829739853626,0.04114808685599285,-0.7509235306531368
2011-02-08,56.43929672241211,-0.009186069506742833,-0.010220035866676445,-71.42857142857143,35.42351781558722,0.0451614384824422,-0.8978605005456232
2011-02-09,56.93064880371094,0.008705850530269066,-0.01015048071202654,-78.57142857142857,40.57229342539203,0.04601011260348594,-0.7284022379844697
2011-02-10,56.27344131469727,-0.011544001391581293,-0.011098427620180571,-78.57142857142857,36.39266366448931,0.05141182734424418,-0.887668296441406
2011-02-11,57.08380889892578,0.01440053363178384,-0.010324329241333915,-78.57142857142857,44.04681908145401,0.04980215839362259,-0.597750920987993
2011-02-14,57.12205123901367,0.0006699332231947519,-0.009663709793858043,-78.57142857142857,44.38692489801003,0.04913835133101938,-0.5026559872483145
2011-02-15,57.37728500366211,0.004468217774261429,-0.008646345298672057,-57.142857142857146,46.71487474465794,0.04859078927931749,-0.25201702403048687
2011-02-16,57.1922721862793,-0.003224495850073894,-0.00806764949815076,-57.142857142857146,45.236666310588284,0.04639938624010138,-0.2224516268079291
2011-02-17,57.28158950805664,0.0015617026280478896,-0.007364321132031121,-57.142857142857146,46.12301042873709,0.046386895479494365,-0.31136799689296696
2011-02-18,57.102970123291016,-0.0031182686496592504,-0.0070098216148591465,-50.0,44.56945278635341,0.045328543220987304,-0.18361309240428933
2011-02-22,57.95802307128906,0.014973878699337417,-0.005359399415261341,-35.714285714285715,52.77054609063699,0.044400401152458524,0.18066097122112929
2011-02-23,58.1685791015625,0.0036329056637154356,-0.003782734738240991,64.28571428571429,54.55366699735745,0.040745027830437354,0.3232915233752148
2011-02-24,58.53862762451172,0.006361656562095419,-0.001999345539553369,71.42857142857143,57.58453989868442,0.043767400397199306,0.3508311069624473
2011-02-25,58.88327026367188,0.005887439681210527,-0.00012764863091554958,78.57142857142857,60.243845588050036,0.047948536950728975,0.5360492796141194
2011-02-28,58.95981979370117,0.001300021715616495,0.0014329095427419003,85.71428571428572,60.83125638702588,0.05102104223211782,0.7023416379424566
2011-03-01,59.13070297241211,0.0028982988636812035,0.0028620181254414775,92.85714285714286,62.174825366023946,0.056338471354160854,0.9315814999728776
2011-03-02,58.22167205810547,-0.015373247206798113,0.002768524176647264,92.85714285714286,51.96348762033646,0.05721263727863431,0.6930602898330389
2011-03-03,57.6519660949707,-0.009785118547715355,0.0018663974760416292,85.71428571428572,46.778248174890365,0.05717507772301548,0.27156115483190085
2011-03-04,58.13208770751953,0.00832793129306153,0.0017665241126119528,78.57142857142857,51.197957403552664,0.05753562748335295,0.3351950605857834
2011-03-07,57.760780334472656,-0.006387304975438601,0.0011782186281555954,42.85714285714286,47.886033154498904,0.05554563771460495,0.27345955872011685
2011-03-08,57.40869140625,-0.006095640089760379,0.00020998962599700532,42.85714285714286,44.918750575756924,0.05458085870659537,-0.015744515779981254
2011-03-09,57.96564483642578,0.009701552439760786,0.00021517664289098201,42.85714285714286,50.1779850172737,0.050921818799721824,-0.011515847305576435
2011-03-10,58.93867111206055,0.016786258108239194,0.0015317318450377147,42.85714285714286,57.76515806517521,0.05202098753993501,0.3904897392507935
2011-03-11,58.60581207275391,-0.005647549105302407,0.00210994782951648,42.85714285714286,54.69656549502926,0.04654550134449459,0.41471134803824516
2011-03-14,58.580196380615234,-0.00043708450122459386,0.002498329928097854,35.714285714285715,54.45681697267092,0.045091875590516056,0.3132503329737873
2011-03-15,59.457157135009766,0.014970259722187018,0.003909112368771946,35.714285714285715,60.7928810303567,0.04718387502838974,0.47141273401375583
2011-03-16,60.12932205200195,0.011305029526822219,0.00583461350293537,42.85714285714286,64.83147922676909,0.053737641675475824,0.41329199083604545
2011-03-17,59.66844940185547,-0.007664690610479585,0.0067512605107538344,42.85714285714286,60.24895260788288,0.05432328768885084,0.38197503430309715
2011-03-18,59.8284912109375,0.0026821848177112084,0.0075508963035992695,42.85714285714286,61.27265562207377,0.05490410976277431,0.5511769445936989
2011-03-21,59.47641754150391,-0.005884715831998455,0.00768125680431115,42.85714285714286,57.749296725247135,0.05142628225099283,0.6180242906080813
2011-03-22,59.674842834472656,0.0033362011562023675,0.007900613346218254,42.85714285714286,59.17416089818509,0.052122302506780606,0.7504571716635596
2011-03-23,59.59799957275391,-0.0012876994403134834,0.007909912293346909,42.85714285714286,58.35343265845593,0.052617627829482344,0.569026247184861
2011-03-24,59.14990234375,-0.007518662240616036,0.007273986608523768,42.85714285714286,53.67806992072852,0.05258615119503712,0.15285744232088477
2011-03-25,59.002708435058594,-0.0024884894625182286,0.006463484308347733,42.85714285714286,52.198587143640474,0.05262217967818216,-0.17824934219522068
2011-03-28,59.08594512939453,0.0014107266690570608,0.005844891237372751,42.85714285714286,52.987691192982176,0.05270093798372995,-0.32007865751809506
2011-03-29,58.631385803222656,-0.007693188713092769,0.004723400277862872,35.714285714285715,48.2986016347319,0.05267918517140371,-0.5585698121519036
2011-03-30,59.098751068115234,0.007971247114320956,0.00435656427141447,28.571428571428573,52.912516286655006,0.05182611651104961,-0.4377219204079374
2011-03-31,58.977088928222656,-0.0020586245511745593,0.0038925679308162825,14.285714285714286,51.62106528906,0.04803464881301602,-0.36580105818578396
2011-04-01,59.26380920410156,0.004861553547138575,0.0038467522101383296,14.285714285714286,54.44309368559752,0.046397424348369284,-0.08736599227775493
2011-04-04,59.32807922363281,0.0010844733133825724,0.0038640939634099897,-71.42857142857143,55.075682165911935,0.04220048518384482,-0.009734553739792703
2011-04-05,59.09024429321289,-0.004008808873171565,0.003531275621457344,-71.42857142857143,52.18774665678815,0.03309233194049534,-0.0773142688988387
2011-04-06,58.20310974121094,-0.015013215169662919,0.002051253350216564,-71.42857142857143,43.1078223372498,0.031232430173469456,-0.41668248587087864
2011-04-07,58.08738708496094,-0.0019882555548069725,0.000668868537225014,-78.57142857142857,42.079341507956286,0.03509886248988525,-0.6104829647524984
2011-04-08,57.77884292602539,-0.005311723842634897,-0.0008532802738249219,-85.71428571428572,39.38150257470935,0.03984158544512132,-0.8637066717878539
2011-04-11,57.83024978637695,0.0008897177192934702,-0.001966197453299209,-92.85714285714286,40.07090567455623,0.04350330030951909,-0.88467041525369
2011-04-12,58.45383834838867,0.010783086089291238,-0.00193527117377,-92.85714285714286,47.82284249386816,0.04400057171245788,-0.7845025216563738
2011-04-13,58.8201789855957,0.006267178470361845,-0.001396721241189056,-35.714285714285715,51.769806395081964,0.04056163696857266,-0.3885125813682357
2011-04-14,58.77524185180664,-0.0007639747883131376,-0.001030037491670446,-35.714285714285715,51.25759887326793,0.03908415923938624,-0.2577299445061829
2011-04-15,59.57234191894531,0.01356183389510246,0.00034697539266692596,28.571428571428573,59.00554644541972,0.037865786190287,0.144026694687799
2011-04-18,59.70737075805664,0.0022666364081347368,0.0015882936357294825,35.714285714285715,60.160829524643965,0.03881833766024237,0.6028013733405488
2011-04-19,59.96444320678711,0.004305539591956897,0.0028744368369694995,42.85714285714286,62.33699522070227,0.04033654809346698,0.935448899506175
2011-04-20,59.57875442504883,-0.006431958025662543,0.003363217981952043,42.85714285714286,57.28151597118839,0.040263705487355035,0.799921175577704
2011-04-21,59.52731704711914,-0.0008633510120523713,0.003627520547348591,42.85714285714286,56.62199571552853,0.04112492425244856,0.5836304945282191
2011-04-25,59.752323150634766,0.003779879804384878,0.0040770969825481805,42.85714285714286,58.8537386864114,0.042824186371287334,0.5645171979659663
2011-04-26,60.330867767333984,0.00968237862887289,0.005116413265390843,71.42857142857143,63.98459809981567,0.04722937734687486,0.7693699517661658
2011-04-27,59.71377944946289,-0.010228401160263356,0.0051396471377444615,71.42857142857143,55.96792632680035,0.04774481924913712,0.5746981725355401
2011-04-28,60.17022705078125,0.007643924158320381,0.0056246311728520345,71.42857142857143,59.96369998000355,0.05027743613171041,0.8059086667881228
2011-04-29,60.35664749145508,0.0030982173378952815,0.0061989984265184445,92.85714285714286,61.50035285801879,0.053178338402259245,1.0532040819873152
2011-05-02,60.45343017578125,0.0016035132557663534,0.006709125756908423,100.0,62.30916272401335,0.056166607531701745,1.2535431719387364
2011-05-03,60.79562377929688,0.005660449746534235,0.0074494946709879935,92.85714285714286,65.10083024318945,0.0603917620457128,1.5256955124537264
2011-05-04,61.0667610168457,0.004459815044140614,0.008293030925948004,100.0,67.17540571369139,0.06514935477589431,1.6225081889068877
2011-05-05,61.6478385925293,0.009515447782195263,0.009553489144066974,100.0,71.13551834822115,0.06948697563595325,1.7832397306089796
2011-05-06,61.376686096191406,-0.004398410431387778,0.010187336514316964,85.71428571428572,67.06925211906739,0.06962050368900662,1.7993690807049585
2011-05-09,61.31206130981445,-0.0010529207503264804,0.010461800118706439,85.71428571428572,66.09946271359016,0.06561311372709022,1.617161389225893
2011-05-10,60.87311935424805,-0.007159145300113079,0.010050049992928597,57.142857142857146,59.77707283800656,0.05797254950708885,1.1375214836595164
2011-05-11,61.22167205810547,0.005725888660790268,0.0099535925950265,57.142857142857146,62.81836325172476,0.054091429058958015,0.9584595705326898
2011-05-12,60.8343620300293,-0.006326354950066948,0.0093639915428786,57.142857142857146,57.60608545767793,0.04996804838116236,0.6242110183691132
2011-05-13,61.38312911987305,0.009020676333761246,0.009380669828863309,57.142857142857146,62.37024530506928,0.04583682955645605,0.4918671818223402
2011-05-16,61.72528076171875,0.005574033887675078,0.009742768582271202,92.85714285714286,65.01044330661165,0.046900259257793786,0.5679950454802228
2011-05-17,62.35797500610352,0.010250163896818876,0.0106645385422758,100.0,69.29992211672018,0.05121974900642846,0.9409059034821431
2011-05-18,61.53161239624024,-0.013251915409093984,0.010423638032756668,92.85714285714286,59.10764543978885,0.05106570598552776,0.7076819953269307
2011-05-19,61.50577926635742,-0.0004198350876369883,0.009974594804032632,85.71428571428572,58.81642080940826,0.04842241403467521,0.8566398152667573
2011-05-20,61.53805923461914,0.0005248282136534055,0.00954253806361831,78.57142857142857,59.08767680092348,0.04448236124884607,1.0360652618526605
2011-05-23,61.83504486083984,0.004826047976073111,0.009438816206339172,71.42857142857143,61.594023134451945,0.0417572491649129,0.9124925734721643
2011-05-24,62.06743621826172,0.0037582467667789388,0.00954980832881454,21.42857142857143,63.47938306261255,0.04217790079934304,1.0246732310662754
2011-05-25,61.77696990966797,-0.00467985027724227,0.009225479206232137,21.42857142857143,59.54479103243121,0.03658454449836796,0.8346976384316639
2011-05-26,62.30632400512695,0.008568793455441703,0.00943377644155884,21.42857142857143,63.93232375563333,0.035172696299269994,1.0043194409412077
2011-05-27,62.28046798706055,-0.0004149822426416927,0.009521720729969494,21.42857142857143,63.569666889837116,0.033603599907498546,1.2072302505775119
2011-05-31,62.42258071899414,0.0022818186267181684,0.009639075644155606,85.71428571428572,64.75312281456516,0.03221501592829407,1.450170225280074
2011-06-01,63.266143798828125,0.0135137488728867,0.010573292099570322,92.85714285714286,70.81396878815892,0.03773660914934752,1.87847877927516
2011-06-02,62.060977935791016,-0.019049143675790692,0.009955483160079975,92.85714285714286,55.99883614680261,0.036711979570902296,1.1054021221987285
2011-06-03,62.41733169555664,0.005741993948827462,0.009600053460180218,57.142857142857146,58.74711111934741,0.03775923009659314,0.9306187989199928
2011-06-06,61.94435119628906,-0.007577710972563878,0.00871828663696086,57.142857142857146,53.932175021305454,0.03724029601894376,0.7638137893221587
2011-06-07,62.22942733764648,0.004602132976646578,0.008200043761089014,57.142857142857146,56.25915934655102,0.03677111935650596,0.9175197308261269
2011-06-08,62.71543884277344,0.00780999481949185,0.008290130051742253,57.142857142857146,59.971403050263206,0.035324127838116885,1.1627802371166336
2011-06-09,62.46271514892578,-0.004029688678113708,0.008026912128892862,57.142857142857146,57.25050200902588,0.03410005765472996,1.0171136790913893
2011-06-10,62.94218826293945,0.007676149089428819,0.008251932598144844,50.0,60.87712401639518,0.031406625471070024,0.9172653098848718
2011-06-13,62.62467575073242,-0.005044510223899956,0.008020144927558311,35.714285714285715,57.404192996095325,0.02998970964025989,0.5719281889298613
2011-06-14,61.67868041992188,-0.015105792077485969,0.006609184688678708,35.714285714285715,48.52246069541969,0.03015023086373227,0.07482749949393856
2011-06-15,62.79965591430664,0.018174440288814653,0.0066607954320516485,-28.571428571428573,57.01051443641294,0.03123863852873915,0.37224982529702266
2011-06-16,63.08473587036133,0.0045395146184190605,0.0070478870999862225,-28.571428571428573,58.86799987597663,0.03169904525184447,0.6826387327043006
2011-06-17,62.78666305541992,-0.004724959387227057,0.0069503492562662,-28.571428571428573,56.13681374667363,0.030098753898336734,0.7570610008959615
2011-06-20,62.86439514160156,0.0012380349965888104,0.006858779302614808,-28.571428571428573,56.70098720449916,0.028256261197071645,0.7576441433819706
2011-06-21,62.58583068847656,-0.0044311959495917375,0.00639043860046672,-28.571428571428573,54.01951551800419,0.026918483438214343,0.6254152786720224
2011-06-22,62.62467575073242,0.0006206686374303771,0.005972566687134056,50.0,54.34376367152031,0.0263330714352152,0.4637842338734257
2011-06-23,63.10419464111328,0.007657027914835135,0.006143988680776588,85.71428571428572,58.25705051764106,0.025399402727426076,0.2904917209864821
2011-06-24,62.83845520019531,-0.004211121660442463,0.0059328886132791,85.71428571428572,55.42201274797224,0.02538438236486747,-0.11058008494046802
2011-06-27,61.97672271728516,-0.01371345747066477,0.004649336350281584,85.71428571428572,47.37141949328509,0.026468831286950715,-0.5665212428026243
2011-06-28,61.47785186767578,-0.008049326065288187,0.0029073811036958042,-21.42857142857143,43.43762216021824,0.03054093516517517,-0.9976405991859333
2011-06-29,61.0695686340332,-0.006641143456368015,0.0009564843836226903,-28.571428571428573,40.47522707628707,0.03475672281183873,-1.3348194230163521
2011-06-30,60.972415924072266,-0.0015908530571606683,-0.0007261857205012698,-35.714285714285715,39.78001086705748,0.040000318009810666,-1.062756015349055
2011-07-01,60.87485122680664,-0.0016001448488955905,-0.0021685523150384105,-35.714285714285715,39.054532438521875,0.04509604981102568,-0.9600978670778888
2011-07-05,61.011417388916016,0.002243392129215316,-0.0030871012714698957,-35.714285714285715,40.68517197671739,0.04835223672157374,-0.8954552253712659
2011-07-06,61.3234748840332,0.005114739313921923,-0.0033502355295973057,-35.714285714285715,44.3492425646568,0.05005168028611121,-0.6681470268002799
2011-07-07,61.141448974609375,-0.0029682908505763717,-0.0037785259349653764,-35.714285714285715,42.69257201979417,0.0515478665596535,-0.3450051039626931
2011-07-08,62.00618362426758,0.014143182148288691,-0.002894044468915273,-35.714285714285715,51.88739105880491,0.05132072263049353,-0.010861424915367277
2011-07-11,62.935916900634766,0.014994202546007251,-0.000998292117717529,-35.714285714285715,59.425254579599304,0.05129942736995704,0.4712356766920613
2011-07-12,63.15041732788086,0.0034082355165294675,0.000734244229451065,-35.714285714285715,60.94550407836097,0.05292085787110376,0.7834307247884575
2011-07-13,63.32601547241211,0.002780633160657242,0.002296052800616993,57.142857142857146,62.19430367906826,0.05503450559743812,1.2550778824760611
2011-07-14,62.4222526550293,-0.014271588234957444,0.0023907670774457,64.28571428571429,52.830987783849714,0.05444836623651308,0.9502493919684403
2011-07-15,62.526275634765625,0.0016664406571675894,0.002540385359224621,64.28571428571429,53.69509096681152,0.05309525335794232,0.9979623038638226
2011-07-18,61.92166519165039,-0.00966970184897853,0.0018785665812298318,64.28571428571429,48.17140278319466,0.05236757928107856,0.6511307049248835
2011-07-19,63.20893478393555,0.020788678539264138,0.002916922761730142,64.28571428571429,58.06307477619795,0.05359383052424812,0.94673558517781
2011-07-20,62.46128463745117,-0.011828235186054581,0.002816938789278596,64.28571428571429,51.87097100679191,0.05340531508369868,0.7813644474454842
2011-07-21,61.98020553588867,-0.007702036619241293,0.0020807654720688645,64.28571428571429,48.30151755412553,0.05293040897931462,0.5974749860554287
2011-07-22,62.44827651977539,0.007551943073433209,0.002050100681130962,57.142857142857146,51.778466204546966,0.05110902797635641,0.6303601726531965
2011-07-25,61.76562881469727,-0.010931409850229334,0.0011555421163841261,35.714285714285715,46.831611215578725,0.049937700234082415,0.3035945384235507
2011-07-26,62.18821334838867,0.006841742596990219,0.0009629482325039892,35.714285714285715,50.01521817908736,0.049997117458651,0.22384748822954806
2011-07-27,62.194732666015625,0.00010483204575173488,0.0008155110057966276,35.714285714285715,50.06489401093772,0.049391765536997485,0.3667093892827911
2011-07-28,62.42878723144531,0.0037632538222578393,0.0009872702538207645,28.571428571428573,51.91262227450498,0.04740769039530228,0.4093122124588035
2011-07-29,63.66406631469727,0.01978701073708744,0.002639212841141755,28.571428571428573,60.26862185782426,0.04888273743211548,0.5747031456760915
2011-08-01,64.306640625,0.01009320245311418,0.004676358006579706,35.714285714285715,63.79315021662259,0.052317262388844044,0.8460745373392803
2011-08-02,66.23753356933594,0.03002633826879264,0.008383324758901717,42.85714285714286,71.86876650782214,0.07069925487951843,1.4871077090049132
2011-08-03,66.36797332763672,0.0019692725751063733,0.011433488253239709,50.0,72.31794579660561,0.0841015659816697,1.1567744071637063
2011-08-04,68.72941589355469,0.03558105585446025,0.015975770392321054,57.142857142857146,78.88965530168657,0.11169304216283299,1.7007243259961968
2011-08-05,66.74634552001953,-0.028853298805950223,0.017874302376725444,57.142857142857146,64.94596734358642,0.11897753602440796,0.6193571375255565
2011-08-08,68.85338592529297,0.03156787669583294,0.020652465268808783,71.42857142857143,70.84284551659546,0.13829577761644685,0.9138815722583354
2011-08-09,69.06212615966797,0.0030316625910233874,0.023193809842770547,78.57142857142857,71.35691514300113,0.1542907029807544,0.8163711151485222
2011-08-10,71.11695861816406,0.02975339122553855,0.02655293117678675,78.57142857142857,75.86751048180501,0.17931604459040362,1.5689079390258114
2011-08-11,67.5291519165039,-0.05044938326065862,0.026731299539761874,78.57142857142857,58.534829684304476,0.1803258435053832,1.039682298607961
2011-08-12,68.86642456054688,0.019802894099668844,0.026515757107798202,78.57142857142857,62.01791648297012,0.18438772255144614,1.0199075943060711
2011-08-15,68.16837310791016,-0.010136310358656697,0.025905386364896546,64.28571428571429,59.22143512095156,0.1821337590411427,0.7376836331831332
2011-08-16,69.29696655273438,0.016555968602003368,0.02581257679477695,64.28571428571429,62.189934476280776,0.18549905011815862,0.7206272002628406
2011-08-17,70.5102767944336,0.01750885070525987,0.02670539042781728,57.142857142857146,65.12887004639786,0.1888209613615581,0.9277149665298927
2011-08-18,71.95843505859375,0.020538258109270124,0.028501558265980952,100.0,68.29639556710504,0.19304923113037767,0.7659022139545264
2011-08-19,72.5390625,0.008068928137937803,0.030403434625481212,92.85714285714286,69.49291837168818,0.19730507277014134,0.8153501694069886
2011-08-22,72.35636901855469,-0.0025185531098546043,0.03160445728992589,85.71428571428572,68.61542414121371,0.19261242214987132,0.8082900025170588
2011-08-23,71.35831451416016,-0.013793595752968124,0.0314587052445947,78.57142857142857,63.87059506679874,0.1818929275574839,0.46447275021150514
2011-08-24,69.32955169677734,-0.028430643733607708,0.029201941911812416,71.42857142857143,55.47321420034707,0.16303032108479873,0.056703598504256186
2011-08-25,70.07974243164062,0.010820648864777738,0.02695135220221114,64.28571428571429,57.68848376241448,0.14165367190183406,-0.04501004145774898
2011-08-26,70.7712173461914,0.009866972830633314,0.025659772053656917,57.142857142857146,59.679699913217966,0.12471561393431288,-0.04393822371235848
2011-08-29,69.79273986816406,-0.01382592407928962,0.02378770822981699,50.0,55.686090096981225,0.10609341200868004,-0.04260847912048491
2011-08-30,70.91472625732422,0.016075975685716726,0.022685774031820847,35.714285714285715,59.068441455238776,0.09799658293359867,-0.034930021210711114
2011-08-31,69.81878662109375,-0.015454330772619707,0.020949716829712375,35.714285714285715,54.67831059061147,0.08730849443939395,-0.23541252421141065
2011-09-01,71.29888153076172,0.021199092411909648,0.02033189957968857,28.571428571428573,59.09949140743856,0.08743645846393083,-0.11580630022729389
2011-09-02,73.61505889892578,0.03248546566841659,0.021838869639281965,100.0,64.87414598184287,0.08688959513354952,0.2006485168584757
2011-09-06,74.38056182861328,0.01039872739541714,0.023853349071354002,100.0,66.55484609041508,0.09731636669996269,0.16440661524129022
2011-09-07,72.96074676513672,-0.019088522976582034,0.024276578150189933,92.85714285714286,60.74891999726015,0.09879924617533634,0.016058043822038726
2011-09-08,73.61505889892578,0.008968002149091436,0.024463837804092073,57.142857142857146,62.3777453348944,0.1043754431167086,0.10815561740279553
2011-09-09,74.40023803710938,0.010666012497003496,0.025084119798096972,57.142857142857146,64.29265765912353,0.10213946863568943,0.23311048189956304
2011-09-12,74.47872161865234,0.001054883473676771,0.025543717517419632,57.142857142857146,64.48723100923458,0.10370685997989017,0.30305087516748586
2011-09-13,73.41874694824219,-0.01423191278493563,0.02485179354926221,57.142857142857146,59.751611419335106,0.09580990378702053,0.16976490146549517
2011-09-14,74.04029083251953,0.008465738113393684,0.024207934357048592,57.142857142857146,61.535329007900884,0.09321386780926762,0.2537599760203475
2011-09-15,72.90839385986328,-0.015287581395602823,0.02271885737437717,50.0,56.61463777258923,0.09133270034780543,0.11463865354483582
2011-09-16,73.4383773803711,0.007269170152431226,0.02142299592119108,14.285714285714286,58.29621646661797,0.0923738887528669,0.13480518512119982
2011-09-19,74.83860778808594,0.019066739457796134,0.021404909870821526,78.57142857142857,62.43849051203737,0.09725013076129824,0.006539856194377451
2011-09-20,75.15259552001953,0.004195531440438938,0.0217044698832313,78.57142857142857,63.31834360852609,0.10257433671504439,0.07514054946936823
2011-09-21,77.63897705078125,0.03308443991264931,0.023619660897448488,92.85714285714286,69.42581913002454,0.11773162147688179,0.48284499443036843
2011-09-22,80.55711364746094,0.03758597430735122,0.027365336560109227,100.0,74.74133803273422,0.1403943579969716,0.8809535393199392
2011-09-23,79.0588150024414,-0.018599209643688108,0.02972768993345576,92.85714285714286,68.18643496305977,0.1481364062974867,0.6429939062686802
2011-09-26,77.78947448730469,-0.01605564812851701,0.030034870514919074,28.571428571428573,63.13472791543894,0.14915450584648976,0.21658764424277
2011-09-27,76.59866333007812,-0.015308127032287677,0.028772500400849964,28.571428571428573,58.738196157985264,0.14046912589722735,0.20292026630450566
2011-09-28,76.57247924804688,-0.0003418347121596499,0.027071732719270176,28.571428571428573,58.64149624453236,0.13437466882352128,0.44955174973360906
2011-09-29,77.10246276855469,0.0069213316025853455,0.025796586476761002,28.571428571428573,60.07423950270593,0.12118677620392594,0.47362222079170613
2011-09-30,79.03919982910156,0.025119003868405043,0.026000054482228287,28.571428571428573,64.8643402561207,0.11859291885715477,0.7566448391432051
2011-10-03,81.21435546875,0.027519960277325062,0.02778898284766518,78.57142857142857,69.3167682914818,0.13186862214208755,1.19598361140102
2011-10-04,80.1844711303711,-0.012681062755896533,0.028772734087213703,85.71428571428572,65.10972067300487,0.13833826298443694,0.8408285115445311
2011-10-05,79.60720825195312,-0.0071991854567377,0.028567314206072957,85.71428571428572,62.8086577557301,0.1368625621872036,0.7164923013082075
2011-10-06,78.13787841796875,-0.018457246099298108,0.026942260090113065,85.71428571428572,57.26143927797905,0.13272620601281962,0.3614624971299349
2011-10-07,77.56058502197266,-0.007388137580445764,0.024533047111989687,71.42857142857143,55.19868971787226,0.12949671372852836,0.25609112093896585
2011-10-10,76.4651870727539,-0.014123126442489142,0.02138417434795586,71.42857142857143,51.414037551886096,0.12609371607898207,0.22984948825288018
2011-10-11,76.2093505859375,-0.003345790373506685,0.01819203046146677,64.28571428571429,50.542415047529296,0.11875583154003827,0.07614993106603692
2011-10-12,75.10079956054688,-0.014546128747555342,0.014477722826817219,-42.85714285714286,46.83718325234668,0.11544237799952636,0.08921503578148714
2011-10-13,75.84862518310547,0.009957625310709206,0.011868436975510314,-42.85714285714286,49.52538432304775,0.10467675449435614,0.04185601712000982
2011-10-14,74.74658203125,-0.014529507281048737,0.008769068268898802,-42.85714285714286,45.846290127208896,0.09885247532780578,-0.05038936528427316
2011-10-17,76.03881072998047,0.017288130956813808,0.007355702849083803,-42.85714285714286,50.49064881127174,0.09538242357465829,0.15307549876726378
2011-10-18,75.56651306152344,-0.006211271111724703,0.005821972475748261,-42.85714285714286,48.84191213070292,0.09408869163681537,0.12995154797296665
2011-10-19,75.54027557373047,-0.0003472105133607295,0.004491827134996959,-42.85714285714286,48.74668152733959,0.09688146796966564,0.1568100186915031
2011-10-20,75.00238037109375,-0.007120641254633853,0.0028491768556111767,-42.85714285714286,46.73488008384768,0.09354016020427311,0.014833079164681833
2011-10-21,74.20867156982422,-0.01058244814821141,0.000667370457235767,-92.85714285714286,43.85852629604421,0.09668603803902699,-0.313088984230607
2011-10-24,74.33331298828125,0.0016796071917248856,-0.0009379416966623229,-100.0,44.43685382939721,0.10060548101774439,-0.5021334279255414
2011-10-25,76.2225112915039,0.025415230766325347,-0.00015279034074461848,-92.85714285714286,52.43481195233768,0.10079956818852127,-0.24390502540818532
2011-10-26,74.89088439941406,-0.017470257402005474,-0.0009646063515411367,-85.71428571428572,47.269859777184074,0.10306841693902322,-0.4276717263410438
2011-10-27,72.35234832763672,-0.033896462728876586,-0.004442085685375069,-100.0,39.31868896587478,0.1141860689168021,-0.7977284598925555
2011-10-28,73.11326599121094,0.010516834369058925,-0.006185467284903377,-85.71428571428572,42.44388490833479,0.11597262281581812,-0.8374584007756299
2011-10-31,76.0125961303711,0.03965532246239256,-0.004187645381402844,-85.71428571428572,52.48530106083519,0.09870877625778808,-0.3778834106045169
2011-11-01,78.5570068359375,0.033473540374840294,-8.637857525197846e-05,21.42857142857143,59.21077873335977,0.09029120828642019,0.43195084751562646
2011-11-02,77.57714080810547,-0.012473311640786355,0.002052157368535285,21.42857142857143,55.927664404571445,0.08092049166756136,0.9212911836319922
2011-11-03,76.51177978515625,-0.013732924568391813,0.0026459495553717294,21.42857142857143,52.51802533888068,0.07610639448215677,0.9758192017056234
2011-11-04,76.60381317138672,0.00120286557820104,0.003150795732394651,21.42857142857143,52.78581113611375,0.07344134562709906,0.961929697134894
2011-11-07,77.0904541015625,0.006352698514981325,0.003994307910659721,21.42857142857143,54.25491047933222,0.07484882057809228,0.8459871418015411
2011-11-08,76.10399627685547,-0.012796108625945157,0.0036511920488459704,21.42857142857143,50.804019215326136,0.07473901574544015,0.5638872038867435
2011-11-09,77.68238830566406,0.02073993621920489,0.00485399264520277,21.42857142857143,55.6633467354645,0.07817790943826894,0.3977223409850908
2011-11-10,76.52490997314453,-0.014900138342362701,0.004680287138539112,21.42857142857143,51.63545979815617,0.07870793400122784,0.2809755268172931
2011-11-11,76.0579833984375,-0.006101628539921133,0.003970823264822422,21.42857142857143,50.06171577909952,0.07778893611076705,0.17493616202791804
2011-11-14,77.28121948242188,0.016082941320917366,0.004556894005821287,21.42857142857143,54.0157592460535,0.0795468395160883,0.3494944155835373
2011-11-15,77.17599487304688,-0.0013615806023730137,0.0049114498085809175,21.42857142857143,53.62243917449552,0.08077046178680387,0.3365177671580075
2011-11-16,77.87967681884766,0.009117886292989485,0.00580284010754051,21.42857142857143,55.93333100733127,0.0834432848573756,0.5289900108340565
2011-11-17,78.50447845458984,0.008022653165286053,0.007053260085512461,100.0,57.93742463167845,0.08669397520594248,0.6338378364609155
2011-11-18,78.48472595214844,-0.000251609880483894,0.007970672659354496,92.85714285714286,57.84785522562848,0.08648926059234227,0.7686730806414096
2011-11-21,78.95171356201172,0.005950044472958993,0.009018207245283818,50.0,59.44418126637816,0.08680280706121228,0.5914766405133038
2011-11-22,79.8328628540039,0.011160610102529223,0.010545699504293569,57.142857142857146,62.34210395653952,0.0934344229973289,0.7047777578179386
2011-11-23,80.61547088623047,0.009803081140379089,0.012361094594279204,64.28571428571429,64.7512173004892,0.09909849346389138,0.8651618630232086
2011-11-25,79.44487762451172,-0.01452070240178538,0.012749540865097463,64.28571428571429,58.70198363739259,0.0839026731353137,0.7450717625802404
2011-11-28,79.40538787841797,-0.0004970710167166992,0.01273256223972269,64.28571428571429,58.50342138395778,0.06824975118716795,0.7886063176960386
2011-11-29,78.75440979003906,-0.008198160172401048,0.012013697714321162,64.28571428571429,55.18932085311617,0.06542714895742197,0.6576209233680894
2011-11-30,77.5245361328125,-0.015616568780153828,0.010143763120192622,64.28571428571429,49.48579073131759,0.0652318898981915,0.5272082980995856
2011-12-01,77.13553619384766,-0.005017765450391343,0.00805392941982259,64.28571428571429,47.80304698038061,0.06572448449575356,0.6258659097860982
2011-12-02,78.216796875,0.014017672456895225,0.00730061465203081,57.142857142857146,52.62529508337035,0.06372154508745742,0.849671552051959
2011-12-05,78.05856323242188,-0.0020230135840387797,0.006566346272892989,-35.714285714285715,51.870073555267936,0.06162192622372162,1.0108382526092268
2011-12-06,77.31356811523438,-0.009544053673768649,0.005192851665951305,-35.714285714285715,48.35178381324262,0.06121238936180767,0.8827329453843848
2011-12-07,77.5904312133789,0.0035810415285952857,0.004278347084795396,-35.714285714285715,49.71678830013397,0.05707560575317166,0.8109084647804602
2011-12-08,78.55961608886719,0.012491036076638817,0.004468239174363593,-35.714285714285715,54.27275008665276,0.056997842400309834,0.9488369820846604
2011-12-09,76.9443588256836,-0.02056091085471201,0.003029551823306481,-35.714285714285715,46.68137483915898,0.0555766196558197,0.6324317277614904
2011-12-12,77.80147552490234,0.011139435200968162,0.0026534188694291544,-35.714285714285715,50.62780148536784,0.04989757645109425,0.4210900522450144
2011-12-13,78.52665710449219,0.0093209232176803,0.003069576619792732,-35.714285714285715,53.747090663505226,0.048534537917326113,0.48112987200004803
2011-12-14,80.00996398925781,0.0188892146878461,0.004796081166823659,-35.714285714285715,59.39767095413379,0.04984072603773833,0.8857516492728903
2011-12-15,79.71331787109375,-0.0037076146941384946,0.005864664483055861,-28.571428571428573,57.87489315080904,0.05106859749476061,1.0190065468106115
2011-12-16,80.64289855957031,0.011661548073808703,0.007464277138442213,78.57142857142857,61.229215650132076,0.055914777120301906,1.1611391345394118
2011-12-19,81.66478729248047,0.012671775831015086,0.009574959195187744,85.71428571428572,64.56921073643446,0.06475813280942472,1.3620566844075135
2011-12-20,79.62761688232422,-0.024945517862676514,0.00943817368351169,85.71428571428572,54.49117594762315,0.06531514682498003,0.8612840453356526
2011-12-21,78.52005004882812,-0.013909330416517207,0.008033692466011697,85.71428571428572,49.928437092050196,0.06448359757313091,0.16659213408835472
2011-12-22,78.84967041015625,0.004197913286137167,0.0070427702584716844,78.57142857142857,51.23707047198284,0.06102220552870859,-0.23723591711672704
2011-12-23,77.97283935546875,-0.0111202881397785,0.005385256370126215,42.85714285714286,47.668112933030635,0.06098436626275148,-0.3731758875535883
2011-12-27,78.34320068359375,0.00474987612592348,0.004321594410169336,42.85714285714286,49.275316292504186,0.06043831625976741,-0.2245791714109525
2011-12-28,79.79171752929688,0.01848937537736406,0.004844305843445733,42.85714285714286,55.08530740974867,0.06184437947409824,0.0754041908688311
2011-12-29,79.93721771240234,0.001823499826934416,0.005395723154022644,42.85714285714286,55.6350017462719,0.06190154083151668,0.28786146592312895
2011-12-30,80.19515228271484,0.0032267143852879876,0.006011169239212871,42.85714285714286,56.64791787967317,0.06067638014055583,0.30981407447893783
2012-01-03,78.99137878417969,-0.015010551938244965,0.005320896434345896,28.571428571428573,50.816698583014976,0.060104469994602935,0.21429482110167877
2012-01-04,78.0522689819336,-0.011888763263797841,0.0037437940183956127,28.571428571428573,46.77173014757912,0.06011676594632072,-0.04070356474473201
2012-01-05,77.91329193115234,-0.0017805638784622602,0.0022773657425383324,-28.571428571428573,46.185823023897385,0.05833536554986593,-0.32017128961309943
2012-01-06,78.52841186523438,0.007894929335364065,0.0017135364815799078,-28.571428571428573,49.2180131231675,0.056316604816325534,-0.22203571519103427
2012-01-09,78.3895034790039,-0.0017688933588629885,0.0011271241607582803,-28.571428571428573,48.552699445932305,0.0565352771349595,-0.3101001953905338
2012-01-10,78.25721740722656,-0.0016875482801440578,0.000518716739155125,-28.571428571428573,47.88879342601719,0.051990540815916884,-0.28333940051859435
2012-01-11,79.27580261230469,0.01301586280250322,0.0010591568120870342,-21.42857142857143,53.195759976864146,0.049778468535874594,-0.03341406229813691
2012-01-12,79.16336822509766,-0.0014182686709195425,0.001364527090707654,28.571428571428573,52.55947348368161,0.04921510851181052,0.05683851801624012
2012-01-13,79.95042419433594,0.009942173847382607,0.002356725469136472,28.571428571428573,56.48340762593865,0.04909493251778755,-0.23791592955808655
2012-01-17,80.32078552246094,0.004632387280707473,0.0034712110590840637,28.571428571428573,58.234057104821645,0.050342383643987715,-0.22630983987525324
2012-01-18,79.34856414794922,-0.012104231403960108,0.003388778386482003,-21.42857142857143,52.287489941887785,0.04765707822960707,-0.42299776036526526
2012-01-19,78.25721740722656,-0.013753830991670934,0.0021851359895644126,-21.42857142857143,46.54212331833687,0.03875385033894722,-0.6439845389349728
2012-01-20,77.37093353271484,-0.011325266906690112,0.00027991345863260115,-92.85714285714286,42.46164098146588,0.04189188248931897,-0.9476489761163149
2012-01-23,76.8814926147461,-0.006325901674196555,-0.0017512919563712468,-100.0,40.35737640121455,0.04728304356686037,-0.9007173458262813
2012-01-24,77.02037811279297,0.00180648805484096,-0.003174288979178772,-35.714285714285715,41.24713850399368,0.051216135297515855,-0.704930615077788
2012-01-25,76.83523559570312,-0.002403812103060732,-0.004457945811379885,-35.714285714285715,40.38228606890632,0.054766473047318374,-0.9669343205659053
2012-01-26,77.85376739501953,0.013256050969580935,-0.004292500063108467,-35.714285714285715,46.969840719762814,0.055393540309966294,-0.6692954085678466
2012-01-27,78.09851837158203,0.00314372681954711,-0.003896621998850363,-35.714285714285715,48.44406019605377,0.053964868494428976,-0.3644428871406713
2012-01-30,79.01785278320312,0.011771470583437083,-0.0025831524202105586,-35.714285714285715,53.6556451359712,0.05181075375257137,-0.47048389219356535
2012-01-31,79.9305648803711,0.011550707403706895,-0.0006314447090341931,-35.714285714285715,58.175897822597214,0.050758315311300164,-0.15413124756681423
2012-02-01,79.01499938964844,-0.011454510450325861,-3.2363679805110175e-05,-35.714285714285715,52.630373485261536,0.050789567041715646,-0.1195545838642169
2012-02-02,78.98184204101562,-0.00041963359980934367,0.0004097999933054807,-35.714285714285715,52.435434162237456,0.050806498282751154,-0.055621371965153
2012-02-03,77.28461456298828,-0.021488831282840515,-0.000983784049880302,-35.714285714285715,43.544604428171176,0.052261575786275084,0.2126542073260879
2012-02-06,78.05365753173828,0.009950789987096531,-0.0012650793339396285,-28.571428571428573,47.8587436042917,0.052496612231314924,0.5546596667471878
2012-02-07,77.08572387695312,-0.01240087505690013,-0.0024988765807796827,-21.42857142857143,43.36688016323123,0.05473933026151921,0.5943051144905779
2012-02-08,77.1453628540039,0.0007736708439811668,-0.0033602869558570637,42.85714285714286,43.71739685645657,0.056525614662522476,0.5346278959402119
2012-02-09,76.56855773925781,-0.007476860480100211,-0.004629459316987074,-50.0,41.06984266309395,0.05879961913196404,0.5561488698895025
2012-02-10,77.56309509277344,0.012988847940722081,-0.004457193885833826,-50.0,47.026787215962464,0.05816430749713146,0.5715091760759072
2012-02-13,77.66252136230469,0.001281875992858783,-0.004210286254995465,-50.0,47.59709077823032,0.05432542212834104,0.654536725793028
2012-02-14,78.07357788085938,0.0052928556959548345,-0.0035324116958767274,-50.0,49.99402833063617,0.04718007512203745,0.6280904058370221
2012-02-15,77.93434143066406,-0.0017834004022179162,-0.003126266328496936,-50.0,49.17354655376614,0.04405395204782212,0.33062453590675656
2012-02-16,77.31112670898438,-0.007996663733075171,-0.0034328516757334998,-50.0,45.568699166128035,0.04414848296085696,0.0477069861456981
2012-02-17,77.29122161865234,-0.0002574673424041718,-0.0036356632734611182,-50.0,45.45408470926079,0.044258368749541664,0.1690446619375517
2012-02-21,76.43596649169922,-0.011065359157769183,-0.004687006663124028,-50.0,40.7154989226543,0.04572588279537572,0.10084863379246468
2012-02-22,77.39729309082031,0.012576888122759478,-0.004367213251231077,-42.85714285714286,47.358496190757755,0.04510146188454795,0.36277517914396856
2012-02-23,77.39729309082031,0.0,-0.004112504703095373,-35.714285714285715,47.35849619075776,0.043959429863400776,0.49861953339021386
2012-02-24,77.90117645263672,0.006510348640037522,-0.003325089033400313,21.42857142857143,50.71557129321812,0.043968235558020624,0.689022310612812
2012-02-27,78.59071350097656,0.00885143305581626,-0.0019676028165133085,78.57142857142857,54.94950993676315,0.04472373905075087,0.7497051930006089
2012-02-28,78.3321304321289,-0.003290249666004663,-0.0011708014926663506,85.71428571428572,53.10698389862423,0.04296592176546006,0.5370363427973521
2012-02-29,77.85480499267578,-0.0060936098229411595,-0.0010204135236745505,85.71428571428572,49.78822550085074,0.03492906870261125,0.17723958969719125
2012-03-01,77.1218032836914,-0.009414983558861056,-0.001651941463556543,85.71428571428572,45.124709135382815,0.03179422095246721,-0.02080628130572187
2012-03-02,77.84609985351562,0.009391592766054835,-0.0013583601840886728,35.714285714285715,50.09859437657613,0.027524121600639,-0.022012013546552033
2012-03-05,77.22816467285156,-0.007937908023996632,-0.0017721994943697714,35.714285714285715,46.24722002440329,0.027602718214297328,-0.29447592543126144
2012-03-06,78.16512298583984,0.012132339502788358,-0.0010867147670108916,35.714285714285715,52.24230791922591,0.027903639813079396,-0.4891288321392527
2012-03-07,77.68666076660156,-0.006121172729747437,-0.0010486309294947354,35.714285714285715,49.223213779991795,0.027389559768409975,-0.69040717957398
2012-03-08,76.90914154052734,-0.01000840064950359,-0.0018181872824266155,35.714285714285715,44.70224219357647,0.02800855456449719,-0.9790573101764479
2012-03-09,77.06202697753906,0.001987870803773717,-0.002229082450785728,35.714285714285715,45.75722022341346,0.026157692780957396,-0.7313912853937079
2012-03-12,77.0487060546875,-0.00017285975173542134,-0.002542661236775173,35.714285714285715,45.67545443141334,0.026861531847981474,-0.7242271083367531
2012-03-13,75.69314575195312,-0.017593550523382295,-0.0042370839517659326,-71.42857142857143,38.19557957910312,0.03408909598329737,-1.1962320732320457
2012-03-14,73.78608703613281,-0.025194602455415938,-0.007684084533480288,-78.57142857142857,30.602775735281952,0.052999514782075915,-2.024702272802106
2012-03-15,73.89900970458984,0.0015304059747975884,-0.010073858338472453,-85.71428571428572,31.47146069413817,0.06452696938528954,-2.2780513445680466
2012-03-16,74.04524993896484,0.001978920082415181,-0.011659649767782443,-92.85714285714286,32.64729378343508,0.07293861636115041,-1.6655999224328006
2012-03-19,73.16142272949219,-0.01193631205514456,-0.013902927593131113,-100.0,29.36763709811922,0.08423976652822136,-1.5491137592018276
2012-03-20,73.45381164550781,0.003996490296487298,-0.01501288025977789,-92.85714285714286,31.808208499542644,0.0920615450666431,-1.2330204418259385
2012-03-21,74.284423828125,0.011307952085941597,-0.014686638594039085,-64.28571428571429,38.32751372372934,0.09503179477880477,-0.7066435991727518
2012-03-22,74.5236587524414,0.0032205260805404645,-0.014092891954978292,-64.28571428571429,40.10366689749509,0.09661756790436347,-0.39605027529688713
2012-03-23,75.22801208496094,0.009451405691973669,-0.01263070530255481,-64.28571428571429,45.11542331863573,0.09524195901322008,-0.0868639083535667
2012-03-26,74.8426284790039,-0.005122873717861687,-0.01191425536252017,-64.28571428571429,42.99559342043965,0.09150082061287089,0.15369206472186442
2012-03-27,75.3808364868164,0.007191195963454078,-0.010516917083664552,-57.142857142857146,46.75805028778864,0.08697429945075343,0.3532118933979147
2012-03-28,75.27450561523438,-0.0014105822718035732,-0.009494850989528972,-50.0,46.11052450560319,0.08344940447442209,0.34581648922269115
2012-03-29,75.83937072753906,0.007504069374988598,-0.007916225138951018,-35.714285714285715,50.06657722031089,0.08160393516600813,0.5234227351598159
2012-03-30,74.55685424804688,-0.016910958875170023,-0.008131131094439113,-35.714285714285715,42.447340247689866,0.07762550089642047,0.22503672464834593
2012-04-02,74.96991729736328,0.005540242456343103,-0.007616002217134077,-28.571428571428573,45.3328849737848,0.0745952195597063,-0.0400330316241858
2012-04-03,73.67082977294922,-0.017328117346872784,-0.00869366385313573,64.28571428571429,38.752272253918484,0.0682181874499118,-0.6302140904310194
2012-04-04,74.6834487915039,0.01374518274974701,-0.008125524600242236,64.28571428571429,45.40497876444466,0.06041401030341434,-0.49282527784899627
2012-04-05,75.22310638427734,0.007225932941045787,-0.0070527649918088,64.28571428571429,48.60870112860285,0.055529622220715176,-0.2732640310218574
2012-04-09,76.98188781738281,0.02338086683260232,-0.00421391640195826,100.0,57.38552259781714,0.05507864805601979,-0.07668603426493362
2012-04-10,77.85466003417969,0.011337370926357115,-0.0011505192089203253,100.0,60.9495981473588,0.06024544216368274,0.20182790874436018
2012-04-11,76.92192840576172,-0.011980421313361078,0.000273249413298643,92.85714285714286,55.5979338680727,0.06416409813315156,0.10759875068499095
2012-04-12,76.6021728515625,-0.004156884269886141,0.0010693958947652594,28.571428571428573,53.852240865429366,0.0652474246759133,-0.12621329685801994
2012-04-13,77.84131622314453,0.01617634755587427,0.0029232109088940133,28.571428571428573,59.19875564153987,0.07082562056383924,0.01969271888255798
2012-04-16,77.72809600830078,-0.0014545002620355296,0.0042458016754810726,57.142857142857146,58.53149293038468,0.07441719464020471,-0.12111875586267276
2012-04-17,77.68148803710938,-0.000599628365866911,0.005185574080492097,57.142857142857146,58.24046810170197,0.07297055022214698,-0.13268976872958477
2012-04-18,77.907958984375,0.002915378592611928,0.006075625355827037,57.142857142857146,59.29942424625929,0.07183570235896188,-0.11591386958611373
2012-04-19,77.98126220703125,0.0009408951744063199,0.006784205106185855,57.142857142857146,59.656036424979774,0.07265640507742013,-0.24890513200146044
2012-04-20,77.99457550048828,0.00017072426221687032,0.007278898197547866,57.142857142857146,59.725056857132095,0.07306609257202659,-0.14334216980159922
2012-04-23,78.56084442138672,0.007260362881196691,0.008104765842935117,92.85714285714286,62.65183801032538,0.07628994157437978,-0.18538304799533653
2012-04-24,78.00789642333984,-0.007038468108628737,0.00819677689789577,92.85714285714286,58.203948328249446,0.07568434864953792,-0.32486989883454387
2012-04-25,77.608154296875,-0.005124380284471375,0.0077614345516752,85.71428571428572,55.155430220059046,0.07499366736986612,-0.3645333782878932
2012-04-26,78.07449340820312,0.006008893209136668,0.007731709706486679,78.57142857142857,57.92413105721445,0.07439936526446897,-0.30000338921463904
2012-04-27,78.14109802246094,0.00085309057222549,0.007718100133447581,50.0,58.319936445916746,0.0746979479834119,-0.15715469451271535
2012-04-30,78.1611328125,0.00025639248162723227,0.0076431384066923125,50.0,58.44656181784602,0.06995620429830941,-0.1700418975754815
2012-05-01,77.7557373046875,-0.005186663668053537,0.007122045115182773,50.0,54.81753103151817,0.06520468991395964,-0.31736205190383937
2012-05-02,78.3033676147461,0.007042956944935064,0.007113131295919671,50.0,58.56068333325103,0.05001318255175132,-0.24809576549143997
2012-05-03,78.28333282470703,-0.00025586115449893754,0.007045502802002948,-14.285714285714286,58.370163387317355,0.03785197335803335,-0.10545985673839489
2012-05-04,78.89773559570312,0.007848449329206142,0.007478195501561407,50.0,62.40912564472168,0.027118237395163846,0.20329560480602277
2012-05-07,78.91107940673828,0.00016912793421020034,0.007787138733600255,57.142857142857146,62.49423445580901,0.027399710207326494,0.26748091509679905
2012-05-08,79.33184814453125,0.00533218834359328,0.008322419747437639,64.28571428571429,65.17197909301001,0.03131166665413038,0.08410254048957261
2012-05-09,79.38526916503906,0.0006733868144668254,0.008727157102708816,71.42857142857143,65.50867236149222,0.03184751197217719,-0.061567313120755716
2012-05-10,79.15154266357422,-0.0029442049378070045,0.00874005921812247,71.42857142857143,62.654762910606685,0.027954671150556946,0.11789073225554955
2012-05-11,79.80596923828125,0.008268020466620785,0.009213753093666965,85.71428571428572,66.99098580356497,0.03208974030113519,0.3460558106601064
2012-05-14,80.92131042480469,0.013975661183855737,0.010504098609647072,92.85714285714286,72.7898045565986,0.04169927815469787,0.6600000607259268
2012-05-15,81.2485122680664,0.004043457051597921,0.011769808819590784,100.0,74.2205841507182,0.04997670989792665,0.9987817686615552
2012-05-16,81.48226165771484,0.0028769682437657096,0.01285299976686975,78.57142857142857,75.22291415123,0.05743301179378525,1.3246355088799622
2012-05-17,82.9248046875,0.01770376767209636,0.014733069689915885,85.71428571428572,80.3107194084393,0.0712909647049406,1.9170470148681857
2012-05-18,82.94480895996094,0.00024123388093966192,0.01622866545592436,92.85714285714286,80.37091421110196,0.08097236616115146,2.2589942779892436
2012-05-21,82.77115631103516,-0.0020935927287457634,0.017087033398613706,100.0,78.1376863899403,0.08809684040095299,2.15673075508004
2012-05-22,81.84957885742188,-0.011134041068004419,0.016837427474557784,85.71428571428572,67.4294308367239,0.08912335687526333,2.045330393679649
2012-05-23,82.417236328125,0.006935374361448643,0.016736430830544973,100.0,70.14358801388208,0.08949411255943933,1.2767600596152207
2012-05-24,82.10334777832031,-0.0038085303971491236,0.016315757868469446,92.85714285714286,66.82740825786239,0.08898908559819228,0.5510626424341628
2012-05-25,82.41057586669922,0.0037419678574912574,0.015988780667475746,64.28571428571429,68.40204089090516,0.08833306131764695,0.2783699511690676
2012-05-29,82.15677642822266,-0.00307969500039762,0.015399801894812116,64.28571428571429,65.63050803459862,0.08588905035283571,-0.12848301247484809
2012-05-30,84.24040985107422,0.025361674513507237,0.016333076357181155,92.85714285714286,74.69544852119431,0.08722246530107423,0.23305041062857726
2012-05-31,85.21548461914062,0.01157490531907679,0.017892818331313818,100.0,77.66432550583932,0.09253439283185846,0.0316338044677038
2012-06-01,87.23847961425781,0.02373975814558471,0.020465284840093335,100.0,82.30334600896198,0.10522058933795547,0.8160677023753067
2012-06-04,86.54920959472656,-0.007900986154034229,0.022117076650953145,92.85714285714286,76.47524137248503,0.11113190115035697,0.8798245428829092
2012-06-05,85.39142608642578,-0.013377170210128964,0.02226215527404904,78.57142857142857,67.79148465956796,0.1095621958819516,0.37995748992294387
2012-06-06,83.68492889404297,-0.019984409098117717,0.02070679109369285,78.57142857142857,57.43875827129894,0.10413162567490161,-0.5496831302114132
2012-06-07,83.81209564208984,0.0015195896050517188,0.018988918382016294,71.42857142857143,57.95405382109055,0.09768549720745644,-0.6843014608568276
2012-06-08,83.79206085205078,-0.00023904413659592283,0.01743632309224909,50.0,57.83524993906437,0.08839510836371463,-0.8344717833628397
2012-06-11,84.17342376708984,0.00455130129467074,0.01630649156284312,50.0,59.5356748561632,0.08061251265813058,-0.6732855538280178
2012-06-12,83.40391540527344,-0.009141939669053412,0.014702498111152918,50.0,54.73875549779701,0.07587976010355668,-0.7954622996946926
2012-06-13,84.22704315185547,0.009869173918062746,0.013811363390279078,35.714285714285715,58.58292997010456,0.07192860255252863,-0.5856656782882482
2012-06-14,84.11988067626953,-0.0012723048509815094,0.01298338340181501,35.714285714285715,57.89353698110408,0.0679236055586312,-0.45930295531593057
2012-06-15,84.58841705322266,0.005569864973492544,0.012547369920693184,21.42857142857143,60.104130868669934,0.0676989740809722,-0.415565655111543
2012-06-18,85.04341888427734,0.005379008697708576,0.012481076604301446,21.42857142857143,62.18061754519132,0.06792060298064946,-0.26036156365461693
2012-06-19,83.93254852294922,-0.013062390669403068,0.011447009907281898,-57.142857142857146,54.69566511193216,0.06662766235535598,-0.36532747946945165
2012-06-20,84.34748077392578,0.004943639366116859,0.010718347444162763,-92.85714285714286,56.78802610298871,0.06222585478066102,-0.13364835689233276
2012-06-21,84.7957992553711,0.005315137776870094,0.010437950789066223,-92.85714285714286,58.99177429382129,0.05951482976941459,0.025886693776861983
2012-06-22,83.66485595703125,-0.013337256188055924,0.009202509593069405,-85.71428571428572,51.81321521770561,0.055118143299856974,-0.12407872288322955
2012-06-25,84.88285064697266,0.014558020521387771,0.009048746301738433,-78.57142857142857,57.77293648477446,0.0510956763698603,-0.08642067396370724
2012-06-26,84.54825592041016,-0.003941841302598115,0.008648254422264651,-71.42857142857143,55.733669820646234,0.04446874763562953,-0.09480335372217695
2012-06-27,84.68206787109375,0.0015826695563012638,0.008320950481534055,-14.285714285714286,56.396543821036815,0.044309889246792314,-0.033783497436871014
2012-06-28,84.8895492553711,0.002450121843897035,0.008155865320590244,42.85714285714286,57.4602491298419,0.043941884036741395,-0.1267860466445065
2012-06-29,83.78533935546875,-0.0130076070563242,0.0070029626280470455,42.85714285714286,50.41185367732881,0.033997429795489115,-0.12069241476545349
2012-07-02,84.6498031616211,0.01031760225359668,0.006689707279969787,57.142857142857146,55.05957223182496,0.025142529501465095,-0.12404410183569035
2012-07-03,83.99927520751953,-0.007684931680933871,0.005856034546459254,57.142857142857146,51.172668003998446,0.0224660342975465,-0.2650984189386228
2012-07-05,84.4284896850586,0.005109740250480721,0.005475184169936411,57.142857142857146,53.504897576790675,0.0216472696617249,-0.26952550535893316
2012-07-06,85.21316528320312,0.009293967013641824,0.005824988308941244,78.57142857142857,57.5014278803311,0.02296627399435011,-0.16183301164870925
2012-07-09,85.96431732177734,0.008814976372228278,0.0067161569510498145,85.71428571428572,60.96081402353959,0.02743829101968757,0.045681961896760624
2012-07-10,86.138671875,0.002028220064495212,0.007524240831705796,92.85714285714286,61.73932977280392,0.03213227120594725,0.18146644985597693
2012-07-11,86.2459716796875,0.0012456635603019794,0.008171449727684707,100.0,62.23840646042247,0.03389051316204518,0.14075983231604244
2012-07-12,86.85623931884766,0.007075897311779933,0.009092853364623772,57.142857142857146,65.03216904963584,0.03992739093915634,0.2874570534980879
2012-07-13,86.62822723388672,-0.002625166444564897,0.009571823727503929,57.142857142857146,63.152203458121235,0.04303712056949458,0.4638230301299662
2012-07-16,87.03062438964844,0.004645104356981511,0.010142689589193886,71.42857142857143,65.07125384144263,0.04764618406914417,0.38298652539933054
2012-07-17,86.34651184082031,-0.007860595665328707,0.009960274517882596,71.42857142857143,59.40667723958671,0.04931861255042853,0.13578380130990964
2012-07-18,86.39347839355469,0.0005439310949926224,0.009679015593174327,71.42857142857143,59.6662699409246,0.0489717347612424,-0.1216389995044503
2012-07-19,86.17218780517578,-0.0025614270022887853,0.009171758627412997,71.42857142857143,57.79102829256676,0.04867171997872173,-0.284104088924523
2012-07-20,87.22509002685547,0.012218585236110746,0.009508856905898502,71.42857142857143,63.64559982548137,0.051698907455583164,-0.2111613091245893
2012-07-23,87.71471405029297,0.00561333927298624,0.010142199420992466,92.85714285714286,66.0068454853856,0.052436110570165985,-0.27066464336690976
2012-07-24,88.40547943115234,0.00787513689508601,0.011105174318005335,100.0,69.06005275004439,0.05831431508778432,-0.037906758457555645
2012-07-25,88.63350677490234,0.002579334959973645,0.011970059462991609,100.0,70.01741209767569,0.0627218031371005,0.2846235376289366
2012-07-26,87.8220443725586,-0.009155255522097061,0.011912376286744391,92.85714285714286,62.59475321982075,0.06316323499772392,0.11356127596084133
2012-07-27,86.1655044555664,-0.01886246134244851,0.010335021892224303,-14.285714285714286,50.763666978683986,0.06150721648433751,0.027240476707189407
2012-07-30,86.80933380126953,0.0074720080822499035,0.009328352074241994,-14.285714285714286,54.373271060024166,0.055476070452276705,0.2577307265803022
2012-07-31,86.98365783691406,0.002008125486178791,0.0086362482343564,-14.285714285714286,55.32821604352661,0.05223530975133786,0.58137181065328
2012-08-01,86.54889678955078,-0.004998192283180547,0.007649748622071978,-14.285714285714286,52.38357610122502,0.044592167266549194,0.5840111315395125
2012-08-02,87.03945922851562,0.005668038035859357,0.007167211488660337,-14.285714285714286,55.27595357405567,0.03766254783525325,0.3485430694314426
2012-08-03,85.63479614257812,-0.016138233146068437,0.0055433362530309645,-14.285714285714286,46.55562386162771,0.035947574930217,0.22835941887954578
2012-08-06,85.6684341430664,0.0003928076203074671,0.004145496032413643,-14.285714285714286,46.77218373950599,0.0368287848565465,0.025828917721631265
2012-08-07,84.5662612915039,-0.01286556550948359,0.0020042582693063815,-64.28571428571429,40.92120382127501,0.04286486315405414,-0.014273765889118707
2012-08-08,84.11595916748047,-0.0053248437041720775,-0.00016416886810322883,-71.42857142857143,38.78639333575575,0.050275653002862415,-0.32251567972233475
2012-08-09,84.05547332763672,-0.000719076860590917,-0.0019283633457808343,-78.57142857142857,38.49588431027772,0.056585711050816556,-0.15652613314316752
2012-08-10,84.47887420654297,0.005037160129429008,-0.002872206287158214,-78.57142857142857,41.78298415351957,0.06016918974837229,-0.2408551502460181
2012-08-13,84.33773803710938,-0.0016706682085810831,-0.0037260224347572504,-78.57142857142857,40.99643465170971,0.0632589925566804,-0.4387138014864622
2012-08-14,83.19526672363281,-0.01354638315025547,-0.005503920485951542,-78.57142857142857,35.21716841622336,0.07051811686271141,-0.8297369593076191
2012-08-15,82.02587127685547,-0.014056033387836453,-0.008028172787211746,-100.0,30.4807218861661,0.08175667012958968,-1.309842429767706
2012-08-16,81.32685089111328,-0.008521950146470725,-0.010623242237336716,-71.42857142857143,28.05201351164637,0.09405328894235088,-1.661619709589464
2012-08-17,81.72338104248047,0.004875759322072959,-0.012033668231634409,-71.42857142857143,31.391642353189418,0.10070966731153227,-1.7588043128296007
2012-08-20,81.89144134521484,0.002056453129943403,-0.012851475321767907,-71.42857142857143,32.815036749178475,0.10365744179101234,-1.6473017727650578
2012-08-21,82.25434112548828,0.004431473842835709,-0.012954186420838539,-71.42857142857143,35.907208870076765,0.10128300272824114,-1.0010027949205471
2012-08-22,83.61192321777344,0.01650468624159318,-0.011426254975221685,-71.42857142857143,45.93240167492029,0.09300258234325798,-0.21309502957505852
2012-08-23,83.96139526367188,0.004179691513472417,-0.009888979433510926,-57.142857142857146,48.179470727674925,0.08606533598242348,0.16340836440067155
2012-08-24,83.88072204589844,-0.000960837031353412,-0.008694129629050047,-57.142857142857146,47.68677486888917,0.08387652660780295,0.1482614937208257
2012-08-27,84.37134552001953,0.005849061168698988,-0.007143091678042365,-42.85714285714286,50.970579240071366,0.07910750637931742,0.132987441758993
2012-08-28,84.57293701171875,0.002389335981981988,-0.005681919951402431,-42.85714285714286,52.295629967571024,0.07290944322903223,0.06117787733867507
2012-08-29,84.20330810546875,-0.004370534113043556,-0.004855584055632615,-21.42857142857143,49.646271102580236,0.06741686095101206,0.02570889372256056
2012-08-30,84.64018249511719,0.005188328101091155,-0.00370021248108292,71.42857142857143,52.69657638433111,0.05859387557150409,-0.06364462200179771
2012-08-31,85.8364486694336,0.014133549090414865,-0.0016220864537675344,78.57142857142857,59.86594108288465,0.059368885112205845,0.3212143259690783
2012-09-04,85.75019073486328,-0.0010049103371284618,-9.610259049828229e-05,85.71428571428572,59.16956730756018,0.059674907544002224,0.52728691058656
2012-09-05,85.34616088867188,-0.004711707842617541,0.000729416452400817,85.71428571428572,55.89014813637504,0.06140468690972322,0.4979889466228413
2012-09-06,83.92507934570312,-0.016650796335437423,4.064271618943994e-05,85.71428571428572,46.192614108981935,0.06132434503877441,0.17476527479061424
2012-09-07,83.53441619873047,-0.0046549035165452946,-0.000884583702084838,64.28571428571429,43.935716317397514,0.06130608303374126,-0.2729511577816143
2012-09-10,83.73653411865234,0.002419576614278718,-0.001403134735754621,64.28571428571429,45.42147476083225,0.060801873697823604,-0.21814500974394896
2012-09-11,83.21115112304688,-0.006274238612037797,-0.0023100927496768116,64.28571428571429,42.28458082435113,0.06063854157202115,-0.23343125651093996
2012-09-12,82.17398834228516,-0.012464228252629717,-0.004031958246964075,-42.85714285714286,36.87105989456529,0.06246005086783661,-0.2504088344248421
2012-09-13,81.8507080078125,-0.003934095703449048,-0.005648257949925614,-50.0,35.35181913400231,0.06299608195380159,-0.2911695980234536
2012-09-14,79.67523193359375,-0.026578585905586816,-0.009202565606539257,-57.142857142857146,27.222867218902863,0.0716331709197688,-0.8234907431429843
2012-09-17,80.63166809082031,0.012004184161317655,-0.010675824766578624,-57.142857142857146,34.36821485337628,0.07560140964780421,-0.8151890360955988
2012-09-18,81.03573608398438,0.005011281581188909,-0.011337374069608278,-57.142857142857146,37.17459727053932,0.07815829633883734,-0.7834269714146226
2012-09-19,81.56782531738281,0.006566106005960082,-0.011171045492280918,-57.142857142857146,40.76642331324199,0.07967378799568775,-0.6234699598483
2012-09-20,81.76983642578125,0.002476602846924081,-0.010747188795300452,-57.142857142857146,42.11939448569407,0.08144599588998798,-0.583282442211215
2012-09-21,81.8641586303711,0.0011535085394900335,-0.010210458906455411,-57.142857142857146,42.7766245667605,0.08249045761878908,-0.35977127846404133
2012-09-24,82.50399017333984,0.007815771317673859,-0.008989546495677686,-57.142857142857146,47.15976601340841,0.08246622938666699,-0.19307448536416794
2012-09-25,83.31891632080078,0.00987741496803718,-0.007134175600990832,-50.0,52.18350473842918,0.08138456260348885,0.1608490388149974
2012-09-26,84.21466064453125,0.010750791816369842,-0.004759343669383032,-35.714285714285715,57.020485031357794,0.08071223440199154,0.5771168668190075
2012-09-27,83.61520385742188,-0.007118199877806042,-0.0034966582466152258,-35.714285714285715,53.14590293625413,0.07998939718119137,0.6505268364022323
2012-09-28,83.66238403320312,0.0005642535520418157,-0.0023944312421471953,71.42857142857143,53.414211028525536,0.078363822916628,0.4804358559128016
2012-10-01,83.97284698486328,0.003710902519069359,-0.0012046243825262043,71.42857142857143,55.23097595202441,0.07273664950127866,0.5836150841627926
2012-10-02,83.85810089111328,-0.0013664666361816735,-0.0003751659817008455,71.42857142857143,54.38676435372767,0.06653073996574457,0.616903092133825
2012-10-03,83.88513946533203,0.0003224324654556021,0.0003058838937555505,71.42857142857143,54.563006084183186,0.06157940208536804,0.7843421678563292
2012-10-04,82.83900451660156,-0.01247104022712886,-0.00016095875997654323,71.42857142857143,46.9968510670833,0.06013881877700929,0.5540230353147001
2012-10-05,81.76587677001953,-0.01295437762493834,-0.0015817997228554125,64.28571428571429,40.75384282487241,0.060036514698498,0.2212975035038955
2012-10-08,82.45433807373047,0.00841990975828888,-0.001986909607249586,57.142857142857146,45.73423846987774,0.05863617310971572,0.1239335604108146
2012-10-09,82.3058090209961,-0.0018013491612964838,-0.002440101072378102,50.0,44.85812306613538,0.05814376044488231,0.18033838915534955
2012-10-10,82.88626861572266,0.007052474201164616,-0.002186537941352384,35.714285714285715,48.972196198779386,0.058210883963720685,0.425064355218255
2012-10-11,83.4599380493164,0.0069211637002672965,-0.0014144425646790964,35.714285714285715,52.72612526806256,0.05857869429172121,0.7599508973407948
2012-10-12,83.6691665649414,0.002506933512236298,-0.0006036839797708264,-35.714285714285715,54.05374337291402,0.049894750557525056,0.6625233697299447
2012-10-15,83.48016357421875,-0.002258932393881974,-0.00014489290127171447,-35.714285714285715,52.61625485486691,0.04431911527785553,0.5396700116592834
2012-10-16,82.32608032226562,-0.013824640519865317,-0.00089795337927591,-35.714285714285715,44.784493868012184,0.03979841282757106,0.15921251326362956
2012-10-17,81.56342315673828,-0.009263858579710349,-0.0022358433682608033,-92.85714285714286,40.494895111144324,0.039816577427039146,-0.08185897432894383
2012-10-18,81.06401062011719,-0.00612299628059243,-0.0037634776927685616,-100.0,37.932670560824015,0.042882766645730847,-0.49397944171553054
2012-10-19,82.16407012939453,0.013570257637911087,-0.003772934282468427,-28.571428571428573,46.032739341756994,0.04211281657049589,-0.24893143905762874
2012-10-22,81.63766479492188,-0.0064067582538651635,-0.004315553483856392,-28.571428571428573,43.13196668043946,0.04414026433335996,-0.4724342543643306
2012-10-23,82.8052749633789,0.014302346489088347,-0.0034817172294489543,-28.571428571428573,50.57210872048956,0.04392604586079066,-0.2500064893814246
2012-10-24,81.9886245727539,-0.00986229912268477,-0.0036592499921670944,-28.571428571428573,46.035523318055446,0.042323696533366706,-0.49393017630873637
2012-10-25,81.5701675415039,-0.005103842556581473,-0.004157836082928469,-28.571428571428573,43.864185119267276,0.043083969995120285,-0.6059168061368713
2012-10-26,82.77147674560547,0.014727310735144883,-0.0032634854495699073,-28.571428571428573,51.008258173111955,0.04170061984152759,-0.29288840012551454
2012-10-31,83.2574234008789,0.005870943402000339,-0.002092250683280074,-28.571428571428573,53.58169554956261,0.03963590990900434,-0.016133515232554886
2012-11-01,82.57579040527344,-0.00818705369157835,-0.0018338086602025132,-28.571428571428573,49.642638496314206,0.0370700118232745,0.03042027335093798
2012-11-02,82.5150375366211,-0.0007357225205374407,-0.0016568053274646952,-28.571428571428573,49.29479988030164,0.033871331126536494,0.23726479791469537
2012-11-05,82.98074340820312,0.0056438909256431025,-0.0010420823901067825,-28.571428571428573,52.06737764090059,0.03408991891540602,0.2496904731975967
2012-11-06,82.19782257080078,-0.00943497015387007,-0.0013209819209079475,-21.42857142857143,47.37717882966654,0.033341206385055236,-0.0328373434888096
2012-11-07,83.68937683105469,0.018145909631233303,-6.78935653013877e-05,85.71428571428572,55.585529861410464,0.03565952191828708,-0.3577470255349719
2012-11-08,84.93119049072266,0.014838366668386671,0.002049475500800208,92.85714285714286,61.03504685208663,0.04343591473739754,0.02627459469721814
2012-11-09,85.0257339477539,0.0011131771082566466,0.003768854337238345,100.0,61.42312598164168,0.04994104689501781,0.4697674594554315
2012-11-12,85.16744995117188,0.0016667424888687776,0.005199075562878467,100.0,62.033531474489514,0.055503921366288955,0.6628878246776977
2012-11-13,85.4509506225586,0.003328744391774663,0.0065091574536696745,78.57142857142857,63.28509720186703,0.06128717541615167,0.7812548247108629
2012-11-14,85.53189849853516,0.0009473022287851407,0.0075433330648266485,78.57142857142857,63.653524509351065,0.06677556510480247,1.0055089360252192
2012-11-15,85.36318969726562,-0.0019724664625844213,0.008131137795825812,92.85714285714286,62.25143493028362,0.07028211913871513,0.9736314178966564
2012-11-16,85.2889404296875,-0.0008698042779498039,0.008425267913872745,100.0,61.60825668960671,0.07085750612793278,0.6555822460193459
2012-11-19,84.80975341796875,-0.005618395647836616,0.008151760041570444,71.42857142857143,57.480624398241886,0.0672436713511564,0.5648840506993968
2012-11-20,83.9593734741211,-0.01002691211300566,0.0070783858776612835,71.42857142857143,50.95607259971756,0.06540993273715023,0.20604386467314276
2012-11-21,83.91216278076172,-0.0005623040216460318,0.006050616410050385,71.42857142857143,50.61259386475756,0.06140320054229266,0.11621962477999538
2012-11-23,83.83114624023438,-0.0009654922223732987,0.005101216741543668,71.42857142857143,49.98985809796706,0.060412539572340336,0.045647182784669546
2012-11-26,84.22932434082031,0.004749763285412767,0.004651475307197801,57.142857142857146,53.04753750780971,0.05691339999903667,-0.1434011719360559
2012-11-27,84.56001281738281,0.0039260492607589015,0.004560284276101351,57.142857142857146,55.48196169840642,0.050760252503365584,-0.09466560292236592
2012-11-28,84.43854522705078,-0.0014364660823119602,0.0043427694337416,42.85714285714286,54.366901030528524,0.048668360305760765,-0.2907790219178988
2012-11-29,84.4520492553711,0.00015992729723146581,0.0041298191416837115,42.85714285714286,54.47644046862301,0.04762405247618297,-0.30774358570610827
2012-11-30,84.22256469726562,-0.0027173355783415287,0.003709771520760055,-21.42857142857143,52.18397645939454,0.043986142085267285,-0.48804165228213986
2012-12-03,84.30037689208984,0.000923887738445206,0.0034001406777348464,-71.42857142857143,52.90761775971322,0.0392932198796732,-0.2384906022078899
2012-12-04,84.78720092773438,0.005774873773906064,0.003561593125140629,-71.42857142857143,57.2651544952081,0.036146913473889666,0.04431683794991423
2012-12-05,84.74668884277344,-0.0004778089678354469,0.0036264116865254528,-71.42857142857143,56.7941863383721,0.026019491529958902,0.09048281584757964
2012-12-06,84.92927551269531,0.0021544991599686814,0.0037982205207201685,-71.42857142857143,58.45267802852832,0.024029459833617216,-0.021155779079246213
2012-12-07,84.14485168457031,-0.009236200631521307,0.0031883091621179235,-71.42857142857143,49.63721874449053,0.024543632106028695,-0.2859938026863055
2012-12-10,84.51673126220703,0.004419516704726734,0.002985741441211382,21.42857142857143,53.23779295037369,0.02425658991540348,-0.2755500841538261
2012-12-11,83.87428283691406,-0.0076014348366102436,0.0022144509457099676,21.42857142857143,46.987949020503834,0.02474100530512143,-0.29555896447578456
2012-12-12,82.90055084228516,-0.011609422598846453,0.0006484298176533344,-28.571428571428573,39.43207635856344,0.028313602162488686,-0.8284291752897831
2012-12-13,82.96136474609375,0.0007335765949769701,-0.0005473574350482182,-35.714285714285715,40.08013911511916,0.029644116293752583,-0.9374446565001447
2012-12-14,83.58351135253906,0.007499233026715624,-0.0008728426276247637,-35.714285714285715,46.39877891404369,0.028244783742924814,-0.7026157413399693
2012-12-17,82.33246612548828,-0.014967607926569593,-0.0023502726858863764,-50.0,37.77298519864385,0.03204136866942263,-1.032568543079886
2012-12-18,81.49391174316406,-0.01018497831761922,-0.004327177591622992,-57.142857142857146,33.30379219207729,0.040787062844399674,-1.3096671541422658
2012-12-19,81.76443481445312,0.0033195494669790993,-0.00552462809321077,-57.142857142857146,35.93716132434942,0.04651959849401975,-1.5346055841643098
2012-12-20,81.77794647216797,0.00016525103788112006,-0.006396820169013856,-57.142857142857146,36.07292526637837,0.051075242661551765,-1.6857406828359687
2012-12-21,82.67060089111328,0.010915588584131442,-0.006070951250393245,-57.142857142857146,44.44881575260611,0.05217087864111774,-1.4830127729458382
2012-12-24,82.52183532714844,-0.0017994977943947,-0.0059548371508067795,-57.142857142857146,43.4276040908867,0.053027633459769526,-1.24839460656128
2012-12-26,82.81867980957031,0.003597162875075055,-0.005480760183496641,-57.142857142857146,46.089202794362,0.052385473037024136,-0.8507491958507404
2012-12-27,83.0965576171875,0.0033552552184619167,-0.004779902380396495,-57.142857142857146,48.53037584768143,0.05141915176096274,-0.5819716854199017
2012-12-28,83.57097625732422,0.0057092454096869805,-0.003714042114081783,-42.85714285714286,52.48618456941825,0.050170848428835554,-0.15286186556676687
2012-12-31,82.12738037109375,-0.017273890420825944,-0.0043103308821927895,-42.85714285714286,41.92668402209443,0.05082461604231459,-0.32826650744866037
2013-01-02,81.02954864501953,-0.013367426564851459,-0.005821404562284308,-92.85714285714286,35.99573437579471,0.05451448693389164,-0.5808986115118134
2013-01-03,79.93153381347656,-0.013550795356805367,-0.008083715360806272,-100.0,31.236346825060718,0.06058422930690239,-1.2866872058829102
2013-01-04,80.24329376220703,0.0039003373744581626,-0.009353784809806807,-92.85714285714286,33.908388169709006,0.06273352546775583,-0.8031435385095196
2013-01-07,80.27720642089844,0.000422622964504793,-0.010228827582693951,-92.85714285714286,34.20787954305469,0.06198815454092883,-0.47730882864729407
2013-01-08,80.80583190917969,0.006585001046369721,-0.010208408826229433,-28.571428571428573,38.858839447782245,0.060977924509541585,-0.07966811896017802
2013-01-09,80.73126983642578,-0.0009227313300568252,-0.010211534001268088,-28.571428571428573,38.44600635636148,0.057289191941039014,0.019875692089310948
2013-01-10,80.50761413574219,-0.0027703726342562796,-0.010339868558865185,-28.571428571428573,37.170366152854385,0.05563294695766603,0.02637891917630213
2013-01-11,81.22602081298828,0.00892346251914522,-0.009503707265982762,-28.571428571428573,43.63924260614768,0.05479115408245357,0.329684384599827
2013-01-14,81.0023422241211,-0.0027537799664245632,-0.009056555232313078,-28.571428571428573,42.18297797566546,0.053743947277172015,0.2910165542628201
2013-01-15,81.3750991821289,0.004601804685800959,-0.008177724953921923,-28.571428571428573,45.44994192739619,0.04939715328238273,-0.000912366036595724
2013-01-16,81.54456329345703,0.0020825057423137228,-0.00724727391741023,-28.571428571428573,46.91842546859744,0.04866106760382078,-0.1403361577866355
2013-01-17,80.73126983642578,-0.009973607364900938,-0.007317611420689986,-28.571428571428573,41.18786186832381,0.04942216862470828,-0.21201529476143252
2013-01-18,81.35479736328125,0.007723494602758452,-0.0065653000011897025,-28.571428571428573,46.57537595039607,0.049352464870672325,-0.06419122989035582
2013-01-22,81.51063537597656,0.0019155356259992207,-0.005781124519834208,-21.42857142857143,47.860920880029326,0.04924042722803878,0.21973676783609494
2013-01-23,81.388671875,-0.0014962894156571593,-0.005237893988679127,50.0,46.909553516663614,0.0473311367334636,0.22153597482613954
2013-01-24,81.10399627685547,-0.0034977299860814437,-0.005042465896826391,50.0,44.677223411946095,0.045681693403091854,0.23781853757809188
2013-01-25,79.99256896972656,-0.013703730496028244,-0.005992783049387234,50.0,37.228409802883924,0.0445654038624886,0.02653307299142215
2013-01-28,79.70109558105469,-0.0036437558191459996,-0.006930070313815705,-57.142857142857146,35.554257089026365,0.041724703069667184,0.17749588750734502
2013-01-29,79.26053619384766,-0.005527645310207663,-0.00805373625776978,-64.28571428571429,33.12920104185762,0.03471801406975879,-0.060285202350519235
2013-01-30,79.12506103515625,-0.001709238483576181,-0.00896381223999789,-71.42857142857143,32.397421093597046,0.03573570334169958,0.1123354269593054
2013-01-31,79.5113754272461,0.004882326623649513,-0.009129831257286164,-71.42857142857143,36.69175416709449,0.037474516417091056,0.5395268395867227
2013-02-01,78.4789047241211,-0.01298519485516536,-0.010360368523986708,-85.71428571428572,31.020238599069472,0.04338281624811331,0.05838106744160878
2013-02-04,79.48419952392578,0.012809745540392381,-0.009962811577246142,-85.71428571428572,40.6411556978993,0.044704195189544584,0.06394995574939558
2013-02-05,78.77779388427734,-0.008887371878681383,-0.010442230015173639,-85.71428571428572,36.761174927128174,0.0483001999858346,-0.15320957147955402
2013-02-06,79.42304992675781,0.008190836664305756,-0.009894405920218317,-78.57142857142857,42.190265699471766,0.04915684666629336,0.06942007678145416
2013-02-07,79.24647521972656,-0.0022232174059556575,-0.009617641766463101,-50.0,41.14918207552714,0.05026170760123123,-0.13705467873079744
2013-02-08,79.55207824707031,0.0038563611377844254,-0.00893185375347046,-50.0,43.73686536094876,0.05072371286592823,0.06588377490452772
2013-02-11,79.4909896850586,-0.0007679065507502081,-0.008389414516910599,-50.0,43.32675408988314,0.04986578848949715,0.04067337755051496
2013-02-12,79.29399871826172,-0.002478154663532961,-0.008081156699164557,-50.0,41.960395421468846,0.04954086092903006,0.026489287753782273
2013-02-13,78.64873504638672,-0.00813761044095751,-0.008449131926867231,-42.85714285714286,37.75977406458969,0.049191514087042025,-0.0974520862276031
2013-02-14,79.3619384765625,0.009068212346392324,-0.007795122122566584,-35.714285714285715,44.38671915230415,0.0456340574494432,0.0925358075689353
2013-02-15,79.13099670410156,-0.002909981496093894,-0.007507358824852764,0.0,42.79767437122266,0.04479204528793734,0.25562896169269167
2013-02-19,78.73702239990234,-0.004978760796763737,-0.0076135977217098435,0.0,40.156545902898486,0.041657938765072185,-0.04132672719367888
2013-02-20,78.97474670410156,0.003019218875103258,-0.007317694814501112,0.0,42.463827975637614,0.03552202295552091,0.22701431429635452
2013-02-21,79.43663787841797,0.005848593298399596,-0.006515762660204409,0.0,46.759004056444645,0.027480871190188563,0.19541309191088208
2013-02-22,79.4909896850586,0.0006842158491628947,-0.005788009361328251,0.0,47.257952870459306,0.018584433748979303,0.0700240071708987
2013-02-25,81.05321502685547,0.019652860632209723,-0.0035184650788840123,50.0,59.117363285183586,0.02606888047162484,0.7810944109156287
2013-02-26,80.5845718383789,-0.005781919795794455,-0.002261953206530835,57.142857142857146,55.11377345779768,0.029343764072496375,0.5528901793164153
2013-02-27,80.34683227539062,-0.0029501870837644883,-0.0014753932659275538,57.142857142857146,53.147424556693764,0.031250200546290616,0.19171760645297473
2013-02-28,80.49628448486328,0.0018600883848214345,-0.0006874234653286929,57.142857142857146,54.25240418603501,0.033211878415906414,0.18760233428543882
2013-03-01,80.9345932006836,0.00544508008817135,0.0003679812041818888,57.142857142857146,57.42379797419754,0.036838182713658,0.1928220627787371
2013-03-04,80.50576782226562,-0.0052984189017255545,0.000769164419068006,57.142857142857146,53.515006230574734,0.03605065577754841,-0.02174759534709808
2013-03-05,80.27434539794922,-0.002874606758950793,0.0008463000723701189,57.142857142857146,51.47849818428046,0.03661097119104331,-0.11904571887320446
2013-03-06,79.5459976196289,-0.009073232235150885,0.00017313251492977544,57.142857142857146,45.597277125634285,0.035122851770145534,-0.4318334657124773
2013-03-07,78.93331909179688,-0.007702191765344701,-0.0009843234308480112,28.571428571428573,41.3207754904885,0.036062346405360116,-0.8204398964571596
2013-03-08,78.10968780517578,-0.010434519871934445,-0.002741992373551547,-57.142857142857146,36.38097983894769,0.039847050005115965,-1.2834887526831529
2013-03-11,78.18461608886719,0.0009592700444316371,-0.003999344344476434,-57.142857142857146,37.11747202801901,0.04297784667352084,-1.5165506824554225
2013-03-12,78.74954223632812,0.007225540978788247,-0.004333225074702501,-57.142857142857146,42.520357966281594,0.04394247757548767,-1.197517534536382
2013-03-13,78.66790771484375,-0.0010366348700718842,-0.00465542957724363,-57.142857142857146,41.959321460227464,0.044927964510915915,-0.799826250399525
2013-03-14,78.42965698242188,-0.003028563226639913,-0.005108358444121789,-57.142857142857146,40.28853568717485,0.045525047310707785,-0.6748050494455818
2013-03-15,78.7972640991211,0.004687093260928199,-0.00499660361982157,-57.142857142857146,43.99414871415363,0.046170971920658964,-0.32241614786024353
2013-03-18,79.39622497558594,0.00760129026448686,-0.004232235407996825,-57.142857142857146,49.49392690248504,0.046008606190420624,-0.023988728385761042
2013-03-19,79.93396759033203,0.006772899025255352,-0.0030537025836652994,-50.0,53.87341873947743,0.04538793854291857,0.21123495236134326
2013-03-20,79.04229736328125,-0.011155085302667067,-0.003041651727311812,-35.714285714285715,46.64995003287321,0.045285135665177625,-0.02999703750831203
2013-03-21,79.8046646118164,0.009645054280637666,-0.002180124382099099,-35.714285714285715,52.51260402053658,0.04534216922751981,0.11575958515621854
2013-03-22,79.86591339111328,0.0007674837002924484,-0.0014407295168632642,-28.571428571428573,52.95984956697366,0.04544104113616586,0.3011832238359368
2013-03-25,79.79100799560547,-0.0009378894240023028,-0.0009220050183579633,-21.42857142857143,52.310974882837954,0.04230892074419983,0.3472591400163634
2013-03-26,79.8863296508789,0.0011946415726278303,-0.00040824334692020673,85.71428571428572,53.09849922138311,0.04076724405795816,0.3381018175372469
2013-03-27,80.5670166015625,0.008520693761477682,0.0006720539813969354,92.85714285714286,58.383570944494465,0.04141730285827633,0.18082309618902967
2013-03-28,80.15858459472656,-0.005069469170688068,0.0011093012034895794,92.85714285714286,54.420909511053715,0.04054956426787971,-0.08119046771880593
2013-04-01,80.76236724853516,0.007532351735765497,0.0020221888610149146,85.71428571428572,58.865650835494044,0.03980802921943917,0.04622414328786169
2013-04-02,80.43492889404297,-0.004054343200274757,0.0024072030901619106,64.28571428571429,55.693741041704314,0.03958333033124938,0.05544128018362012
2013-04-03,81.15802001953125,0.008989765210594136,0.0033618800654494074,92.85714285714286,60.72650533808647,0.04289032624928906,0.1988197187965094
2013-04-04,82.12667083740234,0.011935367787902829,0.004980996919897267,100.0,66.25612613774425,0.0515214160555998,0.5954164691271412
2013-04-05,83.78437042236328,0.020184668001981043,0.00767901327331317,100.0,73.20828362944239,0.0676870353800847,0.30270253728151325
2013-04-08,83.14310455322266,-0.007653764847882161,0.009242730549334091,78.57142857142857,67.42146552418642,0.07299228208404984,-0.0826477128938515
2013-04-09,82.9384994506836,-0.002460878790111698,0.010144787918109422,78.57142857142857,65.63866655453256,0.0752306442969938,-0.38930318471963765
2013-04-10,81.79923248291016,-0.01373628622797618,0.009756296760922612,78.57142857142857,56.65531183011541,0.07421231581842032,-0.8831680529058854
2013-04-11,81.95613098144531,0.0019180925513933023,0.009365088316264314,71.42857142857143,57.517626038725275,0.07243615200372124,-1.0538750869333426
2013-04-12,83.17723846435547,0.01489952573757547,0.010005976659473772,57.142857142857146,63.5889409368014,0.0721911128191344,-0.6670222886602144
2013-04-15,83.90032958984375,0.008693377405143643,0.011098789407998284,57.142857142857146,66.63018710667949,0.0744604672253608,0.007906191368606352
2013-04-16,83.21137237548828,-0.008211615111925252,0.011334077120932233,50.0,61.37047857883316,0.07445372415465076,0.10781352298510838
2013-04-17,83.76392364501953,0.006640333571688695,0.011768823980746322,92.85714285714286,63.83612403712778,0.07660545240795766,0.06997187630587108
2013-04-18,83.96849822998047,0.002442275577107633,0.012198929245157706,92.85714285714286,64.73362697447325,0.07496355356615268,0.19824112243863373
2013-04-19,83.79114532470703,-0.0021121362059814963,0.012276792281203671,85.71428571428572,63.26769363398257,0.07406988259412804,0.26464378852788845
2013-04-22,83.85257720947266,0.000733154852193163,0.012227180881858835,78.57142857142857,63.575387921056844,0.07227821740033105,0.24461510163480638
2013-04-23,83.55923461914062,-0.003498313350575155,0.011818293556192596,100.0,60.949898992415044,0.06813878748216877,-0.05415086374858628
2013-04-24,83.77075958251953,0.0025314373012512714,0.011502448678353717,92.85714285714286,62.163303416467826,0.06336155403195114,-0.040762848751450954
2013-04-25,83.40916442871094,-0.00431648412418173,0.010849788121494518,57.142857142857146,58.79970443963122,0.05960718900124566,0.013031567988968125
2013-04-26,84.17317199707031,0.00915975568862537,0.01080743108655488,57.142857142857146,63.316224062467505,0.053964739993281434,0.1383929561255444
2013-04-29,83.8661880493164,-0.003647052148214036,0.010475511765348382,57.142857142857146,60.44878728132821,0.04898670847288728,0.05222768416648482
2013-04-30,83.91398620605469,0.0005699335793130089,0.010104793747381286,57.142857142857146,60.74686761867215,0.03981648483801894,-0.05200121246564518
2013-05-01,84.77605438232422,0.01027323590792939,0.01041637330424036,100.0,65.75912663408772,0.035455289171283384,0.09097387605266545
2013-05-02,84.66667938232422,-0.001290163841628389,0.010532958160222943,92.85714285714286,64.63150195699923,0.03447786699959019,0.23090734080178393
2013-05-03,82.67044067382812,-0.023577619000289318,0.008820862493649854,-14.285714285714286,48.33907000972716,0.035651279873928986,-0.14868733311932694
2013-05-06,82.4653549194336,-0.0024807628061847,0.006999153709360226,-21.42857142857143,47.02747124487443,0.037149228890703864,-0.36278111591501416
2013-05-07,82.14408111572266,-0.003895863954321288,0.005184355911704759,-28.571428571428573,44.96901977212376,0.03936237894763894,-0.5291853990961596
2013-05-08,82.27394104003906,0.001580879870498153,0.0038020770767205965,-28.571428571428573,45.997944979976715,0.03733655703506432,-0.658460491763486
2013-05-09,82.06202697753906,-0.0025757130364870706,0.0024831034559584077,-42.85714285714286,44.53461074070357,0.036855928805720306,-0.9460010052808774
2013-05-10,81.18017578125,-0.010746154205165226,0.0005625316324640279,-50.0,38.97760920821259,0.043961949238593825,-0.9875134970331325
2013-05-13,80.55806732177734,-0.007663305154068656,-0.0015932611569473714,-57.142857142857146,35.60256386441461,0.05251511490890956,-1.0000991672035735
2013-05-14,79.68305969238281,-0.01086182499760624,-0.004179385432781208,-64.28571428571429,31.47443896583944,0.06431079309306377,-1.270669010988897
2013-05-15,80.21623229980469,0.0066911663467768,-0.005573156177221841,-71.42857142857143,36.31970153758793,0.07027161902879452,-1.0038833824260633
2013-05-16,81.05027770996094,0.010397464281780788,-0.0057343443049452415,-71.42857142857143,43.09769475003378,0.07168178452865044,-0.7339172131805793
2013-05-17,80.0248794555664,-0.012651384836260826,-0.006937207857810426,-71.42857142857143,37.77439289910601,0.07604612337642075,-0.8516447033216559
2013-05-20,79.92916870117188,-0.0011960124781903447,-0.007847792847324061,-71.42857142857143,37.311139711473714,0.07936413417969533,-0.9896322209359396
2013-05-21,80.55806732177734,0.007868199192171188,-0.007776423265316398,-71.42857142857143,42.316942983986046,0.08033648429995487,-0.6352084129257248
2013-05-22,79.36173248291016,-0.014850590122633012,-0.00899817781246593,-100.0,36.36776682484453,0.08370611792723726,-1.0113633824927681
2013-05-23,79.7377700805664,0.004738273546853744,-0.009338774756756029,-100.0,39.258393583661345,0.0853676942908124,-1.00532799826525
2013-05-24,79.84713745117188,0.001371588025285364,-0.00941012479427649,-71.42857142857143,40.11052493677253,0.08342195387011432,-1.0947765875767554
2013-05-28,77.82357788085938,-0.025342919419621635,-0.011686640671543432,-85.71428571428572,31.347783195064267,0.0884391511487536,-1.5710902903360786
2013-05-29,78.6986083984375,0.01124377137887067,-0.012112226894097711,-85.71428571428572,37.68722007936396,0.08735432498785017,-1.2122805954810405
2013-05-30,78.50720977783203,-0.0024320458074232887,-0.012634174100627208,-85.71428571428572,36.88490478548671,0.08024198749435922,-1.069378021002748
2013-05-31,78.24060821533203,-0.003395886355590183,-0.013191686794468976,-100.0,35.743456894725426,0.07064878448322291,-0.6075716106693009
2013-06-03,78.65518188476562,0.005298702028141422,-0.012953099822210263,-71.42857142857143,38.909416746979105,0.06785792664297487,-0.24954686129635595
2013-06-04,77.9288330078125,-0.009234596622219593,-0.013534684748521616,-71.42857142857143,35.59989666799253,0.06670430644478761,-0.3228843237914876
2013-06-05,79.00469207763672,0.013805661246285572,-0.012468074457224008,-71.42857142857143,43.29362714292497,0.0623828503220484,-0.04603568282148747
2013-06-06,78.95670318603516,-0.0006074182474429257,-0.011690283715775764,-71.42857142857143,43.04659174256167,0.05592720326596905,-0.03177638561206689
2013-06-07,77.5450210571289,-0.01787919292400153,-0.012593159703214288,-42.85714285714286,36.456504982209914,0.05276416290665505,-0.3879704224508526
2013-06-10,77.17505645751953,-0.004770965234980218,-0.013434979391088047,-85.71428571428572,34.946547980975126,0.05383248183476436,-0.5890498780016294
2013-06-11,78.09324645996094,0.0118974969969321,-0.012792830728599939,-92.85714285714286,41.430208935244835,0.052659996816116265,-0.17121165529908777
2013-06-12,76.97628021240234,-0.014302981348473853,-0.013603241423383898,-92.85714285714286,36.64542934153926,0.056901197018390796,-0.30118152844420104
2013-06-13,78.1823501586914,0.015668072592766702,-0.012492116605025383,-78.57142857142857,44.146333713016894,0.05541956912334549,0.031510663392292075
2013-06-14,77.997314453125,-0.0023667196648710087,-0.01186049687096808,-78.57142857142857,43.299331402133866,0.04963191058820507,-0.053961130905782875
2013-06-17,77.5862045288086,-0.00527082153018843,-0.011689333857127242,-21.42857142857143,41.3988428440874,0.04839141862657679,-0.20249737284008149
2013-06-18,77.6272964477539,0.00052962919368027,-0.011324534401333509,-21.42857142857143,41.67440930586392,0.046600794686050225,-0.21582086233357542
2013-06-19,76.8255386352539,-0.0103282975085911,-0.011860929258407154,-64.28571428571429,37.92692940263179,0.04278796744182326,-0.49137031460291103
2013-06-20,75.56462860107422,-0.016412641636866843,-0.013585667460025885,-71.42857142857143,32.914155064929474,0.0501829194765265,-0.5030559418929658
2013-06-21,74.28315734863281,-0.01695861246412833,-0.01625556771969704,-78.57142857142857,28.754596869226123,0.061944700952235025,-1.0044655183051665
2013-06-24,74.59153747558594,0.004151413832691686,-0.017574373717855852,-85.71428571428572,31.013969423206696,0.06677055194683547,-0.8569225379144866
2013-06-25,73.92681884765625,-0.008911448274507738,-0.019343262939546444,-85.71428571428572,28.887418058236214,0.0780223546564162,-1.0179303654125478
2013-06-26,74.4065170288086,0.006488824876137,-0.01973919167148595,-85.71428571428572,32.48518093734869,0.08295799950270437,-0.9568927313099715
2013-06-27,75.1671371459961,0.010222493237964647,-0.018913337198603098,-78.57142857142857,37.8540560016479,0.08412603240794655,-0.7097242239452877
2013-06-28,75.68112182617188,0.006837890861500773,-0.017541834622529087,-42.85714285714286,41.253687551063635,0.08390235916771947,-0.22906428587062563
2013-07-01,75.8336181640625,0.0020149851668542773,-0.016174693986857863,-42.85714285714286,42.26286654701772,0.08171137202724715,0.10844160850983478
2013-07-02,75.78553009033203,-0.000634126063013829,-0.015006984750587348,-42.85714285714286,42.01774416161956,0.08095196556566706,0.14516875703835216
2013-07-03,75.5588150024414,-0.0029915352920325544,-0.014194155331610931,-42.85714285714286,40.81581136994253,0.07628843143515648,0.04404775159088311
2013-07-05,72.98324584960938,-0.034086944756198334,-0.01664691657105281,-100.0,30.23471254802579,0.079432858285999,-0.3474913448162397
2013-07-08,73.69065856933594,0.00969280978793785,-0.017047977992793766,-92.85714285714286,35.20337033663321,0.08211870399981742,-0.4523754141395841
2013-07-09,73.76622009277344,0.0010253880872350685,-0.017193697861841845,-78.57142857142857,35.72989802170016,0.08425050873123581,-0.42852390352229097
2013-07-10,73.18926239013672,-0.00782143509469646,-0.01788946142870509,-78.57142857142857,33.49201189005452,0.08421820421623356,-0.5400105980083139
2013-07-11,74.04779815673828,0.0117303514007987,-0.016989467951066387,-71.42857142857143,39.5585405157458,0.08387114012755116,-0.2923006388568842
2013-07-12,73.98599243164062,-0.000834673368232064,-0.016333455298999912,-14.285714285714286,39.28076029255034,0.07782888951627066,-0.21021174216944663
2013-07-15,74.37747955322266,0.005291368118684803,-0.015120119987161196,-14.285714285714286,42.05625913016543,0.0699835913779045,-0.03969963235753554
2013-07-16,74.63165283203125,0.0034173419203686883,-0.013744968887007818,-14.285714285714286,43.85080816365775,0.062211246682673804,0.10523514926750065
2013-07-17,74.7690200805664,0.0018406030594595446,-0.012381659831674439,-14.285714285714286,44.84500334389161,0.05173009328910476,0.07770923310803492
2013-07-18,73.83490753173828,-0.012493310034310756,-0.012343046256057661,-14.285714285714286,39.69754874656902,0.04515262704991635,-0.21125850768385462
2013-07-19,75.00252532958984,0.015813899372050466,-0.010619953925699466,-14.285714285714286,47.768056079428625,0.0437215618744235,-0.052817263752360614
2013-07-22,75.11241912841797,0.0014652013161584598,-0.009169158102129472,-14.285714285714286,48.46710500805821,0.04424447297280476,-0.005100754212028878
2013-07-23,74.79647064208984,-0.004206341507759892,-0.008310682393039389,-14.285714285714286,46.53863537010295,0.04435284870415816,0.128244383810532
2013-07-24,73.84861755371094,-0.01267243066741075,-0.008633345237542422,-7.142857142857143,41.23751520861977,0.044516831404868534,0.26697977369433673
2013-07-25,73.82115936279297,-0.00037181726385060454,-0.00873709527660952,78.57142857142857,41.09149213347149,0.045276555651187045,0.44924519342869546
2013-07-26,74.27444458007812,0.006140315611374847,-0.008176266365901795,57.142857142857146,44.580303309792356,0.04459012883565637,0.6186251645396329
2013-07-29,73.73186492919922,-0.007305065072468198,-0.008329053987690653,57.142857142857146,41.41825927088143,0.042673701049868035,0.5745342336877349
2013-07-30,73.70437622070312,-0.00037281992694049304,-0.008339551241559977,57.142857142857146,41.25859239787738,0.0391881691520141,0.47544724936583754
2013-07-31,73.9722900390625,0.003634978438147529,-0.00793150354487809,-50.0,43.54296278875566,0.03437207187448205,0.655313379806427
2013-08-01,72.54698944091797,-0.01926803398126342,-0.009260568988235206,-57.142857142857146,35.60918184240885,0.03478219983471714,0.44675561032858085
2013-08-02,73.34566497802734,0.011009078988175158,-0.009095884936281433,-57.142857142857146,41.98784708322996,0.03345688599951684,0.5835585186245077
2013-08-05,72.78106689453125,-0.007697770327192988,-0.00963040781483473,-57.142857142857146,39.04337828695033,0.03638520786698949,0.46714165073197544
2013-08-06,72.99453735351562,0.002933049323029513,-0.009621965176526909,-57.142857142857146,40.73561153822124,0.038153076084872506,0.5831490099178972
2013-08-07,73.53848266601562,0.007451863279380078,-0.008867236183854817,-57.142857142857146,44.930788909707246,0.037354818942083014,0.7604902510519077
2013-08-08,73.73818969726562,0.0027156806070773865,-0.007992294082512796,-57.142857142857146,46.43012821959089,0.03742945702383264,0.7260408970582591
2013-08-09,73.85523986816406,0.0015873751631141353,-0.007096640066965827,-57.142857142857146,47.33518333850442,0.037441212341218194,0.81750234307975
2013-08-12,73.35254669189453,-0.006806465961885277,-0.006913993273117257,-50.0,43.90451138819454,0.037640111856655147,0.475690276006416
2013-08-13,72.29219818115234,-0.014455510525026583,-0.007921656096591779,-85.71428571428572,37.69804655850157,0.04087102433704507,0.11365413922181715
2013-08-14,72.40233612060547,0.001523510727632571,-0.008407065098712346,-85.71428571428572,38.66787773929449,0.04195417466879577,0.0014111484065306378
2013-08-15,71.42462158203125,-0.013503908726723579,-0.009912092334068564,-100.0,33.65884874208974,0.0494854019894985,-0.5043729831527887
2013-08-16,71.1766586303711,-0.0034716732993169686,-0.011203961306278272,-85.71428571428572,32.508678998624305,0.05338882611785612,-0.644543284101261
2013-08-19,70.55701446533203,-0.008705721467720862,-0.012867871969636397,-92.85714285714286,29.770920159163534,0.05827333718133207,-0.7729107042170869
2013-08-20,71.10095977783203,0.007709301713258565,-0.013230785882249439,-92.85714285714286,34.94986877567316,0.05905170998144164,-0.4805642584930184
2013-08-21,70.32288360595703,-0.010943258351311158,-0.014472816205033791,-50.0,31.384596266225895,0.06559350078174193,-0.8542177866775724
2013-08-22,71.03899383544922,0.010183174989023325,-0.014209263112430558,-50.0,37.68518242038609,0.06728751966642982,-0.6138454300691253
2013-08-23,71.8101577758789,0.010855502010852947,-0.012948621039742486,-50.0,43.68246470330198,0.0645796926240929,0.17607280057902813
2013-08-26,72.16825866699219,0.00498677209749232,-0.011477885399463728,-50.0,46.26850596920421,0.06275874761988617,0.6334815257652621
2013-08-27,73.07711791992188,0.012593614834514044,-0.009125593894414552,-50.0,52.2601839785748,0.06124073450679389,1.0944530505774388
2013-08-28,72.48499298095703,-0.008102740718561097,-0.008001684569765577,-50.0,48.468108081974535,0.05790100097357553,1.197918619417694
2013-08-29,73.0633316040039,0.007978736001241105,-0.006284910277130616,-50.0,52.122312039617,0.05854745165352881,1.3339895557416088
2013-08-30,72.98072052001953,-0.001130677758196419,-0.005013725475293225,-50.0,51.55988083397184,0.057749869360204466,1.0999512192440415
2013-09-03,71.95137786865234,-0.014104309248150315,-0.005152880553083435,50.0,45.03854691715342,0.05760910746143233,0.9772625823522699
2013-09-04,71.79257202148438,-0.0022071272555457266,-0.005334828473882501,50.0,44.11157139491485,0.057152414076406796,0.7029641073650716
2013-09-05,70.79157257080078,-0.013942938976807207,-0.006612103666152079,50.0,38.704114509556014,0.057059500795756606,0.07640156698322025
2013-09-06,71.1436767578125,0.004973815020983929,-0.007046544984838722,50.0,41.424189495595456,0.054011514852316325,-0.36145139214867555
2013-09-09,71.17817687988281,0.00048493588808673493,-0.007290036128800195,50.0,41.697196079349105,0.04891736780020038,-0.742956513952221
2013-09-10,70.6810531616211,-0.006984215388104786,-0.00801351766436327,50.0,38.884880103061825,0.04658805538556487,-1.1053054946026735
2013-09-11,71.3093032836914,0.008888522368699636,-0.007671609224927127,50.0,44.02316718581593,0.046112931464471145,-0.8267757037487229
2013-09-12,71.2126693725586,-0.00135513750216254,-0.007489872452888467,42.85714285714286,43.418486582648654,0.045279475631460744,-0.8384177690452651
2013-09-13,71.48878479003906,0.0038773355908894303,-0.006917849339876554,-50.0,45.71297859532407,0.04525348827992398,-0.7685365900657499
2013-09-16,71.01245880126953,-0.006662947064612901,-0.006991613936031055,-50.0,42.51036098443103,0.04552309199330141,-0.965337440349043
2013-09-17,71.5992202758789,0.00826279619821979,-0.006222816706230527,-50.0,47.39914002517397,0.04364307875202062,-0.6498040388777055
2013-09-18,72.48301696777344,0.012343663638922031,-0.004553570633000726,-50.0,53.77531531835105,0.044320692968828825,-0.05170618420852398
2013-09-19,72.05493927001953,-0.005905903419337943,-0.0037465640888666714,-50.0,50.57731787275799,0.04089381144533159,-0.0381981386767673
2013-09-20,72.43465423583984,0.005269797874610127,-0.0026162332104246694,-50.0,53.23403226307575,0.040512722007272316,0.052832250372278726
2013-09-23,72.96625518798828,0.0073390417577972045,-0.0011225303654719195,57.142857142857146,56.74007375472365,0.04273119705071416,0.378412880264837
2013-09-24,73.75328826904297,0.01078626111518255,0.0008963822377497751,64.28571428571429,61.35887057259007,0.048217678104441275,0.8377139994355979
2013-09-25,73.90513610839844,0.0020588619561143773,0.002617401998377952,71.42857142857143,62.197488326291996,0.052007825915828636,1.0923494373912852
2013-09-26,73.3873519897461,-0.007006064069659534,0.003402343047327642,71.42857142857143,57.606457566260886,0.054327359886618694,1.0152904178204036
2013-09-27,73.56685638427734,0.002445985441146936,0.004149056524153869,71.42857142857143,58.74340855208264,0.05605465954076738,0.9255641839993394
2013-09-30,73.45641326904297,-0.0015012618543529532,0.004580427635986026,71.42857142857143,57.71775726757284,0.05748296182576302,0.6900390668251437
2013-10-01,73.2334976196289,-0.0030346655859387894,0.004633289281362025,71.42857142857143,55.60738228211791,0.058961102854833525,0.5521013854268741
2013-10-02,73.3442611694336,0.0015124711150624748,0.004724487883520222,50.0,56.45927870192248,0.060322290260196976,0.3585609626245318
2013-10-03,73.22663116455078,-0.00160380652838088,0.004627063478780768,50.0,55.24675907578695,0.05832642921642404,0.07289028325424066
2013-10-04,73.17121887207031,-0.0007567232248599787,0.004435048406253805,50.0,54.65133429261454,0.056821750843919105,0.07976381390441531
2013-10-07,73.4688949584961,0.004068212761990875,0.00453739275397193,42.85714285714286,57.31291195878487,0.055448583935428244,0.044160505178650396
2013-10-08,73.48961639404297,0.00028204365342077153,0.004601149135572605,35.714285714285715,57.499904854894865,0.050755864693117166,0.024072510267868545
2013-10-09,72.90128326416016,-0.008005663367845584,0.003993006583142342,28.571428571428573,50.70797772329988,0.04745608960173155,-0.2877882732336973
2013-10-10,73.0189437866211,0.0016139705255200365,0.0035649409164177533,21.42857142857143,51.9308592979594,0.04296044621864826,-0.03956354261649478
2013-10-11,72.9981689453125,-0.0002845130349913294,0.0031721831043730964,-78.57142857142857,51.687032748801975,0.03908677521929974,-0.15117446515084212
2013-10-14,72.40982818603516,-0.008059664615945428,0.002202335629090532,-92.85714285714286,45.2127415347838,0.031323755689549065,-0.27933572805977225
2013-10-15,72.36133575439453,-0.0006696940574978383,0.001344669736641727,-92.85714285714286,44.715578090660486,0.027075201773078445,-0.6257468115813081
2013-10-16,73.26813507080078,0.012531544739362799,0.001635402360890937,-85.71428571428572,54.738402642268056,0.026062767701483414,-0.14454333925873994
2013-10-17,73.9326400756836,0.009069495275684014,0.00255787987759292,7.142857142857143,60.40359737479788,0.024083444085769325,0.1636197659804436
2013-10-18,74.09183502197266,0.002153243088926615,0.003427374035128304,14.285714285714286,61.642261787865074,0.02412888383413807,0.002951507789853065
2013-10-21,73.85645294189453,-0.0031768963477327716,0.0038325973003842753,14.285714285714286,58.71747569800376,0.024611581871388358,-0.053085279478809755
2013-10-22,74.68020629882812,0.011153437839502844,0.004932563490854469,28.571428571428573,64.97988678912002,0.028972967248889793,-0.00555241389406465
2013-10-23,74.97090911865234,0.003892635468372818,0.0060582115668202565,35.714285714285715,66.88880330506288,0.034082588211103514,-0.06058681289592037
2013-10-24,74.68020629882812,-0.003877541612362423,0.006602356410249477,35.714285714285715,63.180000859735365,0.037065755799572,-0.348050780811868
2013-10-25,74.95710754394531,0.0037078264621979162,0.007204033664017417,35.714285714285715,65.1615266863343,0.040834797045402674,-0.4144964222880371
2013-10-28,74.70095825195312,-0.0034172782326481466,0.007365009809522252,35.714285714285715,61.84579721237509,0.04287048309160187,-0.6403640951589332
2013-10-29,74.79788208007812,0.0012974910950684926,0.007481641294391125,35.714285714285715,62.62086409184256,0.044608132245928654,-0.48770470163444696
2013-10-30,74.34797668457031,-0.006014948324688518,0.007057863334685925,35.714285714285715,56.848048531478646,0.04492303329930862,-0.6367173352806951
2013-10-31,74.50714111328125,0.002140803769095312,0.006766232180606598,35.714285714285715,58.31220355638569,0.04516940414025492,-0.5638815128508482
2013-11-01,73.70064544677734,-0.010824407626615296,0.005670343413599618,35.714285714285715,49.20231851688614,0.044446365727784556,-0.8728574274606844
2013-11-04,73.77005767822266,0.0009418130740175279,0.004759759341764678,35.714285714285715,49.92737601027314,0.04419315836582849,-1.0759859542046
2013-11-05,72.8886489868164,-0.011948054795495211,0.0030799549309309298,35.714285714285715,41.77363632597007,0.045523705399714856,-1.3973393677846975
2013-11-06,72.92335510253906,0.0004761525450820425,0.0017208389901007524,-71.42857142857143,42.17409151912273,0.045456804415292616,-1.2511188460224545
2013-11-07,73.54105377197266,0.008470519061623438,0.0013022227252971281,-71.42857142857143,48.909031577940084,0.04445955997062082,-0.790125313785088
2013-11-08,71.7712631225586,-0.02406534253509096,-0.0009724126609722748,-85.71428571428572,35.979203969995176,0.05003830317289517,-1.1363345278485328
2013-11-11,71.50052642822266,-0.003772215822280045,-0.003081151396086329,-92.85714285714286,34.477615907229875,0.054738009849255385,-1.3633686694615303
2013-11-12,71.83366394042969,0.004659231600783409,-0.00430357157163035,-92.85714285714286,37.91139429981122,0.057051550245944084,-1.2319566077579638
2013-11-13,72.09744262695312,0.0036720761834199145,-0.004912491686515283,-85.71428571428572,40.567277920590556,0.06011144244972543,-1.0760494861364676
2013-11-14,72.54158782958984,0.006160346143410544,-0.004824773145240435,-78.57142857142857,44.84536029684354,0.06153726499667112,-0.9893836920273117
2013-11-15,72.68739318847656,0.002009955437276112,-0.004555135562627058,-71.42857142857143,46.21411318530605,0.06221096822108938,-0.625435763926795
2013-11-18,73.12467193603516,0.006015881549428226,-0.003796812688964913,-57.142857142857146,50.20524579005847,0.06229217423313626,-0.23370155324164282
2013-11-19,72.56938171386719,-0.007593746508069099,-0.003815500780904303,-57.142857142857146,45.579867851140484,0.06148878083759202,-0.22015089906562305
2013-11-20,71.33399200439453,-0.017023566692956793,-0.005210607351033762,-100.0,37.338121753474134,0.06296764751160083,-0.6726891320660882
2013-11-21,71.45195007324219,0.0016536025187037229,-0.006050572105949084,-100.0,38.481940357670524,0.06361821649333478,-0.6180982046973023
2013-11-22,72.11823272705078,0.009324905102318759,-0.005848051658423344,-92.85714285714286,44.63007308113192,0.059897530545117386,-0.43640528436544196
2013-11-25,72.32647705078125,0.0028875405824020373,-0.0054205362936521765,-71.42857142857143,46.43203296821496,0.055895191967020356,-0.2845262792724472
2013-11-26,72.59711456298828,0.003741887110262798,-0.0047208449396517,-71.42857142857143,48.76566190948572,0.049932626097661616,-0.3181194272086515
2013-11-27,72.47224426269531,-0.0017200449500596182,-0.0042792590109730425,-71.42857142857143,47.73243414829382,0.045365929276769516,-0.2535901087642263
2013-11-29,72.4930419921875,0.00028697509927799736,-0.0038541491634800445,-21.42857142857143,47.93031707663913,0.038385129375195816,-0.09193479715674766
2013-12-02,71.92919158935547,-0.007777993409254336,-0.004130721262509137,-21.42857142857143,43.15957570733745,0.03571880484100196,-0.22817107838043077
2013-12-03,72.19369506835938,0.0036772758480863033,-0.003968726221290348,-21.42857142857143,45.880888159797635,0.031278030361567635,-0.2640887757535311
2013-12-04,71.5045394897461,-0.009545924723214805,-0.004613979589882598,-21.42857142857143,40.447360806405534,0.031902290849390315,-0.2503456525370389
2013-12-05,71.30270385742188,-0.0028226967653314228,-0.005277038705227208,-21.42857142857143,38.99096547736227,0.03268535408705286,-0.32820088472726516
2013-12-06,71.6437759399414,0.004783438271871887,-0.005319130950878816,-21.42857142857143,42.74286920758208,0.028218718596397806,-0.08734271941220134
2013-12-09,71.81087493896484,0.0023323589080999074,-0.0051131920588487105,-21.42857142857143,44.54228635117936,0.028156360682195476,0.17486555337708662
2013-12-10,72.32598876953125,0.007173200869704299,-0.0043002038302171145,-14.285714285714286,49.78165234623187,0.02729739010804633,0.502308697790069
2013-12-11,71.76908874511719,-0.0076998605050342395,-0.0042900402926846016,21.42857142857143,44.84851145743063,0.0274129638688893,0.31565584871198826
2013-12-12,71.4975814819336,-0.0037830668875821205,-0.004525950205116355,21.42857142857143,42.630501208679746,0.028423713191542976,0.03378383415856377
2013-12-13,71.8456039428711,0.004867611655164028,-0.00423751234518066,-42.85714285714286,46.29678679826134,0.027956949820093783,0.09213223099618768
2013-12-16,71.58113098144531,-0.0036811293511580523,-0.004289857197878908,-42.85714285714286,43.99579488325993,0.027286102508512697,-0.11341429945146281
2013-12-17,71.9013442993164,0.004473431943316175,-0.00389543347364938,-42.85714285714286,47.40425081929398,0.023197364115957526,0.005610276169533111
2013-12-18,71.53939819335938,-0.005033926826879531,-0.003978582580918324,-35.714285714285715,44.134571487744736,0.022183032945205898,-0.23162679883660897
2013-12-19,71.46973419189453,-0.0009737851201453429,-0.004064585655196285,-28.571428571428573,43.512484739645295,0.021718141137691955,-0.3677898508255598
2013-12-20,72.569580078125,0.015388974069462824,-0.0028117284663981413,78.57142857142857,54.43274531549234,0.02243809672767274,0.09760626213138715
2013-12-23,72.15888214111328,-0.005659367693316986,-0.0023109040257503904,85.71428571428572,50.50628405678549,0.022491429701303054,0.008256280052642336
2013-12-24,71.58113098144531,-0.008006653408767161,-0.0025386807488489605,85.71428571428572,45.5306553216647,0.022370291789157802,-0.22339776515930235
2013-12-26,71.30523681640625,-0.003854286196044887,-0.002992592846884226,85.71428571428572,43.33517534032726,0.0217172854116275,-0.3977243430483913
2013-12-27,71.10270690917969,-0.0028403230431451876,-0.0035430644679363757,-21.42857142857143,41.74388376186779,0.021962102114838355,-0.5641292976016631
2013-12-30,71.59159851074219,0.0068758507631356824,-0.0033557160723467474,-21.42857142857143,46.82036360669194,0.020051023421432366,-0.4458280764220169
2013-12-31,71.13764190673828,-0.00634092007228737,-0.003719058365193051,-35.714285714285715,43.06754399765445,0.02112687577320355,-0.3506281210726363
2014-01-02,71.35417938232422,0.003043922595435733,-0.0036905147054066413,-35.714285714285715,45.31899654092445,0.020489902274055134,-0.1348539233687746
2014-01-03,71.35417938232422,0.0,-0.0036349367336568016,-35.714285714285715,45.31899654092445,0.020738198618664133,-0.002257739716622998
2014-01-06,71.65444946289062,0.004208163882840399,-0.0032008054593695347,-35.714285714285715,48.58871029779752,0.020272503574789373,-0.043169577075321305
2014-01-07,71.83602142333984,0.0025339942154360973,-0.0026273322158523646,-35.714285714285715,50.515626124759116,0.020380840094642926,0.02603119889741801
2014-01-08,71.64051055908203,-0.002721627122215464,-0.0023780091905505033,-35.714285714285715,48.411556589842554,0.020304159695112723,0.3053213246905557
2014-01-09,72.05951690673828,0.0058487348064151234,-0.0016735990161612503,-35.714285714285715,52.9359278900065,0.01917490982929957,0.6838912177650387
2014-01-10,72.9185791015625,0.011921564724560074,-0.00016054982151393873,50.0,60.570957621208244,0.02461504449847265,1.1686411144560096
2014-01-13,73.28170776367188,0.004979919611483474,0.001401548470295717,57.142857142857146,63.28249153791165,0.03096594738919532,1.4084244103915338
2014-01-14,72.94652557373047,-0.004573886173918629,0.0022542616096431676,57.142857142857146,59.23328684185959,0.03396191922454276,1.0269457061048766
2014-01-15,72.86959075927734,-0.001054674144491785,0.002810437091412645,57.142857142857146,58.31100564706365,0.035895031960898514,0.9261811821850121
2014-01-16,73.35852813720703,0.006709758801100918,0.003722568527738254,57.142857142857146,62.325743755943364,0.03989657206542594,1.0475595666889437
2014-01-17,73.66580963134766,0.004188763078314395,0.004723814199847938,85.71428571428572,64.63103600734955,0.044221760506892735,1.301368319299981
2014-01-21,73.7216796875,0.0007584258753408069,0.0055229115324694185,92.85714285714286,65.04978953997588,0.04751963090881155,1.2745939900203322
2014-01-22,73.54009246826172,-0.002463145441178427,0.0059069099244862,100.0,62.461348055807775,0.05000521297869649,1.0035587074628671
2014-01-23,74.58074188232422,0.014150776523861763,0.007157318892303336,100.0,69.86255757556027,0.057208901502076165,1.0467948183610263
2014-01-24,75.06260681152344,0.006460983318716806,0.008579965104985179,100.0,72.56034785733272,0.06455332100315747,1.410642617317601
2014-01-27,74.53880310058594,-0.006978224354141194,0.009139907373042086,85.71428571428572,65.67781313227957,0.06659169850147517,1.0750564640476017
2014-01-28,74.72040557861328,0.002436348190113513,0.009598179520724953,85.71428571428572,66.85175731398493,0.06732518263754861,1.0803768570191763
2014-01-29,75.3349838256836,0.008225038961060083,0.010435543434222377,100.0,70.52587839678017,0.07103256537641792,1.207887436226425
2014-01-30,75.11844635009766,-0.0028743282946337434,0.01083587615611941,92.85714285714286,67.67951238848563,0.0704172129541117,1.3096946915985164
2014-01-31,75.62133026123047,0.00669454622089849,0.011459792904535568,100.0,70.64281500978777,0.07113579658368419,1.4968651061878284
2014-02-03,76.54269409179688,0.012183914609589674,0.012691777691273587,85.71428571428572,75.14005764822998,0.07432775291713156,2.1845451900233983
2014-02-04,75.73052215576172,-0.010610704857881403,0.01291100529055261,85.71428571428572,65.60026363287996,0.07282402283496729,2.0956511260985082
2014-02-05,75.03034210205078,-0.009245678410493618,0.012204279480548426,85.71428571428572,58.683115512265246,0.06871083870312707,1.6555799161287836
2014-02-06,74.70823669433594,-0.004293001986806044,0.01112238649034863,78.57142857142857,55.76976161276961,0.06162085114131794,1.260475439350915
2014-02-07,74.77128601074219,0.0008439406308600184,0.010165516870301192,71.42857142857143,56.22784553962939,0.05533778954185356,0.9468507877413493
2014-02-10,74.98136901855469,0.0028096749303243573,0.009504762667292149,57.142857142857146,57.796298659470125,0.05247574781575994,0.8848458400322402
2014-02-11,74.54723358154297,-0.005789910783094543,0.008488349709094267,57.142857142857146,53.52782859942683,0.0502196081256711,0.8128233204659757
2014-02-12,74.1621322631836,-0.005165870010966023,0.007176897045084123,50.0,50.00023375568313,0.04639789486070679,0.7091544675410059
2014-02-13,74.58220672607422,0.005664271644723939,0.0064484092461494,-50.0,53.592919872122216,0.04102275748292902,0.6119552155941632
2014-02-14,74.62429809570312,0.0005643620841564445,0.005877544211141402,-50.0,53.94997284435601,0.03749860053484983,0.651254861038295
2014-02-18,74.79227447509766,0.002250960929362611,0.005533263042031857,-50.0,55.42394697629452,0.03489829856926049,0.5457872410643928
2014-02-19,74.47721099853516,-0.004212513642266602,0.004895393091119966,-50.0,52.05818411250963,0.03246309999718092,0.2809504717861622
2014-02-20,74.29515075683594,-0.0024445093909706284,0.00413661863196573,-50.0,50.16249577870049,0.029034007403315788,0.12401293740533495
2014-02-21,74.68728637695312,0.005278078261132135,0.0038861295490698064,-50.0,54.04421380839026,0.028885225969074578,0.2461731930706878
2014-02-24,74.49822235107422,-0.002531408423713244,0.0034694540577658367,-50.0,51.943549699516865,0.02923381094424368,0.2479099969103277
2014-02-25,75.16338348388672,0.008928550397859336,0.003774284200854425,-42.85714285714286,58.11229234111222,0.029060505740400613,0.47072889994263145
2014-02-26,75.5625,0.0053099860279552935,0.004394408934463319,64.28571428571429,61.320642316176546,0.029862137130518378,0.8138429200763061
2014-02-27,75.9756088256836,0.005467114318393307,0.005253205130218656,71.42857142857143,64.36322890407472,0.03185126919822511,1.0720823133558146
2014-02-28,76.01757049560547,0.0005523044904864882,0.005925691710751274,78.57142857142857,64.66725720899122,0.03397503784731735,1.2942877194081923
2014-03-03,76.52505493164062,0.006675883387571524,0.006873970584557399,85.71428571428572,68.20062541518938,0.037583148803545165,1.4480412194512942
2014-03-04,75.37395477294922,-0.015042134366576754,0.006466707164593097,85.71428571428572,54.811349046896254,0.03338310561929221,1.0783927388451495
2014-03-05,75.53539276123047,0.0021418272235755875,0.00614937064630467,85.71428571428572,56.11267230758386,0.03287457124158359,0.9238893003840936
2014-03-06,74.79144287109375,-0.009849023920327826,0.005106108325442623,50.0,49.09609382945395,0.0329816021890666,0.5186908527621567
2014-03-07,74.3211441040039,-0.006288136035835334,0.0037043003034156747,50.0,45.244462522974075,0.03378069550918625,0.32243373448495855
2014-03-10,74.42647552490234,0.0014172470320295005,0.002647792634746548,50.0,46.2613049759022,0.03433136787761027,0.3069593075595434
2014-03-11,74.62294006347656,0.0026397130481945474,0.001999275427795381,50.0,48.193799527893106,0.0345705169739571,0.42920379040745177
2014-03-12,75.14236450195312,0.00696065362788878,0.0020150951907801275,50.0,53.00552513209159,0.03426354252539609,0.48205005456610706
2014-03-13,76.1530532836914,0.0134503191167481,0.003047325659062254,-28.571428571428573,60.66173843782538,0.03526718186218833,0.9560596093406888
2014-03-14,76.16707611083984,0.00018414005143307932,0.003856258263175331,-28.571428571428573,60.75726613258243,0.03682885346984931,0.8922150019388747
2014-03-17,75.59855651855469,-0.007464112071964513,0.00388006445264922,-28.571428571428573,54.93299056001404,0.03653989918027122,0.532892049880354
2014-03-18,75.87230682373047,0.0036211049229304404,0.0041057736004854175,-28.571428571428573,57.06715191031251,0.036924779285311654,0.5390219978763592
2014-03-19,75.28272247314453,-0.007770745022366077,0.003655305980234571,-28.571428571428573,51.41944777358444,0.035650346700398114,0.3445788360165859
2014-03-20,75.1494140625,-0.0017707703210665393,0.003099758031656964,-28.571428571428573,50.20949647054637,0.033542718476877405,0.052212797413538174
2014-03-21,75.96349334716797,0.010832809474614402,0.0034508677330885185,-28.571428571428573,56.88205476198481,0.03324625457735868,0.27241329220381855
2014-03-24,76.50397491455078,0.007115017274320179,0.004249994954266699,78.57142857142857,60.65225624292042,0.033571495991038335,0.6388059862501179
2014-03-25,76.21617889404297,-0.003761844019598448,0.004563837879788641,78.57142857142857,57.756284432740316,0.03422737756583742,0.7981577744501038
2014-03-26,76.81278991699219,0.007827878957020973,0.005327883453735007,92.85714285714286,61.82551017065895,0.037123794258585335,1.0963026805660778
2014-03-27,77.19882202148438,0.005025622749926795,0.006262979451645176,100.0,64.22669490745396,0.04117155680969883,1.1834292672730289
2014-03-28,76.76367950439453,-0.005636647110609294,0.006532278011790145,85.71428571428572,59.670475696101036,0.04285697989778474,1.0679178865447325
2014-03-31,76.57413482666016,-0.0024691973985369042,0.0064599877634035074,100.0,57.74872864785413,0.04298757864841391,0.7577885879832039
2014-04-01,75.91973876953125,-0.008545915126697223,0.005683912480022255,85.71428571428572,51.573194613649335,0.04281190894247504,0.22579638891153217
2014-04-02,75.48345184326172,-0.005746686347195773,0.0045351133263812834,85.71428571428572,47.89575677637256,0.04285396472569618,-0.15231544816619672
2014-04-03,75.81420135498047,0.004381748630223559,0.0038901313270123536,57.142857142857146,50.76212701528643,0.04122931027525647,-0.2485173184318176
2014-04-04,76.32081604003906,0.0066823190906739605,0.0038632198870266854,57.142857142857146,54.85849076689845,0.03744253750759991,-0.08171733588418413
2014-04-07,76.77822875976562,0.00599328916355657,0.004270842214695805,57.142857142857146,58.23686293489837,0.0341461092593968,0.1489943515290601
2014-04-08,76.96118927001953,0.0023829738352831864,0.004738369291630385,57.142857142857146,59.54116620999687,0.03129748857902794,0.3664565850856148
2014-04-09,76.58121490478516,-0.004937220550233823,0.004687914556909836,50.0,55.65374597117706,0.029250453591930157,0.3062905287869292
2014-04-10,77.29192352294922,0.009280456297901418,0.005267973202769759,42.85714285714286,60.80797618029641,0.031737807577612645,0.4740589359392425
2014-04-11,77.91822052001953,0.008103006996382334,0.00629158663487123,50.0,64.70144926915373,0.036862108216622336,0.8543888623933577
2014-04-14,77.71411895751953,-0.002619433056066267,0.0068640612661617926,50.0,62.521630121427144,0.03875142398422604,0.9093211786972374
2014-04-15,78.19964599609375,0.006247603975792604,0.007671866040600342,64.28571428571429,65.49936051482837,0.04276070424552845,0.9558810904535948
2014-04-16,78.29820251464844,0.0012603192418494391,0.00834074904563194,64.28571428571429,66.08835356886867,0.04402547660491705,1.1247344443603855
2014-04-17,77.439697265625,-0.010964558846198624,0.007990261330707826,64.28571428571429,56.96538190726408,0.040384435943045006,0.8631471185757132
2014-04-21,77.37635803222656,-0.0008179168518851476,0.0074930420874007204,64.28571428571429,56.34736615442514,0.039373760232159216,0.5609926226791038
2014-04-22,77.6367416381836,0.003365157169177957,0.007256992229822243,64.28571428571429,58.34792219027008,0.039861295169781104,0.536088071567829
2014-04-23,78.0800552368164,0.0057101005178554765,0.007422166684147516,64.28571428571429,61.576555085414086,0.040665245337926065,0.6376365608472019
2014-04-24,78.22782897949219,0.0018925927015238653,0.007635799830616397,57.142857142857146,62.616785486116335,0.04257996656808222,0.8687625982169737
2014-04-25,78.34040069580078,0.0014390239097406,0.007830668779134973,100.0,63.42902932893565,0.04469956079337426,0.650564713969172
2014-04-28,77.96038055419922,-0.0048508833019274,0.007552372657771735,92.85714285714286,58.78556124131913,0.045186778348354155,0.37959848826383696
2014-04-29,77.85488891601562,-0.0013531442180462205,0.007120052875883857,78.57142857142857,57.52658056515273,0.044908227606507804,0.409628734711244
2014-04-30,78.17855834960938,0.004157342436682532,0.006994743361423293,78.57142857142857,60.33356437133155,0.0426571105669125,0.5971768566418927
2014-05-01,79.01726531982422,0.010728094607017402,0.0076140674575520635,100.0,66.50991782958698,0.03957876566799392,1.0877130681867444
2014-05-02,79.50397491455078,0.006159534789727195,0.00850963459895743,57.142857142857146,69.47980909589714,0.039079348332338136,1.459693946633345
2014-05-05,79.0243148803711,-0.006033157898019725,0.008722177974916158,57.142857142857146,63.503031394276896,0.03734121589936622,1.2582980493789855
2014-05-06,79.34172058105469,0.004016557450249314,0.009032962480860707,57.142857142857146,65.6111361416012,0.037966482333571146,1.1584480862443145
2014-05-07,79.05958557128906,-0.00355594771199097,0.008949009541506221,57.142857142857146,62.17344191933112,0.03726176162264521,0.8001891922706579
2014-05-08,78.72101593017578,-0.004282461622670541,0.008450564146899226,57.142857142857146,58.230537911913736,0.03278104853867385,0.21791607005735508
2014-05-09,78.46708679199219,-0.0032256842113016493,0.0077011084326449085,57.142857142857146,55.39316335766002,0.030782653596530825,-0.13142187588678161
2014-05-12,78.149658203125,-0.004045372421033755,0.006709173682324089,57.142857142857146,51.98321953367911,0.03049259522467245,-0.29570065848081006
2014-05-13,78.8268051147461,0.008664745658401474,0.0064662281365893085,21.42857142857143,57.9324383631979,0.030054798699266732,-0.09904038305641193
2014-05-14,79.68035888671875,0.010828217263533224,0.007034965022210238,78.57142857142857,63.98910283569609,0.03317917929547233,0.06640251882557531
2014-05-15,80.315185546875,0.007967166175277596,0.008026266423068432,85.71428571428572,67.71242455772152,0.038920394508492176,-0.0673201615080849
2014-05-16,80.0894775390625,-0.0028102781096206453,0.008554885249781435,85.71428571428572,65.13384901260521,0.040054355114128554,-0.24016054211267976
2014-05-19,79.49691772460938,-0.00739872243721551,0.008325216302307367,85.71428571428572,58.80275081890331,0.037831371370099384,-0.5699934815313733
2014-05-20,79.67332458496094,0.0022190402521349295,0.00815935359310628,78.57142857142857,60.04778458857366,0.036410389723847,-0.7091577801935125
2014-05-21,79.1865463256836,-0.006109676755841398,0.0075093601086409605,21.42857142857143,55.09943426133198,0.03521560834736618,-0.5243586958677012
2014-05-22,79.0737075805664,-0.001424973690014153,0.006771207724384137,21.42857142857143,53.98878041645197,0.034177207398629936,-0.4004605777486769
2014-05-23,79.49691772460938,0.005352096885197444,0.006499484817285686,21.42857142857143,57.452834926892535,0.033679438753213546,-0.31223517371493925
2014-05-27,79.96247863769531,0.005856339169006741,0.00666888751782815,21.42857142857143,60.936948213198384,0.03252010509165953,0.027620847378923154
2014-05-28,80.95000457763672,0.01234986654698167,0.007646007043133242,78.57142857142857,67.09257432136678,0.034446306832612676,0.514322477970843
2014-05-29,80.51970672607422,-0.005315600089309647,0.008006686199382957,85.71428571428572,62.47298201973096,0.03422125497604496,0.21885069218714398
2014-05-30,80.48444366455078,-0.00043794324342738555,0.008134639098029977,85.71428571428572,62.09564807347988,0.03571128949282112,0.07579071454805861
2014-06-02,79.88616943359375,-0.007433414504926739,0.007602973331839194,85.71428571428572,55.924055283011775,0.03595151519204876,-0.12430192162551212
2014-06-03,78.90312194824219,-0.012305602988871955,0.00614603956344021,78.57142857142857,47.559673519918114,0.03618956713823608,-0.641151042515753
2014-06-04,78.88197326660156,-0.0002680335215949903,0.004840228052280457,-28.571428571428573,47.39543870549296,0.03682315511638922,-0.7947174282833369
2014-06-05,78.91726684570312,0.0004474226193895703,0.0037947000590507615,-35.714285714285715,47.71989774160015,0.037069956582766156,-0.7286323428577
2014-06-06,78.91726684570312,0.0,0.0029340057081947307,-35.714285714285715,47.71989774160015,0.0366136155633071,-0.875991702259139
2014-06-09,78.80414581298828,-0.0014334129555705344,0.0021149217884916505,-35.714285714285715,46.650330190983745,0.03558162747748229,-0.8520647581765317
2014-06-10,78.51417541503906,-0.0036796337928381995,0.0011565114497229154,-57.142857142857146,43.93210334506392,0.03399892675680558,-0.8014822553045191
2014-06-11,78.6556167602539,0.00180147526821961,0.0005290752194538388,-57.142857142857146,45.597275061383606,0.03449802083875233,-0.6884287653376232
2014-06-12,79.35575103759766,0.00890126231516053,0.0007366096113728476,-57.142857142857146,53.033057820529535,0.03449824047168574,-0.26789546293693295
2014-06-13,79.3133544921875,-0.0005342592673600599,0.0008523069267337662,-57.142857142857146,52.56453293521531,0.0332647349934177,-0.04553848409377684
2014-06-16,79.51136779785156,0.002496594765558191,0.0011292708030267084,-57.142857142857146,54.58269456792083,0.03247231875715737,0.10762768415155008
2014-06-17,78.88197326660156,-0.007915780456074661,0.0007092148076959196,-57.142857142857146,47.64404903457998,0.03301014464117291,-0.06444338935755588
2014-06-18,79.49015045166016,0.007709964138487013,0.000972511316894361,-57.142857142857146,53.76081349713178,0.03287854872639594,0.05991178782171167
2014-06-19,78.47174072265625,-0.012811772568265822,0.00015189053388977376,-100.0,44.405300306212006,0.03434749219152908,-0.3329773353089577
2014-06-20,79.06582641601562,0.007570695996907517,0.00010050387845147052,-92.85714285714286,49.8841356247927,0.03435581333788387,-0.16991764060987288
2014-06-23,78.81830596923828,-0.0031305616850823004,-0.00019033477351253298,-7.142857142857143,47.771752444008236,0.03480612426777572,-0.29972422500698015
2014-06-24,79.61741638183594,0.010138639783878967,0.0003885628440033493,-7.142857142857143,54.474399152767184,0.03419878788652899,0.0050487242486251934
2014-06-25,79.82251739501953,0.0025760822506466496,0.0010390131708261868,28.571428571428573,56.033965552917955,0.029162834403247535,0.020783167336586146
2014-06-26,80.20440673828125,0.00478423076250345,0.0019100766554210843,35.714285714285715,58.859935682520394,0.02757032065574153,-0.06082842163014152
2014-06-27,80.08419799804688,-0.0014987797444426798,0.00245876693825887,42.85714285714286,57.60479587687167,0.02552329670092497,-0.32540674748727894
2014-06-30,80.28216552734375,0.002471992406063661,0.0030480472883172307,42.85714285714286,59.149729609614475,0.02718042884780031,-0.3536485318530784
2014-07-01,79.61005401611328,-0.008371865741483409,0.0028356473728317353,42.85714285714286,52.19536978110264,0.027212267445453544,-0.565061315683145
2014-07-02,78.75920867919922,-0.010687661846603524,0.0017832423908034903,42.85714285714286,44.98487760070919,0.027464481473676458,-0.8552512598063621
2014-07-03,78.47560119628906,-0.0036009437837972724,0.0006293974973495295,-28.571428571428573,42.85952015080222,0.02857154241847355,-0.8289138922231113
2014-07-07,79.0499267578125,0.007318523882179573,0.00029482239226640396,-28.571428571428573,48.1971030100723,0.028419382389351672,-0.7667607708751316
2014-07-08,79.93622589111328,0.011211890632310872,0.0009170279904797705,-28.571428571428573,55.158379836838535,0.02891422359043548,-0.5050186755728857
2014-07-09,80.00001525878906,0.0007980032452705732,0.0014591156246734954,-28.571428571428573,55.620621122570846,0.02838606152612042,-0.3077592662235781
2014-07-10,80.021240234375,0.00026531214421998683,0.0018884364203252838,28.571428571428573,55.78394549923986,0.0279558645742576,-0.47073700895125786
2014-07-11,80.53175354003906,0.006379722485790218,0.002695309845879881,35.714285714285715,59.632083792002135,0.030364924776977564,-0.40683170506226457
2014-07-14,80.18431091308594,-0.004314355663202818,0.0029748083550059624,35.714285714285715,56.056419353192176,0.031170659205768406,-0.4088905974030764
2014-07-15,80.021240234375,-0.002033698074523471,0.002994595351327982,35.714285714285715,54.40744992907336,0.03159728014088706,-0.46470256336831745
2014-07-16,80.44672393798828,0.005317134580357319,0.0033774226346440354,35.714285714285715,57.88827365375357,0.03193182458458589,-0.3286766416176732
2014-07-17,81.46058654785156,0.012602907368170824,0.004598681807694865,64.28571428571429,64.78704137391411,0.03747745242261432,0.11341013432287006
2014-07-18,81.19820404052734,-0.0032209749333205195,0.005296150919269041,64.28571428571429,61.95820543000855,0.03762884342034703,0.2718472169896125
2014-07-21,81.60242462158203,0.004978196079964192,0.006137172557402362,78.57142857142857,64.52786267570701,0.04073687860393005,0.12352322563974712
2014-07-22,81.7725830078125,0.0020852123821020196,0.006898664138094197,78.57142857142857,65.58181693287557,0.04256474250405795,0.22600770681779417
2014-07-23,81.6662826538086,-0.0012999510360794941,0.0073324946995294875,92.85714285714286,64.29656515255886,0.04504814572689852,0.09861543083052227
2014-07-24,81.05643463134766,-0.007467561919600851,0.007038652576104021,92.85714285714286,57.35228707837193,0.045527808453889866,-0.13601128378660365
2014-07-25,82.0136489868164,0.011809233404136865,0.007538027944262411,100.0,63.93618724209406,0.04900970927878062,0.08824065009620993
2014-07-28,81.9002456665039,-0.0013827371628194474,0.0078082291901256685,100.0,62.701194080572044,0.051360034789628965,0.17291700277088387
2014-07-29,82.19804382324219,0.003636108223056045,0.008183070476701347,100.0,64.6331411606652,0.05439224216964095,0.3613674962156573
2014-07-30,81.05643463134766,-0.013888520198235277,0.007400524897074812,71.42857142857143,53.24702132043446,0.053358973413474384,-0.013881247910993539
2014-07-31,80.8154067993164,-0.0029735804828755485,0.006394592365826143,71.42857142857143,51.19635976064904,0.048683798102526786,-0.22085771746481672
2014-08-01,81.44100189208984,0.007741037477259072,0.006086704359588673,71.42857142857143,55.93943049263687,0.041464227214890646,0.13812545253749373
2014-08-04,81.22772216796875,-0.0026188249059569957,0.005620411925699323,71.42857142857143,54.012172092885514,0.0356637179523402,0.050270975102205934
2014-08-05,81.49075317382812,0.0032381925633155895,0.0054192800948296895,64.28571428571429,56.0243936696282,0.03370502007707493,0.24895703920216897
2014-08-06,81.54054260253906,0.0006109825565696614,0.005259678990869928,-21.42857142857143,56.41317288658216,0.031530794346735606,0.06785428532030023
2014-08-07,82.30121612548828,0.009328776810537676,0.005767659321929086,28.571428571428573,61.948116523762174,0.03079486760709484,0.4015304258687104
2014-08-08,82.12345886230469,-0.002159837625151928,0.00597862642999005,35.714285714285715,60.02972160785871,0.030711798668586573,0.20277227391634034
2014-08-11,82.1163330078125,-8.677002394819056e-05,0.006059604476125103,35.714285714285715,59.949574051019816,0.028521041664740152,0.05768821204488319
2014-08-12,81.5831527709961,-0.006492986441146598,0.005571805643229435,35.714285714285715,54.12645923249584,0.023352785900212752,-0.3167808527682037
2014-08-13,82.1163330078125,0.006535420840048323,0.005579980045364867,35.714285714285715,58.47065163559807,0.020485653322215226,-0.10805126425016848
2014-08-14,82.77749633789062,0.008051544751946249,0.006143959400799987,64.28571428571429,63.132993008507235,0.023700069427965518,0.3226893467251515
2014-08-15,83.68030548095703,0.010906456259334174,0.007340695094490732,71.42857142857143,68.35694556822014,0.031012150756804135,0.6021759167836982
2014-08-18,82.84857940673828,-0.009939328847311968,0.0075285349174479205,71.42857142857143,59.9316247657116,0.032717220687819654,0.46269836356822996
2014-08-19,82.59264373779297,-0.0030891980378905393,0.007308315175711667,71.42857142857143,57.579778287760654,0.03351510237666994,0.21157498123471963
2014-08-20,82.45757293701172,-0.0016353853644649474,0.006915065536965813,71.42857142857143,56.32357911458199,0.033820399676846004,0.24802478456938662
2014-08-21,82.91966247558594,0.0056039672538894525,0.0069270018614490565,71.42857142857143,59.573023595535886,0.03361516858404161,0.4219754214595249
2014-08-22,83.38177490234375,0.005573013842089303,0.00729154044251616,57.142857142857146,62.57194786454681,0.03638609020475226,0.7460226973188254
2014-08-25,83.69453430175781,0.0037509323803717187,0.007794115483732498,57.142857142857146,64.49181057051625,0.03982601286107735,0.9936114352578066
2014-08-26,83.42440032958984,-0.0032276178417339763,0.007888383976427014,42.85714285714286,61.554910508545134,0.04179421858564118,0.8786601164415134
2014-08-27,84.13532257080078,0.008521754287741379,0.008460273364639309,100.0,65.94965558164287,0.04374723434108196,0.9854975607722675
2014-08-28,84.57604217529297,0.005238223269677489,0.009233640039583683,85.71428571428572,68.36400054643262,0.045315173375823484,0.8967995077327006
2014-08-29,84.6329345703125,0.000672677433895652,0.009815925571221676,92.85714285714286,68.67279957805312,0.04791410371493303,0.7326127885035875
2014-09-02,83.17296600341797,-0.017250596051134215,0.008943294116015901,92.85714285714286,54.083534675098846,0.044779643272926405,0.2305869719378777
2014-09-03,83.63611602783203,0.005568516390229927,0.008420020587061046,85.71428571428572,57.19060188949634,0.042618766225405606,0.255153864368485
2014-09-04,82.6171875,-0.012182877161499905,0.007067140165549768,78.57142857142857,49.28862717367484,0.03975889380538282,-0.19980107230055014
2014-09-05,82.46045684814453,-0.001897070774231624,0.005704782795850679,50.0,48.18575659167036,0.03944604732595116,-0.48812210678424783
2014-09-08,82.49604797363281,0.0004316144592046989,0.0045943209075052826,50.0,48.4677438290807,0.03861036106402126,-0.7041010451020753
2014-09-09,82.43196105957031,-0.0007768482931810317,0.0036147095471071576,50.0,47.96158578038165,0.03783759449117863,-0.7121589272077854
2014-09-10,81.91182708740234,-0.006309858039069249,0.002314469503133751,-50.0,43.94994342774183,0.03645378175556507,-0.636361127921564
2014-09-11,81.64105987548828,-0.003305593606465984,0.000990985688708925,-57.142857142857146,41.98137347137007,0.038245301408283715,-0.8819136416851853
2014-09-12,80.7859878540039,-0.010473553660234836,-0.0009082488799911119,-64.28571428571429,36.43174607700084,0.04518249155907607,-1.1465555170225885
2014-09-15,80.90715026855469,0.0014997949244581754,-0.002271072730026846,-64.28571428571429,37.688712889128595,0.049435936993699,-1.2818158057022002
2014-09-16,80.57935333251953,-0.004051519982437912,-0.003651990974937748,-78.57142857142857,35.63570536115768,0.05491773092415373,-1.5246160119737755
2014-09-17,80.37277221679688,-0.002563697860296532,-0.004902129618236813,-85.71428571428572,34.36522250756406,0.060336906553240616,-1.8819758375596658
2014-09-18,80.62926483154297,0.003191287393375264,-0.005546089223595699,-85.71428571428572,37.351715903191646,0.06393682332825192,-1.8748596625146303
2014-09-19,81.65531158447266,0.012725488134778251,-0.00492185876057437,-85.71428571428572,47.61944903561266,0.06445203289066334,-1.2474074138078577
2014-09-22,81.75506591796875,0.0012216514952967383,-0.004328558394483336,-71.42857142857143,48.503130059532374,0.06406234947489,-0.8975716530339192
2014-09-23,82.26093292236328,0.006187592153642285,-0.003305051351956497,-71.42857142857143,52.84743273174561,0.06241131995339858,-0.44634687559406755
2014-09-24,81.8049545288086,-0.0055430734536530135,-0.00294485507937137,-64.28571428571429,48.847317041838515,0.06138649224126492,-0.3454503428198964
2014-09-25,82.77397155761719,0.011845456481090588,-0.0016501732721422163,-50.0,56.400084793697594,0.05801840919694942,0.05566516080331711
2014-09-26,82.65279388427734,-0.0014639586703351082,-0.000761924647215681,-50.0,55.30046541909211,0.05181846502410171,0.2545297961794024
2014-09-29,83.31551361083984,0.008018116453393898,0.0005795499527367445,57.142857142857146,59.90461082921945,0.04559185431446158,0.34208993969134494
2014-09-30,82.84520721435547,-0.005644883840975168,0.0011755415917901679,57.142857142857146,55.5330807786999,0.0447159978724461,0.14549416827028758
2014-10-01,84.45172119140625,0.019391755191028093,0.0031130652793725285,71.42857142857143,64.94386056356952,0.04893480117201996,0.6655626828949803
2014-10-02,83.7159423828125,-0.008712419335138666,0.003952540239898645,71.42857142857143,58.80547988426981,0.05180884536637218,0.544640678856219
2014-10-03,84.07308197021484,0.004266088121772871,0.0048633361976576734,71.42857142857143,60.744965149414234,0.055857861698639884,0.7132718612703755
2014-10-06,84.12310028076172,0.0005949384675179026,0.005578795337634438,71.42857142857143,61.02175175084255,0.05952736680894135,0.7330397247701869
2014-10-07,85.25885772705078,0.013501136340653863,0.007059729141967188,100.0,66.75406038422145,0.06751370992757182,0.9532492202316746
2014-10-08,85.28024291992188,0.00025082664067066496,0.008215725748303992,100.0,66.85290771523452,0.07374410477079708,1.2025926702903895
2014-10-09,84.90880584716797,-0.004355487977475425,0.008719713871505214,100.0,63.330835063558965,0.0768951945533048,0.8884888159368984
2014-10-10,85.7517318725586,0.009927427632274721,0.009682853975420432,100.0,67.5136429680138,0.07988938260661388,0.9819255311637581
2014-10-13,86.27320098876953,0.006081149672707786,0.010813606192467275,92.85714285714286,69.80810603177181,0.08343448573174642,1.0093377248064725
2014-10-14,86.83747863769531,0.006540590153821135,0.012064989983077768,100.0,72.10409331530089,0.08590522254163804,1.1786514154284933
2014-10-15,87.52313995361328,0.007895914605935195,0.013486365553461268,100.0,74.62885648238068,0.08771760733032663,0.08442781369717471
2014-10-16,86.96601867675781,-0.006365416930319667,0.014102325176565572,92.85714285714286,69.15225322914644,0.08527365186073269,-0.7617565257691669
2014-10-17,86.48027801513672,-0.005585407599565273,0.013989090156881948,78.57142857142857,64.69454581409644,0.08333161930579178,-1.043411005450375
2014-10-20,86.79457092285156,0.003634272633349145,0.013918225446368764,78.57142857142857,66.21222380915829,0.08100323343175955,-1.0082352402925374
2014-10-21,86.10169982910156,-0.007982885177989618,0.013212442266062977,57.142857142857146,60.08061102647852,0.07748458005462854,-1.1871985573374009
2014-10-22,86.19454956054688,0.0010783728036682927,0.01249370964429574,57.142857142857146,60.607073816440995,0.07069013473512237,-1.0309189041936107
2014-10-23,85.43024444580078,-0.008867209337978021,0.011191251915578822,57.142857142857146,54.26312861197561,0.06595234019025664,-0.8816229554007142
2014-10-24,85.5159912109375,0.0010037050191413766,0.010025703601458826,50.0,54.83431827472091,0.059653622327766054,-0.8417393107882278
2014-10-27,85.67315673828125,0.0018378495661246497,0.009136880297524835,42.85714285714286,55.920920608796074,0.05527388458660812,-0.756639272878433
2014-10-28,85.13738250732422,-0.0062537001244595825,0.007901336328325648,35.714285714285715,51.38267510950969,0.047525611632061635,-0.7631694246283496
2014-10-29,85.3302001953125,0.0022647828992357066,0.006963121326092866,-71.42857142857143,52.86521019707,0.04595285405134532,-0.5545669334318525
2014-10-30,85.40168762207031,0.0008377740424161395,0.006224305668718149,-71.42857142857143,53.43218951588952,0.04104929063971288,-0.6230948878790112
2014-10-31,85.18025970458984,-0.0025927815204350724,0.005386229574282758,-71.42857142857143,51.37094007557449,0.03748707890022488,-0.6186483992903707
2014-11-03,85.1802749633789,1.7913527283752728e-07,0.004655572364203976,-71.42857142857143,51.37107929331721,0.0336474313236847,-0.3595742700158796
2014-11-04,85.44520568847656,0.003110235617477919,0.004264911019942927,-71.42857142857143,53.841912676021586,0.03333370451292347,-0.27518166264020255
2014-11-05,85.32354736328125,-0.0014238168685422048,0.0038133925793912148,-64.28571428571429,52.52218061576897,0.0332525013286679,-0.17605619740862946
2014-11-06,84.77213287353516,-0.006462629681796339,0.0029147162685677418,-50.0,46.90976794618846,0.03371071298340394,-0.27085772948531317
2014-11-07,85.74593353271484,0.011487273307519752,0.003039423992386008,-50.0,55.87682918212023,0.03371300399338524,0.009084699439216406
2014-11-10,84.95829772949219,-0.009185692787660238,0.002417874730913484,-42.85714285714286,48.710479650184794,0.03464457578823096,-0.012494777160467398
2014-11-11,85.01558685302734,0.0006743205203754155,0.0019337629628549456,-35.714285714285715,49.220614607998456,0.033680211084565634,0.03533575480553096
2014-11-12,84.94397735595703,-0.0008423102129978544,0.0014677559354219032,7.142857142857143,48.57031942622733,0.028383177466296778,-0.044881393006487316
2014-11-13,85.14447021484375,0.0023602951630878888,0.0012699351600106155,7.142857142857143,50.540587960235115,0.024483850315450695,-0.03020235643020154
2014-11-14,85.55978393554688,0.004877753301596233,0.0014850478389798645,7.142857142857143,54.43469537194928,0.022095822102319227,0.1320628163595613
2014-11-17,85.34495544433594,-0.002510858271600691,0.0014448207739166208,7.142857142857143,52.14755302907873,0.016669760136991802,0.1293908629238136
2014-11-18,85.58125305175781,0.0027687354945775677,0.0016103191547601503,7.142857142857143,54.41626535471643,0.014921672887101304,0.24171146296511614
2014-11-19,85.03704071044922,-0.006359013474358299,0.0012252772425520068,-14.285714285714286,48.69073931684875,0.012098457481858206,0.04214432050401266
2014-11-20,85.48098754882812,0.0052206289714449294,0.0013111840127729055,92.85714285714286,53.032184187271326,0.012175474141072931,-0.10927993364720326
2014-11-21,85.99652862548828,0.006031061308992003,0.001838555129412527,100.0,57.526593463664234,0.014010411854610258,-0.0447037400493001
2014-11-24,86.06818389892578,0.00083323448728434,0.002301495048156604,85.71428571428572,58.12636041509578,0.015613492265595516,0.1203518638382614
2014-11-25,86.7841796875,0.008318936872364402,0.0032755385418959605,92.85714285714286,63.64990628966919,0.021339908271835364,0.4233504428589607
2014-11-26,87.02052307128906,0.0027233464053022516,0.004221975724096233,100.0,65.27807252775486,0.02683784150468933,0.44506893336095077
2014-11-28,87.70787811279297,0.007898769362036706,0.005508930101048458,85.71428571428572,69.54981879097524,0.034938164508882624,0.4930477561642465
2014-12-01,87.19620513916016,-0.005833831403090128,0.006050290283492757,92.85714285714286,63.306101484489986,0.038046507182395876,0.07073054795432979
2014-12-02,86.3493423461914,-0.00971215194075481,0.005660372303765482,92.85714285714286,54.573662028150096,0.03808817373537138,-0.3861691831505949
2014-12-03,86.68667602539062,0.003906615499707833,0.005533905743367421,78.57142857142857,57.11149069682736,0.03897441238878871,-0.29311477327582514
2014-12-04,87.4115219116211,0.008361675859138495,0.00600582481802779,78.57142857142857,62.021307013315074,0.04161957892156206,0.010680181563159419
2014-12-05,86.90193176269531,-0.005829782364858205,0.00591248711952239,71.42857142857143,57.07448459329974,0.04069253964692756,0.16575200521145453
2014-12-08,87.96411895751953,0.012222826044014257,0.006638289694058118,85.71428571428572,63.592825913096206,0.04485030075515662,0.4505456152562427
2014-12-09,88.41620635986328,0.005139452400609867,0.007558363352883564,92.85714285714286,65.96197279846584,0.04829550999856169,0.3190761552107283
2014-12-10,89.0621337890625,0.007305532048844432,0.008738614152836114,100.0,69.05990990275413,0.053352769751398306,0.4350945405540291
2014-12-11,89.42816162109375,0.004109803083071961,0.009893860549222797,100.0,70.6879655440579,0.057858303744575665,0.8917713489261592
2014-12-12,90.64098358154295,0.013561969053863754,0.011638268782365603,100.0,75.32169454372438,0.06697345971834784,1.4634395556583275
2014-12-15,90.45442199707033,-0.0020582475730174243,0.012838294554538367,100.0,73.39954191174668,0.0730555512117056,1.5242888093072435
2014-12-16,91.57392120361328,0.012376390029657403,0.014422169878042483,100.0,77.16527717308755,0.08144616961263192,1.7792660450957916
2014-12-17,90.74864196777344,-0.009012164434947012,0.01503831727001956,64.28571428571429,69.36898960673943,0.0841077932305508,1.6422215943897294
2014-12-18,89.13391876220703,-0.01779335944376803,0.014078000313068183,64.28571428571429,57.19331459841318,0.07944332752771663,0.7567618795177855
2014-12-19,90.33242797851562,0.013446163177297299,0.013838296576401983,64.28571428571429,62.46013341157758,0.07753614103623542,0.7062021109997207
2014-12-22,90.45442199707033,0.0013505008255032536,0.013728325664043747,64.28571428571429,62.95969969469278,0.07627500150159881,0.7787789725803755
2014-12-23,88.66022491455078,-0.019835371703305515,0.012159213978966913,64.28571428571429,51.99955446406557,0.07182189017488336,0.36159422075581404
2014-12-24,89.14277648925781,0.005442706412848608,0.010948211611261624,50.0,54.30361446915434,0.06920518852615033,0.35742326019813986
2014-12-26,89.47359466552734,0.003711104694045453,0.010184470535402564,50.0,55.86761266360531,0.06699794478242146,0.3814372257872181
2014-12-29,90.1424560546875,0.007475517125030251,0.010023159693902661,42.85714285714286,58.92836268066447,0.06682295784955294,0.407397475750026
2014-12-30,90.38697052001952,0.002712533871760403,0.010030934421660177,35.714285714285715,60.0199705621658,0.0652588446513716,0.25805720558639905
2014-12-31,90.55957794189452,0.001909649376253597,0.010077049801107525,28.571428571428573,60.81177839560304,0.05956528437844927,0.18228153058106014
2015-01-02,91.56641387939452,0.011117939817983924,0.010780366939131088,35.714285714285715,65.14779441254065,0.05625828403087869,0.38787365509971333
2015-01-05,93.00480651855467,0.015708736186334837,0.012354404519712045,42.85714285714286,70.21767118302583,0.06032174484800638,0.7280540951261364
2015-01-06,94.68049621582033,0.018017237602997893,0.01474899671529972,50.0,74.81414388344845,0.06831854857711472,0.9807602979731496
2015-01-07,94.49349975585938,-0.0019750261926669843,0.016503373739537773,50.0,73.45178091589031,0.0749590893811098,1.1378035410760434
2015-01-08,93.2421646118164,-0.01324255263352525,0.016833477724474594,50.0,64.93088288962521,0.07532547094540684,0.9091972616461242
2015-01-09,94.26339721679688,0.010952476374095799,0.017409769406889607,50.0,68.17561448688487,0.07947820803018966,1.1206412263688044
2015-01-12,94.8027801513672,0.005722082489025837,0.018158320216540163,50.0,69.76671110504945,0.08465925778089427,1.1816457678287244
2015-01-13,94.8027801513672,0.0,0.018615465121757057,85.71428571428572,69.76671110504945,0.0900602459013563,1.0602015256219313
2015-01-14,95.52193450927734,0.007585793968930998,0.019220814455116884,92.85714285714286,71.93629205773018,0.09634532244755228,0.48418369436829145
2015-01-15,97.02507781982422,0.015736106248988246,0.020518278568919,100.0,75.83901759185062,0.10772937858292994,0.6192992264194445
2015-01-16,95.78810119628906,-0.012749040261861189,0.02078221910707746,92.85714285714286,67.51779745181202,0.11183324039147312,0.3143291774246031
2015-01-20,97.06100463867188,0.013288742823854172,0.02132131808201402,100.0,71.03925671575486,0.11477943696058637,0.376949980373096
2015-01-21,95.9390640258789,-0.011559128374671213,0.021035299668875355,100.0,64.41104135422172,0.11544920348914439,0.11688205002027131
2015-01-22,95.59385681152344,-0.003598192434547287,0.020161652594468015,92.85714285714286,62.479386041531505,0.11449401776828426,-0.12479727056897406
2015-01-23,96.92435455322266,0.013918234770279092,0.020019543979073923,85.71428571428572,66.63282398788789,0.10911859331670616,-0.13402506971326159
2015-01-26,96.62952423095705,-0.0030418600528695494,0.01971421150825116,78.57142857142857,64.917899744901,0.10212696609657601,-0.22872187141534553
2015-01-27,96.7805404663086,0.0015628374097196307,0.01929698365042507,78.57142857142857,65.40898422744438,0.09403022780988142,-0.42179563508411905
2015-01-28,98.3627471923828,0.01634839729609694,0.01975546386966972,85.71428571428572,70.12713460018021,0.09033948201044573,-0.2166263316315953
2015-01-29,97.71544647216795,-0.0065807507282082955,0.01973765800977103,85.71428571428572,66.15176557102043,0.08247013696883977,-0.22214024452738712
2015-01-30,99.44869995117188,0.01773776349164602,0.020448513251949085,100.0,70.90745744018125,0.07765263752895135,0.1616478890171974
2015-02-02,99.07325744628906,-0.003775237937420517,0.02081937490290205,92.85714285714286,68.65721198570488,0.07257231342019069,0.44763036434319126
2015-02-03,96.97620391845705,-0.021166696057903445,0.019536988351674285,85.71428571428572,57.651899855948976,0.0666713034707677,0.16135917408810316
2015-02-04,97.14192199707033,0.001708853016690881,0.01806235255305882,42.85714285714286,58.2218158137421,0.06527895055768611,0.35030341605706183
2015-02-05,96.07534790039062,-0.010979544925123763,0.01602739710892524,42.85714285714286,53.25431951944236,0.06281530763424586,0.20903927952589765
2015-02-06,94.37467956542967,-0.01770140178648305,0.012909752474773637,-35.714285714285715,46.44909662134858,0.05848195850818038,-0.13866439099221667
2015-02-09,94.22335052490234,-0.0016034919665334213,0.009981842223125051,-35.714285714285715,45.887187232568735,0.058616558081021036,-0.5336905230446288
2015-02-10,93.47386932373048,-0.007954304288656955,0.0069788784506905925,-50.0,43.10588170751184,0.06305440829875268,-0.7657218929489269
2015-02-11,93.6468276977539,0.0018503393009698943,0.00462294340996155,-57.142857142857146,43.95018211725299,0.06646176872554245,-0.6793833185868224
2015-02-12,93.33699798583984,-0.003308491270137215,0.0024788167229204366,-57.142857142857146,42.7269806718579,0.07173225121901446,-0.917591864544183
2015-02-13,92.3785400390625,-0.010268789091789188,-6.111650682493173e-05,-71.42857142857143,39.10150142753669,0.07967631793735556,-1.1548968993295539
2015-02-17,90.98770904541016,-0.015055780195965762,-0.00332158602422358,-78.57142857142857,34.523610807091465,0.09222227178512805,-1.4371115138274406
2015-02-18,91.52818298339844,0.0059400763428227865,-0.005331975575413463,-78.57142857142857,37.58182651142729,0.09943521830332523,-1.4751019963795389
2015-02-19,90.92282104492188,-0.006613940304991739,-0.007438476329184534,-78.57142857142857,35.577432772323334,0.10809656063891503,-1.6790600136180551
2015-02-20,91.1894760131836,0.0029327617114955906,-0.008716769468768298,-78.57142857142857,37.16711888312389,0.11456711911321764,-1.756907807783825
2015-02-23,92.234375,0.011458547987109213,-0.008623106067875747,-71.42857142857143,43.09294341006441,0.11616146271921816,-1.4870778374557694
2015-02-24,93.44503021240234,0.013125856953032367,-0.007384813360324069,-64.28571428571429,49.08453717817153,0.11564157381340981,-0.8928109440771087
2015-02-25,93.8486099243164,0.004318899688904976,-0.006047367334190376,-57.142857142857146,50.938950772210575,0.11417239256095041,-0.3837720167738399
2015-02-26,92.56591033935548,-0.013667752628359064,-0.006129558160052629,-50.0,45.29263912770558,0.10943956736247887,-0.46078404101577897
2015-02-27,93.34415435791016,0.00840745816361066,-0.0053428452979676485,-42.85714285714286,48.987253194380784,0.1044852984710978,-0.20897557617285797
2015-03-02,91.60550689697266,-0.01862620613896171,-0.00630899047274602,-35.714285714285715,42.14024573197972,0.09250408184193169,-0.4051175054990415
2015-03-03,91.27338409423828,-0.003625576823759191,-0.007230028376828622,-14.285714285714286,40.962435480548024,0.07820787175559625,-0.7003037332546944
2015-03-04,91.30224609375,0.00031621485056287923,-0.00782356051857444,-14.285714285714286,41.11645813204823,0.07104848294935663,-0.8289606352438913
2015-03-05,91.18666076660156,-0.0012659636766192417,-0.008312724004844353,-14.285714285714286,40.65897658596115,0.05967863040672567,-0.8539557695271367
2015-03-06,89.17219543457031,-0.02209166686328623,-0.010589712822853987,-50.0,33.63489249476508,0.058265280775931044,-1.0208805096167677
2015-03-09,89.99533081054688,0.00923085241946886,-0.01126551400339139,-50.0,38.323552712541655,0.05845713157333987,-0.9000961708206905
2015-03-10,91.17948150634766,0.013157912584304876,-0.010553989308805318,-50.0,44.408259072568704,0.05503062655361926,-0.6151007322002158
2015-03-11,91.8437728881836,0.007285535855889869,-0.009341639236797195,-50.0,47.535233615716635,0.05287810814041844,-0.32521312767703975
2015-03-12,91.7787628173828,-0.0007078331906066326,-0.008407558239219773,-50.0,47.25509728446319,0.0497863460382653,-0.3250903250282562
2015-03-13,91.49718475341795,-0.0030680089306184266,-0.007843536999027872,-50.0,45.99086112359021,0.047285497567514316,-0.4250948103826968
2015-03-16,92.3780746459961,0.009627508157241227,-0.0064617663906399924,-50.0,50.45640683268484,0.04728484014895491,-0.3338910228897236
2015-03-17,93.14347076416016,0.008285473810719202,-0.004664545773346242,-50.0,54.01419731922423,0.04871373236397782,-0.11842731671151463
2015-03-18,94.94134521484376,0.019302205897349767,-0.0016728446850065406,57.142857142857146,61.083608209373494,0.057046027601405765,0.42185818071511755
2015-03-19,94.45757293701172,-0.0050954858153453575,0.00021556007857239932,64.28571428571429,58.47852176273166,0.060673460803344376,0.5509965941108343
2015-03-20,94.95578002929688,0.005274400736692497,0.002108961878282963,71.42857142857143,60.353746078704596,0.06537598141917109,0.6196924707444652
2015-03-23,94.84024810791016,-0.0012166918259327586,0.0034764203773422434,78.57142857142857,59.68062903880183,0.06950038898318113,0.5966748292596732
2015-03-24,95.75720977783205,0.009668486620559635,0.005226899930062289,85.71428571428572,63.189681034577305,0.07568084283968599,0.7470181274126546
2015-03-25,94.94855499267578,-0.008444844905490023,0.00594138549567514,92.85714285714286,58.36544530250289,0.07806279914039688,0.5662343415334876
2015-03-26,93.46835327148438,-0.015589512882061118,0.005236610440757922,92.85714285714286,50.7306833931311,0.07843996993170096,0.2002781458244323
2015-03-27,94.63088989257812,0.012437756528320243,0.00547512982012,85.71428571428572,55.63878503389268,0.08034973110327354,0.27348345662417967
2015-03-30,94.16155242919922,-0.004959664480717496,0.0052805585922920725,78.57142857142857,53.32904002088923,0.08053959953650082,0.20688357155215545
2015-03-31,94.36371612548828,0.002146987714981341,0.005206649327287323,71.42857142857143,54.210803393842575,0.08003409727156009,0.2830889946534398
2015-04-01,95.60315704345705,0.013134719242303916,0.006066375372636352,57.142857142857146,59.28915515184813,0.08154269719058634,0.4273455156584902
2015-04-02,94.59014129638672,-0.010596049109652839,0.005941389413860252,57.142857142857146,54.01614737784224,0.07979866124819306,0.24905716565963684
2015-04-06,94.0619888305664,-0.005583588929901406,0.005309086186783363,50.0,51.44710149763231,0.06817221736453091,0.005395338356015223
2015-04-07,94.85065460205078,0.008384532171704207,0.005351037951979071,42.85714285714286,54.8967471261358,0.05875811232069206,0.047170792332634826
2015-04-08,94.8795928955078,0.00030509323924476917,0.005380207926683782,35.714285714285715,55.023021204925925,0.05303661661561518,0.19834736600291594
2015-04-09,93.6495132446289,-0.012964638794704775,0.004365407400027299,-7.142857142857143,48.77237076831783,0.048636053678216586,0.07517225191665589
2015-04-10,93.78704833984376,0.0014686151636003064,0.0035771214283716515,-7.142857142857143,49.46364391220144,0.04299412824201241,-0.1456051542622117
2015-04-13,93.9172592163086,0.0013883673574308641,0.0030303148822733972,-7.142857142857143,50.14950056248577,0.03387319668270623,-0.16456989629452143
2015-04-14,94.58290100097656,0.007087534178727095,0.0031145700395496423,-7.142857142857143,53.61514223209759,0.02777896910413492,-0.3252835246613414
2015-04-15,94.50334930419922,-0.0008410790527192402,0.0030973073412102485,-7.142857142857143,53.13966849006355,0.024547571685044633,-0.4400159405968325
2015-04-16,94.03306579589844,-0.0049763686870712975,0.0026627066951454043,28.571428571428573,50.29978706150605,0.024683714610953335,-0.5159123868887632
2015-04-17,95.11111450195312,0.011464570435198107,0.003158073670626427,-35.714285714285715,56.092516335133105,0.025297707994976038,-0.2675427734910343
2015-04-20,94.27178192138672,-0.008824758125919874,0.002855064106603076,-35.714285714285715,51.0988817317812,0.025073160409567273,-0.22763542853505112
2015-04-21,93.8449478149414,-0.004527697448227452,0.0022119289361537367,-35.714285714285715,48.723361166416254,0.02555562574706144,-0.331165442630906
2015-04-22,92.41231536865234,-0.015265951760281893,0.00046192194230233383,-100.0,41.71384594752443,0.028730818213334872,-0.7082341247456286
2015-04-23,92.81023406982422,0.004305905544996769,-0.0005952420469748428,-92.85714285714286,44.11855544064371,0.031026345864981368,-0.7773484931840858
2015-04-24,93.38908386230467,0.006236917709365519,-0.0009119497479864416,-42.85714285714286,47.51106583584182,0.031199096609171993,-0.7230591778478765
2015-04-27,93.38908386230467,0.0,-0.001152580578754612,-42.85714285714286,47.511065835841826,0.031689266204906516,-0.5858358228173488
2015-04-28,92.1011734008789,-0.013790803037801447,-0.002462048856916566,-71.42857142857143,41.076283498103635,0.036776204497764156,-0.8116299983292533
2015-04-29,90.972412109375,-0.012255666782776675,-0.00447986425692681,-78.57142857142857,36.42056335054368,0.04615817368833276,-0.9308197753338582
2015-04-30,91.13160705566406,0.0017499255279465054,-0.005835979481483363,-85.71428571428572,37.49656140849596,0.0493329529075676,-0.4654789194886859
2015-05-01,89.90480041503906,-0.013461922600307652,-0.008019936634000748,-92.85714285714286,32.878699258462724,0.059333651789632735,-0.5365301145856328
2015-05-04,89.05653381347656,-0.009435164725871581,-0.01042828162774229,-100.0,30.116849827632088,0.07145146835236386,-0.8766977112927088
2015-05-05,88.9332504272461,-0.0013843272464284517,-0.012263878823575842,-85.71428571428572,29.726027723143172,0.07959529892779318,-0.6306830152557262
2015-05-06,87.41068267822266,-0.01712034297305942,-0.015176491520892203,-92.85714285714286,25.35065104308244,0.09212245993827169,-0.9399719477258366
2015-05-07,88.5852279663086,0.013437090892078896,-0.01583347568014387,-92.85714285714286,33.48421880645309,0.09845154829094828,-0.7860922529674625
2015-05-08,88.82447814941406,0.002700790962534505,-0.016066582352103065,-85.71428571428572,35.03692342376075,0.10234827206902211,-0.979032996821528
2015-05-11,86.6639175415039,-0.024323932466856935,-0.018489645867602107,-100.0,28.554497915673497,0.11231938949629985,-1.478829743824022
2015-05-12,86.88867950439453,0.0025934895313610706,-0.01960579621430022,-100.0,30.005331426877397,0.117095759277739,-1.4259946017361569
2015-05-13,86.19261169433594,-0.008011029906644929,-0.021102426386990884,-85.71428571428572,28.10208654778072,0.12204724190075204,-1.6998305918046064
2015-05-14,86.42461395263672,0.0026916722180727604,-0.021637506510996392,-85.71428571428572,29.70260548158,0.12483179537625648,-1.713984398683454
2015-05-15,88.1574478149414,0.020050235494882607,-0.019856944755194637,-85.71428571428572,40.37834468462813,0.11744847580377313,-1.2518564589363173
2015-05-18,86.67841339111328,-0.016777191950167247,-0.020246884866854213,-78.57142857142857,35.43223928603613,0.11406123506524184,-1.2522112262383018
2015-05-19,85.90982055664062,-0.008867177009858063,-0.020949310349035456,-100.0,33.159128043468975,0.1118449134395125,-1.3026862218784556
2015-05-20,86.0549087524414,0.001688842961848902,-0.020948885287860743,-92.85714285714286,34.01964057455925,0.11166646568842499,-1.2545381207841626
2015-05-21,87.25841522216797,0.013985332006902107,-0.01935121899738743,-85.71428571428572,40.82504671350261,0.10579958809389771,-0.8826760367549243
2015-05-22,87.29467010498047,0.00041548866914653537,-0.018064683921934284,-78.57142857142857,41.02239314486935,0.09501069615166943,-0.6100562459774859
2015-05-26,88.78824615478516,0.01710959040235238,-0.015231670935951966,-50.0,48.62387429749507,0.08006808462561446,-0.11977120603332114
2015-05-27,88.99125671386719,0.0022864575872816317,-0.012864766035590568,-50.0,49.57520430095841,0.0696535046029771,0.26035491019259543
2015-05-28,88.77379608154297,-0.002443617950282695,-0.011113058427580516,-50.0,48.538387817395936,0.06315549875438979,0.2954919032549297
2015-05-29,88.96953582763672,0.002204927070077689,-0.00939270142965589,50.0,49.56094448214917,0.054837405304592725,0.12050741105759044
2015-06-01,88.01334381103516,-0.010747409298099808,-0.008910062984972808,50.0,44.87048356003168,0.050340753946076,-0.16540474823225154
2015-06-02,86.78538513183594,-0.013951960305424227,-0.009597317621245983,50.0,39.677218490699,0.049052053156209224,-0.3981447958351289
2015-06-03,85.39029693603516,-0.016075151290525502,-0.011393113928653808,-21.42857142857143,34.75560814630108,0.05157943942143724,-0.6901002544088488
2015-06-04,86.5019760131836,0.013018798587633329,-0.01136095009087186,-21.42857142857143,41.032454651875376,0.05238261663402621,-0.5558325509712222
2015-06-05,85.44843292236328,-0.012179410683748393,-0.012444135463261143,-21.42857142857143,37.363799360109574,0.05410004356517785,-0.658186022915445
2015-06-08,85.35395050048828,-0.0011057244544302458,-0.013143965073180813,-21.42857142857143,37.04392472818391,0.05437358201108866,-0.7621992836534048
2015-06-09,84.6781997680664,-0.00791704107963942,-0.014276268091192085,-50.0,34.75235439265469,0.059266176575789614,-0.7747885354553739
2015-06-10,83.93704986572266,-0.008752546751982893,-0.015754629418698252,-57.142857142857146,32.386010471886564,0.0665441607593924,-0.8488782945511729
2015-06-11,85.70271301269531,0.021035563553844838,-0.014648399170481921,-57.142857142857146,42.44123119017464,0.06720152802715595,-0.41199727865430213
2015-06-12,85.70271301269531,0.0,-0.013869061641142311,-57.142857142857146,42.44123119017464,0.0679949409400088,-0.3099905275636161
2015-06-15,85.84076690673828,0.0016108462520028066,-0.01295105486133835,-57.142857142857146,43.2071084979754,0.06684978152110606,-0.3360289890469929
2015-06-16,86.5165023803711,0.007871964545318688,-0.011384125420395293,-57.142857142857146,46.92943254680475,0.06685659662364578,-0.11049538269267643
2015-06-17,85.84805297851562,-0.007726264740992694,-0.010805821048812378,-57.142857142857146,43.866551067705636,0.06692943080366415,0.11626202310825234
2015-06-18,85.42658233642578,-0.004909495643370287,-0.010603841937392097,-57.142857142857146,42.00502299974057,0.06778625072904594,0.4018323584079419
2015-06-19,86.52384185791016,0.012844474067371214,-0.00914094431599916,-50.0,48.17142811986444,0.06741054636461728,0.7009260828336308
2015-06-22,84.75812530517578,-0.02040728329694419,-0.009824406789057235,-42.85714285714286,40.67629464623817,0.06923727483095876,0.4884032844348458
2015-06-23,84.2494888305664,-0.006001034977803021,-0.010641302208386223,-28.571428571428573,38.80332809831107,0.06774548583233835,0.1970493183011828
2015-06-24,84.97608947753906,0.008624392350129462,-0.0103364503251693,-28.571428571428573,42.85156518941739,0.061781203070847265,0.21230164323732742
2015-06-25,84.6781997680664,-0.0035055709353558617,-0.010367089690345188,50.0,41.63552865558094,0.055410377340359945,0.14471809521831405
2015-06-26,83.72640991210938,-0.011240081373529276,-0.011267757354970655,-35.714285714285715,37.93168751163558,0.04764317469587991,-0.00953817714129086
2015-06-29,85.94249725341797,0.0264681997428875,-0.009392637745335537,-35.714285714285715,49.25155818203932,0.039771038753217046,0.28225955852367157
2015-06-30,85.34668731689453,-0.006932657946470577,-0.008657174642230968,-35.714285714285715,46.78126207788074,0.03690872827704776,0.02864828867734734
2015-07-01,84.19468688964844,-0.013497892694635971,-0.009130930222918903,-35.714285714285715,42.35752602320259,0.03869171688416205,-0.30404197925419735
2015-07-02,84.47138977050781,0.00328646487185158,-0.009013454877850999,-35.714285714285715,43.73381758222511,0.03714525480164413,-0.5579543063225874
2015-07-06,86.0370101928711,0.018534327736488887,-0.007229614346696061,-35.714285714285715,50.88013753763687,0.03810142926117983,-0.4898990836523167
2015-07-07,86.84532928466797,0.00939501605163695,-0.005080938661824223,42.85714285714286,54.120089777357286,0.041637137850425575,-0.6941187080874128
2015-07-08,87.59535217285156,0.00863630657355352,-0.002680237574594306,50.0,56.957090520332365,0.04728121717732907,-0.5790361755428244
2015-07-09,85.86954498291016,-0.01970204065777237,-0.0024222840648628527,50.0,49.38925316623486,0.04464587802093273,-0.7666989185906011
2015-07-10,84.5077896118164,-0.01585842071673682,-0.0034704709088714085,50.0,44.37865437676438,0.0457697938708392,-0.9169583509165579
2015-07-13,84.24566650390625,-0.003101762679088016,-0.004482908276102271,50.0,43.464575841166294,0.047327358125972774,-1.00437149446262
2015-07-14,84.5223388671875,0.0032841138869548203,-0.004938382330344751,50.0,44.75795041548765,0.047867565602381416,-0.931781525747912
2015-07-15,85.41803741455078,0.010597181282107293,-0.004358902957309863,50.0,48.83857872859168,0.046148535651718635,-0.6339298612578627
2015-07-16,86.00788116455078,0.006905376988906475,-0.003321996511945708,50.0,51.38531808169693,0.04639689363928952,-0.25614952652970013
2015-07-17,86.45211791992188,0.005165070332580068,-0.0020724360201922498,50.0,53.27192732132382,0.0479148310140421,0.009854971342615626
2015-07-20,86.08802795410156,-0.004211463808874605,-0.0014251514011496761,-21.42857142857143,51.50765668556867,0.04691816992001614,0.09341773450314945
2015-07-21,86.55401611328125,0.005412926399337881,-0.00046061776019537326,-21.42857142857143,53.62458177580105,0.048173144689805776,0.27748725652840717
2015-07-22,87.0929183959961,0.00622619615951181,0.0007860910737871128,-21.42857142857143,56.01595473330837,0.049455462262264174,0.40862870516689326
2015-07-23,88.17793273925781,0.012458123613774852,0.0027116937420759765,57.142857142857146,60.43914190314095,0.05578841671646273,0.6868196455667603
2015-07-24,88.3963623046875,0.0024771454562853013,0.004383780430312541,64.28571428571429,61.283253046405186,0.06089718290584185,0.8734537966667478
2015-07-27,88.86969757080078,0.005354691683824964,0.006043903703809847,71.42857142857143,63.11966822769215,0.06335175692546664,0.9674388767157736
2015-07-28,88.2216567993164,-0.007292033046113255,0.006761591994756936,71.42857142857143,58.99396707435223,0.06663936482596104,0.8382672368179916
2015-07-29,87.8939437866211,-0.0037146549337742085,0.006941504499503561,71.42857142857143,56.96616265984551,0.06780539115132783,0.6547498847928067
2015-07-30,88.57115936279297,0.007704917392442168,0.007540145295992991,71.42857142857143,60.02413967675514,0.06694306620186492,0.5789186392052728
2015-07-31,89.22652435302734,0.0073993046376412686,0.00849224231951671,100.0,62.780498051857606,0.06779599768024243,0.527249957336496
2015-08-03,90.16577911376952,0.010526631711283319,0.00992010608193785,100.0,66.36041792572028,0.07478983474649953,0.744438860863078
2015-08-04,89.45059967041016,-0.007931827910641842,0.01044517302408009,92.85714285714286,61.50911360341651,0.07842878556574955,0.6099287431043843
2015-08-05,88.7791748046875,-0.00750609686460002,0.010152807601563554,85.71428571428572,57.275734560876415,0.07993445602992551,0.5713677551265438
2015-08-06,89.56734466552734,0.008877868740882144,0.010362364201443559,64.28571428571429,60.69550528811602,0.0816859659585271,0.6524607632270034
2015-08-07,90.7423324584961,0.013118484168047173,0.011375711172643029,92.85714285714286,65.17118772804416,0.08186216809732794,0.8416479882909258
2015-08-10,89.61846160888672,-0.012385298230276565,0.011297048005629001,92.85714285714286,58.329361983929964,0.07506096876007459,0.7318025320059484
2015-08-11,91.0415496826172,0.015879407525886124,0.012069975893995532,100.0,63.54779625301895,0.07138179107052457,0.7168644126298687
2015-08-12,90.54530334472656,-0.005450767694757164,0.012308620070485806,100.0,60.693478520293645,0.06768643640037064,0.3629418714775761
2015-08-13,90.25334167480467,-0.003224481658759548,0.012085239984873394,71.42857142857143,59.01401644204694,0.06392794942916577,0.11007733712832658
2015-08-14,90.46501159667967,0.002345286256963952,0.011900485982817895,71.42857142857143,59.880776101145685,0.0610082669759734,0.04317301737305492
2015-08-17,90.87371063232422,0.0045177580639312875,0.011948681693877484,71.42857142857143,61.57065453288981,0.05568758562188042,-0.1812686471558109
2015-08-18,90.1584930419922,-0.007870456541890225,0.011353723826682118,71.42857142857143,57.04250474393267,0.04895468148991661,-0.40062265042344797
2015-08-19,91.04885864257812,0.0098755599228042,0.011359549827855687,64.28571428571429,60.897843892495295,0.04521262534694538,-0.09212620180882379
2015-08-20,91.96835327148438,0.010098914391841296,0.012006012198866921,78.57142857142857,64.44655639519534,0.04814193234760284,0.3471019427428149
2015-08-21,92.24568939208984,0.0030155603611472515,0.01266701956072337,85.71428571428572,65.46462310004942,0.05134448592823262,0.6820924428588421
2015-08-24,92.21646881103516,-0.00031676906798849824,0.013047693446142844,92.85714285714286,65.2526115334502,0.054210862792826886,0.297337115238679
2015-08-25,90.7350616455078,-0.01606445339566165,0.012107105011627192,92.85714285714286,55.44840947909678,0.05066469697299168,0.26427491382382207
2015-08-26,88.98353576660156,-0.01930373823681586,0.00971289908001925,-14.285714285714286,46.54400452991141,0.04652925423027808,-0.058800498030763496
2015-08-27,89.03458404541016,0.0005736822926714069,0.007581110845035296,-14.285714285714286,46.81209287853576,0.044987291421331184,-0.3232871108023457
2015-08-28,89.29734802246094,0.002951257422809661,0.006046458365908148,-14.285714285714286,48.25074253687846,0.04481616705935575,-0.6828534636843246
2015-08-31,88.61137390136719,-0.0076819092199826855,0.004212223604955889,-35.714285714285715,44.84083629610897,0.04792038454215975,-1.0469494900452878
2015-09-01,89.24983215332031,0.007205150127384208,0.0032418812394616023,-42.85714285714286,48.48957705751424,0.04830527664244635,-0.5931932954502852
2015-09-02,88.48187255859375,-0.008604605478778948,0.0017973634650912133,-50.0,44.66256730742405,0.04929069034344279,-0.619714280425198
2015-09-03,88.91340637207031,0.0048770872609051885,0.0010072341910332702,-57.142857142857146,47.18505551176966,0.05059536698601514,-0.3894597716111359
2015-09-04,89.7252197265625,0.00913038188071491,0.0011018325232381367,-57.142857142857146,51.65015619497068,0.05055471927735427,-0.10735933782225536
2015-09-08,88.40145874023438,-0.014753499521787616,-6.481443507092796e-06,-57.142857142857146,44.97336383421785,0.05320637361757206,-0.1586881433922857
2015-09-09,88.82561492919922,0.00479806775826197,-0.0005025086282956567,-78.57142857142857,47.32309095254295,0.05377701270814385,0.029603848558416856
2015-09-10,88.22586059570312,-0.006752042572113259,-0.0014337366998917864,-78.57142857142857,44.43380679418526,0.05617661291349564,-0.01659273716143427
2015-09-11,88.78170776367188,0.006300274819827756,-0.0016314514722623416,-78.57142857142857,47.62537940285371,0.05707657554639683,-0.20575804670597486
2015-09-14,88.92070007324219,0.001565551204988136,-0.0016473306902951529,-78.57142857142857,48.42313359436792,0.05734204705179188,-0.31559279625464776
2015-09-15,87.21659851074219,-0.01916428414414606,-0.0032337438267256015,-100.0,40.315258645980194,0.06114039964338873,-0.6937156409658399
2015-09-16,86.8874740600586,-0.0037736446536957846,-0.004733484753248825,-100.0,38.95849053081786,0.06612372301354393,-0.8913349922697777
2015-09-17,87.94794464111328,0.012205103123629435,-0.0048125910043486046,-78.57142857142857,45.3413889267679,0.06535137872992554,-0.281607203000229
2015-09-18,89.30101013183594,0.015384844935763642,-0.0035820518087075577,-78.57142857142857,52.208142374446176,0.059114356455924395,0.3762562381735842
2015-09-21,87.84557342529297,-0.016298099029275148,-0.003999582250917317,-78.57142857142857,45.575541159800125,0.05070671833120662,0.4388382859878996
2015-09-22,89.06694793701172,0.013903654607678728,-0.0030826468182945338,-50.0,51.18057822507631,0.03744586155640455,0.4295832594390792
2015-09-23,89.0596694946289,-8.171878066332017e-05,-0.002378804209896878,-50.0,51.14677354025295,0.03146048994292905,0.49253863710160195
2015-09-24,89.66671752929688,0.00681619455936322,-0.0012478069979285917,42.85714285714286,53.882702669028724,0.032894160276047545,0.21383521914028114
2015-09-25,88.89144897460938,-0.008646112805837824,-0.0010589700028147426,42.85714285714286,50.02925535396543,0.03276658556483851,0.03141946373201437
2015-09-28,90.41270446777344,0.017113631409007457,0.0004667753819068555,57.142857142857146,56.58962441229656,0.03654544865006707,0.20886913836116747
2015-09-29,90.66868591308594,0.0028312552624032428,0.0018634598670840203,64.28571428571429,57.59837990334166,0.04116034641901029,0.3718666289996162
2015-09-30,90.35418701171876,-0.0034686606318375945,0.0026700841588981556,64.28571428571429,55.88028822200708,0.043640995631550696,0.471078449049157
2015-10-01,90.73969268798828,0.004266605555529157,0.0035915768183627118,78.57142857142857,57.551734208937845,0.046983193071518894,0.2879872698429815
2015-10-02,91.28939819335938,0.006058049009062483,0.004736073743093322,85.71428571428572,59.88543797919918,0.05199916182329077,-0.06919310516978396
2015-10-05,90.05079650878906,-0.013567859018490225,0.004575474252173809,85.71428571428572,52.836752162598124,0.05247205576921597,-0.4989486579601139
2015-10-06,90.4392318725586,0.004313513914689482,0.004670420980804439,85.71428571428572,54.6399054698027,0.05334797007167416,-0.5313400545999419
2015-10-07,90.13874053955078,-0.0033225772354109617,0.0044567407980743235,78.57142857142857,52.95327611709655,0.05384909723855367,-0.4654483212170404
2015-10-08,89.38382720947266,-0.00837501528820328,0.0035882997808935322,64.28571428571429,48.87179464549988,0.05268251225905733,-0.6748454459105383
2015-10-09,89.6183853149414,0.0026241671764519747,0.003038875296115589,64.28571428571429,50.15727316384233,0.052380327389878724,-0.6888136726532121
2015-10-12,90.29997253417967,0.0076054396298594895,0.003163781381371987,50.0,53.79281745177521,0.052814201261276,-0.6224193338529431
2015-10-13,90.45388793945312,0.0017044900563529808,0.003373778931123448,50.0,54.59817055017805,0.04818389341655499,-0.4209459818952062
2015-10-14,91.2453842163086,0.008750273701725986,0.004165654030504744,35.714285714285715,58.59471034698118,0.041630763588838146,0.011559869438616229
2015-10-15,90.79834747314452,-0.004899280626670555,0.004392218800128886,35.714285714285715,55.61690286240544,0.03771566616078019,0.026191309852299154
2015-10-16,90.82765197753906,0.0003227427063385857,0.004527889096335442,-28.571428571428573,55.7755661071334,0.037842927583527745,-0.19855428682299164
2015-10-19,90.57846069335938,-0.0027435618862118316,0.004376842375410069,-28.571428571428573,54.007510041861316,0.030559909735125016,-0.21117677421312878
2015-10-20,90.0214614868164,-0.006149356064115596,0.0037312607721141713,-28.571428571428573,50.178584973761055,0.028383496203112906,-0.12043763469012071
2015-10-21,90.91558837890624,0.009932374761775886,0.003915163511364146,-28.571428571428573,55.61807418087672,0.026319942262462013,0.05707355737715269
2015-10-22,91.06952667236328,0.0016932002113376754,0.004171386988755664,-28.571428571428573,56.498670340194614,0.026264644654423602,0.16960314503647378
2015-10-23,90.29261779785156,-0.008530942269050823,0.0036806480976998945,71.42857142857143,50.99895719935689,0.021335658287325088,0.23652031376831137
2015-10-26,90.89358520507812,0.00665577565346509,0.0037322051435063858,71.42857142857143,54.674409583728725,0.021682024297395137,0.2572066997126136
2015-10-27,91.12083435058594,0.0025001670359363626,0.003938728981818474,92.85714285714286,56.01784864107858,0.02243602662481632,0.10755221132682001
2015-10-28,90.75435638427734,-0.004021889932422917,0.003757218689848282,92.85714285714286,53.27544198141878,0.022461839329170907,0.04031645620787957
2015-10-29,89.31055450439453,-0.01590889889372782,0.0023276760122877653,-14.285714285714286,44.112909109110284,0.025318325946340592,-0.34376092184989576
2015-10-30,89.98481750488281,0.007549645215281897,0.0017227942000202228,-14.285714285714286,48.562072505677556,0.024336212603851937,-0.06564899549362936
2015-11-02,89.57130432128906,-0.004595366141308399,0.0008803796731643139,-14.285714285714286,46.13627739561381,0.02544948575956802,0.0824295674713616
2015-11-03,88.83679962158203,-0.008200223333495127,-0.0004537656861278749,-35.714285714285715,42.11229801846153,0.029518925180398545,-0.08729245551109986
2015-11-04,88.93966674804688,0.001157933726823046,-0.0014055697293430024,-42.85714285714286,42.86390441708851,0.032342670684376254,-0.16558508592712354
2015-11-05,88.7046127319336,-0.002642847951962235,-0.0023527218088451084,-50.0,41.53677675132404,0.03471354223120424,-0.11831294105844758
2015-11-06,87.40454864501953,-0.014656104647487456,-0.004297190814085186,-57.142857142857146,35.06936330769405,0.04388361752869145,-0.2242217884677557
2015-11-09,86.91246032714844,-0.005630008111701779,-0.006228430487501291,-64.28571428571429,32.976388954410545,0.05364835563323167,-0.34110751191582395
2015-11-10,87.16950225830078,0.0029574807822123628,-0.007393677565484477,-64.28571428571429,35.153439803416575,0.05971273145426643,-0.4323271629430338
2015-11-11,86.98592376708984,-0.002105994487234253,-0.008422488704656316,-64.28571428571429,34.2966102214234,0.06360900034195695,-0.43779036368842467
2015-11-12,87.40454864501953,0.004812558857805405,-0.008694578259549694,-64.28571428571429,38.007303623091886,0.06566443666050437,-0.45016109221803785
2015-11-13,87.90399932861328,0.0057142413219499755,-0.008336800010867104,-64.28571428571429,42.201386224750806,0.06553053088201186,-0.30796537512925326
2015-11-16,87.82321166992188,-0.0009190441766977475,-0.008080928142833598,-64.28571428571429,41.70983138009697,0.06550075363632211,-0.22076328286454963
2015-11-17,87.9700698852539,0.001672202741616724,-0.007636195598314284,-57.142857142857146,43.00936250738065,0.06574646598319427,-0.05277039326558941
2015-11-18,88.15373229980469,0.002087782978805741,-0.0070300815676004975,-50.0,44.67068295754629,0.06322425939224863,0.15129820582745834
2015-11-19,88.7413330078125,0.0066656361866723746,-0.005916387574922865,-42.85714285714286,49.720625814256906,0.059041837285770574,0.11107610373471355
2015-11-20,88.46954345703125,-0.003062716567006296,-0.005273352685401296,-35.714285714285715,47.55843585708128,0.056918537543778715,-0.06104982992296625
2015-11-23,88.7413330078125,0.0030721256170294087,-0.004436515485178791,-28.571428571428573,49.90450400800798,0.05208080501816256,-0.06647576089141544
2015-11-24,88.73397064208984,-8.296433548060644e-05,-0.0037498983171195027,-21.42857142857143,49.83945994984783,0.044894123878775755,-0.10210794077383017
2015-11-25,88.93966674804688,0.0023181212839749055,-0.0029771054620842375,85.71428571428572,51.732316526817854,0.03839167931305176,-0.17087296500217253
2015-11-27,88.85149383544922,-0.0009913789405961992,-0.002425998073857581,85.71428571428572,50.846566975814255,0.037461379476338194,-0.2991781467226804
2015-11-30,89.20406341552734,0.003968077123509772,-0.0016412032173902284,100.0,54.22178769536207,0.034581664903865966,-0.16611502475245532
2015-12-01,90.40894317626952,0.013507005338194489,6.15064997175546e-05,92.85714285714286,63.45681652264486,0.038551309248591584,0.4778677667036297
2015-12-02,90.43840789794922,0.00032590494529127767,0.001403241766302147,100.0,63.64993681661109,0.04363657144721714,0.893596299615468
2015-12-03,87.98002624511719,-0.027182938200394635,0.0002775893765210311,71.42857142857143,43.15699269556821,0.04345979120202815,0.5396407381779985
2015-12-04,88.75286102294922,0.00878420717537498,6.197450776931539e-05,71.42857142857143,48.743929069634426,0.043501874055345176,0.61684453766573
2015-12-07,89.61400604248047,0.009702729687875333,0.000661818491990182,71.42857142857143,54.15143213044077,0.043987786501687415,0.6470003227924779
2015-12-08,89.658203125,0.0004931939154531051,0.0011634755156449542,71.42857142857143,54.41723162513983,0.04234125697003915,0.518285445775975
2015-12-09,89.56253051757812,-0.0010670814726064792,0.0014599428388877632,-7.142857142857143,53.69160459684416,0.04057538746641975,0.5764146038806434
2015-12-10,89.68028259277344,0.0013147470768728464,0.0017771501453504512,-7.142857142857143,54.4958592236458,0.037349917633489785,0.6263840255150129
2015-12-11,91.09349822998048,0.01575837627122878,0.003213364873590809,42.85714285714286,62.83768544378159,0.04020533435559716,0.8178217741151353
2015-12-14,89.91584014892578,-0.012928014665563814,0.003335411264463035,42.85714285714286,53.960388390770795,0.03925993277774949,0.6395589377046889
2015-12-15,89.38582611083984,-0.005894556923541905,0.0029069616854984783,42.85714285714286,50.50238585235124,0.036867577066741174,0.7239967580479253
2015-12-16,89.1944808959961,-0.002140666179070494,0.0023569389988377697,42.85714285714286,49.27469477286909,0.034559546472888454,0.6010063286991546
2015-12-17,90.20286560058594,0.011305460769099218,0.0027648659750415844,42.85714285714286,55.42456711703467,0.033622933715116765,0.7340847460409728
2015-12-18,90.70338439941406,0.00554881261804252,0.0034968387915464243,42.85714285714286,58.137537372847405,0.03526525461224328,0.7879380405952678
2015-12-21,90.6812973022461,-0.00024350907426684554,0.004023979943709646,42.85714285714286,57.96986762814126,0.03549336206707447,0.6442241973138041
2015-12-22,90.0262222290039,-0.007223927013955134,0.003841943888315914,42.85714285714286,53.08031960230283,0.03460836046146453,0.4831615963393947
2015-12-23,89.34906768798828,-0.007521747822463509,0.003055557346129194,42.85714285714286,48.52409373854104,0.033472515932023904,0.49160004791607037
2015-12-24,89.86095428466797,0.005729064778462245,0.002822657017253614,35.714285714285715,51.886204234770396,0.03261045140775127,0.5662947682801844
2015-12-28,90.1265106201172,0.0029551915797376704,0.002848977718651998,-21.42857142857143,53.580074003988045,0.03151731111417324,0.49012782728164217
2015-12-29,88.62918853759766,-0.01661355878772175,0.001544001695120392,-78.57142857142857,44.143391573278606,0.03304937307624281,0.14773487097971005
2015-12-30,88.5406723022461,-0.0009987255531964667,0.00038699550875384505,-85.71428571428572,43.653915326415586,0.03441504491239299,-0.04009535395728837
2015-12-31,88.93898010253906,0.004498585677475964,-0.00016550430805663716,-85.71428571428572,46.52720473096629,0.03419839315570117,-0.08533380584397729
2016-01-04,89.58064270019531,0.007214638586100941,-1.946342957133635e-05,-85.71428571428572,50.87336044859404,0.02992169071872744,-0.42158639917768365
2016-01-05,89.2192611694336,-0.004034147555417422,-0.00022848502650324494,-42.85714285714286,48.483302130208564,0.02880754063115105,-0.5942326658552013
2016-01-06,90.42152404785156,0.013475373620666753,0.0006762628828551417,-42.85714285714286,55.90532643167537,0.029616925835202756,-0.2860781795632617
2016-01-07,90.58379364013672,0.0017945903256317841,0.0015154626422642908,-42.85714285714286,56.80977160492986,0.030696330730764748,0.17946416338669222
2016-01-08,90.98944854736328,0.004478228289246822,0.0025026643184167686,-42.85714285714286,59.06994971360906,0.032704139326395626,0.6419810805780539
2016-01-11,89.99373626708984,-0.010943162049774746,0.0024062592447965884,-42.85714285714286,51.891724500879235,0.032672776602787695,0.5026861347056703
2016-01-12,91.29192352294922,0.014425306801425952,0.0033835400621476013,57.142857142857146,58.90371342430474,0.03345126196045422,0.6174799417615796
2016-01-13,92.19173431396484,0.009856411786409947,0.004875675386527458,64.28571428571429,62.93617474872772,0.04021835172257406,0.8827230729786428
2016-01-14,91.3287353515625,-0.009360914715665802,0.005318080040333206,64.28571428571429,57.14472204556655,0.041640815447109944,0.7388870808966815
2016-01-15,92.75228881835938,0.015587136527370316,0.006706869537862864,78.57142857142857,63.165947236813444,0.04775144763970821,0.843087005122528
2016-01-19,92.4646453857422,-0.003101200372321533,0.007558520586236222,85.71428571428572,61.292032026182454,0.052157528882719434,0.7565024533494928
2016-01-20,93.43828582763672,0.010529867257184744,0.00886987588915223,92.85714285714286,65.06949811466161,0.05980524701343516,0.24981660950531162
2016-01-21,92.80392456054688,-0.006789093586969663,0.009380018755485615,92.85714285714286,60.899492756674356,0.06365316848794629,-0.27445882489180146
2016-01-22,92.44987487792967,-0.003815029205863074,0.00935666952157928,85.71428571428572,58.640729295850804,0.06557678969780392,-0.24852658980252948
2016-01-25,92.95145416259766,0.005425418750758304,0.009584400712718162,71.42857142857143,60.855785385608755,0.06709030363502813,-0.18171298890259796
2016-01-26,92.9957046508789,0.0004760602045432716,0.009726502189012127,71.42857142857143,61.05395559549698,0.06885347594948835,-0.1500871422687594
2016-01-27,92.97362518310548,-0.00023742459779529934,0.009713931501520032,57.142857142857146,60.88831759611719,0.07029814579556519,0.027157165546329402
2016-01-28,93.10636138916016,0.0014276759219968849,0.009691625057180834,57.142857142857146,61.56343029139649,0.06718724253366029,0.3216932900202278
2016-01-29,93.89556884765624,0.008476407484096615,0.010164574232552214,42.85714285714286,65.38879590409543,0.06414396487258561,0.3220874392948549
2016-02-01,93.6081314086914,-0.003061246046990651,0.010270342621212052,42.85714285714286,62.932176288160015,0.059977033791584256,0.28748953362375
2016-02-02,95.34474182128906,0.018551918369309695,0.011478688376101226,100.0,70.2133310646795,0.06302484186721824,0.5820635235848889
2016-02-03,94.55398559570312,-0.008293653225975528,0.011878057511305558,100.0,64.0444088019254,0.058851720968810146,0.21391206711265207
2016-02-04,95.01220703125,0.004846135598198353,0.012307323563460405,92.85714285714286,65.91333314748593,0.05939397296635297,0.36167160921694175
2016-02-05,95.12306213378906,0.0011667458951101217,0.012626611881524148,57.142857142857146,66.36877500667215,0.059273341626777463,0.5652934258223413
2016-02-08,97.17005157470705,0.021519381262547377,0.014156125495372276,78.57142857142857,73.42877348070593,0.0677002005360758,0.9775713488746013
2016-02-09,97.27349853515624,0.0010645971549130273,0.0154699937972723,85.71428571428572,73.72891545720456,0.06917881142847614,1.1239861467656833
2016-02-10,98.1307144165039,0.008812429842212977,0.01688902891341254,92.85714285714286,76.13461174408665,0.07662084505784819,1.4409495640323984
2016-02-11,98.81795501708984,0.007003318019973115,0.018344415304847074,100.0,77.88320303322595,0.08632259540237236,1.1590741602809564
2016-02-12,97.17745971679688,-0.01660118649499731,0.01834793285825074,78.57142857142857,65.53882237926537,0.08481435183818019,0.7514383939608172
2016-02-16,96.15023803710938,-0.010570575549938455,0.017237946875694153,78.57142857142857,59.210374881331305,0.08381489555842077,0.40401136378001157
2016-02-17,95.5590591430664,-0.006148491216577123,0.015623864033550481,78.57142857142857,55.86694006809192,0.0808817266475745,0.25280127139783765
2016-02-18,96.73401641845705,0.012295613685684659,0.01489536623438864,71.42857142857143,60.625718932021044,0.08101902122841706,0.41110735197192433
2016-02-19,96.8152847290039,0.0008401213301771904,0.014358494917514295,57.142857142857146,60.93944724123725,0.07915994225329406,0.3319124748329619
2016-02-22,96.76356506347656,-0.0005342097136016299,0.013748765493726691,57.142857142857146,60.608473471111736,0.07508530188958194,0.296913000208139
2016-02-23,97.15528106689452,0.004048176637156731,0.013377141782325139,35.714285714285715,62.27946114112568,0.07212678801526266,0.42208749669729084
2016-02-24,96.9631576538086,-0.0019774881095103725,0.012844619722721303,35.714285714285715,60.914609149371266,0.0678432945720647,0.23626042431770364
2016-02-25,97.3105010986328,0.0035822208478846207,0.012501236709507741,35.714285714285715,62.514066058642236,0.06260318531735841,0.06835924782910047
2016-02-26,96.37194061279295,-0.009645007221661839,0.011466856646584608,28.571428571428573,55.86191986775724,0.055447021890815615,-0.019099876483940712
2016-02-29,96.79310607910156,0.004370208419904875,0.010732100360979055,-21.42857142857143,58.0206337599413,0.05054126096861615,0.06187102456660044
2016-03-01,95.08878326416016,-0.017607894652627354,0.008823977898519157,-85.71428571428572,47.82681524476029,0.044819778407131125,-0.27955474199085495
2016-03-02,95.48118591308594,0.004126697549969416,0.00737649985932067,-92.85714285714286,50.00476472517855,0.04452656544320219,-0.19288778710727575
2016-03-03,95.82917022705078,0.003644532801274636,0.00645399550612624,-92.85714285714286,51.921506997880975,0.04101215490428835,-0.11897252481604224
2016-03-04,95.21463012695312,-0.006412870931070458,0.005200454063758244,-50.0,48.39298553745662,0.04037764637384477,-0.01501738017211292
2016-03-07,95.18502044677734,-0.00031097826181025745,0.00410290250748873,-50.0,48.222939183663996,0.04018598111804976,0.1408150788920909
2016-03-08,96.23638916015624,0.011045527000403954,0.004031567142325426,-50.0,54.355967002846015,0.03995085760267895,-0.02006016858936811
2016-03-09,95.65147399902344,-0.006077900119043189,0.003501285778963482,-50.0,50.75407280160872,0.04015671961061973,-0.11383667490430496
2016-03-10,95.25908660888672,-0.004102261823385245,0.0027104803567041666,-50.0,48.43532868923583,0.038355964826239854,-0.2122380082811957
2016-03-11,94.29656219482422,-0.010104279269592564,0.0012553603676060392,-85.71428571428572,43.21928844573468,0.03478340251418554,-0.4618465178815733
2016-03-14,94.59273529052734,0.0031408684347495885,0.0003288473053373801,-85.71428571428572,45.1757438989231,0.0357970481308283,-0.6550633636883332
2016-03-15,94.6815948486328,0.0009393909355992491,-0.00032248117375062907,-85.71428571428572,45.77938224752124,0.03763293856144841,-0.7778527513102906
2016-03-16,94.96294403076172,0.002971529816103269,-0.0005900659517700259,-78.57142857142857,47.74133514144335,0.038494070569402974,-0.583810691931563
2016-03-17,95.35533142089844,0.004132005322093013,-0.0004622077948839532,-21.42857142857143,50.43505725797591,0.03786153505282743,-0.5347147755609885
2016-03-18,95.55522918701172,0.002096345984378578,-0.0001910387128974161,-21.42857142857143,51.7981816394695,0.03665784453359312,-0.49444860807687896
2016-03-21,94.82228088378906,-0.007670415417958987,-0.0005936029552116491,-21.42857142857143,46.72415841117627,0.03621032265202905,-0.48616184403879936
2016-03-22,94.80004119873048,-0.00023454070974981978,-0.000920006225913829,-21.42857142857143,46.57507426402094,0.03392322633935294,-0.5864410941524639
2016-03-23,95.8735809326172,0.01132425387491387,-0.00025885119829940754,-21.42857142857143,54.17585976593745,0.031233655865178084,-0.36381978647424656
2016-03-24,95.91058349609376,0.00038595161583221405,0.00028470475514332075,-21.42857142857143,54.41658398698594,0.02621410259837026,-0.3196088922660688
2016-03-28,96.03644561767578,0.0013122860584737772,0.0008108646425733572,-21.42857142857143,55.277186288180665,0.02528561930732406,-0.29124035694017325
2016-03-29,97.04340362548828,0.01048516530715049,0.002029295824985985,78.57142857142857,61.53425319405553,0.026581159315979517,0.10619804473649697
2016-03-30,96.02169799804688,-0.01052833669544806,0.0021501434226534866,78.57142857142857,53.3745393531039,0.026990681707105415,0.36707299001590615
2016-03-31,96.7028350830078,0.007093574672828451,0.002749767895171111,78.57142857142857,57.42756975255744,0.029336884256807423,0.6435891931710896
2016-04-01,96.95508575439452,0.0026085137128626368,0.0033993077477973296,100.0,58.85405173038672,0.032090228774546425,0.7997100946204626
2016-04-04,97.01445770263672,0.0006123654863510186,0.003921521306834049,78.57142857142857,59.200569571162056,0.03448067017070916,0.8855141847205591
2016-04-05,98.07540130615234,0.010935932938650916,0.005104166474907114,92.85714285714286,64.89063410058141,0.040546398366731635,0.9409994023064706
2016-04-06,97.36314392089844,-0.007262344846599378,0.005466174352269282,92.85714285714286,58.94697415755099,0.04282802443863488,0.9020094737979281
2016-04-07,98.56507110595705,0.01234478609313494,0.006562014264210886,85.71428571428572,64.80531804475923,0.049285266351243404,0.9909855460701429
2016-04-08,97.94182586669922,-0.006323185609918958,0.006937474061421146,85.71428571428572,60.02224086123681,0.05169757448254667,0.9281241705297643
2016-04-11,97.8157730102539,-0.0012870176283712453,0.0070262375084392675,85.71428571428572,59.072596038556334,0.050651213767650444,0.9087493344972479
2016-04-12,97.14057159423828,-0.006902786690085705,0.006502944830505883,78.57142857142857,54.13211401180161,0.048362353765596014,0.7841769415721791
2016-04-13,97.48187255859376,0.003513474944136785,0.006238943704548608,71.42857142857143,56.12942392826113,0.04615515043566692,0.8341990189111799
2016-04-14,97.01445770263672,-0.004794890000457186,0.005623309071774486,42.85714285714286,52.74219453232012,0.043622778706787595,0.6577967969343482
2016-04-15,97.8454132080078,0.008565274960543379,0.005687891752868941,42.85714285714286,57.63664879268138,0.04289621898998045,0.6294803315258961
2016-04-18,97.42250061035156,-0.004322252661524084,0.0053895872964754765,42.85714285714286,54.54059747131576,0.04150906560995123,0.7107329694826435
2016-04-19,97.11831665039062,-0.003122317309196765,0.004841150063303946,42.85714285714286,52.36190834163038,0.036559209529742225,0.7226742524801499
2016-04-20,96.04991912841795,-0.011000988884709795,0.0035040435256379655,-64.28571428571429,45.48869122213014,0.03150292496654234,0.22924523652905776
2016-04-21,95.47865295410156,-0.005947596619551687,0.001911245936172018,-71.42857142857143,42.29205164777537,0.032949410570420994,0.024497297177950607
2016-04-22,95.2338409423828,-0.0025640497026748754,0.00042166277432582314,-78.57142857142857,40.963536323844615,0.03541846456832582,-0.2324916770966429
2016-04-25,94.84056091308594,-0.004129624778389407,-0.0010879657980891967,-85.71428571428572,38.85210840242807,0.03963617807706558,-0.5802335390640273
2016-04-26,94.41026306152344,-0.004537065654396932,-0.0026335745507071497,-92.85714285714286,36.62757489726709,0.04580613009742377,-0.873861177425169
2016-04-27,95.3524932861328,0.009980167346799407,-0.002984697845894255,-92.85714285714286,44.16622961987135,0.04719898028617378,-0.7179121524181935
2016-04-28,95.74574279785156,0.004124166009363828,-0.0029051949992166142,-85.71428571428572,47.00000361135386,0.048153688874166524,-0.2905210871530387
2016-04-29,95.99058532714844,0.0025572158316617966,-0.0026087377759132376,-78.57142857142857,48.74427471330019,0.048597800649989344,0.105377449396324
2016-05-02,95.02410125732422,-0.010068529809775795,-0.0031878316160731212,-50.0,42.761730171753584,0.05079636626535881,-0.22878705009783099
2016-05-03,96.2210464477539,0.012596227426433293,-0.002547504641581641,-50.0,50.81319959438563,0.04893237475855562,-0.6981953604140304
2016-05-04,96.74886322021484,0.005485460738026138,-0.0016014898972968293,-50.0,53.89317649414763,0.04833073820192099,-0.5234427030365811
2016-05-05,97.39563751220705,0.006685084149464782,-0.00031754253882131464,-50.0,57.4123210290213,0.0450467993486697,-0.09326543557356039
2016-05-06,96.97930145263672,-0.0042746889922882225,0.0003441559062950764,-28.571428571428573,54.527218778886166,0.04305376056331445,-0.04688280523908982
2016-05-09,97.2841339111328,0.0031432733988598915,0.0011069925376686169,-28.571428571428573,56.260357013746145,0.04177170620573032,0.17240056323830164
2016-05-10,97.2915267944336,7.599269278113496e-05,0.0016988191524945563,-28.571428571428573,56.303854297953556,0.04203958097751811,0.23983365589993333
2016-05-11,97.84165954589844,0.005654477523281187,0.0025796897487552787,78.57142857142857,59.52913644873218,0.04298426005986591,0.41784353882328595
2016-05-12,97.39563751220705,-0.004558610675263086,0.002897474660817595,78.57142857142857,55.92497780756742,0.04360592568127426,0.5811690118553953
2016-05-13,98.33977508544922,0.009693838423962653,0.003840246995023286,92.85714285714286,61.27038882184783,0.04522052137776935,0.964320842867266
2016-05-16,97.49234008789062,-0.008617418504590302,0.0039031229573413795,92.85714285714286,54.84126452306642,0.04535790317731275,0.9084018915716174
2016-05-17,97.65583801269533,0.001677033545992579,0.004008809316436111,85.71428571428572,55.80479807248242,0.04631570152013785,0.7048217481414132
2016-05-18,96.26563262939452,-0.01423576318212616,0.0029575336821124273,78.57142857142857,46.68379457155795,0.04619572885198289,0.30905837608301373
2016-05-19,96.68196105957033,0.004324787764898419,0.0023894864317645552,64.28571428571429,49.35349393552856,0.04526451794357976,0.17645672780322408
2016-05-20,96.7563247680664,0.0007691580485242877,0.0019870116188941108,64.28571428571429,49.836663086592246,0.04360470357378449,0.20509577898984785
2016-05-23,96.97193145751952,0.0022283472421047446,0.0018241721851431252,-21.42857142857143,51.28768623585687,0.04037233405458897,0.28397625687267913
2016-05-24,96.54073333740234,-0.004446628149363696,0.0013304637707289224,-21.42857142857143,48.27985678899914,0.03412213451702565,0.36916313312180243
2016-05-25,96.17642211914062,-0.003773652899325741,0.0006234301901725713,-21.42857142857143,45.83412186991127,0.03185967908015824,0.12628992918736578
2016-05-26,96.67448425292967,0.005178630300595621,0.0004691141212157686,-21.42857142857143,49.59357738981424,0.03017754562930321,-0.04610806318481235
2016-05-27,96.53330993652344,-0.0014603058655775492,0.00022922472175985464,-21.42857142857143,48.564669605220786,0.02917509931931165,-0.22117836753041153
2016-05-31,96.76375579833984,0.0023872159979589913,0.0002280162948199199,-21.42857142857143,50.374564081372434,0.023133745625869482,-0.044530566347174
2016-06-01,97.15635681152344,0.004057314745014473,0.0005463425012138168,-21.42857142857143,53.384057355502456,0.02194068314016648,-0.16587473694668514
2016-06-02,97.8565902709961,0.007207284036298889,0.0013554103505491874,-21.42857142857143,58.2475386644395,0.022883517112782633,-0.15593704752299434
2016-06-03,99.24962615966795,0.014235483627766943,0.0030688201171416994,78.57142857142857,65.87513716223985,0.029852591945517735,0.3458632888036447
2016-06-06,98.51212310791016,-0.007430789215984945,0.003826834684405882,78.57142857142857,59.66097880847872,0.031976405868801204,0.3045358369290296
2016-06-07,98.75054931640624,0.002420272764144027,0.004541189420701982,78.57142857142857,60.943684175123956,0.03458925727878357,0.07768294372526559
2016-06-08,99.27942657470705,0.00535568927931962,0.005454379143114313,100.0,63.70097218862112,0.03862959755377437,0.10648977322159021
2016-06-09,99.92008972167967,0.0064531310169335665,0.0065988331185044295,50.0,66.76211617368104,0.04441626152883946,0.005331497228762649
2016-06-10,100.40433502197266,0.004846325715297306,0.007796501638739989,57.142857142857146,68.89717090878118,0.05109133994411098,-0.04570721311608519
2016-06-13,100.8512954711914,0.00445160509375353,0.00898604316816038,64.28571428571429,70.76390870498616,0.05808278156447714,0.2504049558636973
2016-06-14,100.77676391601562,-0.0007390242716026618,0.009790968900285722,71.42857142857143,70.0093462003938,0.06351596851895533,-0.0033042447503217566
2016-06-15,101.16417694091795,0.0038442693518636606,0.010570852049135729,78.57142857142857,71.6986555728771,0.06925766355380227,-0.08563738872413812
2016-06-16,101.65583801269533,0.004860031353435712,0.011422961327909282,85.71428571428572,73.72166277463677,0.0732076325354611,-0.38556368677086267
2016-06-17,101.02259826660156,-0.0062292511524491,0.011575635473612969,85.71428571428572,67.07173499545443,0.07454527276320964,-0.5885824206131197
2016-06-20,99.94242095947266,-0.010692432442474753,0.010769430889761499,85.71428571428572,57.53752807947523,0.073076008000903,-0.7641186447967279
2016-06-21,99.48062133789062,-0.0046206567456404946,0.009592765840052683,78.57142857142857,54.0031933312631,0.07114368789596398,-0.991202484820591
2016-06-22,99.64443969726562,0.0016467363911869537,0.008639526381738802,71.42857142857143,55.05783316633839,0.06767570316611514,-0.8926456835596125
2016-06-23,98.50466918945312,-0.011438375400326328,0.006973893252450912,-35.714285714285715,46.98580469868111,0.06232796811391347,-1.0765934484681543
2016-06-24,101.14923858642578,0.02684714764014262,0.007452684332208711,-35.714285714285715,61.19988628682083,0.05976989355563138,-1.1946605336829592
2016-06-27,103.67461395263672,0.024966825272274784,0.00963678460179204,14.285714285714286,69.58592553170782,0.064143309486781,-0.9193839077027134
2016-06-28,103.89067840576172,0.0020840632522027835,0.011522619754880887,21.42857142857143,70.17977567352189,0.0670498172839429,-0.6375260965258654
2016-06-29,103.09357452392578,-0.007672525524597296,0.012367351870975084,28.571428571428573,65.12754412882352,0.0656593438409984,-0.8844150821148428
2016-06-30,103.47350311279295,0.0036852790353001375,0.013064276655708397,28.571428571428573,66.37024528944785,0.0660383095003655,-0.9750650264425902
2016-07-01,104.91014862060548,0.013884187396714376,0.014404571905245637,42.85714285714286,70.63202074014177,0.0735966154089881,-0.5072562359593302
2016-07-05,106.2236785888672,0.012520523376741588,0.016226298671805924,50.0,73.89000313535095,0.08233885326325387,-0.2669572267437484
2016-07-06,106.3952865600586,0.0016155340642607374,0.017708482984396322,57.142857142857146,74.29127377344349,0.0888782275690675,-0.06647158088818543
2016-07-07,106.38783264160156,-7.005872814513925e-05,0.018684157699881736,64.28571428571429,74.2379048879337,0.09384754826383598,0.048980555949922074
2016-07-08,107.1715850830078,0.007366936819237058,0.019677392031064243,71.42857142857143,76.17587155702503,0.10055169502046427,0.4288192087473181
2016-07-11,106.23110961914062,-0.008775418065700369,0.0198122031885428,71.42857142857143,69.42677895222286,0.10322088941378901,0.3134252657865644
2016-07-12,104.48473358154295,-0.016439403145262932,0.01854908870123873,71.42857142857143,58.97743932072039,0.1024917496842862,0.02173437958005131
2016-07-13,105.71617889404295,0.011785887471674972,0.01781881389570509,71.42857142857143,63.185159069994924,0.1028221308023359,0.09179832656140494
2016-07-14,104.17874908447266,-0.0145429945128005,0.016289659682963215,71.42857142857143,55.52748473772918,0.10131159456657751,0.2278066396783921
2016-07-15,103.2831802368164,-0.00859646382325141,0.014135701199520765,64.28571428571429,51.60415471019133,0.10010460376235883,0.08589190957784257
2016-07-18,103.18619537353516,-0.0009390189482825217,0.012112838814752162,-42.85714285714286,51.182402688380826,0.09772618464359588,-0.037411733568910116
2016-07-19,103.76831817626952,0.005641479469487898,0.010768808223295777,-42.85714285714286,53.63195450987791,0.0921754594627285,0.02091782930167972
2016-07-20,103.2011260986328,-0.005465946520143428,0.009260898951048611,-42.85714285714286,50.949394266550044,0.08420870295875803,0.09435839809820326
2016-07-21,103.41001892089844,0.0020241331675585617,0.00807271011787606,-64.28571428571429,51.90354496407931,0.07535642290830613,0.4169926009889238
2016-07-22,103.58918762207033,0.0017326048582289033,0.007190208762280127,-64.28571428571429,52.752480899709255,0.05712685027170966,0.5790328188117125
2016-07-25,103.51461791992188,-0.0007198598990901806,0.00637495435159899,-64.28571428571429,52.33841698924727,0.05028708676665127,0.5067380942342989
2016-07-26,103.67870330810548,0.0015851421903574359,0.0057768080907889,-64.28571428571429,53.20874186539846,0.050282145813786795,0.40965657433460145
2016-07-27,104.96985626220705,0.012453405693786612,0.006166882449675168,-64.28571428571429,59.47900170463587,0.050120626489033225,0.6051714281837373
2016-07-28,104.77581024169922,-0.00184858803677046,0.00632211035671882,-64.28571428571429,58.21636721623572,0.04845655937346389,0.6792348963369463
2016-07-29,105.64894104003906,0.008333324231286632,0.006969420798143678,-57.142857142857146,62.11360179231043,0.04800916214054271,0.8879114533082342
2016-08-01,104.50355529785156,-0.01084143135664195,0.006645285798509236,-42.85714285714286,54.88195696303496,0.04803037059554023,0.684638671257288
2016-08-02,103.4269027709961,-0.010302544480777165,0.00549046742694605,-42.85714285714286,49.09564529770817,0.047325827991013855,0.5177648987314566
2016-08-03,103.48674011230467,0.0005785471642814066,0.004512469249872242,42.85714285714286,49.41485540711994,0.045378751616824343,0.43002065135941037
2016-08-04,104.26431274414062,0.007513741673494723,0.00426463789098298,42.85714285714286,53.49585650548679,0.04203956414928217,0.24661249849671535
2016-08-05,103.18017578125,-0.010397967764397387,0.0032525869942540346,42.85714285714286,47.71577969936481,0.034840155852907596,-0.0344480778372158
2016-08-08,103.37460327148438,0.0018843492828173325,0.002533041279154968,42.85714285714286,48.7845217525551,0.03000699047654012,-0.058774260657314344
2016-08-09,104.39142608642578,0.00983629230741534,0.0027032920917804113,42.85714285714286,54.07203819227618,0.029902699472812124,0.09186239166182067
2016-08-10,104.79517364501952,0.003867631411218264,0.003121659039850944,42.85714285714286,56.013886920816184,0.026785074019170376,0.21935678329488484
2016-08-11,103.86058807373048,-0.008918211963222844,0.002734991814857669,-42.85714285714286,50.67305226727855,0.026704359200635873,0.11011212173982698
2016-08-12,104.73541259765624,0.008423065381689465,0.0030253144945026423,-42.85714285714286,54.99846278892316,0.02691629095450441,-0.11846634981853774
2016-08-15,103.74845123291016,-0.009423377826729085,0.0025081093650939864,-42.85714285714286,49.70315803287457,0.026069641704145278,-0.4072456425759624
2016-08-16,103.47176361083984,-0.002666908457738426,0.0018439336530735356,-42.85714285714286,48.299198485748505,0.026398357429860776,-0.6519282456231871
2016-08-17,104.0923309326172,0.00599745573209054,0.0017651431239434627,-42.85714285714286,51.60128392713184,0.025428902921040095,-0.6088813156895992
2016-08-18,104.25684356689452,0.0015804491339885818,0.0018151168098924962,-42.85714285714286,52.467990799930355,0.024837093175120766,-0.4838871924316526
2016-08-19,103.71107482910156,-0.005234848084027854,0.0014256353848197457,28.571428571428573,49.313028618709644,0.024675261218328245,-0.32267893693342337
2016-08-22,104.58582305908205,0.008434472706236207,0.001754790605570359,28.571428571428573,54.079186233127054,0.024434311612330704,-0.14660197496742103
2016-08-23,104.697998046875,0.0010725639911022267,0.0020853442268152994,28.571428571428573,54.667861657100325,0.024468273096861202,-0.13031693153442328
2016-08-24,104.45123291015624,-0.002356923163022495,0.0021390583307972218,28.571428571428573,53.056556331494996,0.023640630248617036,-0.17307898346663853
2016-08-25,104.05496978759766,-0.003793762041080173,0.0018573153437914547,28.571428571428573,50.48332829728487,0.023055723043957824,-0.31389524605432545
2016-08-26,103.44934844970705,-0.0058202057924463535,0.0011514400670677722,28.571428571428573,46.75137819785739,0.019512673257354105,-0.8726892800032143
2016-08-29,104.83255004882812,0.013370810158302104,0.00162169706661047,-35.714285714285715,54.94378566898192,0.02028299346789638,-0.7613689506167929
2016-08-30,104.42880249023438,-0.0038513568391277397,0.0016828044899832712,-35.714285714285715,52.40912852589307,0.01975362875927185,-0.9010694128094734
2016-08-31,104.57836151123048,0.0014321625588888942,0.0018182336964819932,-35.714285714285715,53.269115807481825,0.019380178853031088,-0.7744845758807557
2016-09-01,104.69367980957033,0.0011026975052335075,0.001991272805143082,-35.714285714285715,53.95995098395059,0.019892414696685987,-0.4113433950252049
2016-09-02,103.8397979736328,-0.008156001751879138,0.001467065463647178,35.714285714285715,48.26972513749206,0.018158973252933558,-0.20280584552499142
2016-09-06,104.59632110595705,0.007285483476348276,0.001596361986076502,35.714285714285715,52.998798365762546,0.016877240963293644,0.07238572520267053
2016-09-07,104.52141571044922,-0.0007161379551001712,0.0016318247605048297,35.714285714285715,52.487163736849155,0.016983293230546398,-0.07091275929817215
2016-09-08,103.21058654785156,-0.012541249596436654,0.0006477990143167879,-57.142857142857146,44.407899436873926,0.018493977222607396,-0.41991898751453755
2016-09-09,101.5102996826172,-0.01647395797373996,-0.0014854137530416756,-64.28571428571429,36.54910028867058,0.029069953694690114,-0.9089524064521846
2016-09-12,101.56271362304688,0.0005163411062083512,-0.003105514551781963,-71.42857142857143,36.919694847308435,0.03528271551463482,-0.9182503889236635
2016-09-13,100.4091567993164,-0.011358074066550983,-0.005306361654636749,-78.57142857142857,32.430288365322376,0.046029971071143094,-1.1313874548392888
2016-09-14,100.55895233154295,0.0014918513111901177,-0.0068130757592586065,-78.57142857142857,33.560095664360226,0.05334150112831485,-1.3008440899970761
2016-09-15,100.12454986572266,-0.0043198785960704145,-0.008302572682202226,-92.85714285714286,31.894585170449496,0.06069760869997229,-1.1139103173290927
2016-09-16,100.93354034423828,0.008079841353599848,-0.008637447248295313,-92.85714285714286,38.059598386803486,0.06370240586700077,-0.6927868439517774
2016-09-19,100.60389709472656,-0.0032659435940467496,-0.009143912545053983,-42.85714285714286,36.6055309789395,0.06737373682739575,-0.7001261976518247
2016-09-20,100.95598602294922,0.0034997543672798948,-0.009103295912135231,-42.85714285714286,39.27415135009387,0.06838286554964235,-0.8258645052971182
2016-09-21,101.77244567871094,0.008087283260015177,-0.008280610371245717,-42.85714285714286,45.050654285175554,0.06714771085987843,-0.3636200599243533
2016-09-22,102.5813980102539,0.007948638024252386,-0.00690990401392907,-42.85714285714286,50.114057068202364,0.06547891656235749,-0.07685885981856538
2016-09-23,102.4840087890625,-0.0009493848112859249,-0.0058897308331061935,-42.85714285714286,49.52242124078411,0.06433753846699683,-0.10898205381209115
2016-09-26,103.13568115234376,0.006358771197392921,-0.004482430648097647,-42.85714285714286,53.480068326919664,0.06408067791442129,0.11197599250301062
2016-09-27,103.8922119140625,0.007335296119305612,-0.002752577308157979,-42.85714285714286,57.6329429401729,0.06204583617506723,0.46884925326422944
2016-09-28,103.66749572753906,-0.0021629743210137553,-0.0015674190155433036,-35.714285714285715,56.03285106800578,0.0606058264215898,0.38116185935539604
2016-09-29,103.92969512939452,0.0025292344530494226,-0.00041353092607927333,64.28571428571429,57.514999747403586,0.059148347420481265,0.4990599929286483
2016-09-30,103.00091552734376,-0.008936614322734293,-0.00022275609603774208,64.28571428571429,50.96152623379005,0.05596429203875683,0.3688016574233467
2016-10-03,102.6609344482422,-0.0033007578365777945,-0.0003322335504848891,64.28571428571429,48.770853297513334,0.05450382050541147,0.0362002914150075
2016-10-04,101.4603042602539,-0.011695102859146544,-0.0013625198665429747,64.28571428571429,41.91795348686266,0.050936859059388016,-0.5033532184500173
2016-10-05,100.98757934570312,-0.004659210496138488,-0.0025346008806669796,64.28571428571429,39.56092729923674,0.047182392271363345,-0.6858844898282543
2016-10-06,100.42474365234376,-0.005573316015751284,-0.003885265457580124,-42.85714285714286,36.9004827766422,0.04763113666028507,-0.8887323314376948
2016-10-07,100.49234771728516,0.000673181354342578,-0.004831119109389163,-50.0,37.44464464061673,0.04896653827255077,-0.7474780405128377
2016-10-10,99.89949035644533,-0.005899527419816253,-0.006025329010710343,-57.142857142857146,34.62464240833808,0.05158801458220094,-0.4469929074018704
2016-10-11,99.67433166503906,-0.00225385225292829,-0.007065555417878847,-57.142857142857146,33.58999387536069,0.05338219674707754,-0.43293278670621366
2016-10-12,99.77196502685548,0.000979523616416289,-0.007703680100986737,-71.42857142857143,34.50393240403986,0.0550630723533409,-0.16222155360942347
2016-10-13,100.14714050292967,0.003760329627397807,-0.007791991374300222,-71.42857142857143,38.03303722733786,0.05501516862820326,-0.2060456708215634
2016-10-14,98.74392700195312,-0.01401151839113668,-0.009039377864561833,-85.71428571428572,31.25065254323397,0.060178491893281665,-0.5653009367764317
2016-10-17,99.37420654296876,0.006382970174998004,-0.00925862818668235,-85.71428571428572,36.71011467115416,0.06254222491973342,-0.6395483525376517
2016-10-18,99.69688415527344,0.003247096238852887,-0.009081296942413861,-85.71428571428572,39.364878181654575,0.06427256717169183,-0.38381698313190254
2016-10-19,99.77942657470705,0.0008279337928460695,-0.008789026822544095,-78.57142857142857,40.05753666936294,0.0656843278702821,-0.15386742339845466
2016-10-20,99.88448333740234,0.001052890022540165,-0.008372959235618009,-71.42857142857143,40.98162535677416,0.06573940843673849,-0.15694020855179275
2016-10-21,100.03455352783205,0.0015024374699199594,-0.007827192153826839,-64.28571428571429,42.348856973585484,0.06533570266914097,-0.13252347439619344
2016-10-24,99.59932708740234,-0.004350761062862252,-0.007700812966832447,-57.142857142857146,39.491503080696205,0.0636273681185549,-0.1675556374071643
2016-10-25,99.8619613647461,0.0026369081501251834,-0.0072577524449913295,-50.0,42.03319283583793,0.05788523143175866,-0.15308536564543856
2016-10-26,99.18658447265624,-0.006763104618214388,-0.007433564402051706,-42.85714285714286,37.653072266935524,0.05231605411396622,-0.24878875576648157
2016-10-27,98.10606384277344,-0.010893818308469694,-0.008408500326287783,-100.0,31.921782477415274,0.045517893487243596,-0.13276836294135688
2016-10-28,97.88841247558594,-0.0022185312371344468,-0.00920978011364786,-71.42857142857143,30.90144518297382,0.04156177267634601,-0.24495617720967958
2016-10-31,98.48878479003906,0.006133231699950725,-0.009172443432541416,-71.42857142857143,36.89348593941496,0.03464343331982284,-0.03809782072411261
2016-11-01,98.49626159667967,7.591531011930108e-05,-0.009075902272389656,-71.42857142857143,36.966794613187055,0.03198634155131167,0.19528868677823077
2016-11-02,98.92483520507812,0.004351166241754134,-0.00851323695121569,-71.42857142857143,41.18441556796484,0.029405866910919905,0.2807614598225765
2016-11-03,98.16548919677734,-0.0076759896210755185,-0.008685188436967329,-35.714285714285715,36.52161251461452,0.02988530657216245,0.1634688356432785
2016-11-04,99.04508972167967,0.00896038447013825,-0.00788390618524399,-35.714285714285715,44.37749783852122,0.027897364332165286,0.34260184593942566
2016-11-07,98.20309448242188,-0.008501130562088788,-0.007972635805977289,-35.714285714285715,39.35645361814517,0.028627949719033208,0.3162656700915512
2016-11-08,97.80461883544922,-0.004057668946918835,-0.00825552351069255,-92.85714285714286,37.21071843788351,0.03054699310913463,0.13211046467226192
2016-11-09,93.65457916259766,-0.04243193953686142,-0.012262850792595066,-100.0,23.09075756900329,0.05604304032369986,-0.8202459789806993
2016-11-10,92.27122497558594,-0.014770812056183802,-0.01639662558119693,-100.0,20.322489352073898,0.07889596456521138,-1.836681673480761
2016-11-11,91.75241088867188,-0.005622707263844506,-0.01986466983073515,-92.85714285714286,19.383902934147006,0.09843696481132523,-2.2657626724974147
2016-11-14,91.2035675048828,-0.005981787055764909,-0.022896924887081498,-100.0,18.414978445289105,0.11500563316971212,-2.400777051890445
2016-11-15,91.65474700927734,0.004946950176816234,-0.02440268459699066,-92.85714285714286,21.872296833527624,0.125243727802862,-2.5693665723738834
2016-11-16,92.48169708251952,0.009022446738721213,-0.024452266389382245,-57.142857142857146,27.902907672557248,0.13003560199023537,-2.1867865324965434
2016-11-17,91.1208953857422,-0.014714281200561286,-0.025938871803486113,-57.142857142857146,24.54533483082622,0.13690765634140317,-2.03507011697709
2016-11-18,90.85777282714844,-0.0028876204242713754,-0.026829714546424688,-85.71428571428572,23.945343497083172,0.14168483220422212,-1.936555513361221
2016-11-21,91.0832748413086,0.002481923198680569,-0.02689831525266395,-85.71428571428572,25.623334945087883,0.14431831848148163,-1.752080960749827
2016-11-22,91.0532455444336,-0.0003296905708245479,-0.02673268428685239,-85.71428571428572,25.5425171404565,0.14409553289807284,-1.6665127454404656
2016-11-23,90.69984436035156,-0.003881258509446206,-0.02670458366799104,-92.85714285714286,24.56072381145101,0.14430498557118487,-1.1703377132898891
2016-11-25,90.83518981933594,0.001492234743498022,-0.02613859077952885,-92.85714285714286,25.73801344086154,0.14484060662452325,-0.890895683952941
2016-11-28,91.50432586669922,0.007366484824814501,-0.02465915686381402,-78.57142857142857,31.434981975968938,0.14303904414335825,-0.443340031564092
2016-11-29,91.8877410888672,0.004190132199067165,-0.022938424324313793,-78.57142857142857,34.534058389422725,0.13759481992791828,-0.03306167697454043
2016-11-30,90.39913940429688,-0.01620022069244975,-0.023075636148070462,-71.42857142857143,29.04503126426406,0.13260483913501142,0.1287427247428527
2016-12-01,89.44465637207031,-0.010558541137850597,-0.023716921154554052,-100.0,26.17248455206143,0.1251535684265721,0.561026831999636
2016-12-02,90.10005950927734,0.007327471128970586,-0.023003065189031814,-71.42857142857143,31.203833915314622,0.11581246267739423,0.6263703540086892
2016-12-05,90.00212860107422,-0.0010869128026829156,-0.022427881537992907,-71.42857142857143,30.865353591609633,0.09715314252152127,0.611163254139817
2016-12-06,89.9343490600586,-0.0007530881999030514,-0.021778517207647237,-71.42857142857143,30.61780353679671,0.07596443975696729,0.42647859917365594
2016-12-07,90.70276641845705,0.008544203259705618,-0.020154531457848415,-71.42857142857143,36.80582803779459,0.04228159913739825,0.43887097913904455
2016-12-08,89.63301849365234,-0.011793994461750223,-0.01997344902903005,-14.285714285714286,32.46486092107008,0.03632175575118666,0.3202642583858958
2016-12-09,88.51799774169922,-0.012439843828667807,-0.020664921531920562,-57.142857142857146,28.669321556390408,0.0405900953127248,-0.03756160187359316
2016-12-12,88.68383026123047,0.0018734327906417825,-0.020586041923789163,-64.28571428571429,29.98046618608918,0.043835246720038266,0.028974787255105727
2016-12-13,89.0002212524414,0.003567628848223592,-0.0199640962646977,-64.28571428571429,32.528661229521646,0.04596396730074923,0.15836989307510976
2016-12-14,88.00580596923828,-0.011173177652924582,-0.020426175273976544,-78.57142857142857,28.961206529862192,0.05020984821477232,-0.22538984730660652
2016-12-15,88.45027160644531,0.0050504126666641724,-0.019875426317462922,-78.57142857142857,32.52326793608329,0.048148404739962083,-0.48290015336425757
2016-12-16,88.24687194824219,-0.0022995933704775817,-0.019526190607276454,-92.85714285714286,31.73894480853228,0.0501892488462073,-0.6785677112762163
2016-12-19,89.19601440429688,0.010755536543112454,-0.017943180532830186,-92.85714285714286,39.1173159878316,0.04985308438530907,-0.5423863198663603
2016-12-20,88.75157928466797,-0.004982679131989243,-0.01714414272253059,-85.71428571428572,37.095373037553564,0.04942047929072318,-0.3249164565870489
2016-12-21,89.1433334350586,0.004414052725012274,-0.0158303494313565,-50.0,40.037552246256205,0.047937091241579195,-0.11838564878509836
2016-12-22,88.98396301269531,-0.0017877996729770418,-0.014848813652872606,-50.0,39.23361226494171,0.04716357242724146,0.009268418054964369
2016-12-23,89.16522216796875,0.0020369867685885445,-0.013697976374920368,-50.0,40.69224024496032,0.04551342637356985,-0.0004667798908251261
2016-12-27,88.878173828125,-0.003219285870257882,-0.012962409262858346,-50.0,39.091916485525545,0.040899333083145355,0.12596716292636542
2016-12-28,89.52778625488281,0.007309020862805493,-0.011536354165814016,-50.0,44.41919109553826,0.03175580306170559,0.2644299314815629
2016-12-29,89.84503173828125,0.0035435421411542656,-0.010043032342232758,57.142857142857146,46.86346132264235,0.030150758538717317,0.2853686618177812
2016-12-30,89.98095703125,0.0015128860254032261,-0.008656732681626748,64.28571428571429,47.920237138855434,0.031003004403966746,0.2282704789539939
2017-01-03,90.36619567871094,0.0042813352977246755,-0.007111855107347523,71.42857142857143,50.90067053649938,0.031839729287118854,0.4232446106086841
2017-01-04,90.7136459350586,0.0038449140603749044,-0.005521401735572415,78.57142857142857,53.48614486282555,0.0341836011262419,0.6059153263882003
2017-01-05,92.13361358642578,0.01565329710574903,-0.002939038050200524,85.71428571428572,62.2378369479889,0.04371424128172979,0.9800432107227517
2017-01-06,91.28765106201172,-0.009181909744813255,-0.0016970381544895085,85.71428571428572,55.53396468978048,0.04577203965121251,0.8749773308654185
2017-01-09,92.02035522460938,0.008026322882378922,-4.266414713930866e-05,85.71428571428572,59.593571076719144,0.05223535395968968,0.8604184345811859
2017-01-10,91.95990753173828,-0.0006568948003248254,0.0011917783016494458,71.42857142857143,59.11407816189265,0.0559825049072441,0.8811397183991574
2017-01-11,92.26959228515624,0.0033676061854572836,0.0024059133000325804,100.0,60.85194980970496,0.05997699768232281,0.8609955117414299
2017-01-12,92.0656280517578,-0.0022105249231847424,0.0031635296236805274,78.57142857142857,59.07105802717661,0.06263949767849257,0.504626038930186
2017-01-13,91.62753295898438,-0.0047585087078005905,0.003353236299700916,78.57142857142857,55.325735019775955,0.06064449825320874,0.39243734129644914
2017-01-17,92.58684539794922,0.01046969625815719,0.004242573766240467,78.57142857142857,61.1364941689034,0.06172709807892685,0.37816892147000414
2017-01-18,91.40096282958984,-0.012808326747307475,0.003947028460240222,78.57142857142857,52.112768258619255,0.05806225869429169,0.0972756058182618
2017-01-19,90.77410125732422,-0.0068583694619756,0.0031015338913804396,71.42857142857143,48.07347378205244,0.05626605373871693,0.056877769690490416
2017-01-20,90.5927505493164,-0.0019978243298022225,0.0022274884923987833,50.0,46.93993560232543,0.052770481351806335,0.1822905797049429
2017-01-23,91.49913787841795,0.010005075721904788,0.0022876834718945534,50.0,52.91560906613996,0.050473735373394224,0.30251808116622175
2017-01-24,90.87227630615234,-0.006851010695844706,0.001791818435191557,50.0,48.820514437748145,0.04664956706905862,0.2664955317303723
2017-01-25,89.73169708251953,-0.012551454304832843,0.0003739748393394906,-57.142857142857146,42.39210388445995,0.0447867530165106,0.03581403982687198
2017-01-26,90.03385925292969,0.0033673961402098662,-0.000488707524018065,-64.28571428571429,44.47787501359413,0.04063372882653392,0.1575271768375611
2017-01-27,90.35863494873048,0.0036072617401461393,-0.0008671587715138379,-64.28571428571429,46.71118404151156,0.0382973696575026,0.2698949146495184
2017-01-30,90.08673858642578,-0.0030090800116555627,-0.0013994117424388952,-64.28571428571429,45.076486685944595,0.03758870278325605,0.1224444400647431
2017-01-31,90.7136459350586,0.00695893045380247,-0.001234700262279681,-64.28571428571429,49.46756662082389,0.03606164277590918,0.2634325834190041
2017-02-01,90.15271759033205,-0.006183505678165724,-0.0016023384041523113,-64.28571428571429,45.92929233813743,0.03656963416842912,0.3374790133320771
2017-02-02,90.1148681640625,-0.0004198367756537147,-0.001900383942551779,-64.28571428571429,45.6918020616293,0.03769232123312378,0.11732862519169146
2017-02-03,90.07706451416016,-0.0004195051346412848,-0.00214607641267166,-50.0,45.43907909248588,0.0375098585515171,-0.07193046547106409
2017-02-06,90.62206268310548,0.006050354459093743,-0.0018198289677255522,-50.0,49.75382686314741,0.03759175476804283,-0.08613746390900347
2017-02-07,91.28815460205078,0.00735021802885405,-0.0009601952589643084,-42.85714285714286,54.49075856160914,0.03627525322484152,0.04930037143108615
2017-02-08,92.529541015625,0.013598548672451027,0.0007879159130532756,64.28571428571429,61.731640744159634,0.03817120198252575,0.571101096848364
2017-02-09,91.4622802734375,-0.011534270358125709,0.001232550620291279,64.28571428571429,53.805420361665156,0.03626563719765648,0.3709385269674349
2017-02-10,91.40924072265624,-0.0005799062807388955,0.0015142794543216047,64.28571428571429,53.43820220348907,0.03480468568117478,0.40012464887841814
2017-02-13,91.1216278076172,-0.003146431506981684,0.001470820553230338,64.28571428571429,51.390012980328514,0.03411682044220854,0.6882925724110228
2017-02-14,90.4631118774414,-0.007226779701149599,0.0008458831201539688,64.28571428571429,46.95268756712788,0.02958400511066377,0.7086839814598154
2017-02-15,90.04674530029297,-0.004602611700032289,-2.9062004691760226e-05,64.28571428571429,44.345420113098996,0.0296394987506497,0.6881912352002781
2017-02-16,90.53881072998048,0.005464555415596095,-0.0002798453382149983,21.42857142857143,48.01909438187008,0.029670490662191153,0.575167162889179
2017-02-17,91.07621002197266,0.005935568268009339,2.2863373837250236e-07,21.42857142857143,51.76391251069427,0.0298783336314567,0.4057888642836824
2017-02-21,90.91725158691406,-0.0017453343196894844,7.927290537529232e-05,21.42857142857143,50.60264760557903,0.028900271060320885,0.2978277602596023
2017-02-22,91.06866455078124,0.0016653931044365855,0.00027269619512182186,21.42857142857143,51.71384445518724,0.02908475238535213,0.2706893662990654
2017-02-23,91.34111785888672,0.0029917349666805926,0.0006579228621683849,21.42857142857143,53.73078532218245,0.027993645357455,0.3482931994634301
2017-02-24,92.35546112060548,0.011105001619159394,0.0018185522599453948,21.42857142857143,60.36810743955938,0.030757154079341053,0.5964184368774773
2017-02-27,91.81047821044922,-0.005900927823256463,0.002255394064996003,-35.714285714285715,55.7415060525885,0.03145971726165819,0.35810703355770107
2017-02-28,92.1511001586914,0.0037100552669098175,0.0028488783726701833,-35.714285714285715,57.91261156217511,0.03209825627442479,0.2578733416892633
2017-03-01,90.60697174072266,-0.016756483810932643,0.001984478023857193,-35.714285714285715,46.72309399458244,0.03222814501224961,0.43627574889162113
2017-03-02,90.28085327148438,-0.0035992646368481207,0.0009629328572821721,42.85714285714286,44.75625584620298,0.03190045387281098,0.5807061587496596
2017-03-03,90.51595306396484,0.0026040936030311546,0.00035280227922158887,42.85714285714286,46.504553520311724,0.03095971959618105,0.8910320450377227
2017-03-06,90.08366394042967,-0.004775833528811058,-0.0005106984608239776,42.85714285714286,43.76211248329876,0.030938964911836838,0.955670140710342
2017-03-07,89.81059265136719,-0.0030313075325517636,-0.001428881973895153,-50.0,42.07422175921705,0.033028421195200074,0.8484833722453147
2017-03-08,89.32524108886719,-0.0054041683522129125,-0.0025757780789795065,-57.142857142857146,39.18158981976711,0.036803822174558506,0.910762695972421
2017-03-09,88.61234283447266,-0.007980927291148188,-0.004108350614338574,-64.28571428571429,35.33849629214486,0.03963690903164272,0.5757804513697133
2017-03-10,88.92330169677734,0.0035092048393929876,-0.004948727043548633,-71.42857142857143,38.18651100370072,0.04265748915843174,0.6225959369143663
2017-03-13,88.3620834350586,-0.006311262076530433,-0.006103988151274519,-78.57142857142857,35.17525791896713,0.04711247545154341,0.37017034709641083
2017-03-14,88.78681945800781,0.004806767862839845,-0.006500229677249357,-78.57142857142857,39.08995518304208,0.049344653474445194,0.27089404402781064
2017-03-15,89.87130737304688,0.012214514740580107,-0.005715289462223102,-78.57142857142857,47.763930464047014,0.04956242330766958,0.45844848777701175
2017-03-16,89.41627502441406,-0.005063154881501997,-0.005528521565500871,-78.57142857142857,44.876256723281955,0.05029452548045116,0.509215463203251
2017-03-17,89.97750091552734,0.006276551902436589,-0.004765796852633142,-64.28571428571429,48.973781252986115,0.050332655333202476,0.647596771190879
2017-03-20,90.36431121826172,0.004298966950610383,-0.003781731439177654,-64.28571428571429,51.641853151524145,0.04969046912618474,0.8002082407251186
2017-03-21,91.1150894165039,0.008308348596038018,-0.0023017286957712083,42.85714285714286,56.40643539117603,0.04999005748453886,1.08496129570877
2017-03-22,91.47915649414062,0.003995683700341868,-0.0008183519112376631,50.0,58.53968751754937,0.05079841899098363,0.9098738771486609
2017-03-23,91.35017395019533,-0.0014099664763913555,0.00023384063993284188,50.0,57.46675915820649,0.050817171289163805,0.741956845266487
2017-03-24,91.67632293701172,0.003570315990796047,0.0013364883081711451,50.0,59.48869041520444,0.04845284456895568,0.6939728015264658
2017-03-27,92.09343719482422,0.0045498580707592495,0.002537214876422773,71.42857142857143,61.978094908297265,0.0494217211720569,0.508175278145757
2017-03-28,91.47915649414062,-0.006670189748527622,0.002941307713943696,71.42857142857143,56.47425011331908,0.047265350373770686,0.19526020375017503
2017-03-29,92.02516174316406,0.005968630122408447,0.0036652904168695544,71.42857142857143,59.88427270621136,0.050294619257033275,0.24147168721754847
2017-03-30,91.2819366455078,-0.008076324817885783,0.0035891382217905004,71.42857142857143,53.71524414957523,0.051193423803072895,0.004114805594385814
2017-03-31,91.54741668701172,0.0029083524217381473,0.0036864753678477963,71.42857142857143,55.47949477011051,0.05248658980064328,0.03362923673224575
2017-04-03,92.4708251953125,0.01008666920070267,0.004488243283134228,100.0,61.04194621309219,0.056023406680196355,0.391452408741305
2017-04-04,91.9691925048828,-0.005424767102166328,0.0046867827531517445,92.85714285714286,56.8840530685562,0.057211346870761744,0.2949619040244617
2017-04-05,92.25041198730467,0.0030577574377088634,0.004998382958253304,85.71428571428572,58.587093358891075,0.05765557544272865,0.46828732626022174
2017-04-06,92.11361694335938,-0.0014828664826356253,0.005085996853492404,78.57142857142857,57.399400909496265,0.05466320871999075,0.6214648446939297
2017-04-07,91.74118041992188,-0.004043229826340533,0.004787685305254663,100.0,54.1790722895218,0.051154994359070345,0.2595230128837038
2017-04-10,92.1667709350586,0.004639034653671104,0.0048308830357995936,92.85714285714286,57.13835226060785,0.044143165209943214,0.06273931963059719
2017-04-11,93.0407943725586,0.009483064543031938,0.005531028129634351,92.85714285714286,62.4953678327426,0.039653621668108464,0.18878217094704816
2017-04-12,93.55001068115234,0.005473043432483227,0.006453374741924496,100.0,65.2225589764539,0.04085624367658973,0.5584701843225567
2017-04-13,93.83881378173828,0.003087151978744984,0.007349635271558494,64.28571428571429,66.70146319692874,0.039308322175571404,0.768399971198169
2017-04-17,93.55001068115234,-0.0030776508029787264,0.007762016130546532,64.28571428571429,63.78057110698979,0.037454215889630806,0.688726896262745
2017-04-18,94.77364349365234,0.013079985812834538,0.008905803779819893,78.57142857142857,69.8123267416112,0.04159913435397715,0.832449895776567
2017-04-19,94.25684356689452,-0.005452992073607943,0.009395195463206866,78.57142857142857,64.89668034289234,0.04381561441572258,0.9194773270511046
2017-04-20,93.89202117919922,-0.003870513523364316,0.009360769547120125,78.57142857142857,61.59930738012251,0.04473894095980885,0.8908900068979415
2017-04-21,93.89202117919922,0.0,0.009198521043345054,78.57142857142857,61.59930738012251,0.044699650832959285,0.4800527455367182
2017-04-24,93.42839813232422,-0.00493783221462607,0.008615216165688371,57.142857142857146,57.307778252636254,0.04402595666067037,0.3716826094281635
2017-04-25,92.30361938476562,-0.012038938588731396,0.007149976121595894,57.142857142857146,48.482850651900456,0.04376515931776996,0.028647471863119604
2017-04-26,92.8127670288086,0.005516009528516941,0.0062438464569424795,57.142857142857146,52.08013282135791,0.041806585432397236,0.09005198739598602
2017-04-27,92.78237915039062,-0.00032741054265239544,0.005469163561111398,50.0,51.847435552145605,0.04100861368935056,0.1694100021422824
2017-04-28,92.98761749267578,0.00221204008955711,0.004963768420804206,42.85714285714286,53.36306152152809,0.037800298389500026,0.44053802615776994
2017-05-01,92.21461486816406,-0.00831296300900064,0.0038898881302191286,-64.28571428571429,47.32163482530367,0.03593841605862769,0.3427516320572379
2017-05-02,92.686767578125,0.005120150538349577,0.0033628265451772837,-64.28571428571429,50.972726331328275,0.035695402221819966,0.4826676331439625
2017-05-03,92.74769592285156,0.0006573575313779667,0.0029775700475429723,-64.28571428571429,51.440447132016544,0.03429568849917297,0.3449904310751181
2017-05-04,92.29073333740234,-0.004926942722429772,0.0022616397884762467,-85.71428571428572,47.7603255556622,0.03420990237754521,0.5857343861536171
2017-05-05,92.37454986572266,0.0009081792428053959,0.0017342736626602753,-85.71428571428572,48.48826841332497,0.033625272230565675,0.7176353794946665
2017-05-08,91.87189483642578,-0.005441488267358796,0.0008736139746659599,-100.0,44.48482443551322,0.0331662507943551,0.484654641968217
2017-05-09,91.86428833007812,-8.279470409533474e-05,0.00017532790990393383,-85.71428571428572,44.42504870720339,0.03404467389546743,0.5609915013878756
2017-05-10,91.75759887695312,-0.0011613811532688034,-0.00046700518563438535,-85.71428571428572,43.54128696488542,0.03618599110048335,0.4658706695976858
2017-05-11,91.75759887695312,0.0,-0.0009650953333121663,-100.0,43.54128696488543,0.03755047886225867,0.5977994694990019
2017-05-12,92.45069122314452,0.007553514419234464,-0.0007362180759260242,-92.85714285714286,50.90038151561871,0.036622544279141966,0.7766254666391579
2017-05-15,92.1993179321289,-0.002718998502768133,-0.0007731793888761606,-42.85714285714286,48.434560858691384,0.036396024043467645,0.8506184332432384
2017-05-16,92.54208374023438,0.003717660995689709,-0.0004933542292347573,-42.85714285714286,51.85921458792717,0.030565656855761836,0.832019750137802
2017-05-17,93.89012145996094,0.014566753473052474,0.0008784841392917823,28.571428571428573,62.427741955007306,0.028932034174974478,0.9716376188662094
2017-05-18,93.99674987792967,0.0011356723828950255,0.0020260194556428984,35.714285714285715,63.11746957695705,0.029367250136286677,0.8185043823071593
2017-05-19,94.2175521850586,0.0023490419340632673,0.0030829238527554288,35.714285714285715,64.56798226387367,0.03077841063341824,1.028566578376026
2017-05-22,93.95865631103516,-0.002747851838847626,0.003670453808343017,35.714285714285715,61.513232916974644,0.03236734328192725,1.0108935381932802
2017-05-23,93.32648468017578,-0.006728189351353331,0.0035695804839295177,35.714285714285715,54.70715310397283,0.03265429208002863,0.610497808975862
2017-05-24,93.85204315185548,0.005631396848180481,0.003857893214385599,35.714285714285715,58.789475920616766,0.034280896019788114,0.6743086424597506
2017-05-25,93.88249969482422,0.000324516568269706,0.004080039003807048,35.714285714285715,59.01998819347545,0.03576660737794053,0.9051758930476045
2017-05-26,94.04240417480467,0.0017032405453651922,0.004337053229494264,35.714285714285715,60.276308064458995,0.037469570062660586,0.9255356083567765
2017-05-30,94.50702667236328,0.004940563798166764,0.004864513494516111,85.71428571428572,63.753425848706094,0.03966351831543076,1.00769852699354
2017-05-31,94.74308013916016,0.0024977345612111623,0.005424735104069581,92.85714285714286,65.41001568895875,0.04263093886231573,1.02685916405242
2017-06-01,94.75303649902344,0.0001050879900532653,0.0058191021146605845,92.85714285714286,65.48167499980394,0.045056593018750764,1.258940402892114
2017-06-02,95.87493896484376,0.011840279818704058,0.006924743995529431,92.85714285714286,72.41618519564071,0.0503457506361596,1.5393444259293783
2017-06-05,95.2796401977539,-0.006209117559992872,0.007315531595213359,92.85714285714286,64.95907634416693,0.052142009707215706,1.348696126531096
2017-06-06,95.79864501953124,0.005447174450912362,0.007895960865950421,100.0,68.04830357129481,0.05338078692939088,0.8527062029462514
2017-06-07,95.34069061279295,-0.004780385011133648,0.007948437586059271,92.85714285714286,62.78827175638831,0.05196874422426027,0.23269889911103078
2017-06-08,95.08885955810548,-0.0026413806431320186,0.0076788307111249265,64.28571428571429,60.03985596529978,0.0484639755004816,-0.03456804050251281
2017-06-09,94.94379425048828,-0.0015255762693058283,0.007252966253675735,64.28571428571429,58.45260094728758,0.04335001674516365,-0.08285940142120185
2017-06-12,94.91333770751952,-0.00032078497819887364,0.006804057671169336,64.28571428571429,58.10528523499347,0.04003257686470538,-0.18266054603362897
2017-06-13,94.9285659790039,0.00016044395711078963,0.006384760647816241,64.28571428571429,58.23889777825989,0.03430013231276129,-0.11636347674540728
2017-06-14,96.39393615722656,0.015436556563455994,0.007106059077282811,100.0,68.61243805106763,0.03297954618493474,0.057386250668795206
2017-06-15,96.24126434326172,-0.001583832137696084,0.007551857995167384,92.85714285714286,66.75199869264878,0.034914467446677144,0.14091548095848036
2017-06-16,96.4320831298828,0.0019827127991636218,0.007948642984118463,85.71428571428572,67.92272943297772,0.0369725771870664,0.3213269482440832
2017-06-19,96.29474639892578,-0.0014241809001682704,0.008078534910093823,78.57142857142857,66.11820489478013,0.03829365179517053,0.2787348217756969
2017-06-20,97.15716552734376,0.008956035097129611,0.008715740248734824,92.85714285714286,71.27846575204944,0.04140770517949276,0.4643139426572076
2017-06-21,97.35553741455078,0.0020417628090558804,0.009315688351459402,100.0,72.32264777724568,0.0417515467351178,0.6840191149773859
2017-06-22,97.5692901611328,0.0021955889953320096,0.009847012094014632,64.28571428571429,73.4430229540191,0.043404310425690915,0.9500664736575283
2017-06-23,97.52349090576172,-0.0004694023631354183,0.010134376269630195,71.42857142857143,72.76337631027157,0.04357725759654478,1.0779579109315585
2017-06-26,97.8898468017578,0.003756591284761246,0.01050062911176301,78.57142857142857,74.77434168426514,0.044333928600148016,0.9183885749713264
2017-06-27,96.84424591064452,-0.010681402875527879,0.009951851921355928,78.57142857142857,60.94408278093613,0.042723369179423175,0.6265247544399379
2017-06-28,96.5237045288086,-0.0033098650190500623,0.009085699937585946,78.57142857142857,57.436799936557925,0.040916773260992856,0.5563673396429286
2017-06-29,95.71468353271484,-0.008381578390956657,0.007673356154448479,78.57142857142857,49.66765423683146,0.038922908645371394,0.5732445517901236
2017-06-30,95.49333953857422,-0.00231253958087807,0.006249180787361046,64.28571428571429,47.76404938716563,0.039361982692762185,0.5218488630409864
2017-07-03,95.18589782714844,-0.0032195094748109776,0.004806871987845075,64.28571428571429,45.17420651286418,0.03955931347547419,0.39414658707272315
2017-07-05,95.20881652832033,0.00024077832636004715,0.003624599571245039,-35.714285714285715,45.41182637420535,0.04041775314830571,0.4747560946473847
2017-07-06,94.42110443115234,-0.008273520519327948,0.00201459016880237,-50.0,39.13393834910334,0.04282529750393576,0.6724171428777553
2017-07-07,93.85518646240234,-0.005993553794561235,0.00022979650869566363,-57.142857142857146,35.35267024992262,0.046684501201510555,0.5400091305291728
2017-07-10,93.99283599853516,0.0014666161916150333,-0.0010621292690282177,-57.142857142857146,36.948495455768835,0.04937526714559974,0.450898613735844
2017-07-11,94.15342712402344,0.001708546441675507,-0.0019223753591637173,-57.142857142857146,38.84518757939244,0.051289298315211625,0.41880500252393826
2017-07-12,94.8034896850586,0.006904289954085874,-0.0020112137018482197,-57.142857142857146,45.93501652360456,0.05152303425825905,0.5775719252174796
2017-07-13,94.20697784423828,-0.006292087377816502,-0.0025864310094874023,-57.142857142857146,41.213385869202696,0.0537430275526188,0.5593012034405623
2017-07-14,94.32167053222656,0.001217454275817209,-0.002897001561091243,-57.142857142857146,42.43851390482234,0.05537395641765796,0.3533977268062699
2017-07-17,94.58171844482422,0.002757032515754654,-0.002881896162169521,-57.142857142857146,45.225799085124095,0.05599153044043164,0.2643396309657588
2017-07-18,95.4076690673828,0.008732666694361457,-0.002128251546518165,-50.0,53.00886546801426,0.055713837641169696,0.5347473911529899
2017-07-19,95.44593811035156,0.0004011107633468125,-0.0015004831187996222,-42.85714285714286,53.33969211579781,0.0537532279341525,0.6176905189629607
2017-07-20,95.72128295898438,0.0028848252118856,-0.0007598901355555311,64.28571428571429,55.75336725378298,0.05090895177381796,0.33718326501823404
2017-07-21,96.1266098022461,0.004234448502277166,0.00016272633371717225,71.42857142857143,59.10684143766206,0.04722289013340247,0.06946054791961821
2017-07-24,95.75181579589844,-0.003898962078436874,0.0005724126928629535,71.42857142857143,54.958970056504896,0.042718387899924395,-0.23623043028474053
2017-07-25,94.50527954101562,-0.013018408523342129,-0.00015414243262115194,71.42857142857143,43.91962896816066,0.035113465885918564,-0.6185446117182513
2017-07-26,94.65818786621094,0.0016179871213326535,-0.0005975026146232595,71.42857142857143,45.36924398092056,0.031103082164745707,-0.5854403683711543
2017-07-27,94.19171142578124,-0.0049280094088534065,-0.0013379615644192643,71.42857142857143,41.81794110763338,0.02826717124051344,-0.4965414716042346
2017-07-28,94.74994659423828,0.00592658483434505,-0.0014193395921092246,64.28571428571429,47.14942441818702,0.027138744765174156,-0.23094374965464143
2017-07-31,94.8647003173828,0.0012111217712442723,-0.0013748197213914132,57.142857142857146,48.20022692624274,0.026404714445882903,0.1255315660934021
2017-08-01,95.53076171875,0.007021172249939145,-0.0007601862683384332,42.85714285714286,53.926297051298924,0.027022491478079114,0.6264505061540032
2017-08-02,95.58438110351562,0.0005612787315931733,-0.00023257787985693103,42.85714285714286,54.36364989185355,0.027703526364606216,0.5697334057162017
2017-08-03,96.57311248779295,0.010344068485483637,0.0009979518468991222,35.714285714285715,61.60184615075024,0.031539346731544377,0.8908688128885375
2017-08-04,95.75300598144533,-0.008492079060321123,0.0012822620914213739,35.714285714285715,53.95738364003331,0.030451703139539817,1.0520894466417674
2017-08-07,95.86027526855467,0.001120270700745829,0.0015713090626746098,35.714285714285715,54.748384822944786,0.02950547245077198,1.1938910690777653
2017-08-08,95.51539611816406,-0.003597727519813909,0.001499384065970479,35.714285714285715,51.6746198455858,0.02806731365386981,1.1746721175501078
2017-08-09,96.03663635253906,0.005457133148776938,0.0018467493865246304,35.714285714285715,55.720881710247404,0.028744012041640763,0.779467754840824
2017-08-10,96.85670471191406,0.008539119970472742,0.0027618317431054485,71.42857142857143,61.22211023638411,0.030254542212519244,0.8987188144281015
2017-08-11,96.9026870727539,0.0004747462860377194,0.003495765143053477,78.57142857142857,61.51086210158413,0.03128653262524617,1.102537091150686
2017-08-14,96.4044952392578,-0.005141156025137539,0.0036405692169783144,78.57142857142857,56.59386446762027,0.030828486073071006,0.9284640950081028
2017-08-15,95.99826049804688,-0.004213856835230789,0.003376457913232332,78.57142857142857,52.88176769009462,0.030929645782841592,0.8711262293317638
2017-08-16,96.35086059570312,0.0036729842377032362,0.003399500194661183,78.57142857142857,55.60375578550172,0.03148313272458416,0.8971758612392613
2017-08-17,97.07132720947266,0.007477531693179884,0.003955414891447848,100.0,60.61089289895369,0.03386147853047606,1.215193205002517
2017-08-18,97.04833984375,-0.00023680901851741432,0.004347791525999986,100.0,60.376915342131845,0.03569372579403356,1.1669192886232358
2017-08-21,97.28592681884766,0.0024481302357173274,0.004788497172846439,92.85714285714286,62.009287089102884,0.03809074814288879,1.239779510602748
2017-08-22,96.91033172607422,-0.0038607340758834985,0.004798073825897774,57.142857142857146,57.945136933387516,0.03670585125465779,1.0575101862661473
2017-08-23,97.56949615478516,0.0068017972590799225,0.005243287390709145,78.57142857142857,62.58036483951134,0.036881237757339515,1.2040819904038171
2017-08-24,97.20926666259766,-0.003692029849329481,0.00528272836816464,85.71428571428572,58.768234842484354,0.03288113432353958,1.0107273568020423
2017-08-25,97.58484649658205,0.0038636217191925226,0.00552506673760224,92.85714285714286,61.4078252824029,0.03125573274743716,1.008638867484054
2017-08-28,97.52356719970705,-0.0006279591460662814,0.005621335178235017,92.85714285714286,60.72475314868058,0.02879670432652075,1.0247962116858222
2017-08-29,97.8377914428711,0.003222033936890245,0.005868099512939645,71.42857142857143,62.99766493756359,0.02909070842822107,0.7964837045560695
2017-08-30,97.8070831298828,-0.0003138696462320345,0.005985545953425135,71.42857142857143,62.616290180300716,0.028704695094452597,0.7020566701272606
2017-08-31,98.09833526611328,0.002977822535037866,0.006226912030236991,71.42857142857143,64.79325405727297,0.03083415235033969,0.9076008638138963
2017-09-01,97.3479995727539,-0.007648811688026336,0.005793126592582259,71.42857142857143,55.78112745596122,0.02913043744380632,0.689028673624567
2017-09-05,98.8917236328125,0.015857789238954867,0.006511396761067991,100.0,66.19802364277703,0.03194375750409789,1.1130322271893889
2017-09-06,98.28498077392578,-0.006135426065982719,0.006621984472444252,100.0,60.19574505102629,0.029758304665712717,0.9611817009682855
2017-09-07,99.2911148071289,0.010236905224791482,0.007343118237019254,100.0,65.74276009602794,0.032626597320486304,1.0877137007450253
2017-09-08,99.07604217529295,-0.002166081348303206,0.007720930736655672,92.85714285714286,63.6992437577801,0.03532247793976158,1.2143451992249623
2017-09-11,97.89332580566406,-0.011937460799416488,0.007048324028483244,78.57142857142857,53.796330485960006,0.03494555678020008,0.7683275866747938
2017-09-12,97.37873077392578,-0.005256691684577652,0.005980044124083886,78.57142857142857,50.143629439440915,0.033231552677928516,0.515664069288665
2017-09-13,96.99469757080078,-0.003943707214839054,0.004749876577481003,-28.571428571428573,47.54891280189915,0.030179304764161,0.12237837366295576
2017-09-14,97.39407348632812,0.004117502559723096,0.004025277806604618,-28.571428571428573,50.42207595871637,0.02766555625958086,0.18229715353415357
2017-09-15,97.43247985839844,0.00039433992947945917,0.003457054262104641,-28.571428571428573,50.701744388251605,0.027128259401213134,0.32593029595292466
2017-09-18,96.87178802490234,-0.005754670663324579,0.002529204077554969,-50.0,46.57145447612881,0.02755175272113481,0.3029501339979505
2017-09-19,96.63371276855467,-0.0024576325182154024,0.0015655533404140087,-57.142857142857146,44.898945379208385,0.029025469624586752,0.11730833225047521
2017-09-20,96.70287322998048,0.0007156970320643108,0.0008443216533449412,-64.28571428571429,45.51113331519626,0.029556795110356523,0.21785571821895205
2017-09-21,96.64908599853516,-0.0005562113063322105,0.00022626513851696598,-64.28571428571429,45.09154253186818,0.03099599182638512,0.01839944402565097
2017-09-22,96.92554473876952,0.0028604382274091122,-3.26373717626379e-05,-64.28571428571429,47.75758668548779,0.03143579787200499,-0.19670052677943786
2017-09-25,97.53230285644533,0.006260043410755367,0.00026312585295877583,-64.28571428571429,53.13581369322365,0.03144661695825342,-0.08435146190120171
2017-09-26,97.35558319091795,-0.0018119090839829877,0.000347781907987019,-64.28571428571429,51.47372029065031,0.031531983895643316,0.08909447764942154
2017-09-27,95.88872528076172,-0.01506701374567987,-0.000804274697979863,-100.0,40.22603478580814,0.03504850633801587,0.00980759973474476
2017-09-28,95.60454559326172,-0.002963640268112022,-0.0019440631212988841,-100.0,38.47210105725671,0.03891053249351145,0.14222210903017155
2017-09-29,95.81961059570312,0.002249526956138448,-0.0026276716927887494,-92.85714285714286,40.58351931992478,0.0408687739077717,0.3024341232233433
2017-10-02,95.6441650390625,-0.001830998430800257,-0.0032888204789490493,-21.42857142857143,39.39581166664108,0.04350119280743591,0.0821459945637337
2017-10-03,95.73651885986328,0.000965598066155593,-0.0036849727155601,-21.42857142857143,40.38485121711923,0.042452085401394835,0.12892342565142564
2017-10-04,95.74415588378906,7.977127241232118e-05,-0.0039491615257055785,-21.42857142857143,40.4713661156744,0.04239257349137038,0.27096701144571816
2017-10-05,95.3824691772461,-0.0037776374255361622,-0.004429455530237959,-57.142857142857146,37.682264462646366,0.03829077431741428,0.24955284850046122
2017-10-06,95.11312866210938,-0.0028237947440447053,-0.00498287411405074,-64.28571428571429,35.70873003651114,0.034041004510838274,0.23196363684392157
2017-10-09,95.4132843017578,0.0031557750635533566,-0.005082071302150257,-64.28571428571429,39.51075844223785,0.03293549674103202,0.28994432421300576
2017-10-10,95.56717681884766,0.001612904515509106,-0.004977462900767027,-64.28571428571429,41.42344095725036,0.032453722805525935,0.1324684783559784
2017-10-11,95.75189971923828,0.0019329115554054255,-0.004681951083270088,-64.28571428571429,43.723707415379906,0.032195679946032243,0.0254409379481297
2017-10-12,96.15980529785156,0.004260025960939995,-0.004047518772003103,-64.28571428571429,48.53022109130089,0.03034129941472537,0.2181360932408594
2017-10-13,96.85236358642578,0.0072021598466120995,-0.0029242986336181567,-64.28571428571429,55.48235675113647,0.028718493202433797,0.49410183253176065
2017-10-16,96.78311157226562,-0.0007150265785549337,-0.0020921683207217696,-57.142857142857146,54.6869118610215,0.028542376757059784,0.6804679927551823
2017-10-17,96.90623474121094,0.001272155512931361,-0.0013115815891689682,50.0,55.89753811560922,0.02902976758402272,0.8176018520128941
2017-10-18,96.26750183105467,-0.006591246805347506,-0.001220991935608043,50.0,48.63774782205738,0.02861890224308626,0.9493087421584617
2017-10-19,96.43680572509766,0.0017586817027837043,-0.0009872546792767426,50.0,50.47385593203168,0.02836842833058963,0.6059557868582768
2017-10-20,95.4132843017578,-0.010613389935970163,-0.0016588136911351416,50.0,40.94448421181111,0.028098488315240443,0.42940504976887883
2017-10-23,95.5825653076172,0.001774186970904701,-0.0020126612163831204,50.0,42.8657621669708,0.024679220405325736,0.26859697684320943
2017-10-24,94.99000549316406,-0.006199455021384748,-0.0027810419596533296,50.0,38.18293922834034,0.022430696645371746,0.18112201125818517
2017-10-25,94.53594970703124,-0.00478003747631639,-0.0037407144395341313,-42.85714285714286,35.02544509692817,0.02543574127106395,0.334150670546308
2017-10-26,94.22042083740234,-0.00333766012407688,-0.00472151110501014,-42.85714285714286,32.984206342870166,0.029163589383782603,0.026577774743160167
2017-10-27,94.84375762939452,0.00661572922782705,-0.004866375408871467,-42.85714285714286,40.376753525168105,0.03021239421476643,0.1976975436975461
2017-10-30,95.75189971923828,0.009575138233054448,-0.004145208176231102,-42.85714285714286,49.17351372605383,0.03021945283018369,0.5844248743062828
2017-10-31,95.78264617919922,0.00032110548251362836,-0.0035423603140170164,-42.85714285714286,49.4454663421999,0.03023017008257717,0.5957890311102142
2017-11-01,96.2091293334961,0.00445261403092756,-0.0026636628002757257,-42.85714285714286,53.18709107529189,0.030610209906396804,0.5691223599785781
2017-11-02,96.63331604003906,0.004409006811324279,-0.0015984092039175901,-42.85714285714286,56.62562420417818,0.03156790059310053,0.5835187567655227
2017-11-03,96.89551544189452,0.0027133437265758342,-0.0005368484254862208,-42.85714285714286,58.64756305926252,0.032503339786666,0.8690912564711569
2017-11-06,97.25804138183594,0.0037414109237987603,0.0005938262845029863,57.142857142857146,61.33156860725839,0.03457503387268778,1.06674666716014
2017-11-07,97.6667709350586,0.00420252708583746,0.0017990313350747537,64.28571428571429,64.15629767933544,0.0376759380004964,1.1973332785858348
2017-11-08,97.45082092285156,-0.0022110899146099428,0.0025539894209271,71.42857142857143,61.596089607138296,0.03959193562663486,1.115124888049228
2017-11-09,97.17317962646484,-0.0028490400979435115,0.0028942239805296666,71.42857142857143,58.37095193093349,0.040683025428707144,1.0537073190358246
2017-11-10,95.7078628540039,-0.015079436302214644,0.0019485548361325399,71.42857142857143,44.98391391857981,0.040399223767584855,0.5777626108772307
2017-11-13,95.90839385986328,0.0020952406613161667,0.0013151094892516512,71.42857142857143,46.782682907525235,0.0399608359126636,0.1332803942906801
2017-11-14,96.55619049072266,0.006754326756904128,0.0013368028882020748,71.42857142857143,52.217628910869166,0.03946517931129162,0.15749026949156544
2017-11-15,97.60503387451172,0.010862518275198907,0.0021882335411350356,64.28571428571429,59.440240636831156,0.04182751763480989,0.4709590528773446
2017-11-16,96.75672149658205,-0.008691276917339397,0.0021671403197812515,57.142857142857146,52.52478640828987,0.04212246139670004,0.31571098003268167
2017-11-17,97.4739761352539,0.007412969637434319,0.002682350152107679,50.0,57.07235692037925,0.04310121189950838,0.46420221619481633
2017-11-20,97.43536376953124,-0.00039612999544713645,0.003037533509712317,-14.285714285714286,56.75716798702629,0.04384088573447493,0.6318058948639695
2017-11-21,97.7438507080078,0.00316606749892423,0.0035217760914362972,50.0,58.71869211066132,0.04353616539408407,0.614926036500898
2017-11-22,98.06005859375,0.0032350667939899935,0.004113306347436553,50.0,60.68718679846111,0.0415356636679339,0.7062369596038605
2017-11-24,97.79012298583984,-0.0027527579707907757,0.004331107451641383,50.0,58.138498222082056,0.0356054712238453,0.6424750334377423
2017-11-27,97.65129089355467,-0.0014196944235899123,0.004336400644915684,50.0,56.81686362835258,0.030820082155201326,0.4574937312553785
2017-11-28,97.78245544433594,0.0013431932090302023,0.004387561711791887,50.0,57.79307220878794,0.029301347145437355,0.3113893210173079
2017-11-29,96.81842803955078,-0.009858899537800392,0.0036315398621485483,50.0,49.02158259111219,0.02677123060743779,0.5361413451083283
2017-11-30,96.49447631835938,-0.003345971709632245,0.002705740296674337,50.0,46.46924128549665,0.026049001062042495,0.6804834260107598
2017-12-01,97.7966537475586,0.01349483907144089,0.002976358017782982,100.0,56.31516887311474,0.026194886171028137,0.7532765341354223
2017-12-04,97.84300994873048,0.0004740060052723649,0.0032189750239603934,92.85714285714286,56.62105136486092,0.02662023981247578,1.0703967487164865
2017-12-05,98.32990264892578,0.004976264532851493,0.003751778041198722,7.142857142857143,59.80459274475933,0.028315806014043446,1.2976488102098813
2017-12-06,98.66986846923828,0.0034574001514706687,0.004399541961906426,28.571428571428573,61.90675449140287,0.030714486564687418,0.8317265088164768
2017-12-07,97.89710998535156,-0.007831757514986881,0.00427577105416509,28.571428571428573,54.88082859845582,0.031085768733490778,0.28294532525891536
2017-12-08,97.90483856201172,7.894591230850345e-05,0.004108837465910501,28.571428571428573,54.93591399955171,0.03136261902632067,0.18462632931992123
2017-12-11,97.7039031982422,-0.002052353762293846,0.003775517297577028,28.571428571428573,53.12008194347939,0.026979871361217895,-0.014155995787582046
2017-12-12,97.66524505615234,-0.00039566630220921883,0.0034345185060465286,28.571428571428573,52.758769213093274,0.02235877508975378,0.17719446336093084
2017-12-13,98.39942932128906,0.007517354456179293,0.0036989125069647145,28.571428571428573,58.52812096609382,0.021149574097289205,0.518871227032374
2017-12-14,98.81671905517578,0.004240773922826291,0.0042044484316228845,28.571428571428573,61.41260776245304,0.02336802287644775,0.8391192727594601
2017-12-15,99.18770599365234,0.003754293221063243,0.004846141486391136,78.57142857142857,63.82177890881228,0.024689714754323692,1.0443573193422593
2017-12-18,98.28350067138672,-0.009116102779143764,0.00462090059824092,78.57142857142857,54.83554870326566,0.024639184325944936,0.9033791560158263
2017-12-19,97.00838470458984,-0.01297385581594468,0.0033655519395825026,78.57142857142857,45.17550741917304,0.025610804711911305,0.6128835983378585
2017-12-20,95.93419647216795,-0.011073148323137327,0.0014285659792312524,-21.42857142857143,38.95043397548705,0.03102064532551467,0.24566517084337458
2017-12-21,96.49337005615234,0.005828720149301692,0.00032823544203159564,-21.42857142857143,43.32826400757829,0.033036148342252825,0.18148783805834323
2017-12-22,96.6250228881836,0.0013643717900477803,-0.0004216873771338302,-21.42857142857143,44.34027587910838,0.034464956406839484,0.22533685107865684
2017-12-26,96.91154479980467,0.002965297218637142,-0.0007652606497666456,-21.42857142857143,46.57624508307256,0.03512982076614405,0.18063875000198246
2017-12-27,98.17384338378906,0.013025265324084767,1.2195797428937506e-05,-21.42857142857143,55.12856048639914,0.03543930482718592,0.38022396255506163
2017-12-28,98.08867645263672,-0.0008675114288783092,0.0005447354292930006,-21.42857142857143,54.49469498949897,0.034730245448201025,0.4844555916896534
2017-12-29,98.24357604980467,0.0015791791954982148,0.0010800200905735733,-21.42857142857143,55.496940912606604,0.03303136423753932,0.5430869550821084
2018-01-02,97.18262481689452,-0.010799191922455154,0.0006331309523796609,-21.42857142857143,47.7410137445354,0.03349562858921017,0.23636887037752838
2018-01-03,97.64720153808594,0.004780450436142836,0.0006448152259268041,-21.42857142857143,50.97214274018585,0.033507849541888436,0.323194059646399
2018-01-04,97.63177490234376,-0.00015798338814820845,0.0006364791652127851,-21.42857142857143,50.859691176635835,0.033098509736273624,0.5882794377144143
2018-01-05,97.35298919677734,-0.0028554812799959084,0.00039595788420138995,-21.42857142857143,48.76590255831347,0.032032600248340794,0.5749815893241798
2018-01-08,97.29098510742188,-0.000636899697349258,0.00015086420734458417,-21.42857142857143,48.28974732308642,0.032119271132395606,0.5348502331722048
2018-01-09,95.989990234375,-0.013372203720729225,-0.0011248479078163414,-14.285714285714286,39.561204647180546,0.03517422227112012,0.049804228504269035
2018-01-10,95.8738250732422,-0.0012101799453168027,-0.0022123365696512833,-50.0,38.88534309817577,0.03813765151092736,0.2384779739748812
2018-01-11,96.2687759399414,0.0041194858596440564,-0.0026983422378789035,-50.0,42.48312918234072,0.039494492064237365,0.5162913932636335
2018-01-12,96.43142700195312,0.0016895515749904,-0.002915771242643117,-50.0,43.94662091558753,0.03913501915606514,0.7215021249586802
2018-01-16,96.8340835571289,0.004175573956482381,-0.002712040727145558,-50.0,47.507481626976016,0.03649718424690956,0.8382164875118141
2018-01-17,96.70246887207033,-0.001359177267175049,-0.0026430322692760798,-50.0,46.46836372700316,0.03135473575379052,0.7174506443893459
2018-01-18,95.8041000366211,-0.009290029985043136,-0.0033279556735754303,-50.0,40.031942052422146,0.03100659306627199,0.37810909474330434
2018-01-19,95.3007354736328,-0.005254102515402592,-0.00424868713889949,-50.0,36.94416715291599,0.03427788537543009,-0.08037161798421744
2018-01-22,95.3936767578125,0.0009752420452768806,-0.004825365111241648,-50.0,37.8966663125152,0.035816398614071425,-0.41213732625488797
2018-01-23,95.8041000366211,0.004302415975123708,-0.004861303568854103,-42.85714285714286,42.058968054734805,0.03687550043565908,-0.5204654870054957
2018-01-24,95.28528594970705,-0.005415364130718081,-0.005311012783093468,-100.0,38.542378983520194,0.039274654875291214,-0.2912288012796336
2018-01-25,96.06744384765624,0.008208590551557204,-0.004887153840446492,-85.71428571428572,45.88793203217446,0.03965790029740396,0.1798654783257273
2018-01-26,95.71118927001952,-0.003708379898206382,-0.004847054721896217,-85.71428571428572,43.346638228729304,0.037879438969116865,0.39985987484341073
2018-01-29,95.0452117919922,-0.006958198755095069,-0.005338364212766033,-100.0,38.998637593598296,0.03725773954006438,0.5629792216876152
2018-01-30,94.48756408691406,-0.005867183570473333,-0.006139909392810392,-64.28571428571429,35.76372886660027,0.03674849599921045,0.5408338331636262
2018-01-31,95.0452117919922,0.005901810576524058,-0.006166055359187011,-64.28571428571429,41.03139379870706,0.03697971658904351,0.8089429966391829
2018-02-01,93.66773223876952,-0.014492887408545263,-0.007407986450002631,-78.57142857142857,33.68347102187135,0.04011950754531027,0.29670498877669305
2018-02-02,92.79857635498048,-0.009279138749441085,-0.009049733695409276,-85.71428571428572,30.029286124046596,0.0457588575127723,-0.16396720175254365
2018-02-05,93.67546844482422,0.009449413172992749,-0.00933648802792257,-92.85714285714286,37.407164128762346,0.04620882823402311,-0.07594835193745496
2018-02-06,93.09346771240234,-0.0062129471256893165,-0.010079368178075542,-92.85714285714286,34.78550883892046,0.047701785592304514,-0.21047509613621185
2018-02-07,92.20877075195312,-0.009503319429268187,-0.011366923966858837,-100.0,31.205325946430808,0.05477899987527854,-0.5418792131065656
2018-02-08,92.10789489746094,-0.001093994136019294,-0.012271082640598594,-85.71428571428572,30.81586971552009,0.060623202900528854,-0.5088837422940439
2018-02-09,91.52586364746094,-0.006319015874241218,-0.013418748527258132,-92.85714285714286,28.598126420668073,0.06656746785141196,-0.7509951823066157
2018-02-12,91.92938232421876,0.004408793981033554,-0.013691795816195063,-92.85714285714286,32.239104015580594,0.06885089690697273,-0.9130201309306661
2018-02-13,92.34069061279295,0.004474176570920196,-0.013379062598021716,-78.57142857142857,35.830987643733394,0.06737972432157276,-0.7108163201685402
2018-02-14,91.3163070678711,-0.011093522672657397,-0.014070400994159436,-100.0,31.370841386878425,0.06797428288067224,-0.7586910255318722
2018-02-15,91.6267318725586,0.0033994454512573657,-0.014015287715399718,-92.85714285714286,34.04991227381214,0.06874057563736803,-0.871878975115779
2018-02-16,92.12342071533205,0.005420785316934351,-0.013344969789885775,-85.71428571428572,38.206446600938634,0.06856170484546098,-0.8719563230325835
2018-02-20,91.71986389160156,-0.004380610496189652,-0.01313390016973672,-71.42857142857143,36.20960003508832,0.06827372561710462,-0.7718133888105421
2018-02-21,90.59465026855467,-0.012267938212127238,-0.013922292101525499,-100.0,31.29783762952053,0.06881060286070867,-0.8763992638978492
2018-02-22,90.86624145507812,0.0029978722332759666,-0.013972479138764754,-92.85714285714286,33.63775263396352,0.06857098731876163,-1.030450133747723
2018-02-23,91.67330932617188,0.008881933027820255,-0.013060637348465408,-78.57142857142857,40.16004149519596,0.06195247164053383,-0.9158104407963418
2018-02-26,91.70433044433594,0.00033838767676308557,-0.012262624206352482,-78.57142857142857,40.40250090990563,0.05484182018360985,-0.9482888424043066
2018-02-27,91.57241821289062,-0.001438451497395521,-0.01163259787076281,-71.42857142857143,39.66649067956945,0.04919549523435739,-0.8469596422572231
2018-02-28,92.15446472167967,0.006356133431312028,-0.010419313956893293,-64.28571428571429,44.47307464716822,0.04420334586925319,-0.5560190173978713
2018-03-01,92.78351593017578,0.006826052437024499,-0.008802942051630834,42.85714285714286,49.18484581225679,0.034603097434077315,-0.1959937746146231
2018-03-02,92.02926635742188,-0.00812913334003762,-0.008206772388449152,42.85714285714286,44.32781716691498,0.030772414348544393,-0.14515626137975746
2018-03-05,91.78041076660156,-0.0027040918684911874,-0.007826512809336833,42.85714285714286,42.825175208123014,0.029762359187159953,-0.15943775905018198
2018-03-06,91.86593627929688,0.0009318493127341565,-0.007340787609965849,42.85714285714286,43.53361366518702,0.024236217398676353,-0.28476021131495943
2018-03-07,91.7648696899414,-0.001100153043106178,-0.00697772471254394,42.85714285714286,42.85780490545603,0.02083106613080998,-0.4198918566417253
2018-03-08,92.29364013671876,0.005762231762154624,-0.006112534132899844,42.85714285714286,47.45384966483687,0.02100910231324431,-0.40262987523089716
2018-03-09,91.6871109008789,-0.006571733815476155,-0.00595974744647901,42.85714285714286,43.165112281464886,0.020785624700450218,-0.37443534513824034
2018-03-12,92.2158660888672,0.005766952222542088,-0.005250126053065741,42.85714285714286,47.6103131577967,0.021047150013588208,-0.21447702478113895
2018-03-13,92.68246459960938,0.005059850658372778,-0.004236029226072793,42.85714285714286,51.23490298796342,0.022625236280462452,0.013842511589866578
2018-03-14,93.49891662597656,0.008809131585939989,-0.0026875455323796885,100.0,56.85925749765911,0.02723779558436255,0.30506314788381417
2018-03-15,93.49891662597656,0.0,-0.0014726994408338983,85.71428571428572,56.85925749765912,0.030462902153442786,0.43113444051647926
2018-03-16,93.16455841064452,-0.0035760651288567757,-0.0007922172209546759,85.71428571428572,53.906321813142974,0.03206418338687228,0.48068822937533384
2018-03-19,92.8690414428711,-0.003171989142811804,-0.0005005306534934615,85.71428571428572,51.367142797413166,0.03290366931811633,0.36470474748996073
2018-03-20,92.4958724975586,-0.004018227597859525,-0.0005872241465961941,28.571428571428573,48.27483861521119,0.03281746248724255,0.22469181388542322
2018-03-21,92.5968780517578,0.0010920006641579327,-0.0005591505092203402,28.571428571428573,49.16684569596364,0.02904362143328938,0.29727146171151
2018-03-22,93.51443481445312,0.009909154412122367,0.0002566454530468717,64.28571428571429,56.50487437762085,0.027815927925764865,0.31522835508150177
2018-03-23,93.44444274902344,-0.0007484626899425528,0.0008294931010265091,64.28571428571429,55.84265941310209,0.02850899179898312,0.4567526721183622
2018-03-26,93.0867919921875,-0.003827416016557894,0.0009670823283728076,64.28571428571429,52.45942839933008,0.027939121341160854,0.20751878928564507
2018-03-27,94.0821304321289,0.010692585044986158,0.0018940794685414124,85.71428571428572,59.765166237078574,0.029644347417538287,0.3574456295912184
2018-03-28,94.33096313476562,0.002644845535425322,0.0028103421429623056,92.85714285714286,61.36368149258756,0.032926736808055405,0.3989456401505627
2018-03-29,94.78971099853516,0.004863173750427441,0.0038692283292926627,100.0,64.18848684539792,0.03789568816634519,0.38276869474101277
2018-04-02,94.97674560546876,0.0019731530454449864,0.004813307457327982,50.0,65.30233412943797,0.041573320394452065,0.42477281349194307
2018-04-03,94.2442398071289,-0.007712475234544991,0.004926845800858259,50.0,57.72925167683084,0.04107140852814921,0.1609904607864457
2018-04-04,94.0494155883789,-0.0020672268050409004,0.004775307966816416,50.0,55.87330745062712,0.03977015261664943,-0.1572852294969544
2018-04-05,93.34809112548828,-0.007456978424619565,0.004029354251107399,50.0,49.681411537524795,0.03690088602044458,-0.5449366195343448
2018-04-06,94.36895751953124,0.010936125010532871,0.004197384642148682,50.0,57.1290264925594,0.036527804538914035,-0.3532942425659406
2018-04-09,94.52479553222656,0.0016513694417263913,0.004439751238405247,50.0,58.14738464577509,0.03341458984587488,-0.0016233316820873438
2018-04-10,94.3533706665039,-0.001813543893508962,0.004447862022988558,50.0,56.555907968812505,0.031217475279791455,0.14561321743772085
2018-04-11,94.68840026855467,0.003550796327509431,0.0046639028184905194,50.0,58.92221532376883,0.030826685832970047,0.14453251208484216
2018-04-12,93.99490356445312,-0.007323987966156964,0.0042391433488743035,35.714285714285715,52.542555478839105,0.03072797733841434,0.03307026147224557
2018-04-13,94.2130889892578,0.002321247392472303,0.004006955155879091,35.714285714285715,54.22190908550895,0.030752193885551258,0.03935817385111483
2018-04-16,94.2442398071289,0.00033064214543121473,0.0038121851915875206,28.571428571428573,54.46963267153531,0.03015730936594097,0.21699858254781115
2018-04-17,94.5014419555664,0.0027291020540232136,0.003824450425673031,21.42857142857143,56.55984712988339,0.028794586207527856,0.31383240863706474
2018-04-18,93.7455596923828,-0.00799863205832363,0.00318602173368181,-21.42857142857143,49.384475702720586,0.02497862906579622,-0.011201573082946096
2018-04-19,92.98185729980467,-0.008146544701254532,0.0019917191262128417,-92.85714285714286,43.39449433169836,0.023128383560104215,0.032169205652156564
2018-04-20,92.31168365478516,-0.007207574299776032,0.0004410276592655279,-100.0,38.931889940605124,0.02796186558788915,-0.2396713358038487
2018-04-23,92.3350601196289,0.0002532340860683657,-0.0007698603556925438,-57.142857142857146,39.166891065760936,0.031674347004714505,-0.1770773747644554
2018-04-24,91.91423797607422,-0.0045575553100790644,-0.0020827589303521487,-64.28571428571429,36.447756527932675,0.0361734634833965,-0.28443678991415694
2018-04-25,91.29866027832033,-0.00669730513257516,-0.0036435463737321764,-71.42857142857143,32.85459537820879,0.04347310296994133,-0.40724495436255664
2018-04-26,91.93765258789062,0.0069989231783067485,-0.004225965487710706,-71.42857142857143,39.51984234968266,0.04628383315542834,-0.3059284482035643
2018-04-27,92.6467742919922,0.007713071675651717,-0.00400775818986367,-71.42857142857143,45.93392594684853,0.04578074623616493,-0.062440403674978766
2018-04-30,92.8104248046875,0.0017663919110613158,-0.003669077877174576,-71.42857142857143,47.32237255366088,0.04400479019392824,-0.12379553782857246
2018-05-01,92.47615051269533,-0.003601689063439051,-0.0036679790056871634,-71.42857142857143,44.792051698232044,0.0441247135870802,-0.27409879741637116
2018-05-02,92.37462615966795,-0.0010978436328125118,-0.003706573282026086,-42.85714285714286,44.02215523942832,0.04445415046024919,-0.4926218095978238
2018-05-03,92.78853607177734,0.0044807749629638405,-0.0033190995152221946,-42.85714285714286,47.950151920368285,0.044665347856827624,-0.7026885342283868
2018-05-04,92.92911529541016,0.0015150494833118255,-0.0028654529274693297,-42.85714285714286,49.252624305785666,0.04331380556270787,-0.681741619004985
2018-05-07,92.78070831298828,-0.0015969912330501268,-0.0026128789607113507,-42.85714285714286,47.8901963293423,0.04128818269480067,-0.7038939469616716
2018-05-08,92.69483947753906,-0.0009255031246317991,-0.002457729920776264,-35.714285714285715,47.0787220398352,0.03942747122458593,-0.6194367295190149
2018-05-09,92.14035034179688,-0.005981877080401543,-0.002800206978662239,42.85714285714286,42.11602592110882,0.03639908959123092,-0.884089108001223
2018-05-10,92.88228607177734,0.00805223474002692,-0.0023636542073553466,42.85714285714286,49.74902848533508,0.0346453804180576,-0.6404727489774218
2018-05-11,93.11654663085938,0.002522123097842277,-0.0018064629654569457,85.71428571428572,51.90553007666105,0.03193447664561185,-0.3915386062127939
2018-05-14,92.6245346069336,-0.005283830229188546,-0.0017849228874902683,85.71428571428572,47.313047983347055,0.02831031325755501,-0.48504974583987265
2018-05-15,91.5701904296875,-0.011382990281358696,-0.002678724424774816,85.71428571428572,39.29049318450606,0.023673571425409747,-0.31302193522486255
2018-05-16,91.2187957763672,-0.003837434995727307,-0.0036525041693121684,-14.285714285714286,37.03646803381275,0.023431073244642615,-0.5189917495985511
2018-05-17,90.75801849365234,-0.005051341434549328,-0.004792894889189136,-28.571428571428573,34.26090732418798,0.027296499063332137,-0.7910928447603113
2018-05-18,91.53897094726562,0.008604776377614476,-0.00488872764868118,-28.571428571428573,42.1710560095331,0.02818721125944219,-0.46470984610423316
2018-05-21,91.58580780029295,0.000511660252924484,-0.004896812869712386,-28.571428571428573,42.617011892567106,0.02884790688198362,-0.18885888537354803
2018-05-22,91.4452667236328,-0.0015345289847376042,-0.004979355602147823,-28.571428571428573,41.58082058665761,0.029629636154170854,-0.0665239983163862
2018-05-23,92.10907745361328,0.007259104311944986,-0.004370584343863992,-28.571428571428573,48.010617854448036,0.028307656813242776,0.10172044603015507
2018-05-24,92.84324645996094,0.00797064769992284,-0.0032105097497861232,-28.571428571428573,54.036141168582766,0.028730655253804985,0.21457415052149953
2018-05-25,93.42111206054688,0.006224099464629873,-0.001784493806745586,42.85714285714286,58.14777254233624,0.03055334073902245,0.16338470724617576
2018-05-29,95.46729278564452,0.02190276565934579,0.0010615114078019483,50.0,68.7929377656679,0.042542892044977874,0.7951602281821394
2018-05-30,94.82694244384766,-0.0067075364044799635,0.0027324785624237916,50.0,63.36146761278556,0.04808537392087889,1.3644931870575883
2018-05-31,94.67073059082033,-0.001647336178953851,0.0038798653988511957,50.0,62.07391873012583,0.05191853189780739,1.254904008818741
2018-06-01,94.17052459716795,-0.005283639309960897,0.004332472045061195,50.0,58.00898600092752,0.05376432759315723,1.1245382189206488
2018-06-04,93.4894561767578,-0.007232288694616007,0.0040740893546863536,50.0,52.92684466677895,0.05418779113341638,0.7186157823642094
2018-06-05,93.70864868164062,0.002344569257825224,0.0039782003783077466,50.0,54.3140903456541,0.05487790834163121,0.3332431710522436
2018-06-06,92.94933319091795,-0.00810293928474326,0.003245110931944921,50.0,48.934195726318265,0.054871071240301,0.12455506715473158
2018-06-07,93.84957122802734,0.009685255463428577,0.003348492005526076,50.0,54.66733265226682,0.05518165805657783,0.20739766127506978
2018-06-08,93.56774139404295,-0.0030029954351056265,0.0031857288828616662,42.85714285714286,52.67358891048498,0.05550037338268711,0.06963645535158546
2018-06-11,93.3955307006836,-0.0018404921481873782,0.0028724682086770114,28.571428571428573,51.43908485658025,0.05563264325207828,0.18420014342015367
2018-06-12,93.41902923583984,0.0002516023516323518,0.0026091135288844438,28.571428571428573,51.6057553359443,0.055663536841887476,0.3586010434517938
2018-06-13,93.37206268310548,-0.0005027514535158595,0.002334682354182299,21.42857142857143,51.22730758318564,0.053864753416998104,0.4977072156274187
2018-06-14,94.1470184326172,0.008299653314309152,0.002731448409249063,14.285714285714286,56.85019665259728,0.05131526156088005,0.8674765732862845
2018-06-15,94.23311614990234,0.0009145028564740976,0.003096354047131021,-42.85714285714286,57.437295751774286,0.04577983092783712,0.6879478994626547
2018-06-18,94.1470184326172,-0.0009136673051136635,0.0032790287615522833,-42.85714285714286,56.607838800496936,0.04228712712989682,0.5308761953069947
2018-06-19,94.69500732421876,0.005820565544449652,0.00382462078109329,-28.571428571428573,60.51610925405624,0.0388750234873961,0.4193191289252807
2018-06-20,93.8652114868164,-0.008762825631992266,0.003555487516615488,-28.571428571428573,52.76593998798589,0.03198049968773005,0.0769545493055415
2018-06-21,94.3583526611328,0.005253716115961149,0.0036773996783589133,64.28571428571429,56.34416148306012,0.027555187375520915,-0.011576778537158593
2018-06-22,94.35054779052734,-8.271520628899687e-05,0.0037392766142882203,64.28571428571429,56.27150412654386,0.025630504377344467,0.06118557642670231
2018-06-25,94.5618896484375,0.0022399642912447337,0.0039148220697924185,64.28571428571429,57.85628065679652,0.02544433561154542,-0.018857079374027832
2018-06-26,94.69500732421876,0.0014077307071185263,0.0041207885779800555,64.28571428571429,58.8674502738875,0.02242393328358956,0.092313950956529
2018-06-27,95.58738708496094,0.009423725558062701,0.004944662517485507,71.42857142857143,64.94036532303625,0.02574042286322158,0.38126592740642873
2018-06-28,95.61089324951172,0.0002459128266565358,0.005582183432277351,78.57142857142857,65.0865899718593,0.0290035994673014,0.5954304934943856
2018-06-29,95.28208923339844,-0.0034389806949634005,0.005764492779331568,85.71428571428572,61.23906225368323,0.030960085721650977,0.26026952366709977
2018-07-02,95.20753479003906,-0.0007824602079908871,0.005768638461109825,85.71428571428572,60.36766592652558,0.03163077458592337,-0.17182847583545807
2018-07-03,95.71751403808594,0.005356500923708651,0.00609724970406824,85.71428571428572,64.12784334081495,0.033873155933527486,-0.2043788069461697
2018-07-05,95.99208068847656,0.0028685100438501365,0.0065194304828105855,100.0,65.9982658426419,0.03417176752072873,-0.15358646669189246
2018-07-06,96.30593872070312,0.0032696242229097727,0.007027414927304989,78.57142857142857,68.0491218775097,0.037284344812448696,-0.07893435391762342
2018-07-09,95.68611145019533,-0.006436023351637288,0.006892918163142836,78.57142857142857,60.312307650249885,0.036980182024796054,-0.18593905665943905
2018-07-10,95.67823791503906,-8.228503632279338e-05,0.0066673109438443266,78.57142857142857,60.21864759367463,0.03552565474133491,-0.2440235619369875
2018-07-11,96.04704284667967,0.0038546375819348278,0.006695810521735783,78.57142857142857,63.10856635877028,0.034285364969057174,-0.1324341507808808
2018-07-12,96.03919982910156,-8.165808488902471e-05,0.006655921256186582,64.28571428571429,63.00374648822462,0.031823227400704965,0.0661960814338478
2018-07-13,96.28239440917967,0.0025322428811451747,0.006733341439574834,64.28571428571429,64.9478753128128,0.032088203100359314,0.19451761979904952
2018-07-16,95.88224792480467,-0.004155967317082565,0.0064256111839634195,57.142857142857146,59.41543926952549,0.031137908410767825,0.4257490617900331
2018-07-17,95.7018051147461,-0.0018819209391095493,0.005950343041597973,50.0,57.055221325936465,0.02923633756986653,0.3684126830661741
2018-07-18,95.31739044189452,-0.004016796468892747,0.005201143472582837,42.85714285714286,52.28966393838645,0.028493926285693763,0.10062792583479828
2018-07-19,95.92149353027344,0.006337805573340516,0.005009917883971955,21.42857142857143,58.198547898030725,0.024613930957625076,0.11177589569286753
2018-07-20,94.74464416503906,-0.012268880747389077,0.0038977751047261457,-71.42857142857143,46.19559601405287,0.02323675278476077,-0.3297501648404765
2018-07-23,93.5756607055664,-0.012338253732172566,0.0019733634145580365,-78.57142857142857,37.84595888464645,0.027402030070848744,-0.9331103859656243
2018-07-24,93.89730834960938,0.003437300272503885,0.0006768695641308869,-85.71428571428572,41.00557756317987,0.029945722956183207,-0.8382394114226998
2018-07-25,93.74822235107422,-0.0015877558276756742,-0.00046872224020678033,-85.71428571428572,39.990809788073,0.033159322628904316,-0.906727483390801
2018-07-26,93.56777954101562,-0.0019247598037951397,-0.0015182317800404752,-85.71428571428572,38.74117270750835,0.037154627549160865,-1.0933169284400324
2018-07-27,93.72472381591795,0.001677332471414772,-0.0021850178038213715,-50.0,40.48319572304105,0.03976642204994366,-1.2589334910365102
2018-07-30,93.40302276611328,-0.003432403283860519,-0.002968518963588498,-78.57142857142857,38.09202308529451,0.04311728223152873,-1.423621728580144
2018-07-31,93.91297149658205,0.0054596598200649105,-0.00309024755493723,-78.57142857142857,43.76251522788383,0.044530747665186846,-1.3679893061550443
2018-08-01,93.14786529541016,-0.00814697042356638,-0.003844251160750515,-92.85714285714286,38.12074481632525,0.047371082778078735,-1.1758567641856945
2018-08-02,93.28156280517578,0.001435325536893517,-0.0042506986306973015,-92.85714285714286,39.58640764749923,0.048566014529342616,-0.917829927163329
2018-08-03,93.74552917480467,0.00497382714950767,-0.004107812115956296,-64.28571428571429,44.49928000877661,0.047217759071273145,-0.521955349193517
2018-08-06,93.80054473876952,0.0005868606689740652,-0.003916420281436666,-64.28571428571429,45.06970234532952,0.04681590707844136,-0.493683626206066
2018-08-07,93.31304168701172,-0.005197230497066663,-0.004159939521900715,-64.28571428571429,41.04414876078311,0.04694782341995374,-0.6025480246257012
2018-08-08,93.40740203857422,0.0010112236173696054,-0.00420237667473021,-64.28571428571429,42.12173812804122,0.04526177351137036,-0.6270565209634753
2018-08-09,94.19371032714844,0.008418051154548856,-0.0034901218142296088,-57.142857142857146,50.27754500061879,0.04210318155649217,-0.28004645884763635
2018-08-10,94.8778305053711,0.007262907213726022,-0.002323545732539938,50.0,56.07676992103715,0.037733356796647355,-0.11577524102260255
2018-08-13,94.68123626708984,-0.002072077715458698,-0.0015713490568154732,50.0,54.123221861604264,0.03428238947826177,-0.10973218178085307
2018-08-14,94.46892547607422,-0.0022423745124822148,-0.0011417732978258063,50.0,52.015749271220876,0.03081777254014493,-0.22269832948182675
2018-08-15,95.0193328857422,0.005826332912057808,-0.00032277333049840273,71.42857142857143,56.720703208167976,0.02980899887599711,-0.25586003503832366
2018-08-16,95.01148986816406,-8.254128228379898e-05,0.00031083104027082825,71.42857142857143,56.6354856889222,0.025445653168129526,-0.06541768677218424
2018-08-17,95.1294403076172,0.0012414334268076033,0.000901635767752373,85.71428571428572,57.665591495824984,0.02671153447270307,-0.030614151333059496
2018-08-20,95.76636505126952,0.006695348375778343,0.0018760846868713299,92.85714285714286,62.80387734520433,0.030944892987727714,0.08236491706024081
2018-08-21,95.4439926147461,-0.0033662386199041494,0.0023622802816877938,92.85714285714286,58.906752574960294,0.03321233937816706,0.20169525652188605
2018-08-22,95.82139587402344,0.003954185579816416,0.0030148299586691798,100.0,61.888343814328636,0.036140424682268406,0.2840177568705707
2018-08-23,95.97077941894533,0.0015589790104737489,0.003617742345676169,85.71428571428572,63.03171882827579,0.03854108550000755,0.4327960034071188
2018-08-24,96.15951538085938,0.0019665981985010905,0.004201176019362725,92.85714285714286,64.48156292215683,0.041094572796257764,0.7183741597475783
2018-08-27,95.6091079711914,-0.005723899579651248,0.004183306186732796,92.85714285714286,57.410311999193745,0.04067590370152089,0.5818481284442443
2018-08-28,95.03506469726562,-0.006004064739300263,0.003645615592285936,85.71428571428572,51.1145244826506,0.04017586502173885,0.44267116913141824
2018-08-29,95.16089630126952,0.0013240544887798134,0.003264305716273087,78.57142857142857,52.348112234453595,0.03740518620188528,0.486461667042238
2018-08-30,95.36532592773438,0.0021482524273168657,0.003096853170866606,57.142857142857146,54.362978754332914,0.034673781894295784,0.47507138744493943
2018-08-31,95.14515686035156,-0.002308690975896699,0.0027580471681936517,57.142857142857146,51.82157353627832,0.032850563143366825,0.056853535867928746
2018-09-04,94.59507751464844,-0.0057814749994106185,0.002005952652046591,-42.85714285714286,46.03155401738878,0.03109416389502624,0.4027289534166768
2018-09-05,94.34282684326172,-0.002666636341068118,0.001171680647536497,-50.0,43.62446988438204,0.027309368341007608,0.469447747156049
2018-09-06,94.6896514892578,0.003676216386565123,0.0007908462220671789,-50.0,47.6758251270792,0.022542003405710463,0.5811891900367285
2018-09-07,93.8857421875,-0.008489938331318059,-0.00019206916862498795,-64.28571428571429,40.42423452401878,0.023811138829607167,0.40201113153244483
2018-09-10,94.23258209228516,0.003694276646314165,-0.0006681079294271809,-64.28571428571429,44.35661295383599,0.02507500786402453,0.542832252574612
2018-09-11,93.515380859375,-0.007610968700908272,-0.0016537422621652478,-78.57142857142857,38.67225037976491,0.028734114066707724,0.36135626233783436
2018-09-12,93.7360610961914,0.0023598282420327354,-0.0022096395627604045,-78.57142857142857,41.170443823983874,0.030707512743902352,0.14766079096393858
2018-09-13,93.87794494628906,0.001513652786754749,-0.002498511801338116,-78.57142857142857,42.78420469676139,0.032347351474580614,-0.07637726850088923
2018-09-14,93.4286880493164,-0.004785542517251495,-0.0030955461568984047,-100.0,39.124555188887534,0.03514710487909403,-0.21105714946469759
2018-09-17,93.4286880493164,0.0,-0.0035186183795769925,-71.42857142857143,39.12455518888753,0.03736739631545322,-0.1882073667438343
2018-09-18,92.45149230957033,-0.010459268562459823,-0.00469343450363106,-78.57142857142857,32.180607406141895,0.04169303098189532,-0.47598966412977467
2018-09-19,91.89982604980467,-0.005967088750914007,-0.006043317768386001,-85.71428571428572,29.0463924693994,0.047702343353771874,-0.5841348949195695
2018-09-20,92.32538604736328,0.004630694266254398,-0.006609966204395626,-85.71428571428572,34.35754090399897,0.04945375067654399,-0.32916453066173124
2018-09-21,92.28594970703124,-0.0004271451441515417,-0.007037498889177832,-85.71428571428572,34.1027849774794,0.04970017969795494,-0.1491454812650927
2018-09-24,92.04952239990234,-0.002561899269384438,-0.007513665240649084,-64.28571428571429,32.544778506380204,0.048681471004559544,-0.23864262230262911
2018-09-25,91.9549560546875,-0.001027342051857727,-0.007876987953562656,-64.28571428571429,31.916689911871632,0.04863710543811663,-0.05853900454178059
2018-09-26,92.6011962890625,0.007027791237164793,-0.007452823891859827,-64.28571428571429,40.383983394737776,0.04773755199964703,0.3691447738953721
2018-09-27,92.66423034667967,0.0006807045712498017,-0.007019558528365174,-50.0,41.152752740114025,0.045714646059570596,0.7066049867101717
2018-09-28,92.4198989868164,-0.0026367386741266152,-0.006832436118759313,-50.0,39.05066808123397,0.04245708822003887,0.279239415984475
2018-10-01,91.74148559570312,-0.007340555427463258,-0.007232087144552027,-28.571428571428573,33.876404948555496,0.04063191318283294,-0.7368276098389352
2018-10-02,92.30226135253906,0.006112564595991188,-0.006893453504547159,-28.571428571428573,40.8528383497171,0.03854189520178759,-1.0708019588088533
2018-10-03,90.69888305664062,-0.017370953564989078,-0.00811061496202864,-100.0,30.835376374488156,0.04181325097536286,-1.3850515450027587
2018-10-04,90.0590591430664,-0.007054374784027484,-0.009506128267668576,-100.0,27.89580802018543,0.04509085484998021,-1.408477441585081
2018-10-05,89.28498840332031,-0.008595145753370725,-0.011228162258310909,-100.0,24.81380827424519,0.05292280118871559,-1.3982713801585336
2018-10-08,88.98486328125,-0.0033614286952088346,-0.012695631442140405,-92.85714285714286,23.71958217451192,0.058470809539217225,-1.4756065206283948
2018-10-09,89.88525390625,0.010118469499179605,-0.012734978403752886,-35.714285714285715,33.23208425125447,0.060289684348099004,-1.0137003876515973
2018-10-10,89.64043426513672,-0.002723690822174496,-0.012972923954564697,-35.714285714285715,32.0613365850836,0.061151181878173234,-0.3384024039432608
2018-10-11,90.7304458618164,0.012159820572217095,-0.011869908829713633,-35.714285714285715,41.87900395373788,0.057805703901556336,0.24920887750764326
2018-10-12,90.41449737548828,-0.0034822763552746494,-0.011309732887306948,-35.714285714285715,40.07143029680499,0.05558567487633692,0.3594618242822216
2018-10-15,90.375,-0.0004368478135121645,-0.010749009105921324,-35.714285714285715,39.83992824205945,0.05249357609244709,0.26215782769609786
2018-10-16,90.5803680419922,0.002272398804892939,-0.009979376113318,-35.714285714285715,41.72509968458696,0.05142364599377772,0.33935826430675703
2018-10-17,90.0432357788086,-0.0059298971156155345,-0.009812986260694802,-35.714285714285715,38.34102967734184,0.051916123931516074,0.15496694168677225
2018-10-18,90.01167297363281,-0.00035052944180413714,-0.00955546681083215,-35.714285714285715,38.14525275747392,0.051226246305691524,0.060047387497607393
2018-10-19,89.81420135498047,-0.0021938445551410446,-0.00943782912386579,-21.42857142857143,36.87654465041,0.05046914803398703,0.055392370743454246
2018-10-22,89.69573211669922,-0.0013190479511476783,-0.009339190998030975,-21.42857142857143,36.10079152218961,0.049994265325168326,-0.04876103075741723
2018-10-23,89.98007202148438,0.003170049433513844,-0.008864731482298948,-14.285714285714286,39.39606195298778,0.04879558434136893,-0.3824935700000087
2018-10-24,90.65939331054688,0.007549685989363342,-0.007754306675742746,28.571428571428573,46.495269288797566,0.04444657421137436,-0.02484426370664356
2018-10-25,90.2802276611328,-0.004182309582805965,-0.007211782957987557,28.571428571428573,43.43679238400836,0.03871124364263687,-0.16976501092111654
2018-10-26,90.8252410888672,0.006036907990308871,-0.0061602620142191585,100.0,48.66412687723534,0.03316567114260484,-0.34089339512203454
2018-10-29,90.619873046875,-0.0022611340144008674,-0.005492919392374301,85.71428571428572,46.90508361958428,0.03001947249272951,-0.3262896690120773
2018-10-30,90.16964721679688,-0.004968290231936567,-0.005319295982166502,85.71428571428572,43.21697129174182,0.02155083504121569,-0.4275519898342233
2018-10-31,89.71154022216797,-0.005080501130579673,-0.005534559825356165,-21.42857142857143,39.788772734702185,0.021142211699851872,-0.4398111205113169
2018-11-01,89.794677734375,0.0009267203751173181,-0.005539800359853442,-28.571428571428573,40.70799922397023,0.021335312022012536,-0.297844010710622
2018-11-02,88.67826843261719,-0.012432911726241724,-0.0065581250985913605,-35.714285714285715,33.34594258026739,0.02417851159011926,-0.49521749094755096
2018-11-05,89.02664947509766,0.003928595456790918,-0.0068861344183998065,-35.714285714285715,37.16483901277404,0.023999954674490655,-0.6051715781244218
2018-11-06,88.97124481201172,-0.000622337956247998,-0.007138841928218957,-35.714285714285715,36.80369600446872,0.02615597222911979,-0.6775092367951504
2018-11-07,89.09001159667969,0.0013348895468294764,-0.0071361053121583315,-35.714285714285715,38.190251623917284,0.027426909765336797,-0.8619041695954484
2018-11-08,89.08203887939453,-8.949058533347376e-05,-0.007067865690361377,-35.714285714285715,38.129772446225054,0.02760706394871064,-0.9892556927722062
2018-11-09,89.74715423583984,0.007466323905605643,-0.0062907825314824535,-35.714285714285715,45.835961981868834,0.02711883847179827,-0.8499880815393843
2018-11-12,90.33306121826172,0.006528418504303968,-0.005097242784353405,-35.714285714285715,51.559716875271754,0.02704316970663816,-0.7669778639929534
2018-11-13,90.27764129638672,-0.0006135065182956145,-0.004187522581525065,-35.714285714285715,51.01061556893315,0.026395493323926024,-0.43657584442586217
2018-11-14,90.33306121826172,0.0006138831396031996,-0.0033735644856603634,-35.714285714285715,51.56610529339146,0.026758991174865254,-0.18409530558869033
2018-11-15,90.2934799194336,-0.00043817067964169176,-0.00273556808761168,-35.714285714285715,51.120268416257765,0.027056142952043734,-0.10291800285223486
2018-11-16,90.8160400390625,0.005787351645934802,-0.0017316891840082717,71.42857142857143,56.47108872366846,0.02854234616580338,0.19116201679783262
2018-11-19,91.06941223144533,0.002789949796025537,-0.000713222448730739,78.57142857142857,58.82470492349338,0.030493509896942075,0.5469053330092271
2018-11-20,91.10108947753906,0.0003478362857249895,0.00011678177316030014,85.71428571428572,59.122294355395525,0.03232263274343647,0.5375754253431904
2018-11-21,91.06941223144533,-0.0003477153377133835,0.0007380634943874318,85.71428571428572,58.665679983849316,0.03331365256200497,0.6412748379361678
2018-11-23,91.16441345214844,0.0010431737547802467,0.0012982417204629088,100.0,59.67162777313416,0.034920986860145206,0.5464628992260171
2018-11-26,90.9585189819336,-0.002258496077780614,0.0015462629087159207,85.71428571428572,56.46433195720236,0.03521041274932637,0.3678443663189687
2018-11-27,91.06149291992188,0.0011320977863407133,0.0018089197857833598,85.71428571428572,57.689201063150605,0.036073330801085206,0.2673940199339291
2018-11-28,90.61808776855467,-0.004869293673420483,0.0016148902491215878,71.42857142857143,51.03127479391388,0.0363632000044379,-0.028769408877250695
2018-11-29,90.97441864013672,0.003932226781171444,0.0017443574488864824,71.42857142857143,55.47815108310504,0.03685171532644338,-0.162639515641307
2018-11-30,91.31490325927734,0.0037426413296188787,0.002121487138793208,64.28571428571429,59.283026731479424,0.03799208756208902,0.011732753227032032
2018-12-03,91.96324157714844,0.007100027429588485,0.002943364465567843,85.71428571428572,65.35460583934687,0.0374082446325521,0.46625085787469434
2018-12-04,93.50282287597656,0.01674126827659239,0.004820249528476645,92.85714285714286,74.91898683385934,0.044642739697548596,0.6865633586814707
2018-12-06,93.79647064208984,0.0031405230032763853,0.006503882968194845,100.0,76.26488282284089,0.05020361172086559,0.21604854607051197
2018-12-07,93.97108459472656,0.0018616260445769583,0.00789448308530319,92.85714285714286,77.05341849191461,0.054388152478176736,0.25555197102907734
2018-12-10,94.35994720458984,0.004138109201786255,0.009195540946679242,100.0,78.74680507756314,0.057981576967629414,0.2814892093409711
2018-12-11,94.34407806396484,-0.00016817665858370745,0.010123871873714352,57.142857142857146,78.49223537048799,0.06146373443416762,0.1807212205001222
2018-12-12,93.9234619140625,-0.004458320633725088,0.010425443545898545,57.142857142857146,71.86114241646372,0.06337679869087756,-0.015081738184044777
2018-12-13,93.70122528076172,-0.002366146102068978,0.010343109177569218,57.142857142857146,68.56522216591956,0.06355575313692965,-0.25463182797254563
2018-12-14,94.02662658691406,0.003472754013379431,0.010382332810662623,57.142857142857146,70.68532072400676,0.06381455299166616,-0.3483026803645038
2018-12-17,94.57415008544922,0.005823068618005189,0.01072485744131796,57.142857142857146,73.87777034828751,0.06445097920741232,-0.09956397471118728
2018-12-18,95.14058685302734,0.005989340290833534,0.011328023741164296,92.85714285714286,76.70426796882448,0.06709086339367891,0.23297284467526858
2018-12-19,96.39744567871094,0.013210543126301877,0.01260878603035285,100.0,81.49014157398699,0.07370246707804412,0.7105190016607833
2018-12-20,96.04743194580078,-0.0036309440612849464,0.013343060287107578,100.0,76.76072879215526,0.07685804987342977,0.21145537659226585
2018-12-21,96.03152465820312,-0.00016561908294054906,0.013719349484230632,85.71428571428572,76.54330598611772,0.07830404083542294,-0.0638423973891705
2018-12-24,96.5088348388672,0.004970348876193853,0.014182090561028003,85.71428571428572,78.51022767533033,0.0799887340005071,0.009171305765955231
2018-12-26,95.47467041015624,-0.010715748775100509,0.013728471962192115,78.57142857142857,65.66287262681936,0.07688142543386638,-0.33714645811529326
2018-12-27,95.49060821533205,0.00016693228798114745,0.013107395575137097,64.28571428571429,65.75587566930943,0.0728409362924502,-0.8148783773618182
2018-12-28,96.2940673828125,0.008414012461504639,0.013034749179642254,64.28571428571429,70.1458139273368,0.06681870484893909,-0.5979652382829942
2018-12-31,96.66001892089844,0.003800353936978418,0.013168092352042596,35.714285714285715,71.91200442859657,0.06091387012928635,0.06758376474334434
2019-01-02,97.1690902709961,0.005266617529986695,0.01351013989962685,85.71428571428572,74.19872568247213,0.05554070454355542,0.916450033848392
2019-01-03,98.27483367919922,0.011379579711195298,0.014421872460940226,92.85714285714286,78.32622832919336,0.05528013210283086,1.522785460446766
2019-01-04,97.13729095458984,-0.011575117270843482,0.014333477606175891,92.85714285714286,66.53418451875501,0.05485448758074137,1.6204995127934858
2019-01-07,96.85091400146484,-0.0029481669738852245,0.01377398344010957,85.71428571428572,63.924983585094985,0.05368831666795066,1.3287977494794747
2019-01-08,96.59637451171876,-0.00262815784828041,0.012969892532982199,78.57142857142857,61.61221952676065,0.051873962002587815,0.892229924670242
2019-01-09,96.4451675415039,-0.001565348295722191,0.012057668379613608,71.42857142857143,60.21844799958104,0.0503974938961557,0.7306013211850639
2019-01-10,95.82470703125,-0.006433298070501081,0.010745553928309589,64.28571428571429,54.74574222700673,0.04825169057466346,0.4215468988197547
2019-01-11,96.19859313964844,0.0039017714739948417,0.009806907508911958,35.714285714285715,57.26606023340178,0.044248684284705256,0.2333804955725569
2019-01-14,95.8405990600586,-0.003721406601759236,0.008728078406068233,35.714285714285715,54.15603471627861,0.03825008440430936,0.06353996410562406
2019-01-15,95.49060821533205,-0.0036518015137533277,0.007490719329244296,-57.142857142857146,51.226958064158026,0.03316303341980253,-0.19239396583103718
2019-01-16,95.5860366821289,0.0009993492405206972,0.006484091015409719,-64.28571428571429,51.98943487973071,0.029911174844207484,-0.19971939375929143
2019-01-17,95.60993194580078,0.0002499869698682211,0.005645919030476694,-64.28571428571429,52.190981348381015,0.02864599759897631,-0.1993246101622571
2019-01-18,95.10875701904295,-0.005241870970496332,0.004531760221902434,-78.57142857142857,47.670827109796925,0.03058585779818499,-0.40142102797521717
2019-01-22,95.75311279296876,0.006774936337321735,0.004096587139784881,-78.57142857142857,53.27403968779172,0.03085904400433756,-0.4757330735507249
2019-01-23,95.71334075927734,-0.0004153602168256443,0.0037012507237004486,-78.57142857142857,52.897539275479346,0.03116292966251448,-0.42221457092744247
2019-01-24,96.34181213378906,0.006566183663909042,0.003846542060855427,-78.57142857142857,57.95421056714367,0.03105975697929754,-0.2649750914795091
2019-01-25,95.88040924072266,-0.004789227884001823,0.003570509054339706,-64.28571428571429,53.419972847397844,0.030453898118397212,-0.1810876736287713
2019-01-28,95.78495025634766,-0.0009956046822384712,0.0032228389128111296,-64.28571428571429,52.504724704616166,0.029958484711694242,-0.3235486295150924
2019-01-29,96.27019500732422,0.0050659811345927785,0.0032983468679737217,-57.142857142857146,56.57739958230616,0.029955090494435534,-0.18978766192763394
2019-01-30,96.19859313964844,-0.0007437594540068426,0.0032757498640898536,-50.0,55.81682354575083,0.02967603092496548,0.1503004292028667
2019-01-31,97.02591705322266,0.00860016645329953,0.003871548939952983,57.142857142857146,62.14849932567742,0.029301618359109587,0.40780278251412583
2019-02-01,96.43988800048828,-0.0060399228426041285,0.003857589075642618,57.142857142857146,56.02408253180799,0.021832812731846504,0.23539729993833497
2019-02-04,96.00936889648438,-0.004464118664278538,0.003443518964500861,57.142857142857146,51.972145375077595,0.019495443760138516,0.2919651035861546
2019-02-05,96.44788360595705,0.004567415810695197,0.003415064388467161,57.142857142857146,55.50236179055279,0.01837129026070497,0.3148370996381324
2019-02-06,96.49573516845705,0.0004961390619571127,0.003404008455508795,57.142857142857146,55.88343330883077,0.018123301950453016,0.2758008221915461
2019-02-07,97.13355255126952,0.006609798678656631,0.0038596469998841095,92.85714285714286,60.71295187187978,0.02043550033537891,0.45069953705547544
2019-02-08,97.54814910888672,0.004268314570275544,0.00451139277503125,100.0,63.50934254631687,0.024322143883227232,0.5692584403487086
2019-02-11,97.16543579101562,-0.003923327314431124,0.004688884240933226,85.71428571428572,59.312458783896936,0.026017308274332192,0.5123560057742487
2019-02-12,96.91828918457033,-0.0025435650489631367,0.0045693048949166796,85.71428571428572,56.70638305785377,0.026570268374945097,0.5233210605982089
2019-02-13,96.55154418945312,-0.003784063856294151,0.004127935311615116,28.571428571428573,52.98592949682433,0.02567404839019107,0.46593768109064865
2019-02-14,97.10162353515624,0.005697260984492969,0.004152318273605167,28.571428571428573,57.49089742249641,0.025688415639246457,0.3396794670565008
2019-02-15,97.2531509399414,0.0015605033084777897,0.004260259655691803,28.571428571428573,58.66585802852901,0.025751919510797406,0.4494646778261012
2019-02-19,97.50030517578124,0.002541349390236869,0.0044926592396713405,71.42857142857143,60.579770506433675,0.023966752349447847,0.49548356830066337
2019-02-20,97.22125244140624,-0.002862070368619851,0.004416327864917354,71.42857142857143,57.350860130726474,0.023276636998458798,0.5530715659603114
2019-02-21,96.3521728515625,-0.008939193520136057,0.003615312389288105,71.42857142857143,48.653279936020255,0.021730044953535175,0.4142102827597559
2019-02-22,96.92625427246094,0.0059581574956575345,0.003370539068867519,71.42857142857143,53.65334364953716,0.021578969989752356,0.20433384826849957
2019-02-25,96.63922119140624,-0.0029613553439076234,0.002929573011629429,71.42857142857143,50.98028647929429,0.020106582065390764,0.2426439709137531
2019-02-26,97.11762237548828,0.004950383272796843,0.0029232889218464993,64.28571428571429,55.00402795770477,0.01812110976324197,0.4859774522044589
2019-02-27,96.01731872558594,-0.011329598305529043,0.002015406172152929,-42.85714285714286,45.710506149392884,0.018899850610807414,0.3223131784263335
2019-02-28,95.6904296875,-0.00340447996699611,0.0009866652371936172,-50.0,43.36622377811375,0.020756424402263007,0.0952484141622852
2019-03-01,94.80599212646484,-0.00924269609744155,-0.0005786236668822729,-57.142857142857146,37.72837417223365,0.027171661330047406,-0.5458111691165882
2019-03-04,95.54905700683594,0.007837741726070435,-0.0011711946557586394,-57.142857142857146,44.282270015128766,0.028952024767114514,-0.5512698942078816
2019-03-05,95.74880981445312,0.002090578534991616,-0.0014558249251054197,-57.142857142857146,45.92974411320263,0.02951861076210586,-0.30760125825278467
2019-03-06,96.1003189086914,0.003671158888757464,-0.0013662777668195759,-57.142857142857146,48.79876665220094,0.029851577017010508,-0.092153910491965
2019-03-07,96.7235107421875,0.006484805051356846,-0.0007624707803884596,-57.142857142857146,53.508722998399136,0.029855983283265854,0.1397082243822644
2019-03-08,97.13099670410156,0.004212894660122535,4.825765597212388e-05,-57.142857142857146,56.337022451427686,0.029852139413451575,0.4504685502128099
2019-03-11,96.84333801269533,-0.002961553995811994,0.00044545760321651,-57.142857142857146,53.846661881190485,0.028600687586311662,0.5499692857272315
2019-03-12,97.52249908447266,0.007012987012986915,0.0013017766149849676,50.0,58.50995018350045,0.029405463762345412,0.7188868234449798
2019-03-13,97.33875274658205,-0.0018841430399711978,0.0018133919674787862,50.0,56.836745988223335,0.030044576837447906,0.7717167863581049
2019-03-14,96.6356430053711,-0.007223328030938281,0.0016271731922182183,50.0,50.84496074706215,0.030039617865722786,0.3968504801959466
2019-03-15,97.2748031616211,0.006614124316578263,0.0019670072265453066,50.0,55.44339890293997,0.03031869977774217,0.26439353726577436
2019-03-18,97.2188949584961,-0.0005747449628050738,0.002174620795028825,50.0,54.95907904867104,0.03025940668213707,0.1718842677094491
2019-03-19,97.00318908691406,-0.002218764898265113,0.0021393639998990876,50.0,53.03417382893666,0.0293428969766623,0.22258649228162056
2019-03-20,98.01788330078124,0.010460421182215018,0.0028878140844887665,92.85714285714286,60.111587163115885,0.031586418819189555,0.5513488516173528
2019-03-21,98.23358154296876,0.002200600899793237,0.0036262153203901752,100.0,61.441753563995164,0.0345397237416434,0.6980845686471074
2019-03-22,99.75962829589844,0.01553487849022539,0.005324906209585085,100.0,69.25368189626391,0.04400032292945088,0.8690779679846161
2019-03-25,99.9193878173828,0.0016014446346019895,0.006755498950864807,100.0,69.94029066844328,0.05167344043407374,0.7491402805128308
2019-03-26,99.84751892089844,-0.0007192687831085731,0.0077542182176851245,92.85714285714286,69.19172603453327,0.05746170622473152,0.6439741979549337
2019-03-27,100.76632690429688,0.009202111312613948,0.009094893093343954,100.0,73.14848133239796,0.06457487662640582,0.8819066020483975
2019-03-28,101.11788940429688,0.0034888887071760077,0.010339272524898408,100.0,74.4980874685473,0.07022318593518666,1.1274107190347278
2019-03-29,101.02201080322266,-0.0009481863361573417,0.01115610056426121,50.0,73.41435273469952,0.07059499322331753,1.5235752223644816
2019-04-01,99.58707427978516,-0.014204196808481284,0.010679842629653135,50.0,59.47069880809709,0.06792390539694318,1.0357983396933286
2019-04-02,99.77124786376952,0.0018493723740384826,0.010187744642715425,50.0,60.507486259391385,0.06512845155633284,0.9201194523651854
2019-04-03,98.9064483642578,-0.00866782282499401,0.009088874502496725,50.0,53.57688589637325,0.06153356603016754,0.6191526875729986
2019-04-04,99.18673706054688,0.002833876869754892,0.008257233508460438,50.0,55.36150732975456,0.059315986097118974,0.7074828015818794
2019-04-05,99.3148422241211,0.0012915553769654586,0.0076248682862590945,50.0,56.19045349608911,0.057759916428238585,0.8054581414243233
2019-04-08,98.96250915527344,-0.0035476376033760637,0.006791970117552262,50.0,53.260929867443195,0.05488058281957261,0.6634651602292067
2019-04-09,99.2747802734375,0.003155448672730321,0.0062726681396517,42.85714285714286,55.47650660085242,0.05346921016552933,0.4702317651690448
2019-04-10,99.51500701904295,0.002419816442240208,0.005989602680278265,35.714285714285715,57.15895221677702,0.05142912153383287,0.3089196600314941
2019-04-11,98.93047332763672,-0.005873824550847728,0.005273844042128714,-28.571428571428573,52.00900021763258,0.04624141444738425,0.036081279435125686
2019-04-12,98.2258529663086,-0.007122379360245956,0.004086172943974829,-78.57142857142857,46.56285915446463,0.043719190876183485,-0.30500547944675105
2019-04-15,98.47405242919922,0.0025268242055964674,0.0032727553951717885,-78.57142857142857,48.60443879128468,0.040260731821921567,-0.31442660465794303
2019-04-16,97.85749816894533,-0.006261083453401928,0.0021200492731034285,-92.85714285714286,44.09740047806029,0.036860671679563264,-0.5358053942298748
2019-04-17,97.89754486083984,0.000409234781634904,0.0012087673272636605,-100.0,44.45766333639723,0.03722477960681496,-0.6686858668975146
2019-04-18,98.40997314453124,0.005234332325900537,0.0008945753993526691,-92.85714285714286,48.98781309157465,0.036830948192618666,-0.8664304875822453
2019-04-22,97.93756103515624,-0.004800449530467654,0.0002614636507985246,-85.71428571428572,45.31809525898577,0.038602914388997524,-1.0273258625413892
2019-04-23,98.14576721191406,0.002125907308260233,-7.118509428520448e-05,-78.57142857142857,47.19556226706978,0.03926475203494709,-0.9564933647593481
2019-04-24,98.9464874267578,0.008158479347508019,0.0003176656614643938,-35.714285714285715,53.769547061955315,0.03879015177641896,-0.5913167803004993
2019-04-25,98.80238342285156,-0.0014563832193932313,0.0005028029149696445,-35.714285714285715,52.50271236013965,0.03572931879873741,-0.3651644960718909
2019-04-26,99.13868713378906,0.0034038016016091355,0.0009101907479242767,-35.714285714285715,55.15798423481038,0.030042958146561913,-0.265719648135806
2019-04-29,98.50611877441406,-0.006380640874549259,0.0007159039629209518,-35.714285714285715,49.54724383013052,0.022997121439233093,-0.31401969238689836
2019-04-30,99.0105438232422,0.0051207483870450154,0.0009545519174657247,-35.714285714285715,53.600456228444195,0.021900926606548864,-0.08189469783517367
2019-05-01,99.41899871826172,0.004125367655274159,0.0014565864902046134,64.28571428571429,56.63821812603149,0.02076249837513535,-0.12806651356282464
2019-05-02,98.94554138183594,-0.004762242051617238,0.001463467132372717,64.28571428571429,52.35910595390527,0.0207901699308112,-0.2072873577148236
2019-05-03,99.22637939453124,0.002838308919969723,0.0016684019493699053,64.28571428571429,54.552486276233815,0.020861669354003035,-0.19113464411040273
2019-05-06,99.49920654296876,0.002749542511802705,0.0020269589716124044,64.28571428571429,56.64096485616788,0.021329560706456002,-0.28426105651140093
2019-05-07,100.2615203857422,0.007661506752259628,0.0028774930796310184,92.85714285714286,61.90819563272579,0.025091213157824314,-0.13361777678030623
2019-05-08,99.82821655273438,-0.004321736109134888,0.003192190464515853,100.0,57.623263052843456,0.026346606002642776,-0.2560219913392469
2019-05-09,100.2374496459961,0.004099372976833049,0.0037044143266460887,92.85714285714286,60.410289390120255,0.02851219807177138,-0.20678978829856345
2019-05-10,100.10104370117188,-0.0013608281665780098,0.003970571633594887,100.0,59.017010672720836,0.030447572565156802,-0.31040004563813883
2019-05-13,100.88743591308594,0.007855984142000061,0.004719507635794833,100.0,64.15037711932379,0.03408343444972093,-0.16123761377008342
2019-05-14,100.59049987792967,-0.0029432409741493304,0.005056840609292642,71.42857142857143,61.04130477450249,0.0360255822988933,-0.1538041041272076
2019-05-15,101.2083511352539,0.006142242637962925,0.005707512442868795,85.71428571428572,64.85781228241792,0.03792544511279257,0.03162626211708749
2019-05-16,100.87135314941406,-0.0033297448487178416,0.005930568264700245,85.71428571428572,61.328791788884175,0.037614836309473584,0.16683893506032083
2019-05-17,101.09600830078124,0.0022271452137101466,0.0061866882715143345,100.0,62.782614682228946,0.038627637823419825,0.20610696069853662
2019-05-20,100.88743591308594,-0.002063111998198308,0.006175335535999775,100.0,60.508233005817736,0.03671792402368018,0.012762568367484836
2019-05-21,100.7269287109375,-0.0015909533302711498,0.005968628074817214,85.71428571428572,58.744576040132955,0.03428777663429575,-0.052255709971179724
2019-05-22,101.30467224121094,0.0057357405578346565,0.006153208320733996,85.71428571428572,62.93266813740529,0.035101607089197365,0.09541914728055491
2019-05-23,102.44408416748048,0.011247377846073547,0.007072054037496807,100.0,69.5071750079158,0.03899392134302261,0.26571819535835073
2019-05-24,102.5323486328125,0.0008615867480226136,0.007826960450008044,92.85714285714286,69.95178614384314,0.0425089623191694,0.5200396956248312
2019-05-28,103.27056884765624,0.007199876182368836,0.008844653654214685,92.85714285714286,73.43994579279963,0.04574001456067891,0.7390870682261879
2019-05-29,103.58350372314452,0.003030242584892928,0.009797074814382902,100.0,74.77664374482661,0.04989343911917292,0.31737270793516614
2019-05-30,104.4741668701172,0.008598503767098142,0.011043523747059641,100.0,78.14756335245325,0.0569893748148474,0.6033230420475291
2019-05-31,105.78215026855467,0.012519682497813767,0.012798163822289805,100.0,81.96038302485002,0.06624929263907367,1.2364527806754118
2019-06-03,106.48973083496094,0.006689035575566216,0.014570156839717772,92.85714285714286,83.62490165740593,0.07578549551025933,1.940569275281161
2019-06-04,105.27556610107422,-0.011401707229107827,0.01512193237344127,92.85714285714286,71.44318347094,0.07810497669112278,1.7755262979594784
2019-06-05,104.6805648803711,-0.005651845368676245,0.014883509512586943,57.142857142857146,66.34292191003871,0.07908872068268492,1.2893428608786286
2019-06-06,105.01828002929688,0.0032261494701688598,0.014669786268696682,57.142857142857146,67.75018795037161,0.07878798199478255,0.7834893461685607
2019-06-07,105.92684936523438,0.008651535101165564,0.014933613231159382,57.142857142857146,71.23483562262278,0.08055351255689204,0.4795688980839824
2019-06-10,104.92984771728516,-0.00941217126652727,0.014453928870977503,57.142857142857146,63.168854990249045,0.07824374915354965,0.3007695371147573
2019-06-11,104.99413299560548,0.0006126500678198532,0.01384261242120837,57.142857142857146,63.456183674095875,0.07705279021738977,0.23892460242473304
2019-06-12,105.07452392578124,0.0007656706892291698,0.013263767270632942,50.0,63.83612707534725,0.07430054972006139,0.3221829073641895
2019-06-13,105.4363784790039,0.0034437896047785355,0.012897700974935658,42.85714285714286,65.57127923254802,0.07281514473912841,0.43604420747799477
2019-06-14,105.70174407958984,0.0025168315188175416,0.012668467527268539,35.714285714285715,66.8282530731775,0.0697640620142937,0.481935755013134
2019-06-17,105.88663482666016,0.0017491740432504788,0.012487559832730966,28.571428571428573,67.71274071774832,0.06644002583312084,0.6321135801396556
2019-06-18,106.41732788085938,0.005011898386118041,0.012557717218799076,92.85714285714286,70.1712475878462,0.0617915705081433,0.5762719913679891
2019-06-19,106.57009887695312,0.0014355838389852327,0.012614776264300742,92.85714285714286,70.8591466237563,0.054311528881008965,0.7963577425686921
2019-06-20,106.85150909423828,0.0026406113933521436,0.01270691952124249,78.57142857142857,72.13396530630226,0.047440854161427896,0.6724345251230213
2019-06-21,105.67756652832033,-0.010986672774856099,0.011914807092068203,78.57142857142857,60.285760119138075,0.04166352473602011,0.09283422224718633
2019-06-24,106.465576171875,0.007456735326541564,0.011556496878999076,78.57142857142857,64.50079135727732,0.03550396211210793,-0.043653907306501226
2019-06-25,106.79522705078124,0.003096314233758113,0.011424789359899427,78.57142857142857,66.12072078175002,0.031832519089248404,-0.2500995987044675
2019-06-26,106.1117706298828,-0.006399690695666149,0.01077780890674198,42.85714285714286,60.00680822804512,0.026742898003610776,-0.6435430194428954
2019-06-27,106.85955810546876,0.00704716801111771,0.010578060351286524,42.85714285714286,63.93603552624339,0.025931362323671662,-0.5313172820087366
2019-06-28,106.7872085571289,-0.0006770526626027618,0.010313078032978568,42.85714285714286,63.288168413370435,0.027035535887070562,-0.3969102635081391
2019-07-01,106.53742980957033,-0.0023390324640328863,0.009818704653445379,42.85714285714286,60.99040101672251,0.027112204882067458,-0.2401774704958766
2019-07-02,107.35916900634766,0.007713150188118245,0.009839934350912757,100.0,65.43636689320005,0.0290177728716532,0.08797506832710443
2019-07-03,108.1245574951172,0.0071292326109966275,0.010298604790827453,100.0,68.98234615001549,0.031495994483359525,0.3497435745699317
2019-07-05,106.69048309326172,-0.01326317013524192,0.009665333948033528,92.85714285714286,57.15143067187759,0.03007087310101295,0.695691778257074
2019-07-08,106.83552551269533,0.0013594691412806004,0.009046729155978091,85.71428571428572,57.93718496075462,0.030268277456726878,0.5783902443484525
2019-07-09,106.7952117919922,-0.000377343776891248,0.008442335496889773,57.142857142857146,57.62090401230766,0.028027358251762117,0.5625627679730184
2019-07-10,106.2071304321289,-0.005506626654842139,0.0074717924786035774,57.142857142857146,53.069649943887,0.02535353272478966,0.4101971778395242
2019-07-11,104.78919219970705,-0.013350687723626908,0.005599365632160044,-35.714285714285715,44.03772241407103,0.02653728689530369,0.03254242942144844
2019-07-12,104.91007995605467,0.001153628096657533,0.004076666422567851,-42.85714285714286,44.898727150285964,0.02825170615273426,-0.03635063280983334
2019-07-15,105.5142822265625,0.005759239443539732,0.003282785984238313,-42.85714285714286,49.1128124930618,0.02862950834068432,0.08513351271854827
2019-07-16,105.20005798339844,-0.002978025690298036,0.0024112963198484366,-42.85714285714286,47.09554477088304,0.030042905960359113,0.3363008535163655
2019-07-17,106.33602905273438,0.01079819812946492,0.002527446654230638,-42.85714285714286,54.389250086001994,0.030043334116675823,0.737504094499098
2019-07-18,106.3440933227539,7.583760736018519e-05,0.0026156781183257153,-42.85714285714286,54.43727296018454,0.029997620783629216,0.9261740088371015
2019-07-19,106.09434509277344,-0.002348491789031293,0.0024736123818996144,-42.85714285714286,52.5905132674974,0.029771172380991664,0.8986708922135909
2019-07-22,106.29571533203124,0.001898029900478715,0.002476004123886669,-42.85714285714286,53.947103017763084,0.02924305349507413,0.7284549364605161
2019-07-23,105.71568298339844,-0.005456780142275464,0.0020291065548149636,-42.85714285714286,49.54905221387101,0.02969143912000992,0.4773037907371496
2019-07-24,106.1749038696289,0.00434392394080807,0.00198311512698724,-42.85714285714286,52.82797178742227,0.02942453696751559,0.44590990732808494
2019-07-25,105.66738891601562,-0.004779989763272652,0.0015574933420326959,-28.571428571428573,49.03500084231518,0.0298380544822377,0.5336482302451755
2019-07-26,105.91708374023438,0.002363026348812358,0.0013840502988782023,-28.571428571428573,50.90274824944916,0.029513597360368706,0.48368198398422824
2019-07-29,105.9493179321289,0.00030433420895148444,0.0012591600939031514,-21.42857142857143,51.15162719177311,0.02917182412566268,0.28193533430805384
2019-07-30,106.2071304321289,0.002433356863752012,0.00133814989200742,42.85714285714286,53.195214042893866,0.029008998698882217,0.21481292383554745
2019-07-31,107.06108856201172,0.008040497153141146,0.00201240806501825,92.85714285714286,59.272967219347805,0.028228241709110286,0.4332021257916937
2019-08-01,109.18737030029295,0.01986045319396923,0.004030366818386325,100.0,69.79142287472288,0.034222660584958084,1.2578533259091573
2019-08-02,110.1964111328125,0.009241369489387141,0.006275372408108384,92.85714285714286,73.31374776695444,0.04731597115233162,1.975392653437178
2019-08-05,112.10152435302734,0.017288341794713613,0.00921155440316022,100.0,78.42803944209433,0.06653024562087526,2.661748845646226
2019-08-06,112.99755096435548,0.007992992213972094,0.012032008145811705,57.142857142857146,80.33674171566147,0.08424694456550333,3.0661417348272115
2019-08-07,113.03790283203124,0.0003571039135925602,0.014185297984264277,64.28571428571429,80.42075961671571,0.09713022793854566,1.9314339046644613
2019-08-08,113.2801284790039,0.0021428710273634355,0.015851032311482344,64.28571428571429,80.94704328352202,0.10564350321038732,1.778156307675611
2019-08-09,113.05400848388672,-0.0019961135121691065,0.016873668500884422,64.28571428571429,78.81719554300697,0.1107625032473789,1.305726640365912
2019-08-12,115.41117095947266,0.02084987969198715,0.018730458025959476,85.71428571428572,83.64743521491961,0.12236830154032217,1.1922636198731247
2019-08-13,115.01570892333984,-0.003426549031996906,0.020037078309862084,92.85714285714286,80.33761707476258,0.12841417631125548,0.8280780847762792
2019-08-14,117.60696411132812,0.022529576283491837,0.02208172315620043,100.0,84.62935863712565,0.14213032290492256,0.9963449288100594
2019-08-15,118.91460418701172,0.011118729962672713,0.024393636558863868,100.0,86.25928996806496,0.15605033681510352,1.0218987840701592
2019-08-16,117.96208953857422,-0.008010072900209275,0.02568396911518276,92.85714285714286,79.63485787693489,0.16220737830168838,1.1976705990567813
2019-08-19,116.2749252319336,-0.014302597667099737,0.02547125249541678,85.71428571428572,69.45959947172257,0.162070038215397,1.115651712348282
2019-08-20,117.47774505615234,0.010344619201599015,0.025285977489702405,78.57142857142857,72.18796690508248,0.1608274045305654,1.1370368375031723
2019-08-21,116.69476318359376,-0.006664937875546784,0.0246898648739035,71.42857142857143,67.9334743443888,0.15670468430008966,0.8871281750225669
2019-08-22,115.91973876953124,-0.0066414669597743,0.02343436935877853,64.28571428571429,63.917846544838085,0.14768982223173102,0.41237036988240583
2019-08-23,117.8248519897461,0.016434761158343747,0.02298756965329984,57.142857142857146,68.80002803803737,0.1394937001922251,0.4995711280860831
2019-08-26,117.3486557006836,-0.004041560681136591,0.022440705625938976,35.714285714285715,66.38221288035865,0.12698119661267415,0.2287749570125125
2019-08-27,119.15682220458984,0.015408497806044474,0.022564908234510572,35.714285714285715,70.60624019645041,0.11437708249535693,0.3304837957385277
2019-08-28,119.31021118164062,0.0012872865708639658,0.022745275259048885,100.0,70.93981738890575,0.10040196288977533,0.14915956987226758
2019-08-29,118.858154296875,-0.003788920330359713,0.02243285805297216,92.85714285714286,68.4735088219243,0.08993275209998483,0.24342440001356105
2019-08-30,118.89044952392578,0.0002717123384745612,0.021880394744874666,85.71428571428572,68.5576101455934,0.07992285886871511,0.46525998127540863
2019-09-03,119.04405212402344,0.0012919675273559417,0.021278549845531524,100.0,68.98144210792178,0.07462347185115782,0.358773553189527
2019-09-04,119.22200775146484,0.0014948720601009047,0.020674990243988663,42.85714285714286,69.49448579597998,0.07066597826020905,0.412308458746442
2019-09-05,117.06275939941406,-0.018111155757014608,0.01888871962429697,42.85714285714286,57.144119335678965,0.06331220415954113,0.34510105748280206
2019-09-06,117.89572143554688,0.007115516842472358,0.017418856987209016,42.85714285714286,60.0906530475332,0.055308408586939986,0.3975398704701304
2019-09-09,115.80135345458984,-0.017764580049684064,0.015023068231640579,42.85714285714286,50.659324944342366,0.04549748531372928,0.030592280165782866
2019-09-10,113.77155303955078,-0.017528296125096876,0.01153186561298953,-35.714285714285715,43.52871321374994,0.05132116973917594,-0.41213376642594635
2019-09-11,113.56941223144533,-0.0017767254001990196,0.008328247021341042,-42.85714285714286,42.88138940108667,0.056300307720472065,-0.753971072167766
2019-09-12,112.8254165649414,-0.006551021546080671,0.005218899975470075,-50.0,40.49444502965484,0.06595062491241337,-1.093601055305659
2019-09-13,110.41554260253906,-0.02135931810200975,0.000997733748545368,-57.142857142857146,33.910118459390475,0.08178525526041283,-1.5678733881705391
2019-09-16,111.82266235351562,0.012743855781624402,-0.001375921400967424,-57.142857142857146,40.04060017705962,0.08927599049158431,-1.4916227563967808
2019-09-17,112.42913818359376,0.005423550265337251,-0.002762475881940913,-57.142857142857146,42.515608635923414,0.09440364021674734,-1.2911802451065777
2019-09-18,112.90632629394533,0.004244345532314897,-0.0034698341430909746,-57.142857142857146,44.45828085043823,0.09730913800975605,-1.2912723056068018
2019-09-19,113.24588775634766,0.0030074617919841895,-0.003742470474951738,-57.142857142857146,45.86037853005155,0.09950321333844199,-1.4972202057290336
2019-09-20,114.7419662475586,0.013210885806554051,-0.0028303256207578005,-57.142857142857146,51.65149940575638,0.09991007607062818,-1.188615155609482
2019-09-23,114.71766662597656,-0.00021177623477020013,-0.002139005649358883,-57.142857142857146,51.55503916300431,0.09903272415567253,-1.21938138652612
2019-09-24,116.10057067871094,0.012054848162516896,-0.0006036106054282402,-50.0,56.53043803639839,0.0982500068007441,-0.9515198206966607
2019-09-25,114.40229034423828,-0.014627665691432035,-0.0005892472364429745,-35.714285714285715,49.77035476852445,0.09457534712991743,-1.0012631148135986
2019-09-26,115.1382064819336,0.0064327045855543385,-5.0781606924058754e-05,-35.714285714285715,52.42526419347172,0.08933987319945648,-0.9692899674551329
2019-09-27,115.42123413085938,0.0024581557901042217,0.0005634283397915795,-28.571428571428573,53.44443372681984,0.08449325429378474,-0.7873161844391899
2019-09-30,115.7042465209961,0.0024519958763900007,0.0012307116731783716,50.0,54.494212886436046,0.0789209647052099,-0.44153809324252163
2019-10-01,116.0526351928711,0.003011027532267674,0.0019748162468069042,85.71428571428572,55.81503434040729,0.07225900900098409,-0.026423648006969
2019-10-02,116.336181640625,0.0024432572968522415,0.002726436079026273,92.85714285714286,56.91122599201643,0.06412313336646791,0.05154839751548561
2019-10-03,117.39732360839844,0.009121340865831495,0.0039793439426254315,100.0,60.8279439504663,0.06496845482350694,0.12537376380672358
2019-10-04,118.26414489746094,0.007383654604886436,0.005483447814407819,100.0,63.72839596568958,0.06616934834743403,0.4042999116639376
2019-10-07,117.2838897705078,-0.00828869246721442,0.006010854666751636,92.85714285714286,58.45706192253439,0.0687399655091688,0.257480177112107
2019-10-08,117.5998306274414,0.0026938129145599454,0.006516993814898604,85.71428571428572,59.61648780392699,0.07181028586264196,0.11228445465737873
2019-10-09,116.935546875,-0.0056486794997678835,0.006437683393330721,78.57142857142857,56.072991142409414,0.07269137761378186,0.1214837948387559
2019-10-10,115.19390869140624,-0.014894001269395996,0.0051619325845268516,71.42857142857143,48.01492406561757,0.07054560650913722,-0.01959099646683969
2019-10-11,113.76815795898438,-0.01237696288474166,0.003078090939719791,-35.714285714285715,42.615856911224064,0.0609247059685061,-0.0400535556844568
2019-10-14,114.59442901611328,0.007262762023683145,0.0019250749638214913,-35.714285714285715,46.37892130310685,0.05470330917246876,0.06474378901752234
2019-10-15,113.20917510986328,-0.012088318063482983,5.3501824458196404e-05,-50.0,41.46909798211875,0.05240087326337475,-0.10439588670908398
2019-10-16,113.34689331054688,0.0012164932793650163,-0.0013332313432873246,-57.142857142857146,42.125065557803524,0.05119920189538822,-0.04948785547857652
2019-10-17,113.0714874267578,-0.0024297612024929416,-0.0026046144441136646,-64.28571428571429,41.13229998542673,0.051672971622096234,-0.09941243773915333
2019-10-18,113.0714874267578,0.0,-0.0035684858995182677,-64.28571428571429,41.13229998542673,0.054573147985976386,-0.2212736557987904
2019-10-21,112.2208480834961,-0.0075230224932939516,-0.004920130741937693,-78.57142857142857,37.93021373171098,0.05950359057152685,-0.3003564850956888
2019-10-22,112.87709045410156,0.005847775897373397,-0.0054037601885301555,-78.57142857142857,41.70085896332604,0.061788129070145685,-0.20728844688240736
2019-10-23,112.9904327392578,0.0010041212499389829,-0.005657719929580143,-78.57142857142857,42.35223277599026,0.06368000852918887,-0.27130344303936427
2019-10-24,112.76363372802734,-0.0020072408409465003,-0.005968564818473495,-78.57142857142857,41.356493308527725,0.06599387257901487,-0.4065864397139512
2019-10-25,112.21279907226562,-0.004884860815059122,-0.006556875997119727,-64.28571428571429,38.96063973256652,0.06899531458574178,-0.5474881680072501
2019-10-28,111.1920928955078,-0.009096165367913911,-0.0077159319026987964,-100.0,34.92329404712604,0.07369368681221589,-0.5761207368267452
2019-10-29,111.26499938964844,0.0006556805636275254,-0.008431102826699594,-92.85714285714286,35.437926867350775,0.07673282516937853,-0.5997089512882617
2019-10-30,112.89323425292967,0.014633845973244242,-0.007620413844915139,-85.71428571428572,45.7552123790628,0.07568065847676035,-0.2640992366397246
2019-10-31,114.41624450683594,0.013490713274225685,-0.005838736011120307,21.42857142857143,53.27652407217659,0.07109404412864802,0.035540712893905944
2019-11-01,114.06402587890624,-0.003078397035734315,-0.004715856624085671,21.42857142857143,51.498156884941245,0.06223314922614502,0.1676378090262713
2019-11-04,112.56279754638672,-0.013161277808248384,-0.004882401367723982,21.42857142857143,44.65611666758804,0.05595679653725843,0.07364807631593503
2019-11-05,111.29682159423828,-0.011246841583043787,-0.005871185178420528,-21.42857142857143,39.848110096013066,0.04783344934544601,0.10067512230619027
2019-11-06,111.97039031982422,0.006052003246252768,-0.006016262660051656,-21.42857142857143,43.343343498629054,0.03793275266361128,0.15939297791051635
2019-11-07,109.9416046142578,-0.018118948230612997,-0.007673458469005555,-35.714285714285715,36.46955300832013,0.0401378503939624,0.20739176969192097
2019-11-08,109.47908020019533,-0.004207000759041901,-0.009171589100596324,-35.714285714285715,35.10277343076204,0.046212516863941705,-0.021914783898492152
2019-11-11,109.55213928222656,0.0006673337216356323,-0.010155407779904098,-35.714285714285715,35.51388386018356,0.04816495671388309,-0.12037911426638011
2019-11-12,110.05524444580078,0.0045923810057064696,-0.010401156962074833,-35.714285714285715,38.4074269326381,0.0503076113326921,-0.07885626226846401
2019-11-13,110.76934051513672,0.006488523767603116,-0.009929505243195958,-35.714285714285715,42.36076956114223,0.05016781372878166,-0.08826437725813924
2019-11-14,111.91357421875,0.010329877367617923,-0.008586620711297127,-35.714285714285715,48.10824642519778,0.04931886146983223,-0.2054067556653191
2019-11-15,111.79186248779295,-0.001087551101881079,-0.0076112237022729476,-35.714285714285715,47.56493560091949,0.0483610818894142,-0.2540734701071318
2019-11-18,111.99469757080078,0.0018143993533517033,-0.006596255156217527,-35.714285714285715,48.606608645624696,0.04827550487764992,-0.4022056694206644
2019-11-19,112.9279556274414,0.008333055732845152,-0.005030020302058412,-35.714285714285715,53.21220194074705,0.04834860617218325,-0.2183436258627039
2019-11-20,114.09652709960938,0.010347937901427962,-0.002932478801441861,-35.714285714285715,58.25654810544606,0.050769993891163774,0.1459901052915256
2019-11-21,113.38243103027344,-0.006258701184765347,-0.001806626525168864,-28.571428571428573,54.39702645460839,0.05168208694902473,0.3432107318464197
2019-11-22,113.5284423828125,0.0012877775790507417,-0.000785749534589542,64.28571428571429,55.052728787965634,0.05317193727426367,0.37720405106960975
2019-11-25,113.86116027832033,0.0029307007876133717,0.00025425977573047135,64.28571428571429,56.58463181917301,0.054701517800704,0.3066974290842998
2019-11-26,114.52654266357422,0.005843804714684486,0.0015216655636964178,92.85714285714286,59.553485981155305,0.05730869391297699,0.26111616556254247
2019-11-27,114.19388580322266,-0.002904626758259421,0.0022733588896745923,92.85714285714286,57.438730887329385,0.059061961541190734,0.2546172961407136
2019-11-29,113.9503936767578,-0.0021322693833577544,0.0026685066459062236,78.57142857142857,55.87471439122129,0.058126678876035,0.3319919091493632
2019-12-02,112.43112182617188,-0.013332747712093251,0.0019057063531733637,78.57142857142857,47.232707857034676,0.05636557784771558,0.3185714398120889
2019-12-03,114.78850555419922,0.02096735930174254,0.0028705243045333887,100.0,58.069659529141525,0.059736188612754745,0.47464265296805
2019-12-04,113.64231872558594,-0.009985205601200975,0.0028563669860499673,92.85714285714286,52.43141716640469,0.059893211082528826,0.4671927532177108
2019-12-05,113.0895767211914,-0.004863874748360697,0.0024137797112340786,78.57142857142857,49.91447792092197,0.05993681605032006,0.48464662195049363
2019-12-06,112.46367645263672,-0.005534553110033924,0.0015959076224125676,78.57142857142857,47.15410358159725,0.056150661812005946,0.38131853855616055
2019-12-09,112.70752716064452,0.0021682619286458316,0.00109700098965815,71.42857142857143,48.35248332506445,0.049903332510841635,0.2038490391341186
2019-12-10,112.71564483642578,7.202425592822692e-05,0.0007020184826694493,-21.42857142857143,48.394437199411676,0.04239659641335324,0.027350585039598484
2019-12-11,113.60165405273438,0.007860569999793565,0.0010037846390723484,-21.42857142857143,52.89229571261503,0.03548153377180036,-0.01574094295296482
2019-12-12,111.73204803466795,-0.016457559827417145,-8.112725050654742e-05,-50.0,44.148134273255636,0.03209801437455083,-0.23493796612720086
2019-12-13,113.0245132446289,0.011567542461585756,-2.0361930505831638e-05,-50.0,50.26891889893449,0.03047370774958927,-0.08666961140927415
2019-12-16,112.00843048095705,-0.008989932665957712,-0.0006966570947159489,-50.0,46.00086120784683,0.029876172746268297,-0.1211404920676247
2019-12-17,111.85396575927734,-0.0013790454969901944,-0.0013302779893157785,-50.0,45.37021401190835,0.03025931558809292,-0.2004677299665778
2019-12-18,110.93537902832033,-0.008212375169012076,-0.002486327916020964,-78.57142857142857,41.70821940042066,0.03503355693026522,-0.38829237135468947
2019-12-19,111.11284637451172,0.0015997362405557602,-0.0032223315046083227,-85.71428571428572,42.67094959264201,0.037388913643078836,-0.3549884960836382
2019-12-20,111.25946807861328,0.001319574728626538,-0.0036552734126556663,-85.71428571428572,43.50118471659748,0.039515338332436145,-0.11714948874902052
2019-12-23,111.09659576416016,-0.0014638962172464076,-0.004078893531195297,-85.71428571428572,42.760383587867516,0.04143993386215569,-0.01661182155829164
2019-12-24,111.4141616821289,0.0028584666864399644,-0.004120304453975161,-78.57142857142857,44.73648995863347,0.04167396895414414,0.15468005028820814
2019-12-26,111.68280029296876,0.0024111711364511734,-0.003913123332022306,-42.85714285714286,46.42157858454677,0.03929282115165018,0.4106762577654312
2019-12-27,111.804931640625,0.0010935555639350891,-0.003622775954283959,-42.85714285714286,47.20967976477387,0.037060349210504856,0.21341283231278713
2019-12-30,111.39788818359376,-0.003640657447379847,-0.0036611112885571416,-85.71428571428572,44.842246539720264,0.03543920854883665,0.42234500263971697
2019-12-31,110.30681610107422,-0.009794369537072023,-0.00446409298851777,-92.85714285714286,39.17179657025308,0.03845672555511234,0.08041750398471584
2020-01-02,111.55255126953124,0.011293365292273094,-0.004067137961557773,-92.85714285714286,47.35697193145612,0.03195124133414167,-0.1577965288671583
2020-01-03,113.27050018310548,0.015400355204995497,-0.0024820981557976646,-78.57142857142857,56.12512451523355,0.03082581831652893,0.24258549034012664
2020-01-06,112.62734985351562,-0.005678003792251141,-0.0017230303888930631,21.42857142857143,52.59341067748156,0.029939999146793805,0.0220544993462037
2020-01-07,112.07360076904295,-0.004916648444564187,-0.0014971508761530052,21.42857142857143,49.693951936702604,0.029652587129642194,-0.39700076653489064
2020-01-08,111.33273315429688,-0.006610545299359449,-0.0018359215525418713,21.42857142857143,46.03711206985763,0.02923624657859258,-0.7600623772305074
2020-01-09,111.7235336303711,0.0035102028397400176,-0.0017863257972465902,21.42857142857143,48.20237868596845,0.028357995065190416,-0.6278929152968886
2020-01-10,112.71681213378906,0.008890503827995166,-0.0010139149542521186,21.42857142857143,53.328284229377346,0.025438830421028947,-0.20163991896283892
2020-01-13,112.37488555908205,-0.0030335011098536757,-0.0006534992566261123,21.42857142857143,51.44108644618422,0.025898284633936307,0.1667477113142658
2020-01-14,112.95297241210938,0.005144270894259506,4.8859917108022514e-05,21.42857142857143,54.38046538202204,0.025683836637481833,0.6677524065457698
2020-01-15,113.70206451416016,0.006631893663831212,0.0011175923188034358,71.42857142857143,57.93387997659144,0.02972300566876961,1.0206447858848766
2020-01-16,113.34376525878906,-0.0031512115184721967,0.0016964014028083368,71.42857142857143,55.6990811591826,0.03187227484898485,1.1377751782126206
2020-01-17,112.37488555908205,-0.008548151700226714,0.001458346477530517,71.42857142857143,50.07402394003721,0.03093084305738017,1.3291626338512754
2020-01-21,113.5555191040039,0.01050620464748886,0.0020602144231931943,71.42857142857143,55.9163572863151,0.03221257270001436,1.4486612744355143
2020-01-22,113.95442199707033,0.003512844608645427,0.0027905885362223062,100.0,57.71674059200905,0.03429151509998396,1.4600060728474529
2020-01-23,114.75232696533205,0.007001965823513423,0.003868144481161537,64.28571428571429,61.13579461169151,0.03789236412585534,1.121896180126212
2020-01-24,115.6805191040039,0.008088656354239054,0.005285996740943977,71.42857142857143,64.71060579602157,0.04433413969777828,0.9633279299884974
2020-01-27,117.47986602783205,0.015554450634945871,0.007485308164402015,78.57142857142857,70.3955039791339,0.05698835197468063,1.2104049369971328
2020-01-28,116.55982971191406,-0.007831438245767264,0.008629394548538383,78.57142857142857,64.65978952627269,0.06241751421807819,1.0420512768278003
2020-01-29,117.69974517822266,0.009779659674572061,0.010062859851067892,92.85714285714286,68.1251117938895,0.06940592072303707,1.1610707766744255
2020-01-30,117.71601104736328,0.0001381979979311332,0.011146231840380823,100.0,68.17306951793631,0.07129172677811833,0.7586185262930719
2020-01-31,118.79075622558594,0.00912998298753287,0.012483438526683164,64.28571428571429,71.2509151451444,0.0777367904325499,0.9391317897944271
2020-02-03,118.69451141357422,-0.0008102045569012839,0.01341409162037657,71.42857142857143,70.59254906267317,0.08415415947735407,1.298088341631475
2020-02-04,117.09600830078124,-0.013467371774447345,0.013084329304561633,71.42857142857143,60.58034711744885,0.08477771574007499,1.3020493277381577
2020-02-05,115.8156509399414,-0.010934252835937963,0.011790057675840925,71.42857142857143,53.97675950532427,0.0822554189772604,0.9083540223802534
2020-02-06,116.33758544921876,0.004506597381626953,0.01083899225409161,71.42857142857143,56.07857274920994,0.0775149719898473,0.7781637582457156
2020-02-07,117.78927612304688,0.012478260299306099,0.010871534873918795,71.42857142857143,61.3636975281801,0.07462213778431265,0.7481377852480009
2020-02-10,118.11557006835938,0.0027701498476961905,0.011068119860160966,64.28571428571429,62.45721297548624,0.07362875431998725,0.5684263808866973
2020-02-11,117.5201416015625,-0.005041066698084573,0.0107717013099745,57.142857142857146,59.16635282880017,0.06952712594332881,0.29449560657052753
2020-02-12,116.92472076416016,-0.005066542886078551,0.010019369408868259,50.0,55.98939313979555,0.06536762603036676,0.22292335077958253
2020-02-13,117.37334442138672,0.0038368589148178867,0.009542240563904479,42.85714285714286,57.826844405016395,0.06272569933499984,0.27805526722884427
2020-02-14,117.88711547851562,0.0043772379466704425,0.009397727437151258,-14.285714285714286,59.89204000926781,0.058740081142311364,0.11449360932768149
2020-02-18,118.69451141357422,0.006848890413352571,0.0096899750600817,57.142857142857146,62.961618228439974,0.050225706670387865,0.05935259852078541
2020-02-19,118.6863250732422,-6.896983048776395e-05,0.00985377929135985,57.142857142857146,62.90904687508153,0.044227038586106715,0.17459758321641694
2020-02-20,119.61604309082033,0.007833404707782377,0.010412619237908326,71.42857142857143,66.34587428654287,0.03994424092311582,0.3430690411434017
2020-02-21,120.73336029052734,0.009340864075052746,0.01143017232802677,78.57142857142857,69.94958650629509,0.04096850082325223,0.201922630626771
2020-02-24,122.5356903076172,0.014928185654344617,0.013166934020497975,85.71428571428572,74.66276167633345,0.050927165754245024,-0.13141708226438029
2020-02-25,123.18814849853516,0.005324637983268321,0.014854973805064078,92.85714285714286,76.12275351050208,0.0627829532313805,-0.1607699294921918
2020-02-26,122.5356903076172,-0.005296436376959646,0.015723634028803276,92.85714285714286,71.67497276661906,0.06787618273563945,-0.4083402033605606
2020-02-27,123.86502838134766,0.010848578649969243,0.016845712347411793,100.0,74.89366623386596,0.07704116962845765,-0.5108555029198433
2020-02-28,126.6623306274414,0.022583470755616286,0.019036685884026683,78.57142857142857,80.03491934453915,0.0941837922256737,-0.15500706631138106
2020-03-02,125.73054504394533,-0.007356453800276164,0.020390962593446662,85.71428571428572,74.55794281465403,0.10423641083338718,-0.6131554087089283
2020-03-03,127.6824722290039,0.015524685623341083,0.022005898719051335,92.85714285714286,77.96043201093008,0.11807208795153042,-0.6250457891982257
2020-03-04,126.32669067382812,-0.01061838427395212,0.022658153073968495,92.85714285714286,70.8708153748434,0.12285267557910269,-0.9249423797395956
2020-03-05,129.47119140625,0.024891815938888895,0.02411142350322341,85.71428571428572,76.26255740014967,0.1315203214070831,-0.6826085305182584
2020-03-06,136.20938110351562,0.05204393057697887,0.02809583668923476,100.0,83.36720140767922,0.1623086045595917,-0.4353237381363613
2020-03-09,139.9010772705078,0.02710309772413244,0.03309690087484272,100.0,85.86360337619932,0.19899394765199674,-0.8880684741202203
2020-03-10,132.73004150390625,-0.05125790241583272,0.03491976670560904,92.85714285714286,65.34664044050814,0.20376511725031135,-1.5282252666297282
2020-03-11,127.84583282470705,-0.03679806488311432,0.03282133591243541,85.71428571428572,55.601511929867954,0.19818570649703593,-2.014902575324086
2020-03-12,128.6381072998047,0.006197108326432055,0.03006605512319192,78.57142857142857,56.72878601244244,0.19035855809621754,-2.251742336259109
2020-03-13,125.73054504394533,-0.02260265108754267,0.02651945110323211,57.142857142857146,51.555414519746414,0.18065378189591758,-2.274786954987814
2020-03-16,133.8734588623047,0.06476480170759813,0.026353461742347997,57.142857142857146,62.00562390845106,0.1783837808356166,-1.8180449746839578
2020-03-17,124.94644165039062,-0.0666825021761478,0.023429838730367695,57.142857142857146,49.41956214633339,0.16922549071293172,-1.7504246071924807
2020-03-18,117.89788055419922,-0.056412659721145175,0.01578752272600136,-50.0,42.14533202139757,0.17124416889010943,-1.6815335662121076
2020-03-19,121.10767364501952,0.027225197567014137,0.010410947317086873,-50.0,46.04042572728092,0.16831291485375965,-1.5928966877900304
2020-03-20,130.2144012451172,0.0751952979196886,0.011538554817104068,-50.0,55.24653564348384,0.1630379403953682,-1.105738866313396
2020-03-23,135.58047485351562,0.04120952488425056,0.015509208921559117,-50.0,59.61843131852456,0.16752784376859864,-0.5744418413160467
2020-03-24,133.05673217773438,-0.018614351944909235,0.017644713285001588,-50.0,56.80767451290739,0.16650840204542017,-0.3093911658118549
2020-03-25,132.7545166015625,-0.002271328712388554,0.01874766859079051,-50.0,56.46437459128432,0.16252634604981206,-0.26589441525926966
2020-03-26,133.40794372558594,0.004922070756994135,0.01966255127510694,-50.0,57.06847345900628,0.16019360407952934,-0.2755183038991595
2020-03-27,136.96896362304688,0.026692712577789157,0.021775299395400214,-50.0,60.30143107368694,0.16576577385304148,-0.13699327817695184
2020-03-30,135.841796875,-0.008229358814081156,0.023116711446141195,-42.85714285714286,58.79224707935641,0.16664005591871223,-0.21296870097819537
2020-03-31,134.7392120361328,-0.00811668326120396,0.023304345004700314,57.142857142857146,57.282022796970324,0.1672291935244804,-0.3215944660812517
2020-04-01,136.62698364257812,0.014010558455240796,0.023821466790494607,57.142857142857146,59.21379878476495,0.16759431730665175,-0.4082972694789064
2020-04-02,137.4939422607422,0.006345442130465617,0.024557784312549066,57.142857142857146,60.10604914900952,0.17124593641939434,-0.4203874494382023
2020-04-03,137.82115173339844,0.0023798101012750816,0.0251025951475332,85.71428571428572,60.457648569966025,0.17337854445550296,-0.4482749164689647
2020-04-06,137.46127319335938,-0.00261119962729095,0.02514641312117152,85.71428571428572,59.8330556586404,0.1690192547673711,-0.32586009714886194
2020-04-07,136.02174377441406,-0.010472254370293865,0.02426136265001745,85.71428571428572,57.28372410274185,0.17108546029917954,-0.07797394965591589
2020-04-08,135.03204345703125,-0.007276044916937563,0.022667464799238996,78.57142857142857,55.53188035909871,0.16937922403433878,0.02297960226033155
2020-04-09,135.27735900878906,0.0018167210202655326,0.021127588295033476,71.42857142857143,55.89195125802022,0.16811441636976834,0.18433360746927616
2020-04-13,134.0423583984375,-0.009129396222699149,0.01915920857489837,64.28571428571429,53.541472436509316,0.1609209206965969,0.11717875903510587
2020-04-14,134.0096435546875,-0.00024406347471717105,0.017230917353419258,57.142857142857146,53.477316176934266,0.1609482608834158,0.01827967497849161
2020-04-15,137.55941772460938,0.02648894568899629,0.01717816644155099,50.0,59.19133504882065,0.15268635349082765,0.061185196722989145
2020-04-16,139.12167358398438,0.011356953127721114,0.017991091494327257,42.85714285714286,61.43621286101188,0.1110985482451934,0.16210517965076793
2020-04-17,137.2567901611328,-0.013404693710256321,0.01774261913881135,21.42857142857143,57.37856623787575,0.062087213399523104,0.09114391737270948
2020-04-20,138.3610076904297,0.008044902754906103,0.017653971930510805,21.42857142857143,59.101028838235656,0.05312784090651251,0.15847960038439796
2020-04-21,140.10324096679688,0.012591938331826036,0.01826871963752458,35.714285714285715,61.729041400385235,0.05931824335586162,0.13769722997570158
2020-04-22,138.67178344726562,-0.010217162070294217,0.018083889890985364,35.714285714285715,58.40821747496926,0.05744149375239369,0.11845691189963477
2020-04-23,139.40797424316406,0.005308872343005477,0.017913645744453588,35.714285714285715,59.61161578737342,0.05469087394934441,0.13651621737145678
2020-04-24,139.73512268066406,0.0023466981661275366,0.017796378162391543,35.714285714285715,60.16321707832807,0.05281887160726801,0.28381686252535093
2020-04-27,137.13404846191406,-0.01861431949857173,0.016354069602891392,35.714285714285715,53.864345429014136,0.052811660028767075,0.14387426460861819
2020-04-28,138.71266174316406,0.011511461223201902,0.015512938389364392,35.714285714285715,56.81916161466909,0.053032015442708955,0.23661140860208962
2020-04-29,137.992919921875,-0.005188724751181817,0.014484203989213327,35.714285714285715,55.086844686535244,0.0504498612183366,0.17634731533821094
2020-04-30,136.3816680908203,-0.011676336959656308,0.012666209848017381,35.714285714285715,51.31504507444067,0.05063575416391505,-0.1895960488073631
2020-05-01,137.5494842529297,0.008562852899934414,0.011547638275485977,35.714285714285715,53.784948090186624,0.05064125952205767,-0.0873586409337796
2020-05-04,136.9025421142578,-0.00470334107165582,0.01029715672506481,35.714285714285715,52.20489388059282,0.050656546904515556,-0.0007607211552434613
2020-05-05,136.0261993408203,-0.006401216222165607,0.008702402225768313,-71.42857142857143,50.05957599519321,0.05134844264180962,0.20566105593000153
2020-05-06,133.83132934570312,-0.016135641558416514,0.006113270900646079,-78.57142857142857,45.06457901805943,0.055374480129508775,0.6158459716721354
2020-05-07,136.067138671875,0.016706172890179616,0.005149914069086875,-78.57142857142857,50.484577863844684,0.05404138525897687,0.9917821344543578
2020-05-08,134.2981414794922,-0.013000914178468492,0.0034225461945280255,-78.57142857142857,46.56962496657241,0.055875020743654386,0.8850150378913368
2020-05-11,133.24981689453125,-0.007805950055690292,0.0013650027097568494,-78.57142857142857,44.373558980864054,0.05796002331080984,0.6388109306880541
2020-05-12,134.61749267578125,0.010263997453238805,0.0005296594391821485,-64.28571428571429,47.83004777229423,0.05667499331737705,0.6120926182709212
2020-05-13,135.55935668945312,0.006996594535751077,0.0004351061227931473,-64.28571428571429,50.12830046388014,0.05752117411214366,0.5137028826368296
2020-05-14,136.88607788085938,0.00978701303846985,0.0011286350748176105,-57.142857142857146,53.252318687723196,0.05586848007320761,0.13991082349921932
2020-05-15,136.5339813232422,-0.0025721867633875517,0.0014610095860508646,-35.714285714285715,52.31570972789433,0.0558963583056762,-0.18703233759085794
2020-05-18,133.53643798828125,-0.02195455890108633,-4.997097276135778e-05,-35.714285714285715,45.05108167939997,0.058985039291810024,-0.4779201000762566
2020-05-19,134.0360107421875,0.003741096897837748,-0.000956897997626888,-35.714285714285715,46.387268409808854,0.05658271904470793,-0.28199812905941785
2020-05-20,134.43736267089844,0.0029943589524081826,-0.0014135954071750917,-28.571428571428573,47.491970113598505,0.055681945018270285,-0.029239118443555655
2020-05-21,134.7731475830078,0.0024977052914327835,-0.001554406012840933,50.0,48.44901988169043,0.05181567997668966,-0.07382292023850481
2020-05-22,135.58395385742188,0.006016081756305969,-0.0011628618191676537,50.0,50.78180680135742,0.04500854399748145,0.045475795720766245
2020-05-26,133.76573181152344,-0.013410304052723365,-0.0019459914279579052,50.0,45.778945827501936,0.0456189377505182,0.05212719266372849
2020-05-27,133.52011108398438,-0.0018362006786996066,-0.0026763860486030103,50.0,45.132103195712105,0.04203740976291311,-0.045940769889362076
2020-05-28,133.02867126464844,-0.0036806426788157376,-0.003521903118907953,-57.142857142857146,43.798632693163086,0.0402234720358838,0.1728827230843527
2020-05-29,133.9786834716797,0.007141409427004586,-0.0035414869380515296,-57.142857142857146,47.05523264018983,0.03970181587822457,0.4586477093247672
2020-06-01,133.0766143798828,-0.006732929958873313,-0.0041007471782021675,-57.142857142857146,44.423020345693374,0.037121241735613056,0.7945351059394149
2020-06-02,132.5928192138672,-0.0036354634378853445,-0.004780762348913548,-78.57142857142857,43.032690350632166,0.036298539861102576,0.8660051557331598
2020-06-03,130.82981872558594,-0.013296349672131114,-0.006393014603815906,-85.71428571428572,38.325389285895845,0.04175728559041237,0.7539853480309348
2020-06-04,128.93539428710938,-0.014480066218314436,-0.008815601748007317,-92.85714285714286,34.01907681879111,0.05413383447497834,0.19340061616878343
2020-06-05,128.01702880859375,-0.0071226794131534765,-0.01118746006939537,-100.0,32.134091646775,0.0647416760887973,0.49141801648130795
2020-06-08,128.5091094970703,0.003843868999743094,-0.012513977777127903,-64.28571428571429,34.23677544751749,0.07252741748840603,0.8324798241248355
2020-06-09,129.9686737060547,0.011357671177525841,-0.012397395155614905,-64.28571428571429,40.15909730011059,0.07577582311018205,0.6987239453858551
2020-06-10,131.89581298828125,0.014827721382962622,-0.010929974452382503,-64.28571428571429,46.95195991769374,0.075502930469583,0.9479372888236621
2020-06-11,134.38873291015625,0.018900675202604633,-0.008136121599297028,-64.28571428571429,54.195383086227814,0.07409780446208691,1.2257433376624622
2020-06-12,133.09304809570312,-0.009641320268413689,-0.006848473798461324,-64.28571428571429,50.347448297480135,0.06898342271938054,1.0460067919789333
2020-06-15,133.16688537597656,0.0005547793917857202,-0.0056521395858254294,28.571428571428573,50.56286516775823,0.06397936351632738,0.7043223522918043
2020-06-16,131.12498474121094,-0.015333396354511364,-0.00596809197221976,28.571428571428573,44.777372570477,0.0643215955994421,0.4681573919492948
2020-06-17,131.66612243652344,0.004126884715224044,-0.005725822118271703,28.571428571428573,46.52370860222435,0.06357659712404809,0.483087775341804
2020-06-18,133.0602569580078,0.010588407220365248,-0.004596645014524969,28.571428571428573,50.837199991461134,0.06214142078129519,0.5696516400579776
2020-06-19,133.16688537597656,0.0008013543668594636,-0.00363973862414268,28.571428571428573,51.1616750965598,0.06005921328710828,0.7734119124938781
2020-06-22,133.18325805664062,0.0001229485890417159,-0.0028412735969296694,28.571428571428573,51.2149181947264,0.05578960978621598,0.6435218179577807
2020-06-23,132.27301025390625,-0.00683455124928134,-0.0027476522986630866,28.571428571428573,48.07684512994502,0.0545686964357244,0.3634685863128071
2020-06-24,133.6917266845703,0.010725668282144163,-0.0017532573979373493,28.571428571428573,52.91894149981348,0.05479977486776033,0.5321226683457764
2020-06-25,134.0771484375,0.0028829140178512347,-0.0007449136931821531,100.0,54.16935494071724,0.05611807451763288,0.2957812959613134
2020-06-26,135.5122528076172,0.01070357168869962,0.0008939176022621217,100.0,58.58043460012703,0.05934033857508689,0.48874271459578966
2020-06-29,135.08578491210938,-0.003147079962675048,0.0019165167751565525,92.85714285714286,56.829967791892244,0.062200741584252144,0.4773138625070742
2020-06-30,134.42977905273438,-0.004856216809206226,0.002317510579362821,57.142857142857146,54.14955170817939,0.06382809965010171,0.20219954695433073
2020-07-01,134.16868591308594,-0.0019422269491793376,0.0024477603512632344,57.142857142857146,53.07655120280933,0.06401451667362533,0.3812742036116313
2020-07-02,134.3081817626953,0.0010397049703516625,0.002598617430692492,57.142857142857146,53.605510157363014,0.060013060439067116,0.6045175877205041
2020-07-06,133.75820922851562,-0.004094855033860978,0.002372247165850077,57.142857142857146,51.15700212261147,0.05050054254199298,0.8396979049712884
2020-07-07,135.63819885253906,0.014055134521213652,0.003235222006546679,100.0,58.18765643413197,0.04256243371220308,1.1627931781372973
2020-07-08,135.0963592529297,-0.003994741925159584,0.003595929986517832,92.85714285714286,55.69913242067926,0.0368114873643923,1.267851295275422
2020-07-09,137.24742126464844,0.015922427692455443,0.0050176623449840725,92.85714285714286,62.54712129872348,0.0416054130839373,1.4813148024401754
2020-07-10,136.55775451660156,-0.005024988751643034,0.005746552011571957,100.0,59.37794071430884,0.044948939870208524,1.2475466514297988
2020-07-13,137.0093536376953,0.00330701923660337,0.006474673487080767,85.71428571428572,60.7793124290707,0.04838200472305735,1.269503539640669
2020-07-14,137.2063446044922,0.0014377921037258545,0.007090694364294271,85.71428571428572,61.40477722535598,0.051445434826275636,0.907038654406386
2020-07-15,136.5659942626953,-0.0046670607226125815,0.007160928606455883,78.57142857142857,58.15799534443514,0.047940341722200464,0.6600087424925548
2020-07-16,137.2146453857422,0.004749726508043839,0.007451802048748654,28.571428571428573,60.43984561359268,0.045846949103906076,0.2936836474862128
2020-07-17,136.9272003173828,-0.0020948570580880954,0.007469832613748811,28.571428571428573,58.906753948448355,0.0455383976190394,0.029431571091715777
2020-07-20,137.26388549804688,0.0024588626648589518,0.007564126176166875,28.571428571428573,60.18081706459621,0.04530019758823521,-0.09712209897579911
2020-07-21,137.34591674804688,0.0005976171350705606,0.0076092827865985495,28.571428571428573,60.50213438320687,0.04442125729944307,-0.2339181405332971
2020-07-22,137.7564697265625,0.0029891895459022155,0.007776693827920409,85.71428571428572,62.14840248905041,0.04045547127299633,-0.4272990352341571
2020-07-23,139.36561584472656,0.011681092883391253,0.008667578820606002,92.85714285714286,67.81132916447483,0.043545628051420704,-0.19474091384870376
2020-07-24,139.35740661621094,-5.8904260321845925e-05,0.009332990052662127,100.0,67.75563705035907,0.04579435900541628,0.08246631019827223
2020-07-27,138.84010314941406,-0.003712062956377493,0.009486660845200747,100.0,64.1787094146997,0.04788025552596575,0.02324063364383648
2020-07-28,139.80078125,0.006919312783512543,0.00995479137627914,100.0,67.59955079985085,0.05093472432275258,0.2466212761140432
2020-07-29,139.56260681152344,-0.0017036702967392348,0.010140561111838238,100.0,65.91880144280002,0.051160659404083056,0.4246000035711115
2020-07-30,140.48214721679688,0.006588730507988139,0.010612906230985488,92.85714285714286,69.1118891079488,0.051658302025088754,0.5853105888310343
2020-07-31,140.39187622070312,-0.0006425798429350316,0.010869761211158064,100.0,68.43404427494245,0.050703858783032976,0.7167974615882049
2020-08-03,139.68499755859375,-0.005035039641454242,0.010593465421739874,85.71428571428572,63.20624574842576,0.04487582990926013,0.9907568145453235
2020-08-04,141.0165252685547,0.009532360190666944,0.010869974425301836,100.0,68.1430002186237,0.04591628713101979,1.3404166635404788
2020-08-05,139.78366088867188,-0.008742694358231606,0.010434913442514869,85.71428571428572,60.10206442933591,0.04176735718568966,1.3426658689513615
2020-08-06,140.564453125,0.005585718898505343,0.01028814241325845,100.0,63.07389286090355,0.04287291118497501,1.058804118075325
2020-08-07,139.62753295898438,-0.00666541323347547,0.009633818981355775,92.85714285714286,57.53576493064389,0.040941279749231216,0.6545498363121995
2020-08-10,139.0028533935547,-0.004473899611283638,0.008639056154167225,85.71428571428572,54.123530492431286,0.0391943020187752,0.22481605517593287
2020-08-11,137.35073852539062,-0.011885474490847203,0.00686072661781439,-21.42857142857143,46.30236049100663,0.03894503423597289,0.3690503780936692
2020-08-12,136.1014862060547,-0.009095344755681856,0.00462435472634327,-28.571428571428573,41.42743220502554,0.040193164990206406,0.4480225847394203
2020-08-13,134.64666748046875,-0.010689219979445164,0.0019381905794736028,-35.714285714285715,36.59534909739615,0.047250421399113195,0.2353432257326036
2020-08-14,134.12057495117188,-0.003907207947595026,-0.0005413892808776112,-42.85714285714286,35.005273436405325,0.05452845394597651,-0.08632385428044011
2020-08-17,134.45761108398438,0.0025129338502702936,-0.0022776812220355962,-42.85714285714286,36.8969262108913,0.06004376556132184,-0.3774151627878754
2020-08-18,135.41925048828125,0.007151989363370692,-0.0030209954641125056,-42.85714285714286,42.07698765846576,0.06274947309517272,-0.26245353005073413
2020-08-19,134.57272338867188,-0.006251157767873106,-0.004105943783773512,-42.85714285714286,39.03893266714311,0.06717589409944105,-0.45859032985237896
2020-08-20,135.7891387939453,0.009039093321758784,-0.004135842801412638,-42.85714285714286,45.165669991091534,0.06845948506682666,-0.5856028302132383
2020-08-21,136.60275268554688,0.005991744986586722,-0.0036411624140454835,-42.85714285714286,48.86732816729318,0.06849354239751812,-0.391177243021374
2020-08-24,136.38088989257812,-0.0016241458433818856,-0.0033664262493487466,-42.85714285714286,47.91740631766165,0.06888492761321864,-0.4784515440043866
2020-08-25,135.33705139160156,-0.00765384726407603,-0.0037474179246260323,-42.85714285714286,43.62106238801701,0.06923553915801058,-0.3517536956317296
2020-08-26,134.81930541992188,-0.0038256040482333997,-0.004304510978540256,-42.85714285714286,41.62739339037769,0.07003446946486717,-0.1402513404003181
2020-08-27,132.52610778808594,-0.017009415859941646,-0.006141998778984632,-100.0,34.176704355328,0.07310237246997117,-0.6915196772439889
2020-08-28,132.427490234375,-0.0007441367995854042,-0.007518231090413414,-100.0,33.89573452175006,0.07470620814218205,-0.949042462640844
2020-08-31,133.30694580078125,0.006641034764381271,-0.007924816263600953,-92.85714285714286,38.733005832975714,0.0743508690828432,-1.050549164355238
2020-09-01,134.83168029785156,0.011437772337451468,-0.00719717997294955,-28.571428571428573,46.09752918272054,0.06739763164100647,-0.6916992907311551
2020-09-02,136.1153106689453,0.009520243078319002,-0.005800615479277943,-28.571428571428573,51.39456978966476,0.06218501959921279,-0.04395102096754113
2020-09-03,136.50205993652344,0.0028413355241039273,-0.004454198667794119,28.571428571428573,52.896507553279015,0.053287603153649166,-0.04952566370691962
2020-09-04,133.91009521484375,-0.018988465982747837,-0.004970562651987589,28.571428571428573,43.25059170860903,0.046299403200150434,-0.3664193739667936
2020-09-08,134.73292541503906,0.006144646517315833,-0.004731683231010158,28.571428571428573,46.58085970793684,0.038591279881231816,-0.8724232292090283
2020-09-09,134.37091064453125,-0.0026869064810449705,-0.004741467725509366,28.571428571428573,45.32072931228942,0.0353086635531115,-1.080405779693786
2020-09-10,135.05389404296875,0.005082821833694906,-0.004258002258169695,28.571428571428573,48.16952757054352,0.03432190266224732,-0.8431401933721093
2020-09-11,135.34182739257812,0.002131988504661342,-0.0036715799137514655,28.571428571428573,49.367198329518764,0.034473777262457705,-0.5752572629486067
2020-09-14,135.3335723876953,-6.09937448152742e-05,-0.0031824478199190672,28.571428571428573,49.33200251078989,0.03424997954599676,-0.47291770895145696
2020-09-15,135.00453186035156,-0.002431329651160996,-0.0029639405323030475,28.571428571428573,47.86710744212716,0.03412055656293955,-0.42542129644908905
2020-09-16,134.60128784179688,-0.0029868924620382042,-0.003000122950738412,28.571428571428573,46.06191707989277,0.03401287950690287,-0.46999172458266764
2020-09-17,135.01266479492188,0.0030562631288379993,-0.0027351608583285024,28.571428571428573,48.207804101420635,0.033952505887417384,-0.5700156221782791
2020-09-18,134.59303283691406,-0.0031080932936566885,-0.0027600791307835896,28.571428571428573,46.18913802096672,0.033466573161519776,-0.6753709299112076
2020-09-21,135.27597045898438,0.005074093418325987,-0.0023248991608321706,14.285714285714286,49.86836176343347,0.03144486046014656,-0.8522741842068438
2020-09-22,135.16905212402344,-0.0007903719677498922,-0.0020330251824459394,14.285714285714286,49.30004638213643,0.0296559071553717,-0.905873297682966
2020-09-23,135.35006713867188,0.0013391749946012332,-0.0016706737084115821,-28.571428571428573,50.33206494679787,0.02966794930919444,-0.7025161241889072
2020-09-24,135.8684539794922,0.00382997106524674,-0.0010602856859487006,-28.571428571428573,53.26591392139671,0.03058269088222614,-0.27644958174698936
2020-09-25,135.8684539794922,0.0,-0.0005749724702032082,78.57142857142857,53.2659139213967,0.02722652480882798,-0.049003703693590146
2020-09-28,135.4817657470703,-0.002846048667634382,-0.0004164092678347977,78.57142857142857,50.676255291569205,0.02137798325616786,0.06035637389891022
2020-09-29,135.63804626464844,0.0011535169822769475,-0.00019390557300743663,78.57142857142857,51.69833278655218,0.017863820269442207,0.03821575049557743
2020-09-30,134.33795166015625,-0.009585028981879629,-0.0007899347072429692,78.57142857142857,43.603562067711884,0.018585323858168357,0.01677796459212208
2020-10-01,134.55955505371094,0.0016495963412876957,-0.0011130089956448933,-28.571428571428573,45.1792108965855,0.017854334048006078,0.20938179290751988
2020-10-02,134.05711364746094,-0.003733970479089632,-0.0016585247320986117,-28.571428571428573,42.29398350021709,0.016362652788679426,0.20219750478010545
2020-10-05,131.43777465820312,-0.01953897796237858,-0.003694608023635479,-42.85714285714286,31.132037456255084,0.027494916383702356,-0.2634897200069289
2020-10-06,132.14613342285156,0.005389308868706033,-0.004766227942761752,-50.0,36.04750746577643,0.03263913715698375,-0.21367348646401838
2020-10-07,131.18243408203125,-0.007292679065656782,-0.006193939261899116,-50.0,32.6347809163804,0.039928873369726656,-0.3202670828052002
2020-10-08,131.89071655273438,0.005399217324022265,-0.006747360487841816,-50.0,37.33080164265497,0.04338464706281288,-0.19033557072510682
2020-10-09,131.8660125732422,-0.0001873064317026163,-0.0071464006323412885,-50.0,37.23330918395655,0.045916325167386716,0.07701153475552779
2020-10-12,132.28607177734375,0.0031855001596279298,-0.00709987746448827,-50.0,40.0979719523645,0.04698311736120459,0.2767179665799801
2020-10-13,133.2333984375,0.007161197300882494,-0.006383320665077372,-50.0,46.07528581727655,0.04687650769119788,0.5308598623702729
2020-10-14,133.5380859375,0.002286870286078768,-0.005593502867269156,-50.0,47.87678989962586,0.04679038649431283,0.45155150504339037
2020-10-15,133.30763244628906,-0.0017257510439291357,-0.0050687812795194576,-50.0,46.60847916387093,0.046390350243834456,0.1470149370147625
2020-10-16,132.93687438964844,-0.002781221523756372,-0.004827625293057024,-35.714285714285715,44.56312611360638,0.04649561071944294,-0.14718334129962637
2020-10-19,132.434326171875,-0.0037803522918736787,-0.004892656496041181,-35.714285714285715,41.8803439294242,0.04612022344464751,-0.07407793950265341
2020-10-20,131.17416381835938,-0.009515375582310637,-0.005686669405719483,-28.571428571428573,36.02390057168103,0.04756031190717841,-0.20914308674228504
2020-10-21,130.72109985351562,-0.003453911590937331,-0.006505122283987129,-100.0,34.173640982484535,0.04884760029398064,-0.37001917182860666
2020-10-22,129.36199951171875,-0.010396946960512632,-0.00796902568511831,-100.0,29.310260087342588,0.05143619669065565,-0.7960864547649928
2020-10-23,130.15274047851562,0.006112621711024557,-0.008432436745702224,-42.85714285714286,35.09755349175986,0.05011160699084455,-0.6695265225615225
2020-10-26,131.36354064941406,0.009302917222079543,-0.007921537999873447,-42.85714285714286,42.817357202609564,0.0465419856731597,-0.5719647899913753
2020-10-27,132.2449188232422,0.006709458115021105,-0.00691028979112837,-42.85714285714286,47.694516207321094,0.040752890657352846,-0.3548294631410665
2020-10-28,132.36851501464844,0.0009346006826276287,-0.00600045210565499,-42.85714285714286,48.359665628048134,0.038056299701557425,-0.31276521753121833
2020-10-29,131.08348083496094,-0.00970800480420353,-0.006057524547941781,-42.85714285714286,42.3321712671747,0.034612415081398694,-0.4368353393275269
2020-10-30,129.79034423828125,-0.009864985186865738,-0.006841563342597029,-42.85714285714286,37.29467479843678,0.03414794007508238,-0.8688564007308277
2020-11-02,130.76243591308594,0.00748970719285591,-0.006683063575643501,-42.85714285714286,42.80468231347095,0.034707708007846096,-1.1191976595365691
2020-11-03,130.00392150878906,-0.0058007056766749,-0.007026060918909912,-42.85714285714286,39.86133887041018,0.036306576769702205,-0.9317978943149922
2020-11-04,132.82395935058594,0.021691944435739297,-0.005337969684579335,-42.85714285714286,52.84396922308744,0.03706269778270134,-0.9631244298096289
2020-11-05,133.05479431152344,0.0017379015206753223,-0.00392597403105316,57.142857142857146,53.72459321695894,0.038154598663896075,-0.6893693959930105
2020-11-06,131.44688415527344,-0.012084571357010798,-0.0037920616047683532,57.142857142857146,47.12323572822999,0.03819028578740337,-0.5302568695264026
2020-11-09,128.6845703125,-0.021014677225139944,-0.005396085905156585,-21.42857142857143,38.39493047207361,0.04287904038717801,0.16002097392371378
2020-11-10,127.94242095947266,-0.005767197661888268,-0.007028125620805752,-21.42857142857143,36.4419435694209,0.04734105763490631,0.32404547644189824
2020-11-11,128.4042205810547,0.003609433197518719,-0.007885778005939302,-21.42857142857143,38.53695529661417,0.04823597054838857,0.4587776192006165
2020-11-12,130.58938598632812,0.01701786277261852,-0.007010805611906218,-21.42857142857143,47.376170823303966,0.04554351185090639,0.8858754469723965
2020-11-13,130.4161834716797,-0.0013263138756665072,-0.006463148076875076,-21.42857142857143,46.801637449358815,0.04327114452882951,0.9558720842420521
2020-11-16,130.10284423828125,-0.0024026100523519833,-0.006159582980782481,-21.42857142857143,45.72139790240778,0.04180539639818646,0.8307474059656249
2020-11-17,130.95213317871094,0.006527827622847537,-0.005284124714815391,-21.42857142857143,49.14747344957402,0.04169821279501104,0.6763815196105355
2020-11-18,131.3314666748047,0.002896733996506029,-0.004325695763188322,-21.42857142857143,50.6459216535813,0.041960374950300104,0.6888995769268551
2020-11-19,132.0076446533203,0.0051486364664603546,-0.0031107186061514617,-21.42857142857143,53.28821007597504,0.04184300226108724,0.49378449814526276
2020-11-20,133.17857360839844,0.008870160195291854,-0.0014205319199679513,-21.42857142857143,57.52861921951603,0.04445896054876951,0.5736211699074608
2020-11-23,132.56829833984375,-0.004582383276976354,-0.00046924774325149497,-21.42857142857143,54.73953110769958,0.04569515938485744,0.6643543990180097
2020-11-24,131.2490234375,-0.009951662040360021,-0.0005124329608559288,-21.42857142857143,49.187783082545835,0.04490845639820269,0.4291651047300769
2020-11-25,130.8449249267578,-0.003078868704380233,-0.0007847563156451974,-14.285714285714286,47.595461262030035,0.04380080671906442,0.060330297515353744
2020-11-27,132.1148223876953,0.009705362754026226,-0.00021166084228941166,64.28571428571429,52.76984954478038,0.04455900454433533,0.018974623682169425
2020-11-30,131.94992065429688,-0.0012481698148488762,0.0001344465178538476,64.28571428571429,52.05112662343092,0.04430179447484756,-0.11981592348967847
2020-12-01,130.00442504882812,-0.014744196857577996,-0.0007834380699634983,57.142857142857146,44.372564751315984,0.044805639786562955,-0.24110831917217124
2020-12-02,128.97264099121094,-0.007936530292947053,-0.0021453669754175277,50.0,40.92449292916076,0.04637417108410738,-0.24780834515061426
2020-12-03,130.01263427734375,0.008063673645356095,-0.0025194739799421786,-50.0,45.51992034952143,0.044819916511037436,-0.0947448827555015
2020-12-04,128.10585021972656,-0.014666144319094632,-0.004026310439842254,-64.28571428571429,39.45922245560916,0.04535451154262119,-0.07890862864810162
2020-12-07,129.2615509033203,0.0090214512577802,-0.004372509032874432,-64.28571428571429,44.29989492910144,0.04569730425072814,-0.013340099247694717
2020-12-08,129.87234497070312,0.004725257148118667,-0.004225213154167903,-64.28571428571429,46.7243844099537,0.04420399102136568,-0.12480870666140863
2020-12-09,129.44309997558594,-0.0033051300891965285,-0.004355824934437884,-64.28571428571429,45.23424550374815,0.041143254748579314,-0.1075550920636471
2020-12-10,130.5904083251953,0.00886341836548854,-0.003658063381224681,-64.28571428571429,49.83902397135856,0.038199538566094406,0.15674733520653392
2020-12-11,131.05270385742188,0.0035400420149951373,-0.002807344433088463,-64.28571428571429,51.60476298529836,0.03826714710721766,0.21731016215155466
2020-12-14,130.6894989013672,-0.002771441911262218,-0.002346531154608458,-57.142857142857146,50.11223974836848,0.038211083041787434,0.342535257437295
2020-12-15,130.2520294189453,-0.003347395820623933,-0.002227125120489138,-28.571428571428573,48.30022733643109,0.03810978799374622,0.34714420751062314
2020-12-16,129.90528869628906,-0.0026620753949329057,-0.002320555134493193,-28.571428571428573,46.854099386992864,0.038468056220647404,0.41582911188170324
2020-12-17,129.5615997314453,-0.0026456887805952345,-0.002580532146453682,-28.571428571428573,45.40303121997663,0.0388795628130733,0.23566984588205603
2020-12-18,129.17327880859375,-0.0029971914800100974,-0.0029980651556943422,-28.571428571428573,43.754223223840675,0.0386487888005132,-0.01616559798451125
2020-12-21,129.6855010986328,0.0039653889315456325,-0.002956895717113906,35.714285714285715,46.513418536558945,0.03379774152024395,-0.08718904740225085
2020-12-22,130.35482788085938,0.005161153533404628,-0.0024757276381726532,35.714285714285715,49.967325659398156,0.02970875529019511,0.08979834266099705
2020-12-23,129.4541473388672,-0.006909452888199774,-0.0026519307227231156,35.714285714285715,45.69151349549771,0.029031159168753855,0.46688380616527647
2020-12-24,129.9664764404297,0.0039576105678669204,-0.0024209767086781934,35.714285714285715,48.39655620563952,0.028517229139643614,0.6402343312608528
2020-12-28,130.02435302734375,0.000445319350798723,-0.002184134071519249,-57.142857142857146,48.70736977187816,0.024421673618131946,0.9134194575336505
2020-12-29,129.85906982421875,-0.0012711711250756874,-0.002078573666614397,-57.142857142857146,47.821529870633846,0.019770863116126268,1.1601850108378071
2020-12-30,130.1399688720703,0.002163106883730226,-0.0017935689630357323,-57.142857142857146,49.50241261794163,0.01985320662655002,1.44448679043966
2020-12-31,130.3300018310547,0.001460219797433382,-0.0014347703394331608,-57.142857142857146,50.660403184412296,0.01917815483783053,1.4024604379547965
2021-01-04,130.1730499267578,-0.0012042653425289318,-0.0012369149073096569,-57.142857142857146,49.64776011689781,0.01925696048874205,1.3461870794952715
2021-01-05,129.20631408691406,-0.007426543669274754,-0.0016712914680272238,-50.0,43.83556394921529,0.015443323123266673,1.2442815765940352
2021-01-06,126.55396270751952,-0.02052803222612143,-0.003698811208242777,-85.71428571428572,32.56974274874081,0.027322905016804774,1.1174002833835168
2021-01-07,125.4384536743164,-0.00881449311690996,-0.00597353315082382,-92.85714285714286,29.173830719273113,0.04017805200857019,1.0798787317721867
2021-01-08,125.03356170654295,-0.003227813767735843,-0.00794501175780435,-100.0,28.031380354562735,0.05065330483673681,0.9693887232456025
2021-01-11,124.8270034790039,-0.00165202226282124,-0.00953145201196097,-35.714285714285715,27.441000081690614,0.05846459631232019,1.0082826382702879
2021-01-12,124.72779083251952,-0.000794801154552105,-0.010727397686813335,-42.85714285714286,27.14527320959116,0.06377320163922114,1.1622459614762046
2021-01-13,126.13251495361328,0.011262318619753131,-0.0105193121631418,-42.85714285714286,37.42741605532148,0.06471963399544045,1.3065523775447603
2021-01-14,124.950927734375,-0.009367824146476633,-0.011182048012195401,-42.85714285714286,33.18487967966852,0.06798090275802311,0.9905379415802587
2021-01-15,125.4466781616211,0.003967560995625341,-0.011135238226258604,-42.85714285714286,36.44024647871065,0.06963892452597485,0.6960815056503963
2021-01-19,125.85154724121094,0.0032274196935546673,-0.010714251121620097,-42.85714285714286,39.051934500579534,0.07039452892253278,0.778940067354035
2021-01-20,125.97549438476562,0.0009848678563890712,-0.010201771877784234,-42.85714285714286,39.86656691610301,0.07095321358438725,0.9244687881308106
2021-01-21,125.0914077758789,-0.007017925297331695,-0.010324547892083579,-42.85714285714286,36.15456745066662,0.07172493250045987,0.8668904773522331
2021-01-22,125.49623107910156,0.003236219900474291,-0.009956211177467074,-42.85714285714286,38.9573402271301,0.06993109279789152,0.9293981217538523
2021-01-25,126.97531127929688,0.011785853546972591,-0.00853943406303377,-42.85714285714286,47.94826156717751,0.06814637957260562,1.1400527027050573
2021-01-26,126.73572540283205,-0.0018868697705952675,-0.007587808803322751,-35.714285714285715,46.74715886652038,0.06505202084874798,1.2208446382077416
2021-01-27,127.0579833984375,0.0025427557587345273,-0.006523685793505908,71.42857142857143,48.61181075124383,0.06123419209885707,1.0105847869328701
2021-01-28,126.35562896728516,-0.005527826055210183,-0.006105421072392319,71.42857142857143,44.920058070030386,0.057204769993077303,0.8815345533871959
2021-01-29,125.5954360961914,-0.0060162960471715765,-0.006196947869296142,71.42857142857143,41.267082900997515,0.05164163850180064,0.8155519964283303
2021-02-01,125.74098205566406,0.0011588475186405933,-0.006069606147436337,71.42857142857143,42.235644809350724,0.043223106438575874,0.772589019947199
2021-02-02,124.93035125732422,-0.006446830500981715,-0.006462225516776657,71.42857142857143,38.43401998405014,0.03278169956539146,0.901433773182885
2021-02-03,123.82181549072266,-0.008873230207431915,-0.0074391791524951595,-35.714285714285715,33.93562787645534,0.02596132079816959,0.6221816775631265
2021-02-04,123.4909210205078,-0.002672343874974503,-0.008309879642385493,-42.85714285714286,32.70512729432903,0.029035499615390575,0.5572584229000533
2021-02-05,122.4568862915039,-0.008373366401827842,-0.009630334813886875,-50.0,29.148251194616094,0.03590160371994631,0.1614614022521421
2021-02-08,122.99455261230467,0.004390658109016954,-0.01010553429930398,-50.0,33.21541369790839,0.039435286223255754,0.00458824195407061
2021-02-09,123.08555603027344,0.0007398979551200835,-0.010328996488278551,-50.0,33.90696783148016,0.04215042911610891,-0.17738062848576716
2021-02-10,123.90450286865234,0.006653476368725819,-0.00979627716144293,-50.0,39.934729450804134,0.04296409077487868,0.010900433969652469
2021-02-11,123.2262725830078,-0.005473814671316024,-0.009811115294300517,-50.0,36.93076462312484,0.04421733680941736,-0.12937150092625072
2021-02-12,121.69580841064452,-0.01241995022881448,-0.010793509582814402,-85.71428571428572,31.223185086092258,0.0498006848274636,-0.5273637263389249
2021-02-16,119.84273529052734,-0.015227090762766848,-0.012752397419209457,-92.85714285714286,25.986408900043635,0.06045363430675698,-0.9210759220735382
2021-02-17,120.60382080078124,0.006350702096450389,-0.013419223678207751,-92.85714285714286,31.097869758346423,0.06557074896311892,-0.9598748502023485
2021-02-18,120.11576080322266,-0.004046803777177033,-0.01423220786837164,-100.0,29.682224459916736,0.07048181441017459,-0.768564144265048
2021-02-19,118.51921081542967,-0.013291761023838444,-0.015936385435657924,-92.85714285714286,25.580008777917364,0.07977502668463222,-0.8036559809452202
2021-02-22,117.6174774169922,-0.007608331107112565,-0.01768120541896488,-100.0,23.596433319482976,0.0892409579845772,-0.9543187188280179
2021-02-23,117.2783432006836,-0.0028833658377680482,-0.019035909796254996,-100.0,22.877907346711716,0.09445546825953302,-0.9585582748962044
2021-02-24,116.50894927978516,-0.006560409193211991,-0.02049810971566825,-100.0,21.293710045486392,0.09977619997274395,-0.5104969306935025
2021-02-25,114.60627746582033,-0.016330692412269032,-0.02298979459722639,-64.28571428571429,17.97827316227493,0.10741216434995861,-0.03156613132645489
2021-02-26,118.39505004882812,0.033059031902835656,-0.02107930687538039,-64.28571428571429,38.509566928997224,0.10385411773343654,1.1104559233277396
2021-03-01,116.83139038085938,-0.013207137184568674,-0.02125291925195376,-64.28571428571429,34.654152482368275,0.10325351929327621,1.6926796657652294
2021-03-02,116.83966064453124,7.078802747195745e-05,-0.02091857733741731,-64.28571428571429,34.69139462425627,0.10011405446337183,2.0320583509170724
2021-03-03,115.57245635986328,-0.01084566899353856,-0.021517977247481328,-64.28571428571429,31.70933859570122,0.09973944871427164,1.9943817473739631
2021-03-04,114.82705688476562,-0.006449629077508456,-0.022220486870900946,-64.28571428571429,30.07183914601685,0.10172034209404887,1.592934445509634
2021-03-05,115.05068969726562,0.0019475619994722138,-0.02220960663174325,-57.142857142857146,31.21943987117199,0.10179491782183238,1.438900529586186
2021-03-08,114.15617370605467,-0.007774972871216201,-0.02277915397549356,-42.85714285714286,29.15816387120052,0.10436728892496976,0.9258796506390822
2021-03-09,115.73810577392578,0.013857612921964968,-0.021427060512326852,-42.85714285714286,37.071228256873844,0.10078962187452406,0.8757754645009984
2021-03-10,115.9699935913086,0.002003556355378411,-0.02016724621560856,-35.714285714285715,38.1616328944429,0.09488447481890692,0.9515494606294559
2021-03-11,115.13350677490234,-0.007212959063825797,-0.01970145218272779,-28.571428571428573,35.75483790160236,0.08463988298961962,0.943990922187762
2021-03-12,112.690185546875,-0.021221634747947693,-0.021138690638572037,-100.0,29.835744645110456,0.07904223232830952,0.847804313537747
2021-03-15,113.3527603149414,0.005879613782256099,-0.02109609831313018,-71.42857142857143,33.071462975975635,0.07397798591996872,0.81865844652498
2021-03-16,112.8972396850586,-0.004018610827095759,-0.0213253952196125,-71.42857142857143,31.97955741385673,0.07385893118667271,0.6623377053663199
2021-03-17,112.05243682861328,-0.007482936330436396,-0.02195655954746118,-92.85714285714286,30.00121047387092,0.0712733800651314,0.8608354104789772
2021-03-18,110.91771697998048,-0.010126686047608024,-0.023116800716628458,-100.0,27.537068779104914,0.07125479747791884,0.9096544876277387
2021-03-19,111.60520935058594,0.006198219629146795,-0.022949704285003335,-92.85714285714286,31.22289379407893,0.0715434342876625,1.1260744257976458
2021-03-22,112.85582733154295,0.011205731239914085,-0.021533616034090167,-85.71428571428572,37.45523535807022,0.0698345385498656,1.3237828490775123
2021-03-23,113.87458801269533,0.009027098602179429,-0.01948202357445214,-78.57142857142857,42.06108637190777,0.06690978662782651,1.5552778368763225
2021-03-24,114.48745727539062,0.005381966893500234,-0.017281229787042347,-42.85714285714286,44.69941562383781,0.06499289177543892,1.7148222917817195
2021-03-25,113.58468627929688,-0.007885326633835565,-0.01619849230593591,-42.85714285714286,41.68804238248353,0.06528258130222678,1.2632540895917814
2021-03-26,113.18712615966795,-0.003500120770253745,-0.015391066672654745,-42.85714285714286,40.397342022868,0.057182948006345914,0.9659646349516339
2021-03-29,112.22637176513672,-0.008488194966412954,-0.015345874714899586,-42.85714285714286,37.38499175556451,0.05443546329326168,0.6482059232249756
2021-03-30,112.81442260742188,0.005239863260622979,-0.014538181887126984,-42.85714285714286,40.3184502626831,0.049364444260642584,0.6179040725483538
2021-03-31,112.18497467041016,-0.005579498812861128,-0.014327395865245864,-35.714285714285715,38.2526304698365,0.04808427849307057,0.4029256864357129
2021-04-01,114.046875,0.01659669964770183,-0.01240522705970666,35.714285714285715,46.916800946595124,0.04710628321156047,0.49051878264220133
2021-04-05,113.54930114746094,-0.00436288896595427,-0.011338649473464971,35.714285714285715,45.095718358680614,0.045325771127483004,0.6114931826570075
2021-04-06,114.32059478759766,0.006792588173969216,-0.009723301533950167,35.714285714285715,48.4368065558831,0.045518053385624216,0.7218441383363078
2021-04-07,113.52433776855467,-0.006965123130459494,-0.009025328801527593,35.714285714285715,45.36747011854426,0.041396518821210544,0.5105925937078476
2021-04-08,114.46158599853516,0.008255923341224713,-0.007600854798002099,35.714285714285715,49.4295793498274,0.03662147741348684,0.4981923555651589
2021-04-09,114.046875,-0.003623145659893856,-0.006769648426466787,28.571428571428573,47.7381965805466,0.03388674434446234,0.44382853514706805
2021-04-12,113.99715423583984,-0.0004359677909645532,-0.006057035501905445,-14.285714285714286,47.52821393345362,0.03429089536663407,0.4926167233814971
2021-04-13,114.8514175415039,0.0074937248336632845,-0.004793668718627706,71.42857142857143,51.4773369836537,0.03655141746432653,0.7282452369993524
2021-04-14,114.4864730834961,-0.003177535513446572,-0.004050870403658116,71.42857142857143,49.75456631778415,0.03753533876791855,0.8260084906124437
2021-04-15,116.4023208618164,0.01673427197746813,-0.002041676511688922,85.71428571428572,57.74868414972233,0.04261711492366453,0.8667174619007554
2021-04-16,115.49828338623048,-0.007766490125734937,-0.0011247758201769187,85.71428571428572,53.428916102207644,0.039224124131178144,0.7633184078720613
2021-04-19,115.16653442382812,-0.002872328078617259,-0.000611957150572672,85.71428571428572,51.89482823113697,0.036234012714597516,0.6000171265874336
2021-04-20,115.6973114013672,0.004608777890161564,0.00016622193287450847,71.42857142857143,54.16250890213552,0.037268489752659624,0.6318486973704717
2021-04-21,115.9295654296875,0.002007428050895488,0.0009300822124970896,71.42857142857143,55.158613675059854,0.03962925315536778,0.7707634346888719
2021-04-22,116.43549346923828,0.004364098473720546,0.001858233618459252,57.142857142857146,57.33371355655164,0.043029140818434584,1.0651030218989945
2021-04-23,116.16177368164062,-0.002350827736818717,0.0023854850506057927,57.142857142857146,55.75788631450749,0.044732834993971606,1.1391337092783589
2021-04-26,115.99596405029295,-0.0014274027168532655,0.0026578851635243217,42.85714285714286,54.775742584607634,0.04495250475800035,0.8918518123299645
2021-04-27,114.98407745361328,-0.008723463828801403,0.0021613084232574545,42.85714285714286,49.09256480837663,0.040776034879962744,0.4275304593798766
2021-04-28,115.05870819091795,0.0006490527989388983,0.0017799178041874148,28.571428571428573,49.50865785177494,0.037798599876165295,0.42763305777629984
2021-04-29,114.7187042236328,-0.00295504766767396,0.001229825771535856,28.571428571428573,47.599835019676966,0.03131123716116777,0.7699579392913924
2021-04-30,114.98407745361328,0.00231325163386753,0.0009629990176422062,21.42857142857143,49.244675868446095,0.03042683518111506,1.128169240276391
2021-05-03,115.05303955078124,0.0005997534501747115,0.0007925643700299213,-71.42857142857143,49.68666578353849,0.02807769936389793,0.9215992149738778
2021-05-04,115.83381652832033,0.006786235118929396,0.0011837718481363243,-71.42857142857143,54.51603383362988,0.027898291207202844,0.572362572478527
2021-05-05,116.02481079101562,0.0016488644544367936,0.0016098476248329308,-71.42857142857143,55.63778979801817,0.025307749675373355,0.5584604296589145
2021-05-06,116.21583557128906,0.0016464132022375733,0.0020548033187227054,-21.42857142857143,56.78573526710685,0.025311241968937553,0.7218153283499176
2021-05-07,115.64273834228516,-0.00493131788956902,0.001998545917939121,42.85714285714286,52.404468599297005,0.02302542280471481,0.4636331810877397
2021-05-10,114.4716339111328,-0.010126917158309268,0.0011272866339161463,42.85714285714286,44.79817993955512,0.02144021860512211,0.01678106196041593
2021-05-11,113.82376861572266,-0.005659614292856996,-3.587178648688992e-05,-14.285714285714286,41.23268463050244,0.024453595239951154,-0.2477766330727124
2021-05-12,112.62771606445312,-0.010507933148018456,-0.001809045488787473,-21.42857142857143,35.599504021971164,0.03173495746594342,-0.6453522605525563
2021-05-13,112.80213165283205,0.0015486027282938242,-0.003049112658635061,-21.42857142857143,36.95220463594083,0.03591703047124909,-0.917114679545332
2021-05-14,113.85698699951172,0.00935137777294992,-0.0032121026028959264,-21.42857142857143,44.53952396244346,0.03713033344105967,-0.531650125034563
2021-05-17,113.6161117553711,-0.0021155947517007556,-0.003501501863151848,-21.42857142857143,43.25931163499895,0.03874731440276376,-0.36735718165161413
2021-05-18,113.32542419433594,-0.0025585065053188583,-0.0038970686777441027,-21.42857142857143,41.7015272094052,0.04033575757060364,-0.13840907028732216
2021-05-19,113.05133056640624,-0.0024186419762229905,-0.004359020808035478,-21.42857142857143,40.230435782174496,0.04173134043876792,-0.16835537752446322
2021-05-20,113.98158264160156,0.008228581393377787,-0.003974753386782011,-21.42857142857143,47.05672798145386,0.039813596130229424,-0.05412466818913865
2021-05-21,114.34701538085938,0.0032060683032175685,-0.00338964346071916,-21.42857142857143,49.496867136147934,0.037884811336330655,0.20319810894464121
2021-05-24,114.7706298828125,0.0037046397804278985,-0.002597398525215805,-21.42857142857143,52.24459906522839,0.036098985870305446,0.26587258621943244
2021-05-25,115.83381652832033,0.009263577681793755,-0.0012067423231972596,-21.42857142857143,58.36694294538132,0.03739550799893373,0.520246347808015
2021-05-26,115.6344223022461,-0.0017213818213913656,-0.00025988873383460745,-21.42857142857143,56.893790001696196,0.038157819491036554,0.4989812006959518
2021-05-27,115.16932678222656,-0.004022119977422078,0.00016635634100103976,-21.42857142857143,53.501734026491654,0.03843868111426391,0.6860670995819267
2021-05-28,114.98656463623048,-0.0015868994905359202,0.0003732375313104746,71.42857142857143,52.18507526006321,0.03844034325092975,0.5124827514999317
2021-06-01,114.96082305908205,-0.0002238659553824851,0.0005131199729223356,71.42857142857143,51.99100135458006,0.03837516910658294,0.6426704458702192
2021-06-02,115.22698211669922,0.002315215310179086,0.0007996396816636184,71.42857142857143,53.90002920069684,0.03741175829459229,0.6244028122116094
2021-06-03,114.79444885253906,-0.003753749826773234,0.0007191920746846865,35.714285714285715,50.39312537702108,0.03553323781610996,0.42407583523311015
2021-06-04,116.36651611328124,0.013694627888859001,0.001714575300366097,78.57142857142857,60.46209078817625,0.03600175461207249,0.6752797907627978
2021-06-07,116.0088348388672,-0.0030737473833609696,0.0022442057926108055,78.57142857142857,57.597539022644575,0.03682583695102469,0.6823467458556028
2021-06-08,116.8240203857422,0.007026926423381985,0.003167734776269231,92.85714285714286,62.014616156780825,0.04087036038451807,0.6346185522089438
2021-06-09,117.85545349121094,0.008828947181093838,0.004531759736595047,100.0,66.73617480711762,0.047135044916842665,0.5540204648277348
2021-06-10,118.56242370605467,0.005998621140569149,0.0060129695311513165,100.0,69.53169066048181,0.05169495261233219,0.9203583437955342
2021-06-11,118.37113189697266,-0.0016134269450857053,0.00700871053567016,92.85714285714286,67.86963626889806,0.05378536502155457,1.1520818818814869
2021-06-14,117.4644775390625,-0.007659421206678063,0.007145084240980916,50.0,60.48937703204443,0.05447400288292045,1.0105524466063043
2021-06-15,117.32307434082033,-0.0012037954044034072,0.007040566710454391,50.0,59.40440901199998,0.053646440238935604,1.2357769688326738
2021-06-16,117.2232894897461,-0.0008505134359534372,0.006809642875756551,50.0,58.60555635658865,0.0510456624777098,1.207637988255552
2021-06-17,118.9782943725586,0.014971469325351316,0.007626545999202922,85.71428571428572,67.00876236329404,0.050422561554440984,0.9042374098780418
2021-06-18,121.2157745361328,0.018805784495178113,0.009578402203720172,92.85714285714286,74.19980025164547,0.05945151285765425,1.1274164920875063
2021-06-21,119.18627166748048,-0.016742894036842926,0.009939574878050174,92.85714285714286,61.174727157664385,0.05956594891824904,0.8875960353070027
2021-06-22,119.47736358642578,0.0024423275841485292,0.010151523968700778,78.57142857142857,62.199666646057025,0.060219875720471376,1.0224981688361496
2021-06-23,119.16964721679688,-0.0025755202524728738,0.010041274046300359,78.57142857142857,60.38491457792365,0.06123849971828147,1.1072813045562482
2021-06-24,119.36095428466795,0.0016053338441377463,0.0099320447750334,71.42857142857143,61.143934481330994,0.06172052109569852,0.9852526011931945
2021-06-25,118.12156677246094,-0.010383525497384638,0.00901114165774733,64.28571428571429,53.93422457294903,0.05922692523614625,0.6917123838837338
2021-06-28,119.3359832763672,0.010281073449064593,0.00883461125442173,57.142857142857146,59.031725466938,0.05686295216716858,0.6286223171186713
2021-06-29,119.53564453125,0.0016731018541189524,0.008786237015009406,14.285714285714286,59.81897205429355,0.053622274943258386,0.7915004053425293
2021-06-30,120.06796264648438,0.004453216589259457,0.008975044815672427,14.285714285714286,61.919955789701135,0.050893968797118244,0.6531629515252749
2021-07-01,120.07456970214844,5.502763200460059e-05,0.009055101991472513,14.285714285714286,61.94655183515536,0.044738948895781,0.7084730001602082
2021-07-02,120.79917907714844,0.006034661434119126,0.009439453311156741,14.285714285714286,64.84636815095456,0.044349553362133046,0.8998482101601522
2021-07-06,122.21504974365234,0.01172086331480493,0.010487640401437417,92.85714285714286,69.70439992810066,0.04585900747103052,1.1541235208981995
2021-07-07,123.2978286743164,0.008859620259004108,0.011876559256404252,100.0,72.8000966507836,0.05198906318129111,1.2288421725117318
2021-07-08,123.78086853027344,0.003917667173466199,0.013162510800936012,57.142857142857146,74.07289814154062,0.05951646324203493,1.0365189735005902
2021-07-09,122.0401611328125,-0.014062814537734503,0.013119004356526616,57.142857142857146,62.68853085651628,0.06115290634992819,0.5934785411684309
2021-07-12,121.88196563720705,-0.0012962576756457844,0.01270138146707921,57.142857142857146,61.759550122635375,0.06165705394143379,0.20486646149611895
2021-07-13,120.94913482666016,-0.0076535589631328005,0.011695066748642966,57.142857142857146,56.447560198194104,0.05865381412902021,-0.26609243169472396
2021-07-14,122.3233642578125,0.01136204432650012,0.011472638012949347,57.142857142857146,61.67698407186021,0.056110156326563056,-0.12027424546198849
2021-07-15,123.67255401611328,0.011029697936178362,0.012017875147568696,57.142857142857146,65.99410346012084,0.05490716454571056,0.2772904088624725
2021-07-16,123.4394073486328,-0.001885193277807673,0.012278920999039072,57.142857142857146,64.63900790328277,0.056224765473335055,0.6073330913355579
2021-07-19,126.14622497558594,0.02192831029484954,0.01377297818985239,100.0,71.86273242565083,0.0672491655303486,0.8594306401354618
2021-07-20,124.9301986694336,-0.009639815273011054,0.014362471167877222,100.0,65.39909305417062,0.07013222507933388,0.46117045959549113
2021-07-21,123.34779357910156,-0.01266631372706839,0.013718966525081895,85.71428571428572,58.07847153117805,0.06937560640521122,0.47203615244841374
2021-07-22,124.51383209228516,0.009453257973648599,0.013540203674134948,85.71428571428572,61.49852939529531,0.06915568538937879,0.6464544504471486
2021-07-23,123.68097686767578,-0.006688857058002151,0.012899196439354213,78.57142857142857,57.86716481828466,0.06706537088831793,0.807026188733003
2021-07-26,123.3144302368164,-0.002963645987786312,0.011977628609352095,35.714285714285715,56.291752303627895,0.059845954566975626,0.6547277347134156
2021-07-27,124.63038635253906,0.010671550062676838,0.01181428014884422,35.714285714285715,60.45429123204343,0.05673964253233151,0.7353848137524703
2021-07-28,124.6387176513672,6.684805425027918e-05,0.011655304750922116,35.714285714285715,60.47995192413242,0.052811582956426684,0.9660928086556664
2021-07-29,123.94747161865234,-0.005545997630113431,0.011017231885035698,35.714285714285715,57.16552952328744,0.04837263348226626,0.9514393869415746
2021-07-30,124.53042602539062,0.004703237582222242,0.010665861168592933,35.714285714285715,59.196396858614634,0.04321972769170819,0.9997107310568529
2021-08-02,125.64120483398438,0.008919738284419498,0.010923540451393276,35.714285714285715,62.814185036843796,0.04130560914194625,1.1127145213505665
2021-08-03,125.70791625976562,0.0005309677336300389,0.011111276126837526,28.571428571428573,63.02621432733723,0.04224305420072853,1.0220654877266917
2021-08-04,125.9664306640625,0.0020564687729185405,0.011277137747484274,-7.142857142857143,63.88556145779154,0.0445822468679657,0.9819381327226483
2021-08-05,125.32421112060548,-0.005098338819885639,0.01094553655876156,-7.142857142857143,60.14564134072378,0.04555171442861105,0.7621835980586463
2021-08-06,123.2313003540039,-0.016699971600758534,0.009339501017312613,-7.142857142857143,49.89465779544209,0.04354942376074631,0.25402049860435644
2021-08-09,122.78929901123048,-0.003586761979332276,0.007570163008465503,-7.142857142857143,48.03275735571223,0.0415652343598269,-0.21065336744122673
2021-08-10,122.22229766845705,-0.004617677170073109,0.005729414948160775,71.42857142857143,45.67795613989284,0.037213939713469014,-0.637994548337938
2021-08-11,122.14720153808594,-0.000614422505579304,0.004147961101804264,-35.714285714285715,45.36076919909958,0.03769478332990067,-0.7419175818143744
2021-08-12,121.94709777832033,-0.0016382181273568719,0.0027326930276777668,-42.85714285714286,44.474547165962456,0.04077658123046644,-0.5530194329320899
2021-08-13,123.87336730957033,0.01579594403100626,0.0028031866301007975,-42.85714285714286,53.82648407416358,0.04051480948319928,-0.0739433379882188
2021-08-16,124.17359924316406,0.0024237004298384157,0.0030457264091980855,-42.85714285714286,55.095945551241996,0.03770835674207336,-0.17038905379764513
2021-08-17,124.12352752685548,-0.00040323963075694635,0.003175464659607519,-42.85714285714286,54.82522124355198,0.03713840574604139,-0.3412327451936954
2021-08-18,124.54045104980467,0.0033589403335236856,0.0034961674241086524,-42.85714285714286,56.731675096893085,0.036997963055876985,-0.19587243367403856
2021-08-19,125.45767211914062,0.007364844607549603,0.004271963266706297,-42.85714285714286,60.66460400863518,0.03817764790966625,0.16664128934649836
2021-08-20,125.54107666015624,0.0006648022365376427,0.0049008977272528365,-42.85714285714286,61.011645402903106,0.03932013339195194,0.36184517059242305
2021-08-23,125.45767211914062,-0.0006643605681461162,0.005290542965404575,-42.85714285714286,60.43741220468196,0.039693926894740196,0.5752962701019034
2021-08-24,124.48204803466795,-0.007776519905025592,0.004951130217990567,-42.85714285714286,54.03124811520842,0.039644908282670185,0.35434271096007536
2021-08-25,123.44811248779295,-0.00830590083629612,0.003966666768370822,-35.714285714285715,48.20031916865445,0.03999546908351148,0.0696255665185438
2021-08-26,123.7899398803711,0.0027689965094601643,0.0033293398022259156,42.85714285714286,50.116972771658176,0.040070422618337945,0.196737588930057
2021-08-27,124.6322250366211,0.006804148681742506,0.0033208356851069463,42.85714285714286,54.57692349106262,0.04011604091547634,0.5109910313991257
2021-08-30,124.95742797851562,0.002609300618672039,0.0034929920885186675,42.85714285714286,56.20502523301397,0.03915038334039251,0.8263212302378151
2021-08-31,124.1068115234375,-0.006807250027780487,0.0030727257999545194,42.85714285714286,51.050712121149964,0.037534979701818086,0.6993655300095446
2021-09-01,124.31473541259766,0.0016753624286036661,0.002818608564424697,42.85714285714286,52.204531079356265,0.03502441789728664,0.5622564209954416
2021-09-02,124.85749053955078,0.004365975804491162,0.0029269235935569086,35.714285714285715,55.17481273514965,0.034278134012574915,0.6656364152167045
2021-09-03,123.721923828125,-0.009094902568669405,0.0022832769529614826,-28.571428571428573,48.39791461174453,0.03386670138592664,0.598044385970414
2021-09-07,122.67820739746094,-0.008435986107959259,0.0010679808436486976,-78.57142857142857,43.15173772768466,0.03408802945064865,0.38573170891648634
2021-09-08,123.51318359375,0.006806230821288839,0.0006271144915218558,-78.57142857142857,48.007252768769554,0.03164502349349912,0.37497255757599085
2021-09-09,125.0078125,0.012100966575082417,0.0012306435973061477,-78.57142857142857,55.357625500359354,0.028747952765605298,0.6919825823182706
2021-09-10,123.9056167602539,-0.00881701485454034,0.0010008166803234361,-78.57142857142857,49.7698035727921,0.02346684318460657,0.590506518660637
2021-09-13,124.6570816040039,0.006064816619282265,0.0012768300269507286,-71.42857142857143,53.235689484424334,0.02331470260877903,0.59035521010885
2021-09-14,126.1683120727539,0.012123101626514199,0.002420990990672014,35.714285714285715,59.31543961503658,0.026415501078873128,0.7644629291080731
2021-09-15,125.7258071899414,-0.003507258483075648,0.003032661049134241,35.714285714285715,56.979498621457225,0.02767167989589433,0.7640770607148311
2021-09-16,125.14969635009766,-0.0045822799051382646,0.00311940955774866,35.714285714285715,53.99793598594974,0.027982824873360183,0.6501197449309594
2021-09-17,124.54851531982422,-0.004803695476748748,0.0027709986493473222,35.714285714285715,50.99897597614096,0.027233548153576943,0.6683778326095194
2021-09-20,126.09317779541016,0.012402094650582063,0.0034018033910569365,35.714285714285715,57.526188606982785,0.028524591027449645,0.7465264780535958
2021-09-21,125.98469543457033,-0.0008603348946907285,0.0038185063695273247,35.714285714285715,56.95240924911049,0.029591067894259502,0.8908656642779962
2021-09-22,126.73609161376952,0.005964186178387232,0.004547823822266895,78.57142857142857,59.93337264956149,0.03313596766894941,1.329353078018905
2021-09-23,123.87223815917967,-0.02259698415915723,0.0033584183465990513,78.57142857142857,46.668617893546454,0.0324314811858353,0.8784488494733949
2021-09-24,122.66161346435548,-0.009773172042540357,0.0015413358582529642,78.57142857142857,42.396851147030915,0.03497387522101855,0.32117814311309273
2021-09-27,122.21070098876952,-0.0036760683546446238,-0.00021989467363103566,-21.42857142857143,40.89535580754566,0.03899942322602521,0.06624047710631424
2021-09-28,120.30699157714844,-0.015577272662858022,-0.002889365693720738,-28.571428571428573,35.22360347046644,0.04889765142167654,-0.2503612416171178
2021-09-29,120.5157699584961,0.001735380285141419,-0.004798416224754986,-28.571428571428573,36.26753859871677,0.055768301637225855,-0.4711486016900687
2021-09-30,120.4990463256836,-0.0001387671739413454,-0.006255287712108388,-28.571428571428573,36.21718839409181,0.061377400494746964,-0.2583520556817655
2021-10-01,121.51315307617188,0.008415890261466163,-0.006598022846849719,-28.571428571428573,41.519127493396965,0.06334040504822329,0.3209182004296109
2021-10-04,121.2038116455078,-0.0025457444139413976,-0.007053292524386546,-28.571428571428573,40.41551083460261,0.06594674418197206,0.6663727509151466
2021-10-05,120.03341674804688,-0.009656419889533252,-0.008165575274999805,-28.571428571428573,36.46605037727276,0.0705381568119955,0.39518463586763
2021-10-06,120.71056365966795,0.005641319975440151,-0.00839271854931004,-28.571428571428573,40.11242741846453,0.07334681810676341,0.26722395239366414
2021-10-07,119.44818878173828,-0.010457865820996615,-0.009443933443666798,-78.57142857142857,35.96802058000125,0.07743348314829392,0.13078896861041764
2021-10-08,118.6122055053711,-0.0069987103604788325,-0.010723773598012156,-85.71428571428572,33.499611487821355,0.08354310843275023,0.016162003564945352
2021-10-11,118.31120300292967,-0.002537702601169367,-0.011784483361684726,-92.85714285714286,32.63126761461368,0.08843334905199379,-0.1255135106587766
2021-10-12,120.3343505859375,0.017100219857943078,-0.010909182587326902,-92.85714285714286,43.27447737652201,0.08547961731967332,0.13102030898373154
2021-10-13,121.50473022460938,0.009726064361281761,-0.009387145527516185,-85.71428571428572,48.357322462663674,0.08156484230626129,0.4763596922538473
2021-10-14,121.9561767578125,0.0037154646767134647,-0.007844482808233563,-78.57142857142857,50.21055493603247,0.07818371790273333,0.7695956491144317
2021-10-15,121.24559020996094,-0.005826572845610611,-0.007079721063351655,-71.42857142857143,47.33139495484827,0.07567802375472273,0.9599192907792731
2021-10-18,121.81404876708984,0.004688488514464684,-0.00596188569287025,35.714285714285715,49.81080042839806,0.06816411347226668,1.0859228869084854
2021-10-19,120.13371276855467,-0.013794270985508339,-0.006230372871182805,35.714285714285715,43.31911688664193,0.05970612707777578,0.8448311871698985
2021-10-20,119.32281494140624,-0.006749960593581905,-0.006889351739506128,35.714285714285715,40.57118359210682,0.04397789763463568,0.5236729621642858
2021-10-21,119.18067932128906,-0.0011911856101196605,-0.0073977972868095165,35.714285714285715,40.091122746532584,0.03887643484684202,0.2768174787897663
2021-10-22,120.49321746826172,0.011013011122669392,-0.006752513114935568,35.714285714285715,46.398505626156435,0.03552069148733527,0.28684242411926864
2021-10-25,120.30923461914062,-0.0015269145681959806,-0.006364656353421553,35.714285714285715,45.672626857161866,0.032974879697905024,0.24318547569900134
2021-10-26,121.30418395996094,0.008269933259653639,-0.005276809252204548,35.714285714285715,50.20910043240596,0.033635627191498,0.46318801834798634
2021-10-27,123.51116943359376,0.01819381163605449,-0.0029011321956556343,85.71428571428572,58.48933371879974,0.04035369352601412,0.7496460781209819
2021-10-28,123.09317016601562,-0.0033843033751119744,-0.0013552185681415061,92.85714285714286,56.57047433719431,0.04421726111315071,0.6466730062114988
2021-10-29,123.4693603515625,0.0030561418236243476,0.00012255019830136982,92.85714285714286,57.90883763511027,0.04822171261597193,0.7623238587546198
2021-11-01,122.58045196533205,-0.007199424891320416,0.000706487799752663,35.714285714285715,53.697885160073064,0.049821874780565406,0.8677599550535388
2021-11-02,123.1244888305664,0.004438202474471353,0.001502617083206093,35.714285714285715,55.81556735160058,0.051862454903901886,0.8526494065386835
2021-11-03,121.85218811035156,-0.010333449765348335,0.0013008080734440849,35.714285714285715,50.050379553096214,0.05211350874349736,0.40814342514061036
2021-11-04,123.13286590576172,0.010510092721932596,0.0019336682794502775,35.714285714285715,55.07997333771849,0.05248829574987843,0.3837476628362918
2021-11-05,124.97443389892578,0.014955941938145756,0.0035579173784454307,78.57142857142857,61.13953577037851,0.05473023139584042,0.578667894768561
2021-11-08,124.74006652832033,-0.0018753225223248071,0.004671417291854924,78.57142857142857,60.0296930079168,0.05318909255039183,0.6802727421192565
2021-11-09,126.36399841308594,0.013018526684823506,0.006440019998993102,92.85714285714286,64.79797865363362,0.06042714000367627,0.4746673544696004
2021-11-10,124.0535888671875,-0.01828376416473998,0.00645888033450223,92.85714285714286,54.78443467872853,0.06150483161494033,0.1350911973310828
2021-11-11,123.86949920654295,-0.001483952720155779,0.006196898693407043,85.71428571428572,54.06748670232312,0.06233489136170901,-0.09588503379007036
2021-11-12,123.32542419433594,-0.004392324306565665,0.005587659944069065,78.57142857142857,51.90547664937952,0.061934180144867235,-0.27528615343598334
2021-11-15,121.7768325805664,-0.012556953473999544,0.004074711426240051,71.42857142857143,46.23807400350394,0.06195868345235418,-0.5458621705013169
2021-11-16,121.46707916259766,-0.002543615328176818,0.002590927440901803,-35.714285714285715,45.17555126364543,0.059869777808390236,-0.7924261665700619
2021-11-17,122.42969512939452,0.007924912440747,0.0020070325309595764,-42.85714285714286,49.09077529821057,0.05460720277964182,-0.539297507882856
2021-11-18,122.8901824951172,0.0037612391767862796,0.0018357903913406484,-42.85714285714286,50.89727253709836,0.0475626868110227,-0.1996807772257529
2021-11-19,124.1875991821289,0.010557529174987312,0.0025023750369375665,-42.85714285714286,55.67018214442394,0.044568740998560334,0.11505874805790627
2021-11-22,122.7310562133789,-0.01172857014985762,0.002100156495181177,-42.85714285714286,49.81589481253989,0.03947371969057816,0.1191400331563625
2021-11-23,120.95646667480467,-0.014459172709220036,0.0005929627286775169,-42.85714285714286,43.775787451746986,0.04044419409731123,-0.20691169787159308
2021-11-24,122.89852905273438,0.01605587887376858,0.0006515644236283683,-42.85714285714286,50.80557999322571,0.04045929146789425,-0.03638205761773933
2021-11-26,126.0040512084961,0.025268993695027664,0.0026462846678099307,-42.85714285714286,59.521276115613354,0.044999504410039165,0.39478350864516115
2021-11-29,124.99113464355467,-0.008038761890801216,0.0035790262876089917,-42.85714285714286,56.03418708329034,0.04645925824493733,0.7895445045983678
2021-11-30,126.89125061035156,0.01520200590398324,0.005383080313000688,57.142857142857146,60.68702409559927,0.05193472489943159,1.1394353697014161
2021-12-01,127.6740951538086,0.00616941309736907,0.007224731197065408,64.28571428571429,62.450179924377935,0.058918829251476255,1.6982221071252825
2021-12-02,127.83333587646484,0.0012472437925987734,0.00869979145680142,71.42857142857143,62.81550539671923,0.06302123744743719,1.9670249492701255
2021-12-03,129.35865783691406,0.011932114185952747,0.010588875526424598,78.57142857142857,66.20699842884018,0.07206312339035194,2.1960564506561924
2021-12-06,127.58190155029295,-0.013735116893846544,0.01108520514767301,78.57142857142857,59.40968470665128,0.0751689546575442,1.6507544897648365
2021-12-07,126.55109405517578,-0.008079574630817321,0.010673921363912266,78.57142857142857,55.82852290443222,0.07634372448355799,0.9611961449414737
2021-12-08,124.36363983154295,-0.01728514668296033,0.008934876303916166,78.57142857142857,49.06894598505979,0.0754244756385534,0.05249165219476563
2021-12-09,125.05928802490234,0.005593662217523443,0.007726459468420948,50.0,51.09679703957879,0.07535250570190608,-0.28744795985962523
2021-12-10,124.75755310058594,-0.0024127350241777146,0.006553926591060954,50.0,50.1638334214916,0.07511260374025847,-0.6234751850083927
2021-12-13,126.60135650634766,0.014779092407135819,0.006626964471271291,50.0,55.50961170635138,0.07544995985410205,-0.5565945016578453
2021-12-14,126.29962921142578,-0.0023832864295316725,0.0065088427300446314,50.0,54.479733290702804,0.07241696856693015,-0.31338074322836856
2021-12-15,125.0843734741211,-0.009622005582220261,0.0056161902347401545,42.85714285714286,50.42206830431144,0.06731626029107347,-0.5329199478312278
2021-12-16,125.13304138183594,0.0003890806370383526,0.0048324296884142085,28.571428571428573,50.58081200447126,0.06400875003816095,-0.66730545557209
2021-12-17,126.55107879638672,0.011332238063516131,0.005012209847053745,28.571428571428573,55.09266625833932,0.06165757845960449,-0.4714350947268066
2021-12-20,125.6029052734375,-0.0074924175437079965,0.004574959958831227,-21.42857142857143,51.69417701236425,0.060784305760671835,-0.5939891230735839
2021-12-21,125.12464904785156,-0.00380768442055357,0.003861561245241733,-85.71428571428572,50.0181641465495,0.05707144349832044,-0.33766139708284804
2021-12-22,125.70366668701172,0.004627526579025432,0.0035974241591415577,-85.71428571428572,52.045299514336904,0.044975572588467384,-0.023784556016735577
2021-12-23,124.61286926269533,-0.008677530680408552,0.002694576274960496,-85.71428571428572,48.08846022573762,0.0403099019957195,0.03788553434227392
2021-12-27,124.91490173339844,0.0024237662810444593,0.0021200481121484423,-78.57142857142857,49.23923225163501,0.0411383687652352,0.1427443025555728
2021-12-28,124.4198989868164,-0.003962719737301668,0.001340059528834696,-71.42857142857143,47.38524323822517,0.04205726812597724,0.066317036088829
2021-12-29,123.06066131591795,-0.01092460034099918,-0.00016621619610254144,-78.57142857142857,42.6377668732612,0.04621613992696205,-0.056895778211599426
2021-12-30,124.0926742553711,0.008386213176636348,-0.0006813494107142347,-78.57142857142857,46.98111565189767,0.0456561798263414,0.06014237952569215
2021-12-31,124.3359603881836,0.001960519702491448,-0.0009200636305871609,-78.57142857142857,47.981062754502226,0.043583167546888776,0.09119274500295095
2022-01-03,121.07215881347656,-0.026249860173334083,-0.003277694875665375,-100.0,37.70667865856817,0.04409368381120471,-0.4640771715426385
2022-01-04,120.56871032714844,-0.004158251502756616,-0.005422316699905127,-71.42857142857143,36.411468897333506,0.050292215196420305,-0.5008081345091174
2022-01-05,119.91426849365234,-0.005427957483499224,-0.007503789935122945,-78.57142857142857,34.740902938949986,0.058593988730472626,-0.7101829424586029
2022-01-06,120.22470092773438,0.0025887864553704176,-0.008796589971291544,-85.71428571428572,36.23536880796064,0.06549290789710864,-0.5015325227448286
2022-01-07,119.3604965209961,-0.007188243348242973,-0.010372382055737041,-92.85714285714286,33.9074183443524,0.07335725897367934,-0.41942350458408434
2022-01-10,119.65415954589844,0.0024603033119143802,-0.011215017898694342,-100.0,35.42558348178481,0.07890206499371964,-0.19141677052177944
2022-01-11,120.45124053955078,0.006661540197828053,-0.01116158256721616,-85.71428571428572,39.488536703175136,0.0788388652302415,0.25648334395122896
2022-01-12,119.98980712890624,-0.003830873045205685,-0.011399933748340333,-85.71428571428572,37.99803083869825,0.07906911593716354,0.1927645569744704
2022-01-13,121.05534362792967,0.008880225116777885,-0.010620427378213908,-64.28571428571429,43.31847793707034,0.07871970577749449,0.35763603295076446
2022-01-14,119.22630310058594,-0.01510912672277731,-0.01134397272672305,-64.28571428571429,37.38770690967298,0.080743186066908,0.1413177924925687
2022-01-18,117.54822540283205,-0.01407472725492609,-0.012959093502012289,-100.0,32.93278723873118,0.08235546614809153,-0.28001042663402054
2022-01-19,118.36209869384766,0.006923739496929926,-0.013305496526969381,-78.57142857142857,36.86221921653527,0.08204524857260792,-0.411328473827426
2022-01-20,119.09203338623048,0.0061669630771827855,-0.01292342982550122,-78.57142857142857,40.243760314546755,0.0799284113584479,-0.20713829009004608
2022-01-21,120.510009765625,0.011906559482411705,-0.011454513097489719,-78.57142857142857,46.26458072830623,0.07325312202826059,0.07764035819601177
2022-01-24,119.51994323730467,-0.00821563727565755,-0.011038319662051838,-71.42857142857143,43.006327487801514,0.06922144722838114,-0.25515569852286807
2022-01-25,119.32699584960938,-0.0016143530733796485,-0.010658094972554277,-14.285714285714286,42.37992198232314,0.06291281183152249,-0.5235349062744872
2022-01-26,117.88385009765624,-0.012094042439247943,-0.011326504595926257,-14.285714285714286,37.92991168882194,0.05877606895901613,-0.9954545285058853
2022-01-27,120.04855346679688,0.01836301891520664,-0.009970931829740933,-14.285714285714286,46.931347770206685,0.05483154422702008,-0.9187512630199659
2022-01-28,120.09051513671876,0.0003495391548677951,-0.008924257527713647,-14.285714285714286,47.09152241047298,0.04572020900201669,-0.6929226864477749
2022-01-31,119.46956634521484,-0.005170673061040576,-0.008461469092635693,-14.285714285714286,44.93037947231576,0.030824886985240708,-0.5665974086056531
2022-02-01,119.07306671142578,-0.00331883379105391,-0.00825827574002297,-14.285714285714286,43.555835008574164,0.029157488267241953,-0.45278574598477644
2022-02-02,119.47631072998048,0.003386525850820332,-0.007686710814875156,-14.285714285714286,45.38576464535324,0.02814316737097162,-0.5868417251907181
2022-02-03,118.5436782836914,-0.007806003052746147,-0.007857177349851413,-14.285714285714286,41.994692615752996,0.02883524089638268,-0.4645444853192962
2022-02-04,116.79608154296876,-0.014742217940465818,-0.009164941877917809,-64.28571428571429,36.4924936811966,0.03407840560453871,-0.6389121062927874
2022-02-07,116.8717269897461,0.0006476711014444803,-0.009934889681942788,-71.42857142857143,36.87801533528418,0.03835449086599984,-0.5530424131460362
2022-02-08,116.0902862548828,-0.006686311180563398,-0.011036730587622178,-78.57142857142857,34.54505405679581,0.04420567362804642,-0.48326936789374053
2022-02-09,116.3087158203125,0.0018815490294350479,-0.011549999704073758,-78.57142857142857,35.76823278482853,0.04679911937436186,-0.5557617379481491
2022-02-10,114.4603500366211,-0.01589189400514901,-0.013316096347529553,-92.85714285714286,30.563363982785326,0.055526161556649384,-0.8291408297840267
2022-02-11,116.15755462646484,0.014827882225598055,-0.01302591188008286,-100.0,39.29802553472057,0.054412695334742564,-0.26254285499346214
2022-02-14,114.71240997314452,-0.012441245495978026,-0.013968805904937577,-50.0,35.23379244733682,0.05978199764188352,-0.1555020314749549
2022-02-15,113.41007995605467,-0.011353000232448562,-0.015501423457208235,-64.28571428571429,32.01996104830162,0.06890439671491215,-0.3634054868932106
2022-02-16,114.08224487304688,0.005926853391273967,-0.015833222634396404,-71.42857142857143,35.30020451763537,0.07415175563510888,-0.25282655902398743
2022-02-17,114.93083953857422,0.007438446416194511,-0.015277281551929105,-71.42857142857143,39.28348291484484,0.07583047605299667,-0.15659951357973145
2022-02-18,116.14071655273438,0.0105270005771958,-0.013774443028626297,-71.42857142857143,44.52724633611638,0.07237992258906216,0.10979074981230526
2022-02-22,116.44317626953124,0.002604252201763524,-0.012324877096379106,-71.42857142857143,45.78775158142697,0.07023597639477637,0.4769041985911044
2022-02-23,114.83843231201172,-0.01378134819858412,-0.012346269841465371,-71.42857142857143,40.52609411196832,0.06969774741501482,0.34848370033686016
2022-02-24,114.91403198242188,0.0006583133267159536,-0.012026964134887838,-64.28571428571429,40.87082003797134,0.0705782549393836,-0.029656544129182234
2022-02-25,114.99808502197266,0.0007314427846691895,-0.011579281809397778,-57.142857142857146,41.278354096790785,0.06635091464081182,-0.1286520616974377
2022-02-28,117.51870727539062,0.021918819369351805,-0.00915430185239944,50.0,51.96937780847834,0.06047858660527849,0.16340480514112388
2022-03-01,118.87734985351562,0.011561074909896663,-0.006348998390533409,57.142857142857146,56.5602053117782,0.058773037456336746,0.3240022705514196
2022-03-02,114.81387329101562,-0.03418209244660264,-0.0071312663904239204,57.142857142857146,43.24645290294433,0.055253520223660736,-0.08112496994975131
2022-03-03,115.98326110839844,0.010185074188890031,-0.006607059239843323,57.142857142857146,47.10521367924699,0.04809801476676956,-0.23658333420096408
2022-03-04,117.9855728149414,0.017263798994853197,-0.004718760664248442,57.142857142857146,52.99810001123097,0.04639500965318509,-0.18683339882216948
2022-03-07,117.08533477783205,-0.0076300687925748845,-0.003911912976310201,57.142857142857146,50.28560331504806,0.04680259349275893,-0.3508546580954925
2022-03-08,115.90756225585938,-0.010059095139519192,-0.004049935253113126,57.142857142857146,46.90338347801672,0.0461005754261385,-0.3670010252247075
2022-03-09,114.77175903320312,-0.009799215862628774,-0.004910599829364826,57.142857142857146,43.84096435442535,0.04666834542505603,-0.4811720643392085
2022-03-10,113.12281036376952,-0.0143671987196482,-0.006740490852289295,-50.0,39.78012913157899,0.050356146354136974,-0.47450369485585714
2022-03-11,113.50142669677734,0.0033469494948923373,-0.007748343836116052,-50.0,41.128523981315155,0.05211920394455191,-0.4042318921288011
2022-03-14,110.85125732421876,-0.023349216390368244,-0.010576865416799149,-64.28571428571429,35.18909923406969,0.06265826096185408,-0.6557145077189803
2022-03-15,110.65776824951172,-0.0017454838075595669,-0.012688664798694323,-71.42857142857143,34.79402974453816,0.07172714017668837,-0.8607581398394358
2022-03-16,111.74305725097656,0.009807616931309493,-0.013271582088558284,-78.57142857142857,38.93526100667063,0.07510904613152893,-0.5770570666940912
2022-03-17,110.91017150878906,-0.0074535793334956635,-0.014375328877046092,-78.57142857142857,36.993514960363804,0.08108403413575097,-0.5005700089634639
2022-03-18,112.26467895507812,0.012212653067457557,-0.013854750302618402,-78.57142857142857,42.05465704146196,0.08341623035313192,0.19004529941031284
2022-03-21,109.66502380371094,-0.023156483192789623,-0.015634161897601216,-100.0,36.06658131476151,0.09092327054430073,0.31260954701934157
2022-03-22,108.26002502441406,-0.012811730947249633,-0.017843425272988742,-85.71428571428572,33.30635211550351,0.1006402186642315,0.23888435111333642
2022-03-23,110.63249969482422,0.021914595621746136,-0.017089339537482536,-85.71428571428572,41.454254690178175,0.10360801210520905,0.4441123304148221
2022-03-24,109.7659683227539,-0.007832520954155542,-0.01736439863044628,-85.71428571428572,39.55355180969801,0.10763826701799527,0.5090373958840809
2022-03-25,108.24320220947266,-0.013872843619469832,-0.018641595246104304,-100.0,36.39545210803587,0.1143280441982155,0.5204387739925556
2022-03-28,109.1686019897461,0.0085492646317189,-0.01839912700050804,-92.85714285714286,39.55400912795132,0.11279027140863575,0.4809861652040306
2022-03-29,109.99312591552734,0.007552757026774826,-0.017389450511850747,-85.71428571428572,42.30323588397322,0.10308682732781976,0.4432851283839976
2022-03-30,110.85125732421876,0.007801682164669588,-0.015762948027716165,-71.42857142857143,45.10180688865847,0.1016299902146281,0.5551322304108915
2022-03-31,111.12049102783205,0.002428783489805797,-0.014186252485363444,-71.42857142857143,45.987010946118254,0.09682384509930715,0.5017278179159962
2022-04-01,111.54345703125,0.003806372699631133,-0.012468105022681239,-35.714285714285715,47.42136180712026,0.08281708365022017,0.6415863002564932
2022-04-04,110.76828002929688,-0.006949551525339159,-0.0116574313560642,-35.714285714285715,45.05965929418434,0.06918756501467538,0.6775023134520263
2022-04-05,108.26573944091795,-0.022592574225374196,-0.012915120924561659,-35.714285714285715,38.40920357636004,0.0611058935362858,0.33695920213041086
2022-04-06,107.3894271850586,-0.008094086461558514,-0.014303651758410333,-92.85714285714286,36.384142679951175,0.05756137249792151,0.20056044437677656
2022-04-07,106.58053588867188,-0.007532317822990131,-0.015866336576442642,-100.0,34.572194816189175,0.06079670493792587,0.3556996398105712
2022-04-08,105.42620086669922,-0.010830636310352304,-0.01788245807301101,-35.714285714285715,32.11432570359304,0.06480117085970387,0.41412972761451017
2022-04-11,103.7578353881836,-0.015824960634075236,-0.02071230457626905,-42.85714285714286,28.9147310424073,0.07960268014653973,0.28562745452966004
2022-04-12,103.61457824707033,-0.0013806874495531085,-0.022609459798178643,-42.85714285714286,28.650768562000472,0.09116363911071866,0.02532349415864035
2022-04-13,103.82522583007812,0.002032991752429991,-0.023605575184675605,-42.85714285714286,29.667494761230845,0.09727761467988,-0.21293833713686852
2022-04-14,101.74401092529295,-0.02004536843667759,-0.02627876561138584,-64.28571428571429,25.761505183897786,0.11004141741191492,-0.6138420131771012
2022-04-18,101.23845672607422,-0.004968884110436167,-0.028232021965231426,-71.42857142857143,24.90377466724124,0.1180486855684468,-0.8175761743823005
2022-04-19,100.48014068603516,-0.007490395098483926,-0.03016124852103666,-78.57142857142857,23.63273024531014,0.1303378429889507,-0.784351413934522
2022-04-20,102.50234985351562,0.020125461147582957,-0.028973545793762462,-78.57142857142857,33.39523713178117,0.1355635650570981,-0.4052150424819575
2022-04-21,101.74401092529295,-0.007398258959978921,-0.028983623970777295,-78.57142857142857,31.755784425332713,0.13812274286003678,0.04243560495750863
2022-04-22,101.10362243652344,-0.006294114837282483,-0.029177772411493084,-78.57142857142857,30.398618168249097,0.1419844983624147,0.013780992272505252
2022-04-25,102.1147689819336,0.010001091168073462,-0.02777792354861156,-71.42857142857143,35.1139960903526,0.14434380645710213,-0.30109735772291807
2022-04-26,103.14273834228516,0.010066803955982362,-0.025530915580106346,-64.28571428571429,39.59449056741901,0.14280936880125622,-0.3925421589474297
2022-04-27,101.81985473632812,-0.012825756104777541,-0.0250406953916782,-57.142857142857146,36.13633032906854,0.14022345741925493,-0.5737383383426283
2022-04-28,101.97151947021484,0.0014895398768683954,-0.02395686235085984,-50.0,36.81765443390627,0.13282460540049343,-0.39511219779517043
2022-04-29,100.64862060546876,-0.01297321910685556,-0.02421289204570789,-42.85714285714286,33.46409723912254,0.12361727700219027,-0.5032983500502566
2022-05-02,98.9040069580078,-0.01733370648267163,-0.025719410299495583,-85.71428571428572,29.63097360597353,0.11190817633262402,-0.778746529978914
2022-05-03,99.57080078125,0.0067418282004014785,-0.02556186440795367,-85.71428571428572,32.79926224892597,0.0954145883744678,-1.083569002760029
2022-05-04,100.11944580078124,0.0055100994993158015,-0.02470638268767853,-85.71428571428572,35.37743461574508,0.08474720023630242,-0.898353824587967
2022-05-05,97.3763198852539,-0.02739853275841775,-0.026783800646792404,-50.0,29.320553398618276,0.08288325066550002,-0.6485640334852033
2022-05-06,95.94145965576172,-0.014735206990600935,-0.029166116188998295,-57.142857142857146,26.741517936269375,0.08679855575568907,-0.7424919511675798
2022-05-09,96.78550720214844,0.008797526631501684,-0.029425720010617027,-64.28571428571429,30.608173324580832,0.08740671935964228,-0.3798292293198189
2022-05-10,97.66329193115234,0.009069381918622943,-0.02851099555654959,-64.28571428571429,34.48118982086888,0.0879858513021641,-0.49115300742986406
2022-05-11,99.54548645019533,0.019272282162778653,-0.02564500108583601,-64.28571428571429,41.96148117730282,0.08416905487324602,-0.05503712245935424
2022-05-12,99.35979461669922,-0.0018653968162485324,-0.023722730148481103,-64.28571428571429,41.45858312807178,0.07871706792231777,-0.17353791015567527
2022-05-13,97.8911590576172,-0.014780984247678597,-0.02343427437025405,-64.28571428571429,37.61853282940693,0.07993593525681689,-0.4314056103855276
2022-05-16,97.7898941040039,-0.0010344647523653494,-0.022768449873470882,-64.28571428571429,37.36156583855767,0.08143093786002695,-0.6429117893210068
2022-05-17,96.60826110839844,-0.01208338557304034,-0.023212715343863183,-57.142857142857146,34.40802265083816,0.08599390628288237,-0.8180772664603537
2022-05-18,98.66768646240234,0.02131728001700761,-0.02093134485741939,-50.0,42.88288491722886,0.08228923067894181,-0.5723877024929027
2022-05-19,98.9040069580078,0.0023951154028072352,-0.01904832309366414,-42.85714285714286,43.780538205261934,0.07968713071857456,-0.5987339662570157
2022-05-20,100.02657318115234,0.011350058078245073,-0.01630465385861532,-28.571428571428573,47.96405104827867,0.07829585590748579,-0.41656469087302306
2022-05-23,98.3807144165039,-0.01645421523806201,-0.015707779745917572,-28.571428571428573,42.92103982109281,0.07405729859083593,-0.5087916780470484
2022-05-24,100.32201385498048,0.01973252024027694,-0.013016477712422477,78.57142857142857,49.646040772852004,0.06506151596257845,-0.46467282620797024
2022-05-25,100.71868133544922,0.003953942561820245,-0.010640229106582903,78.57142857142857,50.91852570619066,0.06171146839731869,-0.3245119098542644
2022-05-26,100.26290893554688,-0.00452520221531072,-0.009099565739885084,78.57142857142857,49.37459198560319,0.05630611843622733,-0.1308678386564117
2022-05-27,100.5076904296875,0.0024413962924014765,-0.007537741466337936,100.0,50.24713366359856,0.05593794928108623,-0.08944274941009614
2022-05-31,98.3807144165039,-0.021162321053149302,-0.008105240886039599,57.142857142857146,43.268669128536224,0.05603853279802436,-0.07350293796379102
2022-06-01,98.26823425292967,-0.0011433151735210645,-0.008430660062765206,57.142857142857146,42.92912311877702,0.05567144290802354,-0.13756628974116406
2022-06-02,98.31903076171876,0.000516916877313145,-0.008536625290068238,57.142857142857146,43.14610721758195,0.05413519519237841,-0.11242241949425923
2022-06-03,98.10761260986328,-0.002150327868547297,-0.0087160540853698,57.142857142857146,42.4231552885403,0.05314804892704855,0.11625555671731751
2022-06-06,96.29814910888672,-0.01844366051564328,-0.01040610691118835,-35.714285714285715,36.747818895056966,0.05173368740131989,-0.06882253335026982
2022-06-07,97.33816528320312,0.010799960164763256,-0.010508294824650323,-35.714285714285715,41.58495499409781,0.05030153219811562,-0.16119844843097397
2022-06-08,96.4757308959961,-0.00886018741670136,-0.01136319006216811,-35.714285714285715,38.92650286521497,0.05329025803087476,-0.3518222830357482
2022-06-09,96.79705810546876,0.0033306532792072296,-0.011525805168637465,-57.142857142857146,40.453900276776956,0.054908706899645,-0.26852415811743835
2022-06-10,96.19669342041016,-0.00620230301218927,-0.01212136661338632,-64.28571428571429,38.51573941207328,0.057845581015053466,-0.21647615721274935
2022-06-13,93.17813873291016,-0.031378985910752166,-0.015379233554848793,-71.42857142857143,30.582203555629444,0.07381012173761015,-0.2854995513141892
2022-06-14,92.00284576416016,-0.012613398214777694,-0.018690728369195296,-78.57142857142857,28.150830838010428,0.09176215020393635,-0.5529961494767821
2022-06-15,93.71924591064452,0.018655946261533884,-0.019074209963544142,-78.57142857142857,36.13619363861695,0.09839980695258974,-0.29735977423711996
2022-06-16,94.4633331298828,0.00793953485229415,-0.018644099278825117,-92.85714285714286,39.28646804954301,0.10204804298985407,0.21108774662299623
2022-06-17,94.76774597167967,0.0032225502923797222,-0.017897619334186904,-92.85714285714286,40.57788213894749,0.10394261284008038,0.4814167933504531
2022-06-21,93.16122436523438,-0.016952198134219554,-0.018827204739283596,-78.57142857142857,36.20150327505559,0.10686576618952244,0.45167167454699003
2022-06-22,95.72321319580078,0.027500592097440046,-0.016452904442681587,-78.57142857142857,46.17185140659627,0.10651238311807507,0.685225045503842
2022-06-23,96.50955200195312,0.008214713859885814,-0.014029442273896457,-71.42857142857143,48.81579971115489,0.10118218042720858,0.6587076351591395
2022-06-24,95.17359924316406,-0.013842699826873361,-0.013365137810627736,-64.28571428571429,44.79052312386943,0.09400752371387787,0.322444561997707
2022-06-27,94.36187744140624,-0.008528854726654989,-0.01333214348347998,-50.0,42.49754478549867,0.08766590711785734,0.11762903903416483
2022-06-28,94.80155181884766,0.004659449232709889,-0.012633723701044278,-50.0,44.16490601482509,0.07698810311060757,0.23126525636342804
2022-06-29,96.28125,0.01560837510318236,-0.010580738124046045,28.571428571428573,49.47471334312688,0.07295344977354234,0.46620355690581133
2022-06-30,97.12679290771484,0.008782010076882507,-0.008230972456828797,64.28571428571429,52.26807796283028,0.07001878608641689,0.1831981776912826
2022-07-01,98.12395477294922,0.010266599311909985,-0.005492972492711718,71.42857142857143,55.399713306870055,0.06936684697244466,-0.12456614504965598
2022-07-05,98.89491271972656,0.007856979965404687,-0.0027027488728253897,78.57142857142857,57.70991820289032,0.07221369390714477,-0.3225494114034487
2022-07-06,97.2343978881836,-0.0167907002076938,-0.0018905990218405317,78.57142857142857,51.51999304153383,0.07349780252786003,-0.7149448878319526
2022-07-07,96.37870025634766,-0.008800359239329758,-0.0019154716527226025,78.57142857142857,48.62557067689101,0.07207347185316018,-0.9683851540844162
2022-07-08,95.31121063232422,-0.011075991076701985,-0.0028147093934110462,78.57142857142857,45.21303072216123,0.07161436400244887,-1.0963408263874084
2022-07-11,96.95480346679688,0.01724448596936856,-0.0020592170846749276,64.28571428571429,50.92385426514069,0.07187097567070651,-0.961004799324612
2022-07-12,97.5309066772461,0.005941976981537644,-0.001001270757248375,64.28571428571429,52.781753102129834,0.07392444474877538,-1.053196685830977
2022-07-13,98.64922332763672,0.011466279649090305,0.0007357380175079392,28.571428571428573,56.24459380988078,0.0749435111821994,-0.6813357743495714
2022-07-14,97.84437561035156,-0.008158682756295721,0.0014402805510727813,28.571428571428573,53.21957772158261,0.06700481657468925,-0.4296103239014311
2022-07-15,98.39505767822266,0.005628142286523419,0.0024065417483623017,28.571428571428573,55.002795316705054,0.06556298401361958,-0.31245992106450643
2022-07-18,97.36994934082033,-0.010418290934435914,0.0023357198857196708,28.571428571428573,51.098005465595364,0.06337077209277063,-0.14899326474875876
2022-07-19,96.84465026855467,-0.005394878767236211,0.0018131858491332322,28.571428571428573,49.171595329682376,0.06108420053986998,-0.0909663197644541
2022-07-20,97.09883880615234,0.0026247039655034055,0.001578439087592548,21.42857142857143,50.15094050293412,0.05137798677839279,-0.09996597141188131
2022-07-21,98.7763214111328,0.017276031573656425,0.0027115517499986036,-21.42857142857143,56.154892286328305,0.05300504253633336,0.12507324085926314
2022-07-22,100.43684387207033,0.016810936439169533,0.00484894712678877,71.42857142857143,61.1438661210918,0.061027332703881144,0.17042628487210854
2022-07-25,99.45406341552734,-0.009785059134223562,0.005779386395912141,71.42857142857143,57.009279653407305,0.06105520850856399,0.475381418458461
2022-07-26,99.53033447265624,0.0007668973444576732,0.006461181909907271,71.42857142857143,57.25087820050223,0.05663935010375457,0.35325958250680517
2022-07-27,98.97119903564452,-0.005617738953397455,0.006513643568272351,71.42857142857143,54.818727497013484,0.050876787364038924,0.03162126174748952
2022-07-28,99.7590789794922,0.007960699188497511,0.00703098774001718,71.42857142857143,57.55501912495006,0.05120000572450412,-0.24914770791809274
2022-07-29,99.48797607421876,-0.0027175762652056346,0.00719927185175464,85.71428571428572,56.29171699413617,0.05195273412594499,-0.6229778084966517
2022-08-01,101.88400268554688,0.024083579804062616,0.008939955650735175,92.85714285714286,63.84498250188383,0.0614994062213017,-0.41256013209389497
2022-08-02,99.72814178466795,-0.021159954890393684,0.008833448908282077,100.0,54.68755852298918,0.06252898582772103,-0.5827412878333833
2022-08-03,101.29833984375,0.01574478407982771,0.009602725429309657,71.42857142857143,59.269833229325684,0.06646401698237304,-0.31123701825797145
2022-08-04,101.26439666748048,-0.00033508126906989233,0.01017996050798271,71.42857142857143,59.130626936254814,0.06698550034919759,-0.06398864758702953
2022-08-05,98.85394287109376,-0.023803566462770376,0.008824881078184497,71.42857142857143,50.126817206658544,0.058391919809703256,0.027751754579680467
2022-08-08,100.44956970214844,0.016141256329404996,0.008616697293153796,71.42857142857143,55.01044670951212,0.056346238153009154,0.27664813578380776
2022-08-09,100.05918884277344,-0.003886336800969392,0.008187019872618917,64.28571428571429,53.62688025049361,0.05461167180506979,0.3489183447462911
2022-08-10,99.4056625366211,-0.0065313972031020295,0.007257115694295993,57.142857142857146,51.300730631616496,0.05425373804996608,0.16095285606046722
2022-08-11,97.08856201171876,-0.023309542593196952,0.004652687464184752,-50.0,44.01141249795265,0.056336612593085075,-0.24891669837695612
2022-08-12,98.07311248779295,0.010140746300839831,0.00319996155343434,-50.0,47.42950059163144,0.05683769116535872,-0.1713504748602647
2022-08-15,97.98821258544922,-0.0008656796974226832,0.001994583425076857,-50.0,47.16211934677978,0.055364742426199695,-0.30820600599044873
2022-08-16,98.39561462402344,0.004157663741635842,0.0013513433889636298,-50.0,48.65786250518613,0.05121660834348531,-0.13350957184547957
2022-08-17,97.36863708496094,-0.0104372287625486,5.913055741184261e-06,-50.0,45.18543985391859,0.05027432900681542,-0.03782045612192016
2022-08-18,97.5129165649414,0.0014817859661995225,-0.0009398355440451535,-50.0,45.77095724426884,0.05276504474204394,-0.09098983925721302
2022-08-19,95.94273376464844,-0.0161023057827141,-0.0030029584141479785,-92.85714285714286,40.678377710166195,0.05969894980707469,-0.10415361275308375
2022-08-22,95.62022399902344,-0.0033614819275019636,-0.0048575737322536375,-100.0,39.70129827820833,0.06718130777356042,-0.03979476696763384
2022-08-23,95.09397888183594,-0.005503491784257686,-0.006723354482729102,-92.85714285714286,38.09344509136554,0.07506232804994793,-0.2558755511922621
2022-08-24,94.3979949951172,-0.00731890593813056,-0.008735244826324273,-100.0,36.01598464635299,0.08428530636007081,-0.4116794057983261
2022-08-25,95.71355438232422,0.013936306457304148,-0.008936853157061168,-71.42857142857143,42.4093622650512,0.08698442134937603,-0.11582519615044262
2022-08-26,96.43502807617188,0.00753784245610345,-0.008422236144679417,-71.42857142857143,45.618614550839,0.0878258316283859,0.26049171573568725
2022-08-29,95.63721466064452,-0.008273066658903039,-0.008707446967301153,-71.42857142857143,42.77968220466474,0.083303488764852,0.46710076258784095
2022-08-30,95.87482452392578,0.002484491671201239,-0.008557173074088691,-71.42857142857143,43.89944977394847,0.08315160079579112,0.5491884444213134
2022-08-31,94.95817565917967,-0.00956089222898504,-0.009209570827113793,-64.28571428571429,40.59869740762385,0.07905010677412362,0.3442967787334407
2022-09-01,93.21968841552734,-0.018307925900893918,-0.011216856786204777,-92.85714285714286,35.19395362488151,0.07819095973903806,0.23104507403959487
2022-09-02,93.74701690673828,0.005656836020094369,-0.012007940789440006,-92.85714285714286,37.89471361597537,0.08101115891676841,0.26822365456927405
2022-09-06,91.4250030517578,-0.024768935925614355,-0.01488487886772743,-100.0,31.64158997267125,0.08592521462633676,-0.20205602674775378
2022-09-07,92.87094116210938,0.015815565349590388,-0.015227841673210063,-85.71428571428572,38.4524045718419,0.0829398745775043,-0.18457514704492672
2022-09-08,91.91835021972656,-0.01025714750451412,-0.016491971237157756,-85.71428571428572,35.913719012947475,0.08318035057454216,-0.45306122986934727
2022-09-09,92.1224594116211,0.002220548904616093,-0.016956011380710203,-42.85714285714286,36.8753865156858,0.08717097153297686,-0.4842468691719736
2022-09-12,91.3655014038086,-0.008216867120647176,-0.017958008118036183,-71.42857142857143,34.7903549318818,0.08969147051066256,-0.6039421339519282
2022-09-13,91.57809448242188,0.0023268419189610423,-0.018200369868542333,-78.57142857142857,35.886796646579924,0.08959307845861916,-0.1800385185065054
2022-09-14,91.89286041259766,0.0034371312479777316,-0.017879862153505136,-78.57142857142857,37.560792496838815,0.0848957937838604,0.19397630829341034
2022-09-15,91.83329010009766,-0.0006482583329382452,-0.017536918434609968,-78.57142857142857,37.361970916479784,0.08211945660774023,0.3948847689840079
2022-09-16,91.06777954101562,-0.008335872081329465,-0.017873251425603302,-78.57142857142857,34.811844007685764,0.07880154352626267,0.22517035911789798
2022-09-19,91.2804183959961,0.002334951571809185,-0.01759024452789093,-64.28571428571429,36.116208071752894,0.07849656732186211,0.14515932594693656
2022-09-20,90.3703384399414,-0.009970155396380243,-0.01817724763030648,-100.0,33.06661767807933,0.08039789670229873,0.1729629802121819
2022-09-21,91.8843231201172,0.016753115085232917,-0.016675418450212358,-92.85714285714286,41.861495933644896,0.07893769803343882,0.6274483013887275
2022-09-22,89.53681945800781,-0.025548467708039535,-0.018042405756472393,-92.85714285714286,34.32930169475243,0.08407983252718831,0.666577262732949
2022-09-23,89.90252685546875,0.004084435874254444,-0.018165240480191358,-100.0,36.25360939103621,0.0829345431793241,0.7252858386274941
2022-09-26,88.18444061279297,-0.019110544528273987,-0.02001903155757586,-85.71428571428572,31.572885199541624,0.08264921957770123,0.38973071315720015
2022-09-27,85.86244201660156,-0.026331159783470337,-0.023690298523944185,-92.85714285714286,26.578384715772586,0.09404033363648288,-0.383296816641754
2022-09-28,88.73731231689453,0.03348227971127482,-0.022449890084642866,-92.85714285714286,39.367104805768975,0.08730586043097041,-0.03014298887222597
2022-09-29,88.27802276611328,-0.005175833466096624,-0.02235212215853272,-78.57142857142857,38.22168172271384,0.08309728021620338,0.23353490142979227
2022-09-30,87.13826751708984,-0.0129109739129879,-0.02325952558868759,-78.57142857142857,35.46408394634377,0.08701788268036935,-0.05439198022497159
2022-10-03,88.52286529541016,0.015889663838551282,-0.021861407613837244,-64.28571428571429,41.03014424360516,0.082958504149778,-0.21074385057385547
2022-10-04,88.27561950683594,-0.002793016106619861,-0.02108360738795175,-64.28571428571429,40.360729321826774,0.0844346623692404,-0.39831262578170756
2022-10-05,87.43155670166016,-0.009561675238205725,-0.021150971716736532,-57.142857142857146,38.076796669743246,0.08369101025118968,-0.25890262407404013
2022-10-06,86.94560241699219,-0.005558110858373211,-0.021365377234318028,-50.0,36.78613106082753,0.08569246715451143,-0.2494894518465944
2022-10-07,86.1015396118164,-0.009707941307113499,-0.02218707237787346,-85.71428571428572,34.59280526790279,0.08839174346451524,-0.24856011936302366
2022-10-10,84.76300811767578,-0.015545964685130031,-0.02402757551683911,-92.85714285714286,31.39589521322568,0.09650094480985003,-0.2960897278434165
2022-10-11,85.13813018798828,0.00442553985096561,-0.024459960132548298,-92.85714285714286,33.257451311570044,0.0999176694064577,-0.3259287060263314
2022-10-12,85.55590057373047,0.004906971586288389,-0.024093256590103224,-78.57142857142857,35.36108352403285,0.09880476228441397,-0.06710300441293839
2022-10-13,84.7374267578125,-0.009566538490382914,-0.02462366914438569,-100.0,33.156209775639184,0.09829542985100753,0.055767047586631584
2022-10-14,84.03829956054688,-0.008250512483271355,-0.025444385846063837,-100.0,31.357599532445025,0.10057804986306403,-0.09181414630221708
2022-10-17,83.62907409667969,-0.004869511472829768,-0.0261527416893204,-71.42857142857143,30.320778802903863,0.10092518937879645,-0.38075471753356555
2022-10-18,83.82516479492188,0.0023447670605021287,-0.026063974482322384,-78.57142857142857,31.48972785081301,0.10123874789749164,-0.2557280749921415
2022-10-19,82.29907989501953,-0.018205569933991916,-0.027701960308854922,-85.71428571428572,27.60793306317953,0.09761214638372741,-0.41580063374818255
2022-10-20,80.89228057861328,-0.017093742945859858,-0.030170256274111615,-92.85714285714286,24.597723584648072,0.10733481575388819,-0.750335991281469
2022-10-21,79.43440246582031,-0.018022462741375755,-0.033422886370492545,-100.0,21.929263985413446,0.11892710948290781,-0.7216626684264537
2022-10-24,78.7779312133789,-0.008264319137087695,-0.036114249718909364,-100.0,20.83328398521749,0.13413653069924733,-0.7970108635338202
2022-10-25,81.07135009765625,0.029112453817368822,-0.03427296519533425,-85.71428571428572,33.36312476035977,0.14007946124178575,-0.477222521478184
2022-10-26,82.23938751220703,0.014407523905100916,-0.0316351105938204,-85.71428571428572,38.68571060946058,0.13602829693051233,-0.13521721089615601
2022-10-27,83.1004867553711,0.010470642707987698,-0.028456059821073527,-78.57142857142857,42.34206491374988,0.13047515351226563,0.1446736812835649
2022-10-28,82.52924346923828,-0.006874126836518113,-0.026629310902939664,-64.28571428571429,40.611881026467515,0.1277872907015318,0.13829837702908387
2022-10-31,81.94098663330078,-0.00712785930428117,-0.02549061014182926,-64.28571428571429,38.851298740004445,0.11959892298152267,0.23254119456174815
2022-11-01,82.70673370361328,0.009345104346123456,-0.0231959482921205,-57.142857142857146,42.35455010875065,0.10882365517924182,0.2348035818485753
2022-11-02,82.3478012084961,-0.004339821911036323,-0.021759328935532788,-50.0,41.16409039374814,0.0998064788408442,0.04060064622770364
2022-11-03,81.90337371826172,-0.005396956369352557,-0.020849640565382504,-42.85714285714286,39.677036602354534,0.09122276990591335,0.013304588256310014
2022-11-04,80.52735137939453,-0.016800557491081447,-0.02150838115897409,-35.714285714285715,35.41160467046376,0.08712132883791197,-0.304471072009401
2022-11-07,79.72395324707031,-0.00997671124856836,-0.022520795373409765,-28.571428571428573,33.16951525169508,0.08876184621673094,-0.5942732768664423
2022-11-08,80.59571838378906,0.010934795644379047,-0.021777115747257766,21.42857142857143,37.77352154214503,0.08491780407358433,-0.6999778149623208
2022-11-09,80.8606948852539,0.0032877242957627395,-0.020806466031132814,21.42857142857143,39.14580666527213,0.07662507093157869,-0.6147076579957506
2022-11-10,83.97168731689453,0.0384734812884715,-0.0161734278826704,92.85714285714286,52.4143061914891,0.07359816495662694,-0.010659107714783003
2022-11-11,83.66397094726562,-0.0036645252639456727,-0.013304257396600572,92.85714285714286,51.22458263468819,0.07236437434234365,0.19771968865295586
2022-11-14,83.45887756347656,-0.002451394327414036,-0.011080826853194402,21.42857142857143,50.40339622431894,0.07187917536896898,0.3166771932896539
2022-11-15,84.80927276611328,0.016180366212205977,-0.007770460223809058,42.85714285714286,55.465738437364266,0.07581473474281418,0.6476419787549103
2022-11-16,86.66389465332031,0.02186814986990515,-0.00340756507545718,50.0,61.30705245841798,0.09132787068274567,1.0787034104517128
2022-11-17,85.74942016601562,-0.01055196620187493,-0.0009323840289493173,50.0,57.315092363011075,0.09796798475524841,1.270308639221929
2022-11-18,85.1596908569336,-0.006877356230984177,0.0005007803609679701,50.0,54.835373952469546,0.09659183486959426,1.0683793929994205
2022-11-21,85.51863861083984,0.0042149959716184515,0.0019509973059424748,50.0,56.08089218696828,0.09108852899962921,0.7881509634861305
2022-11-22,86.73229217529297,0.014191684808921856,0.004139967483973538,78.57142857142857,60.088606383228,0.09659543201599234,0.7964651824327038
2022-11-23,88.24504089355469,0.017441585830619166,0.007096755675239883,85.71428571428572,64.44387011810994,0.10888824935476327,1.031885496924223
2022-11-25,87.94593048095703,-0.0033895435887264513,0.009148674900584316,85.71428571428572,62.980437728806926,0.11780848603178717,1.1824579652070517
2022-11-28,88.19375610351562,0.0028179316678247357,0.010827416448221121,100.0,63.71564503350392,0.12517329657488915,1.108835052199879
2022-11-29,87.15965270996094,-0.011725358338757319,0.011235809624828622,85.71428571428572,58.49526976922954,0.12658042765241734,0.7769828057220025
2022-11-30,87.8006362915039,0.00735413189031342,0.01182676463360641,85.71428571428572,60.64753225615892,0.12989165277444117,0.8656511655877929
2022-12-01,90.60548400878906,0.03194564226132579,0.014310464658330031,100.0,68.37554394423809,0.1409032041886993,1.478463190899102
2022-12-02,91.74492645263672,0.012575866199634467,0.017167453044365608,92.85714285714286,70.87756665509714,0.1520036135035706,1.93609619094037
2022-12-05,90.4598388671875,-0.014007178763314476,0.018491067898696187,92.85714285714286,64.66380673266403,0.14961429166685178,2.095201433488253
2022-12-06,91.62496185302734,0.012880002887805997,0.019897471808759216,100.0,67.45005407625236,0.14357178911502194,2.0489682622253738
2022-12-07,93.78387451171876,0.023562494488723162,0.022310759162977856,85.71428571428572,71.87528573475377,0.14549098908914382,2.1424239811964587
2022-12-08,93.52686309814452,-0.002740464871091808,0.024153701886861695,85.71428571428572,70.64398831281072,0.14140527122229818,2.1016820931500795
2022-12-09,91.09383392333984,-0.02601422836401046,0.02381872897619729,85.71428571428572,60.1405730172766,0.13828234704352202,1.5178288743353343
2022-12-12,91.38507843017578,0.003197192326771958,0.02296104542903013,78.57142857142857,60.890184455374744,0.1326387482849638,1.0223224275568572
2022-12-13,92.26751708984376,0.00965626637112571,0.022638577052361667,71.42857142857143,63.151378662536814,0.12548914447951673,0.4806916036726076
2022-12-14,92.66161346435548,0.0042712363672685605,0.022544423559618727,35.714285714285715,64.14830794062463,0.1218538363584268,0.4316911903846704
2022-12-15,93.02313232421876,0.00390149541268614,0.02251257353377519,35.714285714285715,65.08158550423114,0.12281062291148188,0.18096533783777916
2022-12-16,91.98400115966795,-0.011170674848155704,0.02165045280536743,35.714285714285715,60.228403135825396,0.11712947464077758,0.07745956289513244
2022-12-19,90.43820190429688,-0.01680508823146154,0.01951641675058771,35.714285714285715,53.801122928927,0.10571599520811745,-0.06137125332771263
2022-12-20,88.8322982788086,-0.017756916785980237,0.016203326422108973,35.714285714285715,48.06278776404116,0.0951381835190667,-0.12741857360488557
2022-12-21,89.0555648803711,0.0025133493772924176,0.013313557532876354,28.571428571428573,48.879147589429046,0.0885013343767047,-0.13802621053929454
2022-12-22,89.03839874267578,-0.00019275760833559197,0.010916326426700635,-71.42857142857143,48.81561518828499,0.08672505849543262,-0.16121600726530202
2022-12-23,87.7330551147461,-0.014660457132682492,0.00785743880279191,-85.71428571428572,44.11949577898819,0.08739892749897414,-0.3133824098022806
2022-12-27,85.998291015625,-0.019773209730952535,0.003740694711093193,-92.85714285714286,38.78012776135643,0.09562895413211672,-0.6353726255113112
2022-12-28,85.49163818359375,-0.00589142907431961,-0.00012217651784134212,-100.0,37.35812916806337,0.1025383834728312,-0.8917338345056319
2022-12-29,86.4620590209961,0.011351061437357979,-0.00223376546252844,-92.85714285714286,41.76290637171542,0.1067028997402579,-0.8110052792395527
2022-12-30,85.50019836425781,-0.011124655919941828,-0.004804649617093106,-57.142857142857146,38.847125725690134,0.11680521674962566,-0.9214987090657609
2023-01-03,87.13188171386719,0.01908397150914065,-0.005124273369325038,-57.142857142857146,45.764710657937385,0.1192373736790828,-0.9443661757135318
2023-01-04,88.3255844116211,0.01369995315462047,-0.0042358824298572365,-57.142857142857146,50.202720113487054,0.12013732466105022,-0.856573422727023
2023-01-05,88.69488525390625,0.004181131036327113,-0.003198923309517831,-57.142857142857146,51.52431699377264,0.11919996387671472,-0.5286145955890427
2023-01-06,90.32656860351562,0.018396588990879925,-0.0008801286454944144,-57.142857142857146,56.9594643027372,0.11189803529797517,0.029432044248150026
2023-01-09,90.80744171142578,0.0053237172112772235,0.0013190086469646025,-50.0,58.438431703566806,0.10506813572065299,0.49860484997975135
2023-01-10,89.30459594726562,-0.01654980842799214,0.0017317438334371609,50.0,52.38056495631434,0.1035689420000889,0.5569586711328202
2023-01-11,90.75592803955078,0.016251482657646976,0.003261398327000221,50.0,57.014791609059735,0.10246137672430836,0.7815845991760328
2023-01-12,92.54222869873048,0.019682468107220963,0.005898392213311027,71.42857142857143,61.92605627701852,0.10330636290086298,1.2256420681590947
2023-01-13,91.67484283447266,-0.009372865517228712,0.007266936340915443,71.42857142857143,58.4347499351883,0.10045209196981188,1.1894538442398752
2023-01-17,91.08229064941406,-0.006463629134641713,0.007747076372195882,71.42857142857143,56.10754439013873,0.09465475026977292,1.0902483447067732
2023-01-18,93.28934478759766,0.024231429869048693,0.009695973071900826,92.85714285714286,62.15344463185974,0.09939079110797477,1.3432607545678246
2023-01-19,92.70539093017578,-0.006259598657825549,0.010824402901918356,92.85714285714286,59.806152250934744,0.10460659254134654,1.3633939742814496
2023-01-20,91.20252227783205,-0.01621123256441115,0.010412896533188148,78.57142857142857,54.139301058728286,0.10609316012580755,0.957485347043695
2023-01-23,90.77312469482422,-0.0047081766192796914,0.009501230813726723,78.57142857142857,52.60556410498217,0.10682302555984757,0.6439089034136352
2023-01-24,92.0784683227539,0.014380287472951947,0.009648491827114412,71.42857142857143,56.62807200971015,0.10955786504912927,0.6387113431465306
2023-01-25,92.30175018310548,0.0024249084983574143,0.009928805586086059,57.142857142857146,57.295730107488396,0.11055346106498189,0.6531510026644521
2023-01-26,91.87237548828124,-0.004651858648102136,0.009727725825435952,57.142857142857146,55.52559545317901,0.10462261295560302,0.5572182875202204
2023-01-27,91.6405029296875,-0.002523855047411039,0.009244971397911552,50.0,54.54556164812586,0.09392284284794075,0.5540620978192183
2023-01-30,91.30558776855467,-0.0036546630630104326,0.008481562300232448,35.714285714285715,53.08804115484512,0.08490384500954089,0.3687361280391311
2023-01-31,92.0355224609375,0.00799441425461378,0.008331351955771803,35.714285714285715,55.85660692285467,0.0674813184819811,0.4486676769854854
2023-02-01,93.14191436767578,0.01202135737544019,0.009021936707887293,92.85714285714286,59.73546291292674,0.0579932967709262,0.6914940915208839
2023-02-02,93.262451171875,0.0012941198923976938,0.009628489526763907,100.0,60.14633025943328,0.05252007569343766,0.5335616762077673
2023-02-03,91.86761474609376,-0.014956034376693239,0.008943808153875318,50.0,53.36072032035432,0.04405775735139048,0.4933705937125247
2023-02-06,91.18743896484376,-0.007403868960023541,0.007656985755884656,50.0,50.37611443785105,0.0422097125641536,0.3610529099586477
2023-02-07,90.45564270019533,-0.0080251871634488,0.005916560308478474,-21.42857142857143,47.310108717736675,0.043081543147211014,-0.0017715357753642896
2023-02-08,90.8861083984375,0.004758859540348492,0.0047938317896990545,-28.571428571428573,49.26615495871547,0.036769048186522005,0.06768973425898105
2023-02-09,90.02511596679688,-0.009473311673397933,0.0031557150448337863,-35.714285714285715,45.61830920409016,0.03932731740461333,-0.19928364462519657
2023-02-10,89.01774597167969,-0.011189877228136247,0.0009180400207424712,-42.85714285714286,41.72549516658511,0.04643848806114169,-0.45529168153266536
2023-02-13,89.76685333251953,0.008415258695475991,-0.00020057482060447139,-42.85714285714286,45.45313549153519,0.049605424295491196,-0.3846980388613422
2023-02-14,89.5602035522461,-0.0023020722304696317,-0.0012552251492395788,-42.85714285714286,44.60548035784006,0.05287444295032383,-0.31189095912718184
2023-02-15,88.72502899169922,-0.009325286538229727,-0.0028372062494787294,-64.28571428571429,41.256770139953666,0.05541636818045274,-0.32059965526393874
2023-02-16,87.46795654296875,-0.014168183014604319,-0.005239520029381114,-71.42857142857143,36.780882037250976,0.06383424417759345,-0.4333289686878835
2023-02-17,88.14817810058594,0.00777680861085428,-0.00636018410579453,-78.57142857142857,40.539981378122505,0.06918491870995218,-0.09830998543728608
2023-02-21,86.43479919433594,-0.01943748518880173,-0.008921371930199611,-85.71428571428572,34.909263535650446,0.08096985811965458,-0.2542824420189015
2023-02-22,87.2269287109375,0.009164474540174217,-0.009905704777955127,-85.71428571428572,39.11931327489832,0.0856649292020693,-0.30526520819914327
2023-02-23,88.07931518554688,0.009772056487671543,-0.009752654461331061,-85.71428571428572,43.364363781804144,0.08596439999465474,-0.16427903341080716
2023-02-24,86.93418884277344,-0.0130010813590129,-0.010773903394725956,-78.57142857142857,39.39063817402768,0.08942451223657998,-0.21821193784977
2023-02-27,87.17526245117188,0.0027730586965553083,-0.011098608519172295,-50.0,40.624184405016464,0.09131276793855311,-0.2644385049531577
2023-02-28,87.5712890625,0.004542878337188139,-0.010838238513146616,-85.71428571428572,42.68776964906873,0.09192432012496153,0.013241632555113632
2023-03-01,86.63050842285156,-0.010743026050204607,-0.011530926720243731,-92.85714285714286,39.202213374406256,0.0920868696177693,0.0442467739259587
2023-03-02,85.86234283447266,-0.008867148564215,-0.01266970457248326,-100.0,36.576079017591645,0.08833258343681151,0.3010816384416206
2023-03-03,87.94246673583984,0.024226265353337606,-0.011134377107164998,-78.57142857142857,46.941368530718876,0.07592052378956445,0.9196861300872765
2023-03-06,87.26058959960938,-0.007753673072176559,-0.010741199746637122,-78.57142857142857,44.38086310104416,0.06873996305108493,0.8499335228653349
2023-03-07,87.79569244384766,0.006132239613479307,-0.009693952988075384,-78.57142857142857,46.831830188839,0.062164697178590675,0.7785521565690725
2023-03-08,87.88204956054688,0.000983614506536945,-0.008727230057923027,-71.42857142857143,47.2359377864339,0.057438220920123295,0.5053147636335573
2023-03-09,88.0978012084961,0.002455013839891995,-0.007663178858647755,28.571428571428573,48.29332149971028,0.049181734158304964,0.4357986079254296
2023-03-10,91.13595581054688,0.03448615697979296,-0.003874294085956219,42.85714285714286,60.34468590764342,0.055046053122554686,0.9985463034546845
2023-03-13,91.34312438964844,0.0022731816137664396,-0.0008784593657517442,50.0,61.01198329174481,0.06380716850534845,0.5820532344226272
2023-03-14,89.84127807617188,-0.016441810191099138,0.0001629122992835461,50.0,53.927407372014734,0.06401475688036687,0.005003164039765598
2023-03-15,91.57611846923828,0.019310059142252145,0.0024809468482447274,50.0,59.742588879362266,0.07148665752610511,-0.4453323115475627
2023-03-16,90.85975646972656,-0.007822585314667507,0.0036759473989488554,50.0,56.5675732416077,0.07610387744755866,-1.0792944591523421
2023-03-17,92.22346496582033,0.015008938490256085,0.005667220404872675,50.0,60.83471269922289,0.08474950020641471,-1.4111209990062903
2023-03-20,91.4121322631836,-0.008797464972037483,0.006561268120812734,50.0,57.23204564096118,0.08917155525289538,-1.64873378506898
2023-03-21,90.6267318725586,-0.008591861618146734,0.0065181644827836185,50.0,53.904135672633345,0.08781664826846931,-1.5790982897875774
2023-03-22,91.83509063720705,0.013333359150009771,0.007331439773667818,50.0,57.954901526104216,0.09041691473141547,-1.0634962375732198
2023-03-23,91.83509063720705,0.0,0.007952267279519644,42.85714285714286,57.954901526104216,0.09334323107524786,-0.47703743784158625
2023-03-24,92.22346496582033,0.004229040619642355,0.008648829581585202,28.571428571428573,59.288473768557225,0.09393960748701219,-0.1973497531640179
2023-03-27,90.05707550048828,-0.02349065355693314,0.00742271084778385,28.571428571428573,49.79991085160159,0.09064309087365813,-0.3467691474754169
2023-03-28,90.2210922241211,0.0018212530522592196,0.006348205412395085,14.285714285714286,50.44651818612954,0.08794623833159627,-0.2507585923886599
2023-03-29,90.03980255126953,-0.002009393462021225,0.0052949305748699925,14.285714285714286,49.68473957891722,0.08148119193857366,-0.04062623046623961
2023-03-30,90.45408630371094,0.004601117957866663,0.0047445704050683045,-85.71428571428572,51.487590998525214,0.06954677294643521,0.1144551385154155
2023-03-31,91.80918884277344,0.01498110913986328,0.0053925946316963685,-85.71428571428572,56.92447127100885,0.06687753856225645,0.4049675270680112
2023-04-03,92.240966796875,0.0047029928000017485,0.006239541503256878,-64.28571428571429,58.519660537081975,0.060601391908529575,0.5542678618552593
2023-04-04,92.69959259033205,0.004972040183262472,0.00721254388884569,28.571428571428573,60.20539250423701,0.055948932793700445,0.6479285373731345
2023-04-05,93.66870880126952,0.010454374003781242,0.008660288439146064,35.714285714285715,63.57406644748658,0.052798966360616616,0.8375517788606828
2023-04-06,93.91100311279295,0.0025867156131884617,0.009934982121596509,42.85714285714286,64.38579358674093,0.04878691059091492,0.7546406992660618
2023-04-10,92.39673614501952,-0.016124489331188485,0.009708216476712354,42.85714285714286,55.988453182195244,0.04932770770716995,0.5010875706989888
2023-04-11,92.58708953857422,0.002060174433607065,0.009437251113493313,42.85714285714286,56.75204305512197,0.05017675038038975,0.4728967698471644
2023-04-12,92.49188232421876,-0.0010282990299180783,0.009060334257073368,42.85714285714286,56.22659567027032,0.04738870397223829,0.5613599957858454
2023-04-13,91.76506042480467,-0.007858223674876763,0.008090879527417875,42.85714285714286,52.24944328862225,0.047348740513833275,0.3317519524430522
2023-04-14,90.92568969726562,-0.009146953357338616,0.006512808498311681,42.85714285714286,48.0246528245246,0.047230912121572814,0.15860776091811946
2023-04-17,89.84408569335938,-0.01189547208833297,0.0042452630094411276,42.85714285714286,43.17957236111381,0.050436107023954735,-0.10752993230878388
2023-04-18,90.16422271728516,0.003563250952526964,0.0026337512962314436,42.85714285714286,44.94987441947835,0.05239753340873994,-0.2052370745262895
2023-04-19,90.07772827148438,-0.0009592989679729769,0.0012776665336826326,42.85714285714286,44.54605322561249,0.05362257673130023,-0.097560090919175
2023-04-20,90.84783172607422,0.008549321451234215,0.0008731971736536005,-57.142857142857146,48.944027766136394,0.05399535356710813,-0.06419267946657053
2023-04-21,90.33729553222656,-0.0056196849627301315,0.0001071479437237449,-57.142857142857146,46.32124328483033,0.055062540981780116,-0.20066391722412488
2023-04-24,91.21127319335938,0.009674605111695378,0.00027102089846818924,-57.142857142857146,51.14747727560767,0.054554442051285214,-0.07279541897735044
2023-04-25,92.55245208740234,0.014704091359406757,0.0015473507745164966,-57.142857142857146,57.467237209409646,0.05384124842002604,0.17502191924497087
2023-04-26,91.56602478027344,-0.010658035361368556,0.001700679954569303,-57.142857142857146,52.12612071397199,0.05222301169284428,0.038047029619577344
2023-04-27,90.65747833251952,-0.00992230961138818,0.001006835488268265,-57.142857142857146,47.72628839957903,0.050780292392180036,-0.1825225506656781
2023-04-28,92.11981964111328,0.016130399118648553,0.00169776766373838,-50.0,54.39818282631962,0.04958043251802483,-0.12377942215800802
2023-05-01,89.46358489990234,-0.028834562980684098,-6.993903336360933e-05,-85.71428571428572,43.53000105309341,0.05395779334315796,-0.4826938151248881
2023-05-02,91.69300842285156,0.024919899257822564,0.0004823025131425807,-85.71428571428572,52.16780970720745,0.053580761048856854,-0.11222534111961688
2023-05-03,92.20486450195312,0.005582280349457847,0.00134593847540301,-85.71428571428572,53.91091590538901,0.05278193239408278,0.24088591858015068
2023-05-04,91.2939910888672,-0.009878799974448516,0.0012334684553998107,-21.42857142857143,50.391612737419656,0.04827981242010433,0.029311372375831903
2023-05-05,90.9903564453125,-0.0033258995464349184,0.0008583138068514626,-21.42857142857143,49.23774480943122,0.04136441099399095,0.1702843159423941
2023-05-08,89.7152099609375,-0.014014083845702907,-0.0005746021164314483,-21.42857142857143,44.61719604593488,0.042268033315422164,0.006251404535858473
2023-05-09,89.39420318603516,-0.0035780641325157125,-0.001992826920032734,-21.42857142857143,43.51025165519853,0.04274114541433145,-0.3192310606788063
2023-05-10,90.2616958618164,0.00970412672034171,-0.002283368382273951,-21.42857142857143,47.31435358197533,0.04036740634306308,-0.2876045583690899
2023-05-11,91.2159194946289,0.010571745009902545,-0.0016393244262358421,-21.42857142857143,51.206702040164075,0.039513184753069815,-0.22611817299823778
2023-05-12,90.4525146484375,-0.008369206279133734,-0.0018176053516345706,-21.42857142857143,48.142366868994316,0.0396694611342306,-0.39485038793794736
2023-05-15,89.51567840576172,-0.010357216118501378,-0.0027807482823951238,-21.42857142857143,44.613997427341005,0.04056258628188249,-0.6225629654791915
2023-05-16,89.24673461914062,-0.0030044322001561152,-0.0037396598144635402,-100.0,43.62551334677981,0.04284476307453038,-0.21404875792756162
2023-05-17,88.98648071289062,-0.002916116845738226,-0.004688056871623145,-64.28571428571429,42.64094518204387,0.04570252546492433,-0.17450309320950533
2023-05-18,88.32719421386719,-0.007408838890376912,-0.006004614543280478,-78.57142857142857,40.167825309311475,0.051028438091515825,-0.42776794187573436
2023-05-19,87.70263671875,-0.007070953636373223,-0.007557766607778471,-85.71428571428572,37.92387138500484,0.05806534001257066,-0.7611125016575858
2023-05-22,87.39028930664062,-0.0035614369623917508,-0.008971046312574641,-92.85714285714286,36.81616580451612,0.06450490673908159,-1.0930893082359352
2023-05-23,87.64189910888672,0.00287915058117294,-0.009697322901029221,-100.0,38.37760325702189,0.06481251177531425,-0.9393300683614926
2023-05-24,87.20813751220703,-0.004949249172941594,-0.010623400267058688,-92.85714285714286,36.694066195939804,0.0681920236904747,-1.0750740391301614
2023-05-25,86.99126434326172,-0.0024868455528586075,-0.011416878388810933,-71.42857142857143,35.84734346417336,0.07277560046695657,-1.1487122236906697
2023-05-26,87.69392395019531,0.008077358252444045,-0.011153255838230854,-78.57142857142857,40.62762675409396,0.07031489468448875,-0.8589090962026757
2023-05-30,88.57007598876953,0.00999102331276469,-0.009994423912956605,-78.57142857142857,46.02803272381312,0.07076944555000783,-0.40920468234061924
2023-05-31,89.3421401977539,0.00871698709033808,-0.008291403331869887,-78.57142857142857,50.31659734898407,0.06655801176241387,0.061056781294791404
2023-06-01,89.69268035888672,0.003923570225169426,-0.006591453178185981,-78.57142857142857,52.17470311275591,0.059401614052622904,0.2378430566486718
2023-06-02,88.70982360839844,-0.010958048600572368,-0.006151409238048676,-71.42857142857143,46.88063296060851,0.0549924980473913,0.03358634084048554
2023-06-05,88.5445556640625,-0.0018630173932652205,-0.005838821512621934,21.42857142857143,46.03477237408652,0.05097052286200109,-0.06124508919036933
2023-06-06,89.06640625,0.00589364960977834,-0.005018654908454248,21.42857142857143,49.15438764879736,0.05023888527414039,0.08771593580520637
2023-06-07,87.7443618774414,-0.014843355965747151,-0.005613086987896937,21.42857142857143,42.458126381668926,0.05090602655499697,-0.18309546928867207
2023-06-08,88.77067565917969,0.011696635086044571,-0.004964467486380645,21.42857142857143,48.34155199234857,0.04838670919731051,0.02855463974027882
2023-06-09,88.64891815185547,-0.0013715960413739348,-0.0045662365851488335,21.42857142857143,47.718203910377596,0.040462637460150296,0.19076814668254077
2023-06-12,88.90985107421875,0.0029434417001716895,-0.003950420928747935,21.42857142857143,49.22912742079006,0.035482585168643915,0.4827043859656532
2023-06-13,88.03137969970703,-0.009880472904834847,-0.004263738219401555,21.42857142857143,44.56014737311641,0.03386632456733269,0.3156396166942397
2023-06-14,88.73590087890625,0.008003068696667892,-0.003761216596194132,21.42857142857143,48.757552308415825,0.03286683044989771,0.3670946181405111
2023-06-15,89.58830261230469,0.009606052623071681,-0.0025602735644376113,21.42857142857143,53.35868291978804,0.0345692132673146,0.2688275568705557
2023-06-16,89.24039459228516,-0.003883408992858217,-0.0019355289313351335,21.42857142857143,51.332709770630004,0.03560499247890208,0.31359938559190265
2023-06-20,89.85794830322266,0.006920114077923367,-0.0008582083916191557,57.142857142857146,54.62600441170703,0.03746151166106629,0.23138827961365532
2023-06-21,90.07537841796876,0.0024197093173372597,0.00017779951849570953,57.142857142857146,55.761087127381025,0.03846219536278599,0.4306709061126686
2023-06-22,88.98815155029297,-0.012070189287807787,2.3253948924772885e-05,57.142857142857146,49.14118893721181,0.03708563163174748,0.19342166034992125
2023-06-23,89.87533569335938,0.009969688409192434,0.000688641533403556,78.57142857142857,53.94589378729716,0.03519291184461424,-0.014274427823130856
2023-06-26,89.97099304199219,0.001064333700618203,0.0012858242363351744,78.57142857142857,54.445606082951855,0.031068110789159418,-0.12296903378176395
2023-06-27,89.73616027832031,-0.0026100941618180107,0.0015354177335591276,78.57142857142857,52.92730979295265,0.028697617118735648,-0.2388024586379629
2023-06-28,90.11885833740234,0.00426470285663072,0.002042328526916875,78.57142857142857,55.12362040915391,0.02974355139494444,-0.0717942232266667
2023-06-29,88.49234771728516,-0.018048504498665352,0.0009995893019945571,71.42857142857143,45.42325082487725,0.030450963612634045,-0.20495616249744997
2023-06-30,89.53608703613281,0.011794684464493832,0.001070091658998699,50.0,51.34072056087198,0.030204922643636906,0.12708475805468614
2023-07-03,89.02853393554688,-0.005668698704480057,0.0006738792813399909,50.0,48.582179213413376,0.029910372591450088,0.02974535475476181
2023-07-05,88.18254089355469,-0.009502493241151821,-0.00041094135392327383,50.0,44.30874541118435,0.030846909890163098,-0.18193781367639777
2023-07-06,86.93538665771484,-0.014142870268903707,-0.0024237389036781123,-57.142857142857146,38.879288880819146,0.03763816273674728,-0.5567614616324374
2023-07-07,86.4120864868164,-0.006019415004833384,-0.004475599028338665,-64.28571428571429,36.839451899568786,0.043974484873012476,-0.9386181209623747
2023-07-10,86.52545928955078,0.0013120016810572732,-0.005908265278784464,-71.42857142857143,37.60325561848389,0.05008692874629665,-0.9829073487064851
2023-07-11,86.97026062011719,0.0051406988673461385,-0.0065243644369907955,-71.42857142857143,40.63643257682138,0.053403686605766734,-0.8429208736853528
2023-07-12,87.93836975097656,0.011131496260406104,-0.0060015966211601135,-71.42857142857143,46.70850124142725,0.054006801733015655,-0.4469226408928433
2023-07-13,88.86280059814453,0.010512258184746548,-0.004691992545411847,-71.42857142857143,51.78044761359642,0.05353276337416673,0.11063296673561884
2023-07-14,88.33951568603516,-0.005888683550226759,-0.0041556186582564925,-71.42857142857143,48.94097426707197,0.053699402907134104,0.11491067076128676
2023-07-17,88.38313293457031,0.0004937456153844,-0.0036250728533429692,-57.142857142857146,49.19107601681113,0.05308828039191271,0.22633488935709575
2023-07-18,88.78433990478516,0.00453940652354845,-0.0027948933917818827,-57.142857142857146,51.54234072485643,0.052794816318803804,0.2358315602598735
2023-07-19,89.78726959228516,0.011296245357858892,-0.001210650822099301,-50.0,56.91043724112951,0.05263672420672237,0.5583055840515141
2023-07-20,88.6971206665039,-0.012141464271399505,-0.000960307379237934,-28.571428571428573,50.37768592827215,0.050571961204066075,0.47330916072276585
2023-07-21,88.72328186035156,0.0002949497531721246,-0.0007178272897340844,-28.571428571428573,50.52446061167196,0.05042755658436006,0.22231091094778405
2023-07-24,88.40058135986328,-0.003637156941468933,-0.00081299204514387,-28.571428571428573,48.61432093221695,0.048615003285727126,-0.09292280627952779
2023-07-25,88.23485565185547,-0.0018747128747170771,-0.0010277098604841407,50.0,47.618650856839146,0.04620854099032959,-0.20305943824294048
2023-07-26,88.32207489013672,0.0009884896126015619,-0.0011030836576802745,50.0,48.21971764955088,0.04412785351928248,-0.25537137205053795
2023-07-27,86.60397338867188,-0.019452685000912573,-0.0027557494459540823,50.0,38.77971914049376,0.04326003345904169,-0.591128773928007
2023-07-28,87.04874420166016,0.005135685992052386,-0.003573984007328174,50.0,41.94808938877934,0.044487015766997984,-0.3834612448039461
2023-07-31,87.25808715820312,0.002404893470467462,-0.003983929144407658,-42.85714285714286,43.43203479174138,0.042553577038760594,-0.18651847899223964
2023-08-01,85.82818603515625,-0.016387032647809385,-0.0056665132007897015,-64.28571428571429,36.55794078313996,0.04610033716710988,-0.31307316616798864
2023-08-02,84.90991973876953,-0.010698889709851112,-0.007805179666517767,-71.42857142857143,32.95113326119818,0.05422268853747916,-0.04028184076705271
2023-08-03,82.95091247558594,-0.023071594805537443,-0.011448415223492435,-78.57142857142857,26.86227210712438,0.07159316165888373,-0.06960710094138421
2023-08-04,84.42015838623047,0.01771223325695126,-0.01239542476997818,-78.57142857142857,36.36036710290475,0.07723758948370693,0.3013073767073842
2023-08-07,83.58934020996094,-0.009841466684633038,-0.01407583240126863,-78.57142857142857,33.69557064597392,0.08576938429250569,0.11691616872239687
2023-08-08,84.56010437011719,0.01161349231514297,-0.014045902815314525,-78.57142857142857,39.29392477769844,0.08987267996796372,-0.08732932793674153
2023-08-09,84.99734497070312,0.005170767040117985,-0.013506667901347965,-64.28571428571429,41.682337441589304,0.0918756551031178,-0.04164021628153505
2023-08-10,83.59807586669922,-0.0164625036756878,-0.014539482336717074,-64.28571428571429,36.70529469370663,0.09557747475663544,-0.41340737671965955
2023-08-11,83.40568542480469,-0.0023013740436000907,-0.015224473379892413,-57.142857142857146,36.06761345039694,0.09950691051382118,-0.6784753669887236
2023-08-14,83.22203063964844,-0.002201945637408942,-0.01577175514460995,-42.85714285714286,35.43475325600895,0.10251801469994558,-0.8363145392355963
2023-08-15,82.71480560302734,-0.006094840905978116,-0.01658174047515943,-42.85714285714286,33.677196256108886,0.10456803715972522,-1.0578763293312063
2023-08-16,82.0676040649414,-0.007824494458610554,-0.017714386486450285,-100.0,31.528352563501937,0.10295304203859926,-1.256402664880413
2023-08-17,81.71780395507812,-0.004262340954738764,-0.018717256271611603,-92.85714285714286,30.39934159823854,0.10408588342746537,-1.0834891770091761
2023-08-18,82.00641632080078,0.0035318174467990904,-0.018881841386470644,-92.85714285714286,32.54562315027371,0.10156694886540502,-0.8988980251992714
2023-08-21,80.91322326660156,-0.013330579523469943,-0.020179636581571216,-100.0,28.90918797445442,0.10159423467080034,-0.7049381740492018
2023-08-22,81.53414916992188,0.0076739731560862,-0.020000935034227934,-64.28571428571429,33.45710514596891,0.09717547124378302,-0.35732447020782676
2023-08-23,83.55435180664062,0.024777380487635003,-0.017347041896896814,-64.28571428571429,45.641555240676304,0.08576044433766145,0.22981831695477947
2023-08-24,83.00341033935547,-0.006593809363276915,-0.016081010859247406,-64.28571428571429,43.31233247383201,0.0807681069482154,0.22211559284099225
2023-08-25,83.27449798583984,0.003265982028642478,-0.01450771947263417,-64.28571428571429,44.80492033581239,0.0719324240823561,0.30641210946572733
2023-08-28,83.36195373535156,0.0010502104681147095,-0.013053281892819978,-64.28571428571429,45.305254599508025,0.05884594003908864,0.3352273084373319
2023-08-29,84.22775268554688,0.010386020377400884,-0.0108358784588307,-50.0,50.1253244934988,0.05299690904088155,0.5415119858012006
2023-08-30,84.14030456542969,-0.0010382340419750058,-0.009172581419633714,-50.0,49.64939806222174,0.05071664391924242,0.6369055949341225
2023-08-31,84.51634216308594,0.004469173241033797,-0.00736663620590602,57.142857142857146,51.77002904842241,0.05253060400999145,0.5388082699413311
2023-09-01,83.19972229003906,-0.015578287457191142,-0.0072554868359500395,57.142857142857146,44.675216552113234,0.050935354719093426,0.21015156426754533
2023-09-05,82.03309631347656,-0.014021993637137076,-0.008228327355244676,57.142857142857146,39.50855956895769,0.052137297237798946,-0.24178615914475973
2023-09-06,82.23482513427734,0.002459115038519366,-0.0085985990079658,57.142857142857146,40.783835687262325,0.050350058485164176,-0.42840124987302886
2023-09-07,82.46289825439453,0.0027734371629632992,-0.008561534695835074,57.142857142857146,42.26578850539268,0.04545394818349398,-0.32973898802611695
2023-09-08,82.7786636352539,0.0038291812141413306,-0.008117017477086432,57.142857142857146,44.342577104819405,0.04473609065062544,-0.3550695102147835
2023-09-11,82.18221282958984,-0.007205368865245143,-0.008336690801116261,57.142857142857146,41.3191128441713,0.04474981319089817,-0.401114897282456
2023-09-12,82.6558837890625,0.005763667625436675,-0.007862542660391896,50.0,44.552464707619436,0.04447471999706959,-0.16037454775639792
2023-09-13,82.6383285522461,-0.00021238943934354104,-0.007457414281346441,-21.42857142857143,44.454698541766646,0.044486928897182164,-0.019183167870507587
2023-09-14,82.04185485839844,-0.0072178818751222895,-0.0076849672429091355,-64.28571428571429,41.15053439761073,0.04453291896415851,-0.18312073775032917
2023-09-15,81.5418701171875,-0.006094264227373913,-0.008269743086212818,-71.42857142857143,38.56311856539936,0.045038145573558626,-0.562665070681717
2023-09-18,82.00676727294922,0.005701330556848738,-0.008095776548682135,-78.57142857142857,42.2021614318488,0.045037490463146194,-0.48031445602379336
2023-09-19,81.40155029296875,-0.007380085816163007,-0.008555816196556099,-85.71428571428572,38.9663264087732,0.042988379870997635,-0.7264708462074678
2023-09-20,81.65589904785156,0.003124618068911511,-0.008495781810720233,-85.71428571428572,41.0132851167969,0.04260375713900795,-1.0655948992108897
2023-09-21,79.5594711303711,-0.02567393099489279,-0.01069546574965362,-100.0,31.604667827637723,0.05334102424261033,-1.7672061930861125
2023-09-22,80.19979858398438,0.008048412646735725,-0.011387891228622193,-100.0,36.40355929084749,0.05858677568918748,-1.7092588770538357
2023-09-25,78.22615051269531,-0.024609139999550944,-0.014179587328105462,-78.57142857142857,29.52680899592306,0.07268848027673454,-2.0010661129567815
2023-09-26,77.9542236328125,-0.003476163381434416,-0.016314128458404787,-85.71428571428572,28.721768562557852,0.08410464136052744,-2.2010932358531288
2023-09-27,77.55075073242188,-0.005175767028238298,-0.018269260211404896,-92.85714285714286,27.52271293087099,0.09197648764512088,-2.358825192459237
2023-09-28,77.78759765625,0.0030540893749091413,-0.019224019546634837,-100.0,29.386322978323502,0.09582574064996546,-1.516321807677646
2023-09-29,77.7963638305664,0.00011269372728461846,-0.019785335398858545,-78.57142857142857,29.458620614767433,0.09542683641395028,-1.1480715885149564
2023-10-02,76.4940185546875,-0.016740438906827304,-0.021700023566337,-92.85714285714286,25.312261272304404,0.10314315638994273,-1.185689198138161
2023-10-03,74.8485107421875,-0.02151158801159836,-0.024941479430900602,-100.0,21.243681744851845,0.11916613681058168,-1.6350318707756002
2023-10-04,75.90447235107422,0.014107984225951276,-0.025340158038924584,-92.85714285714286,29.117473388294783,0.1259269666233698,-1.1427968346210102
2023-10-05,75.52607727050781,-0.004985148685524687,-0.026163691422430444,-64.28571428571429,28.035806338389648,0.13135134744264454,-0.9712637452993205
2023-10-06,74.61092376708984,-0.012117053294588676,-0.02771369095740072,-85.71428571428572,25.562507911668312,0.13698332135725172,-0.8406445560600639
2023-10-09,76.3620376586914,0.023469939831705533,-0.025881148178076782,-85.71428571428572,37.01289676744107,0.13590797957353648,-0.45472720244013826
2023-10-10,76.25643157958984,-0.0013829657031100284,-0.024792980179824613,-85.71428571428572,36.646776733543746,0.1316422573389032,-0.06058305619509257
2023-10-11,77.8491439819336,0.02088626977885033,-0.02151430939010026,-71.42857142857143,45.41613526980109,0.12299696315555886,0.607004672564366
2023-10-12,75.73725128173828,-0.027128014415745083,-0.021854715189612562,-71.42857142857143,37.92073214808699,0.11821803140724914,0.2989321275823998
2023-10-13,77.09239959716797,0.01789275808794022,-0.019623871718710714,-64.28571428571429,44.27590685343071,0.11104059715024558,0.2752056863845673
2023-10-16,75.8516616821289,-0.016094166500489115,-0.019551949268968867,-50.0,40.21649570121586,0.10111302446234775,0.3277444887023671
2023-10-17,75.01571655273438,-0.011020788613672283,-0.02012220673995957,-50.0,37.70801021428038,0.09328504780792511,0.4526921112661564
2023-10-18,74.35574340820312,-0.008797798312934924,-0.021056039218571243,-92.85714285714286,35.80897743069893,0.08157602954031158,0.6944421462469036
2023-10-19,72.83343505859375,-0.02047331221277826,-0.02352257247939238,-100.0,31.82735199245958,0.08614939268810302,0.07413028856843498
2023-10-20,73.24700927734375,0.005678356628618264,-0.02425148970069512,-42.85714285714286,33.97523613482356,0.08098147071895721,-0.08430056002456421
2023-10-23,74.126953125,0.012013375786094072,-0.023410692654601512,-57.142857142857146,38.420743304842624,0.07968403644848304,0.1043533296055766
2023-10-24,75.10372924804688,0.013177070982530958,-0.021377850190869695,-57.142857142857146,43.008000704632785,0.07605676003701607,0.4795622350127257
2023-10-25,73.4317855834961,-0.02226179287354446,-0.022046761763645867,-57.142857142857146,37.8152556920539,0.0771926252012958,0.4313956698766135
2023-10-26,74.55814361572266,0.015338834855729289,-0.020401690719583827,-57.142857142857146,42.82370472712263,0.07286250746965639,0.6528515947236563
2023-10-27,74.24134826660156,-0.004248970451220968,-0.019563339426439265,-57.142857142857146,41.80388577546309,0.06761257542301097,0.68869035771829
2023-10-30,73.90696716308594,-0.004503974016135337,-0.019060500494359537,-57.142857142857146,40.70208490450852,0.06722351724757816,0.6847065993182703
2023-10-31,73.54619598388672,-0.004881423132992668,-0.01886145012323493,-57.142857142857146,39.49266343027719,0.06948542587207628,0.39840177018051176
2023-11-01,75.14085388183594,0.021682398071255715,-0.016333500209102507,-50.0,46.990486890901714,0.0686328573409272,0.6658904415212504
2023-11-02,76.85379791259766,0.02279644084768373,-0.012379655881498771,-42.85714285714286,53.636533759229955,0.07184494503102921,0.9282534208255699
2023-11-03,77.374755859375,0.006778558261620438,-0.008825493860237375,64.28571428571429,55.465276124262054,0.07655972653054882,0.49838247084262655
2023-11-06,76.62422943115234,-0.009699887513528349,-0.0068458059662314255,64.28571428571429,52.266748416087395,0.07719479574244284,0.19166194183401508
2023-11-07,77.75442504882812,0.014749846439777503,-0.0039146595955035085,64.28571428571429,56.34896288163452,0.08193845314511285,0.055596271925275
2023-11-08,79.07888793945312,0.017033923018442643,-0.00028779340168545324,85.71428571428572,60.60129877589242,0.08839636473106623,0.2791777355289832
2023-11-09,77.25996398925781,-0.02300138504208571,0.0006866039173919139,85.71428571428572,52.96963227181589,0.0910963912550224,0.16655794984834366
2023-11-10,77.69261932373047,0.00559999399602118,0.001883679084854024,85.71428571428572,54.439368474969726,0.09290359555662082,0.03730916642752414
2023-11-13,77.51603698730469,-0.0022728328374410633,0.002627751570148665,71.42857142857143,53.70173735121349,0.09587856260108289,0.08780677158541161
2023-11-14,79.27312469482422,0.022667408910588493,0.00487512639864597,100.0,59.571784524547034,0.10483093970855376,0.1547965316643519
2023-11-15,78.16060638427734,-0.014033990899560367,0.005584822690317537,78.57142857142857,54.831489708240134,0.10690292535396514,0.003946882990865008
2023-11-16,79.13186645507812,0.012426465399021813,0.006928035425879853,78.57142857142857,57.975475682394226,0.10596230838564655,-0.045385356509622964
2023-11-17,79.50271606445312,0.004686476207224732,0.008290161953268555,100.0,59.144810905619764,0.1056692259818685,-0.05883144019028826
2023-11-20,79.98834228515625,0.0061082972348946996,0.009716122224015581,100.0,60.687422973763496,0.10822343210599714,0.1481507587919576
2023-11-21,79.95301818847656,-0.00044161556134969526,0.010731546532708627,100.0,60.50845341287503,0.11145869816759463,0.2976816894760012
2023-11-22,80.23558807373047,0.0035341991041262233,0.011642231295480242,100.0,61.486880939931346,0.10776201942003552,0.34461877351285763
2023-11-24,79.29080963134766,-0.01177505474895546,0.011448148286201856,85.71428571428572,56.45089897444486,0.10396489258055298,0.2191073169153346
2023-11-27,80.6152572631836,0.016703671434227907,0.01218587858994588,100.0,61.2431511353259,0.10060137705186102,0.3768167331254697
2023-11-28,80.774169921875,0.0019712479260918236,0.012904174803791425,85.71428571428572,61.78650851946777,0.09295548966906153,0.6489685323266423
2023-11-29,81.78959655761719,0.012571180078041255,0.014163447450627736,92.85714285714286,65.14875926765158,0.08240350742332225,1.0238009585094126
2023-11-30,80.84484100341797,-0.01155104798119011,0.01435857380328275,92.85714285714286,59.87059905645421,0.074145435483243,0.9774452124998114
2023-12-01,82.36747741699219,0.0188340578653603,0.015429966563979066,92.85714285714286,64.81781301234186,0.0783793166914281,1.259921827554576
2023-12-04,82.03974151611328,-0.003978947894928475,0.01604794055443051,92.85714285714286,63.01700157315857,0.0805987163452375,1.3640299521286054
2023-12-05,83.8023910522461,0.021485313136763384,0.01763594630243025,92.85714285714286,68.14327361253663,0.08607578018258187,1.7367235259908747
2023-12-06,84.9184799194336,0.013318102898659312,0.01974306018610675,100.0,70.89430180250682,0.0983147147061579,1.9863262439520462
2023-12-07,84.4312973022461,-0.005737062387948022,0.021013440889229948,100.0,68.12862632488347,0.10707598352962483,1.7810005245981464
2023-12-08,83.74039459228516,-0.008183016630523343,0.02120073960363634,85.71428571428572,64.2977722378698,0.10558987130958396,1.6930217326136496
2023-12-11,83.563232421875,-0.0021156118414861202,0.020845380921771215,85.71428571428572,63.31464677177474,0.10299710126020056,1.66886878853731
2023-12-12,83.81124877929688,0.002968008180556536,0.02047020487370347,64.28571428571429,64.14125946092268,0.0981267916335201,1.7070647722023986
2023-12-13,85.77765655517578,0.02346233715067436,0.021361757145128814,92.85714285714286,69.92705703204372,0.10504249010935858,1.9119878757266757
2023-12-14,88.00899505615234,0.02601305037450241,0.023644537192539505,100.0,74.88001019714136,0.1160580499319496,2.3669592017682226
2023-12-15,88.10676574707031,0.0011109170245107158,0.025648041253793552,100.0,75.07372976794602,0.12558753544494825,2.541923383243738
2023-12-18,87.40473937988281,-0.007967905316179968,0.026521715753563727,92.85714285714286,70.84883243244717,0.12915734842389956,2.5388993593855083
2023-12-19,87.87569427490234,0.005388207760366859,0.027026781390389193,78.57142857142857,71.98773599826701,0.1331271678835773,2.2485608811529643
2023-12-20,88.47107696533203,0.006775282919155634,0.027579472442121375,100.0,73.40246717643076,0.13628140576412887,2.153255716603357
2023-12-21,87.91122436523438,-0.006328086187048831,0.027509977404260373,100.0,69.83108221705805,0.135584584327489,1.632269029316714
2023-12-22,87.51136779785156,-0.00454841313233878,0.026763312818176628,92.85714285714286,67.31204820865166,0.12736358222217245,1.217800320272086
2023-12-26,87.76018524169922,0.0028432585401065857,0.0259279352942462,57.142857142857146,68.08359192997808,0.12252340846110155,0.9881675591069925
2023-12-27,89.31524658203125,0.017719440040483647,0.025990393132906985,78.57142857142857,72.45887271210992,0.12025553029484669,1.0770383485297772
2023-12-28,88.66658020019531,-0.007262661266239423,0.025704147460102786,85.71428571428572,68.25558915705386,0.11714763884856949,0.9037098471554064
2023-12-29,87.86680603027344,-0.009020018231402527,0.02453978952810369,85.71428571428572,63.374232976972735,0.10552798669684194,0.5087346115052596
2024-01-02,87.36027526855469,-0.0057647567335522565,0.022836363273542257,85.71428571428572,60.42672835633224,0.09769270314250965,0.2822519143872381
2024-01-03,87.7246322631836,0.004170740001778084,0.021373613654450577,78.57142857142857,61.802916927872516,0.08632537965062718,0.49667911271334697
2024-01-04,86.3917007446289,-0.01519449536768358,0.019137003267083626,71.42857142857143,54.35581327784141,0.08070142482258204,0.3679755307743802
2024-01-05,85.5653076171875,-0.00956565411166288,0.01630107766155201,-35.714285714285715,50.30835755032902,0.07929503867429287,0.008076599238014105
2024-01-08,86.40946960449219,0.009865703879443855,0.014393629148833962,-42.85714285714286,54.07063106852148,0.07515878752091734,0.0671871071781563
2024-01-09,85.85853576660156,-0.006375850244334624,0.012430568981105535,-42.85714285714286,51.33869711646133,0.06815140811680988,-0.11729953955957732
2024-01-10,85.45864868164062,-0.004657511118614899,0.010355227997853125,-42.85714285714286,49.388160004216566,0.05995730674236119,-0.4609616878771282
2024-01-11,85.93852233886719,0.0056152731716392346,0.008963279073009107,-64.28571428571429,51.756907299387244,0.050396969402114467,-0.15308321901533767
2024-01-12,85.7696762084961,-0.0019647315985410474,0.007674224953785407,-64.28571428571429,50.8550260220605,0.050422066089746566,-0.1433398536462308
2024-01-16,84.25900268554688,-0.01761314242666545,0.005250441979577296,-78.57142857142857,43.54406869097289,0.058112223234151106,-0.3306704040450773
2024-01-17,84.12571716308594,-0.0015818549735078236,0.003062490253503157,-85.71428571428572,42.957290060459066,0.06420952096339028,-0.3022896217832122
2024-01-18,83.34375,-0.00929522135983718,0.0005706708398786782,-92.85714285714286,39.58685113642988,0.07320190333249511,-0.4873056890803159
2024-01-19,83.6103286743164,0.00319854427376276,-0.0011517862183844823,-100.0,41.27834127845514,0.07837215401852404,-0.2827829275199608
2024-01-22,84.10794830322266,0.005951652586423828,-0.002000058950596775,-92.85714285714286,44.407386722374575,0.07897136581831671,-0.23039636664616342
2024-01-23,83.44149780273438,-0.007923751725409156,-0.0033054924309510545,-78.57142857142857,41.23806102729557,0.08193364995137649,-0.027574222563049092
2024-01-24,82.9527587890625,-0.005857265587769223,-0.004773287518540311,-100.0,39.03772049834248,0.08614450412911025,-0.17479271597098434
2024-01-25,83.49480438232422,0.006534388984458905,-0.005297735360753055,-85.71428571428572,42.69001231163478,0.08669407135132798,-0.14233486870930093
2024-01-26,83.33484649658203,-0.0019157825079718638,-0.005836540359983026,-85.71428571428572,41.892396061649706,0.0799739373576471,-0.11784606189334793
2024-01-29,84.29456329345703,0.011516392448318369,-0.0052055648430639175,-78.57142857142857,48.15167837210555,0.07187757857971569,0.004699663191793865
2024-01-30,85.05876922607422,0.009065898235414593,-0.003944980232692437,-50.0,52.536050772939426,0.06533970788533194,0.2723400648269497
2024-01-31,85.89409637451172,0.009820588236085559,-0.002144558573517193,-50.0,56.832957283937006,0.06091067880031356,0.5969418657756809
2024-02-01,87.57896423339844,0.019615642168705483,0.0008093147048034049,42.85714285714286,63.9266509596165,0.060166202149431865,0.8843740871194291
2024-02-02,85.64447021484375,-0.022088569275599657,0.0013498200803519814,42.85714285714286,53.13088600162925,0.05852317667531686,0.8345038552699505
2024-02-05,83.91496276855469,-0.020194035200994276,0.0001354022751040974,42.85714285714286,45.700194302943444,0.05866078016529073,0.4934805813523586
2024-02-06,84.73515319824219,0.009774066538641657,-5.912855621434485e-05,42.85714285714286,49.32008149763985,0.055814360555822916,0.4873384824284944
2024-02-07,84.3250732421875,-0.004839549355570072,-0.0005987969068087669,42.85714285714286,47.61107665945092,0.054341689175830044,0.2251690791280014
2024-02-08,83.8347396850586,-0.005814801437772021,-0.0014870706325988974,42.85714285714286,45.57742283220732,0.05398036900828507,0.15673181684770351
2024-02-09,83.6653823852539,-0.0020201327091956545,-0.002329176417006067,42.85714285714286,44.86461904555944,0.05224674759943651,0.13277455922032358
2024-02-12,83.7634506225586,0.0011721483188005255,-0.002863183412198329,42.85714285714286,45.39714978123007,0.050338766327013805,0.18946424617778976
2024-02-13,82.32816314697266,-0.017135008943857888,-0.004698476318916242,-57.142857142857146,39.399270877782804,0.05425943277857948,-0.10761142314420773
2024-02-14,82.74715423583984,0.005089280178876443,-0.005609202743647676,-64.28571428571429,41.815974781853015,0.056282191358334156,-0.09475158311477037
2024-02-15,83.17505645751953,0.00517120166404883,-0.005834761567491265,-64.28571428571429,44.26070803719226,0.05657187520737819,-0.1346836516941519
2024-02-16,82.69367980957031,-0.005787512127449879,-0.0064667052820879724,-64.28571428571429,42.11679017360636,0.058265871032940425,1.2543157582580041e-06
2024-02-20,82.76496887207031,0.0008620859860652974,-0.006786890944252867,-64.28571428571429,42.56052429086176,0.05980648146040179,-0.02296183296980085
2024-02-21,82.17662811279297,-0.007108572229233112,-0.007585758677163877,-92.85714285714286,39.84569610133882,0.06253182104375332,-0.1800150872144197
2024-02-22,82.5777587890625,0.004881323138726801,-0.007660349377521219,-92.85714285714286,42.53701514495229,0.06332068015161707,-0.08586725848594932
2024-02-23,83.68318176269531,0.013386449206698847,-0.006505412725015189,-85.71428571428572,49.27250504251629,0.06320670442228922,0.16220875140809574
2024-02-26,83.43359375,-0.0029825349304126725,-0.005861096156013576,-64.28571428571429,47.90710211559673,0.06310923001556284,0.2492217435020063
2024-02-27,82.84521484375,-0.007052062362470135,-0.005878261196568519,-64.28571428571429,44.758283362488505,0.06396397610788132,0.10542777750007634
2024-02-28,83.37120056152344,0.0063490174871954075,-0.0052522864200222445,-64.28571428571429,48.04581427396258,0.0627682392085133,0.22618682455869818
2024-02-29,83.95956420898438,0.007057156949860088,-0.004138878193077934,42.85714285714286,51.52126041282745,0.05839972330016467,0.45047451634495117
2024-03-01,84.48272705078125,0.0062311286001279775,-0.0027341133778538414,50.0,54.43971028886387,0.04104314830914484,0.8290409068606227
2024-03-04,84.14289855957031,-0.00402246119501648,-0.0019511653820782951,50.0,52.23977553078837,0.034578757974634826,1.0457146467822742
2024-03-05,85.34121704101562,0.014241469000463969,-0.00016838803001871446,64.28571428571429,58.59389693522379,0.03967057071985103,1.1142125648236711
2024-03-06,85.84203338623047,0.0058683993805026535,0.001667179444911472,71.42857142857143,60.93320721164608,0.044919344254476815,1.195247926116654
2024-03-07,85.76153564453125,-0.000937742717918133,0.0030135534764089804,78.57142857142857,60.34308647557731,0.04990679021056487,1.1096524875080338
2024-03-08,85.6095199584961,-0.0017725392262708528,0.003898347244395598,78.57142857142857,59.177530682222645,0.05394551266264746,0.9691416245766881
2024-03-11,85.5647964477539,-0.0005224128200213007,0.004503622440021836,78.57142857142857,58.817578463201315,0.05719250734958605,0.8151601633966659
2024-03-12,84.849365234375,-0.008361279908095764,0.004293826342671199,78.57142857142857,53.23887164926605,0.05815384653990147,0.6171885344270228
2024-03-13,84.43800354003906,-0.004848141093332314,0.0036818762836367653,71.42857142857143,50.28555320834652,0.05582308116223988,0.4165513497359445
2024-03-14,83.14128875732422,-0.015357004291319698,0.0019489502620457938,64.28571428571429,42.31665834529041,0.05497192176984013,-0.04713967283222527
2024-03-15,83.11448669433594,-0.0003223676633942185,0.0004984885159428393,50.0,42.167912306241064,0.055079563583980425,-0.3182155869270421
2024-03-18,82.86406707763672,-0.0030129478826016465,-0.0008871082473073977,-50.0,40.727436635165596,0.054646087214763835,-0.49898699459765544
2024-03-19,83.09659576416016,0.002806146194894943,-0.0017350396422681573,-50.0,42.68530151036663,0.05389018922746562,-0.5852283907975442
2024-03-20,83.06975555419922,-0.00032300011467512046,-0.0024080899210143425,-64.28571428571429,42.51075071437573,0.051138251897086144,-0.6324544533724037
2024-03-21,83.24861907958984,0.002153172646257806,-0.002729885704164091,-64.28571428571429,44.14978812433411,0.04936095689931466,-0.5911172497420083
2024-03-22,84.04450988769531,0.009560408531756659,-0.002171534291793761,-64.28571428571429,50.862957814439866,0.04915276960814923,-0.5473731057608002
2024-03-25,83.62420654296875,-0.005000961339273635,-0.0021392220631701988,-64.28571428571429,47.60848111426809,0.048889179571267635,-0.49125813635819254
2024-03-26,83.85671997070312,0.002780456010843091,-0.001854018717283495,-64.28571428571429,49.53229470700298,0.04696485731359504,-0.21892646922491726
2024-03-27,84.68843078613281,0.009918236913156964,-0.0008148077441846539,-64.28571428571429,55.786421227799686,0.04637336958432056,0.35485559480082135
2024-03-28,84.61686706542969,-0.0008450235768785452,-7.306211332030267e-05,-57.142857142857146,55.153093896064846,0.0464107857432035,0.5182863638883592
2024-04-01,83.0395278930664,-0.01864095454093817,-0.0009961466910263371,-50.0,43.44563294525025,0.04807925390670768,0.1936087421368949
2024-04-02,82.58193969726562,-0.005510486480487242,-0.002158398475817441,-100.0,40.74362331158193,0.05096032668056693,0.2820356725132517
2024-04-03,82.56395721435547,-0.00021775321548611615,-0.003058109482981931,-21.42857142857143,40.636664063764876,0.05164376361861927,0.6588379421084987
2024-04-04,83.1561508178711,0.007172543849589763,-0.00313315130105526,-21.42857142857143,45.69275847938588,0.048143234512024104,1.0677399570498571
2024-04-05,81.99872589111328,-0.013918692909353214,-0.004344089151588249,-21.42857142857143,38.74660554537814,0.0470995810034112,0.7868407124655308
2024-04-08,81.98973846435547,-0.00010960446836394411,-0.005217990477836784,-21.42857142857143,38.69741222874636,0.04511530046442745,0.6279910671862781
2024-04-09,82.75238800048828,0.009301768128756382,-0.00505380295425741,-21.42857142857143,45.070533111200014,0.03943779212840129,0.6431173076347749
2024-04-10,80.94894409179688,-0.021793255182929183,-0.006791757342833056,-57.142857142857146,35.635927898047655,0.0432399099562975,0.12268891546698468
2024-04-11,80.58106994628906,-0.00454452061895505,-0.00838843730579912,-64.28571428571429,34.06926654109083,0.04856888501216356,-0.2763701590714611
2024-04-12,81.01176452636719,0.005344860528225803,-0.009044796250070028,-64.28571428571429,37.53185209852361,0.05264678368945594,-0.7885747541662294
2024-04-15,79.75563049316406,-0.015505575524086823,-0.01089677618745435,-78.57142857142857,32.21744351357632,0.06183439595804769,-0.9182523250084104
2024-04-16,79.22624969482422,-0.006637535119043636,-0.01272592766405363,-85.71428571428572,30.27202390914634,0.0718065714870135,-0.7719784789798424
2024-04-17,80.10553741455078,0.011098439256099324,-0.01292812546553502,-85.71428571428572,37.069262865000155,0.07583800150513235,-0.2878804599462809
2024-04-18,79.70178985595703,-0.005040195367572831,-0.01351885991134211,-85.71428571428572,35.36452767944611,0.08044699748660561,-0.1679065649308287
2024-04-19,79.98889923095703,0.0036022951996295127,-0.013440535493055924,-78.57142857142857,37.56342130440205,0.08285726865319705,-0.10339287515255971
2024-04-22,79.85430145263672,-0.0016827057205985874,-0.013420835441561925,-57.142857142857146,36.92914606228616,0.08281273628410857,0.02570830172092199
2024-04-23,79.88121795654297,0.0003370701817762001,-0.013203368363171647,-57.142857142857146,37.15766928735761,0.08276319856360582,0.06933924227159967
2024-04-24,79.31597900390625,-0.00707599316956109,-0.013546386330800306,-100.0,34.343535435711026,0.08243133359603338,0.29726430800040543
2024-04-25,78.75969696044922,-0.00701349274689822,-0.014246436625262216,-85.71428571428572,31.791672723686492,0.07839661036510052,0.5699010380063039
2024-04-26,79.17239379882812,0.005239949546608225,-0.01406588849906301,-85.71428571428572,35.61397229047727,0.0702488081102531,0.5670795727062499
2024-04-29,79.83639526367188,0.008386780201833144,-0.013043893296805874,-85.71428571428572,41.31241444207492,0.06636321708444659,0.7602721353239299
2024-04-30,79.15446472167969,-0.008541599852298076,-0.01297843018320415,-78.57142857142857,37.629058789080396,0.06460139353182048,0.5736495811703558
2024-05-01,79.73790740966797,0.007370938456090492,-0.012014641259924954,-64.28571428571429,42.36384950281869,0.060613871621002104,0.2885007875168116
2024-05-02,80.0800552368164,0.004290905521141752,-0.010808346339296407,-64.28571428571429,45.000644453034575,0.05153700781843806,0.514214243697934
2024-05-03,80.89039611816406,0.010119134895090642,-0.008883175450750389,42.85714285714286,50.74771374029526,0.04802492375275531,0.6763751788739228
2024-05-06,81.2055435180664,0.003895980425685952,-0.00702030767060863,50.0,52.81282508132191,0.044935605302557094,0.8226348245207339
2024-05-07,81.70073699951172,0.006098025577959909,-0.004990915289962196,57.142857142857146,55.939027060980585,0.038157243081344334,0.6745906887869505
2024-05-08,81.2055435180664,-0.006061065048265979,-0.0038844439276907727,57.142857142857146,52.21371759471856,0.039002446471722046,0.37743171737434406
2024-05-09,81.60169982910156,0.004878439252697264,-0.002547845614466798,57.142857142857146,54.8066902613891,0.04213842049543859,0.42390164952397424
2024-05-10,81.14250946044922,-0.005627215727295187,-0.001946239343391201,57.142857142857146,51.32991879034803,0.04250639222784204,0.3690738511371383
2024-05-13,81.3495864868164,0.0025520165415653384,-0.0012346889423669792,57.142857142857146,52.78454231241256,0.04427864906957343,0.19165584610838343
2024-05-14,81.80879974365234,0.005644936583793836,-0.00021549262085105315,57.142857142857146,55.930100854986875,0.046034299011332054,0.2471521312008778
2024-05-15,82.92524719238281,0.013647033720441515,0.0016462348409650883,100.0,62.475511537993,0.053780130656275286,0.47998068608639965
2024-05-16,82.84423065185547,-0.0009769828040354644,0.003008823277515437,100.0,61.75868679212664,0.05869220165923928,0.33690745180788684
2024-05-17,82.28599548339844,-0.0067383710858871515,0.0035270611771016126,85.71428571428572,56.91312862714173,0.06076829354511691,0.10301055354133817
2024-05-20,82.04290771484375,-0.0029541815363189894,0.003652028747288321,85.71428571428572,54.89338445593474,0.06137188478118886,-0.04406510592529819
2024-05-21,82.466064453125,0.005157749159159675,0.004090478291719628,71.42857142857143,57.70706365026336,0.06260763255692564,-0.10935868924139572
2024-05-22,82.56510925292969,0.0012010370624753186,0.004492473370316972,71.42857142857143,58.36176279407531,0.061738590444546576,0.08215600356473524
2024-05-23,82.03390502929688,-0.00643376153001296,0.004274340506315488,64.28571428571429,53.57187534992439,0.056066152059000854,-0.014065799368185706
2024-05-24,82.2770004272461,0.002963352748627468,0.004255718043412388,57.142857142857146,55.376793780990816,0.05138874731209484,0.055494385940459925
2024-05-28,81.09748840332031,-0.014335865646545654,0.003103412348018481,35.714285714285715,46.02704664433297,0.048232060475901915,-0.28386917998480027
2024-05-29,80.11609649658203,-0.012101384716842856,0.001165499143371179,-57.142857142857146,39.9788350498875,0.043382197085866915,-0.4607557069619027
2024-05-30,80.89039611816406,0.009664719768455843,0.0003715089773916671,-57.142857142857146,46.007217975077666,0.039040285538723234,-0.37400507873170147
2024-05-31,81.43965148925781,0.006790118449802041,0.00029361216729065557,-57.142857142857146,49.85469994987874,0.03504370491223173,-0.3090859989402466
2024-06-03,82.75687408447266,0.01617421699537336,0.0014972333061271863,-57.142857142857146,57.64895422666022,0.03552610635828809,0.06336141681131456
2024-06-04,83.72357177734375,0.011681176984577268,0.0033198918348107498,28.571428571428573,62.28240470341525,0.04033359182722293,0.4536287909406064
2024-06-05,84.33792877197266,0.007337921466880726,0.005270299684314461,35.714285714285715,64.90988791996809,0.04767926538540688,0.9274268818298377
2024-06-06,84.21146392822266,-0.0014995014175879229,0.006647633698941231,42.85714285714286,63.922733755003456,0.05180211379202337,1.1089673000004876
2024-06-07,82.6665267944336,-0.01834592419751646,0.0062968123819386,42.85714285714286,53.265472949355164,0.051553267793858555,0.9228803359679258
2024-06-10,82.11542510986328,-0.006666563915776136,0.005356763302940645,42.85714285714286,50.0593437736909,0.050064819825788136,0.7956848109723741
2024-06-11,82.9646987915039,0.010342437861149412,0.005296362800096048,42.85714285714286,54.59499419792373,0.04932209847933699,0.9197063854725656
2024-06-12,83.58806610107422,0.007513645184645146,0.005787538439838001,71.42857142857143,57.63630107465796,0.05042558514005792,0.5264316716510015
2024-06-13,84.81676483154297,0.014699451581796641,0.0072040637382281055,78.57142857142857,62.909830737460304,0.05602758407066664,0.5635709599355245
2024-06-14,85.53052520751953,0.008415321869375436,0.008893929428775973,85.71428571428572,65.58955161897153,0.064095465779315,0.6542743812766489
2024-06-17,84.6812515258789,-0.009929480493426901,0.009465536973737212,85.71428571428572,60.03188326138537,0.06710308537503182,0.8437313154069745
2024-06-18,85.45820617675781,0.009175049221390674,0.010372369725644492,85.71428571428572,63.11140168835955,0.07181947932981082,1.0867516326673774
2024-06-20,84.88905334472656,-0.006660013794977604,0.010571192441925647,78.57142857142857,59.49507189430731,0.07413971130215598,1.3416285843295814
2024-06-21,84.88905334472656,0.0,0.010552010316337377,71.42857142857143,59.495071894307316,0.07604286633498641,1.2986697745076652
2024-06-24,85.23235321044922,0.0040441005311786515,0.010696081038816432,64.28571428571429,61.0561104424366,0.07747573015458617,1.6755646014343801
2024-06-25,85.37690734863281,0.0016960007877133698,0.010837276683874275,28.571428571428573,61.725012297589444,0.07899292357191176,1.8583126893014663
2024-06-26,84.1572494506836,-0.014285571307576128,0.009839560966805988,28.571428571428573,53.3921754457375,0.07433956900067443,1.4605795176200722
2024-06-27,84.49153900146484,0.0039722014795309235,0.009103400338656092,28.571428571428573,55.17821192185291,0.06331270570582115,1.112573171608377
2024-06-28,82.91950988769531,-0.018605757835021497,0.007101299699361311,28.571428571428573,46.21027557954307,0.05525216815977311,0.35805333269414
2024-07-01,81.4884262084961,-0.0172587088507572,0.0040089850926848586,-71.42857142857143,39.859259055776874,0.054994882540682806,-0.38385235543789803
2024-07-02,82.12284088134766,0.0077853347078804536,0.002047944909862303,-71.42857142857143,43.56236681544366,0.057017191721984585,-0.5025000183049313
2024-07-03,83.20137786865234,0.013133215750085636,0.0015398837063503226,-71.42857142857143,49.28008328043024,0.0575599028888697,-0.2488236464407318
2024-07-05,83.89017486572266,0.00827867295848983,0.0017906634505561647,-71.42857142857143,52.58393265328173,0.05742644828943435,0.05950300718573453
2024-07-08,84.07147216796875,0.0021611267652772437,0.0021444060228212013,-71.42857142857143,53.44355228114204,0.05737296093802351,0.28640836201591596
2024-07-09,83.69986724853516,-0.004420107199873402,0.00205663187154795,-57.142857142857146,51.387140696768355,0.055740875397382636,0.41179738898511076
2024-07-10,83.96268463134766,0.0031399976063535284,0.002200540846932639,-57.142857142857146,52.771275089571766,0.05184358479814237,0.5973700993605514
2024-07-11,84.77840423583984,0.009715263489653125,0.003038740968213918,-28.571428571428573,56.87542675639431,0.050807818013135865,0.255903795417087
2024-07-12,85.14092254638672,0.0042760690510097454,0.004001410189283437,-28.571428571428573,58.597370032245365,0.05132136687534284,0.3551880034212835
2024-07-15,84.1620864868164,-0.011496657897229423,0.0038472938384276063,-28.571428571428573,52.501566160203225,0.05095739952422656,0.11546919688270255
2024-07-16,85.34938049316406,0.01410723112875334,0.004705227739648936,-28.571428571428573,58.183930412879036,0.05046416069944516,0.31388369319933385
2024-07-17,85.36750030517578,0.0002123016231285746,0.005381501935751654,78.57142857142857,58.26598823936292,0.05166977871072066,0.482972427883797
2024-07-18,84.7149658203125,-0.007643827950104765,0.00528140731925864,78.57142857142857,54.14527998989281,0.050256555298774166,0.25985226064009187
2024-07-19,84.21646118164062,-0.005884493180688288,0.004668374654233604,78.57142857142857,51.16809113178743,0.049707900400538615,0.01761361673406555
2024-07-22,83.97176361083984,-0.0029055788781365832,0.003889902596024244,78.57142857142857,49.722828595447105,0.049122978937258525,-0.22938528608244552
2024-07-23,83.85393524169922,-0.0014031903591628092,0.003117439871091835,71.42857142857143,49.00504551235548,0.047674320295457887,-0.5136550378054067
2024-07-24,82.94758605957031,-0.010808666039542003,0.0016277896832763196,64.28571428571429,43.77081990580749,0.0467144626656301,-1.0036529228480728
2024-07-25,83.62734985351562,0.008195100378896258,0.001060495891434563,-35.714285714285715,48.2364510733923,0.04675480365194703,-1.231857030952656
2024-07-26,84.2799072265625,0.0078031573903742935,0.001227214003645495,-35.714285714285715,52.16399755908875,0.046506825071156166,-1.1417208490038653
2024-07-29,84.73309326171875,0.005377153939408075,0.001769712232450304,-35.714285714285715,54.73275924005654,0.045978686350748234,-0.9683563476955956
2024-07-30,85.0593490600586,0.0038503940524410307,0.0024773364577045823,-35.714285714285715,56.54203483751169,0.0382653492179983,-0.6839088557061932
2024-07-31,85.92942810058594,0.010229081813370122,0.003786096187168017,35.714285714285715,61.0169210037661,0.03554804418402054,-0.1050633973912267
2024-08-01,86.67054748535156,0.008624744760294512,0.005429172875267601,42.85714285714286,64.38129933111766,0.040595836909826016,-0.22060828411536157
2024-08-02,89.3713607788086,0.031161834923374654,0.008888829829205377,50.0,73.39313816364242,0.0635853615745045,0.4327788270172146
2024-08-05,89.84422302246094,0.005290981803697248,0.011985293791272106,57.142857142857146,74.60461443873227,0.08118238739495895,0.5357823068717522
2024-08-06,87.83454132080078,-0.022368513345123353,0.012813605686611986,57.142857142857146,61.73832235716339,0.08417801986265762,0.05899860812368008
2024-08-07,87.21617889404297,-0.007040082608268494,0.012629000760963814,57.142857142857146,58.400924838809374,0.08493472314382715,-0.19097038755487689
2024-08-08,86.67964935302734,-0.0061517203323874226,0.011851440720025584,57.142857142857146,55.59285858649271,0.08539714550297706,-0.06950088830653932
2024-08-09,87.53445434570312,0.009861657252377087,0.0117170722038257,57.142857142857146,58.97717733313282,0.08748082168593817,-0.07283165488325427
2024-08-12,87.85269927978516,0.003635653371701686,0.01181600896673417,57.142857142857146,60.19350752277588,0.08841869395566918,0.034683577916792545
2024-08-13,88.46199035644531,0.006935371157120063,0.012260341662793255,57.142857142857146,62.48679310557289,0.09190266407131643,0.2161034105660718
2024-08-14,89.0167236328125,0.0062708658728112265,0.012951531648721145,50.0,64.49250411540606,0.09627595956362102,0.31299897495563894
2024-08-15,88.29830169677734,-0.00807064006308067,0.01286534686141194,42.85714285714286,60.01703320209422,0.09697693147648943,0.6283909223449832
2024-08-16,88.60748291015625,0.00350155334176927,0.012803144019508021,35.714285714285715,61.26290885953639,0.09640218824197092,0.8451481502935817
2024-08-19,89.0167236328125,0.004618579709246395,0.012952288764609805,28.571428571428573,62.910324362046076,0.09488145162596881,0.9048877406674148
2024-08-20,89.72600555419922,0.007967962562994924,0.013495738801913307,21.42857142857143,65.6379219278432,0.09325320479384218,0.9502089273903753
2024-08-21,89.78054809570312,0.0006078788548204983,0.013887988850046383,-21.42857142857143,65.84592557171095,0.08533660017217183,0.8883230765049751
2024-08-22,88.88938903808594,-0.00992597034122844,0.013384502010448916,-21.42857142857143,59.50767975836323,0.07590831827238514,0.7242668373833049
2024-08-23,89.47137451171875,0.006547299738818735,0.013164515706324277,-21.42857142857143,62.075151258086805,0.06827624535822892,0.6379966728355818
2024-08-26,89.24401092529297,-0.002541188035464881,0.012740008918918662,64.28571428571429,60.46223935672411,0.059963967194466,0.4021246210733317
2024-08-27,89.08944702148438,-0.0017319246659361909,0.01211878564634484,64.28571428571429,59.333573937458,0.05046956642132447,0.3867977104059821
2024-08-28,88.9803237915039,-0.0012248726827785994,0.01139289346130701,64.28571428571429,58.50323634604375,0.0434318217844684,0.2720204343971066
2024-08-29,88.68934631347656,-0.0032701328296933507,0.010456024106712014,50.0,56.24302170835478,0.03862523083928696,0.31823136947742864
2024-08-30,87.74359893798828,-0.01066359619052204,0.008816930469891258,50.0,49.54332158182856,0.03901126037930779,-0.03827904536832979
2024-09-03,89.17867279052734,0.01635531104158705,0.00850948614212945,28.571428571428573,57.76472303702903,0.03737471713864785,-0.16507461891648378
2024-09-04,90.32818603515624,0.01289000170846899,0.009192568744657337,92.85714285714286,62.96959521999219,0.04028581338985865,0.11712004074906697
2024-09-05,90.83908081054688,0.005655984004724779,0.010101886005961814,100.0,65.03215146334664,0.04239660267786963,0.5090886419765657
2024-09-06,90.82994079589844,-0.0001006176478987042,0.010732752448136875,28.571428571428573,64.96243910466355,0.04005865786444953,0.3729992901515293
2024-09-09,91.22223663330078,0.0043190145668361435,0.01139921742058587,28.571428571428573,66.61654906006132,0.04185136301435757,0.45229336214640653
2024-09-10,91.86087036132812,0.007000855839509379,0.012299995082988223,42.85714285714286,69.16836800910924,0.04624867339246306,0.5907463007260613
2024-09-11,91.7878875732422,-0.0007944926691729748,0.012874502084301527,50.0,68.52373441430268,0.05013911694710368,0.45975121550035836
2024-09-12,91.3590850830078,-0.004671667488722164,0.012857631970880287,50.0,64.70794378239309,0.05234229460975774,0.38370773829104865
2024-09-13,91.6054458618164,0.0026966204683942507,0.01283105981719876,50.0,65.8834045873096,0.053005157667021394,0.39940592517338047
2024-09-16,92.44474792480467,0.00916214156366113,0.013300135375482582,71.42857142857143,69.59840575101398,0.05647204827018332,0.6296346665763726
2024-09-17,91.99772644042967,-0.004835553067207399,0.013285847699620804,78.57142857142857,65.50697147141268,0.05805886109261694,0.4675339803770111
2024-09-18,90.85731506347656,-0.012396082175917145,0.012235425143013066,78.57142857142857,56.39820806687936,0.05804158231815249,-0.06989470574596698
2024-09-19,90.5562515258789,-0.0033135861145282552,0.010914190789777867,78.57142857142857,54.25343929640747,0.05780537395229562,0.018597532040704245
2024-09-20,90.20958709716795,-0.003828166723662152,0.009453596380025783,78.57142857142857,51.810198712125,0.055870681062162954,-0.08528642459486023
2024-09-23,90.01801300048828,-0.0021236556206971624,0.008016277660959413,71.42857142857143,50.45787669422063,0.05519546112597543,-0.047365545075016724
2024-09-24,89.9997329711914,-0.00020307079313974796,0.006768232032820366,64.28571428571429,50.32290107908223,0.05403757067042887,0.1286433848602016
2024-09-25,89.25162506103516,-0.008312334775434471,0.005091239857209098,-42.85714285714286,45.01573440772946,0.05364618832979568,-0.10224157134066053
2024-09-26,89.46148681640625,0.0023513494037512572,0.003853400948332513,-50.0,46.71346310941284,0.05249936427771901,-0.019085049774142854
2024-09-27,89.92676544189453,0.005200881877171604,0.0032470257139523982,-50.0,50.37210734053764,0.04954172229778017,0.09877164450525613
2024-09-30,89.49798583984375,-0.004768097684196504,0.0023815571515360024,-50.0,47.1586693416908,0.04204348315517009,-0.012318002627656085
2024-10-01,90.14415740966795,0.007219956558357943,0.002224048662876379,-50.0,52.11621465625475,0.039666884133882446,-0.3809989430523596
2024-10-02,89.3844985961914,-0.008427155295536393,0.001428460540884938,-78.57142857142857,46.58301935130715,0.04156391754254016,-0.23594871668890074
2024-10-03,88.54241943359375,-0.009420863525809842,2.2741108126722197e-05,-85.71428571428572,41.343093638486614,0.04627998065993471,-0.510721851629965
2024-10-04,87.45328521728516,-0.012300705393819,-0.0020965508571518642,-92.85714285714286,35.742928960648676,0.05499216410510776,-0.7970050531025152
2024-10-07,86.7943115234375,-0.00753515082035372,-0.004367297260899806,-100.0,32.844075708594886,0.06432178768577107,-1.1064013833206578
2024-10-08,86.94072723388672,0.0016869274942019619,-0.005939541831148899,-100.0,34.1225071408671,0.06911735086073961,-0.8684785260988164
2024-10-09,86.44649505615234,-0.00568470259519227,-0.007606151943074758,-42.85714285714286,31.913983051042404,0.07421989375145278,-0.7949362000380129
2024-10-10,86.10784912109375,-0.003917405035781085,-0.009146947726311562,-50.0,30.45926074228494,0.07975672887145374,-0.2470788189192049
2024-10-11,85.76007080078125,-0.00403886897492256,-0.010591414953542138,-50.0,28.99742093510673,0.0839924045467487,-0.04151631005528347
2024-10-14,85.82412719726562,0.0007469256483378928,-0.011505181258088863,-64.28571428571429,29.66697309462674,0.08261238597216151,0.2802178553021236
2024-10-15,86.86752319335938,0.012157373808131089,-0.010992713779373523,-64.28571428571429,39.649934307937556,0.07761309164615988,0.6638628613108621
2024-10-16,87.23363494873047,0.004214598758113031,-0.010195030214787118,-64.28571428571429,42.72204440034026,0.07468207019796146,0.6868794600838221
2024-10-17,85.85157012939453,-0.015843256103545533,-0.010926996468246665,-64.28571428571429,35.39679535370597,0.07487826729882836,0.3916113254698428
2024-10-18,85.9156494140625,0.0007463961878786396,-0.011179478058795758,-64.28571428571429,35.94519354919329,0.07456065023823788,0.03238736985842528
2024-10-21,84.41460418701172,-0.017471150335099384,-0.012874924714497539,-100.0,29.605417082208056,0.07871706734096408,-0.5405592165710326
2024-10-22,84.49699401855469,0.0009760139532306589,-0.013809458143144033,-100.0,30.331744726443365,0.08045010336710115,-0.8107714229827534
2024-10-23,84.2681884765625,-0.0027078542219139967,-0.014649785998987603,-100.0,29.423779128993676,0.08344439872058002,-0.8081942611612691
2024-10-24,84.80817413330078,0.006407941911418469,-0.014507697220351766,-92.85714285714286,34.41361289201276,0.08257182490842302,-0.6409232495780312
2024-10-25,84.33222198486328,-0.005612102292043231,-0.014835069696965384,-35.714285714285715,32.24932954069832,0.07963673139804651,-0.6985007663137098
2024-10-28,84.10342407226562,-0.0027130544792086653,-0.015115783845907789,-57.142857142857146,31.23246396147829,0.07706888970984979,-0.6350204831324947
2024-10-29,84.23155975341797,0.00152354892283868,-0.014987466739215314,-64.28571428571429,32.51582110397836,0.06808542699720943,-0.17269452353143736
2024-10-30,84.47868347167969,0.002933861357728107,-0.014457694672208747,-64.28571428571429,35.03395895853656,0.05936957278903273,-0.23976150812544986
2024-10-31,84.615966796875,0.001625064685594202,-0.01376022454298667,-64.28571428571429,36.452570743648984,0.05233882690879442,-0.20537300142681755
2024-11-01,83.42303466796875,-0.014098191795999249,-0.01440303844541117,-64.28571428571429,30.267598503559963,0.05253270008686359,-0.7891783466608187
2024-11-04,84.71790313720703,0.01552171380952494,-0.013146117468444416,-64.28571428571429,41.809032556585954,0.05054748415728535,-0.8207695377678799
2024-11-05,85.16790771484375,0.00531180023315625,-0.01169814206022891,-64.28571428571429,45.20336960913113,0.047172401636406236,-0.4726070787379848
2024-11-06,82.83527374267578,-0.02738864948964126,-0.013026422576003498,-100.0,34.09974314779775,0.05071973066874702,-0.19471699060747105
2024-11-07,83.87303924560547,0.012528062696496534,-0.012504510494890616,-92.85714285714286,41.03876023788231,0.05042546434315849,0.09551756097019236
2024-11-08,84.93830108642578,0.012700885175996879,-0.010927417542523146,-35.714285714285715,47.18627364318088,0.04951982729957772,0.4913260224429818
2024-11-11,84.52506256103516,-0.004865161182940891,-0.010127520253421918,-35.714285714285715,45.21674939578079,0.04841428291481802,0.6533195948974213
2024-11-12,83.25773620605469,-0.014993497982510706,-0.01070004430472741,-35.714285714285715,39.73863672039575,0.04508477281291321,0.32733562361682594
2024-11-13,82.46794128417969,-0.009486144565837518,-0.011774308161903004,-35.714285714285715,36.75046841120242,0.04025117565948656,-0.15465835870539685
2024-11-14,82.94549560546875,0.005790787472715442,-0.011870817094502826,-35.714285714285715,39.7029116588774,0.039206896859834695,-0.6610018155457857
2024-11-15,82.72508239746094,-0.0026573258306419323,-0.012108417749799193,-85.71428571428572,38.80261678151702,0.03730590566947143,-0.7987553891185779
2024-11-18,82.87203216552734,0.0017763629096236855,-0.011968838975164155,-92.85714285714286,39.78300364493696,0.03894425935873319,-0.6879600960234464
2024-11-19,83.2944564819336,0.005097308529402378,-0.011275808040041125,-92.85714285714286,42.62829707088093,0.03907169423750985,-0.7146873115914942
2024-11-20,83.02812957763672,-0.003197414516470709,-0.010941942738525005,-64.28571428571429,41.303215395683395,0.039868919991008146,-0.6965457965643251
2024-11-21,82.96385192871094,-0.0007741671317029741,-0.010597296258161025,-64.28571428571429,40.97218837082724,0.039381861284454686,-0.6770159934717147
2024-11-22,83.00978088378906,0.0005536020087109073,-0.010150084206399262,-64.28571428571429,41.33399570269749,0.039549972473748696,-0.6246136123725375
2024-11-25,85.15872192382812,0.025887805234030337,-0.007431128118875261,-64.28571428571429,55.177337685435766,0.04226656048671524,-0.18074749206079702
2024-11-26,84.82810974121094,-0.003882305595343638,-0.005748898981430389,35.714285714285715,53.10128438316912,0.043502449015544835,0.1861173855655456
2024-11-27,85.41584777832031,0.006928576375241802,-0.0037639218040557035,50.0,56.25251696488988,0.046256032877537274,0.3064981164220924
2024-11-29,86.2974853515625,0.01032170956764733,-0.00135942317656719,57.142857142857146,60.53612933268818,0.052454245946857006,0.5445842677393536
2024-12-02,86.50482177734375,0.0024025778380052376,0.0006997854585772573,64.28571428571429,61.49109651120127,0.05864499561087347,0.7294339677707489
2024-12-03,85.75836181640625,-0.008629113910653796,0.0016282863064103574,64.28571428571429,56.21673405630615,0.060914618203751256,0.5455127383386635
2024-12-04,86.6799087524414,0.010745855173959873,0.0031557243052893293,78.57142857142857,60.69862332364514,0.06569714985016711,0.6334043695479037
2024-12-05,86.8550033569336,0.002020013714968849,0.004482122052733152,85.71428571428572,61.50492602420429,0.06939533586528372,0.722967593284832
2024-12-06,86.98401641845703,0.0014853843363893393,0.005585424230640376,92.85714285714286,62.12156081935436,0.0740359185760376,0.6673525835161578
2024-12-09,86.18228912353516,-0.00921694959525643,0.005708753656848814,92.85714285714286,56.106829044848375,0.07584498889570199,0.4004364542583802
2024-12-10,85.77680969238281,-0.004704904398293741,0.005349461956553735,71.42857142857143,53.296240182789354,0.07676349682706714,0.22929662143255763
2024-12-11,84.9658432006836,-0.009454379273460378,0.0042720542427232494,71.42857142857143,48.10586890984379,0.0752298981776774,-0.10175915467640222
2024-12-12,83.9337387084961,-0.012147287113360772,0.002399375403869057,71.42857142857143,42.440965043932735,0.07167524328963375,-0.48857093685634406
2024-12-13,83.07669830322266,-0.010210916592789498,4.9636815842955195e-05,64.28571428571429,38.39744904483579,0.0713020645407858,-0.8466847514890824
2024-12-16,83.32549285888672,0.002994757383785185,-0.0015676922821653966,-42.85714285714286,40.1792135068825,0.06956636123374543,-0.9022867717862254
2024-12-17,83.52824401855469,0.0024332428493563096,-0.002616377783926282,-42.85714285714286,41.6601088523766,0.06777570833414386,-0.9050140695400946
2024-12-18,82.4837875366211,-0.012504231283750888,-0.0044644759569206225,-57.142857142857146,36.629557285929145,0.07037594371112466,-1.2684685647264282
2024-12-19,81.23487091064453,-0.015141358844876884,-0.007151726851497972,-64.28571428571429,31.70025215375129,0.07763052554708383,-1.5514497344568166
2024-12-20,81.69744110107422,0.005694231864275423,-0.008618529251290651,-64.28571428571429,35.179575429152536,0.08191229884942751,-1.8743091654713424
2024-12-23,80.94808197021484,-0.009172369669844138,-0.010529521518031375,-78.57142857142857,32.30822726355148,0.08916231663139787,-2.089942208746453
2024-12-24,81.29039001464844,0.004228735704442599,-0.011458444412978136,-85.71428571428572,34.921267709781425,0.09529920269629848,-1.801278785563958
2024-12-26,81.244140625,-0.0005689404324434877,-0.012142685052828466,-85.71428571428572,34.72621978336608,0.10070588754418544,-1.4649601113591029
2024-12-27,80.57804107666016,-0.008198739542515043,-0.013298342476889458,-85.71428571428572,31.957717378646965,0.10676264189453757,-1.3968628118485484
2024-12-30,81.22563934326172,0.008036907548862438,-0.013226162263280383,-78.57142857142857,37.19975301544616,0.10751187619745282,-1.3579390512341434
2024-12-31,80.79084014892578,-0.005352979648439171,-0.013601782058821347,-71.42857142857143,35.2369053708957,0.10741026614773506,-1.5052436385096675
2025-01-02,81.01284790039062,0.0027479322043886256,-0.013429186125698203,-64.28571428571429,37.06297296676854,0.10732755125215382,-1.4694657049964628
2025-01-03,80.75381469726562,-0.003197433615017342,-0.013468255564794892,-57.142857142857146,35.794792422097984,0.1033017125908531,-1.4604042739725012
2025-01-06,80.39301300048828,-0.004467921399502139,-0.013729388818117857,-85.71428571428572,34.04727692689847,0.09697177929501766,-1.3646815866167612
2025-01-07,79.48639678955078,-0.011277301062618372,-0.014796642753837588,-92.85714285714286,30.074136249748012,0.0893189493991806,-1.4578811850045852
2025-01-08,79.58816528320312,0.0012803259144049672,-0.015219877477728754,-100.0,31.04683932030483,0.08184390998133537,-1.1096113401309742
2025-01-10,79.06085205078125,-0.006625523160956215,-0.016027572147706688,-100.0,28.81052126602649,0.07476491027192997,-0.9398702817407205
2025-01-13,79.03309631347656,-0.00035106802652296043,-0.01643197276618803,-92.85714285714286,28.693364752971473,0.06887195691027911,-0.7050019230271002
2025-01-14,78.90357208251953,-0.0016388606419175389,-0.016715271245945754,-100.0,28.11872731298611,0.06627414327416456,-0.3439730316153075
2025-01-15,80.26350402832031,0.017235366028530708,-0.01509061464887586,-57.142857142857146,41.390558754954476,0.06233572304188149,-0.04850277845748162
2025-01-16,80.52252960205078,0.003227189952223819,-0.013566431797000254,-57.142857142857146,43.52925339482539,0.055731473068714114,0.18053472252021482
2025-01-17,80.66132354736328,0.001723665985140288,-0.012097348773637223,-57.142857142857146,44.69382811656417,0.045628069137933464,0.17676188058646483
2025-01-21,81.38288879394531,0.008945616248887012,-0.010023508672164384,-57.142857142857146,50.41853144912297,0.04127529402529549,0.22821778422655306
2025-01-22,80.95732116699219,-0.005229202763133989,-0.008831839643678167,-57.142857142857146,47.308288714335504,0.04078169740905717,0.1352350260860184
2025-01-23,80.32826232910156,-0.0077702526321622445,-0.008441709781431576,-57.142857142857146,43.078026752287236,0.03843413412943055,0.16898384842338002
2025-01-24,80.6890640258789,0.004491590958349834,-0.007593253752366017,28.571428571428573,46.057393313433884,0.03810216208447957,0.320271345056302
2025-01-27,81.64192199707031,0.011809010089468996,-0.005860316351865409,57.142857142857146,53.046984364005226,0.039272929581703545,0.4877431906231539
2025-01-28,81.58641815185547,-0.0006798449112557226,-0.004562585526974231,57.142857142857146,52.619279374321295,0.040307773724440735,0.733602656263257
2025-01-29,81.41988372802734,-0.0020412027835093882,-0.0036610298969226695,71.42857142857143,51.28322367226521,0.04164431174660205,0.7271290244346627
2025-01-30,81.72517395019531,0.0037495782134466804,-0.0025968016302306313,78.57142857142857,53.60868902706626,0.043055174000345475,0.5781462661622319
2025-01-31,81.1886215209961,-0.006565326242391367,-0.0022828435607187393,78.57142857142857,49.16661685326227,0.04357675191786465,0.2515181214906149
2025-02-03,81.84965515136719,0.008141949179419683,-0.001337017917606822,92.85714285714286,54.20158726998031,0.045590982034166644,-0.16878999921549728
2025-02-04,82.10032653808594,0.0030625832968407263,-0.00034981448113319854,92.85714285714286,55.98209226491132,0.04844880350037042,-0.05295949067132914
2025-02-05,83.4558334350586,0.016510371567692195,0.0017132047004397137,92.85714285714286,64.10800295149436,0.056972645194247724,0.11715117539210604
2025-02-06,83.41868591308594,-0.00044511594269280863,0.0032715034229303798,92.85714285714286,63.76062041410887,0.06139391606269885,0.18107960239771986
2025-02-07,82.8802261352539,-0.0064549060194145635,0.003965186548866347,64.28571428571429,58.78792383604403,0.06232443151741739,0.27483609127856445
2025-02-10,82.62954711914062,-0.0030245937758928143,0.0042183113696474496,64.28571428571429,56.5757505305481,0.05936507020716417,0.17045248379769098
2025-02-11,82.10032653808594,-0.00640473776640238,0.003873018233829776,64.28571428571429,52.11699351007112,0.053746914080100024,-0.02035250294279893
2025-02-12,80.98622131347656,-0.013570046205511055,0.002488304310090157,64.28571428571429,44.2166883984229,0.04565342106177453,-0.09450529737009945
2025-02-13,82.33242797851562,0.016622663006195193,0.0026158560176001745,57.142857142857146,53.407444651812355,0.043689295516854625,0.07259017973674967
2025-02-14,82.76879119873047,0.0053000164203673705,0.0031240914086247545,-35.714285714285715,55.9413987631836,0.04298864397666287,-0.08896295397951441
2025-02-18,81.79396057128906,-0.011777756003477302,0.0025884341070491436,-35.714285714285715,49.46879187652607,0.041007780302224565,-0.37515793051537566
2025-02-19,81.89607238769531,0.0012484028856538654,0.002206922926411072,-35.714285714285715,50.119828421781335,0.040642257464510514,-0.431919599969599
2025-02-20,82.20245361328125,0.0037410979141407896,0.002175692293490146,-35.714285714285715,52.11339421109747,0.03935500372289737,-0.5237983527856043
2025-02-21,83.19586944580078,0.012084990031964615,0.003059939597185514,-35.714285714285715,57.97793054583763,0.03697112801515673,-0.3298208085517746
2025-02-24,83.43724822998047,0.002901331349592251,0.003958170233725292,-35.714285714285715,59.28275099852131,0.0360300955429119,-0.09780976491041851
2025-02-25,84.87631225585938,0.017247261341989395,0.00589786816284882,57.142857142857146,66.05086593401815,0.04489530739451928,0.36601908111413933
2025-02-26,85.37764739990234,0.00590665558762371,0.007827891051155575,64.28571428571429,68.04373181283047,0.0537718629702623,0.7518364594010365
2025-02-27,84.77418518066406,-0.007068152351536572,0.008776133771582829,64.28571428571429,63.232087576428576,0.05672596572279582,0.5939950656824223
2025-02-28,85.81403350830078,0.012266096399755178,0.01022841802462805,78.57142857142857,67.4972023668607,0.06383301518103895,0.8894279884960861
2025-03-03,86.21449279785156,0.004666594415609682,0.011650896649970535,85.71428571428572,68.98913328515505,0.06908354550508725,1.2282892136015608
2025-03-04,85.15274810791016,-0.012315153235673448,0.011833145129551883,92.85714285714286,60.995045087074296,0.07011357195394546,0.8315680970347548
2025-03-05,84.472900390625,-0.007983861148246452,0.01117963237109626,92.85714285714286,56.481953135689025,0.06945527802678655,0.2258127728059715
2025-03-06,84.19349670410156,-0.003307613272794052,0.010235604017021279,64.28571428571429,54.69093435390553,0.06981004665127184,0.05634663602725088
2025-03-07,83.92339324951172,-0.003208127292053442,0.009123618913917676,64.28571428571429,52.943169267616476,0.06989872116030428,-0.2658010765837496
2025-03-10,84.79887390136719,0.010431902452425756,0.008862346182468192,64.28571428571429,57.6655669951508,0.07057006838290161,-0.5780268621757917
2025-03-11,84.19349670410156,-0.007138976845019962,0.00811891844673485,64.28571428571429,53.65578613527061,0.06980546597431372,-0.8649639670164205
2025-03-12,83.6905517578125,-0.00597367927426351,0.006959050419233976,57.142857142857146,50.513194296495456,0.06744284788896672,-1.0970326582325411
2025-03-13,84.42630767822266,0.0087913857055133,0.006576282193318761,50.0,54.6936928819969,0.06004521836421424,-0.7928825829660393
2025-03-14,83.9792709350586,-0.005294993414468263,0.005857587508136855,42.85714285714286,51.82882773727461,0.05724411875825885,-0.5759675460410004
2025-03-17,84.39837646484375,0.004990583094121481,0.005570636037006234,-50.0,54.24839724482763,0.05550147410796913,-0.5326338918649531
2025-03-18,84.48219299316406,0.0009931059320225089,0.005379003122720246,-50.0,54.73803539544823,0.04922165947574175,-0.41749299221568004
2025-03-19,84.91993713378906,0.005181495947440995,0.005556442288376024,-50.0,57.30779712639833,0.042122364998077935,-0.07516027611055726
2025-03-20,84.97579956054688,0.0006578246362782814,0.005702588946755149,-50.0,57.63833151796772,0.034728336883414465,-0.1960369207009728
2025-03-21,84.472900390625,-0.00591814578412464,0.005314314486461138,-50.0,53.614014194542925,0.03141232294305486,-0.43271004244566175
2025-03-24,83.60674285888672,-0.010253673399787888,0.004147520584370997,-50.0,47.46688675785275,0.030732368796687233,-0.6774176517894774
2025-03-25,83.59744262695312,-0.00011123782144328853,0.003134440760204996,35.714285714285715,47.40403885165948,0.03242342390248138,-0.7399073540504949
2025-03-26,83.04792022705078,-0.0065734355338421535,0.0017920388511949185,-28.571428571428573,43.72052945604492,0.034815396700811845,-0.8473830663147609
2025-03-27,82.80577850341797,-0.0029156867862650815,0.00047241479797305763,-35.714285714285715,42.16572795286771,0.03857789377879347,-0.7491333044322971
2025-03-28,83.9513168334961,0.01383403852704368,0.0005253345406720727,-35.714285714285715,51.03693671291724,0.03538244234526003,-0.54607471374165
2025-03-31,84.78023529052734,0.009873799343437017,0.001340279480233868,-35.714285714285715,56.264706333483005,0.02904387636408208,-0.28069600158842645
2025-04-01,85.514892578125,0.0086654311005403,0.002635937384542054,21.42857142857143,60.30946384212711,0.030587865118981507,-0.2180108794221933
2025-04-02,85.45880889892578,-0.0006558352294950831,0.003580066590482997,28.571428571428573,59.854378593768054,0.03311538789093339,-0.20751060647276756
2025-04-03,85.85137939453125,0.004593680869923844,0.004622826850422445,35.714285714285715,62.015031020319334,0.03691864004472381,-0.6554590485389555
2025-04-04,86.78607177734375,0.010887330982966681,0.006200941682471604,42.85714285714286,66.62132403815801,0.04428486532447042,-1.467967507894714
2025-04-07,84.1689453125,-0.030156065498138762,0.005155557540874666,42.85714285714286,48.78315249178377,0.04428105340184655,-2.287091074163571
2025-04-08,82.57996368408203,-0.018878478547146416,0.0026711612685651888,-14.285714285714286,41.51504360380326,0.04834750910920653,-2.8871685754392202
2025-04-09,83.06600189208984,0.005885667495171054,0.0010796913440068198,-21.42857142857143,44.25109422931488,0.04976939854315804,-1.8098145890208632
2025-04-10,80.77601623535156,-0.027568266253059526,-0.0024335112015849924,-21.42857142857143,35.762198446939664,0.0620418077666916,-1.7520681401422586
2025-04-11,81.21530151367188,0.005438313236943992,-0.004722760046254285,-35.714285714285715,38.21090960276909,0.0692683201285248,-1.1369554033365163
2025-04-14,81.79481506347656,0.007135521742871687,-0.005861780766426753,-35.714285714285715,41.38526345429685,0.0729567521557058,-0.6720593533395955
2025-04-15,82.08457946777344,0.0035425766788763635,-0.006408289997389085,-35.714285714285715,42.963112585035205,0.07508791182118489,-0.3754216604444466
2025-04-16,82.54255676269531,0.0055793341196523905,-0.006299428173492021,-35.714285714285715,45.46197123769944,0.07512974319755228,-0.06399644574742917
2025-04-17,81.81352233886719,-0.008832224883995932,-0.006936031718251654,-35.714285714285715,42.28603612098315,0.07613557176940546,-0.010995199314001973
2025-04-21,80.38343811035156,-0.01747980269804661,-0.00886106248645048,-35.714285714285715,36.848071401323956,0.08207074545002035,-0.2453514311975492
2025-04-22,80.83208465576172,0.005581330631743375,-0.0096723986026213,-35.714285714285715,39.47762928284274,0.08603356735851612,-0.48591275111354076
2025-04-23,81.61723327636719,0.009713328858820924,-0.009370495805672206,-35.714285714285715,43.88149847093825,0.08744782636626379,-0.7908118341533475
2025-04-24,82.4771499633789,0.010535969580099946,-0.008173484583239262,-35.714285714285715,48.317118971356415,0.0876871932051484,-0.7453416252277973
2025-04-25,83.084716796875,0.0073664867634959386,-0.006582921134975579,-35.714285714285715,51.24905009084749,0.08764044555562511,-0.6432807859484806
2025-04-28,83.6081314086914,0.00629977006596838,-0.004775929145179333,-28.571428571428573,53.68658221189707,0.08731738829489474,-0.4255387898230916
2025-04-29,84.30915069580078,0.008384582639249238,-0.002647006527627406,78.57142857142857,56.801889050847706,0.08637555165240184,-0.14680285049018604
2025-04-30,83.62681579589844,-0.008093248411009446,-0.0016388737373484819,78.57142857142857,53.06062259721702,0.08225433219731744,-0.19797918119722363
2025-05-01,83.20278930664062,-0.005070460775317587,-0.0012241162640985377,78.57142857142857,50.820484716372626,0.07747939238679917,-0.2440566842109411
2025-05-02,82.30219268798828,-0.010824115707626425,-0.0017611956499756466,78.57142857142857,46.345120064096484,0.06989452522524131,-0.30401680357593064
2025-05-05,81.84249114990234,-0.005585532086960221,-0.002611575657271697,42.85714285714286,44.20521991952226,0.05279830144226483,-0.2363580154773617
2025-05-06,82.11455535888672,0.003324241542037809,-0.0029652767857324043,42.85714285714286,45.800243011337834,0.0489190547195972,-0.04036726511262574
2025-05-07,82.461669921875,0.004227198959687373,-0.002866052117033469,42.85714285714286,47.84869001293187,0.04884815770216558,-0.051308772674659386
2025-05-08,81.54230499267578,-0.011148997225865487,-0.0036960153751971103,42.85714285714286,43.19245333922891,0.04858057308070596,-0.21966122461456652
2025-05-09,81.66425323486328,0.0014955211555334191,-0.004153322303455557,42.85714285714286,43.971292701490086,0.04637630558494522,-0.3095963165052802
2025-05-12,80.90434265136719,-0.009305302545418725,-0.005259851920844873,35.714285714285715,40.26655108873893,0.047295357437068614,-0.5075425737061081
2025-05-13,80.57601928710938,-0.00405816738011977,-0.006385929250848801,-71.42857142857143,38.74755393213668,0.050274833323226104,-0.5404459325942753
2025-05-14,80.0412826538086,-0.006636424063037882,-0.0077595145094340135,-78.57142857142857,36.3428877686274,0.05510662670621367,-0.6942429351180383
2025-05-15,80.7448959350586,0.008790629759061197,-0.007942763746227863,-78.57142857142857,41.48842869154588,0.05654190953162144,-0.5209812375736406
2025-05-16,80.96065521240234,0.002672110414474682,-0.007814753559284255,-78.57142857142857,43.00969490178971,0.057549742843081605,-0.5717576523461093
2025-05-19,80.72611236572266,-0.002896997882049779,-0.007895961918003255,-100.0,41.73927935192033,0.05655798718093657,-0.23575793572051668
2025-05-20,80.14447021484375,-0.00720513020921687,-0.008487738816745279,-92.85714285714286,38.68740009682419,0.05861293961808742,0.02785046908955467
2025-05-21,78.77481842041016,-0.017089785368372357,-0.010349924481419939,-100.0,32.6359713233267,0.06750430976480204,-0.26405893143324194
2025-05-22,79.1875991821289,0.0052400090536013355,-0.011099165882144688,-78.57142857142857,35.89061859568193,0.07238787618997097,0.10784810159788967
2025-05-23,79.31893920898438,0.0016585933683048726,-0.011450660020970688,-78.57142857142857,36.93468656069358,0.07438079477014548,0.24040366844424985
2025-05-27,80.4259262084961,0.01395614982438298,-0.010352166950312323,-78.57142857142857,45.05650976404389,0.0708443631328832,0.43866324197904777
2025-05-28,80.07880401611328,-0.0043160484280023725,-0.009883992453195049,-78.57142857142857,43.17867726954736,0.06290022236665858,0.5898977781798361
2025-05-29,80.81993103027344,0.00925497106588935,-0.008551956782521637,-71.42857142857143,48.14760907811666,0.055716845236289635,0.8053787097398203
2025-05-30,80.94188690185547,0.0015089826238079418,-0.007350426613018033,-64.28571428571429,48.93890077981905,0.04926666704749094,0.9626835352342811
2025-06-02,80.1885986328125,-0.009306532104401688,-0.007144276465087387,-28.571428571428573,44.42890054828677,0.0465143525474502,0.9657464072986874
2025-06-03,80.04736328125,-0.0017612896842008618,-0.007000078783774575,-28.571428571428573,43.617289551933084,0.04503633673408645,0.6840442490199682
2025-06-04,81.34678649902344,0.01623317951408154,-0.0054146037093995535,57.142857142857146,52.25842797301997,0.04253582612977961,0.7217525965716096
2025-06-05,81.40328216552734,0.0006945039741008685,-0.004140047175479453,64.28571428571429,52.59857416674152,0.03797457603762425,0.5711094813264488
2025-06-06,80.36750793457031,-0.012723986102315399,-0.004165244506848528,64.28571428571429,46.11197224028884,0.03607107207274709,0.20466907635108067
2025-06-09,80.45225524902344,0.0010544972294290744,-0.00400736986267563,64.28571428571429,46.69125058800301,0.03326171819327478,0.1113053651462794
2025-06-10,80.86656951904297,0.005149815486677145,-0.003413060334537835,64.28571428571429,49.546692182895725,0.03319015426487686,0.08145142396851819
2025-06-11,81.11138153076172,0.0030273574503627554,-0.0026750269929331763,64.28571428571429,51.20970555195667,0.03408465171812465,0.13338871031466326
2025-06-12,82.08125305175781,0.011957280257004044,-0.0011072847478564522,100.0,57.2250654626917,0.03830778536143731,0.45464890710073114
2025-06-13,81.29029083251953,-0.009636332168802664,-0.0006662729013029927,92.85714285714286,51.63405125815713,0.03917122130408445,0.5359715036353141
2025-06-16,80.4710693359375,-0.01007772869542134,-0.001119924461416964,78.57142857142857,46.56007688158427,0.03887127768891883,0.23349348290639546
2025-06-17,81.45037078857422,0.012169609037360862,-0.0004806284999910315,78.57142857142857,52.56135907655577,0.04013817050155167,0.2634739862196956
2025-06-18,81.59161376953125,0.0017340986859797347,0.0001532389393627826,57.142857142857146,53.374630790448116,0.041385144217554945,0.192855480582447
2025-06-20,81.44092559814453,-0.0018468585731415965,0.0005010581863366275,57.142857142857146,52.34361780165311,0.0365293821514094,0.20475305535626812
2025-06-23,81.70459747314453,0.003237584458470444,0.001022592053859587,100.0,54.01737456568274,0.033286364608230874,-0.09139642153969099
2025-06-24,82.29783630371094,0.0072607766137198215,0.0019856048238782913,100.0,57.6235457312655,0.03170367463997974,-0.03414459975679822
2025-06-25,82.40139770507812,0.0012583733184066137,0.002820083600071774,71.42857142857143,58.23925241596798,0.03418438745512547,0.19103246011269298
2025-06-26,82.81571960449219,0.005028093102218412,0.003825561132159316,85.71428571428572,60.69946358140981,0.03657666903541006,0.5055552731957452
2025-06-27,82.28842163085938,-0.006367124214473496,0.004098966003214635,92.85714285714286,56.16454724198117,0.03779999895691177,0.1924012476302483
2025-06-30,83.09819793701172,0.009840707721736841,0.004983229401119806,100.0,60.985215888223756,0.04191733257935381,0.27181520306504536
2025-07-01,83.30424499511719,0.002479561088215787,0.005833868616369035,71.42857142857143,62.12652421093504,0.04387088067751461,0.4169283082902818
2025-07-02,82.77496337890625,-0.0063535971815357195,0.00597461852268474,71.42857142857143,57.47537111093609,0.04190251389510743,0.7278533260039913
2025-07-03,82.19841766357422,-0.006965218609555457,0.005470049919970517,71.42857142857143,52.835155203879424,0.041937530113185455,0.7006139091033342
2025-07-07,81.4139633178711,-0.009543423924701089,0.00425890902858099,71.42857142857143,47.24607033639367,0.04192621881556453,0.5495846706068661
2025-07-08,81.31001281738281,-0.0012768141514302167,0.0031223135122948166,71.42857142857143,46.543451326497795,0.03924867343396064,0.6840818090774226
2025-07-09,82.16062927246094,0.010461398610138728,0.00299516458415229,64.28571428571429,52.73735068676939,0.036212257722913026,0.9247402029067954
2025-07-10,82.21733856201172,0.0006902246252609157,0.0029397714206677843,-28.571428571428573,53.12728232409675,0.034380017146919434,1.11695472041284
2025-07-11,81.08317565917969,-0.013794692490278093,0.0017887328505277675,-28.571428571428573,45.11122293066178,0.03446579293904592,0.8992005114032179
2025-07-14,80.91304779052734,-0.00209818951057672,0.0006683460547559631,-57.142857142857146,44.03784155130256,0.036236708852320026,0.7474788915198058
2025-07-15,80.34598541259766,-0.007008293389191511,-0.0007845776829912338,-64.28571428571429,40.57253502062223,0.03944293594126742,0.34761467096383514
2025-07-16,80.4593734741211,0.0014112473814487103,-0.001802540894428291,-71.42857142857143,41.56274347631557,0.03949269260920526,0.30171924391424976
2025-07-17,80.44048309326172,-0.0002347816052216123,-0.002599754301793641,-71.42857142857143,41.438862301312625,0.04215607936100774,0.11927004534086136
2025-07-18,80.5633544921875,0.0015274821110078385,-0.0030678567025195433,-71.42857142857143,42.63651638322738,0.04420479563201715,-0.018257269071613638
2025-07-21,81.28164672851562,0.008915868025304086,-0.0026677263349248054,-71.42857142857143,49.179767581738616,0.04437968995354911,-0.36821872156540725
2025-07-22,81.77312469482422,0.006046604443807002,-0.0018515275000278424,-71.42857142857143,53.12009543125401,0.04437478188918896,-0.4056124623328596
2025-07-23,81.31946563720703,-0.005547776965968199,-0.0016552582039892922,-64.28571428571429,49.318907220732655,0.044200109160300746,-0.3236199075702043
2025-07-24,81.17768096923828,-0.001743551397660359,-0.0016164350298329985,-57.142857142857146,48.15900233935102,0.043859866178273296,-0.2523675181778632
2025-07-25,81.68807983398438,0.006287428498228609,-0.0010571241784713766,-28.571428571428573,52.49065007896522,0.04188977747735641,0.026998765823849986
2025-07-28,81.15878295898438,-0.006479487289647312,-0.0011390461687318552,-28.571428571428573,48.010521129495174,0.04139252279563042,-0.04293213989058995
2025-07-29,82.52923583984375,0.016886069885399424,0.00015949568997785507,64.28571428571429,58.0049155300374,0.03920761335073912,0.3382998928524134
2025-07-30,82.10391998291016,-0.00515351744876158,0.0007530088682929463,64.28571428571429,54.5030915937981,0.03440699754324643,0.6578874879020751
2025-07-31,82.15118408203125,0.0005756619066534796,0.001253983325391382,78.57142857142857,54.82944595360936,0.032081167608419496,0.4094368661921388
2025-08-01,83.31908416748047,0.014216472939489577,0.002727831172293545,85.71428571428572,62.06968591800489,0.037193737634006345,0.5168481300239008
2025-08-04,83.54679870605469,0.0027330417856787914,0.004072131410019156,92.85714285714286,63.30471603452784,0.04324680727758356,0.7080765245753204
2025-08-05,83.80294799804688,0.003065937845128097,0.005313063859234857,100.0,64.69719118550901,0.049117731144180124,0.8840064219022736
2025-08-06,83.31908416748047,-0.005773828273650694,0.0058074492911683205,92.85714285714286,60.06077101158429,0.05185505609109019,1.0774476805666497
2025-08-07,83.17678833007812,-0.0017078420727274501,0.005978404560560624,85.71428571428572,58.72787770464085,0.05380805088298616,0.8742796942269799
2025-08-08,82.8162612915039,-0.004334466932571446,0.005715433856638479,57.142857142857146,55.37477549804562,0.05412950074700441,0.7486467226067696
2025-08-11,82.91112518310547,0.0011454742114915817,0.005508945289166487,57.142857142857146,56.08526961206913,0.05392183391210241,0.580781015555928
2025-08-12,82.4936752319336,-0.005034908768273949,0.004912599293833418,57.142857142857146,52.15043766155178,0.050791490098770035,0.7812475115618294
2025-08-13,83.17678833007812,0.008280793602951197,0.004986832541713704,57.142857142857146,57.41548158765202,0.04842838521814614,0.8685934603283582
2025-08-14,82.56006622314453,-0.007414593894707777,0.004461374407318972,50.0,51.86673920967186,0.0440913900819339,0.6517807093864084
2025-08-15,81.97186279296875,-0.007124551336792462,0.0034257296373101593,42.85714285714286,47.18318527775911,0.03964944302038824,0.35558877551105783
2025-08-18,81.73467254638672,-0.002893556868179159,0.0023261113703184704,35.714285714285715,45.40276378764112,0.03838491816855325,0.1050531857229572
2025-08-19,82.20906066894531,0.005804001016696647,0.0018823619219064905,-64.28571428571429,49.50661600046597,0.037759910616484336,0.0787446966845469
2025-08-20,82.38931274414062,0.002192605945483095,0.001694952406112288,-64.28571428571429,51.01332763861689,0.03557235416432409,0.14757737196990228
2025-08-21,81.98135375976562,-0.00495160076940937,0.0011426910982744942,-64.28571428571429,47.554653853947016,0.03293107002012136,0.17528886644931418
2025-08-22,82.58854675292969,0.007406476781822269,0.0012717879850123366,-64.28571428571429,52.69537968174417,0.03148261204506616,0.2315360964069104
2025-08-25,82.35137176513672,-0.0028717660876452777,0.001139205790849344,-64.28571428571429,50.60863678396369,0.027317581881958014,0.17278057527973098
2025-08-26,82.30393981933594,-0.0005759703182122156,0.0009740934367625545,-50.0,50.18066068230128,0.0275468029887525,0.3710395295271798
2025-08-27,82.20906066894531,-0.0011527898980157048,0.0007420116888535366,-50.0,49.282869378443024,0.027324444677268186,0.7745392569922582
2025-08-28,82.74984741210938,0.006578189055605366,0.0010685710456805125,-21.42857142857143,54.301454867645546,0.026757153383982334,1.1253715218558256
2025-08-29,82.16160583496094,-0.007108672650704584,0.0007543328757933772,-21.42857142857143,48.660907860678904,0.02632271420522687,1.0593548025129358
2025-09-02,81.55020141601562,-0.007441485749115517,-0.0001008286027607172,-92.85714285714286,43.592421409695916,0.026569883105977396,0.8602281317058434
2025-09-03,82.44542694091797,0.010977600414933342,0.00010049406204740503,-92.85714285714286,51.54999203728586,0.022453907963034297,0.9182707042891497
2025-09-04,83.073974609375,0.007623802699298965,0.0008578490100018501,14.285714285714286,56.21991864935345,0.021475294477559668,1.2063016038026884
2025-09-05,84.3405990600586,0.015246946551425111,0.002618396022425387,21.42857142857143,63.79343919309265,0.0285060499739316,1.6381033708909618
2025-09-08,85.46438598632812,0.013324388714257118,0.004974626676800738,28.571428571428573,68.9290952903589,0.04226306035035912,2.0718531543794887
2025-09-09,84.97869110107422,-0.005683009123023552,0.006373837443341512,28.571428571428573,64.66025127263812,0.04889330583695247,2.014547243497977
2025-09-10,85.46438598632812,0.0057154903065783635,0.007786605033048294,42.85714285714286,66.86986136260794,0.05648123256592338,1.9114899613787086
2025-09-11,86.0357894897461,0.006685866830066223,0.009304255984594622,50.0,69.30167826505169,0.06537385318445682,1.881531336385525
2025-09-12,85.66436767578125,-0.0043170617270748,0.010127122785349755,50.0,65.91479879577453,0.07057062398362528,1.9705760123297975
2025-09-15,85.8643798828125,0.002334835503464472,0.010785875274080928,50.0,66.85421506324127,0.07435056971654236,1.764135018907104
2025-09-16,86.0453109741211,0.002107172864411533,0.0113417527287961,71.42857142857143,67.72088788713909,0.0768014282357359,1.58590303694593
2025-09-17,85.82627868652344,-0.0025455458887647664,0.011491977539036352,78.57142857142857,65.48849067500689,0.07841027514737706,1.0949881426369084
2025-09-18,84.94058227539062,-0.010319641311349104,0.010743686657528177,78.57142857142857,57.26759391979645,0.07764671674694076,0.8055120295921667
2025-09-19,84.77867889404297,-0.0019060780725842497,0.009807742551489867,78.57142857142857,55.8865197718983,0.07505912006696962,0.6298211233879988
2025-09-22,84.47393798828125,-0.003594546526758058,0.008691105096700158,78.57142857142857,53.281883146288166,0.07337278885859094,0.4719374285172925
2025-09-23,85.06438446044922,0.0069896880177395815,0.008189819822469335,71.42857142857143,57.4224100783467,0.07115492033522462,0.5581035584919022
2025-09-24,84.74058532714844,-0.0038065182667762487,0.007475810914189622,64.28571428571429,54.5663019801361,0.06785859901457773,0.6019927847824348
2025-09-25,84.74058532714844,0.0,0.006806689849438654,57.142857142857146,54.56630198013609,0.06351508302101928,0.7728894981317307
2025-09-26,84.66439819335938,-0.0008990631052987474,0.006138679510406513,-42.85714285714286,53.83560362220745,0.060470629699526865,0.6520874972993218
2025-09-29,85.35962677001953,0.008211581154482062,0.006145147745326523,-42.85714285714286,59.2041887719196,0.054562298445458735,0.6944694537116863
2025-09-30,85.11202239990234,-0.0029007199244708293,0.00590508981841042,-42.85714285714286,56.67623543014659,0.04187441624611854,0.43996913749910266
2025-10-01,85.33181762695312,0.0025824227982513825,0.005826667732504565,-42.85714285714286,58.37530934847601,0.03197090310227619,0.20580178918147418
2025-10-02,85.58029174804688,0.002911857827522235,0.005925771896686742,-42.85714285714286,60.272141201218275,0.0236388182745568,0.17914873966597475
2025-10-03,85.4178237915039,-0.0018984272339394037,0.005808727594397994,-42.85714285714286,58.39823112670718,0.02168165351286305,0.040506326682344
2025-10-06,84.73931121826172,-0.007943454224476176,0.005048435453937141,-42.85714285714286,51.23406271643247,0.022262782922901403,-0.24533256636083947
2025-10-07,85.22669219970703,0.005751533431632039,0.004790054471033056,-42.85714285714286,55.46078767016517,0.02208141999073757,-0.26513040766757706
2025-10-08,85.29358673095703,0.0007849011797060879,0.004614641974784116,21.42857142857143,56.02417634746636,0.02197292476644478,-0.35032925686000493
2025-10-09,85.22669219970703,-0.0007842855930189074,0.004368427359949481,21.42857142857143,55.27125503314196,0.020267990928327123,-0.31736296733396496
2025-10-10,86.60286712646484,0.0161472291278546,0.005325017516838176,78.57142857142857,65.53343859075785,0.024442629984148683,0.11829464091738588
2025-10-13,86.5550765991211,-0.0005518353944790055,0.006027490524322068,78.57142857142857,64.9759212539461,0.02720151387745613,0.5223736209348516
2025-10-14,86.83222961425781,0.003202042283670492,0.006740717732081724,92.85714285714286,66.74294226365083,0.030580913816237097,0.8492733482231166
2025-10-15,86.6410903930664,-0.0022012474174684105,0.007077751516166142,100.0,64.33237387175825,0.03306283365797721,0.7672189922219843
2025-10-16,87.29093933105469,0.007500470446991203,0.0077894042673064936,100.0,68.49816293432505,0.03802227167923618,0.9055893261571752
2025-10-17,87.15714263916016,-0.0015327672370106793,0.008189762116772435,57.142857142857146,66.76907890162234,0.040771304369881516,1.1053760938694899
2025-10-20,87.49164581298828,0.0038379318515868732,0.008673604729677776,71.42857142857143,68.88384642754015,0.04308804207262191,1.3548403099309405
2025-10-21,87.92169189453125,0.004915281654001458,0.009324640071955475,78.57142857142857,71.40345594409581,0.0475859171131602,1.2545326922693045
2025-10-22,87.97901153564453,0.0006519396963156066,0.009807298320808077,78.57142857142857,71.73201641722501,0.050234825160362116,1.2025980474138565
2025-10-23,87.37696838378906,-0.006843031552037249,0.009598243236454184,78.57142857142857,63.48189251102853,0.04978666093194714,0.9638094158843774
2025-10-24,87.41517639160156,0.00043727779206848005,0.009302943897106314,78.57142857142857,63.766710003384354,0.04838870216668509,0.8880060867000213
2025-10-27,87.71142578125,0.003388992642665345,0.009207995611079997,71.42857142857143,65.98211656749045,0.04909381368263643,1.059066758182745
2025-10-28,87.9407958984375,0.002615054026821273,0.009237740302381463,57.142857142857146,67.63226146576416,0.049078330196679426,1.0698485750193776
2025-10-29,87.05203247070312,-0.01010638371707262,0.008453817858524297,57.142857142857146,56.24688729017284,0.047366014281379,0.6522881716817639
2025-10-30,86.5455093383789,-0.005818624998729205,0.00724740773509994,42.85714285714286,50.979593319451624,0.04594431370180426,0.283583081083087
2025-10-31,86.28748321533203,-0.0029813923913490914,0.0059607982714659545,42.85714285714286,48.48857150926602,0.04409382777128767,-0.132839490389091
2025-11-03,86.07168579101562,-0.0025009122560438746,0.004680063574559004,-64.28571428571429,46.444560258833604,0.039340182464788494,-0.04239208313749432
2025-11-04,86.26350402832031,0.002228586968430424,0.003780948844720713,-64.28571428571429,48.52184112242296,0.036075899161490184,0.06318601111843299
2025-11-05,85.32357025146484,-0.010896076938248234,0.0021963083431059465,-78.57142857142857,40.27765398584391,0.035936282132645984,-0.2334170981825373
2025-11-06,86.09088134765625,0.0089929558025994,0.001600115924782215,-78.57142857142857,48.03915440904303,0.0325871874003566,-0.19115589258160198
2025-11-07,85.90864562988281,-0.0021167830427653023,0.0009632943083190964,-78.57142857142857,46.49372258018575,0.0340447870623423,-0.20639127651523678
2025-11-10,85.88945770263672,-0.00022335269175077777,0.00043300234530385055,-78.57142857142857,46.324738140492286,0.03538704109442392,-0.16137554009302854
2025-11-11,86.2826919555664,0.004578376246024529,0.000375933757484618,-42.85714285714286,50.31061585716385,0.035870055704499915,-0.08422116288083288
2025-11-12,86.4361572265625,0.0017786333216762706,0.00046953402690655085,-42.85714285714286,51.814484023765914,0.03604866327340218,-0.022426547021379355
2025-11-13,85.72640228271484,-0.008211319968647879,-0.00011796300773094134,-42.85714285714286,45.02709040610995,0.03732316192488917,-0.3367341475476085
2025-11-14,85.23725128173828,-0.005705955084448822,-0.0010410702994589197,-92.85714285714286,41.037302017065166,0.04000034284609825,-0.8138202538854852
2025-11-17,85.44824981689453,0.00247542631869746,-0.0015505997805132106,-92.85714285714286,43.36837658502657,0.04073148404931353,-1.0196580995660778
2025-11-18,85.41949462890625,-0.0003365216730583098,-0.0019616524134665253,-100.0,43.11819184669021,0.03953774495338675,-1.0709876972707975
2025-11-19,85.246826171875,-0.0020214174502130033,-0.0024270970708614864,-92.85714285714286,41.5675085005766,0.03761634339524388,-1.2154567752985257
2025-11-20,85.58253479003906,0.003938077618129698,-0.0024372427459139734,-85.71428571428572,45.65937430728327,0.036398352242326494,-1.1142519858080542
2025-11-21,85.84149169921875,0.003025814902713364,-0.0021769134680110903,-28.571428571428573,48.64671596898316,0.03415306041135703,-0.8791459740427638
2025-11-24,86.33065032958984,0.00569839387326887,-0.0014908359772416726,-28.571428571428573,53.812022584255715,0.029795056671224826,-0.5120708770859849
2025-11-25,86.5512466430664,0.0025552490643170334,-0.0007402561012288287,35.714285714285715,55.96320293354904,0.02275707603017915,-0.5029563918242254
2025-11-26,86.93489837646484,0.00443265404345472,0.00020595312467342063,42.85714285714286,59.496379341904934,0.02218334529270197,-0.11669589102043981
2025-11-28,86.5224609375,-0.004744210284560513,0.0005666112234289305,42.85714285714286,54.43964133210963,0.022120164840467593,0.009719777233057655
2025-12-01,85.44537353515625,-0.012448645018566795,-0.00015300720539583015,42.85714285714286,43.937208255017225,0.022467740038431605,-0.20366118076289924
2025-12-02,85.48387145996094,0.0004505559893053235,-0.000684412932417879,-21.42857142857143,44.35045301728462,0.022855592027573354,-0.16431964837728474
2025-12-03,85.72452545166016,0.002815197622535681,-0.0008659987334424196,-21.42857142857143,46.98133783843929,0.022581729341233717,-0.013621952360481377
2025-12-04,85.26250457763672,-0.0053895996692798764,-0.0014375908236837118,-21.42857142857143,42.79805309882016,0.0227511229685352,-0.09048771854941086
2025-12-05,84.86785125732422,-0.0046286855197075205,-0.002244991212152678,-42.85714285714286,39.55790971860167,0.024770714215896883,-0.28079796703099735
2025-12-08,84.58870697021484,-0.0032891640706560477,-0.0031193919560053578,-50.0,37.40105104663859,0.027667350800108986,-0.3319346594669727
2025-12-09,84.67533874511719,0.0010241529632655233,-0.0036776454642669957,-50.0,38.521380141914065,0.02966351964032647,-0.44873872905889556
2025-12-10,85.00259399414062,0.0038648236177538653,-0.003752804570031521,-50.0,42.69367707367151,0.029712889512556025,-0.2810015037290664
2025-12-11,84.88710021972656,-0.0013587088227215993,-0.003893693351883976,-50.0,41.620153914714294,0.02925788967878963,-0.4307033104829163
2025-12-12,84.06893157958984,-0.009638315339067116,-0.004770551916833512,-78.57142857142857,34.921213409177696,0.032795167716892185,-0.4639907289694953
2025-12-15,84.12669372558594,0.0006870807670655843,-0.005315033449612568,-78.57142857142857,35.70797780613798,0.035479023971329994,-0.7088213463880183
2025-12-16,84.58870697021484,0.005491874506990069,-0.005216869000205693,-92.85714285714286,41.77164759719281,0.03644303600574359,-0.38431627609376257
2025-12-17,84.5116958618164,-0.0009104183189081461,-0.005180594858602666,-92.85714285714286,41.076218994141215,0.037459421887135046,-0.19940986568867405
2025-12-18,84.91597747802734,0.004783735695849334,-0.004685390080672047,-85.71428571428572,46.145093322538976,0.03768214171508397,-0.11836740499163095
2025-12-19,84.59904479980469,-0.0037323091323381297,-0.004578159662257008,-64.28571428571429,43.02069731946304,0.038218063064983245,-0.14780816020598905
2025-12-22,84.41544342041016,-0.0021702535747183394,-0.004611355696401639,-64.28571428571429,41.277111046807576,0.03858718548536229,-0.13514583559014837
2025-12-23,84.55072021484375,0.0016025123952720932,-0.004442057360517033,-64.28571428571429,43.10672301328791,0.037015409433695454,0.1157148280625817
2025-12-24,85.06285858154297,0.006057173320320297,-0.0037586150126009943,-57.142857142857146,49.51920891137077,0.03350732287313441,0.39821878056089594
2025-12-26,84.78262329101562,-0.0032944494835981386,-0.003475529832786749,-21.42857142857143,46.435084352354636,0.02636798154130166,0.3464832237693425
2025-12-29,85.10151672363281,0.003761306506435691,-0.0028934683001796825,-21.42857142857143,50.233502085652006,0.019960366733201108,0.5801858609109729
2025-12-30,84.89857482910156,-0.0023847036145113742,-0.002611126350600405,-21.42857142857143,47.90532040805459,0.018862347965456147,0.6376730858644167
2025-12-31,84.2221908569336,-0.007966964975908097,-0.0030142990696138765,-21.42857142857143,41.07275866692902,0.018280169833121033,0.2663449712785596
2026-01-02,84.09656524658203,-0.001491597512168208,-0.003403459227437757,-21.42857142857143,39.93353975969529,0.01609389923988222,-0.279386630979246
2026-01-05,84.51206970214844,0.0049408017360530465,-0.003255818677970803,50.0,45.334249189792125,0.014771732264014136,-0.2697714916841119
2026-01-06,84.338134765625,-0.0020581076423338285,-0.00328709727472691,50.0,43.568272627895915,0.014806478546359234,0.029722518723635072
2026-01-07,84.83094024658203,0.005843210575222413,-0.002786475713765997,50.0,49.563144434331946,0.014997819078155358,0.21383795839346115
2026-01-08,84.4057846069336,-0.0050117992139733225,-0.002791247913139121,-42.85714285714286,45.11074933581342,0.01512441265595994,0.18050378260569566
2026-01-09,84.96622467041016,0.0066398300316317105,-0.0022078483807918565,-42.85714285714286,51.31888595185274,0.01501969276926725,0.598876769813232
2026-01-12,84.7149887084961,-0.0029568921402430837,-0.001981770328294689,-42.85714285714286,48.66183571384697,0.014748083308275659,0.7291821757767002
2026-01-13,84.85993957519531,0.0017110415631169662,-0.0016376339796220296,-42.85714285714286,50.261892863618215,0.013871384080707467,0.8716140716728391
2026-01-14,85.35275268554688,0.005807370507433296,-0.0008836036946761013,42.85714285714286,55.35638223212336,0.014667087407585948,1.089361523799395
2026-01-15,85.33340454101562,-0.0002266844820170144,-0.00030833076019194054,50.0,55.11768678096447,0.01604510772258497,0.7077330523090521
2026-01-16,84.84059143066406,-0.005775148817772635,-0.0003164709400498619,50.0,49.28799962927777,0.015914374002596463,0.1797563415025243
2026-01-20,83.7293701171875,-0.013097755387345589,-0.0013807588926317885,-14.285714285714286,39.215910458053074,0.018874994901335394,-0.36678499812632287
2026-01-21,84.36711120605469,0.007616695168906729,-0.0015759736073830519,-14.285714285714286,46.03211044664485,0.01913875787116639,-0.2750516420958606
2026-01-22,84.73431396484375,0.004352439636011951,-0.0013659886396224623,-14.285714285714286,49.54075501750519,0.018944252424475536,0.07050502922673399
2026-01-23,84.96622467041016,0.00273691606994797,-0.000970269476976627,-14.285714285714286,51.677500885943374,0.019093210262696246,0.39416994269787414
2026-01-26,85.3720703125,0.004776552608570572,-0.0002697728787101372,-14.285714285714286,55.248916955925765,0.019978784208491127,0.5060887808528446
2026-01-27,84.84059143066406,-0.006225442113450996,-0.00021947299498087527,-14.285714285714286,50.03379666737027,0.020006824691734388,0.32672376736925596
2026-01-28,84.6473617553711,-0.0022775616250965136,-0.0003587419664967886,-14.285714285714286,48.25053454518621,0.01959891815632126,0.3978997234151235
2026-01-29,84.66667175292969,0.0002281228517717615,-0.0004450757144928859,-14.285714285714286,48.4482715878362,0.01948651048178954,0.6217544764484689
2026-01-30,84.19319152832031,-0.005592285781482742,-0.0009591804087331657,-14.285714285714286,44.00792037719844,0.019566597812240433,0.26832706612346585
2026-02-02,83.95263671875,-0.0028571765151508277,-0.0015815187165020227,-14.285714285714286,41.90647987326048,0.020102709130704065,-0.21997591834130975
2026-02-03,84.15633392333984,0.0024263348067583568,-0.0018508847594195712,-14.285714285714286,44.33062334076083,0.020763860959202428,-0.19720332761607304
2026-02-04,83.94293212890625,-0.0025357781700422466,-0.0022518274102900546,-14.285714285714286,42.33741522275664,0.02183155708038534,-0.32901756435228224
2026-02-05,84.85472869873047,0.010862100556888077,-0.0016521694942055946,-14.285714285714286,52.22205497790727,0.021855396318855365,0.0701410035132012
2026-02-06,84.91292572021484,0.0006858429975187263,-0.0011269973969139301,28.571428571428573,52.778464219678845,0.021853552792263337,0.5009006661826534
2026-02-09,84.89352416992188,-0.00022848759630422766,-0.000721973564690145,28.571428571428573,52.55871266963922,0.02175720325943065,0.7921614933125751
2026-02-10,85.87322235107422,0.011540317011594414,0.0005183948617424793,100.0,61.31727475302144,0.025045122821545286,1.136879239473295
2026-02-11,85.41731262207031,-0.005309102378154851,0.0010599417601135576,35.714285714285715,56.12449354763519,0.026010227791015455,1.0023223939839676
2026-02-12,86.55221557617188,0.013286568252538489,0.002496708230404935,50.0,64.24249215154177,0.03142879792305103,1.1878738661072845
2026-02-13,87.02750396728516,0.005491348637921334,0.0040207931783972535,57.142857142857146,66.99652820458564,0.03852772424084966,1.3135921145043654
2026-02-17,87.17300415039062,0.0016718873513845711,0.005304240680683917,64.28571428571429,67.81379374056293,0.04498037927375824,1.162884333481981
2026-02-18,86.84320068359375,-0.003783321109685489,0.005975404992222269,64.28571428571429,63.9482668743023,0.046364025124073054,0.7943911225220808
2026-02-19,86.93051147460938,0.001005384305603041,0.006491043573663678,64.28571428571429,64.52478515012801,0.04875778260220994,0.6759943594948903
2026-02-20,86.72681427001953,-0.002343218751788223,0.0066544333333000485,64.28571428571429,62.03244308783602,0.05039152946310657,0.6312054501009663
2026-02-23,87.0468978881836,0.003690711123868873,0.006963382519429225,64.28571428571429,64.36192014941561,0.052791672554734485,0.5271741169392221
2026-02-24,87.20210266113281,0.0017830017693287736,0.007274516312405129,64.28571428571429,65.46826493809135,0.05546913390079304,0.44289154640704675
2026-02-25,87.21180725097656,0.00011128848442409911,0.00745314000447374,57.142857142857146,65.54030009136603,0.05711030080300673,0.381711207678071
2026-02-26,87.56098937988281,0.004003840075247789,0.007796962340558537,100.0,68.11744428540764,0.05876187195731669,0.4714803331171809
2026-02-27,88.09449005126953,0.006092903645390946,0.008435418552735684,92.85714285714286,71.61083736367078,0.06134955612979831,0.7674516447975435
2026-03-02,87.20984649658203,-0.010041985079573656,0.008157343804265369,92.85714285714286,59.8920756536006,0.059069523625332,0.7177606170892159
2026-03-03,87.03466033935547,-0.002008788735036071,0.007634568615140626,78.57142857142857,57.87235961865227,0.05451838373907344,0.7744354984456842
2026-03-04,86.76216888427734,-0.003130838381119161,0.006896958884229609,78.57142857142857,54.778039649606356,0.049391713701662926,0.4729603344470211
2026-03-05,86.41179656982422,-0.004038307466938118,0.005923452312366216,71.42857142857143,51.001949255972036,0.041501907847329156,0.4147666660477284
2026-03-06,86.09064483642578,-0.003716526517753116,0.004792656866562426,-35.714285714285715,47.75258811463413,0.03766071596398611,0.3275797656662647
2026-03-09,86.84002685546875,0.008704569706346366,0.004490074012641999,-35.714285714285715,54.96297522080391,0.032847763411437,0.6065879201130686
2026-03-10,85.91546630859375,-0.010646709591808245,0.0034213577761812446,-35.714285714285715,46.44643905990056,0.027949675406092358,0.2936467155457448
2026-03-11,84.8060073852539,-0.012913378359082128,0.0014963943828499584,-57.142857142857146,38.697589517049394,0.03326636485894478,-0.2122099509287679
2026-03-12,84.64054870605469,-0.00195102545563286,-0.00021995505628674014,-64.28571428571429,37.68775982129942,0.03725298048609383,-0.4661631900370623
2026-03-13,84.2220687866211,-0.004944201400287729,-0.0019686008870192975,-71.42857142857143,35.18676217285239,0.04491554037092809,-0.791523515573913
2026-03-16,84.8741226196289,0.007742078084781001,-0.0026770048349799907,-71.42857142857143,41.68084326884472,0.04786398090623912,-0.7679591814325112
2026-03-17,85.10769653320312,0.00275200386601937,-0.002985614765099271,-71.42857142857143,43.85114666578049,0.04923356517920777,-0.6906106362597058
2026-03-18,84.63082122802734,-0.005603198354566463,-0.0036666590010340037,-71.42857142857143,40.53449995147955,0.05203923665390036,-0.8452775101475226
2026-03-19,85.14662170410156,0.006094711933427366,-0.0036369209341426336,-71.42857142857143,45.349272701654854,0.05276315939130727,-0.6506073412532317
2026-03-20,83.53108215332031,-0.018973618899355893,-0.005201840721194518,-100.0,35.620971333349274,0.05884909949897811,-1.0174989084918815
2026-03-23,84.07608032226562,0.006524495491929239,-0.005755503101105688,-92.85714285714286,40.275556023425125,0.06099978440867925,-0.9740858266746175
2026-03-24,83.70626831054688,-0.004398540111542393,-0.006529714614447576,-100.0,38.25444984020915,0.06312796858090455,-0.7762490298336011
2026-03-25,84.51403045654297,0.009649960060330587,-0.006212210960333942,-78.57142857142857,44.77347249081319,0.06211395564945213,-0.41843134205009985
2026-03-26,83.8035888671875,-0.008406197000872861,-0.006668190174339533,-78.57142857142857,40.703102374448164,0.060792862559801854,-0.3649457716914907
2026-03-27,83.3461685180664,-0.005458242961957405,-0.007383905830687223,-100.0,38.289505850396246,0.056795223358366086,-0.4298957927283165
2026-03-30,84.45565032958984,0.013311731435896146,-0.006680992207271317,-92.85714285714286,46.56596406807245,0.052608146992971165,-0.35425319241029607
2026-03-31,84.36804962158203,-0.001037239162400061,-0.006219331583579971,-85.71428571428572,46.0409130042397,0.04815400104309179,-0.4844192179917075
2026-04-01,84.28499603271484,-0.0009844199224672279,-0.005865624595963048,-42.85714285714286,45.516901161691735,0.04389170683367618,-0.6917374699383275
2026-04-02,84.80286407470703,0.006144249467499252,-0.004996021147635582,-42.85714285714286,49.385200608256966,0.040045674903381956,-0.51389860832346
2026-04-06,84.66606140136719,-0.001613184587956007,-0.004421657155937629,-42.85714285714286,48.40744436875875,0.036953699572609404,-0.39201196753432543
2026-04-07,84.65630340576172,-0.00011525274051915613,-0.0039245892634290295,-42.85714285714286,48.33393602223184,0.02781799097204103,-0.15302630873209924
2026-04-08,84.92987823486328,0.003231594318385378,-0.003221822009844372,-42.85714285714286,50.598900103391145,0.02366950636248961,-0.1068959720522426
2026-04-09,84.71491241455078,-0.002531097710019581,-0.0028535430550261924,-42.85714285714286,48.78899512670986,0.023525940331463876,-0.10121559644913822
2026-04-10,84.50972747802734,-0.002422063963418486,-0.0027258965200298796,50.0,47.058718506951244,0.023431114544830132,-0.09920661006755417
2026-04-13,84.76377868652344,0.0030061771121216996,-0.0023425449859401965,50.0,49.449183116421224,0.02358399299251032,-0.010967322514128262
2026-04-14,85.21324157714844,0.0053025348514395,-0.001590475857815569,50.0,53.45353157972915,0.024513572616636517,0.14811202575246663
2026-04-15,84.84194946289062,-0.004357211477768463,-0.0013462531138589452,50.0,49.93459238391982,0.02387668858774506,0.15481859959819166
2026-04-16,84.30453491210938,-0.006334302242976042,-0.0016498665301111612,50.0,45.28739539663154,0.023838744316110272,0.01099730037519724
2026-04-17,85.07644653320312,0.009156228925270682,-0.001121534205331749,50.0,52.17249379269842,0.0236135171787611,-0.019347409952311004
2026-04-20,85.05691528320312,-0.00022957294052450283,-0.0007250257980078772,7.142857142857143,51.9942046716998,0.02230791786705327,0.04951835586071135
2026-04-21,84.58789825439453,-0.00551415516594933,-0.0008504721509560134,7.142857142857143,47.772351526194484,0.02181962913560908,-0.08042721228014424
2026-04-22,84.75399780273438,0.001963632526254644,-0.0007777444563534721,7.142857142857143,49.34115306744478,0.01997664392004352,-0.24429655398838984
2026-04-23,84.568359375,-0.0021903206048928814,-0.0008898822936236312,7.142857142857143,47.61953505020939,0.01996300893353522,-0.3447839534220777
2026-04-24,84.72468566894531,0.0018485198849857998,-0.0008172898242094042,7.142857142857143,49.22616660431268,0.01809072073988769,-0.2222915196035763
2026-04-27,84.30453491210938,-0.004959012282177655,-0.001153699885851987,7.142857142857143,45.21231349645809,0.012224092379785157,-0.26835391335362274
2026-04-28,84.39247131347656,0.0010430803213477002,-0.0013163484879517233,-100.0,46.20106545016874,0.012369920625518631,-0.11172216374702823
2026-04-29,83.7378158569336,-0.007757273206412507,-0.002064549552122725,-78.57142857142857,40.361265690238106,0.01544714743169614,-0.13184885246108302
2026-04-30,83.6596450805664,-0.0009335182147661714,-0.0026961420919375378,-85.71428571428572,39.71572331199308,0.018181190958149622,-0.15969882058275303
2026-05-01,83.9587631225586,0.0035754161006078533,-0.002863287065256196,-85.71428571428572,43.44330259708472,0.01925620644508666,-0.20629763192095113
2026-05-04,83.32130432128906,-0.007592522537986923,-0.0036021574935355917,-100.0,38.04437520234164,0.023135284481941992,-0.3244660761566441
2026-05-05,83.78223419189453,0.005531956974990537,-0.0036612818502636648,-78.57142857142857,43.51096199609867,0.024234368092506817,-0.19916268503994466
2026-05-06,84.4197006225586,0.007608611023716794,-0.003051236361152594,-78.57142857142857,50.072190577146735,0.0236986030729954,-0.042345785783392556
2026-05-07,83.99800109863281,-0.004995273861621574,-0.002973506119896474,-78.57142857142857,46.24551956247739,0.0239124605489817,-0.21497631247609125
2026-05-08,84.4197006225586,0.005020351894214903,-0.002453915316785169,-57.142857142857146,50.333186621658975,0.02388489510404271,-0.4287351609261142
2026-05-11,83.90972137451172,-0.006040998064266945,-0.002527673649265738,-57.142857142857146,45.79756030226661,0.024042000740442993,-0.6605229039562619
2026-05-12,83.35072326660156,-0.006661899226374501,-0.003097036913154895,-57.142857142857146,41.39437752705968,0.024268741016958376,-0.8967184942447693
2026-05-13,83.16439056396484,-0.0022355259238809877,-0.003681105621083338,-100.0,40.013379580611826,0.02590313050034728,-0.9713012983729841
2026-05-14,83.2820816040039,0.001415161456014502,-0.003972810294379922,-92.85714285714286,41.344446274207115,0.02745942245322779,-1.2704573608169014
2026-05-15,82.04637908935547,-0.014837555580371475,-0.0054242607266121075,-100.0,33.05176015931274,0.03303182849597183,-1.7054250003633826
2026-05-18,81.94830322265625,-0.0011953710546129814,-0.00655593711235857,-50.0,32.49467302800044,0.037046328938989244,-1.7868428779730263
2026-05-19,81.41871643066406,-0.00646244975388055,-0.007929547842927372,-57.142857142857146,29.59404196877121,0.04369705357533553,-1.5958232670355308
2026-05-20,82.29155731201172,0.010720395992621201,-0.007941637830126972,-57.142857142857146,39.223438381128624,0.0442345846908317,-0.8520956166395334
2026-05-21,82.59557342529297,0.0036943779314877467,-0.007603703086005379,-57.142857142857146,42.18925585462476,0.04379098202050489,-0.18107597052889207
2026-05-22,83.04669952392578,0.005461867748165039,-0.006802331634488221,-57.142857142857146,46.37132664847789,0.041613080733506495,0.47340471191312666
2026-05-26,83.4585952758789,0.004959808810155675,-0.005705366593852391,-57.142857142857146,49.932650475715214,0.04032483087798513,0.6384987721050058
2026-05-27,83.65474700927734,0.002350287981124577,-0.00460888571441492,-57.142857142857146,51.581625720223954,0.03876783821834241,0.6168485017250531
2026-05-28,84.08625793457031,0.005158235972491987,-0.0032793787556423624,-57.142857142857146,55.08611313145071,0.03940752460607833,0.7470796780874225
2026-05-29,84.10588073730469,0.00023336515640459687,-0.0021997715869225003,-50.0,55.244752942977584,0.040148222857567875,0.7333587522703093
2026-06-01,84.15116882324219,0.0005384651529771745,-0.0012858094921834814,50.0,55.634234711356356,0.040548684855212874,0.9366585772064301
2026-06-02,84.3283920288086,0.0021060100298626594,-0.00038720050396058147,64.28571428571429,57.20376619206584,0.04186650792658272,0.9106611288536519
2026-06-03,83.9936294555664,-0.003969749276469314,2.467922503157162e-06,64.28571428571429,53.363450306945595,0.04215632488166525,0.877290779676359
2026-06-04,84.18070220947266,0.0022272255064916813,0.00048553366322251577,64.28571428571429,55.174481669885665,0.04155604660971588,0.6907551675142507
2026-06-05,83.74748229980469,-0.005146309050617748,0.00045026052634630775,64.28571428571429,50.30284737711892,0.04120864819606698,0.43447647799189565
2026-06-08,83.31428527832031,-0.0051726572499647405,2.907312675434946e-06,64.28571428571429,45.935234914649406,0.03954618782368556,0.008106659268602602
2026-06-09,83.80656433105469,0.005908699223546865,0.00012118272789280174,64.28571428571429,51.12825445013732,0.03938078453810778,0.02895417250773624
2026-06-10,83.57026672363281,-0.002819559652731285,-1.2476283586180477e-05,57.142857142857146,48.70971128495369,0.039475982400101015,-0.069338495059233
2026-06-11,84.65328979492188,0.012959430593546095,0.000904754469457667,100.0,58.418337728418365,0.041810751890299605,0.27309774855667956
2026-06-12,84.446533203125,-0.002442392874485555,0.0014215842119705657,92.85714285714286,56.23008379528734,0.04320217633465625,0.5921789437040571
2026-06-15,84.39730834960938,-0.0005829114784051681,0.001763099542626239,100.0,55.6951797482686,0.04136157366072353,0.5041280595575695
2026-06-16,84.86005401611328,0.005482943420269004,0.002433967115378005,42.85714285714286,59.587147802420105,0.03940759234331549,0.4721097078460595
2026-06-17,84.9979019165039,0.0016244144785064751,0.0030639763896649704,50.0,60.694818265784036,0.03269515407674065,0.49538592541071097
2026-06-18,85.41141510009766,0.00486498106741462,0.003894890041468885,57.142857142857146,63.89200724533758,0.031411135105752164,0.2189093125547573
2026-06-22,84.7615966796875,-0.007608098046948397,0.003936159533223939,57.142857142857146,56.16092814937221,0.02793862500021512,-0.024617364440538237
2026-06-23,84.8698959350586,0.0012776924882662577,0.003997059341491623,57.142857142857146,57.09276997255982,0.026113171057757394,-0.213013404671391
2026-06-24,86.03168487548828,0.013689058147528188,0.0050263561195867165,78.57142857142857,65.55200745005978,0.03057604340096293,-0.027121047852405235
2026-06-25,86.00215911865234,-0.0003431963105066105,0.005792404993043308,85.71428571428572,65.20019748727634,0.03381517556965378,-0.2009970363629033
2026-06-26,86.01200103759766,0.00011443804488364684,0.006333627593153435,85.71428571428572,65.26711294464269,0.036915277426129336,-0.016775164299110367
2026-06-29,86.10060119628906,0.0010300906573801338,0.006761211399321712,85.71428571428572,65.90274887527461,0.039614025215098124,0.11805764841310619
2026-06-30,85.08650207519531,-0.011778072475729262,0.006157227348637132,71.42857142857143,53.77275840401181,0.039364059594729495,-0.1696730775128274
2026-07-01,84.51136779785156,-0.0067594067603751196,0.005045611092496338,71.42857142857143,48.338687363934326,0.03919720016372512,-0.44103518803276687
2026-07-02,84.5014877319336,-0.00011690812934894712,0.004075507742295845,64.28571428571429,48.248484164128904,0.038452880058556294,-0.6022624509486405
2026-07-06,84.44219207763672,-0.0007017113649523399,0.0032148274280193244,57.142857142857146,47.673505296646965,0.03809844762513492,-0.45010715620497804
2026-07-07,83.55281066894531,-0.010532429189826109,0.0016791182661861862,-50.0,39.97797033501341,0.03873536017929055,-0.642154787732102
2026-07-08,83.36505126953125,-0.002247194294372812,0.00025128256684365825,-57.142857142857146,38.56273745625248,0.03852525896839171,-0.4880110624753243
2026-07-09,83.4935073852539,0.0015408869036419581,-0.0007491445966824733,-57.142857142857146,40.12442675404197,0.03952502475048149,-0.3591982672305225
2026-07-10,83.4737548828125,-0.00023657531058385306,-0.0015433521220866882,-57.142857142857146,39.95623706000638,0.03986010453472662,-0.26018332685022655
2026-07-13,82.97965240478516,-0.005919255444073457,-0.002635660001635528,-78.57142857142857,35.90217082495984,0.04386958809907753,-0.38427109289394007
2026-07-14,83.0883560180664,0.0013100032373114523,-0.0033453366189570245,-78.57142857142857,37.40685266597368,0.046795534394356186,-0.6635478427740102
2026-07-15,83.24646759033203,0.00190293297211519,-0.003707073920325575,-78.57142857142857,39.62683571186156,0.04883732027828019,-0.7311590641294271
2026-07-16,83.2168197631836,-0.0003561451675564431,-0.0039830475588857744,-100.0,39.34504491208251,0.050588969632216076,-0.4238953428218432
2026-07-17,83.52316284179688,0.003681263949824931,-0.003845023979085243,-85.71428571428572,43.79268979185138,0.05115361430860242,-0.4960344489234903
2026-07-20,82.90058898925781,-0.007453906573417157,-0.004331413184767159,-85.71428571428572,37.73657874528302,0.05213178640229906,-0.7083527616464399
2026-07-21,82.67330932617188,-0.002741592862692266,-0.004872564265854919,-100.0,35.79069570489018,0.05435867885920184,-0.6785830759894818
2026-07-22,82.45589447021484,-0.0026298071013374225,-0.005455818838383095,-100.0,33.98535433619665,0.05655733457865586,-0.7396757206869148
2026-07-23,82.18907928466797,-0.0032358533887866248,-0.006118473480895003,-100.0,31.86133175764964,0.05533162178376667,-0.5147105608619345
2026-07-24,82.26813507080078,0.0009618770135992882,-0.006471089266606766,-92.85714285714286,33.19360457844,0.05238535633862972,-0.5655849732936311
2026-07-27,82.76223754882812,0.006006000714640081,-0.006162096360973603,-85.71428571428572,40.963073288319784,0.046341157443128736,-0.43984521613901983
2026-07-28,83.24646759033203,0.005850857297305723,-0.005381829492722015,-28.571428571428573,47.417185226061854,0.03648264714714616,-0.13968085805267486
2026-07-29,81.87285614013672,-0.016500537379616542,-0.006155105409854537,-57.142857142857146,35.54587165224346,0.03433981284401119,-0.43634383599776855
2026-07-30,81.82344818115234,-0.000603471789231369,-0.006672229066766031,-64.28571428571429,35.20445996150131,0.03397181738203808,-0.2634557429992423
2026-07-31,81.2799301147461,-0.006642571029308542,-0.007578667750259585,-71.42857142857143,31.60790511982905,0.03493528593336186,0.013018385442361306
2026-08-03,81.5478286743164,0.003295998891634344,-0.007878620872488107,-71.42857142857143,35.125947798143024,0.03326564873119654,0.14653085183357017
2026-08-04,82.17289733886719,0.007665055890662131,-0.007375358410681113,-71.42857142857143,42.55130571070453,0.03256074921065702,0.5931205195044084
2026-08-05,82.35150146484375,0.002173516229323491,-0.006755899074243856,-71.42857142857143,44.50583477148341,0.03182602205360585,0.7648074605425194
2026-08-06,81.875244140625,-0.00578322575480994,-0.006706233228559793,-71.42857142857143,40.54460605851864,0.03127618635038867,0.5972124145230083
2026-08-07,82.11337280273438,0.0029084330020485716,-0.006309744555729343,-21.42857142857143,43.2637266045406,0.02983563048259164,0.9980791018585844
2026-08-10,81.41883850097656,-0.008458236192859014,-0.006673614550971164,-21.42857142857143,37.82953535796688,0.03131334044548712,0.7159900026886034
2026-08-11,81.5478286743164,0.0015842792124614036,-0.006703473623769729,-21.42857142857143,39.35312164364231,0.031601011514686014,0.3864235733171339
2026-08-12,81.46845245361328,-0.0009733701312898413,-0.006742956258309525,-21.42857142857143,38.72421805512943,0.031114855121495866,0.044418762041095905
2026-08-13,81.94469451904297,0.005845723726013441,-0.006189422814985791,-21.42857142857143,44.459283546561444,0.029256450086060752,-0.2879047106487983
2026-08-14,81.39900207519531,-0.006659277297334287,-0.006289015877085883,-21.42857142857143,39.85618648675028,0.026179526308793524,-0.4581211593131568
2026-08-17,80.71438598632812,-0.008410620172403904,-0.006992610715707192,-100.0,34.965090621859304,0.028162766044336637,-0.7784604641129251
2026-08-18,81.02196502685547,0.0038107090423686873,-0.0070913679518154445,-100.0,38.610123995898036,0.028658125162113315,-0.6503460723224164
2026-08-19,82.371337890625,0.01665440801543472,-0.005685481325922902,-64.28571428571429,51.46270750134106,0.02846809236723266,-0.06984058804331796
2026-08-20,81.6966552734375,-0.00819074491764793,-0.005307087830593992,-64.28571428571429,46.24898279981722,0.028299111556252695,0.001619472656034134
2026-08-21,81.40892028808594,-0.0035219922332011544,-0.0052126752388208745,-64.28571428571429,44.19269551847459,0.02825894161393334,-0.017980312411402844
2026-08-24,81.91493225097656,0.006215682029683922,-0.004540544972049727,-64.28571428571429,48.52694905362625,0.02619646376350248,-0.1698187890035469
2026-08-25,82.81782531738281,0.011022325742025885,-0.0030742716759630724,35.714285714285715,55.21120218637986,0.02355585334258522,0.12758887175593273
2026-08-26,82.64915466308594,-0.0020366467442302083,-0.0020959673286867265,35.714285714285715,53.805518220284846,0.02545325503214508,0.44525107193711355
2026-08-27,82.48047637939453,-0.002040895449917368,-0.0014664878051177364,35.714285714285715,52.36955377139648,0.026526918380473406,0.4914870130449803
2026-08-28,82.23242950439453,-0.0030073404748419685,-0.0011967362388110893,57.142857142857146,50.24593257960442,0.02617739595495348,0.18725389344118507
2026-08-31,81.875244140625,-0.004343607089347223,-0.0013205230742868224,57.142857142857146,47.27318767491291,0.025941166234677033,0.3972620819550963
2026-09-01,81.54159545898438,-0.004075086250339144,-0.001730498006985928,57.142857142857146,44.61769963655622,0.02595328925042664,0.27170970208840506
2026-09-02,81.62126922607422,0.0009770935513508938,-0.001947901270440962,57.142857142857146,45.40634589468201,0.025412853310495875,0.2658666641980125
2026-09-03,81.74079132080078,0.0014643498668895916,-0.0019776464103824993,57.142857142857146,46.6340481233294,0.025411337613498165,0.07513975930681895
2026-09-04,81.8802261352539,0.001705816792327175,-0.0018414275604994048,57.142857142857146,48.100348783810446,0.025190516571847486,-0.14314086760236452
2026-09-08,81.8702621459961,-0.00012168981118043654,-0.0017262745368318076,57.142857142857146,47.99885571953613,0.024851332977606236,-0.2181319856773338
2026-09-09,81.40216064453125,-0.005717601106859704,-0.0020842284204758647,-50.0,43.369081322334665,0.02508456886268485,-0.31243195111358707
2026-09-10,80.45596313476562,-0.011623739496270935,-0.0032987408158630526,-57.142857142857146,35.843131185089035,0.02876768002025966,-0.7110662593524758
2026-09-11,80.54560852050781,0.0011142167994686591,-0.004100033538911427,-57.142857142857146,36.95930777649918,0.031421416547214656,-1.074615871863483
2026-09-14,80.60536193847656,0.0007418581728579898,-0.0046213714524079115,-71.42857142857143,37.73687891570817,0.03337661080749432,-1.1277739889047043
2026-09-15,80.38624572753906,-0.0027183825699429454,-0.00521055849086559,-71.42857142857143,35.98410344787018,0.03463884518458036,-0.9760244762085778
2026-09-16,80.55555725097656,0.002106225037693088,-0.0054234822924197415,-71.42857142857143,38.366287577324634,0.03595895969546472,-1.321758119126769
2026-09-17,81.45195007324219,0.011127634800822683,-0.004598235085107161,-71.42857142857143,49.15423491259082,0.03494387867896173,-0.9613996330719718
2026-09-18,80.92407989501953,-0.006480755558927576,-0.004492130914624005,-71.42857142857143,44.243124275302314,0.03555908835541319,-0.7839921916704253
2026-09-21,81.47187805175781,0.006769284957566679,-0.003768796588800334,-35.714285714285715,49.84358072005256,0.03554083537495035,-0.4606178211644719
2026-09-22,81.42207336425781,-0.0006113113959194116,-0.003233538838034206,-35.714285714285715,49.35816002097015,0.035283944819991656,-0.25552639483166883
2026-09-23,80.13724517822266,-0.015779851002899692,-0.004098994806761076,-85.71428571428572,38.8474683160568,0.03489893770448191,-0.4785888520982358
2026-09-24,79.1014175415039,-0.01292567063436112,-0.00579575039360501,-92.85714285714286,32.78588157767158,0.039578568871007885,-1.0705437949249568
2026-09-25,79.00182342529297,-0.0012590686653457528,-0.00712642616484164,-100.0,32.26459009840706,0.04331216698801189,-0.8626377266296896
2026-09-28,78.30463409423828,-0.008824977713507764,-0.008864254826604278,-100.0,28.8111204579408,0.050051740887519174,-0.598871060883718
2026-09-29,77.91619873046875,-0.004960566743751782,-0.010522987124626121,-100.0,27.072478257214673,0.05759163929564825,-0.3339434517005378
2026-09-30,77.4679946899414,-0.005752385868794674,-0.012197063096819259,-42.85714285714286,25.183981882086787,0.06596852488946972,-0.3777200479536787
2026-10-01,77.70999908447266,0.0031239274425503005,-0.013032049877272954,-50.0,28.100380620396542,0.07074572854312275,-0.04232203967913246
2026-10-02,77.4800033569336,-0.0029596670988124574,-0.013844562112572727,-50.0,27.022289060033195,0.0745981620276911,-0.20223257405960113
