Date,close,open_ret,high_ret,low_ret,close_ret,volume_chg
2006-08-21,1.237282633781433,-0.012232346618655576,0.0030581431057428166,-0.01529048972439817,0.0,0.47141373045922563
2006-08-22,1.237282633781433,0.0030581431057428166,0.009174429317228006,-0.0030582183738475655,0.0,0.05428766380164873
2006-08-23,1.237282633781433,0.0030581431057428166,0.009174429317228006,-0.0030582183738475655,0.0,-0.011508302047865016
2006-08-24,1.2448501586914062,0.003058102976385646,0.006116245959781219,-0.00611610016949482,0.006116245959781219,-0.03401140218063148
2006-08-25,1.237282633781433,-0.006079064903625198,4.0007011481435484e-08,-0.009118692169488685,-0.006079064903625198,0.3567963749024585
2006-08-28,1.248633861541748,0.003058035212250898,0.012232463542635408,-0.0030583256094358635,0.009174320765840571,0.5288447675934194
2006-08-29,1.2448501586914062,6.755754156095861e-08,0.006060527120012038,-0.0060606157564665475,-0.0030302740994625488,-0.1000056516326211
2006-08-30,1.241066336631775,-2.8084441217046674e-08,0.0030395241639096238,-0.009118759640033614,-0.003039580332791947,-0.9695384144088948
2006-08-31,1.2334985733032229,-7.783001421124425e-08,-7.783001421124425e-08,-0.009146310141611602,-0.006097791153606424,0.37638545669060264
2006-09-01,1.2259314060211182,2.7582872652587298e-08,0.0030676274312948504,-0.009202243469397242,-0.006134719119974652,0.2755135175061021
2006-09-04,1.229715347290039,1.255252728427081e-07,0.006172740255793396,-0.0030863337700535176,0.003086584820599425,-0.31731306143597493
2006-09-05,1.237282633781433,-7.18666803845025e-09,0.015384575464677308,-0.0030769691557059886,0.006153689557563347,0.3668274396022575
2006-09-06,1.2448501586914062,-4.0007009705078644e-08,0.006116245959781219,-0.0030582582585072515,0.006116245959781219,-0.5863104700372403
2006-09-07,1.237282633781433,4.0007011481435484e-08,0.006079144917648049,-0.009118692169488685,-0.006079064903625198,0.38527852118645356
2006-09-08,1.241066336631775,-6.809144970087999e-08,0.006116217703568738,-0.003058286257058951,0.003058074806059352,-0.47669869208793614
2006-09-11,1.2524179220199585,1.7892756831727752e-07,0.009146638703448895,-0.0030486409977255047,0.009146638703448895,0.5554735210837691
2006-09-12,1.2751203775405884,-6.656462503418226e-08,0.02416897548691388,-0.0030212525899455667,0.018126900870289564,1.1395217468639736
2006-09-13,1.267552614212036,-0.002967544206316397,0.0059344250004038646,-0.005934940309830883,-0.005934940309830883,-0.4888450404843425
2006-09-14,1.263769030570984,1.6110444334138663e-07,0.008955279840476393,-0.008955178043579148,-0.0029849519448972295,-0.7880536862266787
2006-09-15,1.3091734647750854,-3.5229943673442676e-07,0.044909720840299094,-3.5229943673442676e-07,0.03592779464107232,1.7344427229500532
2006-09-18,1.3016059398651123,0.005780528743255742,0.00867045452197579,-0.01156051976161998,-0.005780383664645394,-0.9861979759345267
2006-09-19,1.2978224754333496,2.482809484671833e-07,0.0058142776731500145,-0.008720581161917318,-0.0029067664151523065,-0.502797242451372
2006-09-20,1.2789037227630615,-7.35594517520255e-08,0.0029154155686919037,-0.017492506028932153,-0.014577303929006913,0.36837847166104254
2006-09-21,1.2826875448226929,2.7085509612945202e-08,0.00887588072294565,-0.005916990217117002,0.0029586449646548107,-0.21412057512101157
2006-09-22,1.263769030570984,0.002950004056898381,0.0058998945931267865,-0.017699011885437432,-0.014749121349208916,0.20122455221778068
2006-09-25,1.2599852085113523,-0.0029940772151396677,0.0029940229125653417,-0.011976006334823985,-0.0029940772151396677,-0.330690613903144
2006-09-26,1.2562012672424316,-0.0030031632461712254,-0.0030031632461712254,-0.009009023579797937,-0.0030031632461712254,-0.5848786635287375
2006-09-27,1.263769030570984,1.493627941329123e-07,0.00602432390883112,-0.003011715506536894,0.00602432390883112,0.1921303871757729
2006-09-28,1.2562012672424316,-1.4936277215049643e-07,-1.4936277215049643e-07,-0.008982077384761644,-0.005988248758662218,0.08641406123942375
2006-09-29,1.2599852085113523,0.0030122094027393853,0.009036383785212099,1.2221150313962426e-07,0.0030122094027393853,0.6392683655946527
2006-10-09,1.2864711284637451,0.0030027958959051304,0.024023858826621503,-0.009009145034913235,0.021020818159988908,1.5137406402138218
2006-10-10,1.267552614212036,-0.005882317720583452,-0.0029411034514810197,-0.017646957626359372,-0.014705743357257495,-1.0003106670543112
2006-10-11,1.267552614212036,0.0,0.0059702986075036435,-0.005970225136851748,0.0,-0.6144323606741615
2006-10-12,1.2599852085113523,1.3395315212605396e-07,0.0029852469214433075,-0.011940097508029046,-0.005970091983430459,0.10717348285920636
2006-10-13,1.271336317062378,-2.003316881271644e-07,0.018017822733099376,-2.003316881271644e-07,0.009008922068566738,0.5551885049355434
2006-10-16,1.267552614212036,0.002976368020359166,0.005952303402196213,-0.005952390401033347,-0.0029761620112330744,-0.9318784028984801
2006-10-17,1.263769030570984,-0.0029849519448972295,1.6110444334138663e-07,-0.008955178043579148,-0.0029849519448972295,0.017040080980468275
2006-10-18,1.271336317062378,-0.0029942769470192587,0.005987871445128468,-0.008982154803289455,0.005987871445128468,0.09994780527928526
2006-10-19,1.263769030570984,2.27483021530972e-07,2.27483021530972e-07,-0.011904687994115037,-0.005952230255546587,0.13467908587724153
2006-10-20,1.267552614212036,-1.6110441736216785e-07,0.011975816474899537,-0.002994210767207517,0.0029938885583724595,0.0944910579083107
2006-10-23,1.2524179220199585,1.4163283501567037e-07,0.0029852546240509703,-0.014925202911259094,-0.01194008992004314,-0.12167126575233311
2006-10-24,1.2751203775405884,-6.656462503418226e-08,0.018126900870289564,-6.656462503418226e-08,0.018126900870289564,0.1512995183386181
2006-10-25,1.2751203775405884,0.0,0.014836762527517644,-0.0059348656871555105,0.0,0.7838222415020972
2006-10-26,1.2826875448226929,-2.7484430398239112e-08,0.011869265355981984,-0.0059348930084696105,0.005934472866553797,-0.0029433740268274278
2006-10-27,1.248633861541748,-1.2435158391888024e-07,-1.2435158391888024e-07,-0.02949858707447539,-0.02654869723994402,0.04087646746109996
2006-10-30,1.2334985733032229,-3.835691875231362e-08,-3.835691875231362e-08,-0.015151521285640346,-0.01212147828494492,-0.5276320464271151
2006-10-31,1.241066336631775,0.006135202336137402,0.015337775846808288,7.783001998440398e-08,0.006135202336137402,-0.5248007667341419
2006-11-01,1.248633861541748,0.003048779786332556,0.006097599045761903,-0.006097753030578801,0.006097599045761903,0.15188052736897717
2006-11-02,1.241066336631775,3.94730985675551e-08,3.94730985675551e-08,-0.009090985242597216,-0.0060606436706988065,-0.30486052021134924
2006-11-03,1.2562012672424316,4.9036375626698714e-08,0.021341560625437905,-0.0030487704929030857,0.012195102037601435,0.7344475514867241
2006-11-06,1.263769030570984,-0.006023802779555054,0.00602432390883112,-0.009035890052573547,0.00602432390883112,-0.29584764508256356
2006-11-07,1.271336317062378,0.0029938219810792255,0.011975749301398775,-0.0029942769470192587,0.005987871445128468,0.2792606372838726
2006-11-08,1.2562012672424316,7.812021585174023e-08,0.0029763797969539763,-0.011904835578769757,-0.011904835578769757,-0.820402989986075
2006-11-09,1.267552614212036,-0.0030118761257533766,0.012048335409384103,-0.0030118761257533766,0.009036248621625997,0.3348748834616586
2006-11-10,1.271336317062378,-6.637856309055223e-08,0.020895573272093237,-6.637856309055223e-08,0.0029850459917153405,1.4727346554836238
2006-11-13,1.2789037227630615,0.0029763885796274536,0.023809474971336897,8.687682684360709e-08,0.005952324022465705,-0.4642608398610406
2006-11-14,1.294039011001587,0.005917271232427801,0.017751524392034312,3.542479176665836e-08,0.011834579858619687,-0.23976332165939596
2006-11-15,1.2978224754333496,0.0029237638120618303,0.0029237638120618303,-0.01461981368895382,0.0029237638120618303,-0.11110266865430418
2006-11-16,1.3848484754562378,0.002915491411249249,0.09621014596822253,0.002915491411249249,0.06705539599615107,1.6926308706304276
2006-11-17,1.381064772605896,-0.00546448929221921,0.0054643415633950365,-0.01912566235718227,-0.002732214330593341,-0.7957605932313037
2006-11-20,1.3999837636947632,2.4028635103867657e-07,0.019178096893915253,-0.008219110844799316,0.013698844155708434,-0.17568899942820693
2006-11-21,1.392416000366211,-0.002702804726676389,-6.804860241960142e-08,-0.027027301787911018,-0.005405607925466072,-0.42360460223643415
2006-11-22,1.392416000366211,-0.005434852035384186,0.016304422341642866,-0.027173792001136454,0.0,0.4015744661756635
2006-11-23,1.4189022779464722,0.002717458673891615,0.02445666542663294,0.002717458673891615,0.01902181357675814,0.04475572312240317
2006-11-24,1.38863205909729,-0.010666680690744612,-0.005333542742141262,-0.02666668524052207,-0.02133354729191861,-0.453138711547286
2006-11-27,1.362146019935608,-0.0054492535265173725,-0.00272469085978877,-0.029972597720316352,-0.01907347521480951,-0.039773842885523436
2006-11-28,1.3583624362945557,-0.0027776637641470092,0.00833331530821102,-0.013888984679125693,-0.0027776637641470092,-0.3157969262727143
2006-11-29,1.3659296035766602,-0.013927571468913769,0.005570801341317155,-0.022284291194837325,0.005570801341317155,-0.19734603494228864
2006-11-30,1.3772810697555542,0.0027701273546263394,0.01108055143184039,-0.005539955826866172,0.008310432799150336,0.2876996417328037
2006-12-01,1.369713544845581,1.0389732563176324e-07,0.002747391667430099,-0.016483419871632266,-0.005494539260106346,-0.2086469569647953
2006-12-04,1.3999837636947632,-0.002762391032888889,0.03314933296350353,-0.011049518442838635,0.022099671105022756,0.8373777814698222
2006-12-05,1.38863205909729,-1.7880655756030706e-07,0.0027025575721668638,-0.013513661138054522,-0.008108454463439108,-0.43966398735606305
2006-12-06,1.3659296035766602,-9.237516085391917e-09,0.008174549380780327,-0.027247912029863985,-0.01634879115162302,0.09211030157846878
2006-12-07,1.3734972476959229,5.10329738467874e-08,0.022160864673851588,-0.008310032500127074,0.0055402885327668905,0.10911341312323586
2006-12-08,1.3734972476959229,-0.008264568157498431,0.0247932976515175,-0.013774009048512337,0.0,0.38520499614083903
2006-12-11,1.407550573348999,-0.0027549980583364553,0.024793151722874995,-0.008264709378762669,0.024793151722874995,-0.6037763121748476
2006-12-12,1.4605237245559692,0.008065102350726994,0.04569934793461505,0.005376894692505019,0.03763498961243772,0.9153889461062477
2006-12-13,1.437821388244629,0.005181492375608832,0.01295342104386421,-0.023315898224958165,-0.015543969556702897,-0.547200812675154
2006-12-14,1.4567394256591797,0.005262792825015072,0.013157432188185103,-0.010526680211777162,0.013157432188185103,-0.5455714589588645
2006-12-15,1.4605237245559692,3.505542371939896e-07,0.005195223657777248,-0.01038920386574893,0.002597787106006999,0.1789663298944184
2006-12-18,1.483225703239441,-3.1776433384589353e-07,0.018134430318674122,-0.005181792777161576,0.01554372469394405,0.4932485225482601
2006-12-19,1.5324146747589111,0.0025512483249761075,0.04081648214596312,0.0025512483249761075,0.033163510726681,0.25683455250722176
2006-12-20,1.5210633277893066,-0.00987665742560695,-0.0024691563047549714,-0.022222310310976545,-0.007407490385322957,-0.906685388881538
2006-12-21,1.5097121000289917,-0.0024876888302083344,0.009950034423271026,-0.012437879678099506,-0.007462692415846184,0.10879935804628005
2006-12-22,1.5134953260421753,-0.007519015958547759,0.017543522685931734,-0.010025374688980682,0.0025059254761956584,-0.10881711305325581
2006-12-25,1.6270078420639038,7.218859798818755e-08,0.10000007325428939,7.218859798818755e-08,0.07500024219999823,1.2074355386567817
2006-12-26,1.664844989776611,1.2169417695773177e-08,0.060465210649716106,-0.009302317252356862,0.023255664007562293,-0.16338333294105922
2006-12-27,1.6988985538482666,-1.9737206902181725e-07,0.03409091984255852,-0.020454554448717466,0.0204544953318595,-0.46399043460452916
2006-12-28,1.8691669702529907,0.0022272376774210567,0.1002228273248218,-0.006681561923795432,0.1002228273248218,0.7536774029111193
2006-12-29,2.054570436477661,0.01417028016244748,0.09919042502638287,0.010121644894765192,0.09919042502638287,0.2177408717837288
2007-01-04,2.1302452087402344,0.04788217901761049,0.0994474847273743,-0.011049793195815227,0.03683240589809578,0.1555629990496854
2007-01-05,1.9183558225631716,-0.058614567460592126,-0.051509856867719694,-0.09946713425651499,-0.09946713425651499,0.07740180361113147
2007-01-08,1.9221397638320925,-0.039447764227943494,0.013806864628775672,-0.047337216610148114,0.001972491872683557,-0.3460828861709757
2007-01-09,1.9599769115448,-0.00393714238123144,0.021653438282576598,-0.02559066591203052,0.019684909716072507,-0.2500362628575097
2007-01-10,1.9297068119049072,0.013513594729804401,0.021235510032098448,-0.025096551959271074,-0.015444110316603088,-0.15255817841653396
2007-01-11,1.865383267402649,-0.005882186670609246,-0.005882186670609246,-0.0392155602273937,-0.033333325096552624,-0.12801790079283393
2007-01-12,1.7897088527679443,-0.010141903192335211,0.00811360894136115,-0.046653127156850105,-0.040567756748495554,-0.34050477887319985
2007-01-15,1.8880857229232788,-0.004228544835162995,0.057082277416983906,-0.016913485124318783,0.05496808601197101,0.06569219275615623
2007-01-16,1.8691669702529907,0.012023999691327614,0.02204396896893357,-0.028056074715016144,-0.010020070826549432,0.04273490606027863
2007-01-17,1.84646475315094,1.7156067744217296e-07,0.020243047250072532,-0.024291438700903223,-0.01214563357011278,-0.08999674290278392
2007-01-18,1.8010601997375488,-0.010245645537002801,0.0020493932482572585,-0.047130963636002665,-0.02458999194861944,-0.152622146378814
2007-01-19,1.8351140022277832,0.004201677396101999,0.018907642562528748,-0.010504287770325194,0.018907642562528748,-0.14080962935541308
2007-01-22,1.8994371891021729,0.008247177528760918,0.035051330215072785,0.002061533565796303,0.035051330215072785,0.5843158129107557
2007-01-23,1.9372743368148804,0.007968043672178293,0.0258962615945455,-0.027888588289405436,0.01992018895375658,0.0841532092749766
2007-01-24,1.907004952430725,0.001953432860138715,0.005859637394346029,-0.019530932436153225,-0.015624727901945912,-0.344051209322803
2007-01-25,1.812411546707153,-0.009920668040312441,-0.009920668040312441,-0.051587277530088405,-0.04960312536315148,-0.14261014001555594
2007-01-26,1.8351140022277832,-0.018789324914659344,0.027139655671687857,-0.05636757241559165,0.01252610399766918,0.10573171330610265
2007-01-29,1.8918695449829104,-1.8152838154872342e-07,0.03505129216221947,-0.0061859267594440714,0.030927529671850085,0.17226994727385758
2007-01-30,1.8767353296279907,0.00400035076417371,0.010000330306926264,-0.023999717853174785,-0.007999608321331841,-0.07445702596819359
2007-01-31,1.8767353296279907,0.010080573729174924,0.04435480229330513,-0.012096827417477418,0.0,0.8468830179696702
2007-02-01,1.8351140022277832,-0.03427434178590438,-0.0020162714473968,-0.04838722274784957,-0.02217751578666005,-0.857157475024934
2007-02-02,1.763222336769104,0.006185189812800473,0.006185189812800473,-0.04123746658234162,-0.039175585479378605,-0.08260048750511118
2007-02-05,1.6724128723144531,-0.0021457690415548347,0.004292081971429829,-0.05364794334272316,-0.05150199300506164,-0.18681695205714988
2007-02-06,1.7443037033081057,0.004524828263262615,0.045248877017153966,-0.022624500449489493,0.04298629374585161,-0.126283009597163
2007-02-07,1.7594387531280518,0.0043383931166756096,0.032537998667015344,-0.004338400377315366,0.00867684325340945,0.16103789242062305
2007-02-08,1.7405200004577637,0.004301128564694778,0.006451693515181489,-0.021505333258330595,-0.010752720227773183,-0.6765110183751908
2007-02-09,1.7178175449371338,-6.062475421675373e-08,0.0021738799703661105,-0.02391308613628529,-0.013043490172281347,0.04396473489409658
2007-02-12,1.7556551694869995,-0.002202493532006411,0.022026567758248516,-0.006607619692608591,0.022026567758248516,-0.04658092192116925
2007-02-13,1.7556551694869995,0.006465599551879642,0.01077578707495408,-0.00862069331341686,0.0,-0.059479381656725394
2007-02-14,1.797276258468628,-9.792667232666474e-09,0.02370687006480332,-0.008620703021664622,0.02370687006480332,0.5786150391888718
2007-02-15,1.8691669702529907,0.004210306037287559,0.04210510104807086,0.004210306037287559,0.039999811629191306,0.390525322456039
2007-02-16,1.872950792312622,0.01214572251456203,0.016194356822176292,-0.008097150084230176,0.0020243360383793707,-0.013705111013994298
2007-02-26,1.884302020072937,-0.002020100429782623,0.008080839638477721,-0.030303090623375106,0.006060611846774089,-0.16425632528271805
2007-02-27,1.748087763786316,2.0394659738798282e-08,0.004016135943000432,-0.09236945106441596,-0.07228897216877606,0.3178904287563
2007-02-28,1.812411546707153,-0.00865804369348211,0.041125501771622996,-0.01515141991267599,0.0367966553243948,-0.5313998202943324
2007-03-01,1.763222336769104,-0.004175714399141883,-0.004175714399141883,-0.03757863837319719,-0.02714019893959385,-0.24704459931496459
2007-03-02,1.782140851020813,-0.0021459766295995886,0.017167466757707528,-0.004291926520829326,0.010729511450254803,-0.30736995017175417
2007-03-05,1.770789623260498,-0.002123304525256331,0.010615605166429676,-0.0254778503622356,-0.006369433568515603,0.16678894739202121
2007-03-06,1.8313302993774412,4.591385431851336e-07,0.04914577006040677,-0.012820011022646516,0.03418851981155813,0.6493487180691773
2007-03-07,1.8388972282409668,-1.4934903425078971e-07,0.012396495944225538,-0.004132533955479634,0.004131930141765272,-0.27955864138569453
2007-03-08,1.84646475315094,-2.7063959517903413e-08,0.00617289105369867,-0.010288122640019992,0.004115251681145793,-0.25882234725177966
2007-03-09,1.907004952430725,1.8189815964575473e-07,0.038934706572988365,-0.0020490248471702888,0.03278708633699878,1.2432503719719996
2007-03-12,1.9221397638320925,0.003968126395668126,0.029761807111603256,0.0019839745707577183,0.00793643004548894,-0.3713814469900818
2007-03-13,1.903220534324646,-5.594160401578563e-08,0.005905336130477279,-0.017716716659109122,-0.009842795962832551,-0.4946639158911559
2007-03-14,1.8578159809112549,-0.007952213305897682,-0.007952213305897682,-0.029820986893637436,-0.023856695845026143,-0.10815242273019976
2007-03-15,1.884302020072937,4.695153821288045e-08,0.024439774085355026,-0.0020366387493067073,0.01425654609165905,-0.18850027791206614
2007-03-16,1.8918695449829104,0.004016089156281044,0.024096369424062125,-0.00401594387398474,0.004016089156281044,0.6841000427896056
2007-03-19,2.001598358154297,0.014000226155995055,0.07800016217446681,0.010000174776329418,0.058000200628198106,0.38027112713906064
2007-03-20,2.001598358154297,0.0037807661825493,0.007561346257976664,-0.015122971676636121,0.0,-0.6892698662428351
2007-03-21,2.0091657638549805,-8.445438459681043e-08,0.013232503013426822,-0.005671233249255225,0.003780681408862563,0.0537200009568366
2007-03-22,1.9826794862747192,0.0037663646070456025,0.009416246189846156,-0.02071577576254391,-0.0131827239229092,0.045217910225755276
2007-03-23,1.967544436454773,5.084184939718739e-08,0.009542063130729694,-0.026717564778719227,-0.007633634142442114,-0.09268381363744638
2007-03-26,1.975111961364746,-2.5518322677164917e-08,0.011538488519144074,-0.009615343441413682,0.0038461773822038303,-0.04601283080553742
2007-03-27,1.9599769115448,-0.001915871760112542,-1.3882550820021322e-07,-0.015325625096743734,-0.007662881961125967,0.108634472760194
2007-03-28,2.016732931137085,-0.0019304543908597038,0.03474916840442721,-0.015444044645252952,0.028957493967391335,0.6764346644551296
2007-03-29,2.1453800201416016,0.005628680452480772,0.09943721332991173,0.003752391580236658,0.06378984892758321,0.5323694248290884
2007-03-30,2.099975109100342,-0.012345673373790556,-0.001763701489034375,-0.03174601304062685,-0.021164041155870783,-0.7729589770687433
2007-04-02,2.137812614440918,0.0018017399887626517,0.036036053786005606,0.0018017399887626517,0.01801807325077598,-0.41811148817966526
2007-04-03,2.152947425842285,0.0017696897703420866,0.008849511856432679,-0.008849738423125864,0.007079578116029328,-0.03763305175245435
2007-04-04,2.1302452087402344,0.0017576403739187896,0.00878743416481731,-0.015817190151410365,-0.010544715040205488,-0.08624757372827574
2007-04-05,2.152947425842285,-0.005328812236357727,0.01776180091523516,-0.017762098255558745,0.01065709102825596,0.0750089994112102
2007-04-06,2.1302452087402344,-0.010544715040205488,-0.003514921249307079,-0.019332000534838745,-0.010544715040205488,-0.13779510465075973
2007-04-09,2.1453800201416016,1.6293174365245022e-08,0.0124334792313896,-0.012433446645040647,0.007104727352170714,0.25032983502917716
2007-04-10,2.224838733673096,-1.1732311988588151e-07,0.04056433541716409,-0.01058208807820904,0.03703712758835609,0.63921680842315
2007-04-11,2.224838733673096,0.005101937452019811,0.011904576532410172,-0.013605529310418696,0.0,-0.2658677484217975
2007-04-12,2.205920457839966,0.0034016200542581476,0.006803024613492026,-0.018707342147608608,-0.008503212186483866,-0.07215714752042501
2007-04-13,2.179434299468994,-0.0017152100156017092,0.003430483851050603,-0.022298407654885666,-0.012006851052511203,-0.16901189874308997
2007-04-16,2.202136516571045,-0.005208545756172245,0.0156247916298351,-0.00694467857016523,0.010416564109127835,-0.1794591151386271
2007-04-17,2.1756505966186523,1.8643369958937228e-07,0.00171825230675271,-0.03608241092606901,-0.012027374212764008,0.188853909400013
2007-04-18,2.1453800201416016,-0.008695802693310495,-0.001739365517032132,-0.024348085972343725,-0.013913344598666999,-0.08052634514115908
2007-04-19,2.0507869720458984,7.040529270696538e-08,0.014109512089431009,-0.07760129454578246,-0.04409151162387526,0.20019331555689135
2007-04-20,2.0886242389678955,-2.3932450465835586e-08,0.023985064032371772,-0.003690107328302772,0.01845012058188078,-0.3742488554638719
2007-04-23,2.137812614440918,-1.4171506579341298e-07,0.03260860553581679,-0.009058047794695545,0.02355061027986971,0.4270302773752199
2007-04-24,2.115110158920288,0.0017697092269555181,0.0070795976757724866,-0.017699300922185524,-0.010619478698588813,-0.15075276369956825
2007-04-25,2.179434299468994,3.1984003423524143e-07,0.04651184384515439,-0.014311047017958045,0.030411721241763612,0.38854889761484657
2007-04-26,2.1718666553497314,0.010416681230144498,0.019097175385024645,-0.012152791585964051,-0.003472297431084015,-0.5789763772158274
2007-04-27,2.1264610290527344,0.0017418380459210958,0.006968211904549104,-0.024390631555981868,-0.020906267972370274,-0.07534236653118853
2007-04-30,2.1264610290527344,-0.007117352938213917,0.00889673496755039,-0.014234793465993545,0.0,-0.027171904604930575
2007-05-03,2.1264610290527344,-0.007117352938213917,0.00889673496755039,-0.014234793465993545,0.0,-19.202088633261916
2007-05-04,2.1264610290527344,-0.007117352938213917,0.00889673496755039,-0.014234793465993545,0.0,0.0
2007-05-08,2.1415960788726807,0.010676334916944086,0.01957307103176187,-0.003558635563833623,0.007117482809778197,19.457733259936735
2007-05-09,2.3080813884735107,0.010600911417976366,0.09540661879735013,0.0017669618233135953,0.07773889354918251,1.0359540983892863
2007-05-10,2.32321572303772,-0.0016396361311130647,0.0327865360073587,-0.0147543914306969,0.006557106105438804,-0.4285433481660661
2007-05-11,2.304296970367432,-0.008143347379532595,-0.0016286870614024007,-0.027687328333923955,-0.008143347379532595,-0.45860519746884165
2007-05-14,2.319432258605957,-0.004926030618128907,0.018062527610693824,-0.014778212123488177,0.006568288911177778,-0.1528860243267509
2007-05-15,2.2134876251220703,0.0032627341840532065,0.008156600027921623,-0.05220217617850853,-0.04567696818512057,0.18977490850716805
2007-05-16,2.2324061393737797,-0.003418952892884075,0.015384618680736262,-0.011965984983149047,0.008546925691832685,-0.5514723527308405
2007-05-17,2.2361903190612797,1.7551446074293153e-07,0.011864567972762474,-0.011864300376627002,0.0016951125607285178,0.1293171264287558
2007-05-18,2.198352813720703,-0.005076123735174631,-0.005076123735174631,-0.020304658351799065,-0.016920521038862324,-0.05411649369437299
2007-05-21,2.1756505966186523,-0.02581756825838699,-0.0034422367856498104,-0.03442336070150531,-0.010326921575262271,0.05625949628981175
2007-05-22,2.179434299468994,-3.911947699108964e-08,0.013912923267352495,-0.00695647750825501,0.001739113282354321,0.03048604515423392
2007-05-23,2.205920457839966,0.005208405530258364,0.020833519124027422,9.130610600927014e-08,0.012152767522023877,0.011047647616486245
2007-05-24,2.224838733673096,0.0017149041503252693,0.03430502090109622,-0.0034307882157293967,0.008576136898270192,0.2639087008014762
2007-05-25,2.1945688724517822,-0.0017006728126011117,1.127240345510927e-07,-0.020408141683820546,-0.013605418120054003,-0.27918438060605055
2007-05-28,2.2097036838531494,1.5738790715147388e-08,0.017241358738051993,-0.003448388655086454,0.006896485041482769,0.07405884975361232
2007-05-29,2.2324061393737797,0.0017123136395871263,0.01883556575130707,-3.685857219437594e-08,0.010273981840426272,0.18075111421913093
2007-05-30,2.073489189147949,-0.03559322821339295,-0.008474659001956097,-0.08135593369229432,-0.07118639723433517,0.22038652446233797
2007-05-31,2.1680827140808105,1.5704336209232395e-07,0.06751827681907252,-0.03832113946886406,0.04562045726012798,-0.08225889130450881
2007-06-01,2.1264610290527344,-2.7297966098682735e-07,0.024432583047970358,-0.020942684185601745,-0.01919746177475623,-0.23702234194589877
2007-06-04,1.9297068119049072,-0.005337836032718202,-0.005337836032718202,-0.09964395771109769,-0.09252660380777089,0.073354102133532
2007-06-05,1.9637607336044312,-0.009803841099568444,0.03529419413587531,-0.05882359149502936,0.017647199817835357,-0.18504955961005365
2007-06-06,1.956193447113037,0.003853571109279308,0.007707184834378156,-0.01734101983923153,-0.003853466647896764,-0.44964351444747663
2007-06-07,1.967544436454773,-0.003868521508710643,0.005802590412766984,-0.0077369472346190404,0.005802590412766984,0.12301123657635316
2007-06-08,1.9524098634719849,1.0506429459766764e-07,0.003846308467068349,-0.017307526255812,-0.007692112413002716,-0.19910560320476378
2007-06-11,1.9713282585144043,0.003875930218510071,0.013565783999323067,-0.009690036790899081,0.009689766168655245,0.0644366081007064
2007-06-12,1.967544436454773,-0.0038386489774092647,0.0038388030379832294,-0.02687128847082998,-0.001919427697182674,0.09634182272408154
2007-06-13,2.043219804763794,0.005769481813987065,0.053846554452782414,1.7629885240566523e-07,0.038461834409888596,0.5795579011427918
2007-06-14,1.9940307140350344,-0.005555826082126902,-2.0125038890927982e-07,-0.025926176991139638,-0.024074302047226936,-0.6634399514035572
2007-06-15,2.001598358154297,3.447073604334605e-08,0.015180306674899668,-0.017077701703912762,0.003795149225133576,-0.3184636632725599
2007-06-18,2.028084516525269,0.005670879257368311,0.0302455782328368,0.00378068243092633,0.01323250404511489,0.462742849551006
2007-06-19,2.024300336837769,-0.007462973331203049,0.016790785185106127,-0.01679126428199673,-0.0018658885547745419,-0.1783754960324302
2007-06-20,1.975111961364746,-0.005607398488242099,-0.0018690327029412535,-0.02803731717008473,-0.024298951384783996,0.0038196628983975245
2007-06-21,1.9788955450057983,-0.003831569052729522,0.01532566667734181,-0.01724141717055261,0.0019156299567129054,-0.3446438940376808
2007-06-22,1.9259233474731443,1.3711348589851013e-07,0.013384536117127865,-0.0382408953299318,-0.02676856677268369,0.23062096410879818
2007-06-25,1.8956537246704104,0.001964725014692359,0.01964658402341546,-0.019646264067246455,-0.015716940574217797,-0.02857969003600047
2007-06-26,1.903220534324646,-0.003992272594328217,0.00798382637225048,-0.01796440443102676,0.003991662377869742,-0.22543170511291422
2007-06-27,1.9334906339645384,0.00397628613104084,0.021869061684324675,-0.013916293695238613,0.01590467268189366,0.19062082178602324
2007-06-28,1.8956537246704104,0.0019571851418831443,0.0254405656997152,-0.021526195415948912,-0.019569222953278564,0.14836764910904066
2007-06-29,1.8994371891021729,-0.011976171461407947,0.015967798470716277,-0.017964368544733933,0.001995862631726242,-0.28138850416148387
2007-07-02,1.9107885360717771,-0.0019919675607146248,0.007968220628131961,-0.011952057691118956,0.005976163378674126,-0.3806198521163502
2007-07-03,1.94511353969574,0.007983822005998453,0.023951888389508014,0.0019958216757176572,0.01796378980508684,0.18013426250429987
2007-07-04,1.9146020412445068,0.003921572445319432,0.011764712746306527,-0.01960784845764274,-0.01568623004701608,-0.18269880088298152
2007-07-05,1.8535789251327517,-0.003983971634951899,-0.003983971634951899,-0.03386434167985808,-0.03187248044094304,0.20736911047345785
2007-07-06,1.9031606912612915,1.930058273202917e-07,0.030864486526306356,-0.010287904834332284,0.026749206875552378,-0.08689934130903154
2007-07-09,1.933671951293945,0.004007789381140103,0.024047823077346875,-0.004008342474874138,0.016031888517218595,0.4067700075312324
2007-07-10,1.94511353969574,0.003944615159445108,0.025640849903846075,0.003944615159445108,0.005917026615677168,0.2532133305492472
2007-07-11,1.975625276565552,0.009803924879861148,0.03333334628004003,-0.001960834080362295,0.01568635262010698,-0.3639852142159583
2007-07-12,1.9718114137649536,6.786349904253086e-08,0.0057914571873041165,-0.015444048794943654,-0.0019304585975071786,-0.7126456361708797
2007-07-13,1.9565553665161133,-1.2649676905951424e-07,0.003868393955399174,-0.015474113092041386,-0.007737072187705141,-0.36222118972487394
2007-07-16,1.918416142463684,2.8779715188775867e-07,0.005848220811883964,-0.019493046148926885,-0.019493046148926885,-0.01712770350540893
2007-07-17,1.9565553665161133,-2.8779706906512104e-07,0.02982096376180987,-0.005964381527285401,0.019880579196675185,0.20218888573246474
2007-07-18,1.967997670173645,-0.0058477735826903965,0.01364536781622383,-0.011695610450938587,0.005848188021331691,0.627089154105203
2007-07-19,1.960369348526001,-0.0019383666929165821,0.009689492855683435,-0.009690304857950971,-0.003876184287845752,-0.44170265842988243
2007-07-20,2.0175788402557373,2.431022605442479e-07,0.03696502600296392,-0.0038909530126435277,0.02918301684973401,1.256133092165669
2007-07-23,2.0633463859558105,0.011342183918389148,0.04347832652707595,0.011342183918389148,0.022684390214100292,0.2843040389252458
2007-07-24,2.0442771911621094,0.0018486559341936992,0.005545379134001216,-0.011090421202398448,-0.009241877623406225,-0.5375101540979017
2007-07-25,2.093858003616333,-1.0623530544151549e-07,0.027984858330995843,-0.0037315879079670156,0.02425346849662713,0.002666550283024094
2007-07-26,2.08241605758667,0.005464391682970415,0.009107424740642633,-0.010929167412931928,-0.005464528162798743,-0.1837549147442843
2007-07-27,2.059532642364502,-0.010988877625486504,-0.0036629567966056653,-0.01831479845436712,-0.010988877625486504,-0.15370957240973482
2007-07-30,2.08241605758667,-0.0018520589063926174,0.014814724719480754,-0.009259467652330655,0.011110974767506443,0.2954306051676667
2007-07-31,2.070973873138428,-0.001831617908691796,0.0018315221343006005,-0.016483637142947427,-0.005494667795398311,-0.2707162923736526
2007-08-01,2.0175788402557373,-7.0730525880691175e-09,0.009208304347438911,-0.029465860252539167,-0.025782571946102895,0.4503746400562676
2007-08-02,2.025207281112671,2.2072168603948228e-07,0.015123009629127493,-0.011341987275871435,0.0037809877387326996,-0.5236557576642298
2007-08-03,2.08241605758667,0.0018828662718282096,0.03201488114521478,-0.00376673587447085,0.028248356110278205,0.7203690891576322
2007-08-06,2.0862300395965576,0.007325912261566092,0.012820487067679576,-0.007326016752546405,0.001831517768023705,-0.2165161860682474
2007-08-07,2.0747878551483154,0.0018281737488354821,0.005484346950410224,-0.012797148997712116,-0.005484622611634404,-0.21000335035084206
2007-08-08,2.2311596870422363,-0.005514668624938768,0.09926471495127354,-0.011029444461382765,0.07536762445659417,1.5233368351844234
2007-08-09,2.2197184562683105,-0.013675132804587986,0.017094157654174102,-0.02222208313567653,-0.005127930035834005,-0.4908847799851799
2007-08-10,2.2159039974212646,-0.0017184426413512366,0.013745412806553947,-0.041237325307535655,-0.0017184426413512366,-0.4004887329139244
2007-08-13,2.406601905822754,2.1759405988142078e-07,0.09982811163109195,-0.005163444626750446,0.08605874109321165,0.918019965564806
2007-08-14,2.3646485805511475,0.001584920427599279,0.0031697266907506627,-0.033280349291950784,-0.017432598706957236,-0.7477390015784025
2007-08-15,2.36083459854126,-0.0016129170487558797,0.02419354498106463,-0.02419345223129321,-0.0016129170487558797,-0.19451127901907483
2007-08-16,2.269299030303955,-0.0032313872252028863,-0.0032313872252028863,-0.05815865440208701,-0.03877254607072611,-0.0025101196556356342
2007-08-17,2.1968345642089844,-0.011764371110180583,0.008403542550653231,-0.0336132269093008,-0.031932532966034266,-0.26889340725103494
2007-08-20,2.3265092372894287,0.024305641069487294,0.07638895557521508,0.015625060164979887,0.05902796468751692,0.2615790157770732
2007-08-21,2.36083459854126,0.04426226597626637,0.052459010242328574,0.01311465390468558,0.014754018897351617,0.5300035578547586
2007-08-22,2.322694778442383,-0.022617185116904914,0.017770407662367926,-0.03392580970480641,-0.016155227529469296,-0.5271399227334186
2007-08-23,2.3265092372894287,0.00164225574640664,0.024630651782231006,-0.014778234984352823,0.00164225574640664,-0.008772957259843395
2007-08-24,2.349392890930176,0.024590089036809815,0.03278675229265193,0.00327858703763817,0.009836046757935257,0.10760860515518189
2007-08-27,2.3646485805511475,0.00811693744830344,0.022727192344409453,-0.00324676283909775,0.006493460365810444,-0.08721295701776555
2007-08-28,2.322694778442383,-0.008064626266124364,-0.006451702821810734,-0.035484007236696535,-0.017742087536316342,-0.32832546692571896
2007-08-29,2.2654852867126465,-0.011494443659809117,-2.08982666838331e-07,-0.03119888060480791,-0.024630654126712836,0.010039056268588809
2007-08-30,2.295997142791748,0.011784609308384875,0.020202059658882554,1.9539187712247497e-07,0.013468132526861964,-0.2926701326258545
2007-08-31,2.3036253452301025,0.0016612411841185892,0.006644529960618595,-0.004983198364325703,0.0033223919560627646,-0.053987122845612134
2007-09-03,2.3303232192993164,0.006622471699887944,0.02483437841585112,0.004966821589646342,0.011589503529510381,0.492082397754217
2007-09-04,2.3341360092163086,0.0016361635525130591,0.011456089606975972,-0.014730406726644718,0.0016361635525130591,-0.2624950327703708
2007-09-05,2.3646485805511475,4.132726758587779e-07,0.02451029750572631,4.132726758587779e-07,0.013072319356867146,0.1997154782485424
2007-09-06,2.4371132850646973,0.0016127967121952747,0.032257785212759904,-0.004838976214097013,0.030645020621482777,0.566903321216337
2007-09-07,2.36083459854126,2.1274322081765717e-07,0.00938992769396041,-0.037558492989805625,-0.031298785735933476,-0.09492963330806248
2007-09-10,2.357020139694214,-0.012924110508663933,0.0048464712918305786,-0.030694851357066177,-0.001615724731162116,-0.5717060703090162
2007-09-11,2.2540435791015625,-0.0016182065455740968,-6.304820343583373e-08,-0.05177993809025527,-0.04368930025604745,-0.009293027510690166
2007-09-12,2.2540435791015625,-0.005076039814382982,0.011844315011153128,-0.0186125069163261,0.0,-0.4089124576213159
2007-09-13,2.269299030303955,0.0033840666055169333,0.011844243419698142,-0.008460330859202059,0.0067680373812795125,-0.22757781909093566
2007-09-14,2.2807412147521973,0.005042166896228606,0.008403471815306984,-0.011764440430830914,0.005042166896228606,0.08404919726680404
2007-09-17,2.288369417190552,1.7324344581126638e-07,0.010033664672678633,-0.008360973578183106,0.003344615508771742,0.4059359632171784
2007-09-18,2.288369417190552,0.0,0.0033333757218176885,-0.02166661402290393,0.0,0.14143356748066793
2007-09-19,2.2654852867126465,0.0016663745885481251,0.0066664366074995485,-0.018333627360649918,-0.010000190662397879,-0.7531137958490604
2007-09-20,2.2731130123138428,0.005050450862022604,0.015151505810040433,-0.005050521215064108,0.003366927892197724,0.18760023245511803
2007-09-21,2.269299030303955,6.393205076449249e-09,0.008389292304482598,-0.013422652842005167,-0.0016778673076203177,0.0657498442700657
2007-09-24,2.2654852867126465,-5.408761272196472e-08,0.006722803007656042,-0.01680674180167685,-0.0016805822152040628,-0.308675754077683
2007-09-25,2.227345943450928,0.0033670748035097287,0.008417727323423607,-0.021885359086625367,-0.01683495517954159,0.2507794336155946
2007-09-26,2.1968345642089844,1.5540864151120104e-08,0.006849502182369127,-0.015410886880218633,-0.013698536292333308,-0.33858044830493483
2007-09-27,2.238787889480591,0.0017359263562473082,0.024305484535284805,-0.0017361687378975033,0.019097170972777633,0.08103094614546436
2007-09-28,2.261671781539917,0.005110756860900567,0.011925153494498408,0.001703726262453742,0.010221554336099059,0.3131412997986267
2007-10-08,2.402787446975708,0.016863300546806625,0.08094413594290861,0.008431574542545395,0.06239440514207106,1.5239346828917846
2007-10-09,2.376089811325073,-0.007936466445841672,0.009523838742971469,-0.0158729972172863,-0.011111110008602099,-0.6987444863269481
2007-10-10,2.4599971771240234,7.563305026714318e-08,0.05939017266853752,7.563305026714318e-08,0.0353132130776479,0.7617591430842054
2007-10-11,2.540089607238769,0.004650917102749563,0.0434107076663417,-0.0062018547823886605,0.03255793578120336,-0.28978253518986463
2007-10-12,2.47143816947937,0.006005832088981533,0.010510466980803379,-0.06306321599358122,-0.027027171625660595,-0.2502742007702672
2007-10-15,2.4943225383758545,-0.003086227265800212,0.015432302589467817,-0.0277776004061574,0.009259535269419805,-0.19361436092571793
2007-10-16,2.6850202083587646,0.013761584203735522,0.09938861398802912,0.013761584203735522,0.07645269088057893,0.9605842252790211
2007-10-17,2.6506943702697754,-0.022727437164929865,-0.007102451684883104,-0.032670673308903275,-0.012784201020956565,-0.8833643746080284
2007-10-18,2.5515315532684326,-0.0028777418162008184,0.007194257420257255,-0.038848853994636445,-0.037410128498235884,-0.1735596820642975
2007-10-19,2.570601463317871,0.0014946848784040956,0.04185342382420698,-1.0230711688929972e-07,0.007473907200955754,-0.29723192491675476
2007-10-22,2.490508556365967,-0.008902007649492671,0.004451058173944089,-0.03560828536560845,-0.03115726342446279,-0.40757010749376477
2007-10-23,2.5896711349487305,-8.464257161833189e-08,0.04134745877381918,-0.021439562767122777,0.039816196707815,0.6776405020814167
2007-10-24,2.5515315532684326,0.0029454781735742674,0.02209130633506562,-0.019145750479204193,-0.014727577245460921,0.1301806501389038
2007-10-25,2.4599971771240234,-0.005978981447749887,0.010463458876912357,-0.046337725364821836,-0.03587428735778575,-0.3020594761003643
2007-10-26,2.524834394454956,-0.0031007334245878315,0.03255817532063543,-0.00930228608977235,0.026356622655451023,-0.220600482628722
2007-10-29,2.6278107166290283,0.013595001261117678,0.07250738248384225,0.013595001261117678,0.04078537681529881,0.37411505091026953
2007-10-30,2.7346014976501465,0.007256908731222866,0.04934692911200189,-0.01741648743820401,0.04063868845093599,0.2982542730780402
2007-10-31,2.7231595516204834,0.019525789497554458,0.025104522929324302,-0.019525962416008014,-0.004184136533054383,-0.05827800956794249
2007-11-01,2.852834224700928,0.005602339434287673,0.06162477117122389,-0.004201637826962479,0.047619197708514305,0.4613637696142554
2007-11-02,2.852834224700928,-0.02540112556216767,0.013368954571798985,-0.03342255095265845,0.0,-0.3559642772144187
2007-11-05,2.7422292232513428,-0.010695396470971175,-1.422014430652041e-07,-0.048128556081928786,-0.03877021682224824,-0.38559617845082883
2007-11-06,2.7079031467437744,-0.015299120013102963,0.005563106988784927,-0.020862540295330523,-0.012517581030979441,-0.6216758510951834
2007-11-07,2.810880661010742,0.009859609884818266,0.039437045645474234,0.007042602291468691,0.03802850718305684,0.2254404634210445
2007-11-08,2.704090118408203,-0.010854724999719956,-0.0013567730476374829,-0.040705450218122774,-0.0379918450768163,-0.024650195054675805
2007-11-09,2.7422292232513428,-0.008462909518085704,0.028208568217195085,-0.01269413506902195,0.014104228473565295,0.1486989728187602
2007-11-12,2.692647933959961,-0.020862395690299462,-0.0013907983765966137,-0.04867867964636363,-0.018080650906562634,0.08513851967631325
2007-11-13,2.646880388259888,0.007082119409428378,0.016997189140368407,-0.028328674584994218,-0.01699722608472043,-0.09889639743124334
2007-11-14,2.726973533630371,0.008645694970854878,0.03025945022893084,-0.01296806028722064,0.03025945022893084,0.018083315541790768
2007-11-15,2.726973533630371,-0.002797100730875801,0.01818191206358133,-0.01678322400489074,0.0,-0.0656616811770796
2007-11-16,2.7002763748168945,-0.01538457808721283,-0.0027970736838521804,-0.02377615589394899,-0.00979003224058983,-0.6456402035747466
2007-11-19,2.6621358394622803,-0.0014127271011213915,0.004236920873093908,-0.022599289404485634,-0.014124678388596656,0.4749294746118977
2007-11-20,2.665949821472168,-0.005730666693398612,0.008595951087915887,-0.025788016215322784,0.001432677458960141,-0.04423746195289624
2007-11-21,2.60874080657959,0.0014306314629424222,0.0014306314629424222,-0.024320486183111223,-0.02145914916770142,-0.1690177151983292
2007-11-22,2.5210201740264893,-0.013157851437452073,-0.010233837598051965,-0.03654967428518208,-0.03362566044578197,0.0822254446693691
2007-11-23,2.5553457736968994,-0.003025683213872643,0.01361575763020828,-0.009077048547165734,0.01361575763020828,-0.6279112035992327
2007-11-26,2.5286481380462646,0.008955252509169176,0.01492533063533763,-0.013432797611239833,-0.010447758548155495,0.09774233490793449
2007-11-27,2.490508556365967,-0.006033253270954164,0.004524875184154897,-0.01809954790499413,-0.01508299280807257,-0.17003347126833646
2007-11-28,2.39516019821167,-0.007656883863332964,1.0637952674308337e-07,-0.04747302205277326,-0.03828469406803592,0.8740477733159473
2007-11-29,2.509577989578247,0.007961627321697584,0.05095516579332093,-0.0031849298059051234,0.047770412789927885,-0.056019499217491386
2007-11-30,2.4599971771240234,-0.003039318636356092,0.0030396369226430853,-0.022796186040023536,-0.019756633449975358,-0.6351394854874179
2007-12-03,2.475252389907837,-0.0015505685849439566,0.015503678024250123,-0.015504154091855349,0.006201313125752561,-0.4196477896084687
2007-12-04,2.509577989578247,0.0015409290685606258,0.024653400961591965,0.0015409290685606258,0.013867515009929221,0.3179666735007842
2007-12-05,2.5553457736968994,1.50875162807651e-07,0.021276795989656705,-0.006078805088345796,0.018237243197348763,0.23910118554222493
2007-12-06,2.540089607238769,-2.1746176670500716e-07,0.005970079847425147,-0.013433000686611796,-0.005970294359052164,-0.5292755703664547
2007-12-07,2.5515315532684326,1.3004936305627268e-07,0.010510700856533495,-0.006005878735339754,0.00450454424798874,0.04471955639511194
2007-12-10,2.5515315532684326,-0.020926654835907388,0.0,-0.02840051794767562,0.0,0.825389312094412
2007-12-11,2.540089607238769,0.0014946570947065307,0.00448423138281151,-0.01644256789252796,-0.004484344320573541,-0.2965659577524562
2007-12-12,2.50576400756836,7.24960342868286e-08,7.24960342868286e-08,-0.024023961260113413,-0.013513538881694487,-0.05314064107505345
2007-12-13,2.4561829566955566,-0.010654413394020956,-0.004566130786231248,-0.021308889226550498,-0.019786799843500624,0.06818639322521136
2007-12-14,2.47143816947937,-0.006211495298333758,0.007763757544439143,-0.023292223996233097,0.006210943180037898,-0.018215257920271455
2007-12-17,2.3913462162017822,-0.001542878738895137,-0.001542878738895137,-0.04320955687606487,-0.032407022868979896,0.4228782639285704
2007-12-18,2.3913462162017822,-0.0031898329824491256,0.012759096401887104,-0.011164336929268659,0.0,-0.6515066513578773
2007-12-19,2.4409267902374268,0.012758907634083716,0.02870799106428157,0.007974316070814336,0.020733331585250037,-0.28199638991214826
2007-12-20,2.452368974685669,2.5643280832099435e-09,0.006250159293838209,-0.010937329453405531,0.00468763934010874,0.10750261317305387
2007-12-21,2.475252389907837,-0.007776147672423961,0.018662447244063518,-0.01244183610878391,0.00933114692706516,0.2762156778400602
2007-12-24,2.5133919715881348,0.0092451057029721,0.02157169157171923,-0.001540780185145807,0.015408360713356606,0.4503496346889726
2007-12-25,2.4943225383758545,-0.0015173997885370438,0.004552480446755824,-0.012139466109225117,-0.0075871306297803365,-0.48032659575731884
2007-12-26,2.490508556365967,0.001529077376113408,0.012232426163454102,-0.013761410138931174,-0.001529065287751874,0.27167752847374516
2007-12-27,2.53627610206604,5.673534597683272e-08,0.018376787175891085,-0.009188346176608797,0.018376787175891085,0.6455692579280949
2007-12-28,2.5210201740264893,-5.020697946278574e-08,0.00751869353439516,-0.007518867971408882,-0.006015089613912061,-0.4376028475714726
2008-01-02,2.5324621200561523,5.624558219174958e-08,0.013615739711305697,-0.00907706606490033,0.004538617400823286,-0.046182498007478756
2008-01-03,2.5439038276672363,-0.0015061548029180472,0.00602406029664504,-0.021084417523653864,0.004518017276732289,0.22074950422073059
2008-01-04,2.5439038276672363,0.0,0.008995541970905574,-0.008995541970905463,0.0,-0.12883368794621575
2008-01-07,2.53627610206604,1.0574441766664222e-07,0.0029984970499534747,-0.008995437177716115,-0.0029984331633287065,0.10370880056438736
2008-01-08,2.5553457736968994,0.003007580654124098,0.0195489217402236,-0.0015037547518611527,0.007518768013989208,0.2625346396838175
2008-01-09,2.5515315532684326,-8.741243218146622e-08,0.005970210673192922,-0.005970165086122026,-0.0014926435661771764,-0.5272496570244805
2008-01-10,2.5439038276672363,0.0029895325024136277,0.005979180634074099,-0.010463332236523515,-0.002989469439022008,0.2465617010892558
2008-01-11,2.6354384422302246,0.004497589939457702,0.0374810693204044,0.004497589939457702,0.035981947732248054,0.6168542943772053
2008-01-14,2.631624937057495,0.007236098117283429,0.010130348683148993,-0.00868284989761925,-0.0014470097694645467,-0.541112171064146
2008-01-15,2.5820436477661133,4.3746558375801214e-08,4.3746558375801214e-08,-0.024637592894430016,-0.018840560671544715,-0.045857356894334345
2008-01-16,2.5133919715881348,-0.00886285477277382,-0.00886285477277382,-0.028065239344669424,-0.02658811605968525,0.19042001380939055
2008-01-17,2.47143816947937,-0.003035101501391413,0.007587111745176678,-0.0364189868562983,-0.016692104766394822,-0.15531619751048353
2008-01-18,2.486694574356079,0.006173087825993573,0.015432391547317348,-0.007715677843372903,0.006173087825993573,-0.5800615761212988
2008-01-21,2.383718252182007,0.0015338817700860652,0.006135167676366349,-0.04447844879978924,-0.04141092486226927,0.48087491042722874
2008-01-22,2.383718252182007,0.0,0.0,0.0,0.0,-18.62419016913328
2008-01-23,2.3150668144226074,-0.04960001557028115,-0.027200127580968902,-0.09760006808648314,-0.028800147708965773,19.287814554609945
2008-01-24,2.2426018714904785,0.0016473286803428966,0.006589811392068823,-0.044481104296756224,-0.03130144775117527,-0.2871174285855247
2008-01-25,2.2769272327423096,0.0034012985466889134,0.028911573417267578,-0.013605467650478764,0.015306043256361646,-0.4477560193639363
2008-01-28,2.1205551624298096,-0.0067001228642900035,-0.0067001228642900035,-0.07035186051049036,-0.06867679742411748,-0.10705435997380164
2008-01-29,2.139625310897827,1.6471171049303734e-07,0.025180168922896318,-0.008992580104689951,0.008992998062906432,-0.520933840482563
2008-01-30,2.1091136932373047,0.008912497344081283,0.016042799902214355,-0.03030315765020819,-0.014260262067903429,0.27812763116928707
2008-01-31,2.0671606063842773,-0.003616529373907551,0.007233430004125685,-0.023508017716039165,-0.019891334918333836,-0.1955075321719555
2008-02-01,2.0366485118865967,-1.4798313008324016e-07,0.011070010009522901,-0.03690061407755185,-0.01476038891387843,0.2815944911582058
2008-02-04,2.177764892578125,0.013108685123229824,0.07303371121418012,0.013108685123229824,0.06928852959552101,0.36968878634366575
2008-02-05,2.15488076210022,-0.0017514912042423392,-0.0017514912042423392,-0.02451859089131503,-0.01050808126988112,-0.7012852418071311
2008-02-13,2.1205551624298096,-0.0035397829160613847,-0.0035397829160613847,-0.024778729715983716,-0.015929233892716943,-0.47360850629237916
2008-02-14,2.1472530364990234,0.005395880345686166,0.01618720818652708,0.001798712042216044,0.01259003988305718,-0.2130478886987497
2008-02-15,2.1205551624298096,-0.0017762607385934936,-0.0017762607385934936,-0.021314433648527475,-0.01243350160200185,0.024793950956578215
2008-02-18,2.1472530364990234,0.003597296193951216,0.01618720818652708,0.003597296193951216,0.01259003988305718,0.3012295568301262
2008-02-19,2.2082769870758057,0.014210029114350986,0.02841954326737306,0.005328831395913225,0.02841954326737306,0.548711844550926
2008-02-20,2.15488076210022,0.0034538090241509334,0.010362186160151943,-0.03972418570942449,-0.02418003959108983,0.33109251234071024
2008-02-21,2.135810852050781,3.37656687054988e-08,3.37656687054988e-08,-0.028318647637966765,-0.008849635852172688,-0.6120905480732581
2008-02-22,2.101485252380371,-0.0035713901977589835,-0.0035713901977589835,-0.024999969067878602,-0.016071460465448384,0.012899122394916418
2008-02-25,2.0519042015075684,1.6405851899214952e-07,0.009074512152387859,-0.02540824288361021,-0.023593337529560054,-0.33140691290779145
2008-02-26,2.101485252380371,0.016728578991245024,0.029739711755948584,0.0018585953355778617,0.024163433573738402,-0.030162627070012604
2008-02-27,2.143439054489136,0.0036300006949803176,0.02722332421620055,-0.0018147155078322985,0.01996388128883786,0.18625215903774617
2008-02-28,2.116741180419922,0.0017793426203960294,0.0017793426203960294,-0.019572978122965212,-0.01245562546474055,-0.5658657717568545
2008-02-29,2.116741180419922,0.0036037383230620446,0.010810860191964755,-0.0072071218689024885,0.0,0.30505826489834575
2008-03-03,2.139625310897827,1.5774437867044355e-07,0.016216494937513648,-0.012612263168586657,0.010811019641695285,0.28220582516293646
2008-03-04,2.105299711227417,-8.854983679640327e-08,0.0017824651659839041,-0.019607916186790253,-0.016042808755149074,0.07631723074544894
2008-03-05,2.1129274368286133,-0.0018117439857665563,0.009057868315789364,-0.018116028673622386,0.0036231067531706795,-0.27328090622484424
2008-03-06,2.143439054489136,0.0018049966104811688,0.03610110613204642,-0.014440341890474273,0.014440447470509987,0.6133141078939097
2008-03-07,2.116741180419922,-0.010676243505403304,-0.0017794212982785718,-0.019572978122965212,-0.01245562546474055,-0.7922081832003229
2008-03-10,2.070973873138428,-0.007207078291021074,-0.005405253397552934,-0.027026886036241593,-0.021621588744455855,0.29882481672878924
2008-03-11,2.0862300395965576,-4.358295058182193e-09,0.011049769936610776,-0.009208043840581714,0.007366662928977252,-0.5443293718693205
2008-03-12,2.0519042015075684,0.016453202951310697,0.025593995709145778,-0.020109698105644114,-0.01645352498884889,0.39569399120076554
2008-03-13,2.0137648582458496,-0.0055761570480900025,-0.0055761570480900025,-0.03531585566149753,-0.01858729234712675,0.31856936519267265
2008-03-14,1.9832525253295896,-2.748180313316695e-07,0.0056816138435107355,-0.026515289089684813,-0.015151884685701944,-0.2792924009762494
2008-03-17,1.9298580884933472,2.9386620181703904e-07,2.9386620181703904e-07,-0.03269206257325252,-0.02692266171569302,0.004106821215202672
2008-03-18,1.8764625787734983,3.898611478092562e-08,0.021739153349591644,-0.04150188008508571,-0.027668101627894903,0.3791512325452473
2008-03-19,1.918416142463684,0.012195261441228844,0.03455297303156968,0.00609782197747144,0.022357793949510985,0.09740756227079217
2008-03-20,1.9298580884933472,-0.007952312884867863,0.019880748957678218,-0.04970175885345096,0.005964266968150556,0.15120811472391082
2008-03-21,1.9260438680648804,-1.1599040594667542e-07,0.009881236190442344,-0.015810493502926848,-0.001976425339877963,-0.1784817985157936
2008-03-24,1.887904405593872,0.005940637439582952,0.01188111163722283,-0.019801969780328776,-0.019801969780328776,-0.408935129314667
2008-03-25,1.9107882976531985,-0.002020076713551311,0.018181903348182926,-0.020201828935572763,0.012121319274175812,-0.04324012550757672
2008-03-26,1.9146020412445068,0.017963870030477835,0.037923905455838014,-0.005988231432443203,0.0019959006426784054,-0.1153057822986483
2008-03-27,1.8764625787734983,-0.007968061684953454,-0.00597600427962186,-0.027888341562918417,-0.01992030805849221,-0.02375077828472172
2008-03-28,1.9489271640777588,-0.0040652043475187805,0.056910266748695815,-0.014227732837816975,0.038617655435273956,1.3408133579672494
2008-03-31,1.9107882976531985,-0.029353829731402437,-0.003913667725851888,-0.03913859634714634,-0.019569159447068274,-1.0023173672674197
2008-04-01,1.8650212287902832,1.782152398988046e-07,0.011976281793448118,-0.02994003160319081,-0.023951930686997414,0.18263192498648095
2008-04-02,1.922229886054993,0.014314715126211741,0.059304443778825044,0.012269700006017237,0.03067453409193477,0.7491243306227204
2008-04-03,1.9641834497451784,-0.005952275769696147,0.021825466347465294,-0.015872842143353716,0.021825466347465516,-0.5063030338697132
2008-04-07,1.9985090494155884,-0.005825219808231918,0.019417628406713794,-0.013592117682276306,0.017475760563435694,0.15719850264591528
2008-04-08,1.9794397354125977,1.491298624589632e-07,0.0019086645050034878,-0.022900626249431344,-0.00954177015539015,-0.31237095718304175
2008-04-09,1.9031606912612915,8.143394603088439e-08,8.143394603088439e-08,-0.040462480637453724,-0.038535673901386236,-0.038834465934606044
2008-04-10,1.9298580884933472,-0.00400827333842535,0.02204386105819256,-0.014028340206039935,0.014027925941640929,-0.3667047320191372
2008-04-11,1.9260438680648804,0.00395250270853853,0.007904926840970328,-0.01383418415345461,-0.001976425339877963,-0.40543183157889473
2008-04-14,1.8535789251327517,-0.0138613359991403,-0.011881112628869372,-0.03960375243304781,-0.03762372401462233,0.615965312800089
2008-04-15,1.8612072467803955,-0.0020572612620798347,0.0061730953256413645,-0.02057591808798509,0.0041154555353490885,-0.3300488667239314
2008-04-16,1.8383235931396484,7.894210152237235e-08,0.0040984920108047,-0.014344265926760524,-0.012295059392409047,-0.7396857973017994
2008-04-17,1.7925556898117063,-2.7331593921431363e-07,0.012447912846306641,-0.033195198118387226,-0.024896543513199254,0.6209215176838896
2008-04-18,1.7200911045074463,-0.004255138769204803,-0.004255138769204803,-0.04255308249947731,-0.04042529094974556,0.16777216872602096
2008-04-21,1.7544163465499878,0.06430127930425944,0.06430127930425944,0.008869083590820948,0.01995547907467987,0.0765021864296962
2008-04-22,1.7773000001907349,-0.004347960724340627,0.019565064333036286,-0.03260865286619308,0.013043456694727729,0.09739672654753662
2008-04-23,1.8230679035186768,-0.008583314210142468,0.0343349572008107,-0.021458911830602778,0.025751366298897294,0.4081006280393531
2008-04-24,1.9870672225952148,0.06694534652617024,0.09832628586042902,0.04393281558655593,0.08995787746578476,1.1789818595959503
2008-04-25,1.9298580884933472,-0.009596920957387067,-0.009596920957387067,-0.03454906413915826,-0.02879073916138053,-0.811614613712571
2008-04-28,1.895532488822937,-0.011857663321308554,-0.003952521514814178,-0.01976270784452605,-0.017786592638637133,-0.7643724756061943
2008-04-29,1.9412990808486936,0.012071966634827902,0.03822903343513273,0.012071966634827902,0.024144451385360366,0.2833897949979267
2008-04-30,2.0023233890533447,0.0019650373575732516,0.04125789769701105,0.0019650373575732516,0.03143477932208816,0.8951166631692828
2008-05-05,2.006136655807495,0.005713992020547343,0.019047302991839432,-0.011428796187178847,0.0019044210215979351,-0.5111579125034851
2008-05-06,1.9718114137649536,-0.003802153453579149,-0.003802153453579149,-0.020912451635823226,-0.017110121557858293,-0.5106726452266201
2008-05-07,1.9069743156433103,-0.003868469877835179,0.0058026425449098085,-0.03288199757290389,-0.03288199757290389,0.11809710043509014
2008-05-08,1.9298580884933472,-0.0020000366846011364,0.01600009326366081,-0.009999941293896253,0.012000042508342412,-0.37543505395533217
2008-05-09,1.9069743156433103,1.1306942271360754e-08,0.005928745543558378,-0.025691818940184907,-0.011857749016095931,0.1696709854097982
2008-05-12,1.9107882976531985,-0.0060000840346089435,0.010000020590807956,-0.0179999409896614,0.0020000175034353695,-0.3478956116907064
2008-05-13,1.8840906620025637,-0.02395212114074452,-0.007984149909221694,-0.03592812412792701,-0.013972053148653019,0.3866755690932102
2008-05-14,1.922229886054993,-0.00404882841573162,0.022267092295971347,-0.00404882841573162,0.020242775372545818,-0.014079293672338622
2008-05-15,1.9031606912612915,0.003968621146476892,0.003968621146476892,-0.009920350803013123,-0.009920350803013123,-0.09813016377856343
2008-05-16,1.891719102859497,-0.0020040179236214817,0.006012116274488832,-0.014028120572815106,-0.006011887726733001,-0.26044248937829195
2008-05-19,1.8764625787734983,-1.8377199606511851e-07,-1.8377199606511851e-07,-0.01411316303958543,-0.008064899309277562,-0.3556684676600348
2008-05-20,1.8230679035186768,1.9004999041172255e-07,0.008130477066111474,-0.03252005755076415,-0.02845496406846637,0.5566041481501536
2008-05-21,1.8497657775878904,-0.002092035429733352,0.016736346782016964,-0.027196648027275394,0.014644475950503333,0.005455877263592868
2008-05-22,1.8230679035186768,-0.0061857874636033205,-0.004123804433896816,-0.018556873677662455,-0.01443311060929453,-0.4297742647899021
2008-05-23,1.8306951522827148,0.0020918733291197533,0.014644228052029806,-0.014644633962043518,0.004183743649546434,-0.032940687983419537
2008-05-26,1.800183653831482,-0.004166665672691194,-1.5132921638016938e-07,-0.022916800640566226,-0.01666661891423471,0.0732045819606455
2008-05-27,1.80399751663208,-0.004237519723129135,0.014830411802846166,-0.006356190369454118,0.0021185965067958,-0.29369917322649286
2008-05-28,1.8383235931396484,4.6841107081974087e-07,0.023256273895883472,-0.008456405730847605,0.019027784789666713,0.37611039696006543
2008-05-29,1.80399751663208,-0.0020751827209978257,-0.0020751827209978257,-0.01867248869332261,-0.01867248869332261,-0.5440918714061631
2008-05-30,1.8154394626617432,1.832720708527802e-07,0.010570934706161328,-0.004228304628439261,0.0063425508761365545,-0.036347830720394825
2008-06-02,1.8383235931396484,-0.00210058251889933,0.02521038678930121,-0.010503949735683693,0.012605284256822946,0.7088855993096033
2008-06-03,1.8192533254623413,0.0020744577791527163,0.006223886853913729,-0.01867238121298398,-0.010373727317907755,-0.45287476682652894
2008-06-04,1.807811975479126,-0.0020963166223642027,0.006289328887152612,-0.016771454258478036,-0.006289036179338958,0.06027465272640242
2008-06-05,1.7963697910308838,-2.7730713281215458e-09,0.006328982963006657,-0.012658285797944147,-0.00632930006186605,-0.4130929342075156
2008-06-06,1.7925556898117063,-5.8011284442827105e-08,0.006369554096648411,-0.004246396408313036,-0.0021232272097988503,-0.10434564373124289
2008-06-10,1.651439905166626,-0.023404216787800913,-0.023404216787800913,-0.08297860964209391,-0.07872323601834841,1.2111407215089862
2008-06-11,1.64381206035614,9.088085617392494e-08,0.009237856212761963,-0.01154728631059565,-0.004618905469476631,-0.5368401040961714
2008-06-12,1.6018587350845337,5.2077504086867066e-08,0.006960697527160109,-0.03944314862286835,-0.025521971935475896,0.10056709805071762
2008-06-13,1.5980441570281982,0.0047617181502948025,0.009523447611726521,-0.009524056249735957,-0.002381344854441303,-0.1554536068285195
2008-06-16,1.5980441570281982,0.0023867828901640298,0.016706540367834144,-0.016706422884919747,0.0,-0.06925423492419824
2008-06-17,1.590416669845581,0.002386865297102192,0.014319958348550488,-0.014319676444188856,-0.0047730140303516855,-0.06084226929644032
2008-06-18,1.6399977207183838,-0.0023982088153812198,0.03836921605799071,-0.01678670129601112,0.03117488128291357,0.47514211875583356
2008-06-19,1.5446492433547974,8.074693025328372e-08,8.074693025328372e-08,-0.06046500740238547,-0.058139396268075294,-0.26808169581784824
2008-06-20,1.6018587350845337,0.004938332583819038,0.0765432772907948,-0.007407322391027704,0.03703720568009605,0.4804935304237432
2008-06-23,1.590416669845581,-0.00952397482199685,0.004761800752477674,-0.019047903340417727,-0.007142992692391714,-1.068063315764043
2008-06-24,1.6171143054962158,1.3587329417141802e-07,0.023980903241012985,-0.0071942005787607455,0.016786566788957735,0.3267450221010826
2008-06-25,1.6743236780166626,-0.0023585369880010365,0.044811411564642745,-0.007075346087270673,0.03537744507361329,1.034461625677892
2008-06-26,1.6590678691864014,1.091473715852942e-07,0.002277818325565395,-0.025056822294440728,-0.009111624610321889,-0.5499973375672838
2008-06-27,1.5809942483901978,-0.016470680370327062,-0.016470680370327062,-0.05647061095247874,-0.04705872631629626,0.3234894053705304
2008-06-30,1.5809942483901978,0.0,0.007407318725280332,-0.009876668055104565,0.0,-0.9884096825293369
2008-07-01,1.5536681413650513,0.0024687798232052582,0.004938007254051913,-0.02222246136113648,-0.017284128043457803,0.017570721849423876
2008-07-02,1.5653789043426514,0.005024836908027908,0.015075276365385637,-0.005025293344997239,0.007537493153017216,-0.07738485852800281
2008-07-03,1.5731866359710691,-0.012468642362775673,0.019950361141251705,-0.0224436495429704,0.004987758303601542,0.4279185355391206
2008-07-04,1.5692826509475708,0.007443860751336295,0.009925342535181736,-0.007444480289262145,-0.002481577795179102,-0.5027850931502726
2008-07-07,1.627838134765625,-5.033881533833551e-09,0.04477619455934567,-5.033881533833551e-09,0.03731353544417071,0.9857606346196519
2008-07-08,1.6239341497421265,0.007194064145144452,0.01678627389198395,-0.014388584854759023,-0.0023982636480380792,-0.11146106624108398
2008-07-09,1.6785858869552612,0.0048076265743188795,0.04567305975498703,0.0048076265743188795,0.03365391215020219,0.664994353205298
2008-07-10,1.6512601375579834,-0.011627807114589994,1.3470686810457266e-07,-0.023255634458506647,-0.016279029634190034,-0.5483304220719454
2008-07-11,1.6317414045333862,-0.002364006771331195,0.002363952718892115,-0.02127665933585776,-0.011820507611516096,-0.51904179212573
2008-07-14,1.6356451511383057,-0.0023921342346481245,0.01196176379012237,-0.019138584124837266,0.002392380676297101,-0.05675859382721171
2008-07-15,1.58489727973938,8.97407428368524e-08,0.002386872845098642,-0.03579930716609636,-0.031026210889084527,0.5121910754383769
2008-07-16,1.5497643947601318,-0.007388960647237042,5.4794894399634586e-08,-0.03201945668489026,-0.022167294643237412,-0.061931942340407886
2008-07-17,1.5497643947601318,0.010075508814217926,0.020151203618372193,-0.0050379093987223955,0.0,-0.36674620360402344
2008-07-18,1.57709002494812,0.005037688449279321,0.020151042275305953,-0.00755674207409196,0.017632118972650268,0.3641916138096484
2008-07-21,1.5927047729492188,-0.009901123240699916,0.014851545153174328,-0.012376158574788576,0.009900987105420533,-0.02037532359095451
2008-07-22,1.5966084003448486,-6.91853317968949e-08,0.004901953654983471,-0.012254945310627319,0.0024509422348257814,-0.01688481613300752
2008-07-23,1.58489727973938,0.002445137879898862,0.009780014678838045,-0.009779777140358714,-0.007334998740416876,-0.34053424012422795
2008-07-24,1.604416012763977,0.0024630531227101127,0.014778299320020505,-0.002462936236004909,0.012315456196509311,0.4433255972263943
2008-07-25,1.58489727973938,-0.009732450168224438,-0.00729932931925148,-0.021897874758583846,-0.012165630902032376,-0.20717271695917105
2008-07-28,1.6005120277404783,0.004926043765457244,0.01970437417901283,0.0024629583853648107,0.009852214525641667,0.22786576943671477
2008-07-29,1.5731866359710691,-0.009755978262715459,-0.009755978262715459,-0.021951018290427338,-0.017072906229880558,-0.24654253363380718
2008-07-30,1.57709002494812,0.009925277346155115,0.01240669789622073,-0.007444544357095295,0.0024811989167714543,-0.3367280810616755
2008-07-31,1.5575716495513916,0.002475294724106236,0.00495032996418554,-0.014851475017567672,-0.012376196087709346,-0.060917660840512866
2008-08-01,1.58489727973938,0.002506138400236946,0.02506269322035104,-0.012531215259814488,0.017543738803835307,0.29621683397295584
2008-08-04,1.5536681413650513,-0.0049258693286067246,-0.0049258693286067246,-0.024630375384726233,-0.019704203403935527,-0.4081018670048415
2008-08-05,1.541956663131714,0.002512485898714667,0.010050083558644562,-0.010050300549567459,-0.007537953518856,-0.058078368957449555
2008-08-06,1.5614746809005735,0.0075948491687471975,0.02531640434719562,-0.00253167367680851,0.012657954815162187,0.05258897611317437
2008-08-07,1.5614746809005735,0.0,0.007500157982587963,-0.019999826480662897,0.0,-0.1904655846350174
2008-08-08,1.495112419128418,2.6812485964811117e-07,2.6812485964811117e-07,-0.05249968272787753,-0.042499736040472635,0.710663236876389
2008-08-11,1.4248461723327637,0.0026108499296952914,0.005221913417791102,-0.057441361097076205,-0.046997299933215886,0.22609565434529344
2008-08-12,1.4248461723327637,-0.00547958858142239,0.01917785199938815,-0.030136961730271694,0.0,-0.43354789792446624
2008-08-13,1.401424527168274,-0.005479240283074782,-0.0027394113168476286,-0.032876383601607606,-0.016438016692106316,-0.3256952303925793
2008-08-14,1.3936165571212769,-2.8450891831344194e-07,0.00557054058867501,-0.013927827165470141,-0.005571452401203492,-0.46932842982807443
2008-08-15,1.4053279161453247,3.0910305426345985e-07,0.01680704451873538,-0.005602004978578656,0.008403573396285946,0.15872828820851126
2008-08-18,1.350676417350769,0.005555612162426504,0.00833342560288619,-0.04166660100860187,-0.03888878756814229,0.27987095984385846
2008-08-19,1.3545798063278198,-0.0028904676975890498,0.008670156758029623,-0.014451092153207723,0.002889951232514232,-0.24628619434757226
2008-08-20,1.4794975519180298,-0.005763851630453787,0.1008645288174197,-0.020173042388904827,0.09221881575870672,1.4861552614768883
2008-08-21,1.4248461723327637,-0.010553976494195427,-1.1649086917309148e-08,-0.039577704523652724,-0.03693914837129386,-0.48789987678810576
2008-08-22,1.4365572929382324,0.002739695241350981,0.013698807206096397,-0.021917750365534894,0.008219217507736465,-0.5569220497412743
2008-08-25,1.4248461723327637,-0.002717629299798796,0.00815213943757409,-0.021739406899554226,-0.008152212698399053,-0.2751748301449801
2008-08-26,1.3897125720977783,-0.002739872580309499,0.013698486725945314,-0.03287683092579996,-0.024657819852556107,0.29174677611811717
2008-08-27,1.413135051727295,2.450527665232016e-07,0.028090084034290586,-0.008426554540882814,0.016854189923719343,0.24819531187432986
2008-08-28,1.4248461723327637,0.002762333143247364,0.019336992457731794,-0.002762598622108925,0.008287332899395539,-0.5501535577114964
2008-08-29,1.4443647861480713,0.013698751622676308,0.021917764843688126,1.4900376266169246e-07,0.013698751622676308,0.3689776071017654
2008-09-01,1.397520661354065,-0.005405430559022206,-0.005405430559022206,-0.03243233651447108,-0.03243233651447108,-0.18907066686084306
2008-09-02,1.3936165571212769,-1.935771659633545e-07,0.0027931373069294274,-0.013966641746284592,-0.002793593211713463,-0.42356920470016846
2008-09-03,1.3897125720977783,-1.7802165575009354e-07,0.00280104659768754,-0.011204524954715911,-0.0028013336979597625,-0.053208350888208855
2008-09-04,1.3897125720977783,0.0,0.011235891357184835,-0.005617772836807311,0.0,-0.03213578056711697
2008-09-05,1.3584837913513184,-0.008426474813416074,-0.008426474813416074,-0.02528049017624734,-0.022471395433459995,0.08140627941971346
2008-09-08,1.3740981817245483,0.020114568454113968,0.04310314845112728,0.00574678552277641,0.011493983566559951,0.7378941350309312
2008-09-09,1.3740981817245483,0.01136357120871545,0.017045531618958165,-0.019886406940548773,0.0,-0.4246745049163678
2008-09-10,1.3936165571212769,-0.005681908205853015,0.02840901457988232,-0.017045479212078885,0.01420449838033555,0.5912168168578908
2008-09-11,1.3584837913513184,-0.005602165739847842,1.474360760145288e-07,-0.03081216137313736,-0.0252097792541518,-0.6847327760513764
2008-09-12,1.3623868227005005,0.005746677785034793,0.008620276499100576,-0.00862110360719548,0.002873079070969009,-0.3527947502356916
2008-09-16,1.2374690771102903,-0.02578778073474186,-0.02578778073474186,-0.10028625351893161,-0.0916903654004817,1.5546789547031992
2008-09-17,1.159395456314087,-0.02208216237209415,-0.0031546321916978703,-0.06940059961065004,-0.06309137112219332,-0.1594445504157065
2008-09-18,1.1906248331069946,-0.030303125133741782,0.04713802587850946,-0.05050515371898934,0.026935914422324236,0.25961555160544947
2008-09-19,1.311639428138733,0.10163956912938277,0.10163956912938277,0.10163956912938277,0.10163956912938277,-1.0930684777408288
2008-09-22,1.4443647861480713,0.10119043020663132,0.10119043020663132,0.10119043020663132,0.10119043020663132,0.961161778817516
2008-09-23,1.4365572929382324,0.0027027918424749053,0.032432499830207684,-0.027027182228153035,-0.005405485708814939,1.5585666205951334
2008-09-24,1.420942783355713,-0.03532609705013834,-0.008151969514159862,-0.04891302705361211,-0.010869395644209079,-1.2046290517868528
2008-09-25,1.4443647861480713,-9.617923713012289e-08,0.03846124873478107,-0.010989312678193253,0.0164834242917542,0.21208412667938958
2008-09-26,1.428749918937683,0.010810875705040468,0.010810875705040468,-0.037837861796782724,-0.010810888883570069,-0.35577571162233923
2008-10-06,1.3584837913513184,-6.231149396462854e-08,-6.231149396462854e-08,-0.049180144583041985,-0.049180144583041985,-0.34478199299859824
2008-10-07,1.366290807723999,-0.025862307074472346,0.02011464415321984,-0.0574714743046445,0.005746860155699585,-0.02479099262415474
2008-10-08,1.303831696510315,-0.028571497628787745,-0.005714205824912666,-0.0571428662569593,-0.045714360998834525,-0.07926988392981826
2008-10-09,1.2960244417190552,0.02994023427431025,0.03892238623563604,-0.011975811662792712,-0.005987931427158699,-0.07094089626984612
2008-10-10,1.214046835899353,-0.027108543169315658,-0.027108543169315658,-0.07228916871227842,-0.06325313256512854,1.229216410860566
2008-10-13,1.2960244417190552,-0.009645977462765187,0.07073972883379875,-0.02893859445819935,0.06752425309767718,-0.2939715999646104
2008-10-14,1.2530838251113892,0.03313252885393281,0.042168789486051406,-0.036144653845561536,-0.03313256696818878,-0.052152673460742704
2008-10-15,1.2608911991119385,-0.0031154618698461256,0.015576134721341006,-0.01869175402501244,0.006230528113197353,-0.718921090660011
2008-10-16,1.2296617031097412,-0.03715155186333097,-0.012383659142516046,-0.04334365839392951,-0.024767796003487552,-0.01683622267275453
2008-10-17,1.2413729429244995,-5.726541241202199e-08,0.019047571853646028,-0.006349032565372004,0.009523952632777943,-0.23188405328787098
2008-10-20,1.2608911991119385,-1.1565211721631385e-07,0.0188678139957974,-0.012578658019076094,0.01572312035531942,-0.2162750910672102
2008-10-21,1.2374690771102903,0.003096027074430907,0.006192041742671739,-0.01857584700261583,-0.01857584700261583,-0.05810368649996178
2008-10-22,1.214046835899353,-0.00630939101273198,-8.530677886309235e-08,-0.02208222824396555,-0.018927536569747994,-0.1177162941693517
2008-10-23,1.194528579711914,-0.009646069890475562,-0.009646069890475562,-0.04180066596990484,-0.016077020762531036,0.3389651309745041
2008-10-24,1.2218544483184814,-6.2249959631444085e-09,0.029411569042373298,-0.01633984175891734,0.022875860042760543,0.24087247231934583
2008-10-27,1.159395456314087,-0.022364308879885275,-0.022364308879885275,-0.051118193407038603,-0.051118193407038603,-0.12538174803926694
2008-10-28,1.2101432085037231,-0.013468164504925162,0.053872095036001655,-0.023568971397444072,0.04377087378880362,0.44988913955339527
2008-10-29,1.1672025918960571,-6.453004908202331e-08,0.006451710333888361,-0.03548391323102973,-0.03548391323102973,-0.40817175302441555
2008-10-30,1.1828171014785769,0.0033444770125579115,0.03344461787888631,-1.294243519023297e-07,0.0133777201069738,-0.15132061812743558
2008-10-31,1.178913950920105,1.7163488186255904e-07,0.013201745765148765,-0.009900623120513874,-0.0032998766703599136,-0.47935534376919264
2008-11-03,1.1867207288742063,-2.641808106718102e-07,0.019867286716169774,-0.006622862645344396,0.006622008288228676,0.012118955517731678
2008-11-04,1.1867207288742063,-0.0032895160298526127,0.003289516029853168,-0.019736853290904355,0.0,0.004715924946779637
2008-11-05,1.2257583141326904,-0.006578376884408543,0.05263187888506149,-0.006578376884408543,0.032895342862610644,1.398713327907707
2008-11-06,1.202336072921753,-0.019108368216543825,-0.015923928453340563,-0.031847459802119005,-0.019108368216543825,-1.0812387664279974
2008-11-07,1.217950701713562,-0.01298728467883381,0.032467433846955496,-0.016234078827551457,0.01298690868840402,0.05906745560310256
2008-11-10,1.284313440322876,0.012820487870849773,0.06089755056134205,0.009615239916686003,0.05448721242653476,1.10828414403899
2008-11-11,1.264794945716858,-0.0030396258549484356,0.01215791026125057,-0.027355893110370233,-0.015197609861585804,-0.6022703712760418
2008-11-12,1.268698811531067,-0.015431967165210225,0.01234571002234297,-0.021604885604707857,0.0030865602581897633,-0.6202539579172743
2008-11-13,1.303831696510315,-0.01230806060532963,0.033845984207859114,-0.018461680809516157,0.02769206107858624,1.3042172106895507
2008-11-14,1.323350191116333,0.00598817284642883,0.01796415321888767,-0.008981857887118472,0.014970102857799095,-0.19677237133426928
2008-11-17,1.3545798063278198,0.0029498912069472194,0.029498467423283437,-0.0029498892016777134,0.023598904825896883,-0.056247570325201224
2008-11-18,1.315543293952942,1.464948924390086e-07,0.008645577880542543,-0.051873080188009846,-0.02881817091360861,0.06159220257509901
2008-11-19,1.3584837913513184,-0.011869693132517067,0.03560798910458174,-0.023739058915834166,0.0326408850212363,0.07132738384812853
2008-11-20,1.323350191116333,-0.02586236247989171,-0.00862098022786717,-0.037356546588533046,-0.02586236247989171,-0.48901831416353403
2008-11-21,1.303831696510315,-0.023598756410572297,0.011799270018915786,-0.0501475484967161,-0.014749304256005735,0.15198006118779972
2008-11-24,1.2608911991119385,-0.008981899180426689,3.0456688504543195e-08,-0.03592813023554342,-0.03293407999921005,-0.6806200021125832
2008-11-25,1.2569878101348877,0.015480126189068688,0.02476817265457565,-0.015479571494553368,-0.0030957381412448637,-0.013829043124612639
2008-11-26,1.2608911991119385,0.0031053514963139683,0.009316609183303015,-0.009316934567141666,0.0031053514963139683,-0.2751649947237418
2008-11-27,1.268698811531067,0.05263167675662683,0.06501550801473499,0.003096123123532246,0.00619213808822483,1.0852115318545756
2008-11-28,1.214046835899353,-0.009231065361524848,-0.006154103927486609,-0.043077186748334495,-0.043077186748334495,-0.36387868462052353
2008-12-01,1.2257583141326904,0.003215692996990427,0.012861803691094575,-0.012861448341433768,0.009646644500878487,-0.6096648695086806
2008-12-02,1.2218544483184814,-0.012739195792933922,0.0031843352229434796,-0.022293141957047347,-0.003184857707427602,0.219730066360718
2008-12-03,1.2608911991119385,0.009584509723374657,0.03194877331516821,0.003194888628681669,0.03194877331516821,0.6011917494122443
2008-12-04,1.2804096937179563,0.015479919774017636,0.04334390110620312,0.012383904914837762,0.015479919774017636,0.5508482802471235
2008-12-05,1.2804096937179563,-0.009146233023448636,0.003048819379775969,-0.018292691162775876,0.0,-0.713654121261083
2008-12-08,1.311639428138733,0.009146550122508756,0.02743931799128707,-0.009146142707636695,0.02439042329497987,0.8766935462083012
2008-12-09,1.2804096937179563,-9.114947807642437e-08,0.002976210023462711,-0.026785922682190266,-0.023809694761229294,-0.4281907848410036
2008-12-10,1.303831696510315,-0.006097817696201324,0.021341403776156564,-0.015243974724926335,0.01829258471509032,-0.011550641801360229
2008-12-11,1.268698811531067,-0.005987962504801936,0.0029941891756979366,-0.026945874282149007,-0.026945874282149007,-0.26849282434946176
2008-12-12,1.2335654497146606,-6.376047467782087e-09,-6.376047467782087e-09,-0.040000057618277185,-0.02769243692599288,-0.05647932407928735
2008-12-15,1.2335654497146606,0.006329194770025692,0.015822675372282324,-0.009493558490452081,0.0,-0.6023311901640689
2008-12-16,1.2296617031097412,-0.0031646043635725762,7.11347540871543e-08,-0.02531624241704522,-0.0031646043635725762,-0.0014760653718184358
2008-12-17,1.2257583141326904,0.003174693574355736,0.006349337586352144,-0.015873014226690074,-0.0031743600432373453,0.30008259742462684
2008-12-18,1.2491798400878906,0.0031842549537619558,0.02866212201654883,-0.01273927478800374,0.01910778469552743,0.24995284205558477
2008-12-19,1.2374690771102903,-0.006249720880497356,0.0031250930942317012,-0.012499801969273028,-0.009374761424885247,-0.23274618860862617
2008-12-22,1.2218544483184814,2.7464549967604057e-08,2.7464549967604057e-08,-0.018927425932893316,-0.012618197157921562,-0.29102657454854963
2008-12-23,1.202336072921753,0.0063895637545599016,0.0063895637545599016,-0.022364244044780546,-0.015974386657584105,0.5346677759324656
2008-12-24,1.1906248331069946,-0.006493530257719482,0.003246533388630457,-0.01623399346036125,-0.009740404599438812,-0.6403682956854233
2008-12-25,1.1867207288742063,-3.08554119921034e-07,0.006557231305825306,-0.009836174509120554,-0.0032790381354640408,-0.1411035739824591
2008-12-26,1.1906248331069946,3.085542155112364e-07,0.0065794236066716305,-0.006578401684428026,0.0032898255990623237,-0.13701824463347378
2008-12-29,1.178913950920105,-0.0032787748208424894,-4.437332101758784e-08,-0.0327867839675825,-0.00983591292676933,0.3077428851323383
2008-12-30,1.159395456314087,-8.0548140934944e-08,-8.0548140934944e-08,-0.019867635093453573,-0.016556335253123833,0.1728258087477279
2008-12-31,1.159395456314087,0.0,0.00673376007441151,-0.010101220208108774,0.0,-0.3967154609753969
2009-01-05,1.1750099658966064,0.010100757638737745,0.01683484832294302,-1.2977482077847213e-07,0.013467802980840382,0.23863372672066774
2009-01-06,1.194528579711914,1.8141186086673144e-07,0.016611445333924113,-0.009966805896463926,0.016611445333924113,0.8689392513311347
2009-01-07,1.171106457710266,-0.003268081835550718,-0.003268081835550718,-0.01960783726689641,-0.01960783726689641,-0.6482688763158606
2009-01-08,1.1476842164993286,-0.009999886532306879,-0.009999886532306879,-0.02666684709113787,-0.020000095684496677,0.10803770336078244
2009-01-09,1.1632990837097168,-0.003401229170726716,0.017006947927984184,-0.006802633878802644,0.013605543219908256,-0.23607516114737592
2009-01-12,1.159395456314087,-0.003355652428764344,0.0033555114872987346,-0.010067146716192799,-0.003355652428764344,-0.2852412498036756
2009-01-13,1.1398766040802002,-0.006734151044184289,-0.006734151044184289,-0.020202084741058113,-0.016835370647337533,0.13455286725064397
2009-01-14,1.1672025918960571,9.822700741679569e-08,0.0239727596110344,-0.0034242666493404794,0.0239727596110344,0.14133733349091315
2009-01-15,1.1515882015228271,-0.01003309290956711,-0.0033443720462630333,-0.016722225356069265,-0.013377617974498546,-0.008300004049509369
2009-01-16,1.171106457710266,0.003389747383347519,0.03389802099749151,0.003389747383347519,0.016948989371051493,0.8537322035023962
2009-01-19,1.2101432085037231,0.009999836568081788,0.04999985446451016,0.009999836568081788,0.03333322136211381,0.3950509716110382
2009-01-20,1.194528579711914,-5.1230671371804704e-08,-5.1230671371804704e-08,-0.02258074748264105,-0.012903124755883844,-1.0719461424128056
2009-01-21,1.1906248331069946,-0.009804054029375897,0.006536104537965048,-0.01307174792188337,-0.0032680227758643543,-0.19358614604227498
2009-01-22,1.202336072921753,0.003278752494943804,0.02295089280830309,0.003278752494943804,0.009836213296674945,0.4496787563200826
2009-01-23,1.194528579711914,-1.4681249438375232e-08,0.0064932540587836485,-0.009740477170066764,-0.0064936030662925415,-0.3169517349298445
2009-02-02,1.1984323263168335,0.006536038187192839,0.009803731864294063,-0.003268088480349318,0.0032680227758643543,-0.5225141923208163
2009-02-03,1.2101432085037231,4.386613783324833e-08,0.009771834362046095,-0.006514777093513002,0.009771834362046095,0.8320356489676222
2009-02-04,1.2335654497146606,4.4563783774265175e-09,0.02580662931816957,4.4563783774265175e-09,0.019354933404863495,0.7153874487196212
2009-02-05,1.2257583141326904,0.0031646400813478692,0.015822718607365838,-0.009493516332868879,-0.006328918813165663,-0.11732024377948491
2009-02-06,1.2804096937179563,0.003184369539902976,0.05414003110148369,-7.026565884693525e-08,0.04458577107342365,0.409724453609563
2009-02-09,1.2804096937179563,0.006097638759551716,0.021341510542552067,-0.015243871783000351,0.0,-0.1322028617702813
2009-02-10,1.284313440322876,6.787019168896791e-09,0.006097645587955336,-0.015243865099441756,0.0030488261874870304,-0.4114128243841684
2009-02-11,1.2921209335327148,-0.009118718483334676,0.02431628282672138,-0.021276628739561043,0.006079118200208233,0.45521593350491685
2009-02-12,1.276505947113037,-2.7066556995691826e-08,0.006042122147224882,-0.027190479292899195,-0.012084771645163084,-0.48676218696013507
2009-02-13,1.315543293952942,1.219148468845077e-07,0.03363924857049483,-0.009174082716537635,0.030581406164375657,0.6943187679178422
2009-02-16,1.3897125720977783,0.005934137705272624,0.05934659500244521,-3.6066843100979185e-07,0.05637919974642025,0.29846056440893776
2009-02-17,1.350676417350769,0.002809498425129453,0.008427619599541636,-0.0365164510180479,-0.028089372961549897,-0.32213674319407914
2009-02-18,1.2804096937179563,-0.017341270754352323,-0.008670855491459517,-0.060693773878003676,-0.052023358615111204,-0.3596032892843226
2009-02-19,1.2804096937179563,0.0,0.015243871783000573,-0.012195052403224382,0.0,-0.36969209850436613
2009-02-20,1.2921209335327148,2.023802747608272e-08,0.015243892329533715,-0.012195032412000928,0.009146478562461091,-0.0031457559636649535
2009-02-23,1.303831696510315,-0.003021310622936646,0.012084395548867422,-0.021148202644201253,0.009063209699406771,0.14495048166767432
2009-02-24,1.2491798400878906,-0.014970039195795648,-0.005988109919247697,-0.04790414832959844,-0.04191634285981782,0.21609178134857743
2009-02-25,1.2608911991119385,0.009375238575114908,0.025000210359381825,-0.018749664487800688,0.009375238575114908,-0.2918368816156516
2009-02-26,1.2374690771102903,-0.009288107798746115,0.015479857146754483,-0.024767952539310856,-0.01857584700261583,-0.04794355037652309
2009-02-27,1.2569878101348877,-0.0031543501955679787,0.03470056558896939,-0.015772577814571753,0.015773107696700706,0.5104413913888131
2009-03-02,1.2530838251113892,-0.006211455015078582,0.006211138751477163,-0.015528037264943895,-0.0031058256826528297,-0.9476404897536135
2009-03-03,1.2491798400878906,-0.009345803810447584,-1.9757747082849164e-07,-0.018691793418309066,-0.003115501888432348,-0.2224758660294377
2009-03-04,1.366290807723999,1.3868759896062954e-07,0.09687532710370972,-0.0062496352810837985,0.09375028629013782,1.6334879386844747
2009-03-05,1.428749918937683,1.1772188512892967e-07,0.08000009619798942,-0.028571257955486984,0.045714360998834414,0.4058043965610132
2009-03-06,1.397520661354065,-0.021857749330154275,-0.002732022666175893,-0.03551892502065146,-0.021857749330154275,-0.6245012850555085
2009-03-09,1.3272541761398315,0.002793359370519166,0.019553142135103174,-0.058659108682488914,-0.050279389176365985,0.6647182997973253
2009-03-10,1.3272541761398315,-0.017647066488374552,0.002941213943163712,-0.03529413297674888,0.0,-1.1501229182816992
2009-03-11,1.303831696510315,0.017646803508073905,0.026470225886807697,-0.01764732034796701,-0.01764732034796701,0.10169270417121368
2009-03-12,1.303831696510315,0.0,0.0029940501451448664,-0.020958129944134485,0.0,-0.5875852687252845
2009-03-13,1.3194465637207031,0.005988256993076924,0.05089835295025713,-0.008981774992649738,0.011976137144219745,0.6384415972053716
2009-03-16,1.3272541761398315,-0.0029582241784944507,0.014792974707854345,-0.026627023363068214,0.005917338855399912,-0.39417793586121874
2009-03-17,1.350676417350769,7.293947779096754e-08,0.023529641420616976,-0.011764566520675701,0.01764714071502005,0.4617577767801144
2009-03-18,1.338964819908142,-2.846388106325648e-07,0.005780205273513861,-0.011560837654295608,-0.008670912805006425,-0.16338054663103208
2009-03-19,1.3467724323272705,1.0179448839409133e-07,0.005831081073260691,-0.011661641491855557,0.005831081073260691,-0.2705513054947346
2009-03-20,1.3428688049316406,-0.0028985055692625217,0.01449280827640509,-0.01739123143678012,-0.0028985055692625217,0.15912444587743835
2009-03-23,1.3428688049316406,0.0,0.0,0.0,0.0,-18.472549023004547
2009-03-24,1.3545798063278198,0.023255735682586876,0.03488357509974249,-1.5779707440710666e-07,0.008720882749804648,18.95134534729496
2009-03-25,1.323350191116333,0.0057635481411335565,0.0057635481411335565,-0.02305483594661606,-0.02305483594661606,-0.32546709935622076
2009-03-26,1.3701945543289185,6.316829659347434e-08,0.04129816557726529,6.316829659347434e-08,0.035398312198125836,0.37828464309091103
2009-03-27,1.3623868227005005,0.002848851053281809,0.005697959848629086,-0.014245170624830661,-0.005698264968102995,-0.15890538236435958
2009-03-30,1.350676417350769,0.005731118466619556,0.008596485856171565,-0.00859550691081945,-0.00859550691081945,-0.7889925057519314
2009-03-31,1.350676417350769,-0.014450837652346782,0.005780491557676903,-0.0202312580751427,0.0,0.12455019066702278
2009-04-01,1.3623868227005005,0.0028898254150926395,0.011560239317914167,-0.0028905927898289496,0.008670030215453428,0.255708495522768
2009-04-02,1.3740981817245483,0.002865473719236178,0.03151871654962024,1.0712214493224792e-07,0.008596206913418225,0.5924309764697213
2009-04-03,1.397520661354065,0.008522803220679442,0.034091175065316115,0.0028411914236183833,0.017045710372835643,0.07295194662782123
2009-04-07,1.397520661354065,0.0027933314248203,0.016759782297525172,-0.008380063024926998,0.0,-0.6440595909269646
2009-04-08,1.3428688049316406,-0.005586731230338815,-0.0027933998044797903,-0.041899627263712214,-0.03910629583785319,0.16889895415889455
2009-04-09,1.3467724323272705,-0.0029070961436612475,0.008720958795461975,-0.011627922702638238,0.0029069313259002527,-0.5135787604437745
2009-04-10,1.366290807723999,0.011594117193192144,0.017391292558624816,-1.9514462157310675e-08,0.01449270487590848,0.3050483729617106
2009-04-13,1.3858091831207275,0.008571589468213014,0.02285727535423665,0.002857160405592696,0.014285666921262985,0.33676212129203975
2009-04-14,1.3897125720977783,0.002816685749087444,0.002816685749087444,-0.01126779041481163,0.002816685749087444,-0.23209579210318054
2009-04-15,1.3819057941436768,2.2547446465459586e-07,2.2547446465459586e-07,-0.019662744391712006,-0.005617548629006874,-0.1450762321358532
2009-04-16,1.3897125720977783,0.0028243900858295756,0.014124034290681875,-0.008474976009874902,0.005649283755220891,0.360802513426254
2009-04-17,1.3740981817245483,-0.005617578096095199,1.958409017177587e-07,-0.019662773442591153,-0.011235697716730053,-0.2957322602809356
2009-04-20,1.3897125720977783,-0.002841140528434982,0.014204317829971558,-0.005682085216005994,0.011363373142400324,0.19613208145981886
2009-04-21,1.378002047538757,-0.011235674726955636,-0.002808806215344295,-0.01404470003422198,-0.008426580282960283,-0.34726178728945456
2009-04-22,1.378002047538757,0.002832896940771379,0.031161448002884562,-0.00566586360580823,0.0,0.9018173804332648
2009-04-23,1.3584837913513184,-0.008498655084712925,-0.00283286060052379,-0.0226629321223647,-0.014164170671807197,-0.7597122829935863
2009-04-24,1.3467724323272705,0.0028732804911009158,0.0057468797823092554,-0.008620904495590831,-0.008620904495590831,-0.45240235468859424
2009-04-27,1.350676417350769,1.8284438496607436e-07,0.017391498436757802,-0.0028984054248861746,0.0028987711136561067,0.5480273021060533
2009-04-28,1.3545798063278198,-0.0028904676975890498,0.008670156758029623,-0.005780677162640857,0.002889951232514232,-0.9048744479874742
2009-04-29,1.378002047538757,-0.005763757049247142,0.025936508192899055,-0.011527519016778287,0.017291148961118497,0.8729088732345502
2009-04-30,1.366290807723999,5.095545807520807e-08,0.0028329480405806517,-0.016997192106738224,-0.0084987100241799,0.059521793199159845
2009-05-04,1.3897125720977783,-0.0028574487002833715,0.017142590904783983,-0.0028574487002833715,0.017142590904783983,0.09244284238239686
2009-05-05,1.3858091831207275,0.0028092764797547076,0.011236145260947294,-0.008426548561836,-0.002808774314503437,-0.060115532687248674
2009-05-06,1.3936165571212769,-0.0028167330681946323,0.011267745603046553,-0.014084551732160944,0.0056338016053318896,0.2728080276075282
2009-05-07,1.401424527168274,0.0028015104239946798,0.019608245426330217,-0.005602029434850331,0.005602667395919525,0.24287930809662228
2009-05-08,1.420942783355713,-0.008356824093112003,0.01392744012185787,-0.008356824093112003,0.01392744012185787,0.028360542816095347
2009-05-11,1.409231424331665,0.0054942702747433625,0.035714296343015706,-0.008241963829388133,-0.008241963829388133,0.3575279412771657
2009-05-12,1.417038917541504,-0.005539952692694028,0.008310435976974118,-0.016620495437519867,0.0055402491564091605,-0.6562270579604288
2009-05-13,1.420942783355713,2.2165143054309056e-08,0.005509802195763136,-0.0082645461755404,0.002754946082202281,-0.25319917642792333
2009-05-14,1.4053279161453247,-0.005494513670418422,-0.005494513670418422,-0.01648339456470016,-0.01098908935200893,-0.3492000188525104
2009-05-15,1.409231424331665,-1.636670862170675e-07,0.011111156808268019,-0.002777703219708161,0.002777649359622325,-0.25147341750887975
2009-05-18,1.409231424331665,-0.0027701186085293816,0.0027701186085289375,-0.016620507113743854,0.0,-0.006326538493624412
2009-05-19,1.409231424331665,0.005540237217058097,0.01108054261326008,-0.00553996450048333,0.0,0.26319551730913204
2009-05-20,1.3936165571212769,-1.4543589654802958e-07,-1.4543589654802958e-07,-0.011080413721113014,-0.011080413721113014,-0.19550236261983045
2009-05-21,1.3740981817245483,-0.002801138405673642,0.0028012429871486777,-0.016806712700940918,-0.014005556476055836,0.2348691314089031
2009-05-22,1.378002047538757,-0.0028409220589834527,0.008522649413946537,-0.005681867368982796,0.0028410384833703617,-0.7446157732943703
2009-05-25,1.378002047538757,-0.011331657487350655,0.002832896940771379,-0.01416427553105637,0.0,0.23767866661118475
2009-05-26,1.366290807723999,5.095545807520807e-08,0.0028329480405806517,-0.0084987100241799,-0.0084987100241799,-0.09039001041749728
2009-05-27,1.3936165571212769,0.0028570871359261396,0.022857200623342955,0.0028570871359261396,0.01999995113982922,0.5659306069439296
2009-06-01,1.4326531887054443,0.019607835646342053,0.03361340804791868,0.011204299164874643,0.02801102741259287,0.9220017270016534
2009-06-02,1.417038917541504,0.002725105991695731,0.00545000434782672,-0.013623680564445073,-0.010898849272830358,-0.3251685852743158
2009-06-03,1.459979772567749,1.4712701101871062e-07,0.030303229145425048,-0.0027547093308019077,0.030303229145425048,0.31147579910538425
2009-06-04,1.452171802520752,-0.00802156556812561,0.010694783921624484,-0.016043121443609087,-0.005347998783068575,0.028459809019267368
2009-06-05,1.440461039543152,0.002688252450431028,0.010752938624988273,-0.010752582412707268,-0.00806430957912263,-0.4377526940911949
2009-06-08,1.5146311521530151,-2.8565906307065347e-08,0.07588068921035651,-0.008130279369524596,0.05149053710844309,1.0406979950829438
2009-06-09,1.538053274154663,-0.005154715011923328,0.030927579964654672,-0.012886834730265195,0.015463911440322553,-0.3560152538314654
2009-06-10,1.5458605289459229,-0.0025380595473816214,0.007614165862092737,-0.01522838816074823,0.0050760626582007085,-0.46943494591263146
2009-06-11,1.5614746809005735,-2.6609208358951975e-07,0.020201819676866517,-0.010101215746776804,0.010100621409421473,0.1828954051495515
2009-06-12,1.5341495275497437,-0.002499569886831865,0.012500441670122875,-0.029999560308735407,-0.017499581443786383,-0.07690947690751315
2009-06-15,1.6083197593688965,-0.002544333514883146,0.05089071766421416,-0.002544333514883146,0.04834615563035327,0.24366412179026753
2009-06-16,1.604416012763977,-0.009708924893151671,0.016990020855759402,-0.016990390381608433,-0.002427220446791778,-0.4952829544978812
2009-06-17,1.604416012763977,-0.0024331805072485,0.0048660017055199845,-0.026764266961779137,0.0,-0.34436159964911184
2009-06-18,1.604416012763977,0.0,0.0,0.0,0.0,-18.46994453879822
2009-06-19,1.6746819019317627,0.024330819949448967,0.05352790734087898,0.012165336927272508,0.04379530533775733,19.43354813694108
2009-06-22,1.7566596269607544,0.009324246416503756,0.048951221682415946,-0.006992864892932493,0.048951221682415946,-0.00524102024531814
2009-06-23,1.862059235572815,-0.01111101278059079,0.1000000884842438,-0.02000001464699952,0.060000017643950354,0.38824256547474434
2009-06-24,1.8425407409667969,-0.008385746831114704,0.008385539998954528,-0.029350268159733073,-0.01048220928375232,-0.4730567413977518
2009-06-25,1.858155608177185,-0.004237283822172699,0.014830652221087481,-0.012711759833217262,0.00847463877634258,-0.4131794522519705
2009-06-26,1.9103283882141116,0.015118702424741226,0.034557287721899366,0.006479496565456211,0.028077723850106873,-1.2014321981723697e-08
2009-06-29,1.84210205078125,-0.03151272153593032,-0.0273110913938881,-0.0462185821549167,-0.035714455092531794,-0.3121796863594355
2009-06-30,1.8019695281982424,1.8824635117375976e-07,0.006536327846502044,-0.026143619440880617,-0.0217862645372916,0.09805106171731026
2009-07-01,1.858155608177185,-0.006681586952882346,0.03340757170936337,-0.026726056650736907,0.03118037186517908,0.6774816073237027
2009-07-02,1.870196223258972,-0.006479151823728824,0.02375861162820403,-0.010798862693507716,0.00647987446734799,-0.2443966204677892
2009-07-03,1.858155608177185,-0.012875898252698081,0.00858327771917966,-0.021459484134462747,-0.006438156024508035,-0.19494816872463971
2009-07-06,1.894276022911072,0.0021601171858105506,0.019438853546458468,-0.004319342500523127,0.019438853546458468,0.2595733341300246
2009-07-07,1.850129008293152,-0.0021190929879049136,0.0021183515599405567,-0.029661491785117344,-0.023305481399735983,-0.4081733737110298
2009-07-08,1.814009547233581,-0.013014995800009976,1.4225508149223742e-07,-0.039045378689680166,-0.019522671607042796,0.37156056984111885
2009-07-09,1.8220361471176147,-0.0022122508566931876,0.00663720116169686,-0.013274447049313798,0.004424783704294333,-0.8775797074783149
2009-07-10,1.809996485710144,0.004405332601240097,0.004405332601240097,-0.01321592771721758,-0.006607806012255524,-0.23182101292299606
2009-07-13,1.773876428604126,-0.004434831778112547,-0.002217509218466196,-0.02882505249303291,-0.019955871401510783,1.0317810474808908
2009-07-14,1.7979559898376465,-6.668614038751741e-08,0.015837014660957882,-6.668614038751741e-08,0.013574542648649324,-0.5900683647552398
2009-07-15,1.7939430475234983,0.002232396710357687,0.006696850207789096,-0.008928242582168178,-0.0022319469090622546,-0.06361233753330353
2009-07-16,1.809996485710144,0.00671141388558949,0.020134292938404297,-0.00894851990620027,0.008948688872150834,0.46827605917131976
2009-07-17,1.7859165668487549,-0.0022174532804243308,-0.0022174532804243308,-0.019955816457922992,-0.013303848406060026,-0.3106131898507343
2009-07-20,1.7939430475234983,0.004494320072805147,0.006741539651878847,-0.013483104703582716,0.004494320072805147,0.48789958366441155
2009-07-21,1.773876428604126,0.002237006474894443,0.008948610666763557,-0.015660200916212563,-0.011185761413704753,-0.41778657108686446
2009-07-22,1.7819032669067385,-0.004524974008152549,0.011312221064182948,-0.006787223617898852,0.004525026756756034,-0.2140341695121677
2009-07-23,1.8180227279663088,-3.498458645001534e-08,0.03603590090859554,-3.498458645001534e-08,0.020270158167604135,0.663315360516993
2009-07-24,1.8059828281402588,0.002207501013587576,0.006622568039322374,-0.02207504163235885,-0.006622524372683847,-0.5335445451282723
2009-07-27,1.850129008293152,-1.8523166334105667e-08,0.031111049228167875,-1.8523166334105667e-08,0.02444440747997234,0.5047512331293404
2009-07-28,1.8461158275604248,0.002169421469188526,0.0065076582195249255,-0.01084582267922607,-0.0021691356195909783,-0.36300561610053705
2009-07-29,1.7899293899536133,-0.008695649069044298,0.023912923481127057,-0.08478260371702473,-0.030434947129541645,0.5717552797883805
2009-07-30,1.858155608177185,0.004484430897350844,0.047085434602237575,-0.004484073663888477,0.038116709299543805,0.022463043117159742
2009-07-31,1.8902620077133176,0.006479577421384608,0.019438599887818375,1.3029053835822424e-08,0.01727863877214686,-0.07093830204588869
2009-08-03,1.878222107887268,0.002123137233039696,0.0042463062653090855,-0.019108239552511064,-0.006369434383656891,-0.5247461573384555
2009-08-04,1.84210205078125,0.0021364910328034448,0.004273269973691374,-0.034188225050666765,-0.019230982829101073,-0.10489293256733134
2009-08-05,1.84210205078125,0.0217864486824233,0.023965125724089598,-0.01525052480217104,0.0,1.6305982342146308e-08
2009-08-06,1.8019695281982424,-0.01742880238893485,-0.004356952167702821,-0.037036792210318414,-0.0217862645372916,-0.12502353271987232
2009-08-07,1.7578232288360596,-4.76772856750074e-08,0.00668144181939323,-0.028953315007241964,-0.0244989155872819,-0.05040075624717133
2009-08-10,1.7417702674865725,0.006849305609713419,0.013698707770826601,-0.025114121595694705,-0.009132295606377072,0.06186888403136237
2009-08-11,1.7497962713241575,0.002303781681674444,0.006912133858286262,-0.011521161425759208,0.00460795776998002,-0.6060966432722559
2009-08-12,1.7016369104385376,-0.002293495098979692,0.0022937199026100696,-0.03899076350303399,-0.027522838901225533,0.4056661715641958
2009-08-13,1.7217034101486206,-0.0023584247531527325,0.021226668273993,-0.02122624376034765,0.01179246852662108,0.0904932348367744
2009-08-14,1.6695311069488523,-0.006992742395843576,-0.006992742395843576,-0.0326337565531819,-0.030302723972222778,-0.2822669976169543
2009-08-17,1.5852513313293457,-0.01201932342540546,-0.004807931609447591,-0.06009637327947226,-0.05048110530478944,0.4182982680111813
2009-08-18,1.593278408050537,-0.010126285399770785,0.012658385106589343,-0.017721134028176766,0.005063598788754842,-0.47568503740073353
2009-08-19,1.593278408050537,-0.015113356216294949,0.007556523116534208,-0.02266994132947453,0.0,-2.8636399918013922e-08
2009-08-20,1.613344430923462,-0.015113609262360939,0.015113095404106547,-0.017632532316214755,0.01259417235025273,0.014880334424709929
2009-08-21,1.633410930633545,4.1310810772188233e-08,0.022388264596088225,-0.007462556924672015,0.012437827487709496,0.08850679985882692
2009-08-24,1.621371507644653,1.9632428793769918e-07,0.004914264905181875,-0.01719892276203905,-0.007370725126849775,-0.07627830591426132
2009-08-25,1.5772252082824707,-4.989340229855088e-08,-4.989340229855088e-08,-0.04455451940217048,-0.027227750798651473,0.12465203577939121
2009-08-26,1.5892646312713623,-0.0025447623396372965,0.015266976356792306,-0.015267379156254535,0.007633293537073316,-0.3772260910709804
2009-08-27,1.593278408050537,-0.002525076949780214,0.007576126738770839,-0.010100684488392297,0.0025255559711059306,0.17950928464748728
2009-08-28,1.5651848316192627,-2.8466552171035886e-07,0.005037561302453808,-0.020151544544168787,-0.01763255956355325,0.1093769633733217
2009-08-31,1.4728790521621704,-0.005128025226086241,-0.005128025226086241,-0.06410238201514928,-0.058974363661317475,0.2797367990728219
2009-09-01,1.5009725093841553,0.002724986856408318,0.035422623148350096,1.5588853474746145e-07,0.01907383853463318,-0.026657701953137547
2009-09-02,1.5370917320251465,0.0026736976833814374,0.02941160679769972,-0.008021426476787386,0.024063880194455267,-0.1162430790532234
2009-09-03,1.5852513313293457,-0.0026107168156463967,0.03655370005572789,-0.010443780125907187,0.03133163642793657,0.2168053479951837
2009-09-04,1.5812383890151978,-0.0050631014789846995,0.0050634239074429654,-0.020252983024467097,-0.002531423399457333,-0.08341623870110126
2009-09-07,1.5812383890151978,0.005076018780088898,0.01269032805935133,-0.007614309279262321,0.0,-0.20832640278488768
2009-09-08,1.6013047695159912,-3.334521248010702e-08,0.015228147424657834,-0.012690610856175288,0.012690294290977233,0.09627010563564298
2009-09-09,1.5972918272018433,0.0025063039236579154,0.0025063039236579154,-0.01754364820058607,-0.00250604531413523,-0.12935820757693506
2009-09-10,1.5852513313293457,-0.0025128188711399657,0.0025123693329152097,-0.015075603858700992,-0.00753806891605413,0.09529280121513395
2009-09-11,1.637424349784851,8.568227238825443e-09,0.040506608725224824,-0.002531420276981944,0.032911512152306255,0.5163667114354027
2009-09-14,1.637424349784851,0.0,0.004902023179463422,-0.009803865383421595,0.0,-0.26743472397516754
2009-09-15,1.6253846883773804,4.948657972292381e-08,0.0024510611976036323,-0.01715685151507318,-0.007352804670977764,-0.3395490685202063
2009-09-16,1.6053177118301392,-0.002469258037154032,-9.124868616261494e-08,-0.019753243240397844,-0.012345985963036266,-0.11627387636220732
2009-09-17,1.6293975114822388,0.007500170744625612,0.020000147059437312,0.007500170744625612,0.01500002116381527,0.2421210142080703
2009-09-18,1.5812383890151978,2.5964679517542777e-08,0.004926258399350347,-0.03201948459197568,-0.02955639868581328,-0.07884084656116741
2009-09-21,1.5892646312713623,-0.0025381994349121806,0.007614024550778975,-0.017766629116482968,0.0050759217028391035,-0.029748747650767626
2009-09-22,1.5651848316192627,-0.005050396948655833,0.012626222786917607,-0.02020191847886954,-0.01515153560853899,0.04840390104029524
2009-09-23,1.553145408630371,2.0441311976426846e-07,0.007692611740167221,-0.015384484022133105,-0.0076920135856646255,-0.4366929424620096
2009-09-24,1.5651848316192627,-0.002584215916205057,0.015503673809856622,-0.020672169240876226,0.007751639300475066,0.42150509700047323
2009-09-25,1.549131989479065,-0.005127924517459248,0.0025642931201892427,-0.01794866590338151,-0.010256195828060921,-0.3665180930773495
2009-09-28,1.5411051511764526,0.0025906758343259284,0.007771833518498639,-0.012953371088665455,-0.0051815070356345805,0.2756353460697234
2009-09-29,1.5451186895370483,6.049461176438342e-08,0.005208525004669173,-0.02083309249510623,0.0026043247973908112,-0.17787219881470762
2009-09-30,1.5651848316192627,-1.8742493546053396e-07,0.023376537177708157,-0.010389736255559612,0.012986796560092495,0.448023372671706
2009-10-09,1.6053177118301392,0.010256613778566903,0.025640984630139085,0.007692478342323561,0.025640984630139085,-0.23873442156963165
2009-10-12,1.6013047695159912,0.015000013672573198,0.022500171694810778,-0.00499981291381868,-0.0024997807502995517,0.06331013086482074
2009-10-13,1.6173580884933472,-0.002506154481506928,0.01002514904280738,-0.005012452197903805,0.01002514904280738,-0.6406355357140008
2009-10-14,1.621371507644653,4.481651227905559e-08,0.009925546440609168,-0.0024813763947275636,0.0024814660277518996,0.39833646678552626
2009-10-15,1.621371507644653,0.002475278890763377,0.007425653904958418,-0.004950557781526199,0.0,-0.2462582439832275
2009-10-16,1.6013047695159912,-1.8805137336208588e-07,0.0024750903739103602,-0.019802232686344623,-0.0123763974104939,-0.16723623430856094
2009-10-19,1.621371507644653,1.8805140866717807e-07,0.01503778996605254,-0.005012407606032165,0.012531492137332068,0.7228441707407534
2009-10-20,1.649464726448059,0.002475272625101832,0.01732682403196817,-0.0024752851254823405,0.01732682403196817,0.3482055346080912
2009-10-21,1.6534775495529177,-0.002433257988111337,0.012165284958047362,-0.007299498854988928,0.0024328032242919573,-0.08222741350035179
2009-10-22,1.637424349784851,-0.0024270440293293616,-6.765573523637158e-08,-0.012135965094974499,-0.009708749763434832,-0.9484594873386278
2009-10-23,1.6655175685882568,0.002451067400588869,0.026960762386289527,0.002451067400588869,0.017156956782215405,0.7567348339105955
2009-10-26,1.6615040302276611,0.0048192221115583855,0.012048110071439577,-0.009638553808203776,-0.002409784463575315,-0.12538406050217077
2009-10-27,1.613344430923462,-0.007246257139153611,-0.007246257139153611,-0.033816583340386286,-0.028985544680021236,0.015175011734363864
2009-10-28,1.621371507644653,2.376351067034932e-07,0.007463021012355853,-0.0074623620654653555,0.004975426553272655,-0.5457275452572041
2009-10-29,1.593278408050537,-0.009901157382448345,-0.004950538582960684,-0.022277369307720174,-0.017326750508232736,0.12992617295714837
2009-10-30,1.6293975114822388,0.010075306834550934,0.035264414814706546,0.005037646429765452,0.022669674834729925,0.5419840813811838
2009-11-02,1.6615040302276611,-0.017241206843139345,0.02709379134842793,-0.022167378375655744,0.019704534049653555,0.14275895934840577
2009-11-03,1.6615040302276611,0.0024154896678514337,0.009661720867845114,-0.0024154896678514337,0.0,-0.33129942023091985
2009-11-04,1.6655175685882568,1.1560521095965726e-07,0.004831095499399973,-0.009661665830476784,0.0024156055523054665,-0.3483389580731391
2009-11-05,1.6855840682983398,-2.0256756938508147e-08,0.014457875656795682,-0.007229027521165388,0.01204820656865957,0.8025109027135393
2009-11-06,1.6735442876815796,0.004762001318623144,0.011904714726922228,-0.01190475971240168,-0.007142794502628891,-0.17578661379091898
2009-11-09,1.677557349205017,0.0023979416337986947,0.009592395627689099,-0.0023980462384779466,0.0023979416337986947,-0.30769707968257265
2009-11-10,1.6815704107284546,0.00717707263076095,0.01196158670445202,-1.6953560666443934e-07,0.0023922052651965675,-0.12513407681585065
2009-11-11,1.6815704107284546,0.0,0.002386782890164252,-0.009546426663170404,0.0,-0.31345097469497674
2009-11-12,1.6695311069488523,2.029889116794692e-07,0.004773652255283256,-0.009546225612077186,-0.007159559720360975,0.08453696822295953
2009-11-13,1.677557349205017,-3.3453269376870765e-08,0.0048074829050852586,-0.007211662981179701,0.0048074829050852586,0.0005346585212713251
2009-11-16,1.7136770486831665,0.004784737745946233,0.023923501384761847,0.0023922450861411093,0.021531126488919305,0.7715581952949755
2009-11-17,1.7257168292999268,0.0046836345963279236,0.021077169251845662,-3.482214394612271e-08,0.007025699869185997,-0.04851179518990634
2009-11-18,1.7578232288360596,0.004651237357061744,0.02093028527825269,-0.0023257100674294318,0.0186046742959316,-0.0701193388649699
2009-11-19,1.7538100481033323,9.423933056140754e-08,0.004566137931508951,-0.01141535215098255,-0.0022830399933811973,-0.23015950433890353
2009-11-20,1.7417702674865725,-0.004576795339319761,-7.840410942705489e-08,-0.013730003922172718,-0.006864928519357161,-0.06120300465115136
2009-11-23,1.7457835674285889,0.0023041499886249373,0.00691250385862352,-0.004608153971486506,0.0023041499886249373,-0.19713843855171476
2009-11-24,1.7056504487991333,0.006896496737811564,0.01609190215154399,-0.025287478791095275,-0.022988599147240607,0.6934398836481819
2009-11-25,1.7176904678344729,-0.0070586933080115655,0.007058901807117879,-0.02588234650205612,0.007058901807117879,-0.11618157081803204
2009-11-26,1.6574909687042236,-0.004672895008589806,-0.004672895008589806,-0.044392508574946477,-0.03504676788836347,0.1687889338832207
2009-11-27,1.621371507644653,-0.00726379667756516,3.9985473598846966e-08,-0.026634325753218224,-0.021791648788172635,-0.07976561903011614
2009-11-30,1.6534775495529177,0.002475194763000399,0.022277058692669494,0.002475194763000399,0.019801780009631953,-0.5248462163993075
2009-12-01,1.6615040302276611,-1.2758653633593298e-07,0.007281517971687856,-0.0121360242984615,0.004854302785613163,0.13150696674482987
2009-12-02,1.6735442876815796,0.004831111428075463,0.016908442453205552,0.004831111428075463,0.007246601413460674,-0.039855133482451066
2009-12-03,1.6695311069488523,9.919730215024458e-08,9.919730215024458e-08,-0.011990461116357154,-0.002398012865429955,-0.36549192169022504
2009-12-04,1.7257168292999268,-0.0024040741986537384,0.033653594184151814,-0.009615702539300108,0.033653594184151814,1.3335860756137876
2009-12-07,1.7217034101486206,0.0023256833414060374,0.004651294455902066,-0.011627868868035018,-0.0023256533651203615,-0.6398299308529154
2009-12-08,1.697623610496521,-0.002330871752879826,-0.002330871752879826,-0.020978899275875484,-0.013986032385229996,-0.3993343838438186
2009-12-09,1.6615040302276611,-0.007092092052416121,-0.007092092052416121,-0.02600474665415664,-0.021276553910731466,-0.11541846952169621
2009-12-10,1.6735442876815796,0.007246601413460674,0.014492952467820341,1.3145730504149356e-07,0.007246601413460674,-0.16678823491455574
2009-12-11,1.6695311069488523,0.0047960872300201185,0.009592429401857006,-0.009592349053625382,-0.002398012865429955,-0.16037081927822783
2009-12-14,1.7217034101486206,-1.2585820918786794e-07,0.036057545128930446,-0.016827082373249924,0.031249674224468782,1.044322742764713
2009-12-15,1.6855840682983398,-0.009323909021376253,-0.006992876755819943,-0.023309987870325122,-0.0209788408603796,-0.7162268903770972
2009-12-16,1.689597249031067,-0.004762179708049485,0.014285561374659306,-0.007142927587454939,0.002380884352317425,-0.07210752995717229
2009-12-17,1.6655175685882568,-0.002375208997624223,0.011876520279646918,-0.016627055199688878,-0.014251728011879128,0.12212046432594548
2009-12-18,1.6574909687042236,-0.0048192826274638945,0.009638495772112288,-0.012048112519615461,-0.0048192826274638945,0.02287436783658947
2009-12-21,1.6574909687042236,-0.0024213383857044635,0.004842676771408927,-0.009685174758295223,0.0,-0.17166787044717324
2009-12-22,1.6454511880874634,-0.002421361078818518,0.004842653913051498,-0.01452787394741717,-0.007263858955546931,0.13375008546025313
2009-12-23,1.6454511880874634,-0.002439055284192415,0.002439115315088003,-0.009756281167665803,0.0,-0.40548167857604156
2009-12-24,1.6695311069488523,0.002439197396486792,0.019512105536629187,-0.004878029086133329,0.014634234692417314,0.45850802318265593
2009-12-25,1.6534775495529177,-0.002403979410001922,0.002403773273914611,-0.01201924811759858,-0.009615608435875944,-0.3504153563222836
2009-12-28,1.6695311069488523,0.002427318813977619,0.016990374331529834,1.030680545355267e-07,0.009708966051746648,0.12141049133511572
2009-12-29,1.697623610496521,-0.00240407109440377,0.02163433512556545,-0.0120193389183062,0.016826582883507468,0.4518504879542995
2009-12-30,1.7337435483932495,-0.004727947653282216,0.023640861060341356,-0.007092044139075493,0.02127676457454797,0.758152478285453
2009-12-31,1.7377572059631348,-0.0023146652205102702,0.009259329424499363,-0.009259084797026307,0.002315023795534721,-0.6302633234992321
2010-01-04,1.7217034101486206,0.0023093749351090764,0.0115471382935739,-0.009238227158215984,-0.009238227158215984,-0.28865936498234745
2010-01-05,1.7417702674865725,0.004662138129130078,0.016317069600404244,-0.006992908086530081,0.01165523470515728,0.06699040229430508
2010-01-06,1.7217034101486206,4.099927530809566e-08,0.0023039907232922374,-0.013824904991504128,-0.011520955267487087,-0.16720444579492266
2010-01-07,1.689597249031067,-0.002330909929859848,-1.0738134548216038e-07,-0.020978936739266763,-0.0186479047019964,-0.14058131888082315
2010-01-08,1.697623610496521,-0.0023752887317892712,0.011876439406426798,-0.009501152800897028,0.0047504584125341864,-0.09773022639122075
2010-01-11,1.7136770486831665,0.049645593374232355,0.06146584328546045,-0.007092025138747848,0.009456417834545983,1.049158960201833
2010-01-12,1.7337435483932495,-0.002341969163823898,0.014051565748844919,-0.009367819247173115,0.011709615721061661,-0.8360972088939498
2010-01-13,1.6615040302276611,-0.018518686158411568,-0.006944694146984065,-0.05324083311398298,-0.041666784128792544,0.991733978733393
2010-01-14,1.6695311069488523,2.3065462029236983e-07,0.009661953750986108,-0.004830749795370348,0.004831211104610711,-0.9419176105043405
2010-01-15,1.6695311069488523,0.002403876589721188,0.00480751651918232,-0.009615506358883419,0.0,-0.2711085606449828
2010-01-18,1.6695311069488523,-0.0048077531794417094,0.002403876589721188,-0.007211629769162564,0.0,-0.24837193498478882
2010-01-19,1.6735442876815796,-9.919729215823736e-08,0.00961528787764121,-0.00240397554855476,0.0024037771539708874,0.3756003817813216
2010-01-20,1.6454511880874634,0.0023978930892651906,0.004796004955635702,-0.019184700545797906,-0.016786588679427505,0.007589747120558599
2010-01-21,1.6574909687042236,2.274819577152698e-08,0.012195119353888506,-0.004878087931157515,0.00731700867453533,-0.06686914290390433
2010-01-22,1.6695311069488523,-0.009685116197530763,0.016949309646000277,-0.016949191379035278,0.007264074720142455,0.5483308037692503
2010-01-25,1.6615040302276611,-0.00480798272507843,0.024038174707683213,-0.012019374170640584,-0.00480798272507843,0.11131596461232718
2010-01-26,1.6695311069488523,-0.002415259570375139,0.009661953750986108,-0.009661551892649278,0.004831211104610711,-0.3521035259757461
2010-01-27,1.649464726448059,-0.0024039019268649042,-2.539819810021271e-08,-0.016826983603675183,-0.01201917138127817,-0.09725699356890516
2010-01-28,1.649464726448059,0.0,0.0,-0.017031724587273755,0.0,-0.4779331043688906
2010-01-29,1.6454511880874634,-0.0048663573382780045,0.0024328244622073836,-0.012165778678067785,-0.0024332368532902215,-0.255564542311582
2010-02-01,1.6173580884933472,-0.0048780927386298245,-0.0048780927386298245,-0.019512244613301255,-0.017073189285407686,0.1175559360106746
2010-02-02,1.637424349784851,0.0024813140758550567,0.02977657682046697,0.0024813140758550567,0.012406814195486282,0.34208312107649874
2010-02-03,1.6735442876815796,7.15264920625458e-08,0.026960778665766627,-0.007352782793121904,0.022058996436369327,0.48796186437222033
2010-02-04,1.6655175685882568,-0.007194351212583827,-0.0023981276389227757,-0.014388450480357196,-0.004796239425753357,-0.9055386095625266
2010-02-05,1.6574909687042236,-0.012048112519615461,-0.0048192826274638945,-0.014457781791302415,-0.0048192826274638945,-0.19562666942418616
2010-02-08,1.6574909687042236,-0.0072638363725907595,0.0024213383857043524,-0.0072638363725907595,0.0,-0.4302170680971287
2010-02-09,1.6454511880874634,-2.2748195216415468e-08,0.0024213155824281962,-0.01694927187288009,-0.007263858955546931,0.726528044950939
2010-02-10,1.6534775495529177,0.00243909407703935,0.007316964418498273,-2.1186372656245567e-08,0.004877909185980522,-0.7302819702324541
2010-02-11,1.649464726448059,7.766985343771182e-08,0.0024272933541296116,-0.007281390164489809,-0.002426899056442333,0.2618432231567951
2010-02-12,1.6574909687042236,-3.3735281901314806e-08,0.004865967806082283,-0.0024332141604461732,0.004865967806082283,0.05480640604534415
2010-02-22,1.649464726448059,3.3735282789493226e-08,0.002421372202671801,-0.004842404820123547,-0.004842404820123547,-0.2049615543969594
2010-02-23,1.6414380073547363,4.4453912328989986e-08,4.4453912328989986e-08,-0.01459856015990768,-0.0048662568920812,0.40430194619128557
2010-02-24,1.649464726448059,-0.004890081877061414,0.007334831147807419,-0.007335160766306248,0.004890053146910045,-0.24126886984199203
2010-02-25,1.6695311069488523,2.5398198877368827e-08,0.012165389279953809,2.5398198877368827e-08,0.012165389279953809,0.8548471588857822
2010-02-26,1.6615040302276611,-0.00480798272507843,0.0024036453806888236,-0.00961573479559008,-0.00480798272507843,-0.6833773871423787
2010-03-01,1.6735442876815796,0.0024156214426904743,0.012077343580639166,-0.0024153585280801693,0.007246601413460674,0.24540944265812215
2010-03-02,1.6695311069488523,9.919730215024458e-08,0.0047960872300201185,-0.004796124928161616,-0.002398012865429955,-0.386112266436637
2010-03-03,1.677557349205017,0.0024038430560340274,0.0048074829050852586,-0.002403909962572892,0.0048074829050852586,0.14609216775331646
2010-03-04,1.677557349205017,0.0,0.0023923752063961246,-0.014354015710421164,0.0,0.29957429838942673
2010-03-05,1.6655175685882568,-0.004784596090554927,-0.0023922210793674292,-0.009569346112930033,-0.007176971101742535,-0.6928278696090473
2010-03-08,1.6655175685882568,0.002409669136948178,0.004819338273896356,-0.004819338273896467,0.0,-0.0021509843651195126
2010-03-09,1.6735442876815796,1.585209274956867e-08,0.012048243112556811,-0.004819322498200607,0.004819354202385551,1.1047423487557033
2010-03-10,1.6615040302276611,-0.0023982429668841787,0.002397743959617449,-0.009592577495673216,-0.00719446598607687,-0.7858733455191995
2010-03-11,1.6735442876815796,0.0024156214426904743,0.014492952467820341,1.3145730504149356e-07,0.007246601413460674,0.3910717696851016
2010-03-12,1.6655175685882568,-0.0023981276389227757,-1.5852092194457157e-08,-0.00959246299941452,-0.004796239425753357,-0.5133949986569348
2010-03-15,1.6534775495529177,1.1981340142241947e-08,0.00240968114715967,-0.012048155924854198,-0.007228995516117331,0.06184491440354378
2010-03-16,1.6615040302276611,-1.2758653633593298e-07,0.00970873315776255,-0.0024271038146799206,0.004854302785613163,0.047132203031406306
2010-03-17,1.6735442876815796,0.0024156214426904743,0.009661853595253955,-0.0024153585280801693,0.007246601413460674,0.028584380228661388
2010-03-18,1.6655175685882568,0.0023978598420197894,0.0023978598420197894,-0.007194351212583827,-0.004796239425753357,0.22048901634668638
2010-03-19,1.6655175685882568,0.0,0.0,0.0,0.0,-17.38212276862337
2010-03-22,1.6695311069488523,0.002409784463575093,0.009638555475552701,-0.002409554364782962,0.002409784463575093,17.86134274493003
2010-03-23,1.6655175685882568,0.0024037612637737293,0.004807400916697402,-0.00480786767569541,-0.002403991362539104,-0.30780080079495065
2010-03-24,1.6936112642288208,0.007229049237204688,0.024096619253804352,0.004819616663246151,0.016867847070731967,1.1263147485420255
2010-03-25,1.6695311069488523,-0.002369859720201095,-0.002369859720201095,-0.014218231650067192,-0.014218231650067192,-1.3447421785017468
2010-03-26,1.697623610496521,0.004807320608469556,0.024038211246594665,-1.9497337488960653e-07,0.016826582883507468,0.966692892457722
2010-03-29,1.7497962713241575,0.007092148933278031,0.037825049460669335,0.00472805280687516,0.030732761081460724,0.7586969586349035
2010-03-30,1.7538100481033323,-0.002293361841153252,0.004587461580262575,-0.009173959458207204,0.002293853773123855,-0.8980887656671861
2010-03-31,1.7217034101486206,-3.7404837116561396e-08,-3.7404837116561396e-08,-0.02059492652630779,-0.01830679325245832,-0.18477959542101985
2010-04-01,1.7297303676605225,0.002331186134026275,0.011655315648089859,-0.002330763878610864,0.004662218512542227,-0.27914111132085395
2010-04-02,1.7217034101486206,-3.901111411686031e-08,0.004640390865966237,-0.009280784553365562,-0.0046405831001038456,0.048964349082087466
2010-04-06,1.7217034101486206,0.0023311470319697936,0.0069932116071296235,-0.0023308027987993807,0.0,-0.40275942870015413
2010-04-07,1.7096635103225708,-1.498666538646276e-07,0.0023309968159548333,-0.013986112007322027,-0.006993016192615054,0.27527499791892396
2010-04-08,1.697623610496521,8.07514917156027e-08,0.004694976486327995,-0.009389479613296392,-0.007042262850763037,-0.04512696451056186
2010-04-09,1.7096635103225708,0.0023640155136770424,0.01182040057432543,-8.075148483221994e-08,0.007092208044001236,0.013998932178687085
2010-04-12,1.7016369104385376,5.3707358338428435e-08,0.004694949315225516,-0.009389506403497117,-0.004694841900508728,-0.17914655653571288
2010-04-13,1.7217034101486206,9.615931295670066e-08,0.016509626449061843,-0.0023584247531527325,0.01179246852662108,0.5313405637774125
2010-04-14,1.7056504487991333,-0.002330786132280993,1.670545546339497e-08,-0.016316750602620833,-0.009323883111843068,-0.023068482866200668
2010-04-15,1.7056504487991333,0.0,0.002352971154530925,-0.009411652969475104,0.0,-0.2632085277327505
2010-04-16,1.6855840682983398,-2.615338434708292e-08,0.00235294493960847,-0.014117736887020338,-0.011764649969705832,-0.34742269757922983
2010-04-19,1.6253846883773804,-0.004762068239058337,-0.004762068239058337,-0.04523818561413717,-0.03571425540449791,1.1616719539924745
2010-04-20,1.6293975114822388,0.002468845150045418,0.009876406381291503,-0.007407579040889067,0.002468845150045418,-0.7081648737079647
2010-04-21,1.633410930633545,-1.565341123388464e-08,0.004926216576239151,-0.012315202182306306,0.002463130772585531,-0.0009017720483868175
2010-04-22,1.6093312501907349,-0.0024570332276945273,6.120415085852926e-08,-0.019655847623109346,-0.014741961126383818,0.13371752772462742
2010-04-23,1.621371507644653,1.3512012886351954e-07,0.009975326160461595,-0.004987276265327356,0.00748152840037819,-0.04240048121078388
2010-04-26,1.621371507644653,-0.002475278890763044,0.002475278890763377,-0.012376211686484173,0.0,-0.029539807451751443
2010-04-27,1.621371507644653,-0.007425836672289021,0.0,-0.009901176485496266,0.0,0.13527067799885373
2010-04-28,1.6253846883773804,-0.00495065936532213,0.0024751765488695288,-0.00990127756388759,0.0024751765488695288,-0.36837597073255424
2010-04-29,1.649464726448059,0.002469020001345079,0.027160570961488162,9.583901383614091e-08,0.01481497779748242,0.6277986353107075
2010-04-30,1.6815704107284546,-1.7759067705291898e-07,0.01946430485332762,-0.009732718236773685,0.01946430485332762,0.09500693525712478
2010-05-04,1.6574909687042236,-0.011932949931639403,-0.004772952679885645,-0.028639433961334393,-0.014319615682223952,-0.825922971652524
2010-05-05,1.6574909687042236,-0.009685174758295223,0.0024213383857043524,-0.02179168790229502,0.0,-0.02294251182756568
2010-05-06,1.6253846883773804,-0.0024214003390556904,-0.0024214003390556904,-0.026634425123335803,-0.019370410417344774,0.5758476133249921
2010-05-07,1.6173580884933472,-0.012345839275289427,0.007407376422207568,-0.01481476334240317,-0.0049382770376938945,-0.1730459989188624
2010-05-10,1.6414380073547363,8.302023557504867e-08,0.017369848941641397,-0.007444241971505283,0.014888427635602275,0.037914850561261204
2010-05-11,1.613344430923462,0.007334598065777298,0.017114670649117647,-0.02445009623117944,-0.017115222326640755,0.22920134387320346
2010-05-12,1.6293975114822388,-0.004975192280619267,0.022388280599952237,-0.012437729407369424,0.009950188100620316,-0.10983008228476265
2010-05-13,1.6574909687042236,-0.002462703013924261,0.029556811216032042,-0.004925789202653852,0.017241622761795306,0.5782695959631639
2010-05-14,1.6414380073547363,-0.004842360581475136,0.002421416764223583,-0.019370272841945924,-0.00968509732637457,-1.1230221810136065
2010-05-17,1.5892646312713623,-0.00978018141363346,-0.0048903257217159934,-0.04156505580943626,-0.03178516389263719,0.7924372045842922
2010-05-18,1.5852513313293457,9.114915378027888e-08,0.007575945941254103,-0.02272710030788616,-0.0025252559347564985,0.01427188274047353
2010-05-19,1.5651848316192627,-0.007594889383329972,-1.0522746940466732e-07,-0.030379864956448954,-0.01265824498204704,-0.39378798600860065
2010-05-20,1.561171531677246,-0.007692124619206542,0.005128363496403887,-0.012820395596747525,-0.0025641060793214487,-0.2744797567998738
2010-05-21,1.5892646312713623,-0.012853523146204804,0.020565610249152932,-0.023136177676113867,0.01799488334503141,0.4677753669409057
2010-05-24,1.6093312501907349,-0.005050267355107385,0.01767692467065496,-0.005050267355107385,0.012626354682869767,0.018091347505166055
2010-05-25,1.5691986083984375,-0.00748106469176113,1.4452413132914899e-07,-0.027431262825328373,-0.024937465041793505,-0.15316359187356454
2010-05-26,1.573211908340454,-0.002557606925798761,0.007672701880047539,-0.002557606925798761,0.0025575474771244444,-0.9297390499569964
2010-05-27,1.573211908340454,0.0,0.0,0.0,0.0,-17.019298978180874
2010-05-28,1.6093312501907349,0.01530601165825396,0.028061085646241324,0.007652791460713404,0.02295898070615432,18.411152049797952
2010-05-31,1.6414380073547363,0.01995037203198291,0.027431581463332355,0.009975364745277826,0.01995037203198291,0.7822663724640897
2010-06-01,1.6454511880874634,-0.007335216835467118,0.0024449176360881175,-0.0342300600776656,0.0024449176360881175,0.31183052220359286
2010-06-02,1.561171531677246,-0.06341488018493524,-0.04878067015307486,-0.07560997517030044,-0.051219785199570045,0.222808516270252
2010-06-03,1.5411051511764526,-0.002570439696142679,-0.002570439696142679,-0.02570685790093874,-0.012853411744726762,-1.0647049836729892
2010-06-04,1.5161148309707642,3.8417274672575275e-07,0.002703122073056008,-0.01891864808792698,-0.01621584366687201,-0.37756120178872976
2010-06-07,1.478628396987915,-0.016483395217856578,-0.0054945143308728905,-0.024725326351993204,-0.024725326351993204,0.05744672234074599
2010-06-08,1.4619678258895874,-4.329392155888456e-08,0.005633831540033718,-0.019718119892511154,-0.011267584967437738,-0.05047386727332537
2010-06-09,1.5119495391845703,0.00569807171180714,0.039886118870747556,-0.014245060979914959,0.03418797076780389,0.28350534466083843
2010-06-10,1.478628396987915,-0.019283671579919726,-0.013773891011986228,-0.0247931131303315,-0.022038527962134347,-0.7474129720033211
2010-06-11,1.478628396987915,0.0028169375389339724,0.01126781948720379,0.0,0.0,-0.4681531599699227
2010-06-15,1.478628396987915,0.0,0.0,0.0,0.0,-17.360703343029183
2010-06-17,1.4827934503555298,0.0056337730287874255,0.011267716866405486,-0.0028167614046048506,0.0028168357757090146,17.39892976922557
2010-06-18,1.4536370038986206,-2.2708467684040556e-07,0.002808796969268501,-0.022471935559350564,-0.019663188052198577,1.0168680928387452
2010-06-21,1.495289325714111,0.01146187535820431,0.034384319713415046,3.35825131259071e-07,0.02865386730234576,-0.10582755243148512
2010-06-22,1.491123914718628,-0.0027856889792842177,0.0027851369294320527,-0.011142407754997086,-0.0027856889792842177,-0.42212089874664116
2010-06-23,1.478628396987915,-0.005586600691516508,1.3164405010535063e-07,-0.011172989274708889,-0.008379932484062325,-0.6362407167313364
2010-06-24,1.478628396987915,-0.005633597751996677,0.008450881948269817,-0.005633597751996677,0.0,-0.2839908156920359
2010-06-25,1.478628396987915,0.0,0.005633875077867945,-0.005633597751996677,0.0,0.11497091489336952
2010-06-28,1.478628396987915,0.0028169375389339724,0.005633875077867945,-0.005633597751996677,0.0,0.1103233930479135
2010-06-29,1.4453074932098389,-0.002816583056502453,0.0028170151313908764,-0.025351946448700424,-0.02253500869180758,0.8044632298617245
2010-06-30,1.411985993385315,-0.005763884524264129,0.008645305757466026,-0.02593683603453023,-0.02305495542026237,-0.2000756511500441
2010-07-01,1.411985993385315,0.0,0.008849743207810512,-0.0029498902013548323,0.0,-0.9866087358123607
2010-07-02,1.4161508083343506,-2.7447443651240633e-07,0.011799065281126841,-0.002950163866122013,0.0029496149172487662,-0.08311680442584546
2010-07-05,1.403655767440796,-0.008823241719750907,1.1153302414967925e-07,-0.01764695692358087,-0.008823241719750907,0.6663751674146496
2010-07-06,1.4494726657867432,-0.002967276213882375,0.03560822618904469,-0.005934673115003397,0.032641121426432385,0.6167685540938272
2010-07-07,1.4494726657867432,-0.0028736701204082893,0.0,-0.014368067697843157,0.0,-0.8343216801269797
2010-07-08,1.4453074932098389,9.251534960341701e-08,0.005747008931546338,-0.008620777191338802,-0.0028735778709173543,-0.35135946055389056
2010-07-09,1.4744634628295898,-0.002882053055994649,0.02305444561483805,-0.011527694472671657,0.02017284886207804,0.6755743504821368
2010-07-12,1.4869587421417236,5.316279239053756e-08,0.019773827667231902,-0.005649805277538,0.008474458423102904,0.07168602488279419
2010-07-13,1.4619678258895874,-0.005602313590376995,-0.005602313590376995,-0.022409043790081462,-0.016806731447128742,-0.30464283221383326
2010-07-14,1.470298171043396,0.0028489268873224116,0.014244872079590465,-1.1200191285531957e-07,0.00569803589811535,0.1070272679076183
2010-07-15,1.436976671218872,-0.0028330217143259784,-5.5205684246217857e-08,-0.02549598681657117,-0.022663090032192135,-0.15620274616180296
2010-07-16,1.4286463260650637,-0.005797133189881509,4.253526397768326e-08,-0.014492682754376318,-0.005797133189881509,-0.3174386632621804
2010-07-19,1.441142201423645,-0.005830579952618931,0.014577705697591758,-0.008746069833241443,0.008746654179274005,0.4063573750436049
2010-07-20,1.4661327600479126,-2.4368120354889555e-07,0.0202310805988255,-2.4368120354889555e-07,0.017340799956854003,0.42776560129321695
2010-07-21,1.470298171043396,7.181426875391139e-08,0.002841087184592528,-0.008522764529625748,0.002841087184592528,-0.28853198034531147
2010-07-22,1.478628396987915,-0.0028328118091317522,0.008498568540870055,-0.00849860657054824,0.0056656711601617005,-0.049789988342237024
2010-07-23,1.4869587421417236,-4.2046497394920834e-08,0.01690137448205742,-0.002816702141129168,0.005633832794485816,0.4518454678315429
2010-07-26,1.4827934503555298,0.002801165520667892,0.002801165520667892,-0.011204407692667506,-0.002801215439370175,-0.8515931957761254
2010-07-27,1.478628396987915,-0.0028089234995043455,1.0147737983245975e-07,-0.01685384097376219,-0.0028089234995043455,1.0664060133924522
2010-07-28,1.499454140663147,-0.0028166389097158406,0.01971837656290809,-0.008450583439412407,0.014084501364680646,0.1231806421522954
2010-07-29,1.5036191940307615,-1.0013104589923216e-07,0.005555526275353051,-0.005555453063341598,0.002777713072153354,-0.8273568282543344
2010-07-30,1.491123914718628,-0.005540017084058602,-0.0027701713385639426,-0.016620559111418465,-0.008310135546113484,-0.1551930092367826
2010-08-02,1.507784366607666,3.236122925187601e-08,0.013966414935437266,-0.005586699419670937,0.011173083420221275,0.4268776221219497
2010-08-03,1.4827934503555298,-2.194561976587295e-09,0.0027624640487420304,-0.019337061925286503,-0.016574595681982607,-0.2691887261978181
2010-08-04,1.478628396987915,-0.0028089234995043455,0.0028091264542640104,-0.014044815996878124,-0.0028089234995043455,-0.008516706712907052
2010-08-05,1.4536370038986206,-0.005633924463033457,-3.2856202325515227e-07,-0.01971839953567467,-0.01690174024805957,0.39408504800179855
2010-08-06,1.4661327600479126,0.002865468032818397,0.014327004879614691,-0.008595786720295373,0.008596201194506436,-0.4950009886978819
2010-08-09,1.4578025341033936,0.002841138879710936,0.005682084474122773,-0.014204394842034285,-0.005681767825886919,0.4624129547584914
2010-08-10,1.4328114986419678,-8.554853847542176e-08,0.002857093631572827,-0.017142949663478402,-0.017142949663478402,-0.22484567327679272
2010-08-11,1.436976671218872,-2.120580622211321e-08,0.0058140066195919715,-0.002907035118505097,0.0029069927068927637,-0.5855600623420614
2010-08-12,1.4286463260650637,-0.005797133189881509,4.253526397768326e-08,-0.01159409489180352,-0.005797133189881509,0.0342223164389992
2010-08-13,1.4328114986419678,-2.1329456423302418e-08,0.005830957231383049,-0.0029152235816430894,0.002915467950963313,0.0377836592735008
2010-08-16,1.4494726657867432,1.7415488562377845e-07,0.011628303625820235,-0.008720654641539594,0.011628303625820235,0.529414748552103
2010-08-17,1.4453074932098389,-0.0028735778709173543,9.251534960341701e-08,-0.011494376851549526,-0.0028735778709173543,0.10926704308733548
2010-08-18,1.4494726657867432,-9.251534105469972e-08,0.008645336803962733,-0.005763853921287754,0.0028818591175043817,-0.03849901419257051
2010-08-19,1.4536370038986206,-0.0028739826409167613,0.005746600662136281,-0.008621179628340414,0.0028730021684244544,-0.04845223261618514
2010-08-20,1.4536370038986206,0.0,0.0,0.0,0.0,-17.528130293296197
2010-08-23,1.4328114986419678,-0.01146111592014809,-0.008595749230952188,-0.022922371106662398,-0.014326482609344215,17.361571916921957
2010-08-24,1.4286463260650637,2.1329456867391627e-08,0.0058140494021559075,-0.011627820170553749,-0.0029069927068926527,0.19308455002450842
2010-08-25,1.407820463180542,-0.0029153119091696045,-1.0991522858549985e-07,-0.01457733975481712,-0.01457733975481712,-0.07380528207504611
2010-08-26,1.4161508083343506,0.002958575159010879,0.0088758105054636,-0.0029583689132434143,0.005917192832237017,-0.24301137107005744
2010-08-27,1.407820463180542,4.251421747980544e-08,0.0029412565824247228,-0.008823310129580486,-0.005882385622197006,-0.048943318602386654
2010-08-30,1.411985993385315,0.0029588504455762,0.008876087416159306,2.3196028475780395e-07,0.0029588504455762,0.24453676287965465
2010-08-31,1.3869948387145996,-1.7328043222519796e-07,0.0029497164097644912,-0.01769929361041156,-0.01769929361041156,0.6906689435954618
2010-09-01,1.3953250646591189,0.0060059530951386275,0.01501485440288719,-1.2893385281653735e-07,0.0060059530951386275,-0.4593515600527027
2010-09-02,1.403655767440796,0.005970438711865533,0.008955257813390016,-0.0029849737113095687,0.005970438711865533,-0.29200061201215277
2010-09-03,1.3953250646591189,-1.3927284236991966e-07,0.0029669645017400548,-0.00890240004642584,-0.005935004133432176,-0.02722287391073408
2010-09-06,1.411985993385315,0.005970602626167221,0.011940535684612286,3.0221435398658514e-07,0.011940535684612286,0.25841821718428193
2010-09-07,1.4161508083343506,-2.7447443651240633e-07,0.008849466304345688,-0.002950163866122013,0.0029496149172487662,-0.02136193122298735
2010-09-08,1.403655767440796,-0.0029411027381821553,1.1153302414967925e-07,-0.014705742652374787,-0.008823241719750907,-0.19643018377766097
2010-09-09,1.3911601305007937,5.353691201470667e-08,5.353691201470667e-08,-0.01186960543825133,-0.008902208953114443,0.034722419057988674
2010-09-10,1.3911601305007937,0.0,0.0029940501451444224,-0.0029940501451449775,0.0,-0.3501323699942347
2010-09-13,1.3953250646591189,0.002993856758118696,0.002993856758118696,-0.008982120441495933,0.002993856758118696,0.3693607387667761
2010-09-14,1.3869948387145996,1.2893386935886042e-07,0.0029852418871774145,-0.011940102467380309,-0.005970096972746863,0.06804247683686171
2010-09-15,1.3744995594024658,1.5944181530613832e-08,1.5944181530613832e-08,-0.012011928118329629,-0.009008886668759208,0.03544965930698041
2010-09-16,1.3453434705734253,1.825674433852953e-08,0.0030303597643499547,-0.027272906144023557,-0.021212148544969667,0.1792309637059084
2010-09-17,1.3453434705734253,0.003096014629831112,0.006192029259662224,-0.006192105459874808,0.0,-0.7307789477529916
2010-09-20,1.3411781787872314,-6.615015524236156e-08,0.009287672324103324,-0.006192171200421259,-0.003096080575184623,-0.052875231462994776
2010-09-21,1.34950852394104,0.003105584787081117,0.006211214352847216,-4.4778685093227466e-08,0.006211214352847216,-0.6573567731162129
2010-09-27,1.3620041608810425,2.4718824631619896e-07,0.012345857976456598,-0.0061726721534222095,0.009259398305622168,0.9597902890010559
2010-09-28,1.3661693334579468,-2.2733408933106602e-08,0.006116263339032368,-0.006116083001540429,0.0030581203028117177,-0.16241267486578792
2010-09-29,1.3869948387145996,-0.0030489666562610873,0.02134135966295947,-0.0030489666562610873,0.015243721804192978,0.5775396238563317
2010-09-30,1.3911601305007937,-0.0030029777176079353,0.006006147062926015,-0.0030029777176079353,0.0030031054694148462,-0.5377575852000156
2010-10-08,1.407820463180542,0.002993927222502357,0.014969905263477745,-0.0029941723339115267,0.011975855485271136,0.4507753643273311
2010-10-11,1.424481749534607,2.6193246061012587e-07,0.02071037349451932,-0.005916756759759445,0.011834809046903594,0.4529493534017597
2010-10-12,1.424481749534607,-0.005848098833525217,0.0029237255659024797,-0.014619851266094996,0.0,-0.2541141012987218
2010-10-13,1.436976671218872,-0.0029242793837396253,0.008771556173567951,-0.008772305112659029,0.008771556173567951,-0.07837454777791564
2010-10-14,1.4578025341033936,0.026087256510653356,0.026087256510653356,0.008695942241586208,0.01449283297470405,0.9275590406322358
2010-10-15,1.520279884338379,-0.005714200692745308,0.042857210612143204,-0.008571450085360754,0.042857210612143204,0.42403896769501515
2010-10-18,1.507784366607666,0.008219141354211201,0.03561634602490482,-0.008219221907386443,-0.008219221907386443,0.12145747864046896
2010-10-19,1.507784366607666,0.0,0.0,-0.019337059773161025,0.0,-0.6284214652094526
2010-10-20,1.5036191940307615,-0.005524912096795842,0.013812148073070185,-0.013812107042505684,-0.0027624457907570177,-0.01903878410622184
2010-10-21,1.478628396987915,-0.0027700400591906815,7.876753382873858e-08,-0.022160394592218968,-0.01662042965536603,-0.5593507379900373
2010-10-22,1.4578025341033936,-0.0028167636680154207,0.005633770746195754,-0.0197181791537413,-0.01408458198621465,-0.15343665611831625
2010-10-25,1.4827934503555298,0.0028571817008282707,0.02000004732122629,-0.005714075304581678,0.01714286789020214,0.22516959383641577
2010-10-26,1.4619678258895874,5.8183453832683085e-08,0.005618177030712879,-0.01966290839328544,-0.01404485868274441,-0.17834030231843556
2010-10-27,1.4661327600479126,-1.8381616839757697e-07,0.014244799242341788,-0.0028492225008022176,0.0028488548684653114,-0.26738068113614943
2010-10-28,1.478628396987915,0.002841242921655107,0.008522855010479446,-0.0028407187790184807,0.008522855010479446,0.05697324874395093
2010-10-29,1.478628396987915,-0.005633597751996677,0.0,-0.011267542161332411,0.0,0.15967765854962934
2010-11-01,1.5036191940307615,-7.876752761148964e-08,0.01690133714038944,-0.0028167387587286763,0.01690133714038944,0.3979078616888323
2010-11-02,1.499454140663147,1.0013105611328399e-07,0.005540337902864234,-0.011080170875108264,-0.002770018754847947,0.04974007485567711
2010-11-03,1.499454140663147,0.0,0.0,0.0,0.0,-18.246767212437867
2010-11-04,1.499454140663147,0.0,0.0,0.0,0.0,0.0
2010-11-05,1.499454140663147,0.0,0.0,0.0,0.0,0.0
2010-11-08,1.499454140663147,0.0,0.0,0.0,0.0,0.0
2010-11-09,1.499454140663147,0.0,0.0,0.0,0.0,0.0
2010-11-10,1.499454140663147,0.0,0.0,0.0,0.0,0.0
2010-11-11,1.5049333572387695,0.0065217213397339435,0.017992043438657568,-0.007816181283920809,0.0036541408150030374,18.4450364217378
2010-11-12,1.4533361196517944,-0.0028568462655005344,-0.0028568462655005344,-0.037142606077718576,-0.034285396983720906,-0.31061715975385695
2010-11-15,1.479135036468506,0.0029586286727856237,0.023668668460341324,-0.01775148165281215,0.017751514235325505,-0.146806766585037
2010-11-16,1.4275368452072144,-0.005814229889894107,-0.0029072567910573,-0.04069797638364303,-0.03488403018596897,-0.12351805540604133
2010-11-17,1.4275368452072144,-0.006024090761646228,0.009036136142469342,-0.012048181523292234,0.0,-0.4673614952964904
2010-11-18,1.4318370819091797,3.0097106673565577e-07,0.009036439833151277,-0.006023791603656403,0.0030123472584282496,-0.1207619057832332
2010-11-19,1.4275368452072144,-3.0097097603043466e-07,-3.0097097603043466e-07,-0.027027294707896665,-0.0030033002750784465,0.64562366853783
2010-11-22,1.4103375673294067,-0.012048219936005244,-0.006024129408582768,-0.021084355727138848,-0.012048219936005244,-0.20034643518246753
2010-11-23,1.4103375673294067,-0.0030487776068545136,0.0030487776068546246,-0.018292665641127415,0.0,-0.07719393127482732
2010-11-24,1.414637327194214,-0.006097587341900357,0.015243855216213298,-0.006097587341900357,0.0030487451830056855,0.011128204358364258
2010-11-25,1.4275368452072144,0.0030395822372411008,0.021276648421926225,-0.009118461885882057,0.009118604298802957,0.1587794167978842
2010-11-26,1.4275368452072144,0.0,0.006024090761646006,-0.006024090761646228,0.0,-0.3006739549077899
2010-11-29,1.4232367277145386,-2.1903035540837834e-07,0.006023870411832055,-0.009036353193636493,-0.00301226375144914,-0.5273406382395898
2010-11-30,1.4060379266738892,2.9745610685694146e-07,0.00302144356205436,-0.018126579179578717,-0.0120842869676836,0.6740708736441512
2010-12-01,1.4103375673294067,-1.1730683713295775e-07,0.012232285565968004,-0.0061163187432395905,0.003057983411364207,-0.8383918572982054
2010-12-02,1.4275368452072144,0.009146372057345697,0.015243927508134858,0.003048816606556537,0.012195149782740167,0.28518815096056827
2010-12-03,1.4189372062683103,-0.003012064645380619,-1.9322758504358717e-08,-0.012048200613246851,-0.006024109968002733,-0.024678949966368435
2010-12-06,1.4189372062683103,0.0,0.009090900552502612,-0.0030303001841673893,0.0,-0.08106295556015652
2010-12-07,1.4189372062683103,0.0,0.0030303001841676114,-0.012121200736670112,0.0,0.014439712682509764
2010-12-08,1.4060379266738892,9.774844667020943e-08,0.0030303982288213405,-0.00909080369267734,-0.00909080369267734,-0.299964830907669
2010-12-09,1.4060379266738892,0.0030581010769374917,0.009174303230812475,-0.0030581010769374917,0.0,0.3221847864493448
2010-12-10,1.4060379266738892,-0.0030581010769374917,0.006116202153875205,-0.006116202153874983,0.0,0.001190618175716196
2010-12-13,1.4232367277145386,-2.974560181501218e-07,0.015290203380416312,-2.974560181501218e-07,0.012232103213129397,0.2972762871349133
2010-12-14,1.4275368452072144,0.003021364899415513,0.006042510768427656,-0.003020926838608773,0.003021364899415513,-0.08849534026452233
2010-12-15,1.4189372062683103,-1.9322758504358717e-08,0.003012025999863388,-0.009036155290624626,-0.006024109968002733,0.009188394822189139
2010-12-16,1.4103375673294067,-1.9558401898045474e-08,0.0030302805664976784,-0.00909091993310096,-0.006060619808201384,-0.4204293441473723
2010-12-17,1.4060379266738892,0.0030488952713481066,0.0030488952713481066,-0.006097438622143292,-0.003048660657646196,-0.19002450480860134
2010-12-20,1.3974382877349854,0.00305808188100265,0.009174283917829262,-0.012232423211064103,-0.0061162211742374906,0.6252627642003077
2010-12-21,1.4060379266738892,1.9137411211289646e-08,0.015384620144535566,-0.009230741466863313,0.00615385954026082,0.21434407196628769
2010-12-22,1.3974382877349854,0.00305808188100265,0.006116182899415845,-0.009174322192650575,-0.0061162211742374906,-0.3669476729992134
2010-12-23,1.3974382877349854,0.0,0.012307680570162294,-0.006153840285081147,0.0,0.12103977511996433
2010-12-24,1.3931386470794678,-0.0030768018117540707,0.009230880219280646,-0.006153722319512833,-0.0030768018117540707,-0.2524299536442882
2010-12-27,1.388838529586792,0.006172608314825245,0.012345440533827023,-0.003086640013677311,-0.003086640013677311,0.5327094243853523
2010-12-28,1.3802392482757568,2.3895514678073937e-07,0.00619218495747198,-0.0061917070471781965,-0.0061917070471781965,-0.2740966157253908
2010-12-29,1.3845391273498535,5.2352095991636816e-08,0.006230576257354459,-0.00311520960053302,0.003115314304725336,-0.3554343746731483
2010-12-30,1.3845391273498535,0.0,0.006211174145593246,-0.012422348291186602,0.0,0.4183813894074291
2010-12-31,1.388838529586792,-2.913071707189019e-07,0.006210881029063309,-0.00931704981152126,0.0031052948609462394,0.04257909324535092
2011-01-04,1.401737928390503,0.006191931684109475,0.012383876127830762,-0.006191957203332987,0.009287903905970119,0.3133494224212541
2011-01-05,1.388838529586792,-0.0030674690256967674,-0.0030674690256967674,-0.012269914381623281,-0.00920243259631437,-0.3353063219058008
2011-01-06,1.3845391273498535,2.9130725565096327e-07,0.003096264470498822,-0.009287628182474084,-0.003095681855987742,-0.34376001122080524
2011-01-07,1.4060379266738892,-1.6696158411377837e-07,0.027950112026962293,-0.00310575351586706,0.015527765809830507,1.1566129930565374
2011-01-10,1.388838529586792,-0.006116325738959261,-1.2434560725527177e-07,-0.01529062782898749,-0.012232527132311377,-0.7708828466228432
2011-01-11,1.3974382877349854,-0.003095867378876127,0.009288022969466736,-0.003095867378876127,0.006192050382380909,-0.41960325216784256
2011-01-12,1.4060379266738892,0.0030769393388361266,0.00615385954026082,-0.003076901064013593,0.00615385954026082,0.06909319588377372
2011-01-13,1.4103375673294067,-1.1730683713295775e-07,0.006116084129565547,-0.0030582180250383617,0.003057983411364207,0.2452851099498261
2011-01-14,1.3974382877349854,9.816943791207677e-08,9.816943791207677e-08,-0.012195013455167492,-0.00914623554901628,-0.1976117268882902
2011-01-17,1.3759390115737915,-0.006154018032308306,-1.7884782821386835e-07,-0.021538615993508814,-0.01538477680902861,0.4385841083695752
2011-01-18,1.3802392482757568,-0.0031246853552521214,0.003125310544866977,-0.006249683305311504,0.003125310544866977,-0.5354314634785986
2011-01-19,1.3802392482757568,0.0,0.0,-0.01557630894769324,0.0,0.5820114363916069
2011-01-20,1.36303973197937,-0.003115473838239846,-0.003115473838239846,-0.018691779472675196,-0.012461257218901123,-0.18229107367852748
2011-01-21,1.3802392482757568,2.1271139805101313e-07,0.022082214745422712,-0.006308930726894868,0.012618499587983667,0.21814244378986558
2011-01-24,1.3759390115737915,-0.0031155734104340027,0.0031149482210146573,-0.006230834226158222,-0.0031155734104340027,-0.35151064359618545
2011-01-25,1.388838529586792,7.363964282802726e-08,0.015625059656269702,-0.0031249235636824357,0.009375065249618952,0.2552157311310772
2011-01-26,1.3931386470794678,2.23904226492877e-07,0.003096196858791922,-0.006191722004904032,0.003096196858791922,-0.714312455621755
2011-01-27,1.3974382877349854,-0.003086535130207735,0.003086297738226662,-0.012345784432859164,0.003086297738226662,0.37625593014385217
2011-01-28,1.3974382877349854,0.0,0.0,0.0,0.0,-17.155686887158414
2011-01-31,1.3931386470794678,-0.006153722319512833,1.186960045806984e-07,-0.015384483842788899,-0.0030768018117540707,17.461348968747632
2011-02-01,1.3931386470794678,0.0,0.0030864168005626524,-0.006172833601124972,0.0,-0.49116640040658055
2011-02-09,1.3845391273498535,-0.00617276661417876,6.740301383700853e-08,-0.009259183622775224,-0.00617276661417876,-0.1640030839569988
2011-02-10,1.3931386470794678,-6.740300928509413e-08,0.006211106323932292,-0.003105654266480018,0.006211106323932292,-0.12323371140734452
2011-02-11,1.3931386470794678,0.0,0.0,-0.009259250401687513,0.0,0.767996441226714
2011-02-14,1.414637327194214,-2.4919069652185044e-07,0.018518246998040278,-0.003086665222152618,0.015431830966584403,0.6189601667559934
2011-02-15,1.4103375673294067,3.232529754981783e-08,0.0030395432378986786,-0.006078989499904708,-0.00303947858730369,-0.34090193396699675
2011-02-16,1.414637327194214,-3.232529655061711e-08,0.0030487451830056855,-0.006097587341900357,0.0030487451830056855,-0.8005292224924752
2011-02-17,1.414637327194214,0.0,0.0030395108143479455,-0.0030395108143481675,0.0,0.24001693825528392
2011-02-18,1.4103375673294067,3.232529754981783e-08,3.232529754981783e-08,-0.009118500412505837,-0.00303947858730369,-0.20143665521676013
2011-02-21,1.4060379266738892,-0.006097438622143292,1.1730685089972326e-07,-0.009146216586640388,-0.003048660657646196,0.0049583247462265945
2011-02-22,1.3931386470794678,9.955859159305191e-08,0.0030582009399890975,-0.015290407348396928,-0.009174204585601586,0.39418171330271434
2011-02-23,1.388838529586792,-0.003086640013677311,-2.239041763107963e-07,-0.006173056123178311,-0.003086640013677311,-0.37674483160540717
2011-02-24,1.388838529586792,0.0,0.003095972261364155,-0.006191944522727866,0.0,-0.1310556369338478
2011-02-25,1.3931386470794678,2.23904226492877e-07,0.009288142767922558,-0.003095749050338714,0.003096196858791922,0.21482105633475612
2011-02-28,1.3931386470794678,0.0,0.0030864168005626524,-0.006172833601124972,0.0,-0.25311055667339133
2011-03-01,1.3974382877349854,-1.1869599025882138e-07,0.006172714172443916,-1.1869599025882138e-07,0.003086297738226662,0.3220682880258572
2011-03-02,1.4060379266738892,-0.003076901064013593,0.012307699943110872,-0.006153821265438397,0.00615385954026082,0.5355088849493654
2011-03-03,1.4189372062683103,-9.774843701126912e-08,0.018348506919640295,-9.774843701126912e-08,0.009174204585601364,0.48199201134676173
2011-03-04,1.4232367277145386,-1.997076005677556e-07,0.0060603994503865,-0.0060607988655877465,0.0030300998713930216,-0.5676732496798635
2011-03-07,1.4318370819091797,0.003021666779825738,0.009063960336404886,5.200015360529164e-07,0.006042813558115423,0.3858391023847325
2011-03-08,1.4361367225646973,-1.1586580772604549e-07,0.006005883854138361,-0.003003115725780936,0.003002883994165373,-0.09820756670059794
2011-03-09,1.4662353992462158,0.002993960130482698,0.02694610392293728,-4.8920723028089697e-08,0.020958085820525163,0.7358771119648431
2011-03-10,1.4361367225646973,-0.0029324996718731455,-0.0029324996718731455,-0.026392958330134775,-0.020527861144937654,-0.5943136055676987
2011-03-11,1.4232367277145386,-0.002994412123194401,0.002993603852184945,-0.011976436086263309,-0.008982428098573747,-0.6001981993054883
2011-03-14,1.4060379266738892,-0.003020848649840868,0.00302144356205436,-0.015105433073631103,-0.0120842869676836,0.4500308658616632
2011-03-15,1.401737928390503,-1.3710521762355654e-07,-1.3710521762355654e-07,-0.015290640393496702,-0.0030582377628733948,-0.30389581204152805
2011-03-16,1.4060379266738892,1.3710523627530335e-07,0.006135101438709656,-0.003067345061500415,0.0030676192719729656,-0.5315610838829024
2011-03-17,1.3931386470794678,-0.0030580018228062444,9.955859159305191e-08,-0.009174204585601586,-0.009174204585601586,-0.12533672341950464
2011-03-18,1.388838529586792,0.006172608314825245,0.009259024424326245,-0.006173056123178311,-0.003086640013677311,0.4962326890775408
2011-03-21,1.3931386470794678,0.006192169813357351,0.009288142767922558,-0.003095749050338714,0.003096196858791922,-0.05966141784382373
2011-03-22,1.401737928390503,0.003086179406333933,0.009259011546572715,-0.003086652733904849,0.006172595476453324,-0.042251468209954623
2011-03-23,1.4103375673294067,1.9798383155134047e-08,0.009202465219083411,-0.00306746200851693,0.006134983412183326,-0.16536870430902084
2011-03-24,1.414637327194214,-3.232529655061711e-08,0.006097522691307367,-0.0030488098335983427,0.0030487451830056855,0.05707723075604321
2011-03-25,1.4404364824295044,0.006079246886513845,0.02127680436093682,0.0030397353916293834,0.018237292866052357,0.9931964379277076
2011-03-28,1.4404364824295044,0.0029850718650552555,0.008955286764893211,-0.0029850718650553665,0.0,-0.2627593718116188
2011-03-29,1.4361367225646973,3.241494561656566e-08,0.008955319470124179,-0.005970111508686871,-0.0029850395468705715,0.38607913191574283
2011-03-30,1.444736361503601,0.002994027127086296,0.011976126263484321,-0.008982009877696373,0.005988036378281825,-0.12254441818431872
2011-03-31,1.4318370819091797,-0.002976090032502765,9.7989928837805e-08,-0.011904654099797018,-0.008928466077365527,-0.7833765253842877
2011-04-01,1.4490360021591189,0.0030027870361692965,0.012011785745209558,-0.0030032121031906556,0.012011785745209558,0.2584834559692588
2011-04-06,1.4662353992462158,-0.002967308716005479,0.014836900809358733,-0.002967308716005479,0.011869544346357896,0.6768337421852841
2011-04-07,1.4662353992462158,-0.002932548449136041,0.002932548449136041,-0.005865096898272193,0.0,-0.5258970004302697
2011-04-08,1.46193528175354,-2.1283191220522468e-07,-2.1283191220522468e-07,-0.008797856306901108,-0.0029327606569085063,-0.2703884994851684
2011-04-11,1.4533361196517944,3.0877948398178034e-07,0.00882383225350436,-0.0058820402031963814,-0.0058820402031963814,0.3756203536860525
2011-04-12,1.4576356410980225,-0.0029588426553186498,0.008875533406152547,-0.005917419036180371,0.002958380644429326,-0.04859764100986297
2011-04-13,1.4748347997665403,-4.407252829352615e-08,0.011799353819011982,-0.002949893545413307,0.011799353819011982,-0.15183228894760958
2011-04-14,1.479135036468506,-0.0029151585380822187,0.01166209099882698,-0.005830608445464236,0.0029157412766815938,0.41530296090781604
2011-04-15,1.487734317779541,-0.002907196868338069,0.008720696225816171,-0.002907196868338069,0.005813722952277667,-0.45152535860951915
2011-04-18,1.487734317779541,0.0,0.0028901706222559387,-0.005780341244511877,0.0,-0.16919731505786118
2011-04-19,1.46193528175354,-0.005780477198958689,-0.0028903069719189434,-0.01734115810711845,-0.01734115810711845,0.240814890439502
2011-04-20,1.46193528175354,0.0029411735831661456,0.008823520749498215,-0.0029411735831660346,0.0,-0.3495728719061404
2011-04-21,1.46193528175354,0.0029411735831661456,0.008823520749498215,-0.0029411735831660346,0.0,0.17640691197252423
2011-04-22,1.4576356410980225,1.1304299141201568e-07,0.00588246087428157,-0.002941060872653889,-0.002941060872653889,-0.36478296723138826
2011-04-25,1.444736361503601,-0.002949683508716161,0.0029500166798734906,-0.008849454027279768,-0.008849454027279768,0.3424274668362024
2011-04-26,1.4404364824295044,-5.029083438579107e-08,0.005952395829314838,-0.0029762378719544458,-0.0029762378719544458,-0.17274957869239316
2011-04-27,1.4490360021591189,0.0029850074204846866,0.01194029360997595,-6.425277143673469e-08,0.005970079093741143,0.020939755185228393
2011-04-28,1.4533361196517944,0.002967571189582685,0.020771711675851234,1.4369450584972299e-07,0.002967571189582685,0.6865140305105406
2011-04-29,1.4490360021591189,0.002958432840346026,0.002958432840346026,-0.01479309690667252,-0.0029587907673456204,-0.4890406576346322
2011-05-03,1.46193528175354,-1.6508492683975362e-07,0.0118693289882279,-0.002967520916379862,0.00890197315677499,-0.19777086636824848
2011-05-04,1.4490360021591189,-0.0029410089837557107,0.00294133915366368,-0.008823427244295634,-0.008823427244295634,0.371120149253791
2011-05-05,1.4662353992462158,4.7746995468500586e-08,0.017804257272360235,-0.0059346651790066485,0.011869544346357896,0.053540748489290024
2011-05-06,1.4576356410980225,-0.0029326479454452326,0.0029324483675552404,-0.005865196101945469,-0.005865196101945469,-0.919030006645098
2011-05-09,1.4533361196517944,1.9573647036530417e-07,0.005899896097041557,-0.0058995749540765585,-0.0029496544438151195,-0.2767611479708094
2011-05-10,1.4533361196517944,0.0,0.005917153919925866,-0.0029586474980015653,0.0,-0.08425659932777307
2011-05-11,1.4533361196517944,0.002958576959962711,0.002958576959962711,-0.0029586474980015653,0.0,-0.0324156630874306
2011-05-12,1.444736361503601,-2.9150886149409416e-08,0.0029585477228315504,-0.005917253436358405,-0.005917253436358405,0.26280583221469556
2011-05-13,1.4533361196517944,2.9150887037587836e-08,0.008928663561462269,2.9150887037587836e-08,0.0059524757439088916,0.07954437773157608
2011-05-16,1.444736361503601,-0.002958676562640594,0.0029585477228315504,-0.008875830310075883,-0.005917253436358405,0.4954336798081158
2011-05-17,1.444736361503601,0.0,0.005952446419502877,-0.002976187730794777,0.0,-0.7411153579029417
2011-05-18,1.4576356410980225,-1.6658555079818171e-07,0.008928466077365416,-1.6658555079818171e-07,0.008928466077365416,-0.0017862716934615719
2011-05-19,1.4533361196517944,1.9573647036530417e-07,1.9573647036530417e-07,-0.0058995749540765585,-0.0029496544438151195,-0.1413568736822164
2011-05-20,1.4533361196517944,0.0,0.005917153919925866,-0.0029586474980015653,0.0,0.32490039330650333
2011-05-23,1.4318370819091797,6.883904002386032e-08,0.0029586460026682637,-0.02071004184440317,-0.014792887517146247,0.8234357029914037
2011-05-24,1.4232367277145386,-5.200012657136099e-07,0.0030024786450886243,-0.009009515940328394,-0.006006517293974278,-0.6685716086380715
2011-05-25,1.4103375673294067,1.8014923464093613e-07,0.003021325900780969,-0.009063257105404787,-0.009063257105404787,-0.19434278852348896
2011-05-26,1.4189372062683103,0.0030487972248862683,0.009146352557853898,0.0030487972248862683,0.006097574891369861,-0.05997425329016082
2011-05-27,1.4189372062683103,0.0,0.0,0.0,0.0,-16.700014019932407
2011-05-30,1.4361367225646973,0.0030305052316323966,0.018182009249860798,2.0442798676079121e-07,0.012121407642569526,17.308988504475415
2011-05-31,1.4361367225646973,0.0,0.005988018395350014,-0.005988018395350125,0.0,-0.3491889530468377
2011-06-01,1.4318370819091797,1.1586582115974409e-07,0.0029941254103993398,-0.005987903223335644,-0.0029938936787572423,-0.04774538108436133
2011-06-02,1.414637327194214,-0.006006370357948931,0.00300262691285913,-0.018018366719026235,-0.012012368538487528,0.2905314166363837
2011-06-03,1.4232367277145386,0.0030393625411251346,0.009118383271196517,-1.47823910556788e-07,0.006078872906160715,-0.7976105606456159
2011-06-07,1.4318370819091797,5.200015360529164e-07,0.009063960336404886,-0.003020626776753521,0.006042813558115423,0.36988064971095014
2011-06-08,1.4361367225646973,-1.1586580772604549e-07,0.006005883854138361,-0.006006115585754146,0.003002883994165373,0.30780287015005214
2011-06-09,1.4361367225646973,-0.002994009197675118,0.002994009197675007,-0.005988018395350125,0.0,0.6212072113122424
2011-06-10,1.420849323272705,0.0018786634285321568,0.0018786634285321568,-0.01377567552511516,-0.010644807734385808,-0.47375105812630736
2011-06-13,1.411856174468994,-0.003164864792348565,-3.1192132621260527e-07,-0.015823151725329998,-0.00632941766337114,-0.3947776293853238
2011-06-14,1.411856174468994,0.0031847102322191123,0.006369420464438003,-0.0031847102322187792,0.0,0.0069823433915843225
2011-06-15,1.4028635025024414,1.0039855924404151e-07,0.0031848109505183686,-0.006369396634848257,-0.006369396634848257,-0.541219605327182
2011-06-16,1.3938709497451782,1.1030871593931124e-07,1.1030871593931124e-07,-0.009615266550073276,-0.006410140930476982,0.3971478265368269
2011-06-17,1.3893742561340332,-2.446125607624694e-07,0.0032255580728488553,-0.00645184998338022,-0.0032260472979704913,-0.21690943371649496
2011-06-20,1.3713891506195068,2.224727762012435e-07,2.224727762012435e-07,-0.01618099591840727,-0.012944752240170554,0.36053315178727274
2011-06-21,1.3713891506195068,0.0,0.00655737089809616,-0.00327868544904808,0.0,-0.11258424497300368
2011-06-22,1.3938709497451782,0.003278707661477087,0.01967213526966538,-0.0032786633817982747,0.01639344974802781,0.6205366215377133
2011-06-23,1.4253451824188232,-0.003226048793911862,0.02580625224040678,-0.016129259516185712,0.02258044955983829,0.6813130991108558
2011-06-24,1.4613159894943235,-0.0031545806617132577,0.028391129515391578,-0.009463722697134358,0.025236558497680806,0.1220159380923711
2011-06-27,1.4478273391723633,2.8144670172203234e-07,2.8144670172203234e-07,-0.015384323595946325,-0.00923048157888684,-1.2052093694312909
2011-06-28,1.4343383312225342,3.740728216072853e-08,0.0031056245962504114,-0.01552789853755887,-0.00931672415962248,-0.27330301183045336
2011-06-29,1.4163527488708496,-1.1734801130813821e-07,-1.1734801130813821e-07,-0.02194374185941317,-0.012539288646323032,0.7717869308917216
2011-06-30,1.411856174468994,-1.564558002042915e-07,0.01587284131554423,-0.003174756010069113,-0.003174756010069113,0.11245727332078559
2011-07-01,1.411856174468994,0.006369420464438003,0.009554130696657115,-0.0031847102322187792,0.0,-0.31269335198784276
2011-07-04,1.4253451824188232,0.0031846747133512654,0.015923515191194282,-3.540610948871148e-08,0.009554094952272774,0.24292738330951025
2011-07-05,1.420849323272705,3.473275453913516e-07,0.0063094916151504865,-0.01577258860240016,-0.0031542248162572672,0.1569025639055397
2011-07-06,1.4028635025024414,-0.0063293179002763544,-0.003164764711537371,-0.02531671248160927,-0.012658499726653782,0.07462477358861719
2011-07-07,1.398367404937744,1.8285039304899442e-07,0.009615636822925433,-0.0032049430017084823,-0.0032049430017084823,-0.41675935558015453
2011-07-08,1.407359957695007,0.006430751121278888,0.009646181646890462,-1.8659185507807763e-07,0.006430751121278888,-0.644424561339985
2011-07-11,1.407359957695007,0.0,0.0031948850152176966,-0.009584731217720077,0.0,0.29358915899001303
2011-07-12,1.3893742561340332,-0.003195091332519384,-1.305623762437591e-07,-0.012779745126777042,-0.012779745126777042,0.01874573673994817
2011-07-13,1.407359957695007,1.305623935632383e-07,0.012945181243691373,1.305623935632383e-07,0.012945181243691373,-0.267966502599954
2011-07-14,1.407359957695007,0.0,0.0,-0.0063898462025023806,0.0,-0.13357325708965817
2011-07-15,1.4028635025024414,3.741496445996972e-09,3.741496445996972e-09,-0.006389842484913699,-0.0031949574577424533,0.011004089364448078
2011-07-18,1.398367404937744,1.8285039304899442e-07,0.0032053851187223703,-0.006410068853809792,-0.0032049430017084823,0.17520510599958428
2011-07-19,1.3938709497451782,-7.254166400905149e-08,-7.254166400905149e-08,-0.0064309343263283525,-0.0032155034339962363,0.18726260537601291
2011-07-20,1.3893742561340332,0.0032255580728488553,0.0032255580728488553,-0.009677652668789949,-0.0032260472979704913,0.05815384097007481
2011-07-21,1.384878396987915,3.5635393058619513e-07,0.0032366004654391656,-0.006472131869086684,-0.003235887757577993,-0.5913238440453412
2011-07-22,1.3893742561340332,0.003246392720037017,0.003246392720037017,-3.563538036877034e-07,0.003246392720037017,-0.1819056171971667
2011-07-25,1.3713891506195068,-0.0032360212054604043,2.224727762012435e-07,-0.01618099591840727,-0.012944752240170554,1.0364485087831525
2011-07-26,1.3758856058120728,7.379934374718289e-08,0.006557445181369692,-0.006557297582682198,0.0032787594903567197,-0.6004448094043546
2011-07-27,1.3713891506195068,-0.0032680443589000463,0.003267896760223543,-0.0065360149184617855,-0.0032680443589000463,0.4890295032104568
2011-07-28,1.3623963594436646,-0.0032787468075634596,-6.156035237125934e-08,-0.009836117301985636,-0.006557432054774437,-0.400054992281607
2011-07-29,1.384878396987915,0.003300523003235911,0.023102488373716756,-0.003300132120257926,0.01650183325022314,0.6260926639868067
2011-08-01,1.3713891506195068,-0.006493633473414473,-0.00324688367726067,-0.00974038326956872,-0.00974038326956872,-0.6877432040619311
2011-08-02,1.3623963594436646,-0.0032787468075634596,-6.156035237125934e-08,-0.009836117301985636,-0.006557432054774437,0.14540497327430657
2011-08-03,1.3579001426696775,1.0059822819208364e-07,0.0033004278469614956,-0.0033002266505050004,-0.0033002266505050004,-0.1997585555048218
2011-08-04,1.3623963594436646,0.003311154209872491,0.006622409017962516,-1.0059821797803181e-07,0.003311154209872491,-0.49245276371474134
2011-08-05,1.3444108963012695,-0.006600690510832452,-0.006600690510832452,-0.01320134410058127,-0.01320134410058127,1.141916943626228
2011-08-08,1.3174327611923218,-0.003344490393665689,0.0033444663361494875,-0.03010031731292706,-0.020066882218204074,0.17025722306024704
2011-08-09,1.321929097175598,-0.01023891070977545,0.00341295291549204,-0.03754271933183695,0.00341295291549204,0.5386396088807324
2011-08-10,1.326425552368164,0.013605506953956459,0.02040822194601577,7.696983783667122e-08,0.003401434465867492,-0.8087832414996505
2011-08-11,1.3354183435440063,-0.010169419187193718,0.006779717987026812,-0.01694907405688184,0.006779717987026812,-0.21716025387646454
2011-08-12,1.3399145603179932,-1.0221076696126374e-07,0.006733897348033979,-0.006734101769568124,0.003366897568633398,-0.049680003832161646
2011-08-15,1.3489071130752563,-1.1400263066896343e-07,0.013422690372170365,-0.006711516190031297,0.006711288184769737,0.1797712990478857
2011-08-16,1.3444108963012695,0.0033334316373976325,0.0033334316373976325,-0.006666559837316344,-0.0033332293457452034,-0.3664782276010321
2011-08-17,1.3444108963012695,0.0,0.0033444784051375187,-0.0033444784051374077,0.0,-0.38277761383699627
2011-08-18,1.3309217691421509,-5.073790443343995e-08,-5.073790443343995e-08,-0.013377963679687466,-0.010033485444241652,0.20467016851056385
2011-08-19,1.321929097175598,-0.013513475081089132,-0.003378349481530152,-0.013513475081089132,-0.006756724681383219,0.17034223459482334
2011-08-22,1.3174327611923218,1.2990824860281691e-08,0.0034013702692392567,-0.01020405884441744,-0.003401344287589203,-0.2840619903192554
2011-08-23,1.3309217691421509,0.003412927109394115,0.010238858746476787,-0.0034130045276880017,0.010238858746476787,0.16485759759863328
2011-08-24,1.326425552368164,1.0268816263980796e-07,0.006756853607934543,-0.0067566482316093746,-0.003378272771723312,-0.4419519671342904
2011-08-25,1.3579001426696775,8.556905939371973e-08,0.02372887814571989,8.556905939371973e-08,0.02372887814571989,1.2709055709487167
2011-08-26,1.3489071130752563,-0.0066227473669312475,-0.003311493016015632,-0.009934001717846863,-0.0066227473669312475,-0.6194341947842936
2011-08-29,1.3354183435440063,-0.0033331146616968343,-0.0033331146616968343,-0.01666643816221569,-0.009999776411956263,-0.11820822890248195
2011-08-30,1.3444108963012695,0.006733884404641621,0.01683488361297636,0.003366884668529968,0.006733884404641621,0.33164406738806207
2011-08-31,1.3489071130752563,-1.0114581594500294e-07,0.006688854987899173,-0.006689057279531174,0.003344376921041503,-0.6160137102267988
2011-09-01,1.3489071130752563,0.0,0.0033333301544189453,-0.006666660308837891,0.0,-0.07321197855463524
2011-09-02,1.3354183435440063,2.1621343271327476e-07,2.1621343271327476e-07,-0.013333107287086032,-0.009999776411956263,-0.1137673463137574
2011-09-05,1.3174327611923218,-0.003367126791949171,-1.270963384536472e-07,-0.013468125878781545,-0.013468125878781545,0.4515533644259797
2011-09-06,1.3129366636276243,1.94671674114133e-07,0.00682612790179804,-0.006825738558450145,-0.003412771943388071,0.0926297172216124
2011-09-07,1.326425552368164,0.0034245230385454573,0.013698484232091523,-1.3069263671283693e-07,0.010273830500909353,0.0018127109411310016
2011-09-08,1.321929097175598,0.0033897499901409667,0.0033897499901409667,-0.0033899039298046496,-0.0033899039298046496,-0.5285592160586461
2011-09-09,1.326425552368164,0.003401434465867492,0.010204149457926803,-0.00340128052619193,0.003401434465867492,0.2064942369120253
2011-09-13,1.321929097175598,-0.006779730889777236,-7.696983184146688e-08,-0.010169557849750044,-0.0033899039298046496,-0.25945460155084277
2011-09-14,1.3174327611923218,0.0034013702692392567,0.0034013702692392567,-0.01020405884441744,-0.003401344287589203,0.4491669707280508
2011-09-15,1.3174327611923218,0.0,0.006825931901308424,-0.003412965950654323,0.0,0.025702693447030356
2011-09-16,1.326425552368164,0.0034130301480244096,0.006825996317036731,6.39790118661665e-08,0.006825996317036731,-0.2908438890408931
2011-09-19,1.30843985080719,-0.0033900464207047287,-0.0033900464207047287,-0.016949352321946054,-0.013559525846635667,0.22258486964481605
2011-09-20,1.30843985080719,0.0,0.006872845476499245,-0.0034364227382496226,0.0,-0.7226658337017859
2011-09-21,1.321929097175598,0.003436566205168301,0.017182259123464938,-0.0034362802539800175,0.010309412664316397,1.8392472919529226
2011-09-22,1.299447536468506,-0.006802557948909382,1.57591596883222e-07,-0.017006631259668503,-0.017006631259668503,-0.7761967616692829
2011-09-23,1.299447536468506,0.0,0.006920408373886966,-0.006920490871662577,0.0,0.14959189230525638
2011-09-26,1.2814615964889526,-3.25840649684217e-07,0.006920080278286944,-0.020761626695208424,-0.013841220576271684,-0.2025211753452325
2011-09-27,1.2949508428573608,6.343329328473146e-08,0.010526453859692086,6.343329328473146e-08,0.010526453859692086,-0.441596199653997
2011-09-28,1.2859584093093872,0.0034725144452245615,0.0034725144452245615,-0.010416447522890171,-0.006944227726923935,-0.03985951646730257
2011-09-29,1.2814615964889526,-0.006993356158828901,0.003496140955751237,-0.006993356158828901,-0.0034968571206354104,0.24374111011154653
2011-09-30,1.2814615964889526,0.0035087687010100232,0.0070175374020202685,-0.0035087687010102453,0.0,-0.1828670196457267
2011-10-10,1.290454387664795,6.702540966685433e-08,0.007017604897783469,-0.0070174708469639135,0.007017604897783469,0.17874447114983028
2011-10-11,1.3174327611923218,0.020906103916115137,0.04181201054499928,0.006968832830192229,0.020906103916115137,1.1371464879800364
2011-10-12,1.3354183435440063,-0.00341283928807512,0.017064959018503245,-0.02047775258176099,0.013651992634073462,-0.10116576122378973
2011-10-13,1.3444108963012695,-0.006734114539804992,0.006733884404641621,-0.01683511374813973,0.006733884404641621,0.3271116621466774
2011-10-14,1.3489071130752563,-0.010033535346388955,0.006688854987899173,-0.016722491480103963,0.003344376921041503,-0.3141116740458756
2011-10-17,1.3534034490585327,-0.0033333425057544552,0.006666647833576178,-0.010000002731974655,0.003333317720465967,-0.27187394893915595
2011-10-18,1.3579001426696775,-0.006644262567123138,0.006644764682731896,-0.01328877619205071,0.003322507870267888,0.47733825380174366
2011-10-19,1.3444108963012695,-0.006622646890968253,-1.375192978381179e-07,-0.009933901576803517,-0.009933901576803517,-1.3711356387785543
2011-10-20,1.326425552368164,-0.003344426628631103,0.0033445305291370797,-0.02006681952305145,-0.013377862365283266,0.5528538354804091
2011-10-21,1.3309217691421509,-1.0268815220371152e-07,0.00677955105743222,-0.003389929560944527,0.0033897241846398973,-0.8705034909916485
2011-10-24,1.3489071130752563,-5.040791439814285e-08,0.01689182430543612,-5.040791439814285e-08,0.013513449362765995,0.730824415352302
2011-10-25,1.3534034490585327,-0.0033333425057544552,0.006666647833576178,-0.006666672618864444,0.003333317720465967,0.12553374473343837
2011-10-26,1.3534034490585327,0.0,0.006644511956770849,-0.0033222559783855354,0.0,0.04675932712619968
2011-10-27,1.3534034490585327,0.0033222559783854244,0.0033222559783854244,-0.0033222559783855354,0.0,-0.3048920828010999
2011-10-28,1.3579001426696775,0.003322507870267888,0.009967021495195905,2.510578043235512e-07,0.003322507870267888,0.2665743437714383
2011-10-31,1.3489071130752563,-0.003311493016015632,-2.386650997943107e-07,-0.009934001717846863,-0.0066227473669312475,-0.11164622425189208
2011-11-01,1.3489071130752563,0.0,0.006666660308838113,-0.0033333301544189453,0.0,-0.18992654583060897
2011-11-02,1.3579001426696775,-0.006666423234780283,0.006666900565094336,-0.006666423234780283,0.006666900565094336,0.199623461956282
2011-11-03,1.3579001426696775,0.0,0.006622510282393579,-0.006622510282393135,0.0,0.47182262663969965
2011-11-04,1.3668924570083618,0.003310966441912644,0.006622220630307263,-2.877464820860709e-07,0.006622220630307263,-0.7063687736481974
2011-11-07,1.3579001426696775,2.8774656524177544e-07,2.8774656524177544e-07,-0.009868126858240678,-0.006578655323305593,-0.0028253812553309388
2011-11-08,1.3534034490585327,0.0033110032521392885,0.006622257562019618,-0.003311505367621592,-0.003311505367621592,-0.5563094151927217
2011-11-09,1.3534034490585327,0.0033222559783854244,0.006644511956770849,-0.0033222559783855354,0.0,0.0581297038563342
2011-11-10,1.3444108963012695,-0.0033221428171175127,1.1353847173545262e-07,-0.00996665552829612,-0.006644399172706872,0.21964167134378698
2011-11-11,1.3444108963012695,0.0,0.0033444784051375187,-0.0033444784051374077,0.0,-0.4572892646254374
2011-11-14,1.3579001426696775,1.3751931704497622e-07,0.010033574114520771,1.3751931704497622e-07,0.010033574114520771,0.6249374185610286
2011-11-15,1.3489071130752563,-0.003311493016015632,-2.386650997943107e-07,-0.009934001717846863,-0.0066227473669312475,-0.7522250710456362
2011-11-16,1.326425552368164,1.5309608447644507e-07,0.003333483760823208,-0.019999830892347803,-0.01666650022760907,1.045257831922612
2011-11-17,1.3309217691421509,-1.0268815220371152e-07,0.0033897241846398973,-0.003389929560944527,0.0033897241846398973,-0.8453206934025204
2011-11-18,1.3174327611923218,-0.0033783365345926297,3.87091483311508e-08,-0.013513462265815623,-0.010135087022074551,0.28946757611487683
2011-11-21,1.30843985080719,-1.5596639646453525e-07,-1.5596639646453525e-07,-0.006826086803088827,-0.006826086803088827,-0.15574485699256968
2011-11-22,1.30843985080719,0.0,0.0034364227382495116,-0.0034364227382496226,0.0,0.020677177883655418
2011-11-23,1.299447536468506,3.0056721334048575e-07,0.003436724338338859,-0.010308970746163548,-0.006872546975037808,0.18421113054134608
2011-11-24,1.303943753242493,0.003460098732578354,0.00692030255588616,-0.003460308914038146,0.003460098732578354,0.08881334597428747
2011-11-25,1.299447536468506,-0.0034481677317799164,1.0509074055420342e-07,-0.006896440554300831,-0.0034481677317799164,-0.11986952304856757
2011-11-28,1.303943753242493,-1.0509072989606238e-07,0.00692030255588616,-0.003460308914038146,0.003460098732578354,-0.1152565224431612
2011-11-29,1.3174327611923218,0.003448232813874519,0.010344777461670507,-3.9510023475131106e-08,0.010344777461670507,-0.09908958417089764
2011-11-30,1.2949508428573608,-1.1780664521676698e-07,-1.1780664521676698e-07,-0.023890958018251363,-0.017064945549565724,0.6586888709722132
2011-12-01,1.326425552368164,0.013889059401994697,0.03472237582646964,0.0069446205938366035,0.02430571761423228,0.797410617351769
2011-12-02,1.326425552368164,-0.006779654441774419,0.0,-0.01016948166266185,0.0,-0.9152858037559355
2011-12-05,1.3309217691421509,-1.0268815220371152e-07,0.0033897241846398973,-0.006779756433736406,0.0033897241846398973,-0.15770988981875433
2011-12-06,1.3174327611923218,-0.0033783365345926297,3.87091483311508e-08,-0.013513462265815623,-0.010135087022074551,-0.45177845629882185
2011-12-07,1.30843985080719,-1.5596639646453525e-07,0.003412809451949661,-0.010239052221435063,-0.006826086803088827,0.31946023254587885
2011-12-08,1.3129366636276243,3.5063812497959645e-07,0.0068731985245060745,-0.006872497248255671,0.003436774581315527,-0.3163191605418767
2011-12-09,1.3129366636276243,-0.0034246541787591456,0.0,-0.006849308357518069,0.0,-0.4630516424087059
2011-12-12,1.303943753242493,-0.003424808809003199,-1.5516161877560108e-07,-0.01369876975115547,-0.006849462456386957,0.6375497293789874
2011-12-13,1.299447536468506,-0.0034481677317799164,0.003448377913261469,-0.006896440554300831,-0.0034481677317799164,0.3184409910450512
2011-12-14,1.290454387664795,-0.0034604621066517405,-2.5881526199977856e-07,-0.010380951187185516,-0.006920747895795554,-0.1758738202190422
2011-12-15,1.2859584093093872,2.9105714105526204e-07,0.0034846925175007204,-0.006968345718171953,-0.003484027330515449,0.48237642380913925
2011-12-16,1.3174327611923218,-1.7684254738359328e-07,0.027971903895770645,-0.003496676514445851,0.024475404223871955,0.3908773538279
2011-12-19,1.3129366636276243,-0.006825738558450145,1.94671674114133e-07,-0.020477686390240613,-0.003412771943388071,-0.24873863136551222
2011-12-20,1.30843985080719,-0.0034250036159472197,-3.5063800207790763e-07,-0.010274309571837614,-0.0034250036159472197,-0.5538895568639575
2011-12-21,1.30843985080719,0.0034364227382495116,0.006872845476499245,-0.0034364227382496226,0.0,0.0012865846585903284
2011-12-22,1.299447536468506,-0.0034361232039124,0.003436724338338859,-0.010308970746163548,-0.006872546975037808,0.5190849981535202
2011-12-23,1.303943753242493,0.003460098732578354,0.00692030255588616,-0.003460308914038146,0.003460098732578354,-0.5051598295611548
2011-12-26,1.2949508428573608,-0.0034484292343323064,-1.5731666380691678e-07,-0.010345055282956928,-0.006896701152001028,-0.15340102045198023
2011-12-27,1.2949508428573608,-0.003472301557104873,0.006944437545759019,-0.003472301557104873,0.0,-0.024645421287345926
2011-12-28,1.299447536468506,2.624074459944836e-07,0.0034724820914615595,-0.006944259744832482,0.0034724820914615595,0.17501518023597384
2011-12-29,1.30843985080719,-0.0034605037140430506,0.010380308873636945,-0.006920789358713431,0.006920105726716974,0.3146329746706229
2011-12-30,1.3129366636276243,3.5063812497959645e-07,0.010309622467696622,-0.006872497248255671,0.003436774581315527,0.3849424912136712
2012-01-04,1.30843985080719,0.003424302339942953,0.003424302339942953,-0.0068496565938924725,-0.0034250036159472197,-0.47445252612065403
2012-01-05,1.3309217691421509,1.172572683394435e-07,0.020618656104438804,-0.003436305883927071,0.017182232963243615,0.753983898250322
2012-01-06,1.3309217691421509,0.0,0.0,0.0,0.0,-17.47796990447717
2012-01-09,1.3399145603179932,0.00337843892253753,0.013513564905978992,-0.02027018837215866,0.006756814250351129,18.751288137381646
2012-01-10,1.3444108963012695,-0.0067114157230467875,0.006711390009414897,-0.010067117156162153,0.0033556885762995314,-0.9238704705402476
2012-01-11,1.3399145603179932,1.2856816278272731e-08,0.003344491304953401,-0.006688944039457634,-0.0033444655913208443,-0.9761777409394625
2012-01-12,1.3399145603179932,0.0,0.006711402952518375,-0.0033557014762589654,0.0,-0.17347357423021492
2012-01-13,1.3399145603179932,0.0,0.0033557014762590764,-0.006711402952518042,0.0,0.3267169988788474
2012-01-16,1.3354183435440063,-0.0067113014277182526,1.0221077761940478e-07,-0.0067113014277182526,-0.0033555996084704276,-0.4002726835785424
2012-01-17,1.3534034490585327,-2.2860602755248038e-07,0.01346776880928302,-0.0067342273136828945,0.01346776880928302,0.9502066484651586
2012-01-18,1.3399145603179932,-0.0033221300030132905,1.2639528934599298e-07,-0.009966642799619563,-0.009966642799619563,-0.7235025024114314
2012-01-19,1.3534034490585327,-1.2639527335878142e-07,0.013422677813183403,-1.2639527335878142e-07,0.010066976761069268,0.4050788229254394
2012-01-20,1.3623963594436646,1.504595610324344e-07,0.006644663416062402,-0.0033221060186896523,0.006644663416062402,-0.12157282855640972
2012-01-30,1.3444108963012695,-3.6921083634844365e-08,0.0033002898737908293,-0.01320134410058127,-0.01320134410058127,-0.1926602017671044
2012-01-31,1.3489071130752563,0.003344376921041503,0.010033333054757065,-1.0114581594500294e-07,0.003344376921041503,-0.590492065614999
2012-02-01,1.3399145603179932,1.1400264399163973e-07,0.003333444537071184,-0.009999877600638474,-0.00666654706621117,0.524508076799421
2012-02-02,1.3668924570083618,-1.6308401895592795e-07,0.02013404248996764,-1.6308401895592795e-07,0.02013404248996764,0.6710575062605955
2012-02-03,1.3758856058120728,-0.00328914914123446,0.009868737455894117,-0.009868092439798581,0.006579265806611945,-0.17536629573093876
2012-02-06,1.3623963594436646,-1.353596860154127e-07,0.0032678349986980937,-0.013072016793223451,-0.009804046434839009,-0.22718959008095396
2012-02-07,1.3489071130752563,-1.3806689591611132e-07,0.0033001883941643495,-0.01650177037219669,-0.00990111745007638,-0.16655128185444568
2012-02-08,1.3668924570083618,-4.908139394910194e-08,0.01666660087267835,-0.003333379072208209,0.013333270881863868,-0.015616137483096537
2012-02-09,1.3713891506195068,2.4870868564619286e-07,0.006579191521728367,-0.009868165510878213,0.0032897201152068956,0.6505413219628977
2012-02-10,1.3668924570083618,-0.0032789333422345024,0.003278435924987111,-0.009836302609456116,-0.0032789333422345024,-0.3238907631871797
2012-02-13,1.3623963594436646,-0.0032892840557022796,1.8714831795385578e-07,-0.006578755259722513,-0.0032892840557022796,-0.626342130851409
2012-02-14,1.3579001426696775,-0.0033002266505050004,1.0059822819208364e-07,-0.009900881147971052,-0.0033002266505050004,-0.3794947717321513
2012-02-15,1.3579001426696775,-0.0033112551411964564,0.006622510282393579,-0.006622510282393135,0.0,0.6337310363221107
2012-02-16,1.3534034490585327,0.0033110032521392885,0.006622257562019618,-0.003311505367621592,-0.003311505367621592,0.7854583175039771
2012-02-17,1.3579001426696775,0.006644764682731896,0.009967021495195905,2.510578043235512e-07,0.003322507870267888,-1.2255902824794909
2012-02-20,1.3623963594436646,0.009933663826052985,0.013244918634143454,0.003311154209872491,0.003311154209872491,0.2837994878092438
2012-02-21,1.384878396987915,0.003300523003235911,0.01980216081197006,1.9544148899264258e-07,0.01650183325022314,0.9320923089661655
2012-02-22,1.3758856058120728,-0.003246810117534804,-0.003246810117534804,-0.016233810260582904,-0.006493560153296829,-0.602540934843141
2012-02-23,1.3713891506195068,-0.0032680443589000463,0.003267896760223543,-0.0065360149184617855,-0.0032680443589000463,0.04353041719197748
2012-02-24,1.3803815841674805,0.003278486478140552,0.006557171276957652,-0.0032788831194933143,0.006557171276957652,-0.11547024946631268
2012-02-27,1.3758856058120728,2.721200740296581e-07,0.006514925802096672,-0.0032570547209374023,-0.0032570547209374023,0.7613046687867993
2012-02-28,1.3803815841674805,-2.7211999997778236e-07,0.009803637614367089,-0.0032682420314555927,0.003267697791455637,-0.24907043627737835
2012-02-29,1.3803815841674805,0.0,0.003257325954627577,-0.006514651909255154,0.0,-0.3877164574165768
2012-03-01,1.3758856058120728,-0.0032570547209374023,0.0032575989610852396,-0.0032570547209374023,-0.0032570547209374023,-0.9123655668537687
2012-03-02,1.3803815841674805,-2.7211999997778236e-07,0.003267697791455637,-2.7211999997778236e-07,0.003267697791455637,0.8977930428430305
2012-03-05,1.3668924570083618,-5.03879574731414e-08,0.0032572754025399497,-0.013029353549947942,-0.009772027759450297,0.1802051361183885
2012-03-06,1.3579001426696775,0.0032897592815004373,0.0032897592815004373,-0.006578655323305593,-0.006578655323305593,-0.45419497458575364
2012-03-07,1.3534034490585327,-2.510577411518611e-07,0.0033110032521392885,-0.0066227596775021436,-0.003311505367621592,0.3759110205299585
2012-03-08,1.3579001426696775,2.510578043235512e-07,0.006644764682731896,-0.0033220057546593518,0.003322507870267888,-0.5595796985071573
2012-03-09,1.3534034490585327,-2.510577411518611e-07,0.0033110032521392885,-0.0066227596775021436,-0.003311505367621592,0.00479025401077493
2012-03-12,1.3534034490585327,0.0,0.0033222559783854244,-0.006644511956771071,0.0,0.4614430555070612
2012-03-13,1.3623963594436646,1.504595610324344e-07,0.009966919894312865,-0.0033221060186896523,0.006644663416062402,0.11631408632696605
2012-03-14,1.3668924570083618,-1.871482829818305e-07,0.023102096945245787,-0.0033005134473585995,0.003300139150792525,0.972859516200991
2012-03-15,1.3623963594436646,1.8714831795385578e-07,0.0032896583523382983,-0.006578755259722513,-0.0032892840557022796,-0.6731689629225492
2012-03-16,1.3579001426696775,1.0059822819208364e-07,1.0059822819208364e-07,-0.006600553899237971,-0.0033002266505050004,0.13926806313319418
2012-03-19,1.3534034490585327,-0.003311505367621592,-2.510577411518611e-07,-0.009934013987382584,-0.003311505367621592,-0.5730808818113182
2012-03-20,1.3444108963012695,1.1353847173545262e-07,0.0033223698940612056,-0.00996665552829612,-0.006644399172706872,-0.1576157644013172
2012-03-21,1.3399145603179932,1.2856816278272731e-08,0.003344491304953401,-0.006688944039457634,-0.0033444655913208443,0.5915753198651821
2012-03-22,1.3399145603179932,0.0,0.0033557014762590764,-0.010067104428777118,0.0,0.1060295321146647
2012-03-23,1.326425552368164,-0.0033556625140084284,3.909343648800245e-08,-0.013422767336343289,-0.010067065728898261,-0.3882386857539508
2012-03-26,1.321929097175598,0.0033897499901409667,0.006779576950113775,-0.006779730889777236,-0.0033899039298046496,-0.4027409852249306
2012-03-27,1.326425552368164,0.003401434465867492,0.006802791961897148,7.696983783667122e-08,0.003401434465867492,-0.4475771167929743
2012-03-28,1.3174327611923218,-6.397900775834131e-08,0.006779590029010851,-0.010169544991036283,-0.006779717987026701,0.4942667895560042
2012-03-29,1.3129366636276243,1.94671674114133e-07,0.003413161286736077,-0.006825738558450145,-0.003412771943388071,0.05574491341151244
2012-03-30,1.3399145603179932,0.003424483811234058,0.0239724053950372,0.003424483811234058,0.020547751797736602,0.4287297417958662
2012-04-05,1.3489071130752563,-0.006711516190031297,0.01006698927846994,-0.006711516190031297,0.006711288184769737,0.2681502722289544
2012-04-06,1.3579001426696775,-0.006666423234780283,0.01000023151506313,-0.009999754184748966,0.006666900565094336,-0.174423573502839
2012-04-09,1.3534034490585327,-0.003311505367621592,-2.510577411518611e-07,-0.009934013987382584,-0.003311505367621592,-0.7385431517713705
2012-04-10,1.3579001426696775,2.510578043235512e-07,0.003322507870267888,-0.006644262567123138,0.003322507870267888,-0.5377463718342241
2012-04-11,1.3623963594436646,-0.006622610214398583,0.006622409017962516,-0.006622610214398583,0.003311154209872491,0.892193823153999
2012-04-12,1.3713891506195068,6.156035614601763e-08,0.009901042920042347,-0.003300265559539217,0.006600715800146872,-0.24342131641001075
2012-04-13,1.3758856058120728,7.379934374718289e-08,0.006557445181369692,-0.0032786118916691143,0.0032787594903567197,0.006381113690817841
2012-04-16,1.3668924570083618,-0.0032682922547331295,-0.0032682922547331295,-0.009804231748311576,-0.006536262001522353,-0.6583447864799332
2012-04-17,1.3713891506195068,-0.003289222697835603,0.0032897201152068956,-0.0065786941043569636,0.0032897201152068956,0.5788563795624881
2012-04-18,1.384878396987915,1.3388112485301917e-07,0.013114877433133332,-0.0032785520068775442,0.009836191545131268,0.9542517065746168
2012-04-19,1.3713891506195068,-0.00324688367726067,0.0032466159150472684,-0.012987133065722745,-0.00974038326956872,-0.4645090997663459
2012-04-20,1.3758856058120728,7.379934374718289e-08,0.006557445181369692,-0.006557297582682198,0.0032787594903567197,0.07242260268175471
2012-04-23,1.3758856058120728,-0.00326797080073582,0.003267970800735709,-0.006535941601471529,0.0,-0.5789812700924308
2012-04-24,1.3803815841674805,-0.0032682420314555927,0.013071607525822593,-0.0065362119429112076,0.003267697791455637,0.5601978676137627
2012-04-25,1.3713891506195068,-0.0032571282799070955,1.9832071562753129e-07,-0.006514454880530041,-0.006514454880530041,-0.608933184083007
2012-04-26,1.3713891506195068,0.003278685449048302,0.00655737089809616,-0.00327868544904808,0.0,0.09537983018714513
2012-04-27,1.3713891506195068,0.0,0.003278685449048302,-0.00327868544904808,0.0,-0.14905221142079483
2012-05-02,1.3803815841674805,-1.983206762146139e-07,0.00983585607577453,-1.983206762146139e-07,0.006557171276957652,0.4965016492867811
2012-05-03,1.3758856058120728,-0.0032570547209374023,2.721200740296581e-07,-0.006514381561948723,-0.0032570547209374023,-0.9932011210177834
2012-05-04,1.3758856058120728,0.0,0.003267970800735709,-0.00326797080073582,0.0,0.702472720407151
2012-05-07,1.384878396987915,6.008177644289958e-08,0.0065360020759390736,-0.0032679109153046504,0.0065360020759390736,0.45784510451247584
2012-05-08,1.3803815841674805,-3.322017564366675e-07,-3.322017564366675e-07,-0.0064938305062692825,-0.0032470813540127486,-0.08321252567102277
2012-05-09,1.3713891506195068,-0.0032571282799070955,1.9832071562753129e-07,-0.009771781481152875,-0.006514454880530041,-0.09711747105651014
2012-05-10,1.3803815841674805,0.003278486478140552,0.00983585607577453,-1.983206762146139e-07,0.006557171276957652,-0.1425075785158043
2012-05-11,1.3758856058120728,-0.0032570547209374023,0.0032575989610852396,-0.006514381561948723,-0.0032570547209374023,-0.7804656572505131
2012-05-14,1.3623963594436646,-1.353596860154127e-07,0.0032678349986980937,-0.009804046434839009,-0.009804046434839009,0.4297868118660837
2012-05-15,1.3579001426696775,1.0059822819208364e-07,0.006600755095694577,-0.006600553899237971,-0.0033002266505050004,-0.18316678576734802
2012-05-16,1.3489071130752563,-2.386650997943107e-07,0.0033110156858158213,-0.009934001717846863,-0.0066227473669312475,0.21663598139638296
2012-05-17,1.3534034490585327,-1.2392644244130224e-08,0.009999977946686167,-0.0033333425057544552,0.003333317720465967,-0.3734850407457131
2012-05-18,1.3444108963012695,1.1353847173545262e-07,0.0033223698940612056,-0.006644399172706872,-0.006644399172706872,0.4413713643238566
2012-05-21,1.3489071130752563,-1.0114581594500294e-07,0.006688854987899173,-0.003344579212673615,0.003344376921041503,-0.763601292129449
2012-05-22,1.3444108963012695,1.0114582615905476e-07,0.0033334316373976325,-0.0033332293457452034,-0.0033332293457452034,0.7629747018151622
2012-05-23,1.3444108963012695,0.0033444784051375187,0.0066889568102752595,0.0,0.0,-0.2670101419490045
2012-05-24,1.3489071130752563,-1.0114581594500294e-07,0.006688854987899173,-1.0114581594500294e-07,0.003344376921041503,-0.29109444824104
2012-05-25,1.3489071130752563,0.0,0.0033333301544189453,-0.0033333301544189453,0.0,0.03985038430948862
2012-05-28,1.3579001426696775,-0.0033330922848116007,0.006666900565094336,-0.0033330922848116007,0.006666900565094336,0.5321253475416583
2012-05-29,1.3623963594436646,-0.003311355406308225,0.006622409017962516,-0.006622610214398583,0.003311154209872491,-0.25264822908647133
2012-05-30,1.3623963594436646,0.0,0.0,0.0,0.0,-16.50475258913363
2012-05-31,1.3623963594436646,-0.006600653833452097,0.0,-0.006600653833452097,0.0,16.124400732092916
2012-06-01,1.3623963594436646,0.0,0.006600653833451986,-0.003300326916726104,0.0,0.6351219244635651
2012-06-04,1.3489071130752563,-0.0033004645279558487,-1.3806689591611132e-07,-0.00990111745007638,-0.00990111745007638,-0.2832958125051164
2012-06-05,1.3534034490585327,-1.2392644244130224e-08,0.006666647833576178,-1.2392644244130224e-08,0.003333317720465967,-0.010634874149054951
2012-06-06,1.3579001426696775,2.510578043235512e-07,0.003322507870267888,-0.0033220057546593518,0.003322507870267888,-0.2100285714399135
2012-06-07,1.3534034490585327,0.0033110032521392885,0.006622257562019618,-0.0066227596775021436,-0.003311505367621592,0.35430899282944495
2012-06-08,1.3489071130752563,0.0033222684122016233,0.0033222684122016233,-0.006644499646469737,-0.003322243626912691,0.36205837697959353
2012-06-11,1.3579001426696775,2.386651571928411e-07,0.006666900565094336,-0.0033330922848116007,0.006666900565094336,0.2842675917237578
2012-06-12,1.3534034490585327,-0.003311505367621592,-2.510577411518611e-07,-0.009934013987382584,-0.003311505367621592,-0.012812268072501354
2012-06-13,1.3557740449905396,0.0017515811221375799,0.0052542058162683425,-0.008756292960254486,0.0017515811221375799,-0.30269110782788644
2012-06-14,1.3415523767471311,-2.0514888143807752e-07,-2.0514888143807752e-07,-0.010489703867658573,-0.010489703867658573,-0.689791689855344
2012-06-15,1.351033091545105,0.0035334082026861058,0.010600538354006206,-1.5687297405531098e-07,0.007066973278346156,0.1496371133435943
2012-06-18,1.351033091545105,0.0035087687010102453,0.0035087687010102453,0.0,0.0,-0.42888030807431754
2012-06-19,1.351033091545105,0.0,0.0035087687010102453,-0.0035087687010103563,0.0,0.19909631043109677
2012-06-20,1.351033091545105,0.0,0.0035087687010102453,-0.0035087687010103563,0.0,-0.05681467455522693
2012-06-21,1.3462929725646973,2.552530018462562e-07,2.552530018462562e-07,-0.007017283940266128,-0.0035085143436321964,-0.043987614004624476
2012-06-25,1.3415523767471311,-0.0035212215425408644,0.0035210247825849805,-0.007042344705103454,-0.0035212215425408644,0.37349901123911877
2012-06-26,1.3415523767471311,-0.0035335656299809726,0.0035335656299813056,-0.014134262519924223,0.0,0.11990689015672729
2012-06-27,1.336811900138855,-0.003533575498386732,0.003533555691586976,-0.010600706688360217,-0.003533575498386732,-0.09635219030545983
2012-06-28,1.3320715427398682,7.951777725168085e-08,0.003546175792656925,-0.007092113031982761,-0.0035460167571027545,0.0984730060004253
2012-06-29,1.336811900138855,-7.951777059034271e-08,0.007117350995902827,-0.00355879477460741,0.0035586357390660073,0.0035364072477079844
2012-07-02,1.3320715427398682,7.951777725168085e-08,0.003546175792656925,-0.007092113031982761,-0.0035460167571027545,-0.07785179397314934
2012-07-03,1.3320715427398682,0.0035587155398180137,0.007117431079635583,0.0,0.0,-0.30231706543597525
2012-07-04,1.336811900138855,-7.951777059034271e-08,0.007117350995902827,-7.951777059034271e-08,0.0035586357390660073,0.018202567656160795
2012-07-05,1.336811900138855,0.0,0.003546095992902343,-0.0035460959929021207,0.0,-0.21248205225069583
2012-07-06,1.3320715427398682,7.951777725168085e-08,7.951777725168085e-08,-0.007092113031982761,-0.0035460167571027545,0.4649740184133435
2012-07-09,1.3320715427398682,0.0,0.007117431079635583,-0.0035587155398179027,0.0,0.41227808506899066
2012-07-10,1.3225905895233154,-1.9520747795986892e-08,-1.9520747795986892e-08,-0.007117450461445851,-0.007117450461445851,-0.5807176200790813
2012-07-11,1.3178499937057495,-1.0032309694096853e-07,0.0035841253388222416,-0.0035843259850159015,-0.0035843259850159015,-0.2735951038691873
2012-07-12,1.3083689212799072,-1.1171425684519676e-07,0.003597006792588342,-0.010791467234792629,-0.007194348727947331,0.7994699215387406
2012-07-13,1.3131093978881836,1.06667972232799e-08,0.007246380670042241,-0.0036231743348253964,0.003623195668419843,-0.6190964309175158
2012-07-16,1.3036288022994995,2.5292149063993463e-07,2.5292149063993463e-07,-0.010830064473447698,-0.00721995867513503,0.5523333284690359
2012-07-17,1.3036288022994995,0.0,0.0036363601684570312,-0.003636360168456809,0.0,-0.3175787459973769
2012-07-18,1.3131093978881836,0.0036361063273169236,0.010908824824804153,-0.003636612170170417,0.007272465576060538,0.07954773513388957
2012-07-19,1.3083689212799072,-1.0666797112257598e-08,-1.0666797112257598e-08,-0.0072202203602602655,-0.0036101155135286334,0.13708725090837603
2012-07-20,1.2988883256912231,2.5376670387267097e-07,0.003623439649122373,-0.010869303880551295,-0.007246117998132906,0.04721698983451361
2012-07-23,1.279926300048828,-0.0036497642087454096,-1.3315146873971173e-07,-0.018248288437851756,-0.014598657380575308,0.2962489661473846
2012-07-24,1.270445466041565,-0.003703627692590916,7.26827711350353e-08,-0.011111028443315019,-0.007407328067953078,-0.3131095804187325
2012-07-25,1.2751860618591309,1.0374929360068563e-07,0.007462783787842042,1.0374929360068563e-07,0.0037314437685678215,-0.8748364020235915
2012-07-26,1.2751860618591309,0.0,0.0037174684946250647,-0.0037174684946250647,0.0,0.01167789215416093
2012-07-27,1.2894072532653809,0.0037173123230453964,0.01486971607168286,-1.5559316690616498e-07,0.011152248155470446,0.6629977536141158
2012-07-30,1.2894072532653809,0.0036764670434090707,0.007352934086817919,-0.0036764670434087376,0.0,-0.0414217514664692
2012-07-31,1.2941478490829468,1.0241906833741155e-07,0.007353037258966744,-0.0036763650008808657,0.0036765698390175405,-0.10130716096903924
2012-08-01,1.3083689212799072,-0.0036632431238967644,0.010988753879271007,-0.0036632431238967644,0.010988753879271007,0.562406772872535
2012-08-02,1.3036288022994995,-0.003622922329713174,0.0036234495062945626,-0.007246108247716876,-0.003622922329713174,0.03933752660146439
2012-08-03,1.3083689212799072,0.003636095621734059,0.007272454831689368,-2.6358822136085536e-07,0.003636095621734059,-0.7587296658958245
2012-08-06,1.3036288022994995,2.635882907497944e-07,0.0072466354242983755,-0.003622922329713174,-0.003622922329713174,0.5295844380930248
2012-08-07,1.2988883256912231,-9.821584101565861e-09,0.003636350311158054,-0.007272730087068524,-0.0036363699543263683,-0.08736940426289763
2012-08-08,1.3178499937057495,-1.4205239862175034e-07,0.018248013071558766,-1.4205239862175034e-07,0.014598382046767222,0.32295801050122463
2012-08-09,1.3083689212799072,-1.1171425684519676e-07,-1.1171425684519676e-07,-0.010791467234792629,-0.007194348727947331,-0.9063274972425042
2012-08-10,1.3131093978881836,0.003623195668419843,0.007246380670042241,1.06667972232799e-08,0.003623195668419843,-0.024181285431581045
2012-08-13,1.3131093978881836,0.0,0.0072202097704794355,-0.0072202097704796575,0.0,0.5472030221057018
2012-08-14,1.3178499937057495,1.0104747127925862e-07,0.014440522047597826,-0.003610004202560746,0.0036102062975027494,-0.031213954478833017
2012-08-15,1.3083689212799072,-0.0035972302211020324,0.007194125299433418,-0.007194348727947331,-0.007194348727947331,-0.7563459459412485
2012-08-16,1.3131093978881836,1.06667972232799e-08,0.007246380670042241,1.06667972232799e-08,0.003623195668419843,-0.22168278409330355
2012-08-17,1.3131093978881836,0.0,0.0072202097704794355,-0.0036101048852397177,0.0,0.5715166284422324
2012-08-20,1.3178499937057495,1.0104747127925862e-07,0.010830416797566134,-0.007220109452592438,0.0036102062975027494,0.3521116834477347
2012-08-21,1.3083689212799072,-1.1171425684519676e-07,0.003597006792588342,-0.010791467234792629,-0.007194348727947331,0.3386750734156614
2012-08-22,1.3225905895233154,2.1203738742592293e-07,0.01086976923106353,-0.0036229736938380164,0.01086976923106353,-0.1796336911319294
2012-08-23,1.3178499937057495,-0.007168551646934751,0.0035841253388222416,-0.010752777308854045,-0.0035843259850159015,0.22525608019878263
2012-08-24,1.3178499937057495,0.0,0.0035971189086945188,-0.007194237817389371,0.0,0.026047759752380273
2012-08-27,1.3131093978881836,-1.0104746084316218e-07,0.003597017497754207,-0.003597219592675782,-0.003597219592675782,0.17111259392838818
2012-08-28,1.3131093978881836,0.0,0.0072202097704794355,-0.0036101048852397177,0.0,-0.5900697661725829
2012-08-29,1.3131093978881836,0.0,0.0036101048852397177,-0.0036101048852397177,0.0,-0.8343371291347381
2012-08-30,1.3273311853408811,-0.0036098049946866606,0.010830618892508026,-0.0036098049946866606,0.010830618892508026,1.2266499057275801
2012-08-31,1.3178499937057495,-0.003571624441817134,-1.999295806687229e-07,-0.01071447346628951,-0.007143048954053377,-0.6682856803915165
2012-09-03,1.3036288022994995,-0.003596967580999144,-0.003596967580999144,-0.010791206491006178,-0.010791206491006178,0.21868998423055075
2012-09-04,1.3036288022994995,0.0,0.010909080505371094,-0.0072727203369140625,0.0,0.38887266832486844
2012-09-05,1.279926300048828,-0.007272862270162661,-1.4297305184207687e-07,-0.025454660512940208,-0.01818194121582939,-0.2988504660813369
2012-09-06,1.279926300048828,0.0,0.0037037001061670516,-0.0037037001061668295,0.0,-0.593054521704909
2012-09-07,1.2988883256912231,1.3315148672532473e-07,0.025926037346727382,1.3315148672532473e-07,0.014814935548767005,2.091614511436015
2012-09-10,1.2988883256912231,0.0,0.0,-0.007299263086460783,0.0,-1.1260017533181852
2012-09-11,1.2894072532653809,-0.0036497434459246136,-1.123125938917724e-07,-0.010949005712586168,-0.0072993745792555575,-0.6820136733220927
2012-09-12,1.284666657447815,0.0036763634891618935,0.0036763634891618935,-0.011029503167197086,-0.0036765698390175405,1.0158983281855463
2012-09-13,1.2751860618591309,-0.003689775516050764,2.58768145799948e-07,-0.011069844084443448,-0.007379809800247106,0.3700397369383204
2012-09-14,1.279926300048828,-1.764320409769482e-07,0.0037172914067034046,-0.0037176442707853585,0.0037172914067034046,0.28279629753551916
2012-09-17,1.2657049894332886,-0.0037036379966253197,6.234043214981e-08,-0.011111038670739704,-0.011111038670739704,-0.9354150075872383
2012-09-18,1.2609643936157229,-1.0495827917900158e-07,0.0037452093218444116,-0.011236047798650284,-0.0037454192384026586,-0.035215498029049996
2012-09-19,1.2562241554260254,1.7893438064575662e-07,1.7893438064575662e-07,-0.0075186119903770665,-0.003759216527998266,-0.03583688972269883
2012-09-20,1.246743083000183,-1.1613191774895171e-07,0.0037734646009357498,-0.011320948299739952,-0.0075472775976250794,0.06913534395028975
2012-09-21,1.246743083000183,0.0,0.0038022775772323936,-0.003802368230680253,0.0,-0.4987130730264404
2012-09-24,1.2420027256011963,1.7624089521106612e-07,0.0038024544882442335,-0.015209027401964947,-0.003802192659917991,0.5677929399749928
2012-09-25,1.2372621297836304,-1.0645523240704335e-07,0.003816774557770408,-0.007633686482333313,-0.0038168964687829154,-0.5143396325876708
2012-09-26,1.2230405807495115,-1.293779364752723e-07,0.003831284250956246,-0.01149437026461475,-0.01149437026461475,0.05116738026229939
2012-09-27,1.2609643936157229,-3.2101367120063173e-09,0.031007812384255207,-3.2101367120063173e-09,0.031007812384255207,0.9510812520011918
2012-09-28,1.279926300048828,-0.0075187472819664425,0.01879701736741124,-0.011278142231877397,0.015037622417499952,0.3439214850343433
2012-10-08,1.284666657447815,-8.233605230945074e-08,0.0037036174651667864,-0.011111181739708709,0.0037036174651667864,-0.5871005935179845
2012-10-09,1.2988883256912231,2.1548755646527695e-07,0.011070317861025192,-0.003689818636932962,0.011070317861025192,-0.18406412237240843
2012-10-10,1.2941478490829468,-9.893537211702608e-09,-9.893537211702608e-09,-0.007299272907782428,-0.00364964140065982,-0.2772125114405135
2012-10-11,1.2988883256912231,9.89353732272491e-09,0.0073260102542156424,-0.010988990647480268,0.0036630100738763716,0.344729970033157
2012-10-12,1.2988883256912231,-0.0036496315432302806,0.007299263086460783,-0.007299263086460783,0.0,-0.5585296388645844
2012-10-15,1.3036288022994995,9.821584434632769e-09,0.007299272979735427,-0.00729925333656678,0.003649641400659709,0.023234767931938904
2012-10-16,1.2988883256912231,-0.0036363699543263683,-9.821584101565861e-09,-0.007272730087068524,-0.0036363699543263683,-0.1324137909575498
2012-10-17,1.3036288022994995,9.821584434632769e-09,0.003649641400659709,-0.0036496217574912837,0.003649641400659709,0.3154987585586859
2012-10-18,1.3083689212799072,-2.6358822136085536e-07,0.007272454831689368,-0.0036366227981764476,0.003636095621734059,0.16121860542890687
2012-10-19,1.2988883256912231,2.5376670387267097e-07,2.5376670387267097e-07,-0.007246117998132906,-0.007246117998132906,-0.563910999228316
2012-10-22,1.2988883256912231,0.0,0.007299263086460783,-0.007299263086460783,0.0,0.23434754155236703
2012-10-23,1.2988883256912231,0.0,0.0036496315432303916,-0.0036496315432302806,0.0,-0.5241816809961399
2012-10-24,1.3036288022994995,9.821584434632769e-09,0.007299272979735427,-0.0036496217574912837,0.003649641400659709,0.28925828656846875
2012-10-25,1.2988883256912231,-0.0036363699543263683,0.003636350311158054,-0.007272730087068524,-0.0036363699543263683,-0.0797041275219712
2012-10-26,1.284666657447815,-2.1548751005795452e-07,0.0036494152692703175,-0.014598738514631782,-0.010949107757851295,0.2853313037074976
2012-10-29,1.2894072532653809,1.0317493859268723e-07,0.007380170595043145,-0.0036899305351137945,0.003690136884990647,-0.18121853202426763
2012-10-30,1.2941478490829468,-0.0036763650008808657,0.0036765698390175405,-0.007352832420830069,0.0036765698390175405,0.07209983075944848
2012-10-31,1.2941478490829468,-0.003663000144099149,0.003663000144099149,-0.007326000288198187,0.0,-0.2196565646318014
2012-11-01,1.3131093978881836,-2.3320631015177895e-07,0.018314763243011845,-0.0036632324961745066,0.014651763953147379,0.8597123436090115
2012-11-02,1.3225905895233154,2.0137058798219698e-07,0.010830518207214146,-0.007220009853829312,0.007220412595005499,-0.22619291604074476
2012-11-05,1.3131093978881836,-2.0137054757007888e-07,-2.0137054757007888e-07,-0.01075287726977392,-0.007168651970031803,-0.5150051452253912
2012-11-06,1.3273311853408811,3.0097711212206946e-07,0.010830618892508026,-0.007219910966485332,0.010830618892508026,0.45276006558096427
2012-11-07,1.3320715427398682,-0.0035715050259973458,0.00714276979475148,-0.010714354906496637,0.0035713448545018345,-0.11018699070067228
2012-11-08,1.336811900138855,-0.00355879477460741,0.007117350995902827,-0.010676225288280938,0.0035586357390660073,0.4152352578487992
2012-11-09,1.3415523767471311,-0.007092182152641069,0.0035461059314205734,-0.010638278180661764,0.0035461059314205734,0.08927218087502098
2012-11-12,1.3415523767471311,-0.0035335656299809726,0.0035335656299813056,-0.01060069688994314,0.0,0.382067557928341
2012-11-13,1.3415523767471311,-0.0035335656299809726,0.0,-0.01766782814990553,0.0,0.003515572408502976
2012-11-14,1.3415523767471311,-0.007067131259962056,0.0035335656299813056,-0.01766782814990553,0.0,-0.20253718001722376
2012-11-15,1.3320715427398682,-0.00706706213755981,6.961437626351596e-08,-0.014134193889495883,-0.00706706213755981,-0.15667703467269334
2012-11-16,1.3036288022994995,-0.003558683623660519,-0.003558683623660519,-0.035587124507896806,-0.02135226189268058,-0.38077603207908695
2012-11-19,1.3083689212799072,-2.6358822136085536e-07,0.007272454831689368,-0.010909341218087176,0.003636095621734059,-0.0010753264319198763
2012-11-20,1.3178499937057495,1.1171426916867233e-07,0.01086966781747778,-0.018115815124411627,0.007246482449741576,0.6101826732645463
2012-11-21,1.3036288022994995,-0.003596967580999144,-0.003596967580999144,-0.02158256485601684,-0.010791206491006178,-0.29340004639249173
2012-11-22,1.3083689212799072,-0.0036366227981764476,0.007272454831689368,-0.010909341218087176,0.003636095621734059,-0.1275778672989496
2012-11-23,1.3083689212799072,-0.003623184962974868,0.007246369925949292,-0.007246369925949403,0.0,-0.23184343893714043
2012-11-26,1.2988883256912231,-0.0036229321157144057,0.003623439649122373,-0.010869303880551295,-0.007246117998132906,-0.29629561949103334
2012-11-27,1.3036288022994995,-0.0036496217574912837,0.007299272979735427,-0.00729925333656678,0.003649641400659709,0.7931100877161334
2012-11-28,1.3036288022994995,-0.003636360168456809,0.0036363601684570312,-0.0072727203369140625,0.0,-0.22181541057463505
2012-11-29,1.3083689212799072,-2.6358822136085536e-07,0.010908814041644677,-0.0072729820081318675,0.003636095621734059,0.30298587635655494
2012-11-30,1.3083689212799072,0.0,0.003623184962974646,-0.014492739851898917,0.0,-0.07255049389705448
2012-12-03,1.2988883256912231,-0.0036229321157144057,2.5376670387267097e-07,-0.014492489762969796,-0.007246117998132906,-0.12182289155058257
2012-12-04,1.2988883256912231,0.0,0.0036496315432303916,-0.007299263086460783,0.0,-0.5065444653372886
2012-12-05,1.3131093978881836,-2.430998450320132e-07,0.01824791018018246,-0.007299504411856006,0.010948648868171595,1.425129640889402
2012-12-06,1.3131093978881836,0.0,0.0036101048852397177,-0.0072202097704796575,0.0,-0.8305431050253276
2012-12-07,1.3225905895233154,2.0137058798219698e-07,0.014440623819422793,-0.007220009853829312,0.007220412595005499,0.5818236129645982
2012-12-10,1.3415523767471311,0.0035841757483281445,0.02150530495809244,-5.009362469277079e-08,0.014336853274186545,0.21804932968479562
2012-12-11,1.3462929725646973,0.0035336643576009408,0.00706723033521417,-0.003533467597625517,0.0035336643576009408,-1.0730609042591652
2012-12-12,1.3462929725646973,0.0,0.003521123508970936,-0.007042247017941761,0.0,-0.2134262697486946
2012-12-13,1.3415523767471311,-0.0035212215425408644,-9.837997783090913e-08,-0.014084591030229188,-0.0035212215425408644,0.6139621285524726
2012-12-14,1.3842170238494873,2.6278917664157575e-07,0.04240314573881543,-0.0035333037693873193,0.03180244606312388,0.9934710024426927
2012-12-17,1.369995355606079,-2.0029136982291362e-07,-2.0029136982291362e-07,-0.0171235494057016,-0.010274160769860985,-0.48158648915496016
2012-12-18,1.374735713005066,-7.72996330278275e-08,0.010380534458779955,-0.006920567636344188,0.0034601266198377445,-0.1822556528456083
2012-12-19,1.369995355606079,7.729963913405413e-08,7.729963913405413e-08,-0.006896468153739899,-0.0034481954270503268,-0.6595273338429521
2012-12-20,1.3605142831802368,-0.003460227679655703,-2.357428385835192e-08,-0.010380718388172339,-0.006920514282800494,-0.04643596694105767
2012-12-21,1.351033091545105,-1.9579643528722102e-07,0.003484203967531352,-0.010453145870347624,-0.006968829179043512,-0.02946713390285538
2012-12-24,1.3557740449905396,3.620219546363046e-07,0.007017901964477602,-0.0035084079493069575,0.003509131993216119,-0.12726334705928366
2012-12-25,1.3842170238494873,-0.0034964428515269486,0.024475644445763667,-0.006992943343294811,0.020979143953995916,0.9700730535166819
2012-12-26,1.369995355606079,-0.0034248537842002102,-0.0034248537842002102,-0.013698814262691483,-0.010274160769860985,-0.5475178539818764
2012-12-27,1.3605142831802368,0.0034601805310878753,0.006920384636459831,-0.010380718388172339,-0.006920514282800494,0.1701750118548162
2012-12-28,1.369995355606079,2.357428430244113e-08,0.010453059013949106,-0.003484293881376943,0.00696874155828775,-0.25956791128837153
2012-12-31,1.3842170238494873,2.002914099019648e-07,0.013841019811380972,-0.0034600045885827546,0.010380814931388205,0.3830542864348452
2013-01-04,1.4031784534454346,0.006849000626534263,0.013698306890646217,0.003424347494478175,0.013698306890646217,0.3333217935740329
2013-01-07,1.3984380960464478,-0.003378299736107815,0.010135201737818011,-0.006756675104589216,-0.003378299736107815,-0.42111225155289134
2013-01-08,1.3936973810195925,-1.8045675442834863e-07,0.0033896461524156596,-0.010169660284264581,-0.0033900070659242942,0.12893941363417127
2013-01-09,1.388957142829895,-0.0034011961665807444,0.0068028771852577385,-0.006802553950526868,-0.0034011961665807444,-0.12405253318938136
2013-01-10,1.3936973810195925,-1.6161733951136625e-07,0.006825769180780039,-1.6161733951136625e-07,0.003412803781720486,-0.8047622448259482
2013-01-11,1.388957142829895,0.0034015194013112815,0.0034015194013112815,-0.010203911734473103,-0.0034011961665807444,0.5093256035811784
2013-01-14,1.4126594066619873,-0.0034130035838041417,0.020477757168611443,-0.006825969405577781,0.017064791346837804,0.33580539022357314
2013-01-15,1.4079192876815796,2.4452826696830243e-07,0.003355946825089662,-0.006711160065378863,-0.0033554577685560583,-0.2297105061828546
2013-01-16,1.3984380960464478,-1.8792676992340773e-07,0.003366811564024852,-0.016835185380743356,-0.006734186908359252,-0.04189516019810924
2013-01-17,1.3984380960464478,-0.0033898272208872093,0.0033898272208872093,-0.006779654441774419,0.0,-0.4089740665660351
2013-01-18,1.4079192876815796,1.8792680522849992e-07,0.010169671500585009,-0.00338963993112118,0.00677984364265849,0.37212095084259644
2013-01-21,1.4031784534454346,-2.6355912352560296e-07,-2.6355912352560296e-07,-0.006734262031404703,-0.0033672627952642253,0.16379589240602854
2013-01-22,1.4126594066619873,1.9030921505347465e-08,0.020270270094484566,-0.006756731323599441,0.0067567693854424515,0.8388048236337156
2013-01-23,1.4079192876815796,-0.0033554577685560583,-0.0033554577685560583,-0.013422564659024472,-0.0033554577685560583,-0.3304727780529717
2013-01-24,1.4173998832702637,-0.003367234440156297,0.026935759547256355,-0.006734233772091036,0.00673376355564792,0.35797797208824633
2013-01-25,1.4031784534454346,-0.003344506760892818,0.003344449859075338,-0.010033463380861196,-0.010033463380861196,-0.6882636797424233
2013-01-28,1.4316213130950928,0.006756806943155613,0.023648683459620568,5.633656963155431e-08,0.020270308156327577,0.5310569242000582
2013-01-29,1.4363619089126587,9.216642715692558e-08,0.006622603059193599,-0.006622418726339396,0.003311347612810378,0.23461638544891983
2013-01-30,1.4742854833602903,-0.0033004192075162253,0.029702846903761015,-0.009901072429771562,0.026402520292633014,0.7174816064052507
2013-01-31,1.4790258407592771,-0.003215502585635077,0.01607715944669752,-0.006430933480703893,0.0032153592045023327,-0.185708146478877
2013-02-01,1.5027282238006592,-0.003205155405412774,0.01602567202559091,-0.012820530912808659,0.01602567202559091,-0.18800076748348715
2013-02-04,1.5264307260513306,-0.003154448593111092,0.028391265763375806,-0.006309020028759882,0.01577298002078087,0.020685234011875053
2013-02-05,1.4979877471923828,-0.00621130528755276,0.0031054547013824596,-0.021739238602445088,-0.018633651939466533,-0.12222019418298302
2013-02-06,1.4932475090026855,1.5048752510793406e-07,0.0031647048218652607,-0.012658142298762165,-0.003164403846814934,-0.14230578443648412
2013-02-07,1.4600642919540403,9.677662782259233e-08,9.677662782259233e-08,-0.02857138213543986,-0.022222181419078835,0.14776988129949586
2013-02-08,1.4648048877716064,8.993733358053646e-08,0.006493590983006836,-0.0032466605855029362,0.0032468404601702083,-0.8601497925221047
2013-02-18,1.4600642919540403,0.0032361527298765402,0.006472395397078001,-0.006472575271728842,-0.00323633260452727,0.043822776949188125
2013-02-19,1.4458426237106323,-1.909008312539484e-07,0.0032465587101939697,-0.016233938955957372,-0.009740439733907036,0.0656678358017615
2013-02-20,1.4411022663116455,0.0032787590869800542,0.0032787590869800542,-0.013114669361493303,-0.003278612292409222,-0.07350635569187602
2013-02-21,1.4079192876815796,-0.0032892822719745585,1.889379326325269e-07,-0.026315580741324562,-0.023026109531417482,0.44467424072967887
2013-02-22,1.4079192876815796,0.0,0.010101000370632551,-0.0033670001235440727,0.0,-0.550681462057728
2013-02-25,1.4126594066619873,-2.445282072383037e-07,0.010100753372445759,-2.445282072383037e-07,0.0033667547720106494,-0.31983536756481
2013-02-26,1.4031784534454346,-1.9030921172280557e-08,0.013422786618666693,-0.010067123268111988,-0.00671142185571505,0.2763516640220587
2013-02-27,1.4126594066619873,-0.0033783561463389677,0.010135144562702925,-0.0033783561463389677,0.0067567693854424515,0.09049552893237589
2013-02-28,1.4268808364868164,2.8072189905969935e-08,0.016778535924494298,-0.010067076639192929,0.01006713278357263,0.45638057313347247
2013-03-01,1.4173998832702637,-1.8652201450031214e-08,0.003322237264216543,-0.01661129823429197,-0.0066445304850376585,-0.3700167705725903
2013-03-04,1.3794761896133425,-0.006688947628441744,9.243663834368476e-09,-0.0301002966808116,-0.02675581824475859,0.25908463951572
2013-03-05,1.4079192876815796,2.2586461079221465e-07,0.024055190465521736,-0.003436197649805184,0.020618766951105982,-0.11879803827229196
2013-03-06,1.4079192876815796,0.0033670001235441838,0.0067340002470883675,-0.010101000370632218,0.0,-0.07981236782917378
2013-03-07,1.3936973810195925,-0.006734366149884208,0.0033666304997062024,-0.013468363916278148,-0.010101365033081011,-0.16492677513059562
2013-03-08,1.3984380960464478,0.0034015383048127124,0.010204254000864221,1.8045678684686095e-07,0.0034015383048127124,-0.5776792069982584
2013-03-11,1.3984380960464478,0.0,0.006779654441774419,-0.006779654441774419,0.0,-0.10763023338507693
2013-03-12,1.3984380960464478,0.0033898272208872093,0.006779654441774419,-0.006779654441774419,0.0,0.4913391877797757
2013-03-13,1.3842170238494873,-0.003389597995285154,2.3000528037719903e-07,-0.013559081996981193,-0.010169253996415772,-0.6782303728225827
2013-03-14,1.3936973810195925,-4.1046194043659057e-07,0.010273547857266196,-0.0034250632350092403,0.006848895084197393,0.18364433024436977
2013-03-15,1.4079192876815796,-0.003400990103606061,0.013605802332554262,-0.00680234859083817,0.010204443845322153,0.7120349021187735
2013-03-18,1.3842170238494873,-0.0033669581867551424,4.2078467155093335e-08,-0.023568959778089482,-0.016834959247644665,-0.12869883775668356
2013-03-19,1.3842170238494873,0.0,0.006849308357518069,-0.00684930835751818,0.0,-0.04165744954806172
2013-03-20,1.4126594066619873,-2.866066622919661e-07,0.020547632576719987,-0.0034249398038925793,0.020547632576719987,0.5001866791604677
2013-03-21,1.4126594066619873,0.0,0.006711402952517931,-0.006711402952518153,0.0,-0.7269876491528535
2013-03-22,1.4126594066619873,0.0,0.0033557014762590764,-0.006711402952518153,0.0,-0.49485713195635483
2013-03-25,1.4173998832702637,0.0033557109278574693,0.00671141243572726,9.419987678782604e-09,0.0033557109278574693,0.38937771405699806
2013-03-26,1.4173998832702637,0.0033444784051375187,0.0033444784051375187,-0.013377913620550408,0.0,0.02149756972983141
2013-03-27,1.4126594066619873,0.003344468953644819,0.006688947327277539,-0.006688966167253119,-0.0033444877936203987,-0.018634641419268405
2013-03-28,1.374735713005066,-0.003355692490835782,-0.003355692490835782,-0.030201304542939122,-0.02684560303642647,1.0741024102268462
2013-03-29,1.3842170238494873,0.0034485510084136806,0.01034509784311144,-0.0034479958262844113,0.00689682442576256,-1.3833742549599783
2013-04-01,1.3794761896133425,-0.00342492120416249,0.0034243853181310513,-0.006849574465309649,-0.00342492120416249,-0.17950593043616436
2013-04-02,1.388957142829895,1.909837954450211e-08,0.006872864706138904,1.909837954450211e-08,0.006872864706138904,-0.008272046677387124
2013-04-03,1.3936973810195925,-1.6161733951136625e-07,0.010238734579839814,-0.0034131270163991756,0.003412803781720486,0.26652933136904267
2013-04-08,1.3794761896133425,-0.006802572918988559,-0.003401215200002805,-0.01700664607594571,-0.01020393063797409,0.3129996320735984
2013-04-09,1.3794761896133425,0.0034364227382492896,0.006872845476498801,0.0,0.0,-0.6191776322955427
2013-04-10,1.3794761896133425,0.0,0.006872845476498801,-0.0034364227382498447,0.0,-0.1794005082519412
2013-04-11,1.3794761896133425,0.0034364227382492896,0.006872845476498801,-0.0034364227382498447,0.0,0.06600121429672967
2013-04-12,1.3842170238494873,2.67943087495226e-07,0.0034366916021026928,-0.0034361557159280354,0.0034366916021026928,0.34380275052215126
2013-04-15,1.3794761896133425,-2.679430157748186e-07,-2.679430157748186e-07,-0.010274227726456475,-0.00342492120416249,0.48235062113489136
2013-04-16,1.369995355606079,6.765166382649568e-08,6.765166382649568e-08,-0.010309201260524148,-0.006872778289794823,-0.007034501106755187
2013-04-17,1.3652546405792236,0.0034600194367866433,0.0034600194367866433,-0.01038087726047221,-0.0034603876629627495,-0.14401314012298272
2013-04-18,1.3652546405792236,-0.0034723015571050952,0.0,-0.006944520329984605,0.0,-0.36159897208387903
2013-04-19,1.3842170238494873,-0.0034719184873048814,0.013889264835033721,-0.0034719184873048814,0.013889264835033721,0.9291827502928811
2013-04-22,1.3794761896133425,-0.00342492120416249,-2.679430157748186e-07,-0.006849574465309649,-0.00342492120416249,-0.6735834667865923
2013-04-23,1.3605142831802368,4.4077378413831525e-08,4.4077378413831525e-08,-0.01718215230199638,-0.013745729412278251,0.12092407876230027
2013-04-24,1.374735713005066,-5.372535072378781e-08,0.013937298092623118,-0.0034843709116756383,0.010452980906298315,0.12032465467769882
2013-04-25,1.374735713005066,0.0,0.0,-0.006896544920278691,0.0,-0.5305462171546758
2013-04-26,1.3605142831802368,-0.0034482189200454316,5.3725353499345374e-08,-0.013793119069547055,-0.010344846424148013,0.5157949298779343
2013-05-02,1.3557740449905396,1.662254485168546e-07,0.0034845672508443393,-0.0069684696799579005,-0.003484151727254803,0.3102709315968113
2013-05-03,1.369995355606079,0.0034963571403086036,0.013985939877786402,-1.4265114034461845e-07,0.010489440086337343,-0.033058024919476736
2013-05-06,1.374735713005066,-7.72996330278275e-08,0.00692033053930885,-0.0034602812191043553,0.0034601266198377445,-0.16277158476066944
2013-05-07,1.374735713005066,0.0,0.0,-0.0034482724601391235,0.0,-0.6562380599797741
2013-05-08,1.3794761896133425,9.647974419380034e-09,0.006896554634790775,-0.0034482628454336473,0.003448282141382819,0.6197136526124751
2013-05-09,1.374735713005066,-9.64797464142464e-09,0.00343641305712028,-0.003436432353069674,-0.003436432353069674,-0.15331731774877966
2013-05-10,1.3794761896133425,9.647974419380034e-09,0.006896554634790775,9.647974419380034e-09,0.003448282141382819,-0.2983882396665223
2013-05-13,1.374735713005066,-9.64797464142464e-09,0.00343641305712028,-0.003436432353069674,-0.003436432353069674,-0.33044299117876363
2013-05-14,1.3652546405792236,-1.0681346307439554e-07,0.0034481652783542316,-0.010345005302206833,-0.006896650997097797,0.3512833846195065
2013-05-15,1.369995355606079,1.841131218593972e-07,0.0069446229374430235,1.841131218593972e-07,0.0034724035252824414,-0.32864191138728316
2013-05-16,1.3794761896133425,-6.765165949662588e-08,0.00692034025405075,-0.0034602716045144533,0.00692034025405075,0.7100666897942531
2013-05-17,1.388957142829895,-0.003436403705500135,0.010309287510018805,-0.003436403705500135,0.006872864706138904,0.28645950422064104
2013-05-20,1.4031784534454346,-5.679295089766612e-08,0.01706477199115808,-5.679295089766612e-08,0.010238840477514444,0.27588186850838525
2013-05-21,1.4031784534454346,-0.0033783751129669026,0.0,-0.006756750225933694,0.0,-1.144352608332884
2013-05-22,1.4031784534454346,-0.0033783751129669026,0.0033783751129670136,-0.0033783751129669026,0.0,0.4236274669798341
2013-05-23,1.388957142829895,-0.0033783185118808623,5.679295411731289e-08,-0.010135069121550266,-0.010135069121550266,0.010965987821567325
2013-05-24,1.3936973810195925,0.003412803781720486,0.006825769180780039,-1.6161733951136625e-07,0.003412803781720486,-0.6437848733038933
2013-05-27,1.3984380960464478,1.8045678684686095e-07,0.010204254000864221,-0.0034011773912387966,0.0034015383048127124,0.46169623643017843
2013-05-28,1.4126594066619873,-5.660144786201471e-08,0.013559251514624338,-0.003389883630465884,0.010169424485606315,0.5374666046584693
2013-05-29,1.4079192876815796,2.4452826696830243e-07,0.003355946825089662,-0.006711160065378863,-0.0033554577685560583,-0.44776211138664124
2013-05-30,1.4031784534454346,-0.0033672627952642253,0.003366735677017063,-0.006734262031404703,-0.0033672627952642253,-0.24553578221161843
2013-05-31,1.3984380960464478,0.0033784510008549873,0.0033784510008549873,-0.003378299736107815,-0.003378299736107815,-0.2455412700954014
2013-06-03,1.4031784534454346,0.003389751332138591,0.003389751332138591,-0.003389902596874439,0.003389751332138591,0.6791644836768675
2013-06-04,1.3984380960464478,-0.003378299736107815,7.563237369723197e-08,-0.006756675104589216,-0.003378299736107815,-0.47101880087144465
2013-06-05,1.3984380960464478,0.0,0.006779654441774419,-0.0033898272208872093,0.0,-0.21846267010964127
2013-06-06,1.388957142829895,-1.883941824765145e-08,0.003389808317606713,-0.006779673153467836,-0.006779673153467836,0.27402037329204276
2013-06-07,1.3794761896133425,0.0034129467870926966,0.006825912672564716,-0.010238916754795602,-0.00682595086932325,0.10820740558486364
2013-06-13,1.3652546405792236,-0.003436538799475586,-1.1646143671661946e-07,-0.030927999434557818,-0.010309383475553213,1.1310457769618765
2013-06-14,1.374735713005066,-0.0034721951145191277,0.01041676424475213,-0.0034721951145191277,0.006944545100992849,-0.8235853969432085
2013-06-17,1.3842170238494873,0.0034485510084136806,0.017241644677809198,-0.0034479958262844113,0.00689682442576256,0.3611039681061854
2013-06-18,1.376652717590332,0.012750232767909653,0.012750232767909653,-0.020036614340759762,-0.005464682292462331,0.06754301615450586
2013-06-19,1.3615245819091797,-0.0036630721311088354,-7.225166775981506e-08,-0.01465207176943284,-0.010989071889991542,-0.7407758970077758
2013-06-20,1.331268310546875,-1.494295913673227e-07,0.0037035501231332812,-0.025926046298662686,-0.02222234674593848,0.2148429841584516
2013-06-21,1.321183204650879,-0.0037875958067105087,2.8027991416657017e-07,-0.015151314376674385,-0.007575562203424813,0.10741880354023436
2013-06-24,1.2808419466018677,1.3829827194555833e-07,1.3829827194555833e-07,-0.034350980231238726,-0.030534189283515256,0.45069328629226035
2013-06-25,1.2959697246551514,-0.003937205727699067,0.015747811181721083,-0.023622222637119217,0.011810807799836898,0.15245823809899406
2013-06-26,1.3010122776031494,0.003890949651111253,0.01167304284454107,-0.015564283332462625,0.003890949651111475,-0.3148102392944985
2013-06-27,1.3363113403320312,0.0038761099439381663,0.031007964133735966,0.0038761099439381663,0.027131998165238924,0.14684539427997123
2013-06-28,1.3665671348571775,-2.0588107885188833e-07,0.02641485687816636,-2.0588107885188833e-07,0.02264127648398806,0.21547920588248104
2013-07-01,1.3716099262237549,-0.007379984815015339,0.0073801497193224375,-0.02214011934935345,0.0036901160857381043,-0.19615954843059313
2013-07-02,1.3615245819091797,9.596428762748133e-09,9.596428762748133e-09,-0.022058792875710775,-0.007352924560951268,-0.38345679574989333
2013-07-03,1.3413537740707395,-0.007407468945982876,-0.0037037690962846703,-0.025925968194474458,-0.014814868645379842,-0.16924493019254783
2013-07-04,1.3363113403320312,-0.003759212398833034,0.0037595785570878615,-0.01127800335475404,-0.003759212398833034,-0.45040714040128904
2013-07-05,1.331268310546875,-2.6326208957261343e-07,0.0037733169155564905,-0.007547423617381255,-0.0037738434397355247,-0.32800082480253323
2013-07-08,1.3161404132843018,1.9520677452256052e-07,1.9520677452256052e-07,-0.015151398160820562,-0.011363522396442227,0.28175077886170286
2013-07-09,1.331268310546875,-1.9520673644191078e-07,0.015325549648065317,-0.003831608583411694,0.011494136271389843,0.0737370351688611
2013-07-10,1.3363113403320312,-0.0037876127600047216,0.007576015306486106,-0.007575579092256368,0.0037881392843224226,-0.2777865123734031
2013-07-11,1.3716099262237549,-1.234289425111612e-07,0.03396210291891677,-1.234289425111612e-07,0.026414941508281276,1.3651475563713582
2013-07-12,1.3514392375946045,1.9336087175858552e-08,0.003676486450584715,-0.018382316236399743,-0.014705849121902537,-0.4372742721836538
2013-07-15,1.3564820289611816,0.003731422935116635,0.011194102818769869,8.299329046224102e-08,0.003731422935116635,-0.47339133893363083
2013-07-16,1.3564820289611816,-0.0037174684946248426,0.0,-0.007434936989250129,0.0,-0.2759697059758075
2013-07-17,1.3514392375946045,-8.299328324579136e-08,0.0037173851928169466,-0.0074350193654835195,-0.003717551179383438,0.2497375696738331
2013-07-18,1.3413537740707395,-7.898624398983145e-08,0.0037312603511818754,-0.011194096998521808,-0.007462757661096053,-0.08739131360992047
2013-07-19,1.331268310546875,0.0037593143052438993,0.011278103281752161,-0.011278263647772624,-0.007518869159518715,0.19891964880741497
2013-07-22,1.3363113403320312,-0.0037876127600047216,0.0037881392843224226,-0.007575579092256368,0.0037881392843224226,-0.26360686859627336
2013-07-23,1.346396565437317,-9.916831189560327e-08,0.015094224019156721,-0.0075472607620462595,0.007547062425422357,0.05612129392289944
2013-07-24,1.346396565437317,-0.003745314673225253,0.003745314673225586,-0.00749062934645095,0.0,0.005766066060491681
2013-07-25,1.3514392375946045,-4.9245461042346506e-09,0.0074906243850165755,-0.003745319579327777,0.0037453097302351246,0.012185990019428772
2013-07-26,1.3413537740707395,-0.003731418323669855,-7.898624398983145e-08,-0.007462757661096053,-0.007462757661096053,-0.5662975080872883
2013-07-29,1.321183204650879,-0.003759195445055874,2.000968812865267e-07,-0.015037471701926153,-0.015037471701926153,0.24170922527295247
2013-07-30,1.3413537740707395,0.0038166805587425134,0.022900628839443327,-2.000968410964532e-07,0.015267049527162735,0.5288982785791809
2013-07-31,1.3413537740707395,0.003759394789694115,0.007518789579387786,-0.0037593947896935598,0.0,-0.756944063461173
2013-08-01,1.3564820289611816,0.003759557378186118,0.011278348175463693,1.6197954755270416e-07,0.011278348175463693,0.8727993499175604
2013-08-02,1.3514392375946045,-8.299328324579136e-08,0.0037173851928169466,-0.0074350193654835195,-0.003717551179383438,-0.7791207333603403
2013-08-05,1.3564820289611816,8.299329046224102e-08,0.003731422935116635,-0.0037312569485362657,0.003731422935116635,-0.06368214500205838
2013-08-06,1.3564820289611816,-0.0037174684946248426,0.0,-0.007434936989250129,0.0,-0.016494166438707936
2013-08-07,1.346396565437317,-0.0037175462731443565,-7.806873736360131e-08,-0.00743501447755146,-0.00743501447755146,0.13434022279043845
2013-08-08,1.3413537740707395,-8.39107899830438e-08,0.003745230448163106,-0.003745398269743405,-0.003745398269743405,-0.21370634726953952
2013-08-09,1.3413537740707395,0.003759394789694115,0.007518789579387786,-0.007518789579387231,0.0,0.11691252614835079
2013-08-12,1.3564820289611816,0.003759557378186118,0.01503774357410248,1.6197954755270416e-07,0.011278348175463693,0.73656775028266
2013-08-13,1.3514392375946045,-8.299328324579136e-08,0.0037173851928169466,-0.0074350193654835195,-0.003717551179383438,-0.3568226148770499
2013-08-14,1.3564820289611816,0.003731422935116635,0.007462762876943252,8.299329046224102e-08,0.003731422935116635,-0.005873372948272504
2013-08-15,1.3514392375946045,-0.003717551179383438,-8.299328324579136e-08,-0.0074350193654835195,-0.003717551179383438,-0.1181905285495013
2013-08-16,1.3615245819091797,-9.739658413110419e-09,0.100746248309322,-0.00746268893127533,0.0074626694519583925,1.8372949039489512
2013-08-19,1.3615245819091797,-0.007407400212333881,0.0,-0.01111110031850071,0.0,-0.9123023321196619
2013-08-20,1.3413537740707395,-0.0037037690962846703,-0.0037037690962846703,-0.018518568495077936,-0.014814868645379842,0.32357593249515304
2013-08-21,1.3363113403320312,0.0037595785570878615,0.0037595785570878615,-0.007518607876793593,-0.003759212398833034,-0.7411172333948386
2013-08-22,1.326225757598877,-1.689817452632525e-07,-1.689817452632525e-07,-0.007547330048586209,-0.007547330048586098,-0.14452661549190537
2013-08-23,1.321183204650879,0.003802464283981344,0.00760474256843513,-0.011406739507299868,-0.0038021829383917405,0.13222941926978393
2013-08-26,1.331268310546875,-2.8027983556278e-07,0.011450178769895958,-0.003817069629934111,0.0076333894197975205,-0.28483843479658333
2013-08-27,1.331268310546875,0.0,0.003787875024959586,-0.007575840359983044,0.0,-0.13124989134788834
2013-08-28,1.326225757598877,-0.0037877811017125174,9.428036906733439e-08,-0.0075757467938669665,-0.0037877811017124063,0.1560553543256198
2013-08-29,1.326225757598877,0.0038022775772319495,0.0038022775772319495,-0.003802368230680586,0.0,-0.3112212783422308
2013-08-30,1.3363113403320312,1.6898177368496192e-07,0.007604725421269221,1.6898177368496192e-07,0.007604725421269221,0.6320691953674498
2013-09-02,1.3363113403320312,0.0,0.003773581171086837,-0.007547162342173563,0.0,-0.11524741761981261
2013-09-03,1.346396565437317,-9.916831189560327e-08,0.01132064322228965,-0.0037736799651789665,0.007547062425422357,0.2596782978424095
2013-09-04,1.346396565437317,0.0,0.003745314673225586,-0.003745314673225253,0.0,-0.06755954168318468
2013-09-05,1.346396565437317,0.0,0.003745314673225586,-0.003745314673225253,0.0,-0.5531773519676584
2013-09-06,1.3514392375946045,-4.9245461042346506e-09,0.0074906243850165755,-4.9245461042346506e-09,0.0037453097302351246,0.49711532591425467
2013-09-09,1.437164545059204,0.0037311776525665863,0.08582072527462703,-1.6137742964161816e-07,0.0634326021325089,1.918466077219982
2013-09-10,1.4321222305297852,-0.003508515811048829,0.0035090233718850783,-0.028069902951317838,-0.003508515811048829,-0.7416778225934344
2013-09-11,1.4169942140579224,-0.007042232099652601,0.0035211385859650335,-0.014084479223397839,-0.010563355661525109,-0.5802385831375183
2013-09-12,1.4472501277923584,-0.0035588272444702085,0.04270455443334109,-0.014234972667089285,0.02135217874164108,0.9049463399666315
2013-09-13,1.427079439163208,-0.0034842989196366414,0.0034844190291338784,-0.02090588610986177,-0.013937251233771764,-0.9401360828711951
2013-09-16,1.427079439163208,0.0035335656299813056,0.007067131259962389,-0.007067131259962167,0.0,-0.20906262630776595
2013-09-17,1.4018659591674805,-0.0035336265526868527,-6.11387435123234e-08,-0.017667888208460103,-0.017667888208460103,-0.26437865477624456
2013-09-18,1.396823167800903,0.0035970378510408185,0.007194156469206625,-0.021582792476119272,-0.0035971993852907946,0.32298004155264337
2013-09-23,1.4018659591674805,8.07671316493952e-08,0.007220291120766609,-0.0036100244096860523,0.00361018594394924,-0.31432547332067884
2013-09-24,1.396823167800903,0.0035970378510408185,0.0035970378510408185,-0.010791436621622075,-0.0035971993852907946,-0.08348561388718423
2013-09-25,1.4069087505340576,1.609552877646081e-07,0.010830477354203394,-0.007220049977322729,0.007220371887898258,0.29884248579403305
2013-09-26,1.396823167800903,-0.00358438639986125,-1.6095526156334472e-07,-0.01433706273366031,-0.007168611844461159,-0.31183953966572275
2013-09-27,1.4018659591674805,-0.0036100244096860523,0.007220291120766609,-0.007220129586503532,0.00361018594394924,-0.3278355308546601
2013-09-30,1.4018659591674805,0.0035971189086945188,0.00719423781738926,-0.003597118908694741,0.0,-0.006834295276984648
2013-10-08,1.4069087505340576,8.018814967591936e-08,0.007194318582431691,-0.0071941582061325615,0.0035971993852905726,0.012502300818265866
2013-10-09,1.4220367670059204,-1.433771401604389e-08,0.014336889542726494,-0.003584240307824227,0.010752663572616283,0.09809028467624259
2013-10-10,1.4119515419006348,9.395308664394975e-08,0.00354619027915537,-0.007092098699051141,-0.007092098699051141,-0.18582179175239233
2013-10-11,1.4321222305297852,0.003571405050804888,0.017857105668689366,-2.0103666398263442e-08,0.014285680514218413,0.45712993686317205
2013-10-14,1.427079439163208,-7.856109962567359e-08,0.007042167903595464,-0.007042325025794605,-0.0035212017934472817,-0.16397530161693297
2013-10-15,1.4069087505340576,-0.003533546647892072,1.9049401389636955e-08,-0.014134243739772345,-0.014134243739772345,-0.05603260330396154
2013-10-16,1.4119515419006348,7.961537118461592e-08,0.010752758535948814,-0.0035841466914878772,0.0035843059222304685,0.027931379361728403
2013-10-17,1.4169942140579224,0.0035714201285546032,0.014285695752940253,-5.079574094679629e-09,0.0035714201285546032,-0.3615831161357441
2013-10-18,1.4119515419006348,-0.0035587104783205703,0.0035587206374685376,-0.0035587104783205703,-0.0035587104783205703,-0.47093003873318295
2013-10-21,1.437164545059204,0.0035711503640987186,0.01785684735655302,-0.0035716981321283203,0.01785684735655302,1.19189883675298
2013-10-22,1.4220367670059204,1.799309865546661e-07,1.799309865546661e-07,-0.014034897398399249,-0.010526128066052798,-1.0490247320696113
2013-10-23,1.4220367670059204,0.0,0.010638287978706806,-0.003546095992902343,0.0,0.4363532026657886
2013-10-24,1.4069087505340576,-0.00354608170603099,1.4337714127066192e-08,-0.014184369837266453,-0.010638273793521225,0.21367217846217912
2013-10-25,1.4018659591674805,-8.018814334764812e-08,0.014336822748205913,-0.007168531656317811,-0.0035843059222304685,0.1667485679386651
2013-10-28,1.4018659591674805,0.0,0.0035971189086945188,-0.003597118908694741,0.0,-1.0680714802566982
2013-10-29,1.4169942140579224,1.5472395253901539e-07,0.028777110445993737,1.5472395253901539e-07,0.010791513119718044,1.4523262026337491
2013-10-30,1.4220367670059204,-8.887350433361974e-08,0.007117341573580349,-0.007117519320589016,0.0035586263500380078,-0.6606835355382437
2013-10-31,1.4220367670059204,0.0,0.0035460959929021207,-0.0070921919858044635,0.0,0.032143022164280666
2013-11-01,1.427079439163208,-4.711686818481553e-09,0.007092187240701264,-0.007092196664075123,0.003546091264507112,0.35769445109319165
2013-11-04,1.427079439163208,0.0035335656299813056,0.0035335656299813056,-0.0035335656299808615,0.0,-0.7854120253523753
2013-11-05,1.4169942140579224,-0.0035334723754709696,-0.0035334723754709696,-0.014134170257482537,-0.007067038336141418,0.5193333556993416
2013-11-06,1.4018659591674805,-0.003558869713128021,-1.5472392855819805e-07,-0.010676299691526836,-0.010676299691526836,-0.33815495246536287
2013-11-07,1.4119515419006348,0.0035972792870542225,0.007194398770581367,1.5980352729982883e-07,0.007194398770581367,0.03857424005127186
2013-11-08,1.4069087505340576,-0.0035715045572944915,-7.961536496736699e-08,-0.0071429294992241266,-0.0035715045572944915,-0.09020087513281183
2013-11-11,1.4119515419006348,7.961537118461592e-08,0.00716853222908953,-0.0035841466914878772,0.0035843059222304685,0.12445239249557716
2013-11-12,1.4169942140579224,-5.079574094679629e-09,0.007142845336683079,-0.0035714302877025705,0.0035714201285546032,0.08197412318672903
2013-11-13,1.4018659591674805,-0.003558869713128021,-1.5472392855819805e-07,-0.014235014680726299,-0.010676299691526836,-0.25163589985283963
2013-11-14,1.4069087505340576,8.018814967591936e-08,0.010791437779572588,-0.0035970390089913318,0.0035971993852905726,0.5715272633850006
2013-11-15,1.4119515419006348,7.961537118461592e-08,0.010752758535948814,-0.0035841466914878772,0.0035843059222304685,0.02597435006032711
2013-11-18,1.427079439163208,-9.866476413655789e-08,0.014285600830819867,-9.866476413655789e-08,0.01071417595692381,0.3380292667078315
2013-11-19,1.4220367670059204,0.0035335703583172506,0.0035335703583172506,-0.007067126581573269,-0.0035335609349430586,-0.5820041350368186
2013-11-20,1.427079439163208,-4.711686818481553e-09,0.003546091264507334,-0.003546100687881082,0.003546091264507112,-0.08431910232093998
2013-11-21,1.4321222305297852,-0.003533487346475961,0.0035336444686877577,-0.007067053254057876,0.0035336444686877577,0.41279557633742314
2013-11-22,1.427079439163208,-7.856109962567359e-08,0.0035210446712479193,-0.0035212017934470596,-0.0035212017934472817,-0.050058123662250154
2013-11-25,1.4169942140579224,9.358519981184088e-08,0.003533659545870149,-0.007067038336141418,-0.007067038336141418,-0.34537874416588465
2013-11-26,1.4119515419006348,5.079573872635024e-09,0.0035587206374685376,-0.007117426036215235,-0.0035587104783205703,0.13404707662444437
2013-11-27,1.4169942140579224,-0.0035714302877025705,0.0035714201285546032,-0.010714280703959633,0.0035714201285546032,0.12057954303418938
2013-11-28,1.4169942140579224,-0.0035587155398179027,0.0035587155398177917,-0.007117431079635805,0.0,-0.11114612412536928
2013-11-29,1.4169942140579224,0.0035587155398177917,0.0035587155398177917,-0.0035587155398179027,0.0,-0.37303272625596406
2013-12-02,1.4472501277923584,-1.1210359707192197e-07,0.024910978728975852,-0.0035588272444702085,0.02135217874164108,2.0002717424938155
2013-12-03,1.427079439163208,-0.010452933795726649,-0.010452933795726649,-0.017421568671816656,-0.013937251233771764,-0.9113491915561092
2013-12-04,1.4321222305297852,7.856110584292253e-08,0.0070672103762696725,-0.003533487346475961,0.0035336444686877577,0.35349865614152165
2013-12-05,1.427079439163208,-7.856109962567359e-08,-7.856109962567359e-08,-0.007042325025794605,-0.0035212017934472817,-1.0965124629230978
2013-12-06,1.427079439163208,2.220446049250313e-16,0.0035335656299813056,-0.007067131259962167,0.0,0.24510349563555422
2013-12-09,1.4220367670059204,4.711687040526158e-09,4.711687040526158e-09,-0.007067126581573269,-0.0035335609349430586,-0.39418881980360965
2013-12-10,1.4220367670059204,0.0,0.0035460959929021207,-0.003546095992902343,0.0,-0.21085920582136808
2013-12-11,1.4069087505340576,-0.00354608170603099,1.4337714127066192e-08,-0.010638273793521225,-0.010638273793521225,0.11127449452903804
2013-12-12,1.4069087505340576,0.0,0.00358422602149977,-0.00358422602149977,0.0,-0.29022840233450253
2013-12-13,1.3917804956436155,-0.003584382115309648,-0.003584382115309648,-0.014337058495344723,-0.010752833035333254,0.8728270177142328
2013-12-16,1.3716099262237549,1.0442798736853831e-07,0.003623289769324023,-0.018115822278695792,-0.014492636937359138,0.1356429048947767
2013-12-17,1.3615245819091797,0.0036764766751182787,0.007352943753808239,-0.007352924560951268,-0.007352924560951268,-0.43374674426849325
2013-12-18,1.3615245819091797,0.0,0.0037037001061670516,-0.0037037001061670516,0.0,-0.3529066655568158
2013-12-19,1.3514392375946045,9.739658413110419e-09,0.003703709881898387,-0.011111090687060288,-0.007407390544820869,0.28069433429143587
2013-12-20,1.321183204650879,0.0037314611946763776,0.0037314611946763776,-0.02611934843993058,-0.022388008355875177,0.3572943184998465
2013-12-23,1.3413537740707395,0.0038166805587425134,0.015267049527162735,-2.000968410964532e-07,0.015267049527162735,-0.3832833540397296
2013-12-24,1.3363113403320312,1.8307912741377663e-07,0.0037595785570878615,-0.007518607876793593,-0.003759212398833034,-0.34244122775186625
2013-12-25,1.3413537740707395,-1.8307909366299668e-07,0.00754697788135239,-0.0037737635593166896,0.0037733974011291416,-0.15393785962551476
2013-12-26,1.326225757598877,-0.003759380745340102,1.4097351286324056e-08,-0.018797049747148242,-0.011278170430722434,0.39438972858499
2013-12-27,1.3413537740707395,-1.4097350842234846e-08,0.015209095997169797,-0.0038023822744279734,0.011406818473539415,0.25096384311924425
2013-12-30,1.3161404132843018,0.0037595102458618523,0.0037595102458618523,-0.026315741162097672,-0.01879695071787091,1.4384951675960629
2013-12-31,1.321183204650879,-0.003831329377420589,0.007663005322336103,-0.007662743827964058,0.0038314995236665705,-0.7502648131560008
2014-01-02,1.3161404132843018,-8.507311577421461e-08,-8.507311577421461e-08,-0.011450455358600675,-0.003816875168277445,-0.2599233476366578
2014-01-03,1.2909269332885742,-0.0038314798312207854,-6.595934509689982e-08,-0.019157135318723095,-0.019157135318723095,0.08921949877054658
2014-01-06,1.2757986783981323,0.0039060740500274083,0.0039060740500274083,-0.023437645790801653,-0.011718908716160548,0.41127927733313285
2014-01-07,1.2707561254501345,-0.00790503343932858,-0.003952467605883636,-0.015810165106218355,-0.003952467605883636,-0.25356078367739343
2014-01-08,1.2657135725021362,-0.003968151596524527,0.007936600223769075,-0.011904652810053595,-0.003968151596524527,0.2595593215823051
2014-01-09,1.2606709003448486,5.242113187975406e-09,0.007968125205199295,-0.007968114720972808,-0.003984054739429643,-0.4211945011519127
2014-01-10,1.2556283473968506,1.0022417562538521e-07,0.004000096810374831,-0.0039998963620234695,-0.0039998963620233585,-0.10039154368524095
2014-01-13,1.2707561254501345,0.004015855113940869,0.012047974294819408,0.004015855113940869,0.012047974294819408,-0.33044247162064977
2014-01-14,1.2657135725021362,-0.003968151596524527,9.901024000669167e-08,-0.007936402203289061,-0.003968151596524527,0.03850858225328935
2014-01-15,1.2657135725021362,0.0,0.003984059960658204,-0.003984059960658093,0.0,0.5023720977983608
2014-01-16,1.2606709003448486,5.242113187975406e-09,0.003984065223656241,-0.007968114720972808,-0.003984054739429643,-0.47801090258854373
2014-01-17,1.2505853176116943,-1.8003450663606202e-07,-1.8003450663606202e-07,-0.008000170964837405,-0.008000170964837405,0.2752807070551242
2014-01-20,1.2455428838729858,0.00403245099398708,0.00403245099398708,-0.012096568919724882,-0.004032058962868956,-0.037688819134366724
2014-01-21,1.2455428838729858,-0.004048579088026805,0.004048579088026916,-0.004048579088026805,0.0,-0.18296579395467205
2014-01-22,1.2657135725021362,-2.122313014218946e-08,0.016194294785282892,-2.122313014218946e-08,0.016194294785282892,0.45237390519252685
2014-01-23,1.2505853176116943,-0.003984234056669034,-0.003984234056669034,-0.011952352585218429,-0.011952352585218429,-0.259994934263414
2014-01-24,1.2556283473968506,2.8025873266557255e-07,0.008064790894968477,-0.00403197505938524,0.004032535576850682,-0.10169160510100284
2014-01-27,1.2505853176116943,-0.004016339544747782,-2.802586543948493e-07,-0.01204845811693478,-0.004016339544747782,0.18616153110061262
2014-01-28,1.2556283473968506,2.8025873266557255e-07,0.008064790894968477,-0.00403197505938524,0.004032535576850682,-0.38294386294788296
2014-01-29,1.2757986783981323,0.004015756491922096,0.016063934079776576,-3.027040293979155e-07,0.016063934079776576,0.27037452325145495
2014-01-30,1.2657135725021362,-0.003952368986978372,1.9723781097269466e-07,-0.007904935211767716,-0.007904935211767716,-0.6898156045993815
2014-02-07,1.2556283473968506,-0.003983954914552612,-0.003983954914552612,-0.011952075676236906,-0.007968015295394704,0.09843177377270607
2014-02-10,1.2657135725021362,0.004015954521791709,0.012048074497932326,-1.0546627848828649e-07,0.008032014509862018,0.5228491072813419
2014-02-11,1.2858843803405762,7.214877073558057e-08,0.019920373389286317,-0.003983988099332203,0.015936313141183378,0.5085807188529614
2014-02-12,1.2808419466018677,-0.003921374126477084,0.003921757297920658,-0.0078429398386759,-0.003921374126477084,-0.7127855220860901
2014-02-13,1.2858843803405762,-1.9158568520527552e-07,0.011810818687054914,-0.003937195009931838,0.003936811838561649,0.4891528953144153
2014-02-14,1.2808419466018677,1.9158572173161303e-07,1.9158572173161303e-07,-0.0078429398386759,-0.003921374126477084,-0.573103512225341
2014-02-17,1.2858843803405762,-1.9158568520527552e-07,0.00787381526280817,-1.9158568520527552e-07,0.003936811838561649,0.1391316684111601
2014-02-18,1.2808419466018677,1.9158572173161303e-07,0.003921757297920658,-0.0078429398386759,-0.003921374126477084,-0.04613601696209102
2014-02-19,1.326225757598877,-3.2429771990027945e-07,0.051180807290698294,-0.003937327199478813,0.03543279568366309,1.2579191049377911
2014-02-20,1.3161404132843018,-0.0038022676880439255,0.0038023788873782216,-0.011406823610008665,-0.007604545649026351,-0.8387993220573975
2014-02-21,1.3010122776031494,-0.0038314897537710113,-7.592005890622033e-08,-0.019157145088618877,-0.011494317421194888,-0.49105164141427693
2014-02-24,1.2757986783981323,-0.00387612646459079,-1.6168080640976967e-07,-0.027131915167295184,-0.01937998559972698,0.06549653654674259
2014-02-25,1.2808419466018677,4.6097236938713593e-07,0.007905595506804142,-0.007904673562065145,0.003953028239586764,0.1360246500074922
2014-02-26,1.2657135725021362,-0.003937266874633694,-2.6373443695604237e-07,-0.015748276295224017,-0.011811273155027169,-0.5340443671720436
2014-02-27,1.2757986783981323,-0.0039842564126229,0.011951980286781128,-0.0039842564126229,0.007967921111929899,0.30089266083085064
2014-02-28,1.2657135725021362,-0.003952368986978372,1.9723781097269466e-07,-0.01185750143655695,-0.007904935211767716,0.08137554920089585
2014-03-03,1.2606709003448486,5.242113187975406e-09,0.003984065223656241,-0.007968114720972808,-0.003984054739429643,0.361116223619419
2014-03-04,1.2606709003448486,0.0,0.0,-0.007999992370605336,0.0,-0.4572381031653805
2014-03-05,1.2556283473968506,1.0022417562538521e-07,1.0022417562538521e-07,-0.011999889534421548,-0.0039998963620233585,0.19097469923675447
2014-03-06,1.2606709003448486,-0.004016160233288435,0.004015959784957168,-0.00803222024241157,0.004015959784957168,-0.4876954890379146
2014-03-07,1.2556283473968506,1.0022417562538521e-07,0.008000093396573815,-0.0039998963620234695,-0.0039998963620233585,0.04902023151896273
2014-03-10,1.2405002117156982,-0.004016138924572088,-7.882952723914372e-08,-0.01606431920970741,-0.01204825911466223,0.5687019262042448
2014-03-11,1.2405002117156982,0.0,0.0,-0.004065036710645731,0.0,-0.4986074011358177
2014-03-12,1.235457420349121,-9.10321773517353e-08,0.0040649453084189435,-0.008130163713370053,-0.004065127372773758,0.270561290351818
2014-03-13,1.2556283473968506,0.004081799236111738,0.032653204856812446,0.004081799236111738,0.016326687359269343,0.4851869419823025
2014-03-14,1.2455428838729858,-8.424315012245387e-08,-8.424315012245387e-08,-0.016064324536364527,-0.00803220438975738,-0.3691434538689293
2014-03-17,1.2505853176116943,0.0040483822789216806,0.008096960573364065,-1.960155207036962e-07,0.0040483822789216806,-0.6684600940124739
2014-03-18,1.2455428838729858,1.9601555911741286e-07,0.00403245099398708,-0.008064313941296919,-0.004032058962868956,0.0515058691378627
2014-03-19,1.2455428838729858,0.0,0.004048579088026916,-0.012145737264080303,0.0,0.46266717139128133
2014-03-20,1.2405002117156982,-0.004048573696320723,0.00809716363351165,-0.008097152806265107,-0.004048573696320723,-0.04153143947189619
2014-03-21,1.2757986783981323,-2.238745201443848e-07,0.03252006253017892,-0.004065259675107624,0.028455026729591548,1.0536340862357747
2014-03-24,1.2808419466018677,0.003953028239586764,0.007905595506804142,-0.007904673562065145,0.003953028239586764,-0.604825895834356
2014-03-25,1.2808419466018677,-0.003937004178520387,0.0,-0.007874008357040663,0.0,-0.6290809460860238
2014-03-26,1.2808419466018677,-0.003937004178520387,0.003937004178520054,-0.003937004178520387,0.0,0.1402864195752187
2014-03-27,1.2909269332885742,0.003936713708736939,0.019684725866433883,-2.8933068729752875e-07,0.007873716748161286,0.7120447844963138
2014-03-28,1.3010122776031494,0.0039062363623976193,0.019531221654845998,-9.960714586476627e-09,0.007812482685509714,0.5678725120005481
2014-03-31,1.3060550689697266,8.635165893444707e-08,0.0038760520968084133,-0.00775184513863969,0.0038760520968084133,-0.7863326535510637
2014-04-01,1.3060550689697266,-0.003861000306814355,0.003861000306814244,-0.007722000613628932,0.0,-0.3155034051706558
2014-04-02,1.3110979795455933,1.7661067475138736e-07,0.003861177599383092,-0.0038608243780333673,0.003861177599383092,-0.21209638507084705
2014-04-03,1.3010122776031494,-2.6296228017308465e-07,-2.6296228017308465e-07,-0.011538710885857673,-0.007692561577998469,0.4155373325907554
2014-04-04,1.3110979795455933,-0.0038757034673372326,0.007752195821721708,-0.0038757034673372326,0.007752195821721708,-0.6531321059452324
2014-04-08,1.331268310546875,-3.822489351712477e-07,0.019230453695810557,-0.0076926799470647955,0.015384304846745689,1.0422775317121307
2014-04-09,1.326225757598877,9.428036906733439e-08,0.007575845044532681,-0.0037877811017125174,-0.0037877811017124063,-0.6832214113419219
2014-04-10,1.346396565437317,6.981344502499098e-08,0.015209181184174136,-0.0038022986826917737,0.015209181184174136,0.5331907128576852
2014-04-11,1.3514392375946045,-0.003745319579327777,0.0074906243850165755,-0.007490634234109228,0.0037453097302351246,-0.011380679257978699
2014-04-14,1.346396565437317,-0.0037313347259791962,0.00373134457507196,-0.014925353677555764,-0.0037313347259791962,-0.20969255284474997
2014-04-15,1.321183204650879,-0.0037451989223047377,1.1618607453911522e-07,-0.018726548651175845,-0.018726548651175845,-0.2302540124314163
2014-04-16,1.326225757598877,-1.8599949291875362e-07,0.01145027412979216,-0.0038169757094397294,0.0038166947098987603,-0.4906794521447537
2014-04-17,1.326225757598877,0.0038022775772319495,0.0038022775772319495,-0.003802368230680586,0.0,-0.21022631619701215
2014-04-18,1.326225757598877,-0.003802368230680586,0.0038022775772319495,-0.007604645807912758,0.0,0.11030283819305353
2014-04-21,1.3110979795455933,-0.0038020813569586975,0.0038025666408540992,-0.011406638701296545,-0.011406638701296545,0.12037441652614334
2014-04-22,1.326225757598877,-2.879686021861616e-07,0.015384400577552748,-0.011538735603645489,0.011538251365871721,0.2600251039746979
2014-04-23,1.3161404132843018,-0.0038022676880439255,1.0092639568526351e-07,-0.011406823610008665,-0.007604545649026351,-0.4100885358083275
2014-04-24,1.3110979795455933,1.870422701166774e-07,0.0038316018834996246,-0.00766264264018901,-0.003831227798959169,0.04041288425335665
2014-04-25,1.3161404132843018,0.0038459625576237055,0.01153835345678167,-1.8704223536669673e-07,0.0038459625576237055,0.4573293765142523
2014-04-28,1.321183204650879,0.0038314995236665705,0.007663005322336103,-0.003831329377420589,0.0038314995236665705,-0.09464956323570917
2014-04-29,1.3161404132843018,-8.507311577421461e-08,-8.507311577421461e-08,-0.0076336652634390045,-0.003816875168277445,-0.33139736776256257
2014-04-30,1.3110979795455933,1.870422701166774e-07,0.0038316018834996246,-0.003831227798959169,-0.003831227798959169,0.20352731616997133
2014-05-05,1.3110979795455933,0.0038461503192515067,0.0038461503192515067,-0.007692300638503458,0.0,0.09237709613804412
2014-05-06,1.3060550689697266,-0.00384632625062431,-1.7661064388718728e-07,-0.007692475890604955,-0.00384632625062431,-0.43879455387718735
2014-05-07,1.3110979795455933,1.7661067475138736e-07,0.007722178588091211,1.7661067475138736e-07,0.003861177599383092,0.13379770010967107
2014-05-08,1.3161404132843018,-1.8704223536669673e-07,0.0038459625576237055,-0.003846336642094439,0.0038459625576237055,0.36870513945914496
2014-05-09,1.3161404132843018,-0.003831414124593202,0.0,-0.007662828249186293,0.0,-0.39442591201203925
2014-05-12,1.331268310546875,-1.9520673644191078e-07,0.015325549648065317,-1.9520673644191078e-07,0.011494136271389843,1.0623564958104588
2014-05-13,1.3363113403320312,2.6326215873950787e-07,0.0037881392843224226,-0.0037876127600047216,0.0037881392843224226,-1.0114800570045368
2014-05-14,1.3363113403320312,0.0,0.003773581171086837,-0.007547162342173563,0.0,0.08297090606648538
2014-05-15,1.3363113403320312,-0.003773581171086837,0.003773581171086837,-0.003773581171086837,0.0,-0.07727148032187259
2014-05-16,1.3363113403320312,-0.003773581171086837,0.003773581171086837,-0.003773581171086837,0.0,-0.23295060353203567
2014-05-19,1.3363113403320312,0.0,0.003773581171086837,-0.003773581171086837,0.0,0.8933755971508184
2014-05-20,1.3363113403320312,0.0,0.003773581171086837,-0.003773581171086837,0.0,-0.7218302789123072
2014-05-21,1.3413537740707395,-0.0037737635593166896,0.00754697788135239,-0.007547344039539605,0.0037733974011291416,0.34679542727229773
2014-05-22,1.346396565437317,8.391079764358267e-08,0.007518874121092534,-0.0037593111943502455,0.0037594790159447555,-0.19670826325706514
2014-05-23,1.3514392375946045,-4.9245461042346506e-09,0.0037453097302351246,-0.003745319579327777,0.0037453097302351246,-0.16566586606723277
2014-05-26,1.3564820289611816,8.299329046224102e-08,0.003731422935116635,-0.0037312569485362657,0.003731422935116635,-0.2209494946987114
2014-05-27,1.3514392375946045,-0.003717551179383438,-8.299328324579136e-08,-0.003717551179383438,-0.003717551179383438,0.5153747819783909
2014-05-28,1.3564820289611816,8.299329046224102e-08,0.007462762876943252,8.299329046224102e-08,0.003731422935116635,0.15565509264326494
2014-05-29,1.3564820289611816,0.0037174684946250647,0.0037174684946250647,-0.0037174684946248426,0.0,-0.4482359717246389
2014-05-30,1.346396565437317,-7.806873736360131e-08,-7.806873736360131e-08,-0.00743501447755146,-0.00743501447755146,0.20342701994940526
2014-06-03,1.3716099262237549,0.003745290321728767,0.022471863233537448,0.003745290321728767,0.018726548651175845,0.8379148033441162
2014-06-04,1.3716099262237549,0.0,0.0036764670434088487,-0.011029401130226657,0.0,-0.43460110345474945
2014-06-05,1.376652717590332,-0.003676385496218515,0.007353016536743695,-0.007352852840539326,0.0036765491924228844,-0.10943640609623273
2014-06-06,1.3615245819091797,-7.225166775981506e-08,0.003662927627773538,-0.01465207176943284,-0.010989071889991542,-0.09189370602384273
2014-06-09,1.3716099262237549,-9.596428429681225e-09,0.011111090615445463,-0.0037037096670529124,0.007407390544820869,0.04975578178983042
2014-06-10,1.3816953897476196,-0.0036763905046203194,0.007353011472898574,-0.0036763905046203194,0.007353011472898574,0.23614414733813405
2014-06-11,1.3816953897476196,0.0,0.0036496315432303916,-0.0036496315432302806,0.0,-0.38760116948831325
2014-06-12,1.3917804956436155,-1.8124918166328996e-07,0.007299080514293621,-0.0036498121309193055,0.007299080514293399,0.04292275065238371
2014-06-13,1.4119515419006348,2.362707065550751e-07,0.014492979546815166,-0.003622949548320764,0.014492979546815166,0.8361881885830122
2014-06-16,1.4169942140579224,-0.0035714302877025705,0.007142845336683079,-0.007142855495831046,0.0035714201285546032,-0.12638473980176457
2014-06-17,1.4018659591674805,-0.003558869713128021,-1.5472392855819805e-07,-0.010676299691526836,-0.010676299691526836,-0.5072619234726758
2014-06-18,1.3917804956436155,-7.646716082554406e-08,-7.646716082554406e-08,-0.014388551001693672,-0.007194313734427471,0.3986786820315551
2014-06-19,1.3716099262237549,1.0442798736853831e-07,1.0442798736853831e-07,-0.014492636937359138,-0.014492636937359138,-0.6337154535073743
2014-06-20,1.3867381811141968,1.577947132958002e-07,0.011029560665321458,-0.0036763098288226104,0.011029560665321458,0.2052857434394184
2014-06-23,1.376652717590332,-7.594659923171321e-08,0.00363628394568849,-0.007272795731174675,-0.007272795731175008,-0.12595570872364092
2014-06-24,1.3867381811141968,0.003663076368896734,0.010989077213479748,7.594660500487294e-08,0.007326076791188241,-0.005510230520695103
2014-06-25,1.396823167800903,-2.665226115361463e-07,0.00727245187595793,-0.0036366257218964915,0.00727245187595793,0.2627271956389414
2014-06-26,1.396823167800903,0.0,0.0036101048852399398,-0.0072202097704793244,0.0,0.6198434918279361
2014-06-27,1.3783729076385498,0.002331275354275464,0.002331275354275464,-0.0170937314111681,-0.013208730058079321,-0.22802526069747486
2014-06-30,1.383799433708191,0.003936907087747299,0.00787391088551992,-9.671002521027816e-08,0.003936907087747299,-0.6968242791318708
2014-07-01,1.389225959777832,0.003921468630103009,0.007843033214694373,-9.595448824395447e-08,0.003921468630103009,0.038537629850349475
2014-07-02,1.4000791311264038,-1.0453282572875366e-07,0.007812387374554586,-1.0453282572875366e-07,0.007812387374554586,-0.0680210868229203
2014-07-03,1.4055060148239136,-0.0038758056532515184,0.00775209244297681,-0.007751771685327591,0.0038761264109006266,0.12108307006515062
2014-07-04,1.4055060148239136,2.220446049250313e-16,0.003861000306814466,-0.003861000306814355,0.0,-0.3440228032929262
2014-07-07,1.4000791311264038,-0.003861160066390479,-1.6037879868591176e-07,-0.015444159129165635,-0.003861160066390479,0.324857468710789
2014-07-08,1.4000791311264038,-0.003875965410453208,0.0,-0.011627896231359847,0.0,0.10524618809796493
2014-07-09,1.389225959777832,-0.003875861282782389,1.045328366089393e-07,-0.011627792914020385,-0.007751827098401276,0.2935177565089617
2014-07-10,1.3783729076385498,-0.007812301564691482,-0.0039060544500750805,-0.011718548679307772,-0.007812301564691371,-0.07580453500105833
2014-07-11,1.383799433708191,-9.671002521027816e-08,0.01181091468329254,-0.003937100507797497,0.003936907087747299,-0.29174388294985576
2014-07-14,1.389225959777832,-9.595448824395447e-08,0.007843033214694373,-9.595448824395447e-08,0.003921468630103009,-0.21564055387893788
2014-07-15,1.3946526050567627,0.0039062365922089004,0.0039062365922089004,-0.003906256055803858,0.0039062365922089004,0.18863425073954332
2014-07-16,1.3946526050567627,0.0,0.0,-0.0038910469739347198,0.0,-0.1623051478366726
2014-07-17,1.3946526050567627,-0.0038910469739347198,0.0,-0.0077820939478695506,0.0,0.036191291118655045
2014-07-18,1.3946526050567627,-0.0038910469739347198,0.0,-0.0077820939478695506,0.0,0.2257451102422081
2014-07-21,1.3946526050567627,0.0,0.0,-0.0077820939478695506,0.0,-0.12967855465040756
2014-07-22,1.3946526050567627,-0.0038910469739347198,0.0,-0.0077820939478695506,0.0,0.3587811271773198
2014-07-23,1.389225959777832,-0.0038910372800042836,9.731797367962258e-09,-0.0038910372800042836,-0.0038910372800040616,-0.18734449316873025
2014-07-24,1.4055060148239136,0.00390630242615142,0.019531288746828412,5.58459820609869e-08,0.011718795586489916,0.6816321175455755
2014-07-25,1.4163594245910645,0.0038610651288830677,0.01158306624114247,6.457275336657631e-08,0.007722065685012769,-0.558907568555604
2014-07-28,1.4651992321014404,0.003831237765286266,0.042145463628054936,0.003831237765286266,0.03448263672512164,1.264833298843147
2014-07-29,1.4760526418685913,0.003703763117047787,0.018518564471764476,-0.0037036375603103355,0.00740746345572707,-0.028025510203431026
2014-07-30,1.4543458223342896,-0.00735305965043731,-1.264937192768656e-07,-0.022058925963872933,-0.014705992807155122,-0.04258654632186065
2014-07-31,1.470625877380371,5.46902529929838e-08,0.011194074198907833,-0.003731285145965324,0.011194074198907833,-0.7002875393294303
2014-08-01,1.470625877380371,-0.0036900333293332643,0.011070099988000015,-0.007380066658666529,0.0,0.4459333948557962
2014-08-04,1.481479525566101,0.0036902577015498483,0.007380291855780152,-0.0036898106069110925,0.007380291855780152,-0.15842805391645953
2014-08-05,1.4760526418685913,-1.5174380696425516e-07,-1.5174380696425516e-07,-0.007326150920330288,-0.003663151332068515,-0.30707866455034605
2014-08-06,1.470625877380371,-0.0036765385828991803,-7.180347327828684e-08,-0.011029472141750873,-0.0036765385828991803,-0.19840563222357233
2014-08-07,1.4543458223342896,-0.003690087817774468,-5.469024988435933e-08,-0.014760187200347663,-0.01107015407282319,-0.0361424939338697
2014-08-08,1.459772706031799,1.5447049772632226e-07,0.0037314946790296677,-0.003731185738034659,0.0037314946790296677,-0.3219791672188883
2014-08-11,1.470625877380371,-9.978022919021612e-08,0.007434836467161254,-9.978022919021612e-08,0.007434836467161254,0.13044134183312295
2014-08-12,1.4651992321014404,-0.003690024337527076,9.025108882454447e-09,-0.007380057700163256,-0.003690024337527076,-0.1549882119104602
2014-08-13,1.4651992321014404,0.0,0.0,-0.007407400212333881,0.0,-0.03539503249548659
2014-08-14,1.459772706031799,9.075512918954587e-08,9.075512918954587e-08,-0.007407310129464051,-0.0037036096871675417,-0.045355852017941345
2014-08-15,1.4651992321014404,-9.075512086287318e-08,0.003717377402124855,-0.003717558912366803,0.003717377402124855,0.06714564388939692
2014-08-18,1.4651992321014404,0.0,0.0037037001061666075,-0.0037037001061668295,0.0,0.12716710700708944
2014-08-19,1.459772706031799,9.075512918954587e-08,0.003703791197426032,-0.0037036096871675417,-0.0037036096871675417,-0.09187883748921166
2014-08-20,1.4651992321014404,0.003717377402124855,0.007434845559370462,-9.075512086287318e-08,0.003717377402124855,0.2644840634281813
2014-08-21,1.459772706031799,9.075512918954587e-08,0.003703791197426032,-0.011111010571760782,-0.0037036096871675417,0.1583985870390876
2014-08-22,1.470625877380371,-9.978022919021612e-08,0.007434836467161254,-0.0037175679039244125,0.007434836467161254,-0.11974760185409039
2014-08-25,1.4651992321014404,-0.003690024337527076,-0.003690024337527076,-0.011070091062799658,-0.003690024337527076,-0.12068390193046596
2014-08-26,1.4543458223342896,-0.0037037635855428075,-0.0037037635855428075,-0.011111163325911444,-0.007407463455727181,0.12642383301638205
2014-08-27,1.4489195346832275,2.557455760499039e-07,2.557455760499039e-07,-0.0037310848408479425,-0.0037310848408479425,-0.6801520820100606
2014-08-28,1.4272127151489258,-1.2693271900232617e-07,0.0037451872651035334,-0.014981383724008812,-0.014981383724008812,0.6083644442218663
2014-08-29,1.4543458223342896,0.003802148274641981,0.022813533711892875,-1.2881280819776464e-07,0.019011256624442696,-0.17335262490210468
2014-09-01,1.4434928894042969,-0.0037310749611785266,2.6566224797797133e-07,-0.011193756208031425,-0.007462415584605031,0.29423075713670954
2014-09-02,1.459772706031799,0.0037592831799595494,0.011278071923319644,-0.003759505563400878,0.011278071923319644,0.09400992379809381
2014-09-03,1.470625877380371,-0.0037175679039244125,0.007434836467161254,-0.0037175679039244125,0.007434836467161254,0.1134941449020701
2014-09-04,1.4760526418685913,7.180347849633506e-08,0.003690105397768928,-0.0036899617908120463,0.00369010539776915,-0.00272025937660203
2014-09-05,1.4869060516357422,6.186189316359503e-08,0.011029463674419704,-0.0036764054089488685,0.00735299640357745,0.10051754247092504
2014-09-09,1.481479525566101,8.988193123116162e-08,0.0036497217531974435,-0.007299173860601416,-0.0036495419893350922,-0.40718844269246546
2014-09-10,1.470625877380371,-2.2354726958440096e-07,-2.2354726958440096e-07,-0.010989221523005854,-0.007326222197760468,0.244386732204525
2014-09-11,1.4651992321014404,-0.003690024337527076,0.007380075750381687,-0.007380057700163256,-0.003690024337527076,-0.2112296728007621
2014-09-12,1.4760526418685913,6.27783687257022e-08,0.00740746345572707,-0.0037036375603103355,0.00740746345572707,-0.3569337802011354
2014-09-15,1.470625877380371,-0.0036765385828991803,-7.180347327828684e-08,-0.007353005362324971,-0.0036765385828991803,0.44988993938536126
2014-09-16,1.4760526418685913,0.003690105397768928,0.014760206180640667,-0.0036899617908120463,0.00369010539776915,0.8066675559239691
2014-09-17,1.4651992321014404,-0.0036765295909714224,-0.0036765295909714224,-0.01102946321618381,-0.007352996403577561,-0.5825721060669444
2014-09-18,1.4760526418685913,6.27783687257022e-08,0.011111163794406353,-0.0037036375603103355,0.00740746345572707,0.5408667562152942
2014-09-19,1.4760526418685913,-1.1102230246251565e-16,-1.1102230246251565e-16,-0.00735293408681803,0.0,-0.7495040076001622
2014-09-22,1.4489195346832275,-0.0036763382667746036,1.2925182435452598e-07,-0.01838220834117066,-0.01838220834117066,0.14094604044607806
2014-09-23,1.4543458223342896,-2.5574551065776774e-07,0.007490371685245467,-0.0037455694608886647,0.00374505796986746,-0.38350216376813506
2014-09-24,1.4651992321014404,-0.0037312761545315043,0.011194083325044568,-0.0037312761545315043,0.007462743455150633,0.575454080346109
2014-09-25,1.4651992321014404,0.0037037001061666075,0.007407400212333881,-0.0037037001061668295,0.0,-0.11278186709570193
2014-09-26,1.459772706031799,-0.0037036096871675417,9.075512918954587e-08,-0.007407310129464051,-0.0037036096871675417,-0.6458807156570749
2014-09-29,1.4543458223342896,-1.5447047363448263e-07,0.0037173134499122185,-0.007435090311245673,-0.0037176223908595984,0.9756511575654976
2014-09-30,1.4651992321014404,0.0037314035852566985,0.007462743455150633,6.371536254157206e-08,0.007462743455150633,-0.2859335351031227
2014-10-08,1.459772706031799,-0.0037036096871675417,9.075512918954587e-08,-0.007407310129464051,-0.0037036096871675417,0.06888060704477184
2014-10-09,1.4651992321014404,-9.075512086287318e-08,0.003717377402124855,-0.003717558912366803,0.003717377402124855,-0.3259871694031311
2014-10-10,1.459772706031799,-0.0037036096871675417,9.075512918954587e-08,-0.011111010571760782,-0.0037036096871675417,0.11329039345919512
2014-10-13,1.4489195346832275,-0.003717367596049015,-0.003717367596049015,-0.01115230533827305,-0.007434836467161032,0.047921036983275656
2014-10-14,1.4434928894042969,-0.0037453047936970574,0.0037453246270358065,-0.0037453047936970574,-0.0037453047936972794,-0.2607808317332392
2014-10-15,1.4489195346832275,-9.916669152509883e-09,0.007518779588157054,-0.0037594046690823113,0.0037593848357440063,-0.015658853777175352
2014-10-16,1.4489195346832275,-0.003745314673225475,0.011235944019676092,-0.003745314673225475,0.0,0.6212268672875574
2014-10-17,1.4489195346832275,0.0,0.003745314673225586,-0.003745314673225475,0.0,-0.4578263697658542
2014-10-20,1.4543458223342896,0.00374505796986746,0.00374505796986746,-0.0037455694608886647,0.00374505796986746,-0.13161709808727906
2014-10-21,1.4489195346832275,-0.0037310848408479425,2.557455760499039e-07,-0.007462425427271935,-0.0037310848408479425,-0.3571169458863075
2014-10-22,1.4543458223342896,-0.0037455694608886647,0.00374505796986746,-0.0037455694608886647,0.00374505796986746,0.40050999141353216
2014-10-23,1.4489195346832275,-0.0037310848408479425,2.557455760499039e-07,-0.007462425427271935,-0.0037310848408479425,0.35516939790958446
2014-10-24,1.4434928894042969,9.91666948557679e-09,0.0037453246270358065,-0.0037453047936970574,-0.0037453047936972794,-0.21746073428904822
2014-10-27,1.4163594245910645,-2.626065576105674e-08,0.003759368430313881,-0.03007527341945182,-0.018797089346543228,0.34068073132696597
2014-10-28,1.432639241218567,-2.0330927341660754e-07,0.0114941280757197,-0.0038316166549045017,0.0114941280757197,-0.5037476943518371
2014-10-29,1.459772706031799,1.1837823032934125e-07,0.02272737121839863,1.1837823032934125e-07,0.01893949574503706,0.7252944358663349
2014-10-30,1.470625877380371,-9.978022919021612e-08,0.014869772714551921,-0.007435036027619635,0.007434836467161254,0.24179803576415893
2014-10-31,1.5194661617279053,2.354938894999492e-07,0.05166071427027963,2.354938894999492e-07,0.03321054327871176,1.0772640792525827
2014-11-03,1.5086126327514648,0.003571285917211009,0.007142710647719541,-0.010714413004823342,-0.007142988274314699,-1.1189785212133643
2014-11-04,1.514039158821106,-8.781642957256253e-08,0.007194149369187386,-0.007194325002046753,0.003597030776379073,0.002464012163073903
2014-11-05,1.497759222984314,2.658308284608779e-08,0.0035842526998624002,-0.014336877884035149,-0.010752651767255594,-0.49112689660838527
2014-11-06,1.4923325777053833,8.989915034618434e-09,0.003623193985461848,-0.007246361001178703,-0.0036231760056318896,-0.2717390904744512
2014-11-07,1.5031858682632446,-1.791492054703525e-08,0.01818178260163883,-0.0036363780182325778,0.007272702291703181,0.7537467516844067
2014-11-10,1.5520256757736206,0.003610027088909229,0.050541473030754736,0.003610027088909229,0.03249086393208622,0.7391429437297283
2014-11-11,1.7093993425369265,0.020979275904833727,0.10139888097203142,0.020979275904833727,0.10139888097203142,1.4716810435044465
2014-11-12,1.6714125871658323,-0.028571482720359698,-0.022222282661416015,-0.05396828295613554,-0.022222282661416015,-0.18929614738662792
2014-11-13,1.6822657585144043,-8.741651458255006e-08,0.022727239621200823,-0.006493587310540505,0.00649341247751134,-0.22861902135361944
2014-11-14,1.6768392324447632,-0.003225724617038628,7.911264510163107e-08,-0.03548376191387459,-0.003225724617038628,-0.47734525321687116
2014-11-17,1.6388522386550903,-2.316759453169226e-07,0.01618105652466073,-0.025890169343954383,-0.02265392713545311,-0.23682952240381994
2014-11-18,1.590012550354004,-0.0033111092076069104,1.4641841872276018e-07,-0.03642366546786113,-0.02980115421581042,-0.02418592592036717
2014-11-19,1.584586262702942,-0.006825699341062141,0.0034132009084262283,-0.01365163284072124,-0.003412732591232648,-0.40309255029347923
2014-11-20,1.584586262702942,-0.00684930835751818,0.006849308357518069,-0.010273962536277215,0.0,-0.31975807134290335
2014-11-21,1.6008657217025757,-3.2538563310424706e-07,0.013698286872070087,-0.017123672357931663,0.010273633807644345,0.45776178338125817
2014-11-24,1.5954391956329346,-0.016949054690314935,0.006779737821062115,-0.023728709693565553,-0.0033897446838138112,0.4414566445473582
2014-11-25,1.6117193698883057,-0.003401234612771087,0.010204195998151366,-0.01360530757096301,0.010204195998151144,-0.28378236119336364
2014-11-26,1.655132532119751,-0.003367067749949104,0.037036930990972605,-0.006734067645026043,0.02693593130574201,0.31406650784795076
2014-11-27,1.6714125871658323,0.006557417990560754,0.026229609775253238,4.678567355753671e-08,0.009836103593004353,0.07816272106198596
2014-11-28,1.807079195976257,-3.6039549122790504e-10,0.08116883278979659,-0.0032467505900578564,0.08116883278979659,0.8678916562490357
2014-12-01,1.8342124223709104,-1.0848977494148926e-07,0.08108095992472109,-0.0360361070752554,0.015014962518006714,0.027492436934995368
2014-12-02,1.9318926334381104,-0.0295856612931632,0.07692326997086063,-0.038461393808823185,0.05325457939104905,0.5357538906726695
2014-12-03,1.850492477416992,-0.016854055890304087,0.005617829972751176,-0.05617992312215303,-0.04213492748624126,0.04269951448622322
2014-12-04,1.9156123399734497,-0.0029325711328409554,0.03812310622103077,-0.026393028109664818,0.03519055783861136,0.04627712923810634
2014-12-05,2.002439260482788,1.2563994800096623e-07,0.07932024145816863,-0.03116132189765619,0.04532593505350979,0.3372876935839493
2014-12-08,1.986159086227417,-0.02710040538081837,0.013550022325272693,-0.04607057482469323,-0.008130171324870039,-0.05070681903641727
2014-12-09,1.807079195976257,-0.030054620929420683,0.008196775308655369,-0.10109287239296949,-0.0901639206511452,-0.13794698025396102
2014-12-10,1.8396391868591309,-0.006006051047248495,0.03003002120936049,-0.045045051761641974,0.018018020989546857,-0.5270212055227717
2014-12-11,1.8125056028366089,-0.02064910401198783,0.01179930908508986,-0.038348200066781524,-0.014749405327056486,-0.5485396995390772
2014-12-12,1.8125056028366089,0.0,0.01796412656886015,-0.011976036790700362,0.0,-0.12426334496274549
2014-12-15,1.785372614860535,-0.011975868417506752,-0.008981858709610324,-0.0329339363727813,-0.014969878125402958,0.07355010085251124
2014-12-16,1.8450660705566408,0.009118572499371203,0.03343473244702411,0.006079061564371768,0.03343473244702411,0.2855199134485247
2014-12-17,1.9210392236709597,0.005882304707277131,0.06764701746973922,-0.008823632710913909,0.041176386215480365,0.7113533933285225
2014-12-18,1.8776260614395144,0.0028249162447477882,0.008474628770642756,-0.033898215173568835,-0.02259879012177901,-0.6342829848590306
2014-12-19,1.9210392236709597,-0.002890230430695362,0.02890164450718613,-0.011560741777390415,0.023121303609389576,0.08591099806404401
2014-12-22,2.1109724044799805,0.033898264339433215,0.0988700170557022,0.01694906167658483,0.0988700170557022,1.1684680625356556
2014-12-23,2.018718957901001,-0.03856048952112778,-0.002570748349246754,-0.04884325520163191,-0.04370187236138001,-0.2396211519961824
2014-12-24,1.9373191595077517,1.0876540912363453e-07,0.008064618018635228,-0.056451520098198205,-0.04032250159174522,-0.6313564548318773
2014-12-25,2.018718957901001,0.025210015739349112,0.04481783841111153,-0.002801226289934955,0.042016720886574044,0.05870978784721359
2014-12-26,2.0729851722717285,-0.00268834848173094,0.034946017184428024,-0.018817362338656163,0.026881510255965413,0.19205975161287725
2014-12-29,2.0892655849456787,0.047120657496537266,0.05759185408538192,-0.015706584449785232,0.007853607875115243,0.041791001667881744
2014-12-30,2.138106107711792,-0.010389385960786202,0.038961290185484776,-0.012986786709173304,0.023376885695163052,-0.22304429293389916
2014-12-31,2.252065896987915,-8.879753310431227e-08,0.08629435725802703,-0.01522849909710644,0.05329940776329534,0.35096481398347024
2015-01-05,2.398585557937622,0.026505937859504725,0.08433720004288303,0.009638428939100496,0.0650601126484236,0.013156678532070032
2015-01-06,2.4745588302612305,-0.00904974579769191,0.07239814049821902,-0.031674158657667206,0.031674197350263666,0.0018485215512917819
2015-01-07,2.463705539703369,-0.02192979303292475,0.017543854467388265,-0.026315753866292813,-0.004385949699452274,-0.4010914776130967
2015-01-08,2.349745988845825,0.002202872175223858,0.006608155139566918,-0.05066062842712271,-0.04625534546277987,-0.03904763082661589
2015-01-09,2.425718307495117,-0.011547653802973512,0.09930681390020668,-0.023095037779477634,0.032332141010105175,0.42484294728187066
2015-01-12,2.3877320289611816,-0.020134075420718878,0.004474352085500621,-0.03803115239796728,-0.015659806176406943,-0.579341319223893
2015-01-13,2.4094386100769043,-0.0022728009907359015,0.009090878227724142,-0.02045460104261032,0.009090878227724142,-0.33555475450971173
2015-01-14,2.4908387660980225,0.004504561559757647,0.04729736930463413,0.004504561559757647,0.03378386802663558,0.6065478914585576
2015-01-15,2.6427855491638184,1.2926840886606783e-07,0.06535955033706564,-0.017429049683233,0.061002255599155175,0.004409812449392092
2015-01-16,2.7024788856506348,0.004106755469366341,0.04312114119607635,-0.008213561405409298,0.022587279738117028,0.11579778515373107
2015-01-19,2.431145668029785,-0.09036140609266385,-0.04016060301445512,-0.10040160500847906,-0.10040160500847906,0.1346030360178858
2015-01-20,2.414865493774414,-2.7809429203884406e-08,0.02008929132045134,-0.03794647219393121,-0.0066965029983434565,-0.20917774338924033
2015-01-21,2.6536386013031006,0.008988698398078032,0.10112360142593202,-0.008988812293869164,0.09887635901223057,0.42611227075570923
2015-01-22,2.6265056133270264,-0.002044872047551549,6.721417245003636e-08,-0.028629765039010602,-0.010224824119889675,-0.5023735511202823
2015-01-23,2.6265056133270264,0.008264454667762822,0.030991655744074587,-0.008264454667762822,0.0,0.05952845749584412
2015-01-26,2.5939455032348637,-0.01239674110230371,-0.004132286929106832,-0.04545465631515688,-0.01239674110230371,-0.21706007451901854
2015-01-27,2.512545108795166,-0.006276345632170055,-0.00418424795028105,-0.05230139730993899,-0.031380919274589525,0.04477090587605659
2015-01-28,2.469132423400879,-0.012958719328935664,0.0064796596374021576,-0.028077550070406243,-0.01727837054241177,-0.35419540887362544
2015-01-29,2.3877320289611816,-0.024176006210431367,-0.01098920822941285,-0.03516505692762417,-0.03296720486444371,0.09740596783660038
2015-01-30,2.3877320289611816,0.01136357109408892,0.018181800448205276,-0.013636350336154068,0.0,-0.2611187588426773
2015-02-02,2.2412123680114746,-0.0363636037201005,-0.022727143518247783,-0.06363630737962434,-0.06136352788861843,0.3447497679698657
2015-02-03,2.3226122856140137,0.012106425723838798,0.04600481158497427,-0.021791844680365546,0.03631959146948738,0.2852652598670602
2015-02-04,2.2412123680114746,-0.00934585512968189,-0.002336460366016091,-0.03738321136324574,-0.03504670930517351,-0.3725524936581408
2015-02-05,2.2412123680114746,0.05811132311570222,0.05811132311570222,-0.002421362858288978,0.0,0.39504520362652684
2015-02-06,2.1760921478271484,-0.019370581700707823,-0.002421505951615943,-0.04116238247173354,-0.02905580083073711,-0.44402469281600077
2015-02-09,2.186945676803589,-0.009975015507878493,0.01995020364171074,-0.032418885278065024,0.004987623794919571,0.014596514736066268
2015-02-10,2.2249319553375244,-0.007444311125476943,0.017369557432014293,-0.014888471692724448,0.017369557432014293,-0.18665508810802933
2015-02-11,2.2086520195007324,-4.0951925517340726e-08,0.0024390392200051014,-0.014634173078278523,-0.007317048864230236,-0.5405403014769838
2015-02-12,2.2032253742218018,0.004914064850657596,0.004914064850657596,-0.014741936498957608,-0.002456994234953047,0.03789997865930772
2015-02-13,2.2303590774536133,0.0049262307731332555,0.029556752616084037,-0.0024628670559557753,0.012315446049814716,0.6431380775271975
2015-02-16,2.219505786895752,-0.004866162882728453,1.242757807773387e-08,-0.014598513503342181,-0.004866162882728453,-0.4432249574961702
2015-02-17,2.2249319553375244,-1.6239342515156352e-07,0.01222470408890075,-0.0024452056415377177,0.0024447642686085125,-0.03643105310543504
2015-02-25,2.1977994441986084,2.960974572197017e-07,2.960974572197017e-07,-0.017072805653559286,-0.012194759967299795,-0.1763754638619659
2015-02-26,2.246638774871826,-0.0024694047551510057,0.02222192329793149,-0.017284201587000614,0.02222192329793149,0.6841058802206668
2015-02-27,2.2303590774536133,-0.004830846796952892,0.0024155814118280716,-0.012077159827664663,-0.007246246081167085,-0.127568375090366
2015-03-02,2.2303590774536133,0.002433029615531046,0.0048661752498320165,-0.009732350499663811,0.0,0.06593510798995439
2015-03-03,2.154386043548584,-0.009732202278758817,-0.007299172299057299,-0.036496228168193756,-0.034063140179099394,0.2248709162274416
2015-03-04,2.121825218200684,-0.005038184641686927,-4.081633181440836e-07,-0.02015151407679272,-0.015113737598423937,-0.06240479326969961
2015-03-05,2.0621323585510254,-0.007672384216219297,-0.007672384216219297,-0.040920502723907126,-0.02813278828888577,0.07340411410228498
2015-03-06,2.0784122943878174,-0.005263172634106472,0.021052654293865825,-0.007894749052730798,0.00789470945901427,-0.4505071840518049
2015-03-09,2.186945676803589,0.005221902379071164,0.0600521992816172,-0.005221951840407524,0.05221937086728956,0.7310038987989849
2015-03-10,2.1326792240142822,-0.012406872266474078,-0.007444097486783652,-0.02729519660554658,-0.024813809215701088,-0.626859538416987
2015-03-11,2.1760921478271484,0.005088831436645069,0.038167672424209265,0.005088831436645069,0.020356049481811578,0.3444985748659306
2015-03-12,2.268345355987549,0.019950170941777756,0.06234420527119333,0.014962644486082644,0.04239398053640153,0.38530147732187814
2015-03-13,2.252065896987915,0.0047848574513416064,0.021531313570027244,-0.014353884355213675,-0.007176799139805734,-0.3037581616233993
2015-03-16,2.268345355987549,-1.7199967317083065e-07,0.009638371145831437,-0.014457986717930082,0.00722867790920656,-0.11859025351145647
2015-03-17,2.28462553024292,0.007177114460281686,0.011961799233750847,-0.004784654511333031,0.007177114460281686,0.0555516154804927
2015-03-18,2.349745988845825,0.002375474191115279,0.028503777858063684,2.356375792267329e-07,0.028503777858063684,0.18278429606301216
2015-03-19,2.317185401916504,-2.705003722125454e-07,0.002309250597311907,-0.020785519883421588,-0.013857066714396127,-0.25140707053457234
2015-03-20,2.3768789768218994,8.474686685744359e-08,0.04215461505063245,-0.009367588653969916,0.02576124243490563,0.44933936907542105
2015-03-23,2.404012441635132,0.0114155853444049,0.020547997624092762,1.244282665791019e-07,0.0114155853444049,-0.2791544090623539
2015-03-24,2.4094386100769043,-0.0022575374595580344,0.02708785441237538,-0.015801539637797846,0.0022571299331886063,0.1464726885355958
2015-03-25,2.333465814590454,-0.009008821683414325,1.8024162717900083e-07,-0.036035827458540504,-0.03153132649601942,-0.22662027319027445
2015-03-26,2.3388924598693848,-0.004651109042166923,0.016279048213378555,-0.016279060433752268,0.0023255730788938056,-0.23112016235698718
2015-03-27,2.3443191051483154,-0.0023201892446392813,0.020881643663262173,-0.011600922407800085,0.0023201773369407874,-0.03712811624854595
2015-03-30,2.4202921390533447,0.0115739259039771,0.03472204919191357,0.0046295441070751675,0.03240729205259907,0.5892258894415754
2015-03-31,2.3768789768218994,0.013452947862517828,0.026905850326699676,-0.02242145870863388,-0.01793715788723982,-0.04969092425647759
2015-04-01,2.3931586742401123,-6.277927921960469e-08,0.013698553075767617,-0.006849425140263432,0.006849190714783626,-0.45909511887550636
2015-04-02,2.366025924682617,1.7515672223744616e-07,0.006802945247676551,-0.020407918863415753,-0.011337630826384948,0.14261298589220672
2015-04-03,2.3714520931243896,-0.006880933370339792,0.0022933681263448413,-0.011468084118682054,0.0022933681263448413,-0.24155480384914085
2015-04-07,2.425718307495117,0.01144153577143947,0.02745977052583859,0.009153154168787925,0.022883116436576145,0.5040337227674065
2015-04-08,2.4582788944244385,0.002237342865957004,0.015660151564050206,-0.015659735398166896,0.013423070118535163,0.2198153809524257
2015-04-09,2.436572313308716,0.0022075793595390802,0.024282615306694844,-0.013244998434506994,-0.008829991245075886,-0.020077875898813602
2015-04-10,2.4745588302612305,-9.250255728066037e-08,0.017817367903025128,-0.0066815472298186185,0.015590145527399235,-0.21525005368154382
2015-04-13,2.539678812026977,0.019736905461336995,0.03508771636871777,0.004385989984399874,0.026315794544626847,0.4334989681845691
2015-04-14,2.512545108795166,-0.0021369124457719657,-0.0021369124457719657,-0.017094211435535578,-0.010683911328990048,-0.4865580290029392
2015-04-15,2.555958747863769,0.0021599206895757117,0.034557353448708694,-0.002159730145735561,0.01727875010746427,0.4544163907650365
2015-04-16,2.604799032211304,-0.008492474859504218,0.0212314906375779,-0.016985036430099187,0.019108400864589425,-0.33855341088000657
2015-04-17,2.6753454208374023,0.02083329265591982,0.041666604885414404,0.006249924424739373,0.027083236654233955,0.4546825830701593
2015-04-20,2.572238683700561,0.012170341221035219,0.012170341221035219,-0.04665318058387491,-0.038539598039855405,0.12668167544631004
2015-04-21,2.5939455032348637,-0.008438839646072283,0.008438882313624996,-0.01687765032664168,0.008438882313624996,-0.5307454287067372
2015-04-22,2.6373586654663086,0.0020919570856074987,0.016736343218199945,-0.006276235059668012,0.016736343218199945,0.1007189688158796
2015-04-23,2.604799032211304,1.2220643319516e-07,0.004115345009149118,-0.022633652265828808,-0.012345546201713797,-0.2525685931414472
2015-04-24,2.528825044631958,-0.01875022473979826,-0.014583563034829217,-0.04166691378765375,-0.029166928672746506,0.04770587484832589
2015-04-27,2.6102256774902344,2.416081423817218e-07,0.03433508455786982,2.416081423817218e-07,0.032189112106062456,0.12890100710359675
2015-04-28,2.74589204788208,0.004157910107057239,0.09979200622530437,-8.976179965980435e-08,0.05197495816618081,0.7800500259923737
2015-04-29,2.697051763534546,-0.011857778351155313,-0.0098814486742963,-0.041502063847937753,-0.017786673145146037,-0.763420939776406
2015-04-30,2.6265056133270264,-0.0020119155861182403,-0.0020119155861182403,-0.02816888417214014,-0.026156765384090064,-0.24136195098897417
2015-05-04,2.621078968048096,-0.002066108388040444,0.002066119171674652,-0.020661181666797646,-0.002066108388040444,-0.38359939962177947
2015-05-05,2.4908387660980225,-0.0020704924617318543,-0.0020704924617318543,-0.05590076033046831,-0.04968953760560024,0.38266188366610265
2015-05-06,2.447425842285156,-0.0021785583040588863,0.021786614979453445,-0.03485832116592069,-0.017429038123119578,-0.17069063367008042
2015-05-07,2.404012441635132,-0.004434635905862905,5.5414974164946784e-08,-0.022172978273770627,-0.01773839268179378,-0.3405032128853378
2015-05-08,2.436572313308716,0.009029301306905602,0.01580135771916802,-0.0022573158626186807,0.013543969702352276,-0.10519958279254027
2015-05-11,2.4745588302612305,0.0022271298730685007,0.015590145527399013,-0.015590224332705516,0.015590145527399235,0.32088176209450125
2015-05-12,2.485412120819092,-0.002192939119964543,0.00877191043558101,-0.010964860592222014,0.004385949699452274,-0.1875227154053256
2015-05-13,2.4745588302612305,0.010917083551874152,0.015283891735369481,-0.010916957365601831,-0.004366797146818646,0.0819798584526481
2015-05-14,2.469132423400879,0.0043860107172801754,0.010965004505932407,-0.008771872290465277,-0.0021928785018130448,-0.40756983209287156
2015-05-15,2.4094386100769043,-0.006593630556890884,-0.004395778541619655,-0.028571626712840748,-0.02417602748165082,0.17228131380364786
2015-05-18,2.349745988845825,-0.009008684266647804,-0.009008684266647804,-0.029278995106681638,-0.024774493519539753,-0.05228202230071588
2015-05-19,2.4202921390533447,-0.004619163404943172,0.034641815808333254,-0.0069285744694720375,0.03002288355524385,0.055847902506879876
2015-05-20,2.4094386100769043,-8.775570070618244e-08,0.01121071626210246,-0.011210891773504428,-0.004484387979992177,0.1373193551925489
2015-05-21,2.4094386100769043,-0.0022523037731887463,0.0022521963774337905,-0.009009000301245185,0.0,-0.2670160069548686
2015-05-22,2.479985475540161,0.01126126938327321,0.029279378676929646,0.0045045723694445705,0.029279378676929646,0.5357557985833985
2015-05-25,2.534252405166626,0.006564628905551428,0.02407008438100955,0.004376499141491852,0.021881954616949972,0.08934658236009696
2015-05-26,2.539678812026977,0.004282602384839684,0.01070652765809732,-0.012848001152449329,0.002141225889452869,-0.0842075364627064
2015-05-27,2.523398876190185,-3.477944965357693e-08,0.004273465426644307,-0.01495723455663811,-0.006410234144450189,-0.11284560841572855
2015-05-28,2.3768789768218994,-0.0021505775667404192,0.0021504935518916746,-0.060215088941085404,-0.058064502108957416,0.3017096343690966
2015-05-29,2.349745988845825,1.857535629756768e-07,0.006849440949890262,-0.03196336805245925,-0.011415384729580702,-0.3551623650335749
2015-06-01,2.4419991970062256,0.0023094636078615505,0.046189382672966905,-0.009237924086553218,0.039260928031507936,0.042281815868221884
2015-06-02,2.431145668029785,-0.0022223590923631242,0.0066666265170114425,-0.017777845490209887,-0.004444526021853856,-0.1233371559445331
2015-06-03,2.431145668029785,0.00669647537513951,0.01116075681294415,-0.013392844313413588,0.0,-0.05000190799569637
2015-06-04,2.555958747863769,0.006696391856905404,0.05803557091398881,-0.002232276714822734,0.05133920253126312,0.9360668714000582
2015-06-05,2.550532102584839,0.0191083695914398,0.027600930901425347,-0.021231347250650234,-0.002123134922840886,-0.2609571617009081
2015-06-08,2.8055858612060547,0.0042554559746750265,0.10000021499934508,0.0042554559746750265,0.10000021499934508,0.8677538467803423
2015-06-09,2.8707051277160645,0.015473642287999079,0.056092595358041786,-0.009671441466129749,0.023210576945956074,0.15866388666265152
2015-06-10,2.7947323322296143,-0.026464855185908354,-0.011341993852304055,-0.03969740392249388,-0.026464855185908354,-0.8425377664532014
2015-06-11,2.718758583068848,-0.0019419817351941093,0.005824999528366792,-0.038835189031969586,-0.027184624546907843,-0.06383248996389668
2015-06-12,2.767598867416382,0.001996135075903016,0.01796418580586301,-0.01995998226633744,0.01796418580586301,-0.13405481190376634
2015-06-15,2.691625595092773,-0.003921580175740402,-0.003921580175740402,-0.03137253448261468,-0.027450969581632956,-0.20837976654984303
2015-06-16,2.621078968048096,-0.00806448071283361,0.014112966008154926,-0.03629026081630271,-0.02620967313332645,0.17734900902184592
2015-06-17,2.6861979961395264,0.03726680270201799,0.05175948859489665,0.016562796471017327,0.02484435947381014,0.1321517484069048
2015-06-18,2.566812038421631,-0.012121004503381827,-0.01010075576467917,-0.04848461482317523,-0.0444442136765314,-0.325818013091677
2015-06-19,2.4582788944244385,-0.01057085247395273,0.012684989902764565,-0.04862578479029478,-0.04228324566528485,-0.15885953318644752
2015-06-23,2.5613853931427,0.004415050114370933,0.044150111437987416,-0.013245082402635111,0.041942555400086956,0.07496583390260625
2015-06-24,2.604799032211304,0.006356018673628228,0.016949280332756667,-0.012711811902870407,0.016949280332756667,-0.09271757482430942
2015-06-25,2.572238683700561,0.022916540866374735,0.02916658400203742,-0.020833463060066837,-0.012500138439893949,0.27675358135491024
2015-06-26,2.4582788944244385,-0.014767900943214562,0.010548531006347783,-0.08649789206553393,-0.0443037382177045,0.1290320904282538
2015-06-29,2.4745588302612305,0.028697527338965356,0.0375275409010285,-0.06622517108424841,0.006622493433806831,-0.01762367011468413
2015-06-30,2.6536386013031006,0.008771881596276287,0.0745613953269344,-0.01096488886728153,0.07236836273678948,0.10594610383911984
2015-07-01,2.577665328979492,-0.0040899948529993235,0.0020450174276454014,-0.034764861230800026,-0.028629848950154968,-0.30418135979481065
2015-07-02,2.718758583068848,0.006315785440911936,0.07368413901903814,-0.04000005803081519,0.0547368397685728,0.5676113181878257
2015-07-03,2.515697956085205,-0.024896243682938524,-0.00414927526561093,-0.08713685214828948,-0.07468873045521929,-0.4114144634882173
2015-07-06,2.7638838291168213,0.08744407063948989,0.10089697441212686,0.031390251463081276,0.09865487724044186,0.9108775428289135
2015-07-07,3.0402719974517822,-0.020408169212349003,0.0999999223640593,-0.022449032155971937,0.0999999223640593,0.021009070321927226
2015-07-08,3.153082847595215,-0.05380360112848226,0.03896075343670535,-0.10018577841107612,0.03710551234823245,0.22725513331755565
2015-07-09,3.158723831176758,1.7287102638263718e-07,0.06618978636326411,-0.09123422840354134,0.0017890375401474756,-0.43017046031378214
2015-07-10,3.1192400455474854,-0.037499979433754715,0.06071434487176863,-0.06964280740580964,-0.012499916972660174,-0.030279398017260206
2015-07-13,2.938740968704224,-0.0415914742618978,-0.02350831242722584,-0.05967472232388704,-0.05786636302676096,-0.3733166049317411
2015-07-14,2.950022459030152,-0.023032492899064172,0.026871495703530313,-0.057581499608932774,0.003838885579256157,-0.032196029478985366
2015-07-15,3.0289905071258545,-0.02485660956817859,0.03441680237073608,-0.0325047858716867,0.026768626067227963,-0.009880853089651254
2015-07-16,2.950022459030152,-9.004949452773303e-09,0.03724399258975053,-0.04841709564261987,-0.026070747963694907,-0.15850330670028967
2015-07-17,2.916179656982422,-0.0038238710468093684,0.001912216792357091,-0.030592493701020684,-0.011472048948012459,-0.3122139538538917
2015-07-20,2.9105381965637207,-0.01353993964370881,0.015473610532086068,-0.021276874059716455,-0.0019345380196975626,0.025494857210361488
2015-07-21,2.8654143810272217,-0.013565569043405556,0.0019382967428125397,-0.01744153548996019,-0.015503598471847457,-0.37044521907713346
2015-07-22,2.842850923538208,-0.005905865213269301,0.00787359685274902,-0.011811416002666886,-0.007874413431583682,-0.023138937424867834
2015-07-23,2.854132652282715,-0.00396804607547907,0.005952628797721404,-0.007936297102645873,0.003968455978854424,0.01546942145099095
2015-07-24,2.825929641723633,-0.0019763344193743926,0.00395246604310473,-0.01383412381750082,-0.009881464527069395,-0.11819432293824406
2015-07-27,2.6115877628326416,-0.009980022680568856,-0.001995998280982958,-0.09181632036486309,-0.0758482715656914,0.27617580678917975
2015-07-28,2.634150266647339,-0.02807769935858928,0.04751623676024663,-0.04103665100851028,0.008639381810483293,-0.09366844217972314
2015-07-29,2.6172282695770264,-0.014989383624442354,-0.006424081907768442,-0.034261261433733314,-0.006424081907768442,-0.3929657699980993
2015-07-30,2.549541473388672,-0.004310309904845044,-0.002155088034091479,-0.02801713388332372,-0.025862014779205134,-0.1845341974046768
2015-07-31,2.5100574493408203,-0.006637166181894583,0.006637263639707847,-0.022123825148844256,-0.015486715732994982,-0.1948671464276508
2015-08-03,2.5100574493408203,-0.00674151331618722,0.01573037632847396,-0.031460645502525364,0.0,0.3252343232777797
2015-08-04,2.5269792079925537,-0.008988793518619143,0.008988717513922051,-0.017977549034889684,0.006741582212063335,-0.3656775322266377
2015-08-05,2.4762136936187744,-0.006696564114124226,-0.002232283075146113,-0.02232149453211929,-0.02008940723105823,-0.3103470122642342
2015-08-06,2.459292411804199,-0.011389335514765175,0.006833884520526912,-0.015945140523588197,-0.006833530505942043,-0.20577830940144537
2015-08-07,2.4762136936187744,0.006880548947069354,0.013761329958240642,-0.0022937528236229854,0.006880548947069354,0.20512897511695627
2015-08-10,2.53261947631836,-0.004555782486666993,0.027334957984757047,-0.006833630452369732,0.022779044815455007,0.6943099457433632
2015-08-11,2.5100574493408203,-0.004454234156514136,-0.0022270113403916048,-0.015590029637639224,-0.008908573588930047,-0.3636501251496931
2015-08-12,2.4705731868743896,-0.0067416673544993255,-0.0044945323157387085,-0.017977664011519234,-0.015730421818353157,-0.15087833452444954
2015-08-13,2.4762136936187744,-0.002283129538406481,0.006849281858322787,-0.011415540935135748,0.002283076159958153,-0.14451619912028235
2015-08-14,2.464932918548584,1.502247768403464e-07,0.002278107101373328,-0.00683350316708764,-0.004555654909453533,-0.14845738920345042
2015-08-17,2.442370653152466,-0.004576643088225474,1.1759706763925237e-08,-0.01372995278409006,-0.009153297936157823,0.23827234862075386
2015-08-18,2.4028866291046143,-5.96613514147748e-08,0.011547328013655545,-0.018475791842122335,-0.016166270257500837,0.5408465499395163
2015-08-19,2.3690426349639893,-0.01173725249372215,0.004694709821041032,-0.051643366734157814,-0.014084723653082332,-0.04910215443470989
2015-08-20,2.357761859893799,0.02380977642011839,0.026190670245932024,-0.009523645402710224,-0.004761744218403141,-0.28893586439332
2015-08-21,2.340840101242065,-0.007177043169447117,0.01674637820852043,-0.01674641172063418,-0.007177043169447117,0.014530295181085506
2015-08-24,2.1434197425842285,-0.02409637703471479,-0.004819287724869725,-0.09879521301087979,-0.08433739602849588,0.5804556860470278
2015-08-25,1.9685620069503784,-0.04473672204368462,0.021052757835122282,-0.09736831849507821,-0.08157885838218126,0.013466290476532805
2015-08-26,2.0644516944885254,0.025787844003656746,0.08595976885343948,-0.011461400518016585,0.04871052433176626,-0.07488251236462062
2015-08-27,2.194185256958008,0.0027323527235556533,0.06557389372017441,-0.010928902821382924,0.06284165563952526,-0.08960310896413759
2015-08-28,2.194185256958008,0.002570691566473382,0.0128534578323658,-0.01799490225543343,0.0,-0.08950654615603426
2015-08-31,2.1772632598876958,-0.015424274894531131,-0.005141509299192326,-0.0437018802817134,-0.0077122006980270275,-0.21498978810776848
2015-09-01,2.28443455696106,-0.012953296279649584,0.07253891941954516,-0.02072531027353275,0.04922293920437171,0.8876359537032101
2015-09-02,2.3916049003601074,-0.029629828758786725,0.05925901447708726,-0.04938295082024802,0.04691329111288445,0.16612721211865988
2015-09-07,2.23366928100586,-0.0306601150879523,-0.02830168244044562,-0.07547146000678506,-0.06603750449351686,-1.1086809328028373
2015-09-08,2.24495005607605,-0.010101164422991693,0.017676642199443426,-0.03030322202295388,0.005050333621954062,-0.461350315554391
2015-09-09,2.25623106956482,-5.8397961133493936e-08,0.0075376822836035196,-0.0125628596936328,0.0050250621203074,-0.026709177437908238
2015-09-10,2.25623106956482,-0.009999990463256836,0.009999990463256836,-0.014999985694885476,0.0,-0.27141407868149514
2015-09-11,2.216747522354126,-0.002499791140004981,2.0699329206230743e-07,-0.02249977620638044,-0.017499779939786686,-0.3172156472454333
2015-09-14,2.216747522354126,0.0,0.020356275003996283,-0.025445328588419303,0.0,0.7589019481418617
2015-09-15,2.2054662704467773,-0.00763362761451436,0.012722585754196825,-0.012722680956692267,-0.0050891009434255174,-0.25096719804248124
2015-09-16,2.2223880290985107,-0.007672609339894443,0.02046035603478691,-0.020460381850458842,0.0076726445008408195,-0.01822629637385731
2015-09-17,2.194185256958008,-0.007614163165144072,0.0025381117058280722,-0.015228369318373569,-0.012690300600630477,-0.3290508816448572
2015-09-18,2.1772632598876958,0.0025706261874296477,0.0025706261874296477,-0.012853583495696541,-0.0077122006980270275,-0.24775182202137813
2015-09-21,2.1716225147247314,-0.005181421140738496,-0.002590750171045153,-0.015544105019511756,-0.002590750171045153,0.12180299058868371
2015-09-22,2.182904005050659,1.579934068018929e-07,0.007792421705436148,-0.005194643196669624,0.0051949591834830056,-0.11886698405022145
2015-09-23,2.1434197425842285,-0.005168068606319798,-1.1532169263972492e-07,-0.020671928460201383,-0.018087951817887804,0.11549913373510634
2015-09-24,2.1377789974212646,-8.055158462472178e-08,0.005263071965902144,-0.007894809327814833,-0.0026316568103282867,-0.2902798851693902
2015-09-25,2.160341262817383,-1.1402044974850867e-08,0.013192588136065941,-0.00791557112491137,0.010554068228443736,0.3950052747877635
2015-09-28,2.1434197425842285,-0.007832799624947318,-0.005221835765419125,-0.01827665506306031,-0.007832799624947318,-0.7574250168999797
2015-09-29,2.098295211791992,-0.010526280937567578,-0.007894704400502661,-0.023684163622892385,-0.021052587085827468,0.26181986792245127
2015-09-30,2.098295211791992,0.002688169458695544,0.008064508376086854,-0.002688169458695544,0.0,-0.3356203485630793
2015-10-08,2.13213849067688,0.01881710988238372,0.026881617654288092,0.01075260211047957,0.01612894062508241,0.6007275434240853
2015-10-09,2.1434197425842285,0.0026455499821187445,0.007936550530280195,-0.0026454505660428174,0.005291050256199359,-0.053203481655284435
2015-10-12,2.182904005050659,1.153217057403566e-07,0.02631594580543517,-0.005263038226692052,0.01842115274109868,0.9423251925400784
2015-10-13,2.165982246398926,-0.0051679712493845065,-0.002583994354195873,-0.010335925039761662,-0.007751948144573029,-0.8456050660654668
2015-10-14,2.1716225147247314,-0.0026043044097496804,0.0026040233409958535,-0.005208468285122447,0.0026040233409958535,-0.026916942478429462
2015-10-15,2.194185256958008,-0.0025972561469910227,0.010389808578741944,-0.0051946567067547855,0.010389808578741944,0.3860589287362295
2015-10-16,2.211106538772583,0.002570492607557151,0.010282565776525088,-0.00257088950508777,0.007711874720202294,0.21548287916670716
2015-10-19,2.2054662704467773,0.0025511561576432307,0.005102174435049012,-0.012755014327864411,-0.0025508803971683314,-0.1612012007235819
2015-10-20,2.2054662704467773,-0.002557542261826362,0.002557542261826473,-0.007672626785479197,0.0,-0.3004804106415726
2015-10-21,2.27315354347229,0.0025576570296073076,0.04859342301242653,-0.005114970634195859,0.030690686106843446,1.3167211381066117
2015-10-22,2.2223880290985107,-0.019851250792318087,-0.007444316581776134,-0.027295411318643326,-0.0223326376344265,-0.8225194844100052
2015-10-23,2.2280282974243164,0.0025379313836988437,0.005075999644930551,-0.0050762733999967224,0.0025379313836988437,-0.11638566216400648
2015-10-26,2.2223880290985107,0.005063423819988699,0.005063423819988699,-0.0050631500648852246,-0.0025315065936667436,-0.11101778105553706
2015-10-27,2.211106538772583,-0.0025382236747554243,-1.5546068898864007e-07,-0.012690496531021389,-0.005076291888821971,-0.24035174945520055
2015-10-28,2.2054662704467773,-0.0025508803971683314,0.007653192712454793,-0.007652916951979782,-0.0025508803971683314,0.23763838086348343
2015-10-29,2.194185256958008,-0.002557481848173948,6.05685592791616e-08,-0.0076725666816401805,-0.005115024264907175,-0.40096269264213547
2015-10-30,2.188544273376465,-0.002570878445042335,0.0025705037246133156,-0.005141630819980092,-0.002570878445042335,-0.07797047975342153
2015-11-02,2.1716225147247314,-0.0025773356649941848,0.007731994440600021,-0.010309287158123293,-0.007731969993746923,0.1656488515612793
2015-11-03,2.1490602493286133,1.185958664606801e-08,0.0025974120750567042,-0.015584389433234147,-0.01038958900229403,-0.09896339719494307
2015-11-04,2.216747522354126,1.1958587498028805e-07,0.0314962193575814,-0.002624550180345353,0.0314962193575814,0.9383509900057838
2015-11-05,2.25623106956482,-0.007633785789784353,0.04325673952044906,-0.012722838320807672,0.017811476865332576,0.6956050218194108
2015-11-06,2.261871814727783,-0.007499976003616293,0.007500069550481214,-0.014999968978341993,0.0025000742339973403,-0.5656952207507473
2015-11-09,2.363402366638184,0.014962685275851983,0.07231930127742636,0.012468862491776367,0.04488784521266953,0.6888475336357907
2015-11-10,2.340840101242065,-0.011933208379756088,0.007159852126356059,-0.019093049167739684,-0.0095465189146835,-0.8230702207608012
2015-11-11,2.3126368522644043,-0.002409801170595971,-1.0777921932714207e-07,-0.028915739072708058,-0.012048344935092214,-0.16484858580670192
2015-11-12,2.28443455696106,1.8928831546638492e-07,0.0024392700218205388,-0.017072910639138517,-0.012194865473898364,-0.32891846376067946
2015-11-13,2.267512321472168,-0.007407625417557795,0.004938098036812555,-0.009876699465905192,-0.007407625417557795,-0.19376327163069362
2015-11-16,2.28443455696106,-0.007462512940363597,0.01243802833526586,-0.009950073186302921,0.007462907843387434,0.18111171787983693
2015-11-17,2.2900750637054443,2.957029510142206e-08,0.01481482999697592,2.957029510142206e-08,0.002469104105957687,0.3769215534863868
2015-11-18,2.295715093612671,-2.95441418107778e-07,0.014778011430181648,-0.002463287862913055,0.002462814427619975,-0.13880619463111898
2015-11-19,2.3013558387756348,1.3367617390791509e-07,0.004914134353444233,-0.004913867001096417,0.002457075435300382,-0.3835073858243909
2015-11-20,2.28443455696106,1.3219501049377413e-07,1.3219501049377413e-07,-0.01225470149184904,-0.007352744642730835,0.2597154804124706
2015-11-23,2.267512321472168,-0.004938433631665795,-0.00246935958331862,-0.012345891251797081,-0.007407625417557795,-0.2798750718657068
2015-11-24,2.278793811798096,-0.002487349412377493,0.004975271895591549,-0.009950089336573598,0.004975271895591549,0.11987576255436849
2015-11-25,2.3013558387756348,-0.0024753017686269807,0.00990086372041521,-0.007425791570041307,0.00990086372041521,0.10718722699489902
2015-11-26,2.295715093612671,-1.336761560333244e-07,0.00245090253267799,-0.007353008558980023,-0.002451053013151072,-0.1714197016841581
2015-11-27,2.2280282974243164,-0.0024569679727622917,-0.0024569679727622917,-0.03931197147356791,-0.02948397054001972,0.20315637184356916
2015-11-30,2.3182778358459477,0.002531748471765516,0.04050645969172084,1.0508104453244016e-07,0.04050645969172084,0.9157811225471981
2015-12-01,2.267512321472168,-9.784743459917422e-08,-9.784743459917422e-08,-0.03892955404632703,-0.0218979423384148,-0.39596358026700784
2015-12-02,2.357761859893799,-0.004974960371118886,0.0497513646173291,-0.009950080824614016,0.039801123710338615,0.611521081326373
2015-12-03,2.4480111598968506,-0.009569427676940578,0.07655500463511289,-0.02153108150514038,0.03827752986347699,0.4142767045578637
2015-12-04,2.352121353149414,-0.020737332068830994,-0.013824841364026508,-0.043778784634325385,-0.03917049412122653,-0.8262045060025187
2015-12-07,2.323918342590332,0.0023980179025968607,0.00479615427135105,-0.01918463766901035,-0.011990457261620069,-0.5799519908343278
2015-12-08,2.2900750637054443,-0.00728141908787816,-0.002427054309657839,-0.019417388902021715,-0.014563024123801505,-0.22040263194906018
2015-12-09,2.3182778358459477,-0.0049262027759517935,0.012315217342644624,-0.0049262027759517935,0.012315217342644624,-0.09404271347393944
2015-12-10,2.295715093612671,-0.004866370217591953,0.012165181810593229,-0.01216568967163334,-0.009732544514037378,-0.16690456965283573
2015-12-11,2.278793811798096,-0.004913751688100709,-0.0024568096442578735,-0.017198813384408096,-0.007370810890974466,-0.06287238685597529
2015-12-14,2.3126368522644043,-0.009901152013249814,0.017326599354500427,-0.009901152013249814,0.014851295580623036,0.23607893046841966
2015-12-15,2.278793811798096,-0.0048778721099359545,-0.0024387914162185,-0.01951200736693459,-0.014633962281268231,-0.24759932969454823
2015-12-16,2.278793811798096,0.0024753042020446703,0.0049504903750889895,-0.0049504903750892115,0.0,-0.2281952211370566
2015-12-17,2.295715093612671,0.0024750540257576503,0.009900728720749763,-2.4955855382202685e-07,0.007425543165409554,0.4911595906949593
2015-12-18,2.3013558387756348,-0.002456925241970054,0.022113078144381904,-0.00737092591924049,0.002457075435300382,0.5051259490159019
2015-12-21,2.323918342590332,-0.007352784984472671,0.014705961504143161,-0.009803821745355323,0.009804004854243153,0.2493393300087341
2015-12-22,2.3069963455200195,-0.004854542034980147,-0.002427302380870633,-0.01456326917710471,-0.007281665951932914,-0.6630572524197049
2015-12-23,2.3013558387756348,8.690949782064195e-08,0.009780029167958393,-0.00977985534896253,-0.002444956948171262,0.44335789038686
2015-12-24,2.2900750637054443,-0.0024507582957884466,1.617653098140437e-07,-0.01470570921690062,-0.004901795228760442,-0.44715494175002135
2015-12-25,2.2900750637054443,0.0,0.0,-0.004926103745908295,0.0,-0.7766882782742286
2015-12-28,2.267512321472168,-0.002463190030765783,0.00246291274288879,-0.012315395578074595,-0.009852402915024427,0.7779947123413713
2015-12-29,2.278793811798096,-0.002487349412377493,0.004975271895591549,-0.004974968925851919,0.004975271895591549,-0.4747065128072805
2015-12-30,2.27315354347229,7.505361376836106e-08,7.505361376836106e-08,-0.007425602051843394,-0.002475111305202171,-0.16762341149040694
2015-12-31,2.261871814727783,-2.5689587890287413e-07,-2.5689587890287413e-07,-0.0049630297860450145,-0.0049630297860450145,-0.05578121231366495
2016-01-04,2.182904005050659,2.165701245004925e-07,2.165701245004925e-07,-0.03491259281933612,-0.03491259281933612,0.6557532902021244
2016-01-05,2.1772632598876958,-0.018087915948974187,0.012919866498355637,-0.023255869422385,-0.0025840555287416356,0.1788174810522989
2016-01-06,2.194185256958008,-0.0025906061324095786,0.01036281235316383,-0.00777194882004828,0.007772141009344313,-0.47857002692510164
2016-01-07,2.1377789974212646,-0.0051416257784590025,-0.0051416257784590025,-0.03856061005057376,-0.025707154561299017,-1.014333502681069
2016-01-08,2.1434197425842285,0.007915641002322227,0.018469721603296962,-0.015831040349870817,0.002638600701835081,1.616089903524486
2016-01-11,2.05881142616272,-0.010526172274646584,-0.005263018622522986,-0.044736671013450025,-0.03947351736132643,-0.23282786048384096
2016-01-12,2.047529935836792,0.00547927830828332,0.010958724076708837,-0.013698847201352282,-0.005479613228568048,-0.31149555396034145
2016-01-13,2.01932692527771,0.005509630377971364,0.008264448583936712,-0.013774162743831142,-0.013774162743831142,-0.20231800775918884
2016-01-14,2.0249674320220947,-0.008379912775103637,0.011173140982733809,-0.022346379744987432,0.002793260800803221,0.4010941914781654
2016-01-15,1.9629212617874143,-0.005570960649426082,-0.005570960649426082,-0.036211602681439525,-0.030640576857437263,-0.11899725382343718
2016-01-18,1.951640486717224,-0.011494054045487756,0.0028737509951974882,-0.020114737069898636,-0.005746932029213614,-0.18801543006854615
2016-01-19,1.9911242723464968,-1.1670296606869357e-07,0.03179175643164345,-0.00578045727289489,0.02023107529178536,0.16117678688748427
2016-01-20,1.957280397415161,-0.0028330800682606627,-2.2218654904815338e-07,-0.0254959431219538,-0.01699736947681907,0.012294301367568039
2016-01-21,1.934718370437622,-0.008645390895179572,0.017291187083507298,-0.014409074890443407,-0.011527232892811323,0.19279674183345819
2016-01-22,1.945999383926392,0.005830829779229552,0.008746278639061744,-0.005830965660101217,0.005830829779229552,-0.45042539736245146
2016-01-25,1.9403589963912964,9.530819400360713e-08,0.0028986435047517745,-0.008695549281479087,-0.0028984528883637672,-0.15348307618836543
2016-01-26,1.8275469541549685,-0.002907218162046643,-0.002907218162046643,-0.06104675169891138,-0.058139778487453664,0.6026616486882652
2016-01-27,1.8162665367126465,3.9961326980808565e-07,0.012346071749012255,-0.0308637807260862,-0.0061724364546014154,-0.030312635102259122
2016-01-28,1.782422661781311,-0.006211414821986061,-2.4218061878134023e-07,-0.021739346425404316,-0.01863376010472073,-0.4350184462253921
2016-01-29,1.8162665367126465,2.4218067729009363e-07,0.02531667917674163,2.4218067729009363e-07,0.018987569927725545,0.25107499157914503
2016-02-01,1.7880632877349854,-2.1229211688567062e-07,-2.1229211688567062e-07,-0.02484490360015701,-0.015528144359642115,-0.21712036687237202
2016-02-02,1.8049852848052976,-0.0031544169466131144,0.01577301226816119,-0.006308988482408906,0.009463869196569608,-0.2118020493585533
2016-02-03,1.7880632877349854,-0.00937514405949158,-0.006250147569380471,-0.018750133529824686,-0.009375144059491691,0.024288433146477217
2016-02-04,1.7993443012237549,0.003154497528766509,0.012618209979587736,-7.328817397400655e-08,0.006309068345706992,-0.02278774867485467
2016-02-05,1.7937036752700806,-2.993099823545009e-08,0.006269556266226051,-0.006269616128222522,-0.003134823029610323,-0.28134512786862587
2016-02-15,1.7655009031295776,-0.025157234376992355,-0.00943390350049389,-0.03144653673783271,-0.015723205861334022,0.3010257659004729
2016-02-16,1.8162665367126465,0.003195151333950541,0.035144009967606804,0.003195151333950541,0.02875423824087564,0.35960106108645107
2016-02-17,1.8219066858291624,-0.0031058194894321156,0.009316525905599837,-0.006211405838190021,0.0031053532080838053,-0.282752661306251
2016-02-18,1.8219066858291624,0.003095972261364155,0.009287916784092243,-0.003095972261364044,0.0,-0.07208507303692713
2016-02-19,1.8162665367126465,-0.003095739842432721,2.3314072850055823e-07,-0.009287685808755275,-0.003095739842432721,-0.40555282881940613
2016-02-22,1.855750560760498,0.0062111778910216575,0.024844700397161246,3.722308239417771e-09,0.021739113312804648,1.0078545671870067
2016-02-23,1.8275469541549685,-0.003039912923822441,-0.003039912923822441,-0.021276970454256472,-0.015197951277445165,-0.5462341208686148
2016-02-24,1.8275469541549685,-0.0030864168005623194,0.0030864168005622084,-0.009259250401687513,0.0,-0.2799621734768678
2016-02-25,1.7598603963851929,2.4785466901100506e-07,0.0030866654202144073,-0.0401232540834191,-0.037036836517873706,0.7655351444481724
2016-02-26,1.776782512664795,0.006410475767018697,0.016025852986981226,1.4787081803468993e-07,0.009615601507006133,-0.33908886191549215
2016-02-29,1.7880632877349854,-0.003174807793726586,0.00952358976368517,-0.015873281039557874,0.00634899037433212,0.5980601901816698
2016-03-01,1.8049852848052976,1.5458918256605614e-07,0.012618440732365732,-0.006308988482408906,0.009463869196569608,-0.5325472725632494
2016-03-02,1.838828444480896,-1.5315974699614543e-07,0.021874822302298425,-0.003125149654324977,0.018749825807720555,0.44931158626489065
2016-03-03,1.850109934806824,-0.003067295869484732,0.006135151084805335,-0.012269742823774354,0.006135151084805335,-0.13736797960680747
2016-03-04,1.917796850204468,-0.00609760909003465,0.04573168010558204,-0.009146386531624806,0.03658534778081246,0.8683267963680308
2016-03-07,1.9121559858322144,-0.005882498423400162,0.008823367254901848,-0.011764914817819716,-0.0029413252877394935,-1.088761532312759
2016-03-08,1.917796850204468,-0.005899618281306918,0.0058998522555384625,-0.02654856864333499,0.0029500022038204676,0.07874406014150637
2016-03-09,1.934718370437622,-0.014706039927536718,0.011764589706756867,-0.020588386485579147,0.008823416427735875,-0.059424027688358194
2016-03-10,1.8895936012268064,-0.011661823390971104,-0.0029154764575904935,-0.02623913778972564,-0.02332368881193214,-0.5682927868363485
2016-03-11,1.917796850204468,-0.005970013622398351,0.01791063559348882,-0.005970013622398351,0.014925563337720327,0.23539841797982675
2016-03-14,1.917796850204468,-0.0029411735831662567,0.00882352074949777,-0.008823590872607645,0.0,0.2781427210578684
2016-03-15,1.9065155982971191,-5.509524381164255e-08,-5.509524381164255e-08,-0.017647165745078297,-0.005882401937486792,-0.29624857690432194
2016-03-16,1.9403589963912964,-0.002958668382365026,0.01775144044161303,-0.002958668382365026,0.01775144044161281,0.886180081039619
2016-03-17,1.934718370437622,-0.005813975055682041,-0.002907001211716387,-0.014534896587578117,-0.002907001211716387,-0.6779631243758821
2016-03-18,1.934718370437622,-0.002915449057909747,0.002915449057909303,-0.008746347173728464,0.0,0.509674146572042
2016-03-21,1.934718370437622,0.0,0.008746347173728575,-0.005830898115818939,0.0,0.49027738585122194
2016-03-22,1.917796850204468,-0.0029153459500554924,0.0029155527687327876,-0.008746244668843772,-0.008746244668843772,-0.9598298972993788
2016-03-23,1.9121559858322144,-0.0029413252877398266,0.0029410209835811774,-0.005882498423400162,-0.0029413252877394935,-0.4139472185030648
2016-03-24,1.8895936012268064,-0.002949828402654786,2.126296028137631e-08,-0.011799447729463286,-0.011799447729463508,0.19043320655567086
2016-03-25,1.89523446559906,1.5390015994931616e-07,0.008955442043273365,-0.0029849184242982663,0.002985226224618609,-0.5203549538656347
2016-03-28,1.8895936012268064,-1.5390013619054344e-07,0.005952291603284143,-0.008928715718414582,-0.0029763411728958022,0.22364534981070605
2016-03-29,1.8839530944824217,3.5006725518371695e-08,0.005970178945831073,-0.005970108932380591,-0.002985036962827703,-0.003542370670452044
2016-03-30,1.917796850204468,0.005988114851906534,0.02095823365846261,0.002994105367158495,0.017964224173715015,0.5213796868084941
2016-03-31,1.917796850204468,0.0,0.005882347166332069,-0.005882347166332291,0.0,-0.47044560001753766
2016-04-01,1.923437237739563,-0.002941269948060987,0.0029410766497472984,-0.01176485996787624,0.0029410766497470764,0.32756616125264415
2016-04-05,1.934718370437622,-0.005865103618794776,0.00879763852776283,-0.005865103618794776,0.005865090098451375,0.21018703815494888
2016-04-06,1.9290778636932373,-0.0029154148896146648,0.0029154834260187723,-0.005830864047431272,-0.0029154148896146648,-0.4800392357915655
2016-04-07,1.9065155982971191,0.0029239878413933607,0.0029239878413933607,-0.011695881136141395,-0.011695881136141617,-0.18910778222974756
2016-04-08,1.89523446559906,-0.0029585696228245917,0.005917232488358515,-0.008875724004917429,-0.00591714681387101,-0.03944532170739379
2016-04-11,1.9121559858322144,0.00297601204638398,0.014880831842191355,-1.7516309280818376e-07,0.008928457423238001,0.28288430906068385
2016-04-12,1.9121559858322144,0.0029498496028923515,0.0029498496028923515,-0.0029498496028926846,0.0,-0.5711670020104549
2016-04-13,1.9290778636932373,0.00294993285872458,0.011799482402011341,8.301096232621319e-08,0.008849632554249087,0.9316312299362934
2016-04-14,1.9290778636932373,0.0029239737544370925,0.005847947508874407,-0.005847947508874407,0.0,-0.6025642713156856
2016-04-15,1.9290778636932373,0.0,0.0029239737544370925,-0.005847947508874407,0.0,0.056001798357872445
2016-04-18,1.9121559858322144,-0.005848030034386165,-0.0029240565226708037,-0.011695977057817109,-0.008772003546101526,-0.25608337817112314
2016-04-19,1.9065155982971191,9.705684989036456e-08,0.0029499469460456673,-0.005899673051510068,-0.0029497528323456645,-0.25392632394289905
2016-04-20,1.89523446559906,0.002958655297311985,0.002958655297311985,-0.026627187151195275,-0.00591714681387101,1.2038297978873587
2016-04-21,1.8839530944824217,-0.005952493647308432,0.0029760684835293816,-0.00892868102425426,-0.005952493647308432,-0.7432287400356046
2016-04-22,1.8895936012268064,-3.500672385303716e-08,0.00898199227186991,-0.0029940440995886997,0.0029939740861406605,0.013743680760779142
2016-04-25,1.8895936012268064,2.220446049250313e-16,0.0029850718650554775,-0.005970143730110844,0.0,-0.16504319469780881
2016-04-26,1.89523446559906,0.002985226224618609,0.005970298549077047,-0.0029849184242982663,0.002985226224618609,-0.22627673630824674
2016-04-27,1.8895936012268064,0.002976033372622977,0.002976033372622977,-0.00297634117289558,-0.0029763411728958022,-0.4861956060646584
2016-04-28,1.9008749723434448,0.002985190967918383,0.005970263187446312,-0.002984953471137586,0.005970263187446312,0.6406941298524345
2016-04-29,1.8895936012268064,-0.0029674747173261684,-1.1874837624326062e-07,-0.008902186655226019,-0.005934830686276205,0.021143516581872746
2016-05-03,1.9008749723434448,1.1874839023207073e-07,0.008955406576709457,-0.002984953471137586,0.005970263187446312,0.46326456640611013
2016-05-04,1.9008749723434448,-0.002967356321318726,0.0,-0.005934712642637674,0.0,-0.42813307935661626
2016-05-05,1.9008749723434448,-0.002967356321318726,0.0029674270686737003,-0.005934712642637674,0.0,-0.02585070923720778
2016-05-06,1.878312349319458,-1.7545700015109134e-07,-1.7545700015109134e-07,-0.014836954460376028,-0.011869598659700942,0.3584077752470094
2016-05-09,1.850109934806824,-0.0030027591294091716,0.0030032427387058913,-0.021020764733754693,-0.01501476286563963,0.09318958966981938
2016-05-10,1.8444690704345703,-0.003048934696327943,0.003048619556589971,-0.003048934696327943,-0.003048934696327943,-0.400973682358142
2016-05-11,1.8444690704345703,0.0030581010769374917,0.0030581010769374917,-0.006116202153874872,0.0,-0.08823540516466366
2016-05-12,1.833187699317932,-0.003058223664449966,-1.2296354734431247e-07,-0.01529062646806012,-0.006116324365352699,0.15784435481117143
2016-05-13,1.833187699317932,2.220446049250313e-16,0.0030769201425406845,-0.006153840285080925,0.0,-0.2944622203041263
2016-05-16,1.833187699317932,-0.006153840285080925,2.220446049250313e-16,-0.006153840285080925,0.0,-0.08332393698388074
2016-05-17,1.8275469541549685,-9.466561623483472e-08,-9.466561623483472e-08,-0.006153934368139935,-0.0030770145168780294,-0.07411081744215053
2016-05-18,1.8275469541549685,0.0,0.0030864168005622084,-0.015432084002812485,0.0,0.9425505657317252
2016-05-19,1.8219066858291624,-0.003086250841863647,1.6647250267176616e-07,-0.006172668156229633,-0.003086250841863647,-1.0459589330088477
2016-05-20,1.8275469541549685,-1.6647247458312364e-07,0.003095805273495289,-0.0030961382184445663,0.003095805273495289,-0.21670113035814254
2016-05-23,1.838828444480896,1.8875047969046932e-07,0.006173023516730325,-0.0030862286326451827,0.006173023516730325,0.7252060602140595
2016-05-24,1.8275469541549685,-0.003067669917624971,-1.8875044438537714e-07,-0.009202632251985365,-0.006135151084805113,-0.2987799989064719
2016-05-25,1.8219066858291624,1.6647250267176616e-07,0.0030865837868683244,-0.003086250841863647,-0.003086250841863647,-0.349682241201279
2016-05-26,1.8219066858291624,0.003095972261364155,0.003095972261364155,-0.006191944522727977,0.0,0.5771270654427987
2016-05-27,1.8275469541549685,-1.6647247458312364e-07,0.003095805273495289,-0.0030961382184445663,0.003095805273495289,-0.23384921978410134
2016-05-30,1.8444690704345703,2.1762919932832858e-07,0.009259470045970053,-0.006172617315314599,0.009259470045970053,0.6551935430312312
2016-05-31,1.89523446559906,1.263740503354427e-07,0.03058114100807119,-0.0030579750893517943,0.02752303954466906,0.6539592760433557
2016-06-01,1.8839530944824217,-1.1889341633430917e-07,-1.1889341633430917e-07,-0.00892868102425426,-0.005952493647308432,-0.8171317830248199
2016-06-02,1.878312349319458,-9.171535253482688e-08,0.0029939172077257936,-0.005988109561509303,-0.0029941006384308633,-0.29759131227929814
2016-06-03,1.8839530944824217,0.003003092198700319,0.0060060926820399985,-0.006005909251317942,0.003003092198700319,0.02502540446938184
2016-06-06,1.8839530944824217,0.0,0.0029940091976752292,-0.005988018395350014,0.0,-0.3066040683559663
2016-06-07,1.8895936012268064,-0.0029940440995886997,0.00898199227186991,-0.0029940440995886997,0.0029939740861406605,0.4624541519388963
2016-06-08,1.89523446559906,0.002985226224618609,0.002985226224618609,-0.005969990748756593,0.002985226224618609,-0.2439155079391213
2016-06-13,1.861390829086304,-0.005952479668756228,-1.0483116053006114e-07,-0.01785722934394751,-0.01785722934394751,0.3094258160059198
2016-06-14,1.8726719617843628,-7.0734849089149066e-09,0.006060593251980606,-0.0030303072362177774,0.006060593251980606,-0.5644229311094797
2016-06-15,1.8726719617843628,-0.006024090761646006,0.006024090761646006,-0.006024090761646006,0.0,0.5181493454481831
2016-06-16,1.861390829086304,-0.003012038328643718,7.0734851309595115e-09,-0.012048174535029932,-0.006024083730772456,0.3142653826383821
2016-06-17,1.867031455039978,2.8377393990197675e-08,0.006060628917713418,-0.0030302718927655015,0.003030328647553704,-0.2691978039470264
2016-06-20,1.8726719617843628,-3.545087834400107e-08,0.0060422547494964896,-3.545087834400107e-08,0.0030211096493091283,-0.09257982769737794
2016-06-21,1.8839530944824217,-6.988772560667655e-09,0.009036129090545186,-6.988772560667655e-09,0.006024083730772345,0.05738517666357623
2016-06-22,1.89523446559906,1.1889343087823079e-07,0.00898214755436011,-0.002993890660212273,0.005988138000716958,0.1057448163620478
2016-06-23,1.9008749723434448,-3.5151764166130306e-08,0.005952411058499418,-0.0029762227779412953,0.002976152474412741,0.4797191311135265
2016-06-24,1.8800513744354248,0.0015648043437614945,0.004694691325801026,-0.017214517548475805,-0.010954743584396964,0.0959837929570746
2016-06-27,1.8919503688812256,-0.0031645818961864025,0.006329079411127259,-0.009493689434395547,0.006329079411127259,-0.30906186332055796
2016-06-28,1.8860011100769043,-0.006289162495289435,1.4043406149077953e-07,-0.00943381395996501,-0.0031445110306139723,-0.49801793307060294
2016-06-29,1.897899866104126,0.003154416195854548,0.0063089867570313984,-1.5436532230239663e-07,0.0063089867570313984,-0.013365007270191853
2016-06-30,1.9097992181777956,1.5965726918309997e-07,0.009404540736065892,-0.003134634035663053,0.0062697470431334335,0.3289092070175137
2016-07-01,1.915748953819275,1.1019785373100888e-07,0.0031153723306873715,-0.0031151519349802426,0.0031153723306873715,-0.47419188212990093
2016-07-04,1.9335970878601076,-0.0031058147029568994,0.015527703479058408,-0.0031058147029568994,0.009316530751720009,0.7176347324512982
2016-07-05,1.9335970878601076,0.0,0.006153840285081147,-0.00923076042762172,0.0,-0.02116953941611044
2016-07-06,1.9335970878601076,0.0,0.006153840285081147,-0.0030769201425406845,0.0,-0.33740405419231934
2016-07-07,1.939546585083008,-1.3716759617032892e-08,0.003076906383575828,-0.003076933817094618,0.003076906383575828,-0.08697839484956305
2016-07-08,1.9216980934143064,-0.0030674404680994805,4.140507914307534e-08,-0.009202404214455728,-0.00920240421445595,-0.34556895541892274
2016-07-11,1.9335970878601076,-2.7688318082752517e-08,0.012383861014249264,-2.7688318082752517e-08,0.006191916662965591,0.4347977443458504
2016-07-12,1.963344931602478,1.1439987934735996e-07,0.018461637367118477,-0.0030768060946604336,0.015384716872578696,0.6460108843613313
2016-07-13,1.98714292049408,-5.49229091095782e-08,0.015151445165763722,-0.0030303549406436314,0.012121145148029644,0.1138835415897077
2016-07-14,1.975244164466858,-0.0029938616413978103,-0.0029938616413978103,-0.011975890563757585,-0.005987871282184143,-0.5396014003715912
2016-07-15,1.9811935424804688,-7.422190484440705e-08,0.006024016092621931,-0.00301211937916801,0.0030119709353586543,-0.34787089819862516
2016-07-18,1.98714292049408,-0.0030030737638325755,0.006005926195260525,-0.0030030737638325755,0.003002926208896639,0.5813058937408968
2016-07-19,1.975244164466858,1.4799938896636888e-07,0.002994157640175521,-0.00898188092297092,-0.005987871282184143,-0.4027853786944462
2016-07-20,1.963344931602478,-9.307646331446762e-08,-9.307646331446762e-08,-0.009036228377880873,-0.006024183277408501,-0.3416722016793976
2016-07-21,1.963344931602478,0.0,0.0030303001841673893,-0.0030303001841673893,0.0,0.1941782603707729
2016-07-22,1.963344931602478,0.0,0.0030303001841673893,-0.0030303001841673893,0.0,0.2926122384019756
2016-07-25,1.9811935424804688,1.8854560579484314e-08,0.009090919578468082,1.8854560579484314e-08,0.00909091957846786,-0.4529168857763999
2016-07-26,1.999042272567749,-0.0030029222915284315,0.009009079478895066,-0.0030029222915284315,0.009009079478895066,0.1963711544329776
2016-07-27,1.98714292049408,-0.002976339207161116,0.0029760353500936088,-0.01785727560029693,-0.005952526485787812,0.48428369336473764
2016-07-28,1.9811935424804688,-0.0029939356410920714,7.37774734638208e-08,-0.008981954478223142,-0.0029939356410921825,-0.6279554966673153
2016-07-29,1.98714292049408,-7.377746813475028e-08,0.003002926208896417,-0.0030030737638325755,0.003002926208896639,-0.19565780678205158
2016-08-01,1.99309241771698,-0.002994022682970776,0.005988004788565426,-0.002994022682970776,0.00299399563138647,0.489930536449382
2016-08-02,1.999042272567749,1.6545435066461778e-07,0.0029852378132992907,-0.0029849069045975174,0.0029852378132992907,-0.5771454580490918
2016-08-03,1.98714292049408,-0.002976339207161116,-1.5192853353163116e-07,-0.008928713764415286,-0.005952526485787812,0.31662962093659885
2016-08-04,1.975244164466858,-0.0029938616413978103,1.4799938896636888e-07,-0.00898188092297092,-0.005987871282184143,0.015465590796608808
2016-08-05,1.9811935424804688,-7.422190484440705e-08,0.006024016092621931,-0.00301211937916801,0.0030119709353586543,-0.2144873638839293
2016-08-08,1.98714292049408,-7.377746813475028e-08,0.006005926195260525,-0.0030030737638325755,0.003002926208896639,-0.05851967399938829
2016-08-09,1.999042272567749,1.5192855662427007e-07,0.00598817123365758,-0.0029938577239942976,0.00598817123365758,0.2660705934413663
2016-08-10,1.99309241771698,-0.002976352692695472,-1.6545432335313137e-07,-0.002976352692695472,-0.002976352692695472,-0.13964719140984627
2016-08-11,2.0228404998779297,1.5809958608947738e-07,0.017910663291288653,1.5809958608947738e-07,0.014925590954294687,0.975634879651281
2016-08-12,2.0823354721069336,-0.002941306782054065,0.032352771500938626,-0.0058824799723032895,0.029411598310689513,0.2211222874740031
2016-08-15,2.118032693862915,3.60134357890729e-08,0.028571438365980972,-0.0028571042218188403,0.0171428774249629,0.1620151557596614
2016-08-16,2.0525877475738525,-8.634069281754364e-08,0.0028088995471113876,-0.04213487465775256,-0.03089893110653663,0.8178746138958743
2016-08-17,2.0466384887695312,-0.005796967041295509,1.2955032491213103e-07,-0.011594063632916263,-0.002898418745485243,-1.4020629319258866
2016-08-18,2.034739255905152,-0.002907063810066113,0.002906883512860281,-0.008721011132992507,-0.005814037471528977,0.18246196045378937
2016-08-19,2.0406885147094727,-1.3004289123319523e-07,0.0029238433313041323,-0.0029241034170862656,0.0029238433313041323,-0.7939281189892569
2016-08-22,2.0525877475738525,-0.0029153586809754772,0.008746438607701856,-0.005830808003144727,0.005830989285532384,0.8223207529644974
2016-08-23,2.058537721633911,-0.0028983298973292992,0.011594412873118243,-0.00579687845141863,0.0028987672108495843,0.24024366160939437
2016-08-24,2.058537721633911,0.0,0.0028901706222559387,-0.008670511866767483,0.0,-0.7025140632851503
2016-08-25,2.058537721633911,-0.0028901706222559387,0.0,-0.008670511866767483,0.0,-0.03999316320639679
2016-08-26,2.0525877475738525,-0.0028903886470129647,-2.186567120698868e-07,-0.0057805586373136375,-0.0028903886470129647,-0.41747623978090687
2016-08-29,2.0406885147094727,-9.064118555723866e-08,-9.064118555723866e-08,-0.011594281271483653,-0.005797185956334716,0.3201008862261716
2016-08-30,2.0525877475738525,9.064119388391134e-08,0.005830989285532384,9.064119388391134e-08,0.005830989285532384,-0.29335756898175447
2016-08-31,2.0644869804382324,8.959633146510271e-08,0.008695734136336508,8.959633146510271e-08,0.005797185956334827,0.006243846570662015
2016-09-01,2.070436477661133,0.0028818284054459298,0.00576366997580835,-1.3164916490282508e-08,0.0028818284054459298,0.26393183612792726
2016-09-02,2.0644869804382324,-0.0028735473351113594,1.3164916712327113e-08,-0.008620668335167059,-0.0028735473351113594,0.06983269484100774
2016-09-05,2.058537721633911,1.290604170200993e-07,0.002881971040650688,-0.005763554900049539,-0.002881712919816204,0.17786885239426553
2016-09-06,2.058537721633911,0.0,0.0028901706222559387,-0.0028901706222559387,0.0,-0.15234865301628986
2016-09-07,2.0525877475738525,-0.0028903886470129647,-2.186567120698868e-07,-0.0057805586373136375,-0.0028903886470129647,-0.07219352038289273
2016-09-08,2.0525877475738525,0.0,0.00289854792030253,-0.002898547920302308,0.0,-0.44409791251672104
2016-09-09,2.0466384887695312,1.2955032491213103e-07,0.002898677846135067,-0.002898418745485243,-0.002898418745485243,-0.20179098239647075
2016-09-12,2.0109410285949707,-0.002907128558357175,-0.002907128558357175,-0.020349038702228928,-0.017441995921821274,1.1322238867492338
2016-09-13,2.0109410285949707,0.0,0.005917153919925644,0.0,0.0,-0.6849417150387893
2016-09-14,1.98714292049408,-0.002958582809305721,6.488065462662007e-08,-0.017751468568892315,-0.011834314265057433,0.5456439056575562
2016-09-19,1.99309241771698,-0.002994022682970776,0.00299399563138647,-0.005988031840149621,0.00299399563138647,-0.15566515769882017
2016-09-20,1.98714292049408,1.3525791819901656e-08,1.3525791819901656e-08,-0.0059701302850695415,-0.002985058379638472,-0.6954773864005368
2016-09-21,2.0109410285949707,0.002993944122770875,0.01497005151926345,-0.00299407388407269,0.0119760425158415,0.5860413227880308
2016-09-22,2.01689076423645,1.0503615777146535e-07,0.008875836848319274,1.0503615777146535e-07,0.0029586823068783463,-0.3231738217758462
2016-09-23,2.0228404998779297,1.0441828757201677e-07,0.005899804240109052,-0.002949745492622946,0.002949954329198423,-0.30323820449277505
2016-09-26,2.0049917697906494,-6.541580832575278e-09,-6.541580832575278e-09,-0.01176477092039474,-0.008823597356468427,0.843009520221301
2016-09-27,2.0109410285949707,-2.0291283320261755e-07,0.005934579272915963,-0.0059349143512408276,0.0029672235537119285,-0.3292548256065082
2016-09-28,1.999042272567749,2.1680922124289737e-07,2.1680922124289737e-07,-0.008875586533061641,-0.005917008931651924,-0.461851410294873
2016-09-29,2.0049917697906494,-1.3896344408514949e-08,0.0029761737930926735,-1.3896344408514949e-08,0.0029761737930926735,-0.02785953865445734
2016-09-30,2.0049917697906494,-0.002967356321318726,0.0029674270686739224,-0.002967356321318726,0.0,-0.12009326791537589
2016-10-10,2.0228404998779297,0.0029674336296665604,0.008902146311126291,6.541581054619883e-09,0.008902146311126291,0.4541342253444647
2016-10-11,2.0228404998779297,0.0,0.0029411735831661456,-0.0029411735831661456,0.0,-0.11024219421103254
2016-10-12,2.01689076423645,-1.0441827691387573e-07,-1.0441827691387573e-07,-0.005882450970384534,-0.002941277694330613,-0.32743807810468084
2016-10-13,2.0109410285949707,-1.0503614666923511e-07,-1.0503614666923511e-07,-0.005899873952204926,-0.002949954329198312,0.011242145137558168
2016-10-14,2.0109410285949707,0.0,0.0,-0.00591722445796472,0.0,-0.1732071318819024
2016-10-17,1.999042272567749,2.1680922124289737e-07,2.1680922124289737e-07,-0.005917008931651924,-0.005917008931651924,0.3800332258238903
2016-10-18,2.01689076423645,-1.1177303937959238e-07,0.011904708777415118,-1.1177303937959238e-07,0.008928521379277798,0.19560110305535972
2016-10-19,2.0109410285949707,-1.0503614666923511e-07,0.0058995935499563945,-0.002949954329198312,-0.002949954329198312,-0.4040303360514379
2016-10-20,2.01689076423645,0.0029586823068783463,0.005917259577598699,1.0503615777146535e-07,0.0029586823068783463,0.002365606382500829
2016-10-21,2.0228404998779297,1.0441828757201677e-07,0.002949954329198423,-0.005899665733503201,0.002949954329198423,0.5165615177701746
2016-10-24,2.0406885147094727,-2.745602268872105e-07,0.017646762093593837,-0.002941447335863656,0.00882324376668353,0.6643885752489673
2016-10-25,2.0466384887695312,2.2019153056440643e-07,0.0058311195912637,2.2019153056440643e-07,0.0029156698913972434,-0.47483479934135175
2016-10-26,2.028789520263672,-1.943782662605642e-07,-1.943782662605642e-07,-0.011628087812147081,-0.008721114453676848,-0.0941534656567633
2016-10-27,2.01689076423645,1.4432877137871003e-07,1.4432877137871003e-07,-0.011730121078257882,-0.005864953416003127,0.103208639113614
2016-10-28,2.028789520263672,-1.4432875072856177e-07,0.00589955402553799,-0.0029499935058949767,0.00589955402553799,0.2737606816700868
2016-10-31,2.01689076423645,-0.002932404543615985,-0.002932404543615985,-0.00879750228839049,-0.005864953416003127,-0.5656499750293698
2016-11-01,2.0228404998779297,-0.002949745492622946,0.002949954329198423,-0.002949745492622946,0.002949954329198423,-0.03719185434319172
2016-11-02,2.0109410285949707,-0.0029413824215368534,-2.094544127029252e-07,-0.008823798478880596,-0.005882555388661226,0.31667282423218523
2016-11-03,2.0109410285949707,-0.0029586474980018984,0.0,-0.008875801417927431,0.0,0.015031979618356672
2016-11-04,2.0049917697906494,-0.002958445185475167,2.0291287405882485e-07,-0.0088756003060676,-0.002958445185475167,0.13095843188600398
2016-11-07,1.999042272567749,-0.002967342466209555,1.3896344519537251e-08,-0.00593469882876374,-0.002967342466209555,-0.1606471686075679
2016-11-08,2.0109410285949707,-2.1680917461353033e-07,0.011904602490843796,-2.1680917461353033e-07,0.005952228319783259,0.615993328953774
2016-11-09,1.999042272567749,2.1680922124289737e-07,0.0029587944106310715,-0.011834164134471137,-0.005917008931651924,-0.08189717488901138
2016-11-10,2.0109410285949707,0.002975970276355433,0.008928415405313528,-2.1680917461353033e-07,0.005952228319783259,-0.4141386774781708
2016-11-11,2.0109410285949707,-0.0029586474980018984,0.0,-0.00591722445796472,0.0,0.4651283242519071
2016-11-14,2.0228404998779297,-0.002958438663247076,0.005917364613756471,-0.002958438663247076,0.005917364613756471,-0.014368612606403985
2016-11-15,2.01689076423645,-0.002941277694330613,-1.0441827691387573e-07,-0.008823694369540558,-0.002941277694330613,-0.6271408140704082
2016-11-16,2.01689076423645,0.0,0.0,-0.0058997695357471125,0.0,-0.04618759556048957
2016-11-17,2.01689076423645,-0.0029498496028925736,0.0029498496028923515,-0.0058997695357471125,0.0,0.16326105637153177
2016-11-18,2.0109410285949707,-1.0503614666923511e-07,-1.0503614666923511e-07,-0.005899873952204926,-0.002949954329198312,-0.46026902806631753
2016-11-21,2.028789520263672,-0.0029586866743567253,0.01183426808224275,-0.0029586866743567253,0.008875691238530159,1.1337223600391724
2016-11-22,2.0406885147094727,-0.005865122560096192,0.005865070933654293,-0.005865122560096192,0.005865070933654293,0.11669601294157772
2016-11-23,2.0525877475738525,-0.0029153586809754772,0.014577337252040135,-0.0029153586809754772,0.005830989285532384,0.12839996069033788
2016-11-24,2.0525877475738525,0.0,0.00289854792030253,-0.002898547920302308,0.0,-0.4988401945876326
2016-11-25,2.0763862133026123,1.78165771913541e-07,0.011594371912669432,1.78165771913541e-07,0.011594371912669432,0.1445322278187895
2016-11-28,2.1061336994171143,0.002865260623590382,0.022922546707925484,-6.595988610857972e-08,0.014326566957496345,0.5220391522970367
2016-11-29,2.118032693862915,-2.586517089397944e-08,0.008474542196155621,-0.008474593926497298,0.005649686175713375,-0.43924269201465904
2016-11-30,2.088284969329834,-0.002809034946775535,-0.002809034946775535,-0.01685396491088975,-0.014044978918066886,-0.10755655197952763
2016-12-01,2.094234704971313,1.0097822311649907e-07,0.00854710226045241,-0.005697899876596191,0.002849101405632659,-0.12942459415002006
2016-12-02,2.088284969329834,-0.0028410070883437832,-1.0097821256938033e-07,-0.014204631528868417,-0.0028410070883437832,0.28673732633972193
2016-12-05,2.088284969329834,-0.0028490001397228903,0.0028490001397227793,-0.008547000419168449,0.0,0.021211680737661
2016-12-06,2.0823354721069336,1.2940518878679086e-08,0.002849013117109278,-0.0028489872360714097,-0.0028489872360714097,-0.28085640013301116
2016-12-07,2.0823354721069336,0.0,0.0028571401323589374,-0.0028571401323591594,0.0,-0.42782875326717473
2016-12-08,2.094234704971313,8.803770290555235e-08,0.005714368805493031,-0.002857052346191935,0.005714368805493031,0.0825526888679029
2016-12-09,2.1358814239501958,-0.002840885113911895,0.02840908592008784,-0.002840885113911895,0.019886366547178902,1.0997805645662737
2016-12-12,2.1656289100646973,0.002785382976151496,0.041782622568401706,-0.0027856417639052777,0.013927498868118393,0.25551400229647214
2016-12-13,2.129931688308716,-0.0054945353133804,-0.0027472196820246264,-0.027472536367349143,-0.01648353584036477,-0.7191540876899012
2016-12-14,2.1358814239501958,-0.0027931948172306154,0.01675992810993998,-0.0027931948172306154,0.0027933927055681096,-0.3249648928126412
2016-12-15,2.070436477661133,-0.005571108274243897,-0.0027855957757572103,-0.033426233259111315,-0.030640720760624518,0.2984430472637669
2016-12-16,2.058537721633911,-0.002873418645555459,1.4222533550878325e-07,-0.011494101258227696,-0.0057469795164463156,-0.6218441717076253
2016-12-19,2.058537721633911,-0.0028901706222559387,0.0028901706222559387,-0.008670511866767483,0.0,-0.1193251684637957
2016-12-20,2.034739255905152,-0.0028903493591887486,-1.792550102797108e-07,-0.020231369984258896,-0.0115608596717236,0.40732302529103137
2016-12-21,2.058537721633911,1.7925504258720082e-07,0.011696076369339226,-0.0029237950235319055,0.011696076369339226,-0.27242739016851303
2016-12-22,2.0525877475738525,-0.0028903886470129647,-2.186567120698868e-07,-0.00867072862761431,-0.0028903886470129647,-0.46461916880375753
2016-12-23,2.0406885147094727,-0.0028986382987601367,-9.064118555723866e-08,-0.011594281271483653,-0.005797185956334716,0.0008763667300115685
2016-12-26,2.0466384887695312,-0.0029152295083362256,0.0029156698913972434,-0.011661578607936263,0.0029156698913972434,0.33999240808829256
2016-12-27,2.028789520263672,-0.0029071677367364934,-1.943782662605642e-07,-0.008721114453676848,-0.008721114453676848,-0.437187637269556
2016-12-28,2.034739255905152,1.0422968332868265e-07,0.005865201739272852,-0.0029324445251109887,0.0029326529844784233,0.005043729028514576
2016-12-29,2.034739255905152,-0.0029239737544375366,0.005847947508874185,-0.005847947508874518,0.0,0.11922361463648912
2016-12-30,2.0466384887695312,9.014861057643486e-08,0.005848038184669502,9.014861057643486e-08,0.005848038184669502,-0.06646702727046261
2017-01-03,2.0644869804382324,-3.9953988451024713e-08,0.011627855275522014,-0.0029070137613661506,0.008720881468144315,0.3422317571861271
2017-01-04,2.0644869804382324,-0.0028818416083017384,0.0028818416083016274,-0.005763683216603255,0.0,-0.19013617731972232
2017-01-05,2.058537721633911,0.002881971040650688,0.002881971040650688,-0.005763554900049539,-0.002881712919816204,0.25302310606610945
2017-01-06,2.0466384887695312,-8.91064156904875e-08,-8.91064156904875e-08,-0.011560770565308465,-0.005780429835861911,0.31225652723269093
2017-01-09,2.0466384887695312,-0.002906973923522904,0.0,-0.005813947847045697,0.0,-0.6563958043634628
2017-01-10,2.0406885147094727,-2.2019148204766026e-07,-2.2019148204766026e-07,-0.005814166758345896,-0.0029071934749139716,0.3016186393466427
2017-01-11,2.0406885147094727,0.0,0.00583089811581905,-0.002915449057909525,0.0,-0.056432055641412404
2017-01-12,2.0406885147094727,0.0,0.002915449057909525,-0.002915449057909525,0.0,0.016494899232714744
2017-01-13,2.058537721633911,-0.002915140661677973,0.008746659176929628,-0.002915140661677973,0.008746659176929628,0.3236449902916476
2017-01-16,2.0823354721069336,-0.0028903384652153585,0.02023102262082488,-0.008670678736725779,0.011560512213559804,0.8945081672341821
2017-01-17,2.0823354721069336,-0.0028571401323591594,0.0028571401323589374,-0.00571428026471843,0.0,-1.3031917981754795
2017-01-18,2.088284969329834,-1.2940518878679086e-08,0.005714267250253702,-0.002857153035904947,0.0028571271548674115,0.055749803441692336
2017-01-19,2.094234704971313,1.0097822311649907e-07,0.011396102687862175,-0.00284889944918687,0.002849101405632659,0.28420241043967565
2017-01-20,2.094234704971313,-0.002840906397000409,0.0,-0.005681812794001484,0.0,-0.6318074765728774
2017-01-23,2.088284969329834,-1.0097821256938033e-07,-1.0097821256938033e-07,-0.005681913198474997,-0.0028410070883437832,0.27051185353684204
2017-01-24,2.1061336994171143,7.481912800422208e-08,0.008547075877775479,-0.0028489255337545982,0.008547075877775479,0.602216929032366
2017-01-25,2.1061336994171143,-0.0028248560935075773,0.0,-0.0056497121870150435,0.0,-0.8014953247020955
2017-01-26,2.129931688308716,-5.144134584966764e-08,0.014124228299619679,-0.0028249073895388888,0.011299372351426529,0.6330197245332663
2017-02-03,2.112083196640014,3.8472332430927736e-08,3.8472332430927736e-08,-0.011173135897601716,-0.008379842305118346,-0.779295117184283
2017-02-06,2.112083196640014,0.0,0.005633797519761785,-0.0028168987598806705,0.0,0.45414332284250136
2017-02-07,2.1061336994171143,1.2969015639185955e-08,0.0028169117654288645,-0.008450683420224259,-0.002816885827397586,-0.01613972566056887
2017-02-08,2.112083196640014,-0.002824869025887078,0.0028248430878563546,-0.008474581139630843,0.0028248430878563546,-0.3413428073160567
2017-02-09,2.1239824295043945,-0.0028168124729531785,0.008450783541562812,-0.0028168124729531785,0.0056338845379340086,0.2849887013726189
2017-02-10,2.141830921173096,-3.8979681038497915e-08,0.008403314180365662,-3.8979681038497915e-08,0.008403314180365662,0.29028616471044444
2017-02-13,2.159679651260376,6.379909489595548e-09,0.01111117348725621,-0.002777768840080741,0.008333398267265535,0.17132207034091707
2017-02-14,2.1537296772003174,-1.427077468418858e-07,-1.427077468418858e-07,-0.008264661876145829,-0.002755026217238332,-0.3829428747917518
2017-02-15,2.183477640151977,9.208147200290284e-08,0.01657472982175978,-0.002762336564993584,0.013812301175294195,0.851002528673785
2017-02-16,2.1953766345977783,0.002724768015713863,0.008174353850240568,-0.0027248178188129524,0.005449560932976993,-0.43971335451032445
2017-02-17,2.159679651260376,7.552784198061602e-08,7.552784198061602e-08,-0.016260072542833903,-0.016260072542833903,-0.18773332236601448
2017-02-20,2.1953766345977783,0.002754742486685613,0.02479328660286284,-7.55278364295009e-08,0.01652883255929627,0.842353209525605
2017-02-21,2.207275629043579,0.002709999773937266,0.018970146215982142,-2.4633070028201587e-08,0.00542002418094456,-0.3570498210613877
2017-02-22,2.2132251262664795,-1.2217208689158099e-08,0.0026954029413528424,-0.008086257692893062,0.0026954029413528424,-0.6729870051458775
2017-02-23,2.21917462348938,-0.002688181577730764,0.008064496126388265,-0.002688181577730764,0.0026881572743286952,0.2609704032090967
2017-02-24,2.2132251262664795,1.2151701200835419e-08,0.0026809747612557278,-0.00804287567696238,-0.002680950457853326,-0.2858964277231877
2017-02-27,2.1953766345977783,-0.002688132707475588,3.685027993860501e-08,-0.013440810938497139,-0.008064471822986197,0.08293435856713671
2017-02-28,2.189427137374878,-0.00271001209047228,0.0027100369243555633,-0.0054200365978863685,-0.00271001209047228,-0.37951395073044125
2017-03-01,2.183477640151977,0.0027174011820807475,0.008152178577024882,-0.008152153607807855,-0.0027173762128637202,1.010190013065749
2017-03-02,2.183477640151977,0.0027247929851150765,0.005449585970229931,-0.0027247929851147434,0.0,-0.7879636440341251
2017-03-03,2.1715786457061768,-0.0027247678792666763,-0.0027247678792666763,-0.008174353986686755,-0.00544956093297666,-0.21157860221564562
2017-03-06,2.159679651260376,2.5451846630275554e-08,0.0027397488645850565,-0.013698656932003228,-0.005479421373629889,1.2169380497141695
2017-03-07,2.1656289100646973,-0.0027550064171344424,0.0027546950312049567,-0.005509824301284549,0.0027546950312049567,-0.8084308836180583
2017-03-08,2.1656289100646973,-0.002747250048093064,0.0,-0.0054945655957939765,0.0,-0.5746955609078093
2017-03-09,2.1656289100646973,-0.002747250048093064,0.002747250048093175,-0.0054945655957939765,0.0,0.5829389964335441
2017-03-10,2.159679651260376,-0.002747127532640614,0.0027473732385612237,-0.00549444341785732,-0.002747127532640614,-0.568207748561349
2017-03-13,2.183477640151977,-5.0626287939614656e-08,0.01101922170619729,-0.0027549343894532896,0.01101922170619729,0.4296937596750503
2017-03-14,2.177527904510498,-9.693764047025155e-08,0.002724695783339337,-0.005449682379600196,-0.0027248896586203886,-0.30819377154269745
2017-03-15,2.177527904510498,-0.002732237767417156,0.0,-0.005464475534834423,0.0,-0.052713908593098324
2017-03-16,2.189427137374878,8.445304033877221e-08,0.008196798447529297,-0.002732153545122462,0.005464560449366385,0.56495289497661
2017-03-17,2.1715786457061768,3.765905209895948e-08,0.0027174264249330005,-0.013586906170352409,-0.008152128638590606,-0.02212346969136192
2017-03-20,2.183477640151977,-0.002739748448478907,0.005479421373629778,-0.002739748448478907,0.005479421373629778,-0.22264337770172205
2017-03-21,2.1715786457061768,-0.0027247678792666763,2.517444341876285e-08,-0.008174353986686755,-0.00544956093297666,0.2410182670412908
2017-03-22,2.141830921173096,-0.0027397043233222673,1.9071937140680006e-08,-0.016438386619775702,-0.013698663224516516,-0.05344965622358089
2017-03-23,2.141830921173096,0.0027777752022681845,0.008333391834189685,0.0,0.0,-0.3097238601163177
2017-03-24,2.159679651260376,0.00277778159989972,0.008333398267265535,6.379909489595548e-09,0.008333398267265535,-0.03352452151575136
2017-03-27,2.1715786457061768,-0.002754909284363949,0.008264429005571117,-0.005509727436836309,0.005509610853098756,0.33055518313424415
2017-03-28,2.1656289100646973,0.00273962567505337,0.00273962567505337,-0.0054795435534120696,-0.002739820477256849,-0.49112920078083633
2017-03-29,2.1715786457061768,9.74011111765094e-08,0.005494598032467879,-0.0027471529145671747,0.0027473477167894167,0.5579748433625085
2017-03-30,2.177527904510498,-0.002739845120534823,0.002739600896373151,-0.010959079466045463,0.002739600896373151,0.38571932729760405
2017-03-31,2.201326370239258,-0.002732070233338546,0.013661359125147099,-0.005464308459752432,0.010929120898732991,-0.018988966654493566
2017-04-05,2.189427137374878,-0.008108183133791247,-0.0027027834046114974,-0.010810882998381177,-0.005405483269201317,0.3501574971022272
2017-04-06,2.177527904510498,-0.0027174728870881237,-8.445303334436716e-08,-0.008152249755197905,-0.005434861321143125,-0.652422080514075
2017-04-07,2.1656289100646973,-0.0027322131239512215,2.47109819273561e-08,-0.010928991770440155,-0.0054644509588848145,0.20983763777320164
2017-04-10,2.159679651260376,1.2285296047132022e-07,1.2285296047132022e-07,-0.00549444341785732,-0.002747127532640614,-0.43428329656730114
2017-04-11,2.1537296772003174,-0.002755026217238332,-1.427077468418858e-07,-0.008264661876145829,-0.002755026217238332,0.2273893128558555
2017-04-12,2.1537296772003174,-0.0027624283920970605,0.0027624942535851016,-0.005524856784194343,0.0,0.11378193366200406
2017-04-13,2.159679651260376,1.4270776715896716e-07,0.005525066141899071,-0.0027622860785500025,0.0027626373555817985,-0.43098626851643473
2017-04-14,2.147779703140259,-3.522500471309087e-07,-3.522500471309087e-07,-0.008264869686679499,-0.005510052434476775,-0.16814425798046173
2017-04-17,2.141830921173096,-0.002769735629061465,3.4587025932175663e-07,-0.011079980127025046,-0.002769735629061465,0.5241266552982218
2017-04-18,2.1239824295043945,3.897968214872094e-08,3.897968214872094e-08,-0.008333286951953123,-0.008333286951953123,-0.40199991111624556
2017-04-19,2.1001839637756348,-0.0028012913835433473,-1.7404185315150755e-07,-0.014005760750304685,-0.011204643408614712,0.28201896157402473
2017-04-20,2.088284969329834,2.5661086588968374e-08,0.002832884244915679,-0.008498550090400236,-0.005665691506571258,-0.279442361855466
2017-04-21,2.1061336994171143,7.481912800422208e-08,0.014245076583540461,-0.0028489255337545982,0.008547075877775479,0.6701941460247909
2017-04-24,2.1239824295043945,7.356165920846536e-08,0.011299498766893734,-0.0028247827396490344,0.00847464246558527,-0.31397982903896704
2017-04-25,2.1239824295043945,0.0,0.0028011178292020045,-0.0028011178292024486,0.0,-0.35748144029976814
2017-04-26,2.129931688308716,-1.250029959543042e-07,0.005602109955112011,-1.250029959543042e-07,0.0028009924760581395,0.013284583682366957
2017-04-27,2.1358814239501958,9.894416863609479e-08,0.0027933927055681096,-0.008379782340028785,0.0027933927055681096,0.012702766812736854
2017-04-28,2.1358814239501958,-0.002785512730456907,0.0,-0.005571025460913592,0.0,-0.05698892252461363
2017-05-02,2.118032693862915,-0.002785585894074738,-0.002785585894074738,-0.011142123472342114,-0.008356610946253062,-0.40993865591027046
2017-05-03,2.1001839637756348,-0.0028090605357785625,-7.461503748196208e-08,-0.011236018298001915,-0.008427032377261057,0.24699962795222774
2017-05-04,2.1001839637756348,0.0,0.002832858511134795,-0.0028328585111343507,0.0,-0.12583235427896255
2017-05-05,2.1061336994171143,-0.0028327583155643987,0.008498676867559452,-0.01133133470290748,0.002832959275997471,0.8557872118406316
2017-05-08,2.1239824295043945,-0.005649639040957943,0.00847464246558527,-0.005649639040957943,0.00847464246558527,-0.24014370454881728
2017-05-09,2.1239824295043945,-0.005602235658404231,0.0028011178292020045,-0.008403353487606458,0.0,-0.5689149401229407
2017-05-10,2.129931688308716,-0.002801242482050048,0.008403227434166105,-0.002801242482050048,0.0028009924760581395,0.48787253902690253
2017-05-11,2.1537296772003174,-5.030452399079621e-08,0.01675977635986503,-0.002793343649027724,0.011173123073490832,0.558845418474121
2017-05-12,2.183477640151977,-0.002762336564993584,0.01933715846822559,-0.005524765211459282,0.013812301175294195,0.14444545934244601
2017-05-15,2.177527904510498,-9.693764047025155e-08,0.005449488504319477,-0.008174475100580225,-0.0027248896586203886,-0.6760307144307802
2017-05-16,2.159679651260376,1.4756394550730079e-07,0.0027323857345424862,-0.013661108430735869,-0.00819656694784554,0.12796078103269437
2017-05-17,2.1537296772003174,-0.002755026217238332,-0.002755026217238332,-0.008264661876145829,-0.002755026217238332,-0.37557686988223793
2017-05-18,2.147779703140259,-0.005525065168833221,-2.0954233026504454e-07,-0.008287492982084643,-0.0027626373555816874,-0.2858318271298934
2017-05-19,2.147779703140259,0.0,0.0027700805412327334,-0.0027700805412326224,0.0,-0.33725492055719997
2017-05-22,2.159679651260376,3.5225017125384284e-07,0.011080744362100159,3.5225017125384284e-07,0.005540581328112193,0.9520779420415018
2017-05-23,2.189427137374878,-6.311089573163287e-08,0.01652884518147535,-6.311089573163287e-08,0.013774027132746891,0.5934275973415168
2017-05-24,2.177527904510498,-0.0027174728870881237,0.00271730398102199,-0.013587026623307796,-0.005434861321143125,-0.490049345287936
2017-05-25,2.201326370239258,-0.002732070233338546,0.030054788483632633,-0.002732070233338546,0.010929120898732991,1.1350400364010333
2017-05-26,2.201326370239258,-0.005405400180746978,0.0027027000903736553,-0.008108100271120522,0.0,-0.9740007054058673
2017-05-31,2.21917462348938,-1.4495893640997792e-07,0.010810653835435557,-0.0027028446575294574,0.00810795413684251,0.2508991202474036
2017-06-01,2.2251245975494385,-0.002680760908934987,0.005362128448347603,-0.005361724028029147,0.002681165329253332,-0.30106565166252963
2017-06-02,2.2132251262664795,-1.900584196690147e-07,0.010694984847650302,-0.005347777511454432,-0.005347777511454432,0.12062199110324912
2017-06-05,2.159679651260376,1.123781248058009e-07,0.002688282138912035,-0.029569819081555426,-0.0241934154689587,0.7848678038691936
2017-06-06,2.1656289100646973,-1.2285294515024248e-07,0.005509512915355064,-0.0027550064171344424,0.0027546950312049567,-1.3726621034025897
2017-06-07,2.183477640151977,7.222666598138971e-08,0.010989073212737344,-0.0027471780198516926,0.008241822966219337,0.5169085641988822
2017-06-08,2.183477640151977,-0.0027247929851147434,0.0,-0.008174378955344563,0.0,-0.49935264077359065
2017-06-09,2.177527904510498,-9.693764047025155e-08,0.005449488504319477,-0.008174475100580225,-0.0027248896586203886,0.8556322361832613
2017-06-12,2.1656289100646973,-0.0027322131239512215,0.0027322625459156313,-0.008196688793818296,-0.0054644509588848145,-0.41200546048293774
2017-06-13,2.1656289100646973,-0.002747250048093064,0.002747250048093175,-0.0054945655957939765,0.0,-0.5590431166646219
2017-06-14,2.159679651260376,1.2285296047132022e-07,1.2285296047132022e-07,-0.008241693803458183,-0.002747127532640614,0.4567847126976261
2017-06-15,2.147779703140259,-0.0027552351822740517,-3.522500471309087e-07,-0.008264869686679499,-0.005510052434476775,-0.3021133343468847
2017-06-16,2.1537296772003174,2.0954237434089862e-07,0.0027702906640560965,-0.0027698715793077477,0.0027702906640560965,-0.36713312959892974
2017-06-19,2.1537296772003174,0.0,0.0,0.0,0.0,-18.20774195894166
2017-06-20,2.1537296772003174,-0.0027624283920970605,0.0027624942535851016,-0.0027624283920970605,0.0,18.208203578943603
2017-06-21,2.1537296772003174,0.0027624942535851016,0.005524922645682384,-0.0027624283920970605,0.0,0.4527985607119511
2017-06-22,2.1715786457061768,1.1725591764211174e-07,0.01933718412947094,1.1725591764211174e-07,0.008287469265437997,1.1642588081726615
2017-06-23,2.183477640151977,-0.002739748448478907,0.005479421373629778,-0.005479471722515061,0.005479421373629778,-0.7712239627420949
2017-06-26,2.177527904510498,-9.693764047025155e-08,0.008174281225299174,-0.005449682379600196,-0.0027248896586203886,0.41334892268616485
2017-06-27,2.177527904510498,0.0,0.005464475534834534,-0.005464475534834423,0.0,-0.5984273783160958
2017-06-28,2.183477640151977,9.693765012919187e-08,0.005464573002197826,-0.00273214109462383,0.0027323349699237554,0.005582469082014541
2017-06-29,2.189427137374878,-1.2484608347129722e-08,0.0027247804664887187,-0.005449598386802035,0.0027247804664887187,-0.2027318613861624
2017-06-30,2.201326370239258,-0.0027173053505288314,0.005434861321143236,-0.005434694241086335,0.005434861321143236,0.16465331531043859
2017-07-03,2.1953766345977783,-9.595696159880873e-08,-9.595696159880873e-08,-0.008108195450053812,-0.0027027957879924847,0.016494501563684594
2017-07-04,2.189427137374878,-0.00271001209047228,0.0027100369243555633,-0.008130061105300124,-0.00271001209047228,0.23989022588222042
2017-07-05,2.189427137374878,0.0,0.0027173886635465383,-0.0027173886635467603,0.0,-0.31619367649111396
2017-07-06,2.183477640151977,1.2484608458152024e-08,0.0027174011820807475,-0.005434764910335788,-0.0027173762128637202,0.12689059048952345
2017-07-07,2.1953766345977783,-2.4901549600109263e-08,0.005449560932976993,-0.0027248178188129524,0.005449560932976993,0.0031653147772878754
2017-07-10,2.1953766345977783,-0.0027100244737636725,0.0027100244737638945,-0.005420048947527345,0.0,-0.30965078665233037
2017-07-11,2.2132251262664795,-3.685027860633738e-08,0.013550085019213842,-0.0027100612241772737,0.008130036271416952,0.8569618850246883
2017-07-12,2.23107385635376,0.0026882402505186143,0.013440918844461969,7.060203288666855e-08,0.008064579547490514,0.14970521392552527
2017-07-13,2.266770839691162,0.0026665914391039713,0.018666575020457987,-7.249112177198924e-08,0.015999911090232244,0.0975935248228339
2017-07-14,2.290422201156616,0.010433944645536597,0.013179686391978862,-0.0005490223402333516,0.010433944645536597,-0.24799342730674923
2017-07-17,2.358885765075684,-3.2492744828083175e-08,0.03804340756077207,-0.0027174210679961064,0.029891241835018567,0.7534253560797701
2017-07-18,2.3402137756347656,-0.007915597150724762,0.005277002041298662,-0.015831156665938817,-0.007915597150724762,-0.7732408522489536
2017-07-19,2.3402137756347656,-0.002659571938462779,0.01063828775385156,-0.00531914387692578,0.0,0.03161450484852679
2017-07-20,2.358885765075684,0.0026596096740694186,0.007978753751183953,-0.005319106441602384,0.007978753751183953,-0.3779360755753096
2017-07-21,2.3526620864868164,-0.0026383976201865833,0.002638642902408783,-0.00791543814278195,-0.0026383976201865833,-0.22044747788699226
2017-07-24,2.36510968208313,-0.0026456435922400656,0.0158728547422875,-0.005291143354315353,0.0052908556939859075,0.6285355888928024
2017-07-25,2.3962297439575195,0.005263248140379373,0.02368434792164642,0.002631671420446402,0.01315797830017762,0.12362449952315657
2017-07-26,2.42734956741333,-6.708245103848043e-08,0.025973994948710777,-6.708245103848043e-08,0.012986994896580395,-0.09347164751941861
2017-07-27,2.408677816390991,0.0025642244483483623,0.0025642244483483623,-0.012820438929957767,-0.0076922381815142105,-0.3722386495892991
2017-07-28,2.4149012565612797,-0.005168232426344677,0.005167734047737627,-0.01292016107676719,0.0025837578309304554,-0.14087266409876875
2017-07-31,2.439797878265381,3.102463195236993e-07,0.020618853072642107,3.102463195236993e-07,0.010309581659480704,0.6373305219129541
2017-08-01,2.464693546295166,-8.29555757420053e-08,0.012755005614672132,-8.29555757420053e-08,0.010203987900622824,-0.10056989372034408
2017-08-02,2.520709276199341,-5.035975958467276e-08,0.030302949226086007,-0.002525300325246782,0.02272725953633281,0.26982499514145175
2017-08-03,2.526932954788208,-5.552690163224128e-08,0.02469127641640334,-0.009876588304223777,0.0024690187986498024,-0.21035619660377236
2017-08-04,2.508261442184448,-0.0024628977620566594,0.014778408273492527,-0.00985211281128373,-0.007389001979011822,-0.3514541584311317
2017-08-07,2.495813369750977,-0.0024815011386439823,0.007444046645300961,-0.014888435868574912,-0.004962828923698592,-0.17777694942812872
2017-08-08,2.5331568717956543,0.002493584428199025,0.017456161042113782,-0.007481466647744184,0.014962457729122303,0.06513483788378238
2017-08-09,2.4771413803100586,-0.0049138573966196475,1.4332808007111453e-07,-0.022112918512578572,-0.022112918512578572,0.05096260265476005
2017-08-10,2.4771413803100586,0.0,0.007537741121753427,-0.015075362435176154,0.0,-0.20539254502354254
2017-08-11,2.4584693908691406,-0.010050276810790959,-0.005025156177681067,-0.03266337956394738,-0.00753771649423618,0.557003464672615
2017-08-14,2.4335734844207764,-0.007594944840089046,-0.0025316586696103593,-0.017721517181046087,-0.010126587925328168,-0.5272786414277597
2017-08-15,2.5144853591918945,0.0025576632047781267,0.04347834433044273,0.0025576632047781267,0.03324817404902669,0.7290508597439782
2017-08-16,2.508261442184448,0.002475265188697895,0.007425755371128995,-0.00990101928187681,-0.00247522499373265,-0.7474865932206249
2017-08-17,2.5020368099212646,-2.0636375552829378e-07,-2.0636375552829378e-07,-0.012407198377042294,-0.0024816520951508325,-0.3924969900248847
2017-08-18,2.489589214324951,-0.004974984999003729,0.0024877548046429165,-0.009950105329359693,-0.004974984999003729,-0.40005037210209693
2017-08-21,2.483365297317505,2.0171306847061032e-08,0.005000015503791921,-0.009999970493662858,-0.002499977494935357,0.3275073491541107
2017-08-22,2.489589214324951,-2.0171306625016427e-08,0.005012566017630338,-0.007518809823669259,0.0025062430461475493,-0.0037066283117326293
2017-08-23,2.526932954788208,-2.4590187996942348e-08,0.0199999558445223,-0.0025000221445267146,0.014999960735844642,0.6559130510307192
2017-08-24,2.526932954788208,0.0,0.017241421834467863,-0.0024629931491652046,0.0,-0.21508011865799048
2017-08-25,2.620292901992798,1.124327497770139e-07,0.03940894683085938,1.124327497770139e-07,0.03694595340477269,0.7433152862369887
2017-08-28,2.6327407360076904,0.0047505505989142716,0.033254085006392486,-0.0023753896344439474,0.0047505505989142716,-0.17749839091379727
2017-08-29,2.6887567043304443,4.212521487190202e-08,0.026004802799489468,-0.007092206323211059,0.021276674743027302,-0.43913254978477667
2017-08-30,2.6576361656188965,-0.00462983176182985,0.01157379729007868,-0.018518814347671997,-0.011574323054750923,-0.15514181818521067
2017-08-31,2.6327407360076904,0.004684002646654806,0.009367839725624938,-0.02341901982716388,-0.00936750859025448,0.48043626504475156
2017-09-01,2.6140685081481934,-0.0023641879367226615,0.007092179864129244,-0.016548570546822017,-0.007092315473422484,-0.2773933567052076
2017-09-04,2.620292901992798,1.0627365409909828e-07,0.0071430144543644936,-0.01666649026021305,0.0023811135114488735,-0.165556722564407
2017-09-05,2.6576361656188965,-2.0403665024204543e-07,0.019002149088826137,-0.0023755548088142397,0.014251560807457153,-0.015337325072511732
2017-09-06,2.6514127254486084,-0.004683694474915012,0.0023421168171846585,-0.011709505767014905,-0.0023417201537211385,-0.4925454463315724
2017-09-07,2.626516103744507,-1.735631348642741e-07,0.0023471855382315443,-0.00938994576934049,-0.00938994576934049,-0.10450162845412336
2017-09-08,2.6140685081481934,1.288302002855346e-07,0.0023698517371566474,-0.009478536808409377,-0.004739203989104657,0.11568288128247062
2017-09-11,2.6140685081481934,0.0023810069847565174,0.014285814843214562,-0.002380893452094579,0.0,-0.0746577059977298
2017-09-12,2.6140685081481934,0.0,0.004761900436851096,-0.011904694325796439,0.0,0.24246690834419127
2017-09-13,2.601620674133301,3.842067419768114e-08,0.00238104549691065,-0.007142755742702178,-0.004761862199132105,-0.44131653833312967
2017-09-14,2.564276933670044,0.0023924239341346354,0.004784709269198606,-0.019138714460852135,-0.01435402971484201,0.7828405123098641
2017-09-15,2.526932954788208,-0.004854433204894648,-0.0024271932853398015,-0.024271889612655584,-0.014563161408775227,0.08607708783880597
2017-09-18,2.526932954788208,0.002463110596742979,0.00985220749181659,-0.0024629931491652046,0.0,-0.2856881828344875
2017-09-19,2.53938102722168,0.004926158570960348,0.004926158570960348,-0.007389042741893448,0.004926158570960348,-0.3214890994174624
2017-09-20,2.570500612258911,-0.0024510748123534043,0.014705710787205728,-0.004902110967625495,0.012254791503770068,0.12084727569348885
2017-09-21,2.589172601699829,-0.002421270822097199,0.009685313672423757,-0.009685129153252592,0.007263950590740809,-0.035023450427281944
2017-09-22,2.607844591140747,-0.00480771065431318,0.009615352713094438,-0.00480771065431318,0.007211566130685743,-0.009872892887592855
2017-09-25,2.6327407360076904,1.0554197515943997e-07,0.011933212580628183,-0.007159849724119205,0.009546636694348853,0.44587742771883754
2017-09-26,2.6140685081481934,-0.004728195341346386,-0.0023641879367226615,-0.007092315473422484,-0.007092315473422484,-0.5590190015540202
2017-09-27,2.582949161529541,1.3160057221739407e-07,0.004762032664092031,-0.01666646535540861,-0.011904564291888908,0.16576781843557953
2017-09-28,2.5767247676849365,-1.0775265901763476e-07,0.0024094707382769087,-0.01204834490885165,-0.0024098011440993883,0.11906854879649487
2017-09-29,2.564276933670044,-0.002415360120973209,0.004830952707902902,-0.007246273732912423,-0.004830874515975747,-0.3375181432097598
2017-10-09,2.564276933670044,0.029126186624347072,0.03883503123630683,-0.009708728874782357,0.0,1.3293485121347608
2017-10-10,2.5767247676849365,0.0024272008964270064,0.00485432515164308,-0.004854403343567237,0.00485432515164308,-1.107219769665555
2017-10-11,2.5953969955444336,6.860868628777439e-08,0.012077410584002912,-0.0048308451458263235,0.007246496829489857,0.25645498227155983
2017-10-12,2.589172601699829,0.002397914443093452,0.002397914443093452,-0.0071944013430089715,-0.00239824344995776,-0.43901408167843314
2017-10-13,2.5767247676849365,-0.0024037480104038833,-0.0024037480104038833,-0.009615337450394112,-0.004807649365175748,-0.1621394354223611
2017-10-16,2.582949161529541,1.0775267056395421e-07,0.0048310216962845764,-0.007246205573713693,0.0024156223135143318,0.3664930722063815
2017-10-17,2.5767247676849365,-1.0775265901763476e-07,0.0024094707382769087,-0.0048193796350348705,-0.0024098011440993883,-0.44507316425635324
2017-10-18,2.5953969955444336,6.860868628777439e-08,0.012077410584002912,-0.00724624443404831,0.007246496829489857,1.0121342367890556
2017-10-19,2.607844591140747,-0.004796287977281266,0.007194049306473493,-0.007194424043684977,0.004796027589491159,-0.125343693218543
2017-10-20,2.5953969955444336,-0.004773135499944958,-0.002386559554832024,-0.009546401193802012,-0.004773135499944958,-0.893651021086221
2017-10-23,2.5580530166625977,-0.002398204047395769,-0.002398204047395769,-0.014388542078897726,-0.014388542078897726,0.39867366417898253
2017-10-24,2.564276933670044,3.8318720418928365e-08,0.007299243463779748,3.8318720418928365e-08,0.0024330680274822214,-0.17048903490011114
2017-10-25,2.5331568717956543,-1.4739685105791267e-07,0.0024270923326656924,-0.016990362554826888,-0.012135998832953687,0.3701246954127626
2017-10-26,2.489589214324951,1.0288409879599669e-07,0.0024570445675706765,-0.024569958325198815,-0.017198957536261772,0.8353379353826256
2017-10-27,2.508261442184448,-0.0024999267609587816,0.015000057792807109,-0.0049999245543539406,0.007500124017270737,-0.4003645139252754
2017-10-30,2.520709276199341,-4.0095717968036126e-08,0.009925507836475056,-0.0049628140618144245,0.004962733870378377,-0.15325567887870406
2017-10-31,2.4522454738616943,-0.007407464419207921,-0.007407464419207921,-0.029629664277721623,-0.027160530960109175,0.3208773535855869
2017-11-01,2.4335734844207764,-3.6024093152953185e-08,0.002538032493111686,-0.012690378610116793,-0.007614241575707337,0.09155786414086009
2017-11-02,2.421125888824463,-0.0025574028203319,1.3979903634719903e-07,-0.01534517689379955,-0.005114945439700258,-0.23624397720146106
2017-11-03,2.4149012565612797,-0.002570965967492622,-2.751082381902137e-07,-0.012853790694616563,-0.002570965967492622,0.04211144661365651
2017-11-06,2.408677816390991,-0.005154417005929668,2.7999280827195605e-07,-0.010309052556564557,-0.002577099230612223,-0.3945173970578857
2017-11-07,2.4335734844207764,-1.4468350928442675e-07,0.015503776322011609,-0.0025841212499526645,0.01033582318912507,0.09655368177795154
2017-11-08,2.4584693908691406,0.002557557886055495,0.01023018479110771,-0.002557526717312797,0.01023018479110771,0.05579408773226646
2017-11-09,2.439797878265381,-0.002531484175453791,1.593526637311271e-07,-0.010126414759806024,-0.007594771231688502,-0.719472271789364
2017-11-10,2.408677816390991,-3.0253502036892144e-08,-3.0253502036892144e-08,-0.02040823386251389,-0.012755180317033044,0.8091585354675352
2017-11-13,2.421125888824463,-0.0025839818121738967,0.010335964433099587,-0.007751935667535403,0.00516801057773808,0.4706703302360289
2017-11-14,2.4149012565612797,-0.005141718116852267,-0.002570965967492622,-0.010283099835361686,-0.002570965967492622,-0.8363111716002614
2017-11-15,2.408677816390991,-0.002577099230612223,2.7999280827195605e-07,-0.007731734781246891,-0.002577099230612223,-0.22682205216911555
2017-11-16,2.390005588531494,-1.3558835976201777e-07,-1.3558835976201777e-07,-0.010336041948139751,-0.007752065358194837,-0.02344175885217581
2017-11-17,2.439797878265381,0.0026043305151122187,0.02604187466233765,1.6584188533563804e-07,0.020833545315883883,1.1114199404219285
2017-11-20,2.4522454738616943,-0.0025511564842202183,0.010203931372287256,-0.007653191626822986,0.005101896229684044,-0.3556761621382911
2017-11-21,2.439797878265381,1.3891293804135785e-07,0.010152414757765849,-0.0076140679706827585,-0.005075999009475751,0.3332001018043087
2017-11-22,2.508261442184448,0.005101942156114703,0.0306121190347739,0.002550924468248894,0.02806116216796717,0.2242509813308189
2017-11-23,2.489589214324951,-0.0024815170996441704,0.009925476592697713,-0.014888451631055122,-0.00744429091220844,-0.209110648582449
2017-11-24,2.489589214324951,-0.002499997615814209,0.007500052452087624,-0.009999990463256836,0.0,-0.5901307070570425
2017-11-27,2.4584693908691406,-0.002499992728658529,-0.002499992728658529,-0.024999971381222896,-0.012499983240909396,0.50947800573541
2017-11-28,2.439797878265381,-0.005063127703571091,-0.002531484175453791,-0.015189701816040735,-0.007594771231688502,-0.646424825899004
2017-11-29,2.446021556854248,-1.1836918045737832e-07,0.0076529345019462625,-0.010204188864016084,0.0025508992545284492,0.02241892851494498
2017-11-30,2.446021556854248,0.0,0.00508905358442302,-0.007633580376634641,0.0,-0.21260590110080102
2017-12-01,2.439797878265381,1.1836919444618843e-07,0.005089172556004717,-0.010177990004425985,-0.0025444087242105784,0.21540649406429324
2017-12-04,2.439797878265381,0.0,0.0025510179256709176,-0.00765305377701242,0.0,-0.3444627909256823
2017-12-05,2.4771413803100586,-1.2380807101752822e-07,0.025510052290271146,-0.005102159027739472,0.015305981850934236,1.1188821427393307
2017-12-06,2.464693546295166,4.085250004948193e-08,0.005025161869514294,-0.010050201181527996,-0.005025080164513862,-0.8051159775606003
2017-12-07,2.4522454738616943,-5.5957347533386326e-08,-5.5957347533386326e-08,-0.012626305714106723,-0.00505055586005132,-0.21270858946201798
2017-12-08,2.439797878265381,1.3891293804135785e-07,1.3891293804135785e-07,-0.0076140679706827585,-0.005075999009475751,-0.2808213699514681
2017-12-11,2.446021556854248,-1.1836918045737832e-07,0.0025508992545284492,-0.005102153616598382,0.0025508992545284492,0.10129839473220059
2017-12-12,2.4149012565612797,-1.9187706568057905e-07,-1.9187706568057905e-07,-0.012722823396941418,-0.012722823396941418,-0.3689959181822715
2017-12-13,2.42734956741333,1.559186622035469e-07,0.00773210828527926,-0.002577222984971983,0.005154790829740241,0.42075018552355914
2017-12-14,2.421125888824463,0.002564219551330238,0.007692420274725498,-0.005128081533762208,-0.002563981172064689,-0.18205595055113122
2017-12-15,2.402453660964966,0.0025706182210882833,0.0025706182210882833,-0.007712208582661972,-0.007712208582661972,0.06551568743229552
2017-12-18,2.402453660964966,0.005181404116229027,0.007772075291107017,-0.002590671174877879,0.0,-0.24037398531729792
2017-12-19,2.421125888824463,0.002590744521729915,0.010362820381421223,7.315732553081489e-08,0.007772149017016616,0.38708108449729295
2017-12-20,2.42734956741333,0.0025705720704547463,0.0077119545906014775,-0.002570810449692096,0.0025705720704547463,0.16795231751098783
2017-12-21,2.42734956741333,0.0,0.0051282001121666365,-0.0025641000560832072,0.0,-0.23151355150285013
2017-12-22,2.42734956741333,0.0025641000560834293,0.0025641000560834293,-0.0025641000560832072,0.0,-0.4895764865011074
2017-12-25,2.439797878265381,1.5432763311729047e-07,0.010256556134812467,1.5432763311729047e-07,0.005128355231222903,0.7928444684651161
2017-12-26,2.4584693908691406,-1.5935263830701984e-07,0.012754928243158714,-0.0025511768717977334,0.007652893204839861,-0.02856624501673366
2017-12-27,2.439797878265381,1.593526637311271e-07,0.007595089937015853,-0.015189701816040735,-0.007594771231688502,0.08784966620458334
2017-12-28,2.446021556854248,-0.005102153616598382,0.0076529345019462625,-0.005102153616598382,0.0025508992545284492,-0.08146051790781428
2017-12-29,2.4709177017211914,0.0025446385015466255,0.015267273880233967,1.1142580902401278e-07,0.010178219728758764,0.3017338693102367
2018-01-02,2.4771413803100586,0.0025187721082462478,0.020151054973829297,-0.010075672756420184,0.0025187721082462478,0.7561037349746123
2018-01-03,2.489589214324951,-0.0025126007482202395,0.010050200773003226,-0.005025161052465199,0.005025080164513973,-0.8423444361013033
2018-01-04,2.489589214324951,0.0,0.007500052452087624,-0.007499992847442405,0.0,0.22460667350307162
2018-01-05,2.4771413803100586,4.0443977278314946e-08,0.0025000977655484924,-0.009999950423718929,-0.004999954989870825,-0.002460045469277361
2018-01-08,2.495813369750977,-2.4443270185692256e-08,0.010050216934519574,-2.4443270185692256e-08,0.007537716494236291,0.015579831234866504
2018-01-09,2.464693546295166,6.529577190050873e-08,6.529577190050873e-08,-0.01496257352996433,-0.012468810301675681,-0.1174321605274038
2018-01-10,2.508261442184448,0.0025252398026969214,0.020201990269868908,-1.0264042060725842e-08,0.017676800409840654,0.5437425657680315
2018-01-11,2.545605421066284,6.820704023802193e-08,0.017369719808626893,6.820704023802193e-08,0.014888391717776228,-0.3483569854303852
2018-01-12,2.545605421066284,0.0,0.0073348977633189705,-0.004889970704245239,0.0,-0.24953557242637459
2018-01-15,2.601620674133301,0.002444807517631986,0.026894658123216342,-1.1924988452260976e-07,0.022004688002099426,0.7349669871490825
2018-01-16,2.626516103744507,-0.0023924521271371235,0.011961599358158326,-0.004784851079283392,0.009569200406012168,-0.42423477379479024
2018-01-17,2.6389644145965576,0.0023698663632731876,0.02843625374710257,0.0023698663632731876,0.004739476310197999,0.3703049426854932
2018-01-18,2.7136526107788086,0.007075630850730041,0.02830208538210588,1.0851973408776416e-07,0.02830208538210588,0.5238663639816181
2018-01-19,2.738548040390014,0.016054811619090392,0.03440352382070477,-1.6117865986320368e-07,0.009174140238997097,0.013954894040733024
2018-01-22,2.738548040390014,-0.006818229354116467,0.027272700672308137,-0.011363679466167564,0.0,-0.24061832426837526
2018-01-23,2.9128191471099854,1.2963829121304116e-08,0.07045454480002444,-0.004545437207148839,0.06363631535751768,0.3303566855049098
2018-01-24,2.91904354095459,0.006410397538657353,0.023504400589185792,-0.01282040683733443,0.0021368967760253543,-0.25921143233392385
2018-01-25,2.881699800491333,-0.006396611049927614,2.2235659757896542e-08,-0.03624732915025053,-0.012793142664478618,-0.4155392722086795
2018-01-26,2.8941473960876465,-0.004319767009612785,0.021598131157821943,-0.01511894274033021,0.004319532379532198,0.18019986086105533
2018-01-29,2.863027811050415,0.004301210519001009,0.021505497222820358,-0.017204147860772734,-0.010752591619659468,-0.1252300664688626
2018-01-30,2.7883400917053223,-0.006521719338648202,0.0021739243890450677,-0.02826093231813187,-0.026086969556083583,-0.31438549214322364
2018-01-31,2.825683832168579,-0.0044643040839495995,0.015625015147617605,-0.006696497970507198,0.013392821261059895,0.0053564076589545095
2018-02-01,2.881699800491333,-0.002202549069097004,0.024229145053918932,-0.004405242761122974,0.01982386270008285,0.3863097139149154
2018-02-02,2.8505795001983643,-0.010799285993517649,-0.006479636268149291,-0.025918008538019732,-0.010799285993517649,-0.4399894024408759
2018-02-05,2.962611198425293,-0.015283777188646597,0.0436681846481739,-0.015283777188646597,0.03930137651629528,0.573479256180562
2018-02-06,2.962611198425293,-0.01470591770912999,0.01890749399646019,-0.0231092706355277,0.0,0.4059451237762417
2018-02-07,2.8568034172058105,0.012604959909153113,0.023109100258468462,-0.050420282890186074,-0.03571436619011026,-0.06694920056247256
2018-02-08,2.7509961128234863,-0.015250483631925382,-0.010893189023990946,-0.05664483435035195,-0.03703695667159779,-0.2820444885846136
2018-02-09,2.6700844764709477,-0.027149264353729552,-0.018099499100605043,-0.06787331587450074,-0.029411759607866128,0.12747029482491357
2018-02-12,2.620292901992798,-0.009323938665588782,0.002331118281042377,-0.023309940311030286,-0.01864793976254997,-0.8055123424845689
2018-02-13,2.663860559463501,0.007125727264395421,0.0332540221807085,0.004750489506351041,0.01662701808548528,0.0336874635207387
2018-02-14,2.663860559463501,-0.002336501960658488,0.004672892510771298,-0.014018788942859906,0.0,-0.6577646332117553
2018-02-22,2.719876289367676,0.014018742788133975,0.028037421222601555,0.014018742788133975,0.021028026300091485,0.2821461220400572
2018-02-23,2.7323243618011475,0.004576705375215928,0.0068650874455225,-0.006864877628127153,0.004576705375215928,-0.20161451598183788
2018-02-26,2.738548040390014,0.006833600119719119,0.02050101128554771,-0.0068338110461092505,0.002277796397776255,0.4400710953509268
2018-02-27,2.6887567043304443,1.4799728176306814e-07,1.4799728176306814e-07,-0.02272710592654581,-0.018181655141780495,0.0936892531544622
2018-02-28,2.6327407360076904,-0.011574159403399453,-0.009259291796177127,-0.025463033909845723,-0.020833409074363596,-0.29847784263370514
2018-03-01,2.626516103744507,-0.007092443389901892,0.007092050120258708,-0.009456450489970236,-0.002364316462327598,-0.14096204587018235
2018-03-02,2.5953969955444336,-0.0047391119706881035,-0.0047391119706881035,-0.018957111743150623,-0.011848055359610421,0.11447879134512817
2018-03-05,2.589172601699829,-0.00239824344995776,0.004796050564331189,-0.011990559236060072,-0.00239824344995776,-0.20874875603728427
2018-03-06,2.607844591140747,0.002403878341549648,0.012019253919821615,-0.0072114972367220975,0.007211566130685743,0.2443213985712518
2018-03-07,2.626516103744507,0.004773173544729392,0.019092967457519094,0.0023864843241283573,0.007159748961724777,0.14007442601913667
2018-03-08,2.6140685081481934,1.288302002855346e-07,1.288302002855346e-07,-0.009478536808409377,-0.004739203989104657,-0.6875739763082294
2018-03-09,2.601620674133301,3.842067419768114e-08,0.004761939040480723,-0.00952376281893863,-0.004761862199132105,0.20865657191844988
2018-03-12,2.5953969955444336,0.0047847389231301385,0.0071771384046825926,-0.004784630851308425,-0.0023922313697558595,0.4025641615102593
2018-03-13,2.607844591140747,0.0023978915230873366,0.016786364873245807,0.0023978915230873366,0.004796027589491159,-0.082945641559931
2018-03-14,2.5953969955444336,-0.002386559554832024,1.3019391231772204e-07,-0.009546401193802012,-0.004773135499944958,-0.42194943310748556
2018-03-15,2.5953969955444336,-0.004796158407816664,0.004796158407817108,-0.004796158407816664,0.0,-0.05689026533338648
2018-03-16,2.570500612258911,-1.995882872307675e-07,0.0023978219622859953,-0.009592514489406678,-0.009592514489406678,0.09767727944128879
2018-03-19,2.570500612258911,0.0,0.002421247401353188,-0.002421362858288867,0.0,-0.6042657651815802
2018-03-20,2.5953969955444336,-0.002421163753237421,0.012106669925273428,-0.00484241163784338,0.00968542204066769,0.4439806162830138
2018-03-21,2.5953969955444336,0.0,0.004796158407817108,-0.002398136378626403,0.0,0.12366162419380089
2018-03-22,2.5953969955444336,-0.002398136378626403,0.00239802202919015,-0.00959231681563344,0.0,0.019527487152899425
2018-03-23,2.564276933670044,-0.014388504311527828,-0.009592346045258715,-0.03357313737660417,-0.011990482353109733,1.0794225649583424
2018-03-26,2.483365297317505,-0.009708752979919022,-0.007281512951717306,-0.038834938895292215,-0.03155339241644883,-0.49305706157559825
2018-03-27,2.4709177017211914,0.010025251338255714,0.012531455195928798,-0.015037444532894129,-0.0050123900860494786,0.2918555416499551
2018-03-28,2.464693546295166,-0.01007563231553632,0.007556591215317043,-0.01007563231553632,-0.002518965088027736,-0.4393351586818852
2018-03-29,2.483365297317505,-6.112516737211138e-08,0.0151514385046434,-0.012626310816676312,0.007575688689738236,0.3269644120035835
2018-03-30,2.446021556854248,2.5711561324470722e-08,2.5711561324470722e-08,-0.020050080948028848,-0.015037554283131471,0.17243736026932766
2018-04-02,2.4149012565612797,-1.9187706568057905e-07,0.0025443344269098223,-0.015267410367209244,-0.012722823396941418,-0.2672487952127014
2018-04-03,2.4149012565612797,-0.007732012609147354,0.0025773170536869117,-0.012886646716521732,0.0,-0.3683269786872607
2018-04-04,2.3962297439575195,-0.0025771560754029865,0.002577540629559616,-0.0077317913322666465,-0.0077317913322666465,-0.20304286929800952
2018-04-09,2.3962297439575195,-0.002597400184665921,0.002597400184666032,-0.0077922005539980965,0.0,0.03950245822971965
2018-04-10,2.446021556854248,-3.112401880667193e-08,0.023376631737304754,-0.005194831331667982,0.020779231633480277,0.379717939636425
2018-04-11,2.4709177017211914,1.1142580902401278e-07,0.02035638869801981,-0.0076334698014035585,0.010178219728758764,0.567575595438786
2018-04-12,2.4335734844207764,-0.005037945681913625,-0.0025190568377682077,-0.017632389902639267,-0.015113501058494072,-0.7409856975416922
2018-04-13,2.408677816390991,0.01023031521097284,0.01023031521097284,-0.012787629452399196,-0.010230086820538609,-0.006176923204321838
2018-04-16,2.346437931060791,-0.005168041214653529,-0.00258406450119264,-0.028423831635799868,-0.02583985492233931,0.4569475436591226
2018-04-17,2.3402137756347656,-8.035087573077249e-08,0.007957471142764794,-0.005305114679969414,-0.0026525975154226833,-0.7940013185310519
2018-04-18,2.3526620864868164,0.013298022100278528,0.013298022100278528,1.6027662796957998e-07,0.005319305006088237,0.1948024535507642
2018-04-19,2.358885765075684,-1.226410962784641e-07,0.007936376813296953,-0.0026456224592272815,0.0026453771770349466,-0.27072969100586874
2018-04-20,2.3526620864868164,-0.0026383976201865833,1.2264111126647492e-07,-0.013192478665377427,-0.0026383976201865833,0.1705063841049359
2018-04-23,2.3526620864868164,-0.005291000285156167,0.005291000285156278,-0.005291000285156167,0.0,-0.42974950847284177
2018-04-24,2.390005588531494,-1.2772636115432334e-07,0.021163870711062627,-1.2772636115432334e-07,0.015872871101706876,0.6879888002524197
2018-04-25,2.36510968208313,-0.005208344502626527,-0.002604180303216186,-0.013020837100858107,-0.010416672901447543,-0.6541515014387365
2018-04-26,2.358885765075684,0.0026315977155535464,0.0026315977155535464,-0.010526284916855366,-0.0026315553374099965,0.3076740456973681
2018-04-27,2.3775575160980225,0.00263845653646011,0.007915496078183093,-0.005277102776124365,0.007915496078183093,-0.38640160916987654
2018-05-02,2.3713338375091557,0.002617920423898523,0.007853518252750602,-0.007853275233805412,-0.0026176774049533336,0.5869414789851852
2018-05-03,2.3775575160980225,-0.0026247906428826795,0.005249216757391428,-0.005249459776307419,0.0026245476239667997,-0.3210455895838109
2018-05-04,2.36510968208313,-0.0026177566610721126,4.2045332770968e-08,-0.005235555367477107,-0.005235555367477107,-0.41657532516107665
2018-05-07,2.383781671524048,0.002631613682016809,0.01052634338718228,-0.0026315394547600235,0.007894766818793864,0.2573970147483884
2018-05-08,2.408677816390991,1.1457855375596182e-07,0.01566596034045009,-0.0026108493400475163,0.010443970252957957,0.6001857391018284
2018-05-09,2.4149012565612797,-2.799927298902105e-07,0.0025837578309304554,-0.005168232426344677,0.0025837578309304554,-0.8827604280015819
2018-05-10,2.4149012565612797,0.0,0.005154634107374267,-0.005154695555460331,0.0,-0.14995436152651465
2018-05-11,2.42734956741333,0.0025774733742014444,0.010309425740818279,-0.002577222984971983,0.005154790829740241,0.5936441264597399
2018-05-14,2.42734956741333,0.0,0.007692300168250288,-0.0051282001121668586,0.0,0.2924268180460494
2018-05-15,2.421125888824463,0.002564219551330238,0.002564219551330238,-0.007692243028434631,-0.002563981172064689,-0.6240690344876896
2018-05-16,2.3962297439575195,-0.002570743539692888,-0.002570743539692888,-0.010282879127376243,-0.010282879127376243,0.022024240044949295
2018-05-17,2.3962297439575195,0.0,0.002597400184666032,-0.002597400184665921,0.0,-0.29255436612134034
2018-05-18,2.42734956741333,-6.708245103848043e-08,0.012986994896580395,-0.002597467092877004,0.012986994896580395,0.47356946868758953
2018-05-21,2.4335734844207764,0.002564079393838181,0.0076922794003155825,-0.0025641206126394422,0.002564079393838181,-0.06271355106666121
2018-05-22,2.4149012565612797,-1.353092402567313e-07,-1.353092402567313e-07,-0.015345447780453103,-0.00767276105654191,0.1976397125450653
2018-05-23,2.390005588531494,-0.0025772344695472738,-0.0025772344695472738,-0.010309186747136767,-0.010309186747136767,-0.20844963961108576
2018-05-24,2.3713338375091557,6.33603296495977e-08,0.0026042277666775693,-0.010416594265063028,-0.0078124298587146646,-0.05167030175483589
2018-05-25,2.3775575160980225,-1.2150945793987233e-07,0.005249216757391428,-0.0026247906428826795,0.0026245476239667997,0.0015519733694766558
2018-05-28,2.3775575160980225,-0.002617798596338705,0.002617798596338705,-0.01047119438535471,0.0,-0.14654218115138562
2018-05-29,2.383781671524048,-0.005235518448159171,0.005235676766084607,-0.015706713662402838,0.0026178779625236626,0.5105252863763887
2018-05-30,2.3402137756347656,-0.007832943998858033,-0.007832943998858033,-0.018276797917247012,-0.018276797917247012,-0.2983206197843735
2018-05-31,2.346437931060791,0.005319224655206067,0.005319224655206067,-0.0026594918012795565,0.0026596525030442297,0.4964357756474236
2018-06-01,2.3402137756347656,-0.0026525975154226833,0.0026524368136711107,-0.007957631844516255,-0.0026525975154226833,-0.2803128191050419
2018-06-04,2.358885765075684,0.0026596096740694186,0.010638325789740888,3.7635512262212956e-08,0.007978753751183953,-0.20392466038719448
2018-06-05,2.358885765075684,0.0,0.002638519937706363,-0.005277039875413503,0.0,-0.3476285973974882
2018-06-06,2.346437931060791,4.271536835354084e-08,4.271536835354084e-08,-0.007915517435867603,-0.005276997385455728,0.09312630726600801
2018-06-07,2.3526620864868164,0.0026525975154225723,0.00795763269478944,7.99257391381758e-08,0.0026525975154225723,0.15963658891047672
2018-06-08,2.327765941619873,-0.0026456172518057874,-1.1741986205571209e-07,-0.013227616579581047,-0.010582116747637205,0.2879662232948128
2018-06-11,2.327765941619873,-0.002673794234694493,0.0,-0.008021382704083924,0.0,-0.6178212416885067
2018-06-12,2.327765941619873,-0.002673794234694493,0.002673794234694382,-0.005347588469389097,0.0,-0.1662277011317741
2018-06-13,2.3215420246124268,2.1600718769221317e-08,2.1600718769221317e-08,-0.010695155569082737,-0.002673772691731635,0.3614478554701428
2018-06-14,2.3215420246124268,-0.005361925153952285,0.0026809625769761425,-0.00804288773092865,0.0,0.2669498810614641
2018-06-15,2.333990335464477,1.6121505685973148e-07,0.008043050242620087,-0.0026808017941312157,0.005362087233432122,0.29707990027737097
2018-06-19,2.3402137756347656,-0.005333552715967804,0.007999764892744565,-0.010666879759452574,0.002666437849259573,0.9522161824800932
2018-06-20,2.3215420246124268,-0.002659507652425175,-0.002659507652425175,-0.01063822398210168,-0.007978651872209586,-1.2242452581233287
2018-06-21,2.327765941619873,-2.1600718214109804e-08,0.008042865956478407,-0.0026809841197839024,0.002680940918347252,-0.03224675975862823
2018-06-22,2.327765941619873,-0.005347588469389097,0.0,-0.008021382704083924,0.0,-0.4069618521102747
2018-06-25,2.302870273590088,0.002673881571029435,0.00534767603862063,-0.01604267970210882,-0.010695090766926652,0.45126231809221906
2018-06-26,2.271749973297119,-0.005405602365784801,-0.005405602365784801,-0.0270272631308901,-0.01351370098865945,0.4201268321062557
2018-06-27,2.253077983856201,-0.002739697562927468,2.58509043060684e-08,-0.02465755019373872,-0.008219209710749187,-0.10085221345563511
2018-06-28,2.2157342433929443,-0.008287258728927993,-0.0027624017973947312,-0.019336972591994406,-0.01657454412622772,-0.21796930315570506
2018-06-29,2.246854066848755,0.002808981517571807,0.016853912104636493,-4.599841063601673e-09,0.014044925987223511,-0.342536056208818
2018-07-02,2.159718513488769,-0.0027700893817406147,-8.86506479336191e-09,-0.04709137764855187,-0.03878113609852496,0.6205670030679435
2018-07-03,2.184614419937134,-0.002881823464942035,0.011527384838753152,-0.002881823464942035,0.011527384838753152,-0.2420152988286226
2018-07-04,2.197062492370605,-0.0028489371180329126,0.011396064480890145,-0.005697937437817657,0.005698063841320433,-0.3513004802243387
2018-07-05,2.228182315826416,-5.5871655080252935e-09,0.016997145384676893,-5.5871655080252935e-09,0.01416428688936966,0.33338809565668015
2018-07-06,2.240630388259888,6.165274535341325e-08,0.013966596536285847,-0.00558652566172102,0.005586648967212282,-0.18912402310742493
2018-07-09,2.333990335464477,0.0027778980212178617,0.047222372928398926,1.2247873093507167e-07,0.04166682184342507,0.5391766081870664
2018-07-10,2.3215420246124268,0.0026665024785983427,0.005333166172227122,-0.010666815989545442,-0.005333488602288106,-0.27106977704188395
2018-07-11,2.3153181076049805,-0.0160857540943391,2.1716850984176972e-08,-0.018766716729537447,-0.002680940918347252,-0.13083573496713896
2018-07-12,2.358885765075684,-0.0026882178670181167,0.021505306086917253,-0.0053763871952333675,0.01881713675870267,0.36123303714499144
2018-07-13,2.323639392852783,0.0016601281815349367,0.0016601281815349367,-0.017708972459707706,-0.014941958082387297,-0.13998063788831772
2018-07-16,2.28447699546814,1.2070106691908222e-08,1.2070106691908222e-08,-0.02247187724380184,-0.016853904915324458,-0.13855814548498913
2018-07-17,2.271422863006592,4.1158598751422915e-09,4.1158598751422915e-09,-0.011428556460614803,-0.005714276172377519,-0.4702047647010623
2018-07-18,2.258368968963623,0.002873670512117066,0.011494352844696909,-0.005747011820462999,-0.005747011820462999,0.4566919121881199
2018-07-19,2.2518415451049805,0.00289001376032072,0.00289001376032072,-0.008670666920497783,-0.002890326580088476,-0.33621044159211166
2018-07-20,2.31711220741272,-1.8974655513481764e-08,0.03768110327428942,-0.002898566839959038,0.028985459678379177,0.8439332263688115
2018-07-23,2.3432207107543945,-0.005633703597530015,0.01690148861006402,-0.011267501649428469,0.011267690558165455,-0.02837889343838995
2018-07-24,2.349747896194458,-0.0027854642139525376,0.013927679393777481,-0.0055709770799301506,0.002785561518002355,-0.03010190783404809
2018-07-25,2.3432207107543945,0.0027777264151014336,0.0055555014822255,-0.005555598786270544,-0.002777823719146477,-0.6215663988526181
2018-07-26,2.330166816711426,0.002785619541936679,0.008356645596246493,-0.011141945593837854,-0.005570919539528152,0.13920327765894314
2018-07-27,2.323639392852783,-0.002801268909946475,-1.5150512788775217e-07,-0.008403503719583205,-0.002801268909946475,-0.3969911343409258
2018-07-30,2.349747896194458,9.364239161868682e-08,0.01123603921588745,-0.0028088927509822836,0.01123603921588745,0.5996865714795554
2018-07-31,2.3628017902374268,-0.002777880222109008,0.00833328564420599,-0.01111120495131157,0.005555444507093776,0.016060032863720153
2018-08-01,2.323639392852783,1.1669993194018957e-08,0.011049791228820771,-0.01657455887601489,-0.01657455887601489,-0.00685594065402384
2018-08-02,2.2779500484466557,-0.0028089198630306678,6.645397143678622e-08,-0.025280810399047393,-0.019662837765043073,0.12036979972810613
2018-08-03,2.2779500484466557,0.0,0.011461307089891903,-0.005730653544946174,0.0,-0.6423982372932571
2018-08-06,2.291003942489624,-1.084578429288996e-07,0.017191850312392454,-1.084578429288996e-07,0.005730544465568865,0.45041906940299725
2018-08-07,2.323639392852783,4.200388059594218e-08,0.014245043300839644,-0.002848958255511347,0.014245043300839644,-0.16666822249833757
2018-08-08,2.304058074951172,-0.002809031756880853,-4.57550725085909e-08,-0.01123598976230622,-0.008427003760497875,-0.25280270150761197
2018-08-09,2.323639392852783,-0.0028328128856777157,0.011331480318084175,-0.005665671526429938,0.00849862167733173,0.2049485642135025
2018-08-10,2.3105857372283936,2.1034863428859296e-07,0.0028091970698345126,-0.008426749814966272,-0.005617763093766159,-0.4188228636782192
2018-08-13,2.28447699546814,-0.005649909345284421,-0.005649909345284421,-0.022599042545680348,-0.011299620412082878,0.5637382203664565
2018-08-14,2.291003942489624,-5.4073984845359746e-08,0.0028570859038772323,-0.0085714740075713,0.0028570859038772323,-0.40355659295205726
2018-08-15,2.2518415451049805,-0.002848988657993212,1.151453465908503e-08,-0.01709398952063168,-0.01709398952063168,0.22862539014429117
2018-08-16,2.2648956775665283,-0.005797099700520336,0.008695639844724878,-0.008695647609569312,0.005797091935675791,-0.07150562781993486
2018-08-17,2.2518415451049805,0.0028818455019123945,0.0028818455019123945,-0.008645520976048315,-0.005763679356558082,-0.3421036718903103
2018-08-20,2.28447699546814,0.0028985906031153696,0.014492782777767887,4.255945262876537e-08,0.014492782777767887,0.2653189884842959
2018-08-21,2.2975313663482666,9.970255310243203e-08,0.011428661371446047,-0.00571418113189337,0.005714380536999686,-0.013673187880840487
2018-08-22,2.28447699546814,-0.0028410058162985363,-9.970254333246942e-08,-0.011363724157564259,-0.005681911930053629,-0.7575673467326212
2018-08-23,2.28447699546814,0.0,0.005714280264718097,-0.00571428026471843,0.0,0.4146655473874894
2018-08-24,2.304058074951172,-5.782517864538761e-08,0.019999921944832577,-0.005714337759467614,0.00857136207625464,0.5977374046334383
2018-08-27,2.31711220741272,0.002832854791700923,0.008498571792956433,-3.7089270543688713e-09,0.005665713292328789,0.09440593352627502
2018-08-28,2.323639392852783,4.946400178340582e-08,0.008450746161649647,4.946400178340582e-08,0.002816948363217664,-0.3790913499066413
2018-08-29,2.323639392852783,-0.002808986130333868,0.0,-0.005617972260667514,0.0,-0.17392736862860758
2018-08-30,2.304058074951172,-4.57550725085909e-08,0.002808940246735947,-0.008427003760497875,-0.008427003760497875,-0.008258534821493413
2018-08-31,2.31711220741272,0.002832854791700923,0.014164288794212165,-3.7089270543688713e-09,0.005665713292328789,0.7722081718942668
2018-09-03,2.31711220741272,0.0,0.0028168987598806705,-0.005633797519761785,0.0,-0.7297392511811154
2018-09-04,2.336693525314331,4.553054022693459e-08,0.011267641083083424,-0.0056337522457313716,0.00845074219494757,0.291411946046253
2018-09-05,2.304058074951172,-0.0027933351898103975,-4.182161139620888e-08,-0.013966508662606514,-0.013966508662606514,-0.09493619043213641
2018-09-06,2.28447699546814,5.782518175401208e-08,0.0028329165001270695,-0.008498518199653748,-0.008498518199653748,-0.22282544386017022
2018-09-07,2.291003942489624,-5.4073984845359746e-08,0.00857136585960161,-5.4073984845359746e-08,0.0028570859038772323,-0.1896823643769494
2018-09-10,2.2975313663482666,-0.0028488468012860535,0.005698154932210819,-0.0056978473791182704,0.0028491543543784914,0.27703439758440496
2018-09-11,2.291003942489624,-0.002841059736658713,0.0028407521836135707,-0.008522871656930886,-0.002841059736658713,-0.04631597380978647
2018-09-12,2.2779500484466557,-0.002848891990864577,1.0845785469726366e-07,-0.0113958933370224,-0.0056978924395838515,0.04002347270789741
2018-09-13,2.3105857372283936,0.0057307982642096356,0.014326779818544466,0.0028654710794315807,0.014326779818544466,0.16225239670378144
2018-09-14,2.3105857372283936,0.0,0.0028248560935075773,-0.0028248560935073552,0.0,-0.24711992458751553
2018-09-17,2.2975313663482666,-0.0028249543909968367,-9.857595240081451e-08,-0.008474666021086152,-0.0056498102060414945,-0.2294801795508441
2018-09-18,2.31711220741272,0.002840744702300002,0.008522556580185414,-0.002841067175585077,0.008522556580185414,0.39413815206316727
2018-09-19,2.323639392852783,4.946400178340582e-08,0.008450746161649647,-0.002816849435214097,0.002816948363217664,0.2428333242197631
2018-09-20,2.330166816711426,0.005618124616970643,0.011236097728789751,-0.0056178216066683495,0.0028091380610606453,0.3186284750610753
2018-09-21,2.4019646644592285,-4.0732581529923095e-08,0.03361343863259725,-0.0028011584476869134,0.030812320917491753,0.5787962042198167
2018-09-25,2.382383108139038,-0.00815230823747315,-0.0027175316898139235,-0.013587084785132486,-0.00815230823747315,-0.7556738047090548
2018-09-26,2.4019646644592285,1.4341600484968353e-07,0.016438485831569594,-0.0027395803199227187,0.008219314623787,0.4295815996987038
2018-09-27,2.4019646644592285,-0.0027173886635465383,0.0,-0.010869554654186486,0.0,-0.672842258628183
2018-09-28,2.428072690963745,-1.0695446683861576e-07,0.019021611655901438,-0.00271749532737664,0.010869446537172367,0.7443839520615718
2018-10-08,2.3628017902374268,-0.0161290319904438,-0.0161290319904438,-0.034946282000885454,-0.026881773749702353,-0.07671156579712246
2018-10-09,2.3432207107543945,-0.0027623718882591186,5.666035818308046e-08,-0.011049657534111246,-0.008287228985493833,-0.46556263423368094
2018-10-10,2.349747896194458,0.002785561518002355,0.008356587249957359,-0.0027854642139525376,0.002785561518002355,-0.18768775476915778
2018-10-11,2.28447699546814,-0.01666673142635089,-0.011111181474992904,-0.038888931231782164,-0.027777831329066194,0.7794536647829027
2018-10-12,2.31711220741272,-0.0028572014906531606,0.01428563824863227,-0.0057143414472005105,0.01428563824863227,-0.32722704057823293
2018-10-15,2.28447699546814,-0.002816837399107208,-0.002816837399107208,-0.01408443313197183,-0.01408443313197183,-0.48353446341294415
2018-10-16,2.291003942489624,0.0028570859038772323,0.01142850583746391,-5.4073984845359746e-08,0.0028570859038772323,0.004217493184050625
2018-10-17,2.3105857372283936,0.00854725492854902,0.011396255787224252,-0.002848748506151688,0.00854725492854902,0.2575210546800619
2018-10-18,2.2975313663482666,-0.0028249543909968367,0.002824757239092257,-0.008474666021086152,-0.0056498102060414945,-0.00550673301907878
2018-10-19,2.3562748432159424,-0.005681883323293335,0.02840899102257155,-0.008522789518782048,0.025568084827082727,0.4248928789140898
2018-10-22,2.4150187969207764,0.0027701462503131324,0.030471019521739695,6.552756359745615e-08,0.02493085807624107,0.27267641380043983
2018-10-23,2.3628017902374268,-0.005405517580589048,-0.002702817809236868,-0.024324480417502348,-0.021621780646149835,-0.42639590783920767
2018-10-24,2.4019646644592285,1.2244255764848333e-07,0.030386904337749154,1.2244255764848333e-07,0.016574760686069334,0.23415397701372598
2018-10-25,2.42154598236084,-0.013586901257662265,0.008152208977653563,-0.016304354824735467,0.008152208977653563,-0.4700764774546329
2018-10-26,2.42154598236084,0.0,0.005390830382983713,-0.008086245574475792,0.0,0.07742047839982291
2018-10-29,2.4150187969207764,-4.7044067086332575e-08,0.01078161321468718,-0.010781707302821464,-0.0026954621087558195,0.17877560585684193
2018-10-30,2.441126823425293,-1.0633541003279845e-07,0.013513392679493919,-1.0633541003279845e-07,0.01081069287651304,0.0886912452654478
2018-10-31,2.428072690963745,3.785602276096256e-09,0.0026737980304187836,-0.010695173193663532,-0.005347584704030628,-0.2891282249988336
2018-11-01,2.395437240600586,-4.012062837510655e-08,0.0026881292302161075,-0.013440886874851232,-0.013440886874851232,0.0773185676325987
2018-11-02,2.42154598236084,0.00817457022067214,0.013624157224767508,0.0027249832165765486,0.010899363722719713,0.30907515020081533
2018-11-05,2.4019646644592285,-0.005390872792530255,-0.0026954577159694626,-0.013477118022213186,-0.00808628786909138,-0.3022630654318341
2018-11-06,2.3889102935791016,-9.534942502220645e-08,-9.534942502220645e-08,-0.01086964896720588,-0.005434872158315396,-0.32679902719871023
2018-11-07,2.3889102935791016,0.002732237767417045,0.00819671330225158,-0.002732237767417267,0.0,-0.13382716135853556
2018-11-08,2.395437240600586,0.005464423526509998,0.008196661152600315,-5.172567063560507e-08,0.0027321859004196813,-0.2576065855982712
2018-11-09,2.3432207107543945,-0.002724711913709932,-0.002724711913709932,-0.021798329324252963,-0.021798329324252963,0.8369089294500753
2018-11-12,2.3562748432159424,-4.150026988725131e-09,0.008356534006663141,-0.0027855168689236987,0.005571021287766431,-0.5937970305453568
2018-11-13,2.3628017902374268,-0.008310293697652682,0.005540174325147529,-0.008310293697652682,0.0027700278854465576,0.2195483560922149
2018-11-14,2.336693525314331,7.736531637547728e-09,7.736531637547728e-09,-0.01657456274428104,-0.011049705917343222,0.16067115647700803
2018-11-15,2.349747896194458,-0.0027931961817238005,0.0055866850910073484,-0.0027931961817238005,0.0055866850910073484,-0.18645884671381552
2018-11-16,2.349747896194458,0.0,0.005555550404536813,-0.005555550404536591,0.0,0.20468581966889232
2018-11-19,2.3758561611175537,0.002777700730083321,0.01111109194538673,-7.426589077041967e-08,0.01111109194538673,-0.2519316402640648
2018-11-20,2.349747896194458,-0.002747175986223649,-0.002747175986223649,-0.010988992242196516,-0.010988992242196516,-0.11119147615620761
2018-11-21,2.3562748432159424,-0.002777827857645465,0.005555497309143176,-0.005555602913241642,0.002777722253546999,-0.3862765880085348
2018-11-22,2.3562748432159424,0.0027700805412327334,0.0027700805412327334,-0.005540161082465356,0.0,-0.2629717928653186
2018-11-23,2.3432207107543945,-0.00277007640270166,0.0027700847027554154,-0.008310237508158735,-0.005540156955430087,0.5688616402144966
2018-11-26,2.349747896194458,4.865202485326847e-08,0.008356587249957359,4.865202485326847e-08,0.002785561518002355,-0.003644262134699261
2018-11-27,2.336693525314331,0.0027776773553811474,0.0027776773553811474,-0.005555647438292954,-0.005555647438292954,-0.3680640548729386
2018-11-28,2.349747896194458,9.757585339720265e-08,0.011173272606161522,9.757585339720265e-08,0.0055866850910073484,0.008546732131673451
2018-11-29,2.3432207107543945,0.0027777264151014336,0.0055555014822255,-0.005555598786270544,-0.002777823719146477,-0.0799984993737759
2018-11-30,2.3562748432159424,-0.0027855168689236987,0.005571021287766431,-0.0027855168689236987,0.005571021287766431,0.19427898816508105
2018-12-03,2.382383108139038,0.0083102335731835,0.01662047458621352,0.005540153235506828,0.011080313910860173,0.5944123276103674
2018-12-04,2.3889102935791016,4.8066565838666975e-08,0.002739771541262259,-0.00273967540813036,0.002739771541262259,-0.6864236348700956
2018-12-05,2.3758561611175537,-0.008196709381290135,-0.00273223382485277,-0.008196709381290135,-0.005464471603071397,-0.06045174524517094
2018-12-06,2.3562748432159424,-0.002747228643216415,2.1463843147273565e-08,-0.013736294571064178,-0.008241794356944832,0.21190552587852807
2018-12-07,2.349747896194458,5.280205206403821e-08,5.280205206403821e-08,-0.005540108572945068,-0.0027700278854465576,-0.7694503843554834
2018-12-10,2.330166816711426,-0.0027777175002440258,5.786275392161144e-08,-0.011111043589238312,-0.008333268226240254,0.787391886686784
2018-12-11,2.330166816711426,0.0,0.0028011178292024486,-0.0028011178292021155,0.0,-0.3396691309095168
2018-12-12,2.3432207107543945,0.00280101101607122,0.005602128546913221,-1.0651477033718493e-07,0.005602128546913221,-0.06143477905567707
2018-12-13,2.349747896194458,4.865202485326847e-08,0.008356587249957359,-0.0055709770799301506,0.002785561518002355,0.3290735271334633
2018-12-14,2.336693525314331,-9.757584362724003e-08,-9.757584362724003e-08,-0.005555647438292954,-0.005555647438292954,0.19535846586689232
2018-12-17,2.3562748432159424,4.4773798668629183e-08,0.008379925604055094,-0.0027932488362865104,0.008379925604055094,-0.14488273006801222
2018-12-18,2.3432207107543945,-0.005540156955430087,4.150026988725131e-09,-0.011080318060887273,-0.005540156955430087,0.010090442292735702
2018-12-19,2.336693525314331,0.0027854636703550373,0.0027854636703550373,-0.005571074112181051,-0.002785561518002355,-0.21196983520798085
2018-12-20,2.323639392852783,3.9334615564712294e-09,3.9334615564712294e-09,-0.016759757042576817,-0.00558658305855142,0.7199541391647166
2018-12-21,2.330166816711426,-0.0056178216066683495,0.0028091380610606453,-0.011235794718487568,0.0028091380610606453,-0.03384067343394648
2018-12-24,2.3432207107543945,-0.0028012240456121162,0.008403246077754778,-0.005602341576453673,0.005602128546913221,-0.29002488511972757
2018-12-25,2.3562748432159424,-0.0027855168689236987,0.011142113137421639,-0.008356542306717007,0.005571021287766431,0.5043116144796151
2018-12-26,2.3693289756774902,-6.97843435260026e-08,0.005540156955430087,-0.002770150132268112,0.005540156955430087,-0.4128469647640429
2018-12-27,2.3693289756774902,0.0,0.008264454667762822,0.0,0.0,0.5328016354944509
2018-12-28,2.3562748432159424,0.0027548881991794616,0.008264525028840897,-0.005509632725364866,-0.005509632725364866,-0.3759911273285219
2019-01-02,2.3105857372283936,0.002770250519074091,0.005540397573799316,-0.02216047857798409,-0.019390397567199957,0.12088217903047038
2019-01-03,2.31711220741272,-2.59812578895513e-07,0.008474306266144316,-0.005649970531727777,0.0028245955469954342,-0.2361758107201517
2019-01-04,2.336693525314331,-0.0056337522457313716,0.011267641083083424,-0.008450651133867115,0.00845074219494757,0.24118865711157156
2019-01-07,2.330166816711426,-0.013966314157410453,0.002793449357817668,-0.00837972631900119,-0.002793138480591817,-0.0351670576099643
2019-01-08,2.3105857372283936,5.884347431539538e-08,5.884347431539538e-08,-0.014005531126673687,-0.008403295138614597,-0.022945066154015592
2019-01-09,2.31711220741272,-2.59812578895513e-07,0.011299161625718313,-2.59812578895513e-07,0.0028245955469954342,0.12563800361471777
2019-01-10,2.2975313663482666,-0.002816737977399897,1.6123666846112883e-07,-0.011267435619604527,-0.008450536405536169,-0.12106788596430107
2019-01-11,2.304058074951172,0.002840748421763184,0.005681654371242351,-1.57527716093675e-07,0.002840748421763184,-0.4156382159030585
2019-01-14,2.28447699546814,5.782518175401208e-08,0.0028329165001270695,-0.011331376874599286,-0.008498518199653748,0.3567926862517652
2019-01-15,2.2975313663482666,0.002857240119776394,0.008571520954222978,9.970255310243203e-08,0.005714380536999686,-0.11597832772885042
2019-01-16,2.2975313663482666,0.0,0.002840906397000742,-0.005681812794001706,0.0,-0.12633392046523184
2019-01-17,2.304058074951172,0.002840748421763184,0.008522560320721961,-0.0028410634771953713,0.002840748421763184,0.3561541030252471
2019-01-18,2.323639392852783,0.0028329043958270628,0.01416433895883662,4.5755074618014646e-08,0.00849862167733173,0.3106482061270306
2019-01-21,2.330166816711426,0.0028091380610606453,0.008427111172879975,1.5150515109141338e-07,0.0028091380610606453,-0.13213789927993602
2019-01-22,2.323639392852783,-1.5150512788775217e-07,0.0028009658996905884,-0.005602386314764951,-0.002801268909946475,-0.33655105772566074
2019-01-23,2.330166816711426,1.5150515109141338e-07,0.005618124616970643,-0.0028088350507585735,0.0028091380610606453,-0.4427947743444811
2019-01-24,2.3432207107543945,-1.0651477033718493e-07,0.005602128546913221,-0.0028012240456121162,0.005602128546913221,0.374989705656791
2019-01-25,2.3628017902374268,0.0027854559122735267,0.011142060042017343,-5.666035496343369e-08,0.008356481057530507,0.4349959779289918
2019-01-28,2.3562748432159424,0.002762546908975594,0.011049832520435121,-0.0027623760268221664,-0.0027623760268221664,-0.2056904402000086
2019-01-29,2.3758561611175537,0.0027700590179333684,0.011080366507189687,-0.0027701019456187748,0.008310286025413616,0.05407871530293562
2019-01-30,2.3693289756774902,-4.8320501710996666e-08,0.002747201594842652,-0.005494613650795732,-0.002747298235846629,-0.37356367679113234
2019-01-31,2.4019646644592285,0.00275495832405781,0.01928386996894571,1.3971657675249105e-07,0.013774232753983151,0.598985241388835
2019-02-01,2.4019646644592285,0.0027173886635467603,0.0027173886635467603,-0.008152165990639837,0.0,-0.2602558081020945
2019-02-11,2.395437240600586,-0.005434923602863684,-0.0027175353389772283,-0.01358708839452305,-0.0027175353389772283,-0.1090641504150156
2019-02-12,2.4019646644592285,1.470751125332015e-07,0.008174527232704731,-0.002724646310751644,0.0027249404609765993,0.11577439267012224
2019-02-13,2.428072690963745,0.0027172814184428518,0.010869446537172367,-1.0695446683861576e-07,0.010869446537172367,0.3772859650800733
2019-02-14,2.4150187969207764,1.0254981863688784e-07,1.0254981863688784e-07,-0.008064406653281897,-0.005376236918915089,-0.4176936963355189
2019-02-15,2.382383108139038,-0.0027028387259934172,-1.3901132600580013e-07,-0.016216337299331585,-0.01351363758466384,0.004166178166407519
2019-02-18,2.4150187969207764,0.0054795864590651,0.01643848135450443,1.3901134532368076e-07,0.013698757630644431,0.22432092826073813
2019-02-19,2.4019646644592285,-0.00270269569761894,0.005405404609215125,-0.008108095902174872,-0.0054053957998969615,-0.03776515794936941
2019-02-20,2.4019646644592285,0.0027173886635467603,0.005434777327093077,-0.005434777327093188,0.0,-0.3783286625376654
2019-02-21,2.395437240600586,-1.470750908838525e-07,0.005434629452682138,-0.005434923602863684,-0.0027175353389772283,0.21196529898725913
2019-02-22,2.408491611480713,-0.0027246978735867566,0.00817447510634195,-0.008174284363551054,0.005449681861359856,0.13989588558857236
2019-02-25,2.532505989074707,0.0027099725859569546,0.056910523868563656,0.0027099725859569546,0.05149047520151062,1.1621156785922722
2019-02-26,2.5063977241516118,-0.002577309182194676,0.005154703964317386,-0.015463895346231382,-0.010309260880616677,-0.26312063796228813
2019-02-27,2.532505989074707,-6.949869790773278e-08,0.026041633193084612,-0.0026042335590592547,0.010416648830916309,-0.0661841625471169
2019-02-28,2.5063977241516118,6.949870279271408e-08,6.949870279271408e-08,-0.012886578113424196,-0.010309260880616677,-0.5976548116992895
2019-03-01,2.545560359954834,0.0026041848083602215,0.018229232665143646,-0.00520830807594419,0.01562506837037536,0.16848010808645242
2019-03-04,2.558614492416382,0.005128196002305518,0.025640996367098046,0.005128196002305518,0.005128196002305518,0.5826849537383794
2019-03-05,2.545560359954834,-0.005102031783310701,4.088892557874146e-09,-0.01020406765551407,-0.005102031783310701,-0.5378932996430557
2019-03-06,2.5651416778564453,-0.0025640598044988083,0.007692340833732381,-0.005128159964056578,0.007692340833732381,-0.02822987146486966
2019-03-07,2.5390329360961914,-1.791468197120949e-07,-1.791468197120949e-07,-0.012722810828658004,-0.010178284492290302,0.13580600930926323
2019-03-08,2.4476537704467773,-0.005141453466788737,-0.005141453466788737,-0.03598975198404131,-0.03598975198404131,0.18560254914477525
2019-03-11,2.473762035369873,-0.0026666710026719276,0.015999977733320625,-0.0026666710026719276,0.010666649523036975,-0.4237335249569689
2019-03-12,2.499871015548706,2.7936368041103776e-07,0.021108444762186762,2.7936368041103776e-07,0.010554362062933587,0.22195554419823083
2019-03-13,2.480289459228516,-1.3687735844758464e-07,-1.3687735844758464e-07,-0.013054953187652263,-0.00783302666353447,-0.44084107083754276
2019-03-14,2.473762035369873,-1.4248626356572203e-07,0.007894585801009102,-0.007894870773536344,-0.0026317185820211586,-0.22427796829831692
2019-03-15,2.473762035369873,0.0,0.007915559813119977,-0.002638519937706474,0.0,0.17694885317551012
2019-03-18,2.5063977241516118,1.3426618350464992e-07,0.013192735726037297,-0.005276906317757901,0.013192735726037297,0.3388092618237444
2019-03-19,2.48681640625,-4.178761114914664e-08,0.0026041223449144724,-0.010416698317713524,-0.007812534185188014,-0.2852231535011214
2019-03-20,2.473762035369873,-9.247855825567086e-08,0.0026245767310628665,-0.0104987693170433,-0.005249430897800944,0.02913091665850942
2019-03-21,2.473762035369873,0.002638519937706585,0.007915559813119977,0.0,0.0,0.03853491987317881
2019-03-22,2.480289459228516,0.002638662799943514,0.007915703427262555,-0.0026383778273758596,0.002638662799943514,-0.1883206973395417
2019-03-25,2.4345998764038086,-0.0052631869169090795,-0.0026316105360699726,-0.01842106882110406,-0.01842106882110406,0.28135299045139917
2019-03-26,2.428072690963745,0.005361877834826556,0.005361877834826556,-0.005361971968341539,-0.0026810095175494597,-0.40852921348266946
2019-03-27,2.4345998764038086,0.0026882166519786033,0.00806455582241683,4.706675982291131e-08,0.0026882166519786033,-0.1661672229412332
2019-03-28,2.42154598236084,-0.0026808603247190366,1.0252712834279976e-07,-0.010723748880262174,-0.00536182317656686,0.026445909400482748
2019-03-29,2.4607081413269043,-1.1053745474498555e-07,0.021563208610925866,-1.1053745474498555e-07,0.016172378823830602,0.49942150536990937
2019-04-01,2.499871015548706,0.00530521474813983,0.021220321863700597,0.0026526968955464802,0.015915286158513675,0.36581127412659953
2019-04-02,2.499871015548706,0.002610963619440687,0.007832890858321617,-0.005221927238881152,0.0,-0.31113059563680423
2019-04-03,2.5063977241516118,-0.005222071578648957,0.0052217813837367455,-0.010443998059841753,0.0026108181431405697,-0.1651251455541889
2019-04-04,2.5390329360961914,0.00260404565515282,0.013020763476645048,-1.1827817869569657e-07,0.013020763476645048,0.3513128287383793
2019-04-08,2.545560359954834,0.0051415226383151325,0.01799498225463525,-0.005141306344870755,0.0025708307150511533,0.12051896380916816
2019-04-09,2.525978803634644,-0.0025641736274094606,-7.376045529916553e-08,-0.01025653436123497,-0.007692434494280587,-0.578796202008558
2019-04-10,2.5194520950317383,-0.0025838334801203677,0.002584182750678732,-0.010335765416001563,-0.0025838334801203677,0.06438341191978836
2019-04-11,2.5194520950317383,0.0,0.005181404116228805,-0.00518134234975598,0.0,0.08536985095077299
2019-04-12,2.525978803634644,0.002590526970437823,0.007771930341415656,-0.0025908146340765104,0.002590526970437823,-0.3294155370579084
2019-04-15,2.5390329360961914,0.010335903664599355,0.025839764298176027,0.00516795012007365,0.00516795012007365,0.7392016595619602
2019-04-16,2.610831022262573,-0.0025705731155483136,0.030848482507443986,-0.007712018149194644,0.02827772934555628,0.498142832424012
2019-04-17,2.630412340164185,-1.9658094152497085e-08,0.014999965741919752,-0.010000009924770348,0.007500032646556631,-0.4452471093253223
2019-04-18,2.610831022262573,-0.002481426634161843,0.004962793920735731,-0.012406975159444111,-0.007444200896803088,-0.6990517672181014
2019-04-19,2.630412340164185,0.0025000375132187003,0.00999997060858182,-1.9658094152497085e-08,0.007500032646556631,0.06044500932888042
2019-04-22,2.5651416778564453,0.0024814081689636946,0.004962854611076262,-0.027295239205113564,-0.024813851923940478,0.33371812399953527
2019-04-23,2.578195333480835,-1.8921210498401564e-07,0.010177916030919887,-0.002544715522861285,0.005088863409407507,-0.08763021332338994
2019-04-24,2.5520873069763184,0.0025317434749929646,0.0025317434749929646,-0.017721403549830872,-0.010126473415521975,-0.12490228520132973
2019-04-25,2.5390329360961914,-0.0025576320631602867,-9.003159351372858e-08,-0.010230319134472587,-0.00511517409472706,0.12878644555778607
2019-04-26,2.5194520950317383,-0.005141236633755097,2.0886317120272224e-07,-0.012853312943942874,-0.007711928737150986,0.0425817712449188
2019-05-06,2.4672350883483887,-0.0025908455454367596,-0.0025908455454367596,-0.028497552765115453,-0.020725540599211834,0.39596116565669703
2019-05-07,2.4672350883483887,0.002645500142578028,0.005291000285156278,-0.007936500427734305,0.0,-0.5566938057523494
2019-05-08,2.428072690963745,-0.010581989452589036,-0.007936489280284564,-0.018518489969502783,-0.01587298979719831,-0.12968554832543333
2019-05-09,2.408491611480713,-0.00268811435645544,0.0026882248579822576,-0.008064453570893804,-0.008064453570893804,-0.06840413625673847
2019-05-10,2.4476537704467773,0.005419938735885754,0.021680083796071115,0.002709914559188231,0.01626003544267607,0.018725226843308462
2019-05-13,2.42154598236084,-0.007999790041632981,0.008000197962945155,-0.02666644271364116,-0.010666454709062911,0.8039132835556124
2019-05-14,2.4019646644592285,-0.00808628786909138,-4.2639408226463615e-08,-0.00808628786909138,-0.00808628786909138,-0.8787664882085764
2019-05-15,2.4476537704467773,0.005434615129135567,0.032608497380877344,0.002717226903961256,0.019021556255006455,0.6513331237039139
2019-05-16,2.4672350883483887,-0.005333285346972416,0.016000028561417468,-0.01066661382406986,0.008000035845771247,0.12687095874956
2019-05-17,2.4345998764038086,-0.0026454419934300866,5.83033894496765e-08,-0.01322744318070912,-0.01322744318070912,-0.7320056735746192
2019-05-20,2.4933431148529053,-1.6122040435995189e-07,0.037533308806101395,-0.005362085509905246,0.02412849808234907,1.2213570584653404
2019-05-21,2.480289459228516,-0.010471001055503137,0.002617994483460784,-0.010471001055503137,-0.0052354028399173025,-1.1547009566340272
2019-05-22,2.48681640625,-5.0007709750943263e-08,0.007894679009656347,-0.0026316263468316725,0.0026315263314122816,-0.27726468586149267
2019-05-23,2.473762035369873,-0.002624761688179711,0.00787391515030511,-0.01837277694590722,-0.005249430897800944,1.1358284715033662
2019-05-24,2.473762035369873,-0.002638519937706474,0.005277039875413614,-0.007915559813120199,0.0,-0.6133934783250581
2019-05-27,2.48681640625,9.247856702643276e-08,0.010554173205419959,-0.002638427703146262,0.005277132841993382,-0.28969544177653006
2019-05-28,2.5063977241516118,4.1787612703458876e-08,0.010498720035714948,4.1787612703458876e-08,0.007874050473689609,0.08989239867872456
2019-05-29,2.5063977241516118,-0.002604164241347573,0.007812492724042164,-0.005208328482694702,0.0,-0.04305127654768626
2019-05-30,2.5390329360961914,0.00260404565515282,0.013020763476645048,-1.1827817869569657e-07,0.013020763476645048,0.19970217113835886
2019-05-31,2.532505989074707,4.877948645010122e-08,0.005141432163226822,-0.007712087586248528,-0.002570642912383625,0.021328881098590102
2019-06-03,2.5352468490600586,0.0037878970137916745,0.0037878970137916745,-0.007034603572795062,0.001082271867144824,-0.17234343572357602
2019-06-04,2.5352468490600586,0.0,0.0,-0.0054054001807472,0.0,-0.6765141296690764
2019-06-05,2.5489509105682373,0.002702714933346728,0.01081081532449124,1.480296507594403e-08,0.005405415063728158,0.22278432208725718
2019-06-06,2.5489509105682373,0.002688169458695544,0.00537633891739131,-0.002688169458695655,0.0,-0.12936460056693022
2019-06-10,2.562654733657837,-7.839112692309413e-08,0.01075259860074107,-7.839112692309413e-08,0.0053762601048070735,0.16281331784696107
2019-06-11,2.576358795166016,0.0026738092584805973,0.008021397807996378,1.49837227070293e-08,0.0053476035332384875,0.22416975987471943
2019-06-12,2.555802822113037,-0.0026595478958149066,-0.0026595478958149066,-0.01063826390354461,-0.007978691900968116,-0.32488517690610763
2019-06-13,2.555802822113037,0.0,0.005361925153952729,-0.005361925153952507,0.0,-0.10920346538710035
2019-06-14,2.555802822113037,0.0026809625769761425,0.0026809625769761425,-0.0026809625769762535,0.0,-0.14656603247177813
2019-06-17,2.562654733657837,0.0026809233816929012,0.005361885853869097,-0.0026810015626592687,0.0026809233816929012,-0.1262537219991522
2019-06-18,2.576358795166016,0.0026738092584805973,0.0053476035332384875,-0.0026737792910354052,0.0053476035332384875,0.11089523481284758
2019-06-19,2.5900628566741943,0.007978730758839037,0.01329787471462196,0.002659586803055891,0.005319158780947353,0.7224836842611317
2019-06-20,2.610618829727173,-2.3717316555149637e-08,0.010581976602019205,-0.0026455237971504397,0.00793647652218521,0.17657765080886634
2019-06-21,2.5832107067108154,-0.0026246991973944978,0.0026246395507467657,-0.010498707319605782,-0.010498707319605782,0.046176395731009734
2019-06-24,2.5900628566741943,5.354064258611402e-08,0.002652571060338893,-0.00530498149875025,0.002652571060338893,-0.756109930167046
2019-06-25,2.5695066452026367,-6.869088764460685e-08,0.0026454312699686344,-0.010582068534312983,-0.007936568573456593,0.335780045007148
2019-06-26,2.562654733657837,3.8882003838836e-08,3.8882003838836e-08,-0.00533328957243695,-0.0026666253452165556,-0.3528303858418482
2019-06-27,2.5695066452026367,0.0026737552487297034,0.00802134351019368,-3.8882002284523765e-08,0.0026737552487297034,0.24938394295890376
2019-06-28,2.562654733657837,3.8882003838836e-08,3.8882003838836e-08,-0.007999953799657344,-0.0026666253452165556,-0.2999968048836301
2019-07-01,2.576358795166016,0.008021397807996378,0.010695192082754268,0.0026738092584805973,0.0053476035332384875,0.4797858702606774
2019-07-02,2.5832107067108154,-0.0026596105509724133,0.0026595331200200967,-0.0026596105509724133,0.0026595331200200967,-0.22904013977254323
2019-07-03,2.5832107067108154,0.0,0.002652517377678798,-0.005305034755357929,0.0,0.11342219254382258
2019-07-04,2.5832107067108154,0.0,0.002652517377678798,-0.005305034755357929,0.0,-0.21636035159422917
2019-07-05,2.5695066452026367,-0.0026525324877413325,-1.5150248833251112e-08,-0.013262601837711774,-0.005305049825233943,0.40980914708273986
2019-07-08,2.542098999023437,-0.002666507755976877,1.5678565290500046e-07,-0.013333165922496226,-0.010666501380866555,0.10924064110014697
2019-07-09,2.542098999023437,0.0,0.0026954151914921898,-0.0026954151914917457,0.0,-0.7272366529109462
2019-07-10,2.5352468490600586,-5.43154710097582e-08,-5.43154710097582e-08,-0.005390884405649388,-0.0026954693605601987,-0.1715164497429491
2019-07-11,2.542098999023437,0.002702754552645903,0.0054054547898181315,5.431547411838267e-08,0.002702754552645903,-0.10495813440534008
2019-07-12,2.5489509105682373,-3.9512506710970285e-08,0.002695375572482561,-0.002695454597496094,0.002695375572482561,0.49477350828630406
2019-07-15,2.5352468490600586,-0.0026881842218676733,-1.480296507594403e-08,-0.013440861897478618,-0.005376353640770493,0.15521215188298498
2019-07-16,2.528394937515259,3.968655226671558e-08,3.968655226671558e-08,-0.005405360708716445,-0.0027026605110820334,-0.48931651458402925
2019-07-17,2.514690399169922,-0.002710228328758224,-2.0440894787920882e-07,-0.005420252248568791,-0.005420252248568791,-0.03797942934179943
2019-07-18,2.5009865760803223,-0.0027247138609295396,7.934037138390693e-08,-0.005449507062230463,-0.005449507062230463,0.062246592337405815
2019-07-19,2.514690399169922,0.002739643785271584,0.00821909003654464,-7.934036516665799e-08,0.00547936691090789,0.29423234401155085
2019-07-22,2.514690399169922,0.0027247929851148545,0.005449585970229709,-0.0027247929851147434,0.0,0.02144600187828516
2019-07-23,2.528394937515259,2.0440898951257225e-07,0.008174585035250814,-0.002724589133097477,0.005449791493163714,-0.07389845283377738
2019-07-24,2.528394937515259,0.0027100244737634505,0.005420048947527345,0.0,0.0,-0.1300643026089503
2019-07-25,2.5352468490600586,0.002709984679661437,0.005420009045873586,-3.968655082342565e-08,0.002709984679661437,0.13561425992620357
2019-07-26,2.5352468490600586,-0.0027027000903735443,0.0027027000903736553,-0.0027027000903735443,0.0,-0.34087595892133393
2019-07-29,2.5352468490600586,0.0,0.0027027000903736553,-0.0027027000903735443,0.0,0.0309628574896621
2019-07-30,2.5489509105682373,1.480296507594403e-08,0.005405415063728158,-0.0027026853274163543,0.005405415063728158,0.3238369008002593
2019-07-31,2.542098999023437,-0.0026881300524036478,-0.0026881300524036478,-0.005376299617315561,-0.0026881300524036478,-0.380747097709083
2019-08-01,2.521543025970459,-0.0026953899862972586,2.52733169947561e-08,-0.010781635765138908,-0.008086220505525099,0.5523158984479686
2019-08-02,2.494134426116944,-0.008152384757941333,-0.008152384757941333,-0.013587160886310956,-0.01086977282212609,0.02109259166110178
2019-08-05,2.4530224800109863,-0.002747135081920593,-0.002747135081920593,-0.019230702770360097,-0.016483452405556043,0.15421846440562348
2019-08-06,2.41876220703125,-0.011173261598081186,-0.008379968360683443,-0.019553141310274746,-0.01396655483547904,0.1329226550758733
2019-08-07,2.4119105339050293,0.002832999037023276,0.005665857945123642,-0.0028327187791769015,-0.0028327187791769015,-0.5249432798034626
2019-08-08,2.425614595413208,0.0028409218507501333,0.008522734732308246,1.5409971076962847e-08,0.0056818282915291896,0.17603357280444243
2019-08-09,2.439318418502808,0.002824773357446686,0.008474485078343585,-8.250300154166723e-08,0.005649629217895358,-0.17126914178348684
2019-08-12,2.4530224800109863,1.561261475657716e-08,0.008426974135182785,-0.0028089705615748084,0.0056179879609934424,-0.3152420297379557
2019-08-13,2.4530224800109863,-0.0027932934850191105,0.0,-0.005586586970037999,0.0,-0.11181303610735682
2019-08-14,2.4461705684661865,0.005586628147386197,0.00837992174678659,-0.0027932526508150923,-0.0027932526508150923,-0.05731029899401108
2019-08-15,2.4530224800109863,-0.008403394092084682,0.002801076765916566,-0.011204511806584883,0.002801076765916566,0.21856310229210862
2019-08-16,2.4461705684661865,4.0948585189326536e-08,4.0948585189326536e-08,-0.00837983984961621,-0.0027932526508150923,-0.1525333107043778
2019-08-19,2.4530224800109863,-4.0948583746036604e-08,0.002801076765916566,-0.014005629521085305,0.002801076765916566,0.8474052619664718
2019-08-20,2.439318418502808,-0.0027933090540229744,-1.5612614534532554e-08,-0.008379895936839965,-0.005586602495431192,-0.4929824254038877
2019-08-21,2.4324662685394287,-5.687985538127549e-08,-5.687985538127549e-08,-0.0056180288209733975,-0.0028090428504143894,-0.7635918834860576
2019-08-22,2.425614595413208,0.0028170385353798455,0.005633937687888002,-0.0028167597696369118,-0.0028167597696369118,0.07307597869038318
2019-08-23,2.425614595413208,0.0028248560935075773,0.0028248560935075773,-0.0028248560935073552,0.0,0.4097821715005381
2019-08-26,2.4119105339050293,-0.008474583559900384,-1.540997074389594e-08,-0.008474583559900384,-0.005649727509923763,0.5725042022897568
2019-08-27,2.4461705684661865,0.002840895835245938,0.014204521303569306,-1.0531834959692787e-08,0.014204521303569306,0.06481178857827885
2019-08-28,2.425614595413208,-0.002801091960061952,-0.002801091960061952,-0.011204445665666474,-0.008403327763798485,-0.6200865010363401
2019-08-29,2.41876220703125,-1.555388721152795e-07,0.00282470011526037,-0.005649866847137308,-0.0028250111930047117,-0.0004209959846690481
2019-08-30,2.41876220703125,0.00566571702226959,0.00566571702226959,-0.002832858511134684,0.0,0.21760889028713848
2019-09-02,2.425614595413208,1.5553889642916374e-07,0.0056658734424053225,1.5553889642916374e-07,0.002833014490650765,0.12876216539554264
2019-09-03,2.4324662685394287,-1.393828518159168e-07,0.00564957201669003,-1.393828518159168e-07,0.0028247163169190515,-8.616156977225842e-05
2019-09-04,2.466726541519165,8.793161621056811e-08,0.014084582969492887,-0.0028168110759588805,0.014084582969492887,0.4984045470685352
2019-09-05,2.480430603027344,1.5268542874480318e-08,0.013888957719333517,1.5268542874480318e-08,0.0055555657579049456,-0.021887456124439097
2019-09-06,2.4872827529907227,0.0055249124080791745,0.0055249124080791745,-0.0027624385453236533,0.002762484044107394,-0.6642532192583879
2019-09-09,2.4872827529907227,0.0055096364451752144,0.008264454667762822,-0.002754883902634897,0.0,0.25596566233171103
2019-09-10,2.480430603027344,1.018135176167334e-08,0.002754828431987155,-0.008264510250602042,-0.0027548737493312547,-0.22952336224616587
2019-09-11,2.507838487625122,0.0027623637194282846,0.01104964781692619,-1.3017455025021718e-07,0.01104964781692619,0.3782233514843405
2019-09-12,2.507838487625122,0.002732237767417267,0.002732237767417267,-0.002732237767417045,0.0,-0.39284575772218133
2019-09-16,2.507838487625122,0.0,0.0,-0.005464475534834312,0.0,-0.03849330840409593
2019-09-17,2.480430603027344,-0.002732107948517859,1.3017456734765176e-07,-0.013661125582553502,-0.010928887459468184,0.12108706837912564
2019-09-18,2.466726541519165,0.0027624789428633,0.0027624789428633,-0.005524871968380585,-0.005524871968380585,-0.11577976208918983
2019-09-19,2.473578453063965,0.002777734552035005,0.005555509641699041,-0.0027778156272926235,0.002777734552035005,-0.011063353317034341
2019-09-20,2.473578453063965,0.0027700805412325114,0.005540227126395125,-0.0027700805412326224,0.0,0.5259266406493808
2019-09-23,2.466726541519165,4.053763058564641e-08,0.0027701211911559387,-0.005540120769419787,-0.0027700401158946564,-0.6181715939445844
2019-09-24,2.466726541519165,0.0027777752022684066,0.005555550404537035,0.0,0.0,-0.26593082329589635
2019-09-25,2.459874391555786,-5.615960008142906e-08,0.0027777188866695557,-0.005555606252139467,-0.0027778312058697185,0.22983085633604716
2019-09-26,2.473578453063965,0.002785528395943926,0.011142133129722565,1.5621972382362515e-08,0.005571041169915691,0.6048829884031477
2019-09-27,2.466726541519165,4.053763058564641e-08,4.053763058564641e-08,-0.01108028207647005,-0.0027700401158946564,-0.09078631096178924
2019-09-30,2.4530224800109863,-0.002777790598522789,0.0027777597202409687,-0.0055555657579047235,-0.0055555657579047235,-0.2391298224321261
2019-10-08,2.466726541519165,1.5439141298756454e-08,0.008379896023576583,1.5439141298756454e-08,0.005586602495431414,0.053484492766258995
2019-10-09,2.480430603027344,-0.0055555352208189746,0.008333407229971446,-0.0055555352208189746,0.0055555657579049456,0.001604661046638256
2019-10-10,2.466726541519165,-0.002762443618461674,-1.526854254141341e-08,-0.008287300318299495,-0.005524871968380585,-0.03518517126079601
2019-10-11,2.494134426116944,0.0027776441171429855,0.011111034861975178,-1.3072200932828792e-07,0.011111034861975178,0.19770340166514444
2019-10-14,2.514690399169922,0.0027472262370629164,0.02197797611706509,-2.3745794663909692e-08,0.008241726202777855,0.8918838243543021
2019-10-15,2.521543025970459,0.002725037962048482,0.008174625263673407,-0.002724549339576221,0.002725037962048482,-0.44604997959327264
2019-10-16,2.528394937515259,0.005434737207996587,0.01630429142846368,-3.990223673699944e-08,0.0027173486528799806,-0.13149386954633968
2019-10-17,2.521543025970459,3.990223818028937e-08,0.0027100644841380195,-0.002709984679661437,-0.002709984679661437,-0.7565451300692878
2019-10-18,2.507838487625122,0.0027171833577739335,0.008151959572100242,-0.008152369070877463,-0.005434980963714642,0.34226629129627995
2019-10-21,2.528394937515259,-0.0027320733706334144,0.008196879500642629,-0.0027320733706334144,0.008196879500642629,-0.16034250948247575
2019-10-22,2.528394937515259,0.0027100244737634505,0.0027100244737634505,-0.005420048947527567,0.0,-0.1811184527926315
2019-10-23,2.542098999023437,1.4628921185533272e-08,0.008130088169146621,-0.00271000988448733,0.005420063655737994,0.5846060717369284
2019-10-24,2.5695066452026367,-1.56785628147027e-07,0.01617233182770894,-0.0026955715545179393,0.0107815022899298,0.3875971754551806
2019-10-25,2.555802822113037,7.797249002017281e-08,7.797249002017281e-08,-0.01333324368481803,-0.005333250690433222,-0.4766035756269602
2019-10-28,2.542098999023437,7.881315666757871e-08,0.005362004389699582,-0.008042809551657482,-0.0053618467633861355,-0.13413631510406177
2019-10-29,2.528394937515259,-1.4628920852466365e-08,0.002695400523139879,-0.008086260085103603,-0.005390844933042649,-0.06454912632072762
2019-10-30,2.528394937515259,0.0,0.0027100244737634505,-0.0027100244737636725,0.0,-0.290744667789653
2019-10-31,2.5352468490600586,-3.968655082342565e-08,0.002709984679661437,-0.005420088418975011,0.002709984679661437,0.4426263051247368
2019-11-01,2.5352468490600586,0.0,0.0027027000903736553,-0.008108100271120522,0.0,-0.003629557730562283
2019-11-04,2.5352468490600586,0.0,0.005405400180746867,-0.0054054001807472,0.0,0.21996672764219483
2019-11-05,2.5489509105682373,1.480296507594403e-08,0.01081081532449124,-0.0054053854577977845,0.005405415063728158,0.33886567761581077
2019-11-06,2.562654733657837,-0.0026882476390938104,0.008064429352774072,-0.00537641688706092,0.0053762601048070735,-0.2496392649560626
2019-11-07,2.555802822113037,3.909048462702458e-08,0.0026738334296991795,-0.005347549587944145,-0.0026737552487298144,-0.40095749629319144
2019-11-08,2.521543025970459,0.002681066942503696,0.002681066942503696,-0.01608567304969377,-0.013404710193665625,0.43394233734206367
2019-11-11,2.494134426116944,-0.0027176086295719326,-0.0027176086295719326,-0.01086977282212609,-0.01086977282212609,-0.2699833530459834
2019-11-12,2.507838487625122,0.002747265907545593,0.005494515999089122,-0.002747234275541799,0.005494515999089122,-0.4370927653755956
2019-11-13,2.5009865760803223,-0.002732198097529226,3.977857243597782e-08,-0.00819667384973266,-0.002732198097529226,0.1616177644730179
2019-11-14,2.480430603027344,9.039599113691565e-08,9.039599113691565e-08,-0.010958869286840978,-0.008219145696173435,0.00944376300497396
2019-11-15,2.473578453063965,-5.580617112865838e-08,0.002762438293250069,-0.005524912282044214,-0.002762484044107616,0.13773171287163422
2019-11-18,2.480430603027344,5.580617390421594e-08,0.005540283241747712,-0.0055401055854665815,0.0027701365019943136,-0.14329373706865667
2019-11-19,2.4872827529907227,-0.0027624385453236533,0.0055249124080791745,-0.0027624385453236533,0.002762484044107394,0.04171320335246165
2019-11-20,2.480430603027344,-0.0027548737493312547,1.018135176167334e-08,-0.0027548737493312547,-0.0027548737493312547,-0.3197523105882105
2019-11-21,2.4872827529907227,-1.0181351983717946e-08,0.002762484044107394,-0.005524866909295656,0.002762484044107394,0.20592377313620958
2019-11-22,2.473578453063965,-4.562481947800734e-08,0.0027547724720800026,-0.0055097474986628425,-0.0055097474986628425,0.22246608657355793
2019-11-25,2.5009865760803223,-3.4589814013052944e-08,0.013850433681193763,-3.4589814013052944e-08,0.011080353235777718,-0.05723509660838033
2019-11-26,2.514690399169922,0.002739643785271584,0.00821909003654464,-0.002739802466001806,0.00547936691090789,0.5663985565732901
2019-11-27,2.507838487625122,3.956179739361687e-08,3.956179739361687e-08,-0.005449546624027746,-0.0027247535311152316,-1.1476526547087644
2019-11-28,2.5009865760803223,3.977857243597782e-08,3.977857243597782e-08,-0.005464435973630999,-0.002732198097529226,0.1024402217626168
2019-11-29,2.4872827529907227,8.02146384870639e-08,8.02146384870639e-08,-0.008219155793843358,-0.005479366910908001,0.41899328911184597
2019-12-02,2.480430603027344,0.002754828431987155,0.002754828431987155,-0.0027548737493312547,-0.0027548737493312547,-0.26429414085538383
2019-12-03,2.473578453063965,-5.580617112865838e-08,-5.580617112865838e-08,-0.005524912282044214,-0.002762484044107616,0.2633134483943351
2019-12-04,2.466726541519165,-0.0027700401158946564,4.053763058564641e-08,-0.0027700401158946564,-0.0027700401158946564,-0.26735967736070165
2019-12-05,2.480430603027344,0.002777790513223799,0.0055555657579049456,1.5268542874480318e-08,0.0055555657579049456,-0.4524572394285542
2019-12-06,2.480430603027344,0.0,0.0027624942535848795,-0.0027624283920973935,0.0,0.21175345454439665
2019-12-09,2.480430603027344,0.0027624942535848795,0.0027624942535848795,-0.0027624283920973935,0.0,0.30057714413029757
2019-12-10,2.473578453063965,-0.002762484044107616,-5.580617112865838e-08,-0.005524912282044214,-0.002762484044107616,-0.039614285408468675
2019-12-11,2.473578453063965,0.0027700805412325114,0.0027700805412325114,0.0,0.0,-0.36135499876239763
2019-12-12,2.473578453063965,0.0027700805412325114,0.0027700805412325114,-0.0027700805412326224,0.0,0.3150743623596135
2019-12-13,2.5009865760803223,0.0027700458556019214,0.013850433681193763,-3.4589814013052944e-08,0.011080353235777718,0.7973001355413984
2019-12-16,2.5009865760803223,0.0,0.0027397233430070944,-0.005479446686014522,0.0,-0.3561992425878948
2019-12-17,2.521543025970459,1.649708518680626e-07,0.019178231535723844,-0.005479282619111903,0.008219336355796747,0.6559805011933904
2019-12-18,2.514690399169922,0.002717143688481638,0.005434531688139899,-0.002717632310834661,-0.002717632310834661,-0.7409714037645188
2019-12-19,2.528394937515259,2.0440898951257225e-07,0.008174585035250814,-0.002724589133097477,0.005449791493163714,-0.06799570630708018
2019-12-20,2.5352468490600586,-0.0027100640527629727,0.002709984679661437,-0.0027100640527629727,0.002709984679661437,-0.15972403402582458
2019-12-23,2.514690399169922,-1.6472240360609902e-07,-1.6472240360609902e-07,-0.010810963303116594,-0.008108263657938486,0.21414810387432226
2019-12-24,2.514690399169922,0.0,0.0027247929851148545,-0.0027247929851147434,0.0,-0.9026522199221567
2019-12-25,2.507838487625122,3.956179739361687e-08,0.002724832654710019,-0.005449546624027746,-0.0027247535311152316,0.5594840934670451
2019-12-26,2.521543025970459,2.0474943074333396e-07,0.005464681403113403,-0.0027320335774103643,0.005464681403113403,0.010783041626403644
2019-12-27,2.528394937515259,-0.0027174284573536767,0.005434737207996587,-0.0027174284573536767,0.0027173486528799806,0.4786807387690999
2019-12-30,2.542098999023437,-0.00271000988448733,0.005420063655737994,-0.008130058911303917,0.005420063655737994,0.2928100927901376
2019-12-31,2.528394937515259,-0.005390844933042649,-0.002695429780981917,-0.008086260085103603,-0.005390844933042649,-0.564073668582175
2020-01-02,2.5489509105682373,0.005420023929070927,0.013550097148056661,0.0027099995227422013,0.008130048335399431,0.6268041464114376
2020-01-03,2.542098999023437,0.0026882090774200673,0.0026882090774200673,-0.005376299617315561,-0.0026881300524036478,-0.4831082079548672
2020-01-06,2.528394937515259,-0.002695429780981917,0.002695400523139879,-0.008086260085103603,-0.005390844933042649,0.4694717250054161
2020-01-07,2.5489509105682373,-2.4883586191570828e-08,0.013550097148056661,-2.4883586191570828e-08,0.008130048335399431,0.1324355093763856
2020-01-08,2.528394937515259,-0.00806448369317403,-0.00806448369317403,-0.00806448369317403,-0.00806448369317403,-0.4061405400968958
2020-01-09,2.528394937515259,0.005420048947527345,0.005420048947527345,-0.0027100244737636725,0.0,-0.32996037479580664
2020-01-10,2.528394937515259,0.0,0.0027100244737634505,-0.0027100244737636725,0.0,-0.33121218031326194
2020-01-13,2.5352468490600586,0.002709984679661437,0.002709984679661437,0.002709984679661437,0.002709984679661437,-0.0019145082937903624
2020-01-14,2.528394937515259,-0.0027026605110820334,-0.0027026605110820334,-0.0027026605110820334,-0.0027026605110820334,0.31079300909443575
2020-01-15,2.514690399169922,0.0027098195108625767,0.0027098195108625767,-0.008130276168379025,-0.005420252248568791,-0.07870899205433446
2020-01-16,2.5009865760803223,0.0027248725416724184,0.0027248725416724184,-0.005449507062230463,-0.005449507062230463,0.2657407156642364
2020-01-17,2.5009865760803223,0.0,0.005479446686014411,0.0,0.0,-0.3190458094880171
2020-01-20,2.507838487625122,-3.977857088166559e-08,0.005479406689478994,-0.0027397630125958194,0.002739683455454056,0.05133142913716071
2020-01-21,2.494134426116944,-0.002732253540205676,-1.5816001730506457e-08,-0.005464491264409843,-0.005464491264409843,0.4231295547570433
2020-01-22,2.494134426116944,0.0,0.002747250048093175,-0.0054945655957940875,0.0,-0.033230753311833894
2020-01-23,2.473578453063965,9.018439217634011e-08,9.018439217634011e-08,-0.010988976498630287,-0.008241726202778077,0.34714230788896216
2020-02-03,2.3502421379089355,-0.05540165400411379,-0.024930769443439194,-0.06925212212107446,-0.049861493174900295,0.6153688409887081
2020-02-04,2.3982064723968506,-0.0029153426641935765,0.029154600394827535,-0.0029153426641935765,0.020408252287821727,-0.4272701391718421
2020-02-05,2.3982064723968506,0.0,0.005714280264718319,-0.008571420397077367,0.0,-0.4508438995369666
2020-02-06,2.4050583839416504,0.00571423827532036,0.00571423827532036,-0.005714321776964182,0.0028570982622491137,0.03321954315462605
2020-02-07,2.4050583839416504,-0.005698000279445448,0.0,-0.008547000419168338,0.0,-0.40792081307993655
2020-02-10,2.3982064723968506,-0.005697958766518019,4.175082390922569e-08,-0.008546959025188872,-0.0028489585078471658,0.034146496313798735
2020-02-11,2.41876220703125,0.002857015233701965,0.011428434563270473,-1.2454282061202804e-07,0.008571294786747563,0.26502878055113044
2020-02-12,2.425614595413208,1.5553889642916374e-07,0.0056658734424053225,-0.0028327034128580175,0.002833014490650765,-0.269566494463092
2020-02-13,2.41876220703125,-1.555388721152795e-07,0.00282470011526037,-0.0028250111930047117,-0.0028250111930047117,-0.03075620608602847
2020-02-14,2.439318418502808,-0.0028327856821529496,0.011331507908022065,-0.0028327856821529496,0.008498649189987217,-0.12966350326649234
2020-02-17,2.466726541519165,3.105175605533361e-08,0.01404496213954487,-0.0028089551658018186,0.011235975921987107,0.33170681059539575
2020-02-18,2.4530224800109863,-0.002777790598522789,0.0027777597202409687,-0.0055555657579047235,-0.0055555657579047235,-0.1287976533799231
2020-02-19,2.466726541519165,0.0027933089672862454,0.01396654967723765,1.5439141298756454e-08,0.005586602495431414,0.143316073541353
2020-02-20,2.4872827529907227,0.002777780303590438,0.01111117218017399,-0.0027777701292084345,0.008333396963774442,0.016934335686226376
2020-02-21,2.480430603027344,-0.00550969199996687,1.018135176167334e-08,-0.00550969199996687,-0.0027548737493312547,-0.16476765588670617
2020-02-24,2.459874391555786,-0.005524927817706082,-0.002762499622924075,-0.00828735601248809,-0.00828735601248809,-0.025719546719827235
2020-02-25,2.4461705684661865,-0.005570944246845233,-0.002785431288898632,-0.008356457204792167,-0.005570944246845233,0.20549298046674025
2020-02-26,2.466726541519165,-0.005602261024937549,0.011204445521545647,-0.00840337878268449,0.008403327763798485,0.22792417437545964
2020-02-27,2.480430603027344,1.5268542874480318e-08,0.0055555657579049456,-0.002777759976138161,0.0055555657579049456,-0.5682805750679272
2020-02-28,2.4324662685394287,-0.008287387521192291,-1.0320014998121962e-07,-0.019337099949248926,-0.019337099949248926,0.5241064409395584
2020-03-02,2.466726541519165,0.0028169869391916347,0.019718380984643735,0.0028169869391916347,0.014084582969492887,-0.12872386903724475
2020-03-03,2.480430603027344,0.002777790513223799,0.008333407229971446,1.5268542874480318e-08,0.0055555657579049456,0.09772421368028716
2020-03-04,2.4872827529907227,-0.0027624385453236533,0.0055249124080791745,-0.0027624385453236533,0.002762484044107394,-0.46308841094420927
2020-03-05,2.507838487625122,0.0027546978988284287,0.011019151574912955,0.0027546978988284287,0.008264333682884706,0.5322489829772543
2020-03-06,2.4872827529907227,-0.002732118102053094,1.199932142537108e-07,-0.008196594292587567,-0.008196594292587567,-0.390104250761496
2020-03-09,2.4461705684661865,-0.005509681815490386,-0.002754863536643226,-0.019283773209726296,-0.016528954930878914,0.24688468338429104
2020-03-10,2.459874391555786,-0.002801199269479304,0.011204388732708237,-0.002801199269479304,0.005602153531833354,-0.06668383150465829
2020-03-11,2.459874391555786,0.002785512730456574,0.008356538191369722,-0.002785512730456796,0.0,-0.06606449539953374
2020-03-12,2.4530224800109863,-0.0027854721234226165,4.072046144720787e-08,-0.008356497811190522,-0.0027854721234226165,-0.226308007383615
2020-03-13,2.439318418502808,-0.016759776261065062,-1.5612614534532554e-08,-0.019553069702473724,-0.005586602495431192,0.4838504030366728
2020-03-16,2.425614595413208,0.0028090688650919127,0.0056180552271754,-0.011235862945326192,-0.005617890221158994,-0.06796111265277816
2020-03-17,2.439318418502808,-0.0028249383634498804,0.008474485078343585,-0.00847465008434678,0.005649629217895358,0.09264202580597214
2020-03-18,2.3982064723968506,-0.002808934768065652,5.1506950482504976e-08,-0.016853866143146212,-0.016853866143146212,-0.3642393927327703
2020-03-19,2.3707985877990723,-0.005714211806207348,0.0028572091810290523,-0.025714194109758726,-0.011428492464364837,0.36683764962829457
2020-03-20,2.3982064723968506,0.005780271994578756,0.02023112411088901,-0.0028902392752074846,0.011560612841102769,-0.16538483060664078
2020-03-23,2.3570945262908936,-0.005714227265610439,-0.005714227265610439,-0.019999928688886226,-0.017142788404231224,-0.21611975469017253
2020-03-24,2.384502410888672,0.008720852099291854,0.017441773267515615,0.005813878376550896,0.011627825822033255,0.1302187129434209
2020-03-25,2.4050583839416504,0.008620655176992509,0.014367775952045747,0.005747094789466001,0.008620655176992509,-0.08865452221500902
2020-03-26,2.4050583839416504,-0.0028490001397227793,0.005698000279445559,-0.005698000279445448,0.0,-0.004295692445573707
2020-03-27,2.4119105339050293,0.005698057943060331,0.008547058246136219,5.733690922049561e-08,0.0028490576399848866,-0.19547508356095733
2020-03-30,2.4119105339050293,-0.002840906397000853,0.0,-0.005681812794001595,0.0,0.1477613513854763
2020-03-31,2.384502410888672,0.0028408749566148916,0.005681781264549546,-0.011363656583058268,-0.011363656583058268,-0.15682530843902853
2020-04-01,2.384502410888672,0.0028735604621976663,0.00862068138659322,0.0,0.0,-0.050948222307440005
2020-04-02,2.3982064723968506,-0.0028735447422646443,0.005747136780235529,-0.005747105249764628,0.005747136780235529,0.1245833857130414
2020-04-03,2.391354322433472,-0.0028571976776170516,-5.77101441079364e-08,-0.005714337645090217,-0.0028571976776170516,-0.2878680027595202
2020-04-07,2.4050583839416504,0.008595996413928164,0.011461323232129894,0.002865342777524482,0.005730669595726434,0.37964106689370425
2020-04-08,2.391354322433472,-0.002849016053577458,-0.002849016053577458,-0.008547016242086758,-0.005698016147832052,-0.3961261367540452
2020-04-09,2.391354322433472,0.002865326772472976,0.002865326772472976,0.0,0.0,-0.4327431575540004
2020-04-10,2.3982064723968506,5.771014732758317e-08,0.005730711585810511,-0.002865269227684153,0.002865384647978697,0.6017397980838837
2020-04-13,2.4119105339050293,1.558608508922532e-08,0.008571436116756814,-0.002857124590805782,0.005714295939866387,-0.09004384244246921
2020-04-14,2.41876220703125,-1.401289035918296e-07,0.005681671868911886,-0.002841046127811442,0.002840765870004036,0.016063407126946316
2020-04-15,2.425614595413208,1.5553889642916374e-07,0.002833014490650765,-0.0028327034128580175,0.002833014490650765,-0.054328490675743524
2020-04-16,2.4324662685394287,-0.005649850782394106,0.00564957201669003,-0.005649850782394106,0.0028247163169190515,0.006469644160393528
2020-04-17,2.4530224800109863,0.0028169714565589032,0.01126766834881332,-0.002816826471610856,0.00845076938472844,0.40328853815400834
2020-04-20,2.4324662685394287,-0.0027933657749950047,-7.249246880558502e-08,-0.011173245622573935,-0.008379952340047625,-0.1133942841479545
2020-04-21,2.439318418502808,-0.002816842040247347,0.002816955799964216,-0.005633740960352962,0.002816955799964216,-0.27212809433473595
2020-04-22,2.41876220703125,-0.0028090589610538785,0.0056178988144772735,-0.01123601673658492,-0.008427030811407943,0.635553301036353
2020-04-23,2.3707985877990723,-0.011331242841184141,-0.011331242841184141,-0.031161256254147895,-0.019829820018168465,0.48241804053926174
2020-04-24,2.3502421379089355,-0.002890345671601846,-0.002890345671601846,-0.008670685901336017,-0.008670685901336017,-0.7997030057100645
2020-04-27,2.3570945262908936,1.6000851421615891e-07,0.008746508581732426,1.6000851421615891e-07,0.002915609532920138,0.05929551041015202
2020-04-28,2.3502421379089355,-1.6000848857000705e-07,-1.6000848857000705e-07,-0.008721080383635282,-0.0029071334668706594,-0.27977678193457933
2020-04-29,2.3707985877990723,0.0029156251265018973,0.008746524265974776,1.7555676579128487e-07,0.008746524265974776,-0.23194276782017909
2020-04-30,2.384502410888672,-8.461717948549108e-08,0.008670426515913876,-8.461717948549108e-08,0.005780256138216089,0.433475908309628
2020-05-06,2.3639461994171143,-0.011494315412065137,-0.005747194915363019,-0.01436787566041664,-0.0086207551637143,0.17515673398801468
2020-05-07,2.3570945262908936,-0.0028984048486002667,1.434876077954783e-07,-0.005796953184808107,-0.0028984048486002667,-0.4371614283107732
2020-05-08,2.3707985877990723,0.0029069895169704374,0.008720937454412825,1.5548249132635306e-08,0.00581396348569152,-0.09355508170680693
2020-05-11,2.3707985877990723,0.0,0.0028901706222559387,-0.0028901706222559387,0.0,-0.2702146718338021
2020-05-12,2.3570945262908936,-1.5548249132635306e-08,0.002890155029069641,-0.00578035670288668,-0.00578035670288668,0.3070874009970339
2020-05-13,2.3707985877990723,0.0029069895169704374,0.008720937454412825,1.5548249132635306e-08,0.00581396348569152,-0.1571436464077749
2020-05-14,2.3639461994171143,-1.59035833946497e-07,-1.59035833946497e-07,-0.005780499361064284,-0.0028903291984493373,-0.3410638616624446
2020-05-15,2.3639461994171143,0.00289854792030253,0.00289854792030253,-0.002898547920302086,0.0,-0.08049684130084955
2020-05-18,2.3639461994171143,0.0,0.005797095840604838,-0.002898547920302086,0.0,0.3013532814050457
2020-05-19,2.3707985877990723,0.0057972557984102835,0.0057972557984102835,1.5903585937060427e-07,0.002898707417134716,-0.036257835195321775
2020-05-20,2.377650260925293,-1.4270537584959442e-07,0.0028900275044374535,-0.0028903129151888196,0.0028900275044374535,-0.03459535621337295
2020-05-21,2.3639461994171143,-1.6330460761437848e-08,-1.6330460761437848e-08,-0.005763699452940418,-0.005763699452940418,0.01535739274106973
2020-05-22,2.343390226364136,2.601662507650815e-08,0.002898574012337951,-0.008695617970513325,-0.008695617970513325,0.5361067201495793
2020-05-25,2.3570945262908936,0.0029240915688990565,0.005848065666818281,1.1747097938830109e-07,0.005848065666818281,-0.5954826138784135
2020-05-26,2.3502421379089355,-1.6000848857000705e-07,0.0029068134498939635,-0.0029071334668706594,-0.0029071334668706594,-0.025414392243501283
2020-05-27,2.3639461994171143,1.6520903756145344e-08,0.005830914733054415,1.6520903756145344e-08,0.005830914733054415,0.32541360351879334
2020-05-28,2.377650260925293,1.6330460761437848e-08,0.008695660233372093,-0.002898531637176127,0.005797112265734983,0.22840445757434225
2020-05-29,2.3639461994171143,-0.002881857891700479,-1.6330460761437848e-08,-0.005763699452940418,-0.005763699452940418,-0.278474303466421
2020-06-01,2.377650260925293,0.002898564298097872,0.008695660233372093,1.6330460761437848e-08,0.005797112265734983,0.10368183553140753
2020-06-02,2.384502410888672,5.8088204246686814e-08,0.008645583415312297,-0.0028817836874982516,0.002881899863906856,0.09028298675075774
2020-06-03,2.3982064723968506,0.005747136780235529,0.011494257795235718,0.002873576272735656,0.005747136780235529,0.10778503844116827
2020-06-04,2.3982064723968506,0.005714280264718319,0.005714280264718319,0.0,0.0,-0.316072421350583
2020-06-05,2.3982064723968506,0.0,0.0028571401323593815,-0.0028571401323590484,0.0,0.07963088273165653
2020-06-08,2.4050583839416504,-4.1750822021846545e-08,0.0028570982622491137,-0.0028571817638929353,0.0028570982622491137,0.04942359245494288
2020-06-09,2.4050583839416504,0.0,0.0,-0.005698000279445448,0.0,-0.2987234797764913
2020-06-10,2.3982064723968506,4.175082390922569e-08,4.175082390922569e-08,-0.005697958766518019,-0.0028489585078471658,0.1433654046356132
2020-06-11,2.384502410888672,-1.5765235117370935e-08,-1.5765235117370935e-08,-0.005714295939866387,-0.005714295939866387,0.16500998947133638
2020-06-12,2.384502410888672,-0.0028735604621977773,0.0,-0.008620681386592999,0.0,0.07102050037809349
2020-06-15,2.3570945262908936,-0.00574705225240657,-0.002873491591735111,-0.011494173573749378,-0.011494173573749378,0.09195899637367333
2020-06-16,2.377650260925293,0.005813819950631904,0.00872079350451238,-1.2715712871536056e-07,0.00872079350451238,-0.2813789254726622
2020-06-17,2.3707985877990723,-0.0028816993141599356,1.4270539616667577e-07,-0.005763541333716038,-0.0028816993141599356,-0.35907404480404637
2020-06-18,2.3707985877990723,-0.0028901706222559387,0.0028901706222559387,-0.0028901706222559387,0.0,0.3018380850832081
2020-06-19,2.377650260925293,0.0028900275044374535,0.0057801977142504235,-0.0028903129151888196,0.0028900275044374535,0.8204748464501144
2020-06-22,2.3707985877990723,-0.0028816993141599356,0.002881984724951936,-0.005763541333716038,-0.0028816993141599356,-0.591528358684343
2020-06-23,2.3570945262908936,-0.002890186125567906,-1.5548249132635306e-08,-0.00578035670288668,-0.00578035670288668,0.08047698507727574
2020-06-24,2.3707985877990723,0.0029069895169704374,0.008720937454412825,1.5548249132635306e-08,0.00581396348569152,-0.06571086387002367
2020-06-29,2.377650260925293,-1.4270537584959442e-07,0.0057801977142504235,-1.4270537584959442e-07,0.0028900275044374535,0.10081832173519345
2020-06-30,2.384502410888672,0.002881899863906856,0.0057637416396096874,-0.0028817836874982516,0.002881899863906856,0.005567237042161111
2020-07-01,2.3982064723968506,1.5765235561460145e-08,0.008620697287736068,-0.0028735447422646443,0.005747136780235529,0.131513757832316
2020-07-02,2.4530224800109863,0.0028571041354699123,0.02285708434409761,-3.589433406059328e-08,0.02285708434409761,0.6475940954334511
2020-07-03,2.4872827529907227,2.0526332189518826e-08,0.016759848377834174,-0.0027932730160228347,0.01396655483547904,0.08596977111552917
2020-07-06,2.65173077583313,0.0027547192901133943,0.07162523374003782,0.0027547192901133943,0.06611553215840615,0.7953892112950243
2020-07-07,2.6174707412719727,0.007752000636977563,0.023255862405086036,-0.01550385362205553,-0.012919876660704044,-0.25878367642307154
2020-07-08,2.6174707412719727,0.0,0.013088992981693304,-0.007853395789016115,0.0,-0.08698344273616954
2020-07-09,2.5832107067108154,-0.0026177902561007604,8.362128323113893e-09,-0.01832458196547493,-0.013088984729016873,-0.22990324384445415
2020-07-10,2.514690399169922,-7.740249508003672e-08,-7.740249508003672e-08,-0.03183028347090466,-0.026525249126169825,0.19743871786079836
2020-07-13,2.528394937515259,-0.002724589133097477,0.019073759203599217,-0.0054493826751848,0.005449791493163714,0.12530963578647913
2020-07-14,2.514690399169922,-2.0440894787920882e-07,0.0054198434306731436,-0.008130276168379025,-0.005420252248568791,-0.2499459499574641
2020-07-15,2.4792723655700684,0.006036254953163844,0.008910641511798767,-0.016958837515915648,-0.014084450957280725,-0.017177033020185917
2020-07-16,2.457588195800781,1.6564137506058785e-07,0.008746514263860306,-0.01166163252193908,-0.008746182981110961,-0.1931133352013923
2020-07-17,2.4648163318634038,0.002941150219948785,0.005882323734600847,-0.002941196809356006,0.002941150219948785,-0.37419523116094666
2020-07-20,2.500957727432251,0.00293272049121307,0.017595465252126408,-0.0029323774131522207,0.014662916299943651,0.0748625566843657
2020-07-21,2.4792723655700684,-3.138856234929932e-07,0.0028898558294492283,-0.008670823030842323,-0.008670823030842323,-0.5136701586166339
2020-07-22,2.4792723655700684,0.0,0.011661796231637656,0.0,0.0,0.4496077854658367
2020-07-23,2.4648163318634038,1.4234666712020783e-07,1.4234666712020783e-07,-0.01166165554498877,-0.005830756599160769,-0.010734013570456113
2020-07-24,2.4214468002319336,-0.0029326305671604214,-0.0029326305671604214,-0.020527989730301344,-0.01759544152268855,0.2444735187263234
2020-07-27,2.406990528106689,0.002985119079695675,0.0059701910852707485,-0.005970096937029545,-0.005970096937029545,-0.4207163327744503
2020-07-28,2.406990528106689,0.006006000415836432,0.009009000623754648,0.0,0.0,-0.18461099497326927
2020-07-29,2.435902833938598,-1.9146635910072263e-07,0.012011807065419378,-0.0030031910993039146,0.012011807065419378,0.273294733535856
2020-07-30,2.41421890258789,-0.0029670904975808154,2.6661487928514305e-07,-0.008901804722500906,-0.008901804722500906,-0.35818248296922306
2020-07-31,2.406990528106689,-7.514846267486774e-08,0.008981951769577057,-0.005988093093822533,-0.0029940841211427704,0.6189087955289523
2020-08-03,2.41421890258789,0.0030030755820575905,0.009009076449235875,7.514846878109438e-08,0.0030030755820575905,0.02634603409746461
2020-08-04,2.443131923675537,0.0029940397233885196,0.014970148261386651,-0.002993978854204604,0.011976138972590311,0.23922153116276235
2020-08-05,2.4214468002319336,-1.5265716513113148e-07,-1.5265716513113148e-07,-0.01183452922845285,-0.008875952720137859,-0.7281119339631807
2020-08-06,2.428674936294556,0.0029850484685147727,0.005970120263937506,-0.005970166917753983,0.0029850484685147727,0.1410947913324101
2020-08-07,2.41421890258789,1.4554950422684954e-07,1.4554950422684954e-07,-0.008928418942429017,-0.005952230778451417,-0.02421314753430437
2020-08-10,2.4214468002319336,0.0029938866091618888,0.008981904272640895,-0.0029941310543171173,0.0029938866091618888,0.16571798501479762
2020-08-11,2.4214468002319336,0.0029850718650554775,0.005970143730110733,-0.0029850718650554775,0.0,0.4946339087635607
2020-08-12,2.41421890258789,1.2222259271332803e-07,1.2222259271332803e-07,-0.008955094467103075,-0.002984950007306031,-0.20577116540066953
2020-08-13,2.406990528106689,-7.514846267486774e-08,-7.514846267486774e-08,-0.0029940841211427704,-0.0029940841211427704,-0.6290361538536295
2020-08-14,2.4214468002319336,0.0030029529924362475,0.009008953125545727,-4.707411827009622e-08,0.006005953058990876,0.05134786140515146
2020-08-17,2.457588195800781,1.056542606736599e-07,0.01791060990664084,-0.0029849665261802993,0.014925537726199645,1.177474773990557
2020-08-18,2.428674936294556,-0.0029413021849651333,-1.2898115508974684e-07,-0.014706065123306078,-0.011764891919495701,-0.6277605973952696
2020-08-19,2.41421890258789,0.002976333713481827,0.002976333713481827,-0.005952230778451417,-0.005952230778451417,-0.3660430389188605
2020-08-20,2.406990528106689,-7.514846267486774e-08,0.0029939338242170876,-0.005988093093822533,-0.0029940841211427704,0.40572227807104966
2020-08-21,2.406990528106689,0.003003000207918438,0.003003000207918438,-0.003003000207917994,0.0,-0.5866768081377316
2020-08-24,2.3997626304626465,1.2310065633514e-07,0.003003123678245956,-0.0030028774769329525,-0.0030028774769329525,0.4966246340625631
2020-08-25,2.3997626304626465,0.003012045380822892,0.003012045380822892,-0.003012045380823114,0.0,-0.20768983153219267
2020-08-26,2.378077745437622,-0.0030121724890743717,-1.2749226374619838e-07,-0.009036262482695512,-0.009036262482695512,0.13463608363323587
2020-08-27,2.370849370956421,-7.653652389638665e-08,-7.653652389638665e-08,-0.009118608281667107,-0.0030395871182382628,-0.12333809769484105
2020-08-28,2.385305643081665,-0.0030488247595495954,0.006097507628421095,-0.006097602222206455,0.006097507628421095,0.318825338986926
2020-08-31,2.370849370956421,4.729689484506139e-08,4.729689484506139e-08,-0.012121154013070345,-0.00606055335808775,0.2967542662655305
2020-09-01,2.349164724349976,-0.006097584488092278,-0.0030488069710362664,-0.01219513952220408,-0.009146362005147957,-0.1795211332843465
2020-09-02,2.3274803161621094,7.243354072095087e-08,0.0030769927989535706,-0.012307609028110567,-0.009230688662697717,-0.1161676053663605
2020-09-03,2.3274803161621094,0.003105587072796956,0.003105587072796956,-0.003105587072796734,0.0,-0.31940154072922056
2020-09-04,2.313023805618286,-0.006211227843018308,-0.003105640938026011,-0.012422401653003234,-0.006211227843018308,0.13186116318581043
2020-09-07,2.305795907974243,1.2782896097185414e-07,0.0031251252016279985,-0.006249866916372637,-0.0031248695437057217,-0.00018017495324684774
2020-09-08,2.3202524185180664,5.340491537886294e-08,0.009404433484474506,-0.0031347399549376265,0.0062696401246213895,-0.23066913665241984
2020-09-09,2.3202524185180664,-0.0031152617895386925,0.0031152617895386925,-0.0031152617895386925,0.0,-0.05603801759281524
2020-09-10,2.313023805618286,0.0031150799910972804,0.0031150799910972804,-0.006230703683745897,-0.0031154424587981344,0.08357966580632237
2020-09-11,2.313023805618286,-0.003124996973201677,0.003124996973201677,-0.003124996973201677,0.0,-0.18837879635441013
2020-09-14,2.3202524185180664,1.8123388323409984e-07,0.003125178773440318,-0.003124816305673739,0.003125178773440318,-0.5434460966447539
2020-09-15,2.3202524185180664,-0.0031152617895386925,0.0031152617895386925,-0.0031152617895386925,0.0,0.35141425225486245
2020-09-16,2.3202524185180664,-0.0031152617895386925,0.0031152617895386925,-0.0031152617895386925,0.0,-0.18761038244428363
2020-09-17,2.3202524185180664,0.0,0.0031152617895386925,-0.0031152617895386925,0.0,-0.012754590820005518
2020-09-18,2.341937065124512,2.7969139893002648e-08,0.009345813599149544,-0.0031152339075298796,0.009345813599149544,0.9569983607242527
2020-09-21,2.3274803161621094,-0.003086571491602519,-1.5516995943709588e-07,-0.006172987813246045,-0.006172987813246045,-0.6166334478658015
2020-09-22,2.313023805618286,-5.403303360296263e-08,0.003105532871958916,-0.006211227843018308,-0.006211227843018308,0.22302836820312066
2020-09-23,2.3202524185180664,0.003125178773440318,0.00625017631299718,1.8123388323409984e-07,0.003125178773440318,-0.40054676311134685
2020-09-24,2.313023805618286,-1.812338503714983e-07,-1.812338503714983e-07,-0.009345964908693771,-0.0031154424587981344,0.20180830715682418
2020-09-25,2.305795907974243,1.2782896097185414e-07,1.2782896097185414e-07,-0.0031248695437057217,-0.0031248695437057217,-0.42787175823418266
2020-09-28,2.341937065124512,0.0031348748215873634,0.021943635506770365,8.137405682617782e-08,0.015674048611709512,1.0378592172047654
2020-09-29,2.313023805618286,-2.0920298471338583e-07,0.0030862069518902135,-0.012345873822484088,-0.012345873822484088,-0.5638349145005996
2020-09-30,2.313023805618286,0.003124996973201677,0.003124996973201677,-0.003124996973201677,0.0,0.02792307546545203
2020-10-09,2.3202524185180664,0.003125178773440318,0.00625017631299718,1.8123388323409984e-07,0.003125178773440318,-0.10878796854822781
2020-10-12,2.3347084522247314,0.003115109822758644,0.012460893775536608,-1.5149483367782324e-07,0.0062303711403512985,0.46395480440028436
2020-10-13,2.3202524185180664,1.5149485688148445e-07,0.003096124225244745,-0.00928776669630682,-0.006191793965918957,0.24072020722113052
2020-10-14,2.313023805618286,-1.812338503714983e-07,-1.812338503714983e-07,-0.006230703683745897,-0.0031154424587981344,-0.6731177657796792
2020-10-15,2.3202524185180664,1.8123388323409984e-07,0.00625017631299718,-0.003124816305673739,0.003125178773440318,0.033665841911631134
2020-10-16,2.3347084522247314,-1.5149483367782324e-07,0.009345632457943731,-1.5149483367782324e-07,0.0062303711403512985,0.5673620789047185
2020-10-19,2.341937065124512,0.003096152280980702,0.015480043548899092,-0.003095793352978604,0.003096152280980702,0.4004517921763764
2020-10-20,2.3202524185180664,-2.7969139226868833e-08,-2.7969139226868833e-08,-0.012345694826091602,-0.009259278111853453,-0.7008310545439009
2020-10-21,2.341937065124512,2.7969139893002648e-08,0.009345813599149544,-0.0031152339075298796,0.009345813599149544,-0.026980831528589988
2020-10-22,2.3347084522247314,-0.0030865957106308572,-1.794639691299338e-07,-0.0061730119572925846,-0.0030865957106308572,-0.3198876557989223
2020-10-23,2.341937065124512,1.794640009933346e-07,0.00619212509796041,-0.006191766169958202,0.003096152280980702,0.3283429259165267
2020-10-26,2.341937065124512,0.0,0.0,-0.006172833601125083,0.0,-0.0764774092990308
2020-10-27,2.3347084522247314,-0.0030865957106308572,-1.794639691299338e-07,-0.0061730119572925846,-0.0030865957106308572,-0.08163935483796081
2020-10-28,2.3202524185180664,1.5149485688148445e-07,1.5149485688148445e-07,-0.00928776669630682,-0.006191793965918957,-0.08683353033571706
2020-10-29,2.305795907974243,-0.003115315028080823,-0.003115315028080823,-0.006230576651249264,-0.006230576651249264,0.12497054874409486
2020-10-30,2.298567533493042,0.0031347141285755775,0.0062695070739411385,-0.0031348717621551003,-0.0031348717621551003,-0.08674858340279457
2020-11-02,2.305795907974243,0.0031447300877065487,0.006289381358617341,7.881679597865343e-08,0.0031447300877065487,-0.1971827738016998
2020-11-03,2.313023805618286,-1.2782894465157568e-07,0.006269457754499941,-1.2782894465157568e-07,0.0031346649627777,-0.041445873096719765
2020-11-04,2.313023805618286,0.003124996973201677,0.003124996973201677,-0.003124996973201677,0.0,0.00857888424229003
2020-11-05,2.313023805618286,0.003124996973201677,0.006249993946403354,0.0,0.0,0.07273946337376458
2020-11-06,2.3202524185180664,0.003125178773440318,0.00625017631299718,1.8123388323409984e-07,0.003125178773440318,0.05135238299252265
2020-11-09,2.3274803161621094,0.00311513419245113,0.006230395585726134,-1.2720082376294073e-07,0.00311513419245113,0.24899032455365244
2020-11-10,2.3274803161621094,0.0,0.006211174145593246,0.0,0.0,0.06363820644598661
2020-11-11,2.341937065124512,1.551699833068909e-07,0.009316917834055083,1.551699833068909e-07,0.006211330279364491,0.11629400355498731
2020-11-12,2.3347084522247314,-1.794639691299338e-07,-1.794639691299338e-07,-0.0061730119572925846,-0.0030865957106308572,-0.3278600768801603
2020-11-13,2.3274803161621094,-0.0030959480425637453,2.4294014133730002e-08,-0.006191920379141402,-0.0030959480425637453,-0.2115081110725896
2020-11-16,2.3347084522247314,-2.4294013245551582e-08,0.003105562703336062,-0.0031056112913626643,0.003105562703336062,-0.10199918735086655
2020-11-17,2.3347084522247314,-0.003095972261363933,0.003095972261363933,-0.003095972261363933,0.0,0.08394976001139653
2020-11-18,2.341937065124512,1.794640009933346e-07,0.009288097914939897,-0.003095793352978604,0.003096152280980702,0.5604342294481484
2020-11-19,2.341937065124512,0.0,0.0030864168005624304,-0.0030864168005626524,0.0,-0.5871964851345481
2020-11-20,2.3347084522247314,-1.794639691299338e-07,-1.794639691299338e-07,-0.0061730119572925846,-0.0030865957106308572,0.06432577189880817
2020-11-23,2.349164724349976,0.003095923972802117,0.009287868197452642,-4.81395234785964e-08,0.006191896085127491,0.5860893077653593
2020-11-24,2.356393337249756,1.785106713558804e-07,0.009230940586082426,1.785106713558804e-07,0.00307709920247512,0.0038449652065715156
2020-11-25,2.341937065124512,0.003067530989615541,0.006135012886375746,-0.006134914700665517,-0.006134914700665517,-0.3550037907376655
2020-11-26,2.349164724349976,-2.27603483726746e-07,0.006172604592682651,-0.0030866437015670822,0.0030861884945996287,-0.3655281054952084
2020-11-27,2.406990528106689,0.003077030864314212,0.02461547423955701,1.1038213654224194e-07,0.02461547423955701,1.4430557787586409
2020-11-30,2.385305643081665,0.00600587142068143,0.027026941777853475,-0.009009127693610397,-0.009009127693610397,0.4265109679593735
2020-12-01,2.428674936294556,-0.0030302425353744278,0.024242532947209794,-0.009090843254157543,0.018181859980367365,-0.6223787491957431
2020-12-02,2.406990528106689,7.040103033872924e-08,0.002976258341352178,-0.008928493419935069,-0.008928493419935069,-0.5275779637130249
2020-12-03,2.3925342559814453,0.0030030479939797683,0.0030030479939797683,-0.009008953409980647,-0.006005953058990543,0.15350978686817385
2020-12-04,2.370849370956421,-1.2857112996478293e-07,0.003021016247727326,-0.012084707846559684,-0.00906356302770217,-0.22702403958800232
2020-12-07,2.349164724349976,-2.9453980365801158e-08,-2.9453980365801158e-08,-0.009146362005147957,-0.009146362005147957,0.10492010689014108
2020-12-08,2.341937065124512,2.2760353535211664e-07,0.0061540692892523285,-0.006153614082181735,-0.003076693239323136,-0.5432396246031352
2020-12-09,2.3347084522247314,-1.794639691299338e-07,0.0030862367826931525,-0.0030865957106308572,-0.0030865957106308572,0.3040967042326379
2020-12-10,2.3274803161621094,2.4294014133730002e-08,2.4294014133730002e-08,-0.006191920379141402,-0.0030959480425637453,0.050368924006743754
2020-12-11,2.3202524185180664,1.2720083986117459e-07,1.2720083986117459e-07,-0.006211047734820063,-0.003105460266990101,0.5980098764150092
2020-12-14,2.313023805618286,-1.812338503714983e-07,0.006230341216045154,-0.006230703683745897,-0.0031154424587981344,-0.28522054851074685
2020-12-15,2.298567533493042,4.901216121844243e-08,0.003125046138525933,-0.009374942366932482,-0.006249945240567878,0.2540042547474819
2020-12-16,2.298567533493042,0.0,0.003144651023059497,-0.003144651023059386,0.0,-0.7262904865977369
2020-12-17,2.305795907974243,7.881679597865343e-08,0.006289381358617341,-0.0062892237250252725,0.0031447300877065487,0.1068003932853685
2020-12-18,2.298567533493042,-7.881678965038219e-08,-7.881678965038219e-08,-0.0031348717621551003,-0.0031348717621551003,-0.40901453889688355
2020-12-21,2.305795907974243,7.881679597865343e-08,0.0031447300877065487,-0.0031445724541145914,0.0031447300877065487,-0.13571578422766706
2020-12-22,2.2841110229492188,-0.0031349263392981275,-1.33565558835258e-07,-0.00940451188677649,-0.00940451188677649,0.42992571678542646
2020-12-23,2.2841110229492188,0.0,0.003164553858114205,0.0,0.0,-0.42772023037550255
2020-12-24,2.29133939743042,0.0031646335964299332,0.0063291877060844826,7.948677560598583e-08,0.0031646335964299332,-0.007577591040526244
2020-12-25,2.298567533493042,-2.4737997317281213e-08,0.003154546232098099,-0.0031545957080926224,0.003154546232098099,-0.035051774725218365
2020-12-28,2.29133939743042,-0.003144626362853842,2.473799809443733e-08,-0.006289277463705445,-0.003144626362853842,0.13817830574694057
2020-12-29,2.29133939743042,-0.0031545710481331035,0.0,-0.0031545710481331035,0.0,0.09091345546392304
2020-12-30,2.29133939743042,0.0,0.0,-0.0031545710481331035,0.0,-0.02902275891244699
2020-12-31,2.298567533493042,-0.0031545957080926224,0.006309117202193626,-0.0031545957080926224,0.003154546232098099,0.3316015499095073
2021-01-04,2.29133939743042,2.473799809443733e-08,2.473799809443733e-08,-0.006289277463705445,-0.003144626362853842,0.08917353465814415
2021-01-05,2.29133939743042,-0.0031545710481331035,0.0031545710481333256,-0.006309142096266207,0.0,0.07297552973287225
2021-01-06,2.298567533493042,-2.4737997317281213e-08,0.003154546232098099,-0.0031545957080926224,0.003154546232098099,-0.42845290964436344
2021-01-07,2.305795907974243,7.881679597865343e-08,0.0031447300877065487,-0.0031445724541145914,0.0031447300877065487,0.2900643300492085
2021-01-08,2.305795907974243,-0.0031347931924397,0.0,-0.006269586384879178,0.0,-0.0025877668450995372
2021-01-11,2.29133939743042,-0.0031348471017075275,0.0031347389441200857,-0.0062696401246213895,-0.0062696401246213895,0.01821888267182814
2021-01-12,2.298567533493042,-2.4737997317281213e-08,0.003154546232098099,-0.0031545957080926224,0.003154546232098099,-0.16242659426970718
2021-01-13,2.313023805618286,-4.901215899799638e-08,0.009433903594640913,-0.0031446998810921167,0.006289252725707684,0.5768270258471979
2021-01-14,2.3202524185180664,1.8123388323409984e-07,0.012500171392111348,-0.003124816305673739,0.003125178773440318,0.034833394083992886
2021-01-15,2.3347084522247314,-1.5149483367782324e-07,0.01557615509312904,-0.0031154128124265545,0.0062303711403512985,0.42041247811316396
2021-01-18,2.313023805618286,-0.003096001908313828,-2.973902080150026e-08,-0.012383918416192352,-0.009287946246899548,-0.4971209248064561
2021-01-19,2.3274803161621094,0.003125051175091098,0.009375045459200981,-0.00312494310901823,0.006250048317145929,-0.16820388151488075
2021-01-20,2.313023805618286,-0.003105640938026011,0.003105532871958916,-0.009316814748010716,-0.006211227843018308,-0.24409550373207978
2021-01-21,2.305795907974243,1.2782896097185414e-07,0.0031251252016279985,-0.0031248695437057217,-0.0031248695437057217,-0.41794651624346457
2021-01-22,2.29133939743042,-5.407879366536861e-08,-5.407879366536861e-08,-0.0062696401246213895,-0.0062696401246213895,0.3973717560885959
2021-01-25,2.29133939743042,0.0,0.0031545710481333256,-0.0031545710481331035,0.0,-0.10877111213742197
2021-01-26,2.29133939743042,0.0,0.0031545710481333256,-0.0031545710481331035,0.0,-0.24047276055760136
2021-01-27,2.29133939743042,0.0,0.009463713144399533,-0.0031545710481331035,0.0,0.28573937369752755
2021-01-28,2.29133939743042,0.0,0.0031545710481333256,-0.0031545710481331035,0.0,-0.3268766302367716
2021-01-29,2.29133939743042,-0.0031545710481331035,0.006309142096266429,-0.0031545710481331035,0.0,0.42119683328147417
2021-02-01,2.298567533493042,-2.4737997317281213e-08,0.006309117202193626,-0.0031545957080926224,0.003154546232098099,-0.06148722763682812
2021-02-02,2.298567533493042,0.0,0.00628930204611855,-0.003144651023059386,0.0,0.048765707244228906
2021-02-03,2.29133939743042,2.473799809443733e-08,2.473799809443733e-08,-0.003144626362853842,-0.003144626362853842,-0.3960509661768832
2021-02-04,2.298567533493042,-2.4737997317281213e-08,0.006309117202193626,-0.0031545957080926224,0.003154546232098099,0.34361905063844844
2021-02-05,2.3274803161621094,-0.0031446460179731517,0.012578609176268074,-0.0031446460179731517,0.012578609176268074,0.6889698042559615
2021-02-08,2.305795907974243,-0.006211100808032111,-0.0031055135060557015,-0.012422275411984818,-0.009316688110008409,-0.272796733404725
2021-02-09,2.298567533493042,-0.0031348717621551003,-7.881678965038219e-08,-0.006269664707520439,-0.0031348717621551003,-0.17325183229427665
2021-02-10,2.313023805618286,0.003144601856774454,0.012578554463573921,0.003144601856774454,0.006289252725707684,0.09559415030232188
2021-02-18,2.3202524185180664,0.00625017631299718,0.009375173852554264,1.8123388323409984e-07,0.003125178773440318,0.25787396740625823
2021-02-19,2.3347084522247314,-1.5149483367782324e-07,0.0062303711403512985,-0.0031154128124265545,0.0062303711403512985,-0.3727194559605209
2021-02-22,2.349164724349976,-4.81395234785964e-08,0.009287868197452642,-0.003096020251848852,0.006191896085127491,0.5409095430718942
2021-02-23,2.3347084522247314,4.813952569904245e-08,0.006153888720849654,-0.006153792441798478,-0.006153792441798478,0.15920721396120996
2021-02-24,2.3274803161621094,0.0030959966305914577,0.0030959966305914577,-0.006191920379141402,-0.0030959480425637453,-0.22740901316648277
2021-02-25,2.349164724349976,-7.243353561392496e-08,0.012422274957856416,-7.243353561392496e-08,0.00931668811000863,-0.00759425946479908
2021-02-26,2.341937065124512,-0.006153614082181735,2.2760353535211664e-07,-0.009230534925040224,-0.003076693239323136,-0.009401269458972905
2021-03-01,2.341937065124512,0.0,0.0030864168005624304,-0.0030864168005626524,0.0,-0.31635069913696867
2021-03-02,2.3274803161621094,-1.5516995943709588e-07,0.0030862611516839777,-0.006172987813246045,-0.006172987813246045,0.014359746272461393
2021-03-03,2.363621473312378,0.0031056690825861377,0.0155280183893729,8.175588939174361e-08,0.0155280183893729,0.3289189393688048
2021-03-04,2.363621473312378,-0.006116202153874761,0.006116202153874983,-0.006116202153874761,0.0,0.04027082529948345
2021-03-05,2.385305643081665,-0.0030582725831677093,0.012232230171058456,-0.0030582725831677093,0.009174129620213245,0.1162248674797084
2021-03-08,2.378077745437622,1.2383342817834375e-07,0.0060607249522681705,-0.006060477285411814,-0.0030301767259918178,-0.13385443733552904
2021-03-09,2.363621473312378,4.8198917967923194e-08,0.006079070120616148,-0.009118484683629524,-0.006078973722780434,0.13860824517031745
2021-03-10,2.363621473312378,-0.0030581010769374917,0.0030581010769374917,-0.006116202153874761,0.0,-0.3437367809712164
2021-03-11,2.363621473312378,0.0030581010769374917,0.009174303230812253,0.0,0.0,-0.025206577861471402
2021-03-12,2.378077745437622,-4.819891563645484e-08,0.009174254589705333,-0.0030581491284558115,0.006116153660165047,-0.09472531712854249
2021-03-15,2.3925342559814453,5.203461284075672e-08,0.012158095924644119,-0.0030394589378950343,0.006079073979628369,0.28942922376412383
2021-03-16,2.3925342559814453,0.0,0.0060422904145789325,-0.0030211452072894662,0.0,-0.5444715383984331
2021-03-17,2.378077745437622,-5.203461006519916e-08,0.0030210930154752624,-0.00906348718486627,-0.0060423421347808315,0.10791105488419817
2021-03-18,2.370849370956421,-7.653652389638665e-08,0.00303943404519047,-0.0030395871182382628,-0.0030395871182382628,-0.3651519149238531
2021-03-19,2.349164724349976,0.003048748063075424,0.0060975255801316575,-0.009146362005147957,-0.009146362005147957,0.5369846708430863
2021-03-22,2.370849370956421,2.9453981031934973e-08,0.012307710386653348,-0.003076890779187158,0.00923079015348538,-0.2263970760400973
2021-03-23,2.378077745437622,0.0030488543767270837,0.006097632216924609,-0.0030487013036678556,0.0030488543767270837,0.07771430525021472
2021-03-24,2.385305643081665,-1.238334127462437e-07,0.0030393866045421714,-0.0060791447093229145,0.0030393866045421714,-0.10022489219092989
2021-03-25,2.378077745437622,1.2383342817834375e-07,0.0030304243928482855,-0.006060477285411814,-0.0030301767259918178,-0.1246610650753972
2021-03-26,2.356393337249756,7.252015077341412e-08,7.252015077341412e-08,-0.01519748265371823,-0.00911846058417054,0.6805283248431095
2021-03-29,2.378077745437622,-7.25201454443436e-08,0.012269853574713219,-0.0030675540438601656,0.009202372050998386,-0.09884916218469897
2021-03-30,2.385305643081665,-1.238334127462437e-07,0.0030393866045421714,-0.0060791447093229145,0.0030393866045421714,-0.3074495988103223
2021-03-31,2.4214468002319336,0.006060682011085783,0.01515158330132338,0.003030381581006658,0.01515158330132338,0.8328848973783032
2021-04-01,2.406990528106689,-0.00298502493145425,-0.00298502493145425,-0.008955168942604397,-0.005970096937029545,-0.573585429993571
2021-04-02,2.3925342559814453,4.76429897755537e-08,0.0030030479939797683,-0.009008953409980647,-0.006005953058990543,-0.3022203177877074
2021-04-06,2.385305643081665,-1.7586801659419393e-07,0.0030209688079501085,-0.0060424652199497775,-0.003021320543983186,0.05663570555072184
2021-04-07,2.3925342559814453,1.7586804745839402e-07,0.006060777302248521,-0.003030124849052962,0.0030304765851478788,0.3328676393558112
2021-04-08,2.385305643081665,-1.7586801659419393e-07,-1.7586801659419393e-07,-0.003021320543983186,-0.003021320543983186,-0.5095053881492646
2021-04-09,2.3925342559814453,0.0030304765851478788,0.0030304765851478788,1.7586804745839402e-07,0.0030304765851478788,0.007159070485691643
2021-04-12,2.406990528106689,-4.7642987222040745e-08,0.006042242483718763,-0.003021192706340381,0.006042242483718763,0.25864020758033135
2021-04-13,2.3997626304626465,1.2310065633514e-07,0.003003123678245956,-0.006005878054522462,-0.0030028774769329525,-0.21343207244773765
2021-04-14,2.3997626304626465,0.0,0.003012045380822892,-0.003012045380823114,0.0,-0.118154330197207
2021-04-15,2.385305643081665,-0.0030122959494797152,-2.5132566083829744e-07,-0.00602434057329837,-0.00602434057329837,-0.1960392796096606
2021-04-16,2.3997626304626465,0.003030552271483966,0.006060853217243922,2.5132572400998754e-07,0.006060853217243922,0.07145054880629687
2021-04-19,2.3997626304626465,0.0,0.003012045380822892,-0.003012045380823114,0.0,0.19411413470884042
2021-04-20,2.3925342559814453,-7.54576574557575e-08,0.0030119696958836872,-0.006024165764739964,-0.003012120611198821,-0.030490686252996113
2021-04-21,2.3925342559814453,0.0,0.0030211452072896883,-0.0030211452072894662,0.0,-0.39992814735500914
2021-04-22,2.378077745437622,0.0030210930154752624,0.0030210930154752624,-0.00906348718486627,-0.0060423421347808315,0.6696206586164593
2021-04-23,2.363621473312378,4.8198917967923194e-08,0.003039559159766947,-0.006078973722780434,-0.006078973722780434,-0.36116282152727663
2021-04-26,2.349164724349976,0.003057946415998325,0.003057946415998325,-0.006116355400233475,-0.006116355400233475,0.13522271354866433
2021-04-27,2.349164724349976,0.0,0.0030769201425402404,-0.0030769201425406845,0.0,-0.2504674070715147
2021-04-28,2.349164724349976,0.0,0.0030769201425402404,-0.0030769201425406845,0.0,-0.07610570785336179
2021-04-29,2.370849370956421,2.9453981031934973e-08,0.012307710386653348,-0.003076890779187158,0.00923079015348538,0.48665794707605414
2021-04-30,2.349164724349976,-2.9453980365801158e-08,0.003048748063075424,-0.01219513952220408,-0.009146362005147957,0.08065154693159116
2021-05-06,2.356393337249756,0.00307709920247512,0.009230940586082426,1.785106713558804e-07,0.00307709920247512,-0.12948789791608917
2021-05-07,2.370849370956421,-0.0030676303456040888,0.00613481352121692,-0.0030676303456040888,0.00613481352121692,0.21252513431326747
2021-05-10,2.356393337249756,1.4905668610509792e-07,1.4905668610509792e-07,-0.00914618512719978,-0.006097407065904559,-0.14511207284293093
2021-05-11,2.363621473312378,-2.4321231140156385e-08,0.0030674573503328695,-0.0030675059927950388,0.0030674573503328695,-0.4088931858246134
2021-05-12,2.370849370956421,-0.0030582254309196033,0.006116076655531932,-0.0030582254309196033,0.003057975960048198,0.47405346732339027
2021-05-13,2.370849370956421,-0.0030487776068547356,0.0,-0.006097555213709249,0.0,-0.18886775178508586
2021-05-14,2.378077745437622,7.653652955852408e-08,0.0030488543767270837,-0.0030487013036678556,0.0030488543767270837,0.03653791373148252
2021-05-17,2.370849370956421,-0.0030395871182382628,0.00303943404519047,-0.0030395871182382628,-0.0030395871182382628,0.19117488342647704
2021-05-18,2.370849370956421,0.0030487776068546246,0.0030487776068546246,-0.0030487776068547356,0.0,-0.4671500293995585
2021-05-19,2.363621473312378,1.2473545130120556e-07,1.2473545130120556e-07,-0.0030486532516940112,-0.0030486532516940112,-0.07947803443321177
2021-05-20,2.370849370956421,0.003057975960048198,0.003057975960048198,-1.247354357580832e-07,0.003057975960048198,0.2312296080960934
2021-05-21,2.370849370956421,0.0,0.0030487776068546246,-0.0030487776068547356,0.0,0.19672913135166326
2021-05-24,2.378077745437622,7.653652955852408e-08,0.0030488543767270837,-0.0030487013036678556,0.0030488543767270837,-0.09514280373265294
2021-05-25,2.3997626304626465,1.2749228006647684e-07,0.009118661097866632,-0.003039383709582122,0.009118661097866632,0.4745319792505285
2021-05-26,2.3997626304626465,0.0,0.0,-0.006024090761646228,0.0,-0.42673724982360284
2021-05-27,2.3925342559814453,-0.003012120611198821,0.0030119696958836872,-0.003012120611198821,-0.003012120611198821,0.1521924479638841
2021-05-28,2.41421890258789,0.0030211727958651124,0.009063463376640213,2.7505477895317654e-08,0.009063463376640213,0.37154884094975316
2021-05-31,2.406990528106689,-7.514846267486774e-08,0.0029939338242170876,-0.01197611103918228,-0.0029940841211427704,0.040180492101473675
2021-06-01,2.41421890258789,-0.0030029252851204724,0.006006076015646844,-0.006005925718709393,0.0030030755820575905,-0.19666266252860254
2021-06-02,2.428674936294556,-1.4554948302158977e-07,0.005987871974314274,-0.005988163073280095,0.005987871974314274,0.3507175625909831
2021-06-03,2.4214468002319336,2.3326908626941645e-08,0.005952469885263323,-0.00595235227353208,-0.0029761644733117265,0.2742927968814399
2021-06-04,2.426822662353516,0.00539168283170266,0.00539168283170266,-0.0009514761576867592,0.0022201033370081724,-0.3275492444968542
2021-06-07,2.4114632606506348,0.0031646455172431587,0.0031646455172431587,-0.012658200667976516,-0.006329016924535358,-0.07126792653923175
2021-06-08,2.4037835597991943,-0.0031846642562443073,4.6122862862318925e-08,-0.009554160943943124,-0.0031846642562443073,-0.17668655768033048
2021-06-09,2.4037835597991943,0.0,0.0,-0.006389846202502825,0.0,-0.3206806313661268
2021-06-10,2.3807435035705566,-0.0031951441160300575,-1.8351506869684897e-07,-0.009584912973846227,-0.009584912973846227,0.2644589017984451
2021-06-11,2.365384101867676,9.285108260037589e-08,0.0032258966250837684,-0.006451514696919403,-0.006451514696919403,0.26261532223702133
2021-06-15,2.357704401016236,4.6879206516692307e-08,0.0032467972622443053,-0.00324670350383105,-0.00324670350383105,-0.44405457309196095
2021-06-16,2.373063802719116,-9.345498352963943e-08,0.009771883495659273,-9.345498352963943e-08,0.006514557845444857,0.06260773342698656
2021-06-17,2.365384101867676,-0.0032361965332077247,0.0032362896847748512,-0.0032361965332077247,-0.0032361965332077247,-0.32000602100166375
2021-06-18,2.350024461746216,-7.388845091327312e-09,0.0032467428179976388,-0.0064935078025307735,-0.0064935078025307735,0.22473578324052568
2021-06-21,2.357704401016236,5.426805205210883e-08,0.006535996224216412,5.426805205210883e-08,0.003268025246134343,-0.3354492336369965
2021-06-22,2.357704401016236,0.0,0.0032573259546273547,-0.003257325954627799,0.0,-0.23108568413681851
2021-06-23,2.357704401016236,0.0,0.0032573259546273547,-0.003257325954627799,0.0,-0.06117079126862279
2021-06-24,2.357704401016236,0.0,0.0032573259546273547,-0.003257325954627799,0.0,-0.0614372394598206
2021-06-25,2.373063802719116,0.0032572321952306638,0.009771883495659273,-9.345498352963943e-08,0.006514557845444857,0.4299041644391117
2021-06-28,2.365384101867676,4.657578345224067e-08,0.0032362896847748512,-0.0032361965332077247,-0.0032361965332077247,-0.2687319959103789
2021-06-29,2.365384101867676,0.0,0.003246750230832429,-0.0032467502308325402,0.0,-0.09933320860719874
2021-06-30,2.365384101867676,0.0,0.0,-0.0032467502308325402,0.0,-0.3665020773736529
2021-07-01,2.365384101867676,0.0,0.003246750230832429,-0.0032467502308325402,0.0,0.5205726668076949
2021-07-02,2.365384101867676,0.0,0.003246750230832429,-0.0032467502308325402,0.0,0.3127285993910256
2021-07-05,2.365384101867676,-0.0032467502308325402,0.0,-0.0032467502308325402,0.0,-0.4740558386449223
2021-07-06,2.373063802719116,-4.657578145383923e-08,0.003246703503831272,-0.0032467966553939576,0.003246703503831272,0.290028431631395
2021-07-07,2.365384101867676,4.657578345224067e-08,4.657578345224067e-08,-0.006472439642199013,-0.0032361965332077247,-0.29712054881122896
2021-07-08,2.357704401016236,4.6879206516692307e-08,4.6879206516692307e-08,-0.0064934538868688385,-0.00324670350383105,0.46446484623099593
2021-07-09,2.357704401016236,-0.003257325954627799,0.0032573259546273547,-0.003257325954627799,0.0,-0.3195415713134899
2021-07-12,2.350024461746216,0.0032572715098098115,0.0032572715098098115,-0.0032573800459081426,-0.0032573800459081426,0.20070324649308802
2021-07-13,2.3423447608947754,4.716238533042372e-08,0.0032680181172466405,-0.0032679237924757576,-0.0032679237924757576,0.07450351672850886
2021-07-14,2.3269853591918945,0.003278781020045418,0.003278781020045418,-0.006557276264068657,-0.006557276264068657,0.16972986102048182
2021-07-15,2.334664821624756,-1.4990710928142192e-07,0.006600502936857877,-0.003300476329092916,0.0033001765148743534,-0.5232986709176188
2021-07-16,2.3423447608947754,5.464845242997285e-08,0.0032895254166183108,-0.0032894161197131178,0.0032895254166183108,-0.08465708728663301
2021-07-19,2.334664821624756,-0.003278739918322615,-5.464844943237068e-08,-0.006557425188195576,-0.003278739918322615,0.12967155509389983
2021-07-20,2.334664821624756,0.0,0.0032894705884014552,-0.003289470588401344,0.0,-0.25317991975454746
2021-07-21,2.334664821624756,0.0,0.0032894705884014552,-0.003289470588401344,0.0,0.026868810070059368
2021-07-22,2.3423447608947754,5.464845242997285e-08,0.0032895254166183108,5.464845242997285e-08,0.0032895254166183108,0.02556132543340439
2021-07-23,2.334664821624756,-0.003278739918322615,-5.464844943237068e-08,-0.003278739918322615,-0.003278739918322615,-0.025881837094690496
2021-07-26,2.3423447608947754,5.464845242997285e-08,0.0032895254166183108,-0.0032894161197131178,0.0032895254166183108,0.5265263362013854
2021-07-27,2.334664821624756,-0.003278739918322615,-5.464844943237068e-08,-0.006557425188195576,-0.003278739918322615,-0.13081790292329742
2021-07-28,2.334664821624756,0.0,0.0,-0.003289470588401344,0.0,0.17195770003502275
2021-07-29,2.319305181503296,-7.58522000765538e-09,0.0032894629782300733,-0.009868419275569917,-0.0065789487121199475,0.046884578620399964
2021-07-30,2.2962658405303955,4.034631895244445e-08,4.034631895244445e-08,-0.009933725478061928,-0.009933725478061928,-0.29740339156153084
2021-08-02,2.3116254806518555,7.392738199385462e-09,0.006688964252463014,-0.010033427896849245,0.006688964252463014,0.4157782695317742
2021-08-03,2.2962658405303955,-0.003322263346563159,-7.392738421430067e-09,-0.009966775254212856,-0.006644519300388008,-0.6052356105160115
2021-08-04,2.288586139678955,-0.003344430211820182,4.835503975009203e-08,-0.003344430211820182,-0.003344430211820182,-0.11057727493040304
2021-08-05,2.2962658405303955,-4.835503741862368e-08,0.0033556529589564565,-4.835503741862368e-08,0.0033556529589564565,-0.08811005260423954
2021-08-06,2.2962658405303955,-0.0033444784051375187,0.0033444784051375187,-0.0033444784051375187,0.0,0.28063035782143686
2021-08-09,2.319305181503296,-4.0346317398132214e-08,0.010033394464283196,-0.0033445186165176333,0.010033394464283196,-0.013580538782626661
2021-08-10,2.319305181503296,-0.0033112551411966784,0.0033112551411966784,-0.006622510282393357,0.0,-0.13407895313565987
2021-08-11,2.334664821624756,7.58522000765538e-09,0.0066225179178465154,-0.0033112475810932462,0.0066225179178465154,0.0593991511931371
2021-08-12,2.319305181503296,-0.0032894781486699776,-7.58522000765538e-09,-0.0065789487121199475,-0.0065789487121199475,-0.26601378523432473
2021-08-13,2.3269853591918945,1.5749235293682773e-07,0.003311413155046905,-0.0033110981703411424,0.003311413155046905,-0.10546516623719526
2021-08-16,2.3269853591918945,0.0,0.003300326916725993,-0.003300326916725993,0.0,0.45841745898790265
2021-08-17,2.3116254806518555,-0.0033004363077824284,-1.0975327824347403e-07,-0.006600762862286835,-0.006600762862286835,0.18034985882589893
2021-08-18,2.334664821624756,-0.0033222959988198353,0.009966727381116813,-0.0033222959988198353,0.009966727381116813,0.1185339356832813
2021-08-19,2.319305181503296,-7.58522000765538e-09,-7.58522000765538e-09,-0.009868419275569917,-0.0065789487121199475,-0.2618559030177465
2021-08-20,2.319305181503296,0.0,0.0033112551411966784,-0.0033112551411966784,0.0,-0.045070062545345735
2021-08-23,2.3269853591918945,-0.0033110981703411424,0.003311413155046905,-0.0033110981703411424,0.003311413155046905,0.10177573187982603
2021-08-24,2.319305181503296,-1.5749232817885428e-07,-1.5749232817885428e-07,-0.0033004838892779498,-0.0033004838892779498,-0.1130926036596378
2021-08-25,2.319305181503296,0.0033112551411966784,0.0033112551411966784,-0.0033112551411966784,0.0,-0.2913197639924192
2021-08-26,2.3116254806518555,-0.0033112075602154123,4.773905759591912e-08,-0.0033112075602154123,-0.0033112075602154123,-0.1421200387591739
2021-08-27,2.319305181503296,-4.773905515342847e-08,0.0033222080807289167,-0.0033223035588393346,0.0033222080807289167,0.036860618617254204
2021-08-30,2.303945779800415,-0.003311159662027885,9.579637505474636e-08,-0.006622415120430825,-0.006622415120430825,0.9476494330700334
2021-08-31,2.3269853591918945,6.169597166483243e-08,0.010000052776187873,6.169597166483243e-08,0.010000052776187873,-0.07194083450941946
2021-09-01,2.350024461746216,-1.4242104362516272e-07,0.009900836919026546,-0.003300468867733941,0.009900836919026546,0.3719714450779037
2021-09-02,2.3423447608947754,-0.0032679237924757576,4.716238533042372e-08,-0.006535894747336846,-0.0032679237924757576,-0.5315438588772068
2021-09-03,2.350024461746216,-4.716238322099997e-08,0.006557323426451767,-0.0032787324568006593,0.0032786381320342173,0.29068919484076616
2021-09-06,2.350024461746216,0.0,0.003267970800735931,-0.00326797080073582,0.0,-0.10821033191420071
2021-09-07,2.373063802719116,-3.918693647353422e-08,0.013071843503759784,-3.918693647353422e-08,0.009803872831085636,0.48344591278771176
2021-09-08,2.3807435035705566,-4.627529481826542e-08,0.006472439341710601,-0.0032362890837976943,0.0032361965332077247,-0.2980186259575106
2021-09-09,2.373063802719116,-0.003225757348459757,4.6275297149733774e-08,-0.006451560972216552,-0.003225757348459757,-0.19628550384999244
2021-09-10,2.3807435035705566,-4.627529481826542e-08,0.009708682150213033,-0.0032362890837976943,0.0032361965332077247,0.5683782025989963
2021-09-13,2.3807435035705566,0.0,0.003225803474482092,-0.0032258034744816477,0.0,-0.3368368072051524
2021-09-14,2.350024461746216,0.003225889212403299,0.003225889212403299,-0.016128933288593772,-0.012903129538427538,0.06468588844435885
2021-09-15,2.350024461746216,0.0,0.003267970800735931,-0.00326797080073582,0.0,-0.4247304653914803
2021-09-16,2.3423447608947754,4.716238533042372e-08,0.0032680181172466405,-0.006535894747336846,-0.0032679237924757576,0.4676177627733331
2021-09-17,2.357704401016236,7.105666277595901e-09,0.009836063522702387,7.105666277595901e-09,0.0065573780503571655,-0.6234937848393542
2021-09-22,2.3423447608947754,-0.006514658968630682,-0.00325733303714848,-0.009771984900112884,-0.006514658968630682,0.0067370955055920945
2021-09-23,2.357704401016236,0.0032786925780114995,0.009836063522702387,7.105666277595901e-09,0.0065573780503571655,0.29628842954963375
2021-09-24,2.3423447608947754,-7.105666277595901e-09,0.0032573188258158137,-0.006514658968630682,-0.006514658968630682,-0.40264017774838834
2021-09-27,2.3423447608947754,0.0,0.00327868544904808,-0.003278685449048191,0.0,0.015859852913781225
2021-09-28,2.350024461746216,-0.0032787324568006593,0.006557323426451767,-0.0032787324568006593,0.0032786381320342173,0.11117035564808475
2021-09-29,2.350024461746216,0.0,0.003267970800735931,-0.00653594160147164,0.0,0.21031722888993798
2021-09-30,2.3423447608947754,4.716238533042372e-08,4.716238533042372e-08,-0.006535894747336846,-0.0032679237924757576,-0.2508520104927463
2021-10-08,2.357704401016236,7.105666277595901e-09,0.009836063522702387,7.105666277595901e-09,0.0065573780503571655,0.11902545221072103
2021-10-11,2.365384101867676,0.0032572789227223176,0.009771930526575767,-4.687920440726856e-08,0.0032572789227223176,0.1860794188790713
2021-10-12,2.365384101867676,0.0,0.003246750230832429,-0.0032467502308325402,0.0,-0.11327597447501603
2021-10-13,2.357704401016236,4.6879206516692307e-08,4.6879206516692307e-08,-0.0064934538868688385,-0.00324670350383105,-0.44445651781346385
2021-10-14,2.350024461746216,-5.4268049165528964e-08,0.0032572715098098115,-0.0032573800459081426,-0.0032573800459081426,-0.26712628331450716
2021-10-15,2.3423447608947754,0.0032680181172466405,0.0032680181172466405,-0.0032679237924757576,-0.0032679237924757576,0.6370573157419024
2021-10-18,2.350024461746216,-4.716238322099997e-08,0.006557323426451767,-4.716238322099997e-08,0.0032786381320342173,-0.08594222514392413
2021-10-19,2.350024461746216,0.0,0.00653594160147164,-0.00326797080073582,0.0,-0.19453314913210562
2021-10-20,2.350024461746216,0.003267970800735931,0.00653594160147164,0.0,0.0,-0.21803702249324175
2021-10-21,2.365384101867676,7.388845091327312e-09,0.006535949038609878,7.388845091327312e-09,0.006535949038609878,0.2503282529448043
2021-10-22,2.350024461746216,-0.0032467575956879324,-7.388845091327312e-09,-0.0064935078025307735,-0.0064935078025307735,-0.10227113193771586
2021-10-25,2.357704401016236,5.426805205210883e-08,0.006535996224216412,5.426805205210883e-08,0.003268025246134343,0.059493858636056274
2021-10-26,2.350024461746216,0.0032572715098098115,0.0032572715098098115,-0.0032573800459081426,-0.0032573800459081426,-0.05146050124457702
2021-10-27,2.350024461746216,0.0,0.003267970800735931,-0.00326797080073582,0.0,0.00604649702136939
2021-10-28,2.3423447608947754,4.716238533042372e-08,4.716238533042372e-08,-0.006535894747336846,-0.0032679237924757576,-0.009808194040285656
2021-10-29,2.3423447608947754,0.0,0.00327868544904808,-0.003278685449048191,0.0,0.1878587967478076
2021-11-01,2.357704401016236,7.105666277595901e-09,0.0065573780503571655,7.105666277595901e-09,0.0065573780503571655,0.05131531086102825
2021-11-02,2.334664821624756,-6.175411537689968e-08,-6.175411537689968e-08,-0.009772039014538603,-0.009772039014538603,0.2707656923395483
2021-11-03,2.334664821624756,0.0032894705884014552,0.0032894705884014552,0.0,0.0,-0.6171026645203455
2021-11-04,2.334664821624756,0.0,0.0032894705884014552,0.0,0.0,-0.49501705063134693
2021-11-05,2.334664821624756,0.0,0.0032894705884014552,0.0,0.0,0.17275486232123072
2021-11-08,2.3269853591918945,1.4990713181894932e-07,0.0032896209886481564,-0.0032893211743846296,-0.0032893211743846296,0.2221861013042279
2021-11-09,2.334664821624756,-1.4990710928142192e-07,0.0033001765148743534,-1.4990710928142192e-07,0.0033001765148743534,-0.18314783687987202
2021-11-10,2.334664821624756,-0.003289470588401344,0.0,-0.003289470588401344,0.0,-0.016643856793670864
2021-11-11,2.357704401016236,6.175411892961336e-08,0.00986847412873848,-0.0032894090374205875,0.00986847412873848,0.6425542905615202
2021-11-12,2.350024461746216,-5.4268049165528964e-08,-5.4268049165528964e-08,-0.006514705823767009,-0.0032573800459081426,-0.669246892415341
2021-11-15,2.350024461746216,-0.00326797080073582,0.0,-0.00326797080073582,0.0,0.02327413539598311
2021-11-16,2.350024461746216,0.0,0.003267970800735931,-0.00326797080073582,0.0,0.5201909596854826
2021-11-17,2.357704401016236,5.426805205210883e-08,0.003268025246134343,-0.0032679167100303497,0.003268025246134343,-0.2313253216209148
2021-11-18,2.350024461746216,-0.0032573800459081426,-5.4268049165528964e-08,-0.006514705823767009,-0.0032573800459081426,0.09260221935033286
2021-11-19,2.350024461746216,0.0,0.003267970800735931,-0.00326797080073582,0.0,-0.3122910154824261
2021-11-22,2.350024461746216,0.0,0.003267970800735931,0.0,0.0,0.05594604951778592
2021-11-23,2.357704401016236,5.426805205210883e-08,0.003268025246134343,5.426805205210883e-08,0.003268025246134343,0.2129630032631269
2021-11-24,2.365384101867676,-0.003257372681131243,0.0032572789227223176,-0.003257372681131243,0.0032572789227223176,0.32685998062216015
2021-11-25,2.365384101867676,-0.0032467502308325402,0.0,-0.0064935004616651915,0.0,-0.33957935917675286
2021-11-26,2.357704401016236,-0.00324670350383105,4.6879206516692307e-08,-0.0064934538868688385,-0.00324670350383105,-0.4422342094072782
2021-11-29,2.350024461746216,-0.0032573800459081426,-5.4268049165528964e-08,-0.006514705823767009,-0.0032573800459081426,0.6088787556462911
2021-11-30,2.3423447608947754,4.716238533042372e-08,4.716238533042372e-08,-0.006535894747336846,-0.0032679237924757576,0.20026480887545972
2021-12-01,2.350024461746216,-0.0032787324568006593,0.0032786381320342173,-0.0032787324568006593,0.0032786381320342173,-0.6208921830402048
2021-12-02,2.3423447608947754,4.716238533042372e-08,4.716238533042372e-08,-0.0032679237924757576,-0.0032679237924757576,0.5284548213523479
2021-12-03,2.350024461746216,0.0032786381320342173,0.0032786381320342173,-4.716238322099997e-08,0.0032786381320342173,-0.31081047855615296
2021-12-06,2.350024461746216,0.0,0.003267970800735931,-0.00326797080073582,0.0,0.44474902831004925
2021-12-07,2.357704401016236,0.003268025246134343,0.003268025246134343,-0.0032679167100303497,0.003268025246134343,-0.1710445617056493
2021-12-08,2.350024461746216,-0.0032573800459081426,-5.4268049165528964e-08,-0.006514705823767009,-0.0032573800459081426,0.14220743634448496
2021-12-09,2.357704401016236,5.426805205210883e-08,0.006535996224216412,-0.0032679167100303497,0.003268025246134343,0.29890050484209496
2021-12-10,2.357704401016236,0.0,0.0,-0.003257325954627799,0.0,-0.2518035272168184
2021-12-13,2.350024461746216,-5.4268049165528964e-08,-5.4268049165528964e-08,-0.0032573800459081426,-0.0032573800459081426,-0.2106790056575143
2021-12-14,2.3423447608947754,4.716238533042372e-08,0.0032680181172466405,-0.0032679237924757576,-0.0032679237924757576,-0.3353929121222521
2021-12-15,2.3423447608947754,0.0,0.00327868544904808,0.0,0.0,0.13571369825150725
2021-12-16,2.3423447608947754,0.0,0.00327868544904808,0.0,0.0,0.19055661378748212
2021-12-17,2.350024461746216,-4.716238322099997e-08,0.0032786381320342173,-4.716238322099997e-08,0.0032786381320342173,-0.13873022353029896
2021-12-20,2.3423447608947754,-0.0032679237924757576,4.716238533042372e-08,-0.006535894747336846,-0.0032679237924757576,0.08734036076583607
2021-12-21,2.350024461746216,-0.0032787324568006593,0.006557323426451767,-0.0032787324568006593,0.0032786381320342173,0.29099941420122377
2021-12-22,2.350024461746216,0.0,0.003267970800735931,-0.00326797080073582,0.0,-0.15552186077087882
2021-12-23,2.350024461746216,0.0,0.003267970800735931,-0.00326797080073582,0.0,-0.3077998798532242
2021-12-24,2.3423447608947754,4.716238533042372e-08,0.0032680181172466405,-0.0032679237924757576,-0.0032679237924757576,-0.21883235317865513
2021-12-27,2.350024461746216,-4.716238322099997e-08,0.0032786381320342173,-4.716238322099997e-08,0.0032786381320342173,0.09489597244643022
2021-12-28,2.357704401016236,5.426805205210883e-08,0.003268025246134343,-0.0032679167100303497,0.003268025246134343,0.3483385127187901
2021-12-29,2.3423447608947754,-0.00325733303714848,-7.105666277595901e-09,-0.006514658968630682,-0.006514658968630682,-0.20273620241454893
2021-12-30,2.3423447608947754,0.00327868544904808,0.00327868544904808,0.0,0.0,-0.04723824209813188
2021-12-31,2.3423447608947754,0.0,0.00327868544904808,0.0,0.0,-0.04799962859272355
2022-01-04,2.357704401016236,0.0032786925780114995,0.0065573780503571655,7.105666277595901e-09,0.0065573780503571655,0.41390687465291975
2022-01-05,2.373063802719116,-9.345498352963943e-08,0.009771883495659273,-0.003257419105197834,0.006514557845444857,1.010901409855748
2022-01-06,2.373063802719116,-0.00323624295826086,0.009708728874782357,-0.00323624295826086,0.0,-0.5107975016431681
2022-01-07,2.4114632606506348,9.11169322215244e-08,0.016181384540744137,9.11169322215244e-08,0.016181384540744137,0.529625314346724
2022-01-10,2.4037835597991943,4.6122862862318925e-08,0.006369466881076313,-0.009554160943943124,-0.0031846642562443073,-0.7238738253753496
2022-01-11,2.4114632606506348,-0.0031950071627845356,0.006389723612860498,-0.0031950071627845356,0.0031948387450000393,-0.1273548094528678
2022-01-12,2.396103620529175,6.945498221000435e-08,6.945498221000435e-08,-0.012738848288155968,-0.006369427381330173,0.3366413604533811
2022-01-13,2.4114632606506348,-0.0032051944984083924,0.009615382091524793,-0.0032051944984083924,0.006410257048093726,-0.07887851779136312
2022-01-14,2.373063802719116,-9.111692400587401e-08,-9.111692400587401e-08,-0.01910842669862589,-0.01592371675658788,0.15954896507028593
2022-01-17,2.373063802719116,0.0,0.00323624295826086,-0.00323624295826086,0.0,-0.5926818665800155
2022-01-18,2.396103620529175,-0.0032360829059897567,0.009708891005652198,-0.0032360829059897567,0.009708891005652198,0.3296682292029409
2022-01-19,2.3884236812591557,-0.0032051782753548252,-5.31797597069783e-08,-0.006410303370950277,-0.0032051782753548252,-0.48410847430789516
2022-01-20,2.396103620529175,5.3179762593558166e-08,0.006430992434853122,-0.0032153781168182682,0.0032154844763430113,0.6723898488156195
2022-01-21,2.396103620529175,0.0,0.0032052016822572416,-0.006410250532085993,0.0,-0.10950095024838902
2022-01-24,2.396103620529175,0.0,0.0,-0.006410250532085993,0.0,-0.11634467955702377
2022-01-25,2.373063802719116,-0.003205285323285012,-1.605718948916035e-07,-0.01282065957745504,-0.00961553482606492,0.030088779029185275
2022-01-26,2.373063802719116,0.0,0.00323624295826086,-0.00323624295826086,0.0,-0.5345315461132394
2022-01-27,2.373063802719116,0.0,0.00323624295826086,-0.00323624295826086,0.0,0.3232839284042832
2022-01-28,2.373063802719116,0.0,0.006472485916521498,-0.00323624295826086,0.0,0.16391394307858675
2022-02-07,2.4037835597991943,0.006472624044602915,0.012945188007536412,0.0032363806422008867,0.012945188007536412,0.05488176292624658
2022-02-08,2.434502363204956,-0.003195143348887819,0.015974239411366886,-0.003195143348887819,0.012779354979999935,0.5889192826575673
2022-02-09,2.426822662353516,4.5252644298443556e-08,0.006309187634415903,-0.0031545259382413926,-0.0031545259382413926,-0.19840666000275675
2022-02-10,2.449862480163574,0.0031647114058799275,0.009493820116099672,1.5705077016647806e-07,0.009493820116099672,-0.2602399101717232
2022-02-11,2.449862480163574,0.0,0.0031347931924397,-0.0031347931924397,0.0,-0.18402452281674897
2022-02-14,2.434502363204956,-2.0230338071414167e-07,-2.0230338071414167e-07,-0.012539372536422233,-0.006269787419901474,0.0008193409145782482
2022-02-15,2.419142961502075,-0.0031544805419381206,0.003154662127151653,-0.009463623211028005,-0.006309051876483118,-0.24220911869851847
2022-02-16,2.434502363204956,0.003174508970124723,0.009523708495571492,-9.079259832844855e-08,0.006349108732848219,-0.19531221906090934
2022-02-17,2.4421825408935547,1.502824089616439e-07,0.009463864849038162,-0.0031544212398006977,0.003154721804618843,0.5497179364873084
2022-02-18,2.4575419425964355,-9.031322389940755e-08,0.006289211164887343,-0.006289391791335697,0.006289211164887343,-0.08373714070064509
2022-02-21,2.4421825408935547,-0.0031249069421979137,-0.0031249069421979137,-0.012499898708488777,-0.006249904197628164,-0.18969049514256753
2022-02-22,2.434502363204956,-0.003144800832860173,-1.502823864241165e-07,-0.006289451383333922,-0.003144800832860173,-0.38201776302437906
2022-02-23,2.426822662353516,4.5252644298443556e-08,0.0031546164435303226,-0.006309097129127306,-0.0031545259382413926,0.13862917704069133
2022-02-24,2.3884236812591557,-0.003164446553559297,1.0764520386175036e-07,-0.01898729299629942,-0.01582273879753593,0.7255960504374741
2022-02-25,2.3884236812591557,0.0032154311255847556,0.00964637003867952,-0.0032154311255850887,0.0,-0.3833505856059283
2022-02-28,2.3807435035705566,-1.5366743078004674e-07,0.003215276964046776,-0.006431014930386558,-0.003215584298908891,0.12236804553561953
2022-03-01,2.396103620529175,0.0032260109889554744,0.009677696181653372,2.0684722534802802e-07,0.006451815130685601,-0.168004436995691
2022-03-02,2.4037835597991943,-2.333211801541779e-08,0.009615428657876457,-0.0032051485233789423,0.0032051782753550473,0.03455108163650067
2022-03-03,2.419142961502075,-9.195287753449577e-08,0.009584562211438996,-9.195287753449577e-08,0.0063896774899998565,-0.018730454876216385
2022-03-04,2.419142961502075,0.0,0.003174600050953602,-0.00317460005095338,0.0,0.1269991814250062
2022-03-07,2.4037835597991943,-0.00317450838998079,9.195288597219076e-08,-0.009523784764157717,-0.006349108732848108,-0.13705026874000126
2022-03-08,2.3807435035705566,-0.0031951441160300575,0.0031947009138393323,-0.009584912973846227,-0.009584912973846227,0.09792678456638981
2022-03-09,2.365384101867676,9.285108260037589e-08,0.0032258966250837684,-0.019354729792923853,-0.006451514696919403,0.5727941929260858
2022-03-10,2.365384101867676,0.003246750230832429,0.0064935004616650804,0.0,0.0,-0.8822809097031659
2022-03-11,2.3807435035705566,-9.28510742737032e-08,0.009740156937031008,-0.006493592709810647,0.006493407007662322,0.48566519003335173
2022-03-14,2.373063802719116,-0.006451560972216552,0.006451653522810519,-0.009677364595973126,-0.003225757348459757,-0.12663396610419753
2022-03-15,2.3269853591918945,1.8160800752120565e-07,1.8160800752120565e-07,-0.022653523213911342,-0.01941727966792295,0.6102422609235347
2022-03-16,2.357704401016236,0.0033002384727927048,0.016501544975962235,-0.003300414778791949,0.013201218350170185,-0.27973357092317386
2022-03-17,2.350024461746216,0.0032572715098098115,0.0065145972876685665,-0.006514705823767009,-0.0032573800459081426,-0.09880103790095518
2022-03-18,2.3807435035705566,-8.54622295154428e-08,0.0163397671450094,-0.0032680559836774092,0.013071796623561394,0.23427978798761373
2022-03-21,2.373063802719116,-0.003225757348459757,0.0032258498990538342,-0.006451560972216552,-0.003225757348459757,-0.7015642496579062
2022-03-22,2.419142961502075,0.0032362883917289587,0.025890067283592222,4.528690866756335e-08,0.01941758107395186,0.7096472093268247
2022-03-23,2.4114632606506348,4.583002133351499e-08,4.583002133351499e-08,-0.012698430644199288,-0.0031745543664241094,-0.6193597918203899
2022-03-24,2.4114632606506348,-0.0031847102322188903,0.0031847102322188903,-0.0063694963939190385,0.0,-0.5537437225473276
2022-03-25,2.426822662353516,-9.136997547454229e-08,0.009554038453720715,-0.006369587181913827,0.006369328512488837,0.6832469162520489
2022-03-28,2.434502363204956,-0.006329152682462036,0.003164508462267346,-0.009493706397371793,0.003164508462267346,-0.331025502798834
2022-03-29,2.449862480163574,-0.0031543693828920416,0.006309345676049016,-0.0031543693828920416,0.006309345676049016,0.3907616464945498
2022-03-30,2.4729015827178955,0.0031346576558184402,0.009404243193594786,-1.3511306973246207e-07,0.009404243193594786,0.3561609973333191
2022-03-31,2.511301040649414,1.6007385816863007e-07,0.018633685493378183,-0.0031054274960615746,0.015528097923458217,0.4050023474904165
2022-04-01,2.526660203933716,-0.003058283190067179,0.006116018364859199,-0.009174484226684432,0.006116018364859199,-0.3710767783858415
2022-04-06,2.534340143203736,-0.003039460360918733,0.006079072543589303,-0.009118482297257535,0.00303956157542018,-0.02359742250711605
2022-04-07,2.5189805030822754,-6.87423862277825e-09,0.006060593452434038,-0.012121207527584832,-0.006060607200911838,-0.010825700555244566
2022-04-08,2.526660203933716,-4.37330096580979e-08,0.006097511214035345,-0.0030488212065320486,0.0030487337405127324,-0.3718427139795075
2022-04-11,2.5189805030822754,0.0030395546802868267,0.006079065627561553,-0.0030394672142632917,-0.0030394672142632917,0.14517292088264355
2022-04-12,2.534340143203736,6.874238511755948e-09,0.006097562129864009,-0.006097548381386875,0.006097562129864009,0.032229339067693985
2022-04-13,2.526660203933716,-0.003030350638060564,0.009090849485188901,-0.006060650668872847,-0.003030350638060564,-0.14893707533028078
2022-04-14,2.5189805030822754,0.0030395546802868267,0.009118576574836501,-0.0030394672142632917,-0.0030394672142632917,-0.3486599134351138
2022-04-15,2.5189805030822754,0.0,0.0030487776068546246,-0.0030487776068546246,0.0,-0.10921628539299633
2022-04-18,2.480581283569336,-0.0030488430218432727,-6.561503429480808e-08,-0.021341507462696918,-0.015243952649079073,0.5359204415770478
2022-04-19,2.5036211013793945,-0.003095818851825527,0.009288072099337352,-0.003095818851825527,0.009288072099337352,-0.3778605592113422
2022-04-20,2.511301040649414,5.0667848583429986e-08,0.00613501447103193,-0.0030674312337428677,0.0030675325694404787,0.019871554535171754
2022-04-21,2.511301040649414,0.0,0.009174303230812253,-0.0030581010769376027,0.0,0.2553744573003449
2022-04-22,2.534340143203736,-0.0030582327375880958,0.015290371300837213,-0.0061163334106585365,0.009174169954695666,0.18410816017601306
2022-04-25,2.511301040649414,-0.0030301685198286243,0.009091033817621996,-0.009090769688553824,-0.009090769688553824,0.3966009468883378
2022-04-26,2.5189805030822754,0.0030579617132939774,0.009174163017391601,-0.0030582395908034243,0.0030579617132939774,-0.2996942106492604
2022-04-27,2.480581283569336,-6.561503429480808e-08,0.003048711791774572,-0.021341507462696918,-0.015243952649079073,0.010197855091252706
2022-04-28,2.5036211013793945,1.5388596508181251e-07,0.015480017574918792,-0.003095818851825527,0.009288072099337352,0.015092189993232807
2022-04-29,2.480581283569336,-1.538859414340621e-07,0.0030673273881851593,-0.0153375602565744,-0.009202597708321214,0.5189720694970816
2022-05-05,2.480581283569336,0.003095972261363933,0.006191944522728088,-0.009287916784092243,0.0,-0.44780852644920444
2022-05-06,2.449862480163574,-0.0061917660417083464,-0.0030957932243291797,-0.015479684493845625,-0.012383711676466458,-0.5013949426701991
2022-05-09,2.449862480163574,0.0,0.0031347931924397,-0.0031347931924397,0.0,-0.2755638410845691
2022-05-10,2.4575419425964355,-0.0031349350804724674,0.0031346504120299823,-0.009404520572975361,0.0031346504120299823,0.47679148021882156
2022-05-11,2.4575419425964355,0.0,0.003124996973201899,-0.003124996973201677,0.0,-0.28662073152963785
2022-05-12,2.4575419425964355,-0.003124996973201677,0.0,-0.003124996973201677,0.0,-0.3778866673286174
2022-05-13,2.465221881866455,5.1978240600547565e-08,0.003125049113874123,-0.003124945157392811,0.003125049113874123,0.08623743701885189
2022-05-16,2.449862480163574,9.035599624063195e-08,9.035599624063195e-08,-0.009345695857067349,-0.006230433786046041,0.08369353968695847
2022-05-17,2.4575419425964355,0.0031346504120299823,0.006269443158281263,-1.4233422140907948e-07,0.0031346504120299823,-0.0454958034937647
2022-05-18,2.449862480163574,1.4233424172616083e-07,1.4233424172616083e-07,-0.0062498525017498086,-0.003124855083754041,-0.12175116905776662
2022-05-19,2.4421825408935547,-0.0031348450503665415,-5.202100195056403e-08,-0.006269638079731132,-0.0031348450503665415,0.14925096380336456
2022-05-20,2.449862480163574,0.003144703207651922,0.009434005580946314,5.2021004615099287e-08,0.003144703207651922,0.2751728620235667
2022-05-23,2.4575419425964355,0.0031346504120299823,0.006269443158281263,-1.4233422140907948e-07,0.0031346504120299823,-0.2999111353516888
2022-05-24,2.4575419425964355,-0.003124996973201677,0.0,-0.003124996973201677,0.0,-0.11875963599944583
2022-05-25,2.4575419425964355,-0.003124996973201677,0.003124996973201899,-0.003124996973201677,0.0,0.3349526781857506
2022-05-26,2.465221881866455,5.1978240600547565e-08,0.003125049113874123,5.1978240600547565e-08,0.003125049113874123,-0.19482819836785836
2022-05-27,2.4729015827178955,-4.475708559326108e-08,0.003115216893023076,-0.0031153064071941516,0.003115216893023076,0.024828982436638114
2022-05-30,2.4575419425964355,-0.0031055942715233487,-7.22115256479583e-09,-0.009316768372264916,-0.0062111813218941325,0.4936942464903602
2022-05-31,2.449862480163574,-0.003124855083754041,1.4233424172616083e-07,-0.003124855083754041,-0.003124855083754041,-0.42480372350145146
2022-06-01,2.449862480163574,0.0,0.0031347931924397,-0.0031347931924397,0.0,-0.0852539971123143
2022-06-02,2.449862480163574,0.0,0.0031347931924397,-0.0031347931924397,0.0,-0.44852532970069703
2022-06-06,2.4421825408935547,-5.202100195056403e-08,0.0031347410083624183,-0.0031348450503665415,-0.0031348450503665415,0.6723722843562463
2022-06-07,2.449862480163574,0.003144703207651922,0.003144703207651922,-0.003144599165642581,0.003144703207651922,-0.3145768687919208
2022-06-08,2.449862480163574,0.0,0.0031347931924397,-0.0031347931924397,0.0,0.01926690101379691
2022-06-09,2.465221881866455,-9.035598813600387e-08,0.006269495462396524,-0.0031348832651802994,0.006269495462396524,0.3054958700393158
2022-06-10,2.480581283569336,-0.003115350748579826,0.006230433786046152,-0.006230612260121671,0.006230433786046152,0.388680330214882
2022-06-13,2.465221881866455,-0.006191855838233229,8.923704553076561e-08,-0.0123838009135121,-0.006191855838233229,-0.4243312462376174
2022-06-14,2.480581283569336,-8.923703775920444e-08,0.006230433786046152,-0.006230612260121671,0.006230433786046152,0.12523011217079372
2022-06-15,2.480581283569336,0.0,0.00928791678409202,-0.003095972261364044,0.0,0.2963554823187735
2022-06-16,2.480581283569336,0.003095972261363933,0.006191944522728088,-0.003095972261364044,0.0,-0.28372520023892633
2022-06-17,2.480581283569336,0.0,0.003095972261363933,-0.003095972261364044,0.0,-0.06065350405105363
2022-06-20,2.4729015827178955,4.447995594070164e-08,4.447995594070164e-08,-0.006191900318189392,-0.0030959279191166145,-0.31190571735049133
2022-06-21,2.495940923690796,-3.709617346636662e-08,0.012422310734191644,-0.0031056240537645774,0.00931672377660031,0.32834966538666066
2022-06-22,2.480581283569336,-7.383780920022787e-09,0.0030769127360403825,-0.006153847623423414,-0.006153847623423414,-0.12845554123555658
2022-06-23,2.495940923690796,0.003095979668005233,0.006191951952229102,7.3837811420673916e-09,0.006191951952229102,-0.10864744436866047
2022-06-24,2.495940923690796,0.0,0.0030769201425406845,-0.0030769201425404624,0.0,0.1530305986081686
2022-06-27,2.495940923690796,0.0,0.0030769201425406845,-0.0030769201425404624,0.0,0.08867634611879538
2022-06-28,2.495940923690796,0.0,0.0030769201425406845,-0.0030769201425404624,0.0,-0.13118838834903102
2022-06-29,2.5036211013793945,-0.003076774091133161,0.003077067095499153,-0.003076774091133161,0.003077067095499153,0.15117943256609934
2022-06-30,2.5036211013793945,-0.0030674817461688875,0.0030674817461688875,-0.0030674817461688875,0.0,-0.09014522568113037
2022-07-01,2.5036211013793945,0.0,0.0030674817461688875,0.0,0.0,-0.2078689044695068
2022-07-04,2.526660203933716,0.0030673493373305494,0.012269793361078696,-1.3200391879575335e-07,0.009202312019829018,0.38382756274972607
2022-07-05,2.534340143203736,5.06072506123445e-08,0.006079072543589303,-0.003039460360918733,0.00303956157542018,-0.36659398269933163
2022-07-06,2.526660203933716,0.003030249423564113,0.003030249423564113,-0.003030350638060564,-0.003030350638060564,0.3470019134748128
2022-07-07,2.526660203933716,0.0030395108143481675,0.0030395108143481675,0.0,0.0,-0.47400406735769707
2022-07-08,2.534340143203736,0.00303956157542018,0.006079072543589303,5.06072506123445e-08,0.00303956157542018,0.2986252662737314
2022-07-11,2.5497000217437744,0.003030400788014198,0.01212130225233321,1.0029990793469779e-07,0.0060607012761206835,0.3895058611332942
2022-07-12,2.557379961013794,0.003012095228664302,0.009036186289696602,4.9698148263388475e-08,0.003012095228664302,0.15240101117726823
2022-07-13,2.526660203933716,-2.0060527905485515e-07,0.003002799000221268,-0.015015198632781557,-0.012012199027281123,0.006367023040720454
2022-07-14,2.480581283569336,-0.006079043377700266,-0.0030395326298628955,-0.02431610786472438,-0.018237086369049638,0.001579255571808602
2022-07-15,2.473162174224853,0.0069792064168696655,0.010302566996390539,-0.002990875321693731,-0.002990875321693731,0.19108035318340555
2022-07-18,2.489649772644043,0.003333276279112951,0.009999936229975415,-5.3696318391693865e-08,0.006666606254544405,-0.7079128786329072
2022-07-19,2.5061373710632324,0.0033112019759422573,0.009933711907410103,-5.2989791776703044e-08,0.006622456941676402,-0.2707776786480558
2022-07-20,2.5391128063201904,0.006578931094229468,0.013157872205133092,0.0032894605387776554,0.013157872205133092,-0.042444481877119244
2022-07-21,2.522624969482422,0.0032467078131144245,0.006493457906672884,-0.006493542467561175,-0.006493542467561175,0.14082829961919785
2022-07-22,2.5391128063201904,4.22804460331605e-08,0.006535984158260177,4.22804460331605e-08,0.006535984158260177,-0.4264781855034201
2022-07-25,2.5473568439483643,6.773222849254523e-08,0.003246818182970568,-0.003246682718514027,0.003246818182970568,-0.31035048683447286
2022-07-26,2.563844680786133,4.1165115316488254e-08,0.009708770439558645,4.1165115316488254e-08,0.0064725273480776835,0.8041614726876745
2022-07-27,2.5473568439483643,-4.116511387319832e-08,-4.116511387319832e-08,-0.006430903151556366,-0.006430903151556366,-0.2811853078590687
2022-07-28,2.530869245529175,5.2502763026041066e-08,5.2502763026041066e-08,-0.009708676881754474,-0.006472433753581974,0.0804648503204497
2022-07-29,2.522624969482422,-1.625154194551115e-07,-1.625154194551115e-07,-0.006514813365943395,-0.0032574879406814805,0.21788215151440582
2022-08-01,2.5061373710632324,-0.003267918674520698,5.229712063403724e-08,-0.006535889646161808,-0.006535889646161808,0.027742723022289084
2022-08-02,2.489649772644043,5.2989794330216e-08,5.2989794330216e-08,-0.006578888535625049,-0.006578888535625049,-0.07019579438675194
2022-08-03,2.481405735015869,0.003311185588559473,0.00662244050020977,-0.00331132423474112,-0.00331132423474112,0.1808019136067891
2022-08-04,2.497893810272217,0.0033223946260969583,0.009966907501063771,1.3818861344105926e-07,0.006644651063580476,-0.6738360439371824
2022-08-05,2.5061373710632324,0.0033002046592673917,0.006600531173831081,-1.2185529640884596e-07,0.0033002046592673917,0.10454950193478396
2022-08-08,2.497893810272217,0.0032895928445519917,0.0032895928445519917,-0.003289349133929642,-0.003289349133929642,-0.2462965742925718
2022-08-09,2.489649772644043,-6.88655086289458e-08,0.0033002578239389457,-0.0033003955549557595,-0.0033003955549557595,-0.19852619110991654
2022-08-10,2.489649772644043,0.0033112551411964564,0.006622510282393357,0.0,0.0,0.015513444347835303
2022-08-11,2.5143814086914062,0.0033112707907267946,0.009933781176417522,1.5597881652951173e-08,0.009933781176417522,0.35233847902505033
2022-08-12,2.5061373710632324,-6.858767231943119e-08,-6.858767231943119e-08,-0.00655743903601369,-0.0032787538118428383,0.19802355688292295
2022-08-15,2.497893810272217,1.2185531117481219e-07,0.0032895928445519917,-0.003289349133929642,-0.003289349133929642,-0.1888427469440117
2022-08-16,2.497893810272217,0.0,0.006600653833452208,0.0,0.0,-0.10206375532654022
2022-08-17,2.5061373710632324,0.0033002046592673917,0.0033002046592673917,-1.2185529640884596e-07,0.0033002046592673917,0.15023496823788207
2022-08-18,2.489649772644043,5.2989794330216e-08,5.2989794330216e-08,-0.006578888535625049,-0.006578888535625049,0.018867098619377742
2022-08-19,2.497893810272217,6.88655130698379e-08,0.00662257960396917,6.88655130698379e-08,0.00331132423474112,0.12159134106744318
2022-08-22,2.489649772644043,-0.0033003955549557595,-6.88655086289458e-08,-0.0033003955549557595,-0.0033003955549557595,-0.03938145143299465
2022-08-23,2.481405735015869,-6.932309082330335e-08,0.003311185588559473,-0.00331132423474112,-0.00331132423474112,-0.1418335355417284
2022-08-24,2.481405735015869,0.0,0.006644511956771071,0.0,0.0,0.3478997952312568
2022-08-25,2.497893810272217,0.0033223946260969583,0.006644651063580476,1.3818861344105926e-07,0.006644651063580476,-0.27639623055609164
2022-08-26,2.489649772644043,-6.88655086289458e-08,-6.88655086289458e-08,-0.006600722244403223,-0.0033003955549557595,-0.14795499186537242
2022-08-29,2.489649772644043,0.0,0.0033112551411964564,-0.0033112551411967894,0.0,0.3392912147578606
2022-08-30,2.497893810272217,6.88655130698379e-08,0.00662257960396917,6.88655130698379e-08,0.00331132423474112,-0.0696061707393234
2022-08-31,2.5061373710632324,0.0033002046592673917,0.006600531173831081,-1.2185529640884596e-07,0.0033002046592673917,0.31149604131367425
2022-09-01,2.5143814086914062,0.003289539401695407,0.006579010215713943,6.858767664930099e-08,0.003289539401695407,-0.2631310258980548
2022-09-02,2.5061373710632324,0.0032786166364984215,0.0032786166364984215,-0.0032787538118428383,-0.0032787538118428383,-0.14471792036157183
2022-09-05,2.5143814086914062,6.858767664930099e-08,0.006579010215713943,6.858767664930099e-08,0.003289539401695407,-0.005330580828594833
2022-09-06,2.530869245529175,0.0032787272161816094,0.006557412801723395,4.163063982431936e-08,0.006557412801723395,0.10301338710228336
2022-09-07,2.522624969482422,-1.625154194551115e-07,-1.625154194551115e-07,-0.0032574879406814805,-0.0032574879406814805,-0.40530179084010953
2022-09-08,2.522624969482422,0.003267970800735931,0.003267970800735931,0.0,0.0,-0.3188336559642373
2022-09-09,2.5391128063201904,0.0032680132193529943,0.00980395509716736,4.22804460331605e-08,0.006535984158260177,0.7473314196301608
2022-09-13,2.5391128063201904,0.0032467502308326512,0.0032467502308326512,-0.0032467502308325402,0.0,0.1569374252742577
2022-09-14,2.530869245529175,-0.003246630386210647,1.2023499484925537e-07,-0.003246630386210647,-0.003246630386210647,-0.5761402768563073
2022-09-15,2.5473568439483643,-5.250276047252811e-08,0.009771924848066549,-5.250276047252811e-08,0.006514599064457727,0.8081996705262036
2022-09-16,2.5143814086914062,0.0032362538655683615,0.0032362538655683615,-0.012944961101659658,-0.012944961101659658,-0.061501957173110355
2022-09-19,2.5391128063201904,0.0032786065869834236,0.00983597696964189,-7.86043456990626e-08,0.00983597696964189,-0.29980458864841
2022-09-20,2.530869245529175,0.0032468708562003457,0.0032468708562003457,-0.0064933810074161435,-0.003246630386210647,0.255458691958367
2022-09-21,2.530869245529175,0.0,0.003257325954627577,-0.006514651909255154,0.0,-0.3933826523603834
2022-09-22,2.530869245529175,0.0,0.003257325954627577,-0.003257325954627577,0.0,0.0934800559993505
2022-09-23,2.555600643157959,0.003257247198832136,0.009771898596686812,-7.850009509091649e-08,0.009771898596686812,0.6058994869627021
2022-09-26,2.522624969482422,-8.401533124757776e-08,0.0032257191881337466,-0.012903296829190447,-0.012903296829190447,-0.18565727723740366
2022-09-27,2.5143814086914062,0.0032680920805849833,0.0065360632763686866,-0.003267850310982645,-0.003267850310982645,-0.48338377504832764
2022-09-28,2.530869245529175,0.0032787272161816094,0.009836098387265402,-0.003278643954902072,0.006557412801723395,0.27979284702080776
2022-09-29,2.5143814086914062,0.00325728418838489,0.00651461000740805,-0.006514693268684146,-0.006514693268684146,-0.16717620656035592
2022-09-30,2.5473568439483643,0.0032786745412791696,0.01311473078148473,-1.0872122646610194e-08,0.01311473078148473,0.27805224111241955
2022-10-10,2.530869245529175,-0.003236190625409474,5.2502763026041066e-08,-0.009708676881754474,-0.006472433753581974,-0.056845348470073276
2022-10-11,2.522624969482422,-1.625154194551115e-07,0.0032571629098423482,-0.0032574879406814805,-0.0032574879406814805,-0.11486396584614056
2022-10-12,2.530869245529175,1.625154459894418e-07,0.006536105179109075,-0.0032678088163855534,0.0032681338472775323,0.09901569019941547
2022-10-13,2.5143814086914062,-0.003257367449660875,-4.163063804796252e-08,-0.006514693268684146,-0.006514693268684146,-0.313637484763472
2022-10-14,2.522624969482422,0.003278564167918274,0.009835934273328295,0.003278564167918274,0.003278564167918274,0.08196059983312409
2022-10-17,2.5143814086914062,1.2088480128014112e-07,1.2088480128014112e-07,-0.003267850310982645,-0.003267850310982645,-0.20288693415140457
2022-10-18,2.5143814086914062,0.003278685449048302,0.00655737089809616,0.0,0.0,0.15734600652329434
2022-10-19,2.5143814086914062,0.0,0.003278685449048302,0.0,0.0,-0.3246093926552369
2022-10-20,2.5143814086914062,0.0,0.003278685449048302,-0.003278685449048191,0.0,0.37998106429834166
2022-10-21,2.530869245529175,4.163063982431936e-08,0.009836098387265402,4.163063982431936e-08,0.006557412801723395,0.41106125461466547
2022-10-24,2.522624969482422,-1.625154194551115e-07,0.0032571629098423482,-0.0032574879406814805,-0.0032574879406814805,0.2243041584690033
2022-10-25,2.5143814086914062,1.2088480128014112e-07,0.0032680920805849833,-0.003267850310982645,-0.003267850310982645,-0.25083939950386025
2022-10-26,2.5061373710632324,0.0032786166364984215,0.0032786166364984215,-0.0032787538118428383,-0.0032787538118428383,-0.04659625716842086
2022-10-27,2.497893810272217,0.0032895928445519917,0.0032895928445519917,-0.003289349133929642,-0.003289349133929642,0.045712581612203707
2022-10-28,2.522624969482422,0.0033001521895583696,0.009900804873490543,-1.741524076059875e-07,0.009900804873490543,0.1528940846368343
2022-10-31,2.481405735015869,-0.0032679349544447733,3.59638199221024e-08,-0.01633981862750289,-0.01633981862750289,0.10541275604011702
2022-11-01,2.489649772644043,6.932309548624005e-08,0.006644581740484545,-0.0033221868855989323,0.003322325531790238,0.05727390912796437
2022-11-02,2.473162174224853,-0.0033112016226776175,-0.0033112016226776175,-0.00993371226067541,-0.006622456941676513,-0.3379158879941322
2022-11-03,2.481405735015869,-1.2301940555126123e-07,0.006666536469303708,-0.0033334527637602918,0.0033332067249491892,-0.44806295831241627
2022-11-04,2.5061373710632324,1.633330026784563e-08,0.009966784431246989,1.633330026784563e-08,0.009966784431246989,0.2358395402451201
2022-11-07,2.5061373710632324,0.0,0.0,-0.0032894705884014552,0.0,-0.41433232455153757
2022-11-08,2.5061373710632324,0.0,0.0,-0.0065789411768029105,0.0,0.37342727539460085
2022-11-09,2.5061373710632324,-0.0032894705884014552,0.0,-0.0032894705884014552,0.0,-0.6629786076878617
2022-11-10,2.5143814086914062,-0.0032894022263417755,0.003289539401695407,-0.009868343854378625,0.003289539401695407,0.9769826600171925
2022-11-11,2.522624969482422,-1.208847865141749e-07,0.006557249220623396,-0.0032788059374914136,0.003278564167918274,0.0697485379011411
2022-11-14,2.522624969482422,0.0,0.00653594160147164,-0.00326797080073582,0.0,-0.0317962550617672
2022-11-15,2.522624969482422,0.0,0.003267970800735931,-0.00326797080073582,0.0,-0.6421801823469657
2022-11-16,2.5143814086914062,1.2088480128014112e-07,0.0032680920805849833,-0.003267850310982645,-0.003267850310982645,0.20867790720135204
2022-11-17,2.5143814086914062,0.0,0.003278685449048302,-0.003278685449048191,0.0,-0.2949080463569089
2022-11-18,2.5061373710632324,0.0032786166364984215,0.0032786166364984215,-0.0032787538118428383,-0.0032787538118428383,0.1860447932705931
2022-11-21,2.5143814086914062,6.858767664930099e-08,0.006579010215713943,6.858767664930099e-08,0.003289539401695407,-0.11123175192731694
2022-11-22,2.5391128063201904,0.0032786065869834236,0.00983597696964189,-7.86043456990626e-08,0.00983597696964189,0.9037576339847213
2022-11-23,2.555600643157959,4.173489043246548e-08,0.009740292833896547,-0.006493458997780088,0.006493542467561175,0.2601985714387638
2022-11-24,2.5473568439483643,0.003225829555680626,0.003225829555680626,-0.0032257775610072814,-0.0032257775610072814,-1.1721653659982998
2022-11-25,2.5803325176239014,0.003236248608573744,0.01618129767264298,5.6320861308023495e-09,0.012945054696155367,1.0016414227546875
2022-11-28,2.563844680786133,-0.0063898108965240175,-0.003194925767782464,-0.0159744662827489,-0.0063898108965240175,-0.20215706542822076
2022-11-29,2.588576316833496,-6.121712148310365e-08,0.01286173915978095,-6.121712148310365e-08,0.009646308231035183,0.09959523009942828
2022-11-30,2.59682035446167,6.62907180259964e-08,0.006369487177389388,-0.00636943052543959,0.003184776734053818,0.17736305036515532
2022-12-01,2.555600643157959,-7.223604103767656e-08,0.003174527585591891,-0.015873147032635537,-0.015873147032635537,-0.24803559878949955
2022-12-02,2.555600643157959,0.0032258034744818698,0.0064516069489632955,0.0,0.0,-0.4663925139335099
2022-12-05,2.59682035446167,0.006451679651048314,0.01612916768277839,0.003225875943547285,0.01612916768277839,0.43416358623174034
2022-12-06,2.59682035446167,-0.00317460005095338,0.00317460005095338,-0.006349200101906871,0.0,-0.2246875644319708
2022-12-07,2.588576316833496,0.003174533549793246,0.006349133390300077,-0.003174666131220638,-0.003174666131220638,0.09492716359548936
2022-12-08,2.6050641536712646,0.0031847510023259584,0.012738882087269143,4.064067837816765e-08,0.006369461363973761,-0.0167765631067347
2022-12-09,2.6050641536712646,0.003164553858114205,0.003164553858114205,-0.0031645538581143162,0.0,-0.2980119821543106
2022-12-12,2.5803325176239014,-0.0031645687673659273,-1.4956582305991617e-08,-0.009493676388932504,-0.009493676388932504,-0.1622189419748139
2022-12-13,2.6050641536712646,1.495658286110313e-08,0.012779555208591642,1.495658286110313e-08,0.00958467014558928,0.09462339447771484
2022-12-14,2.6050641536712646,0.003164553858114205,0.003164553858114205,-0.0031645538581143162,0.0,0.08630225663362623
2022-12-15,2.588576316833496,0.003164513088827814,0.003164513088827814,-0.006329148099685988,-0.006329148099685988,-0.4042471374389578
2022-12-16,2.621551513671875,-1.01121030882112e-07,0.012738738519680215,-0.003184811031208379,0.012738738519680215,0.23612926171811566
2022-12-19,2.59682035446167,-0.0031444841377452626,0.0031448189612766075,-0.009433787236767022,-0.009433787236767022,0.03266172318151561
2022-12-20,2.5803325176239014,-4.0606620177463526e-08,0.003174559315423764,-0.006349240450707505,-0.006349240450707505,0.07067608404476644
2022-12-21,2.5720882415771484,-8.312414578881544e-08,0.003194801625499899,-0.0031950440458521356,-0.0031950440458521356,-0.49118082664837104
2022-12-22,2.588576316833496,0.006410384756565524,0.01282063565685676,5.744005582286604e-08,0.006410384756565524,0.31204508555814314
2022-12-23,2.5803325176239014,-0.0031846846299200537,2.5684095295019915e-08,-0.006369470873418548,-0.0031846846299200537,-0.2744787287679955
2022-12-26,2.563844680786133,3.5533029185685905e-08,3.5533029185685905e-08,-0.0063898108965240175,-0.0063898108965240175,0.09777723541494865
2022-12-27,2.59682035446167,0.006430944019315321,0.012861806303112733,0.003215436215491252,0.012861806303112733,-0.08007888325412793
2022-12-28,2.6050641536712646,-2.5650038093516514e-08,0.0063491742890118275,-0.003174625619562943,0.003174574319486867,0.13578473661080182
2022-12-29,2.59682035446167,0.0031645795893238127,0.0031645795893238127,-0.0063290822285316795,-0.0031645282892465154,0.4631784463104651
2022-12-30,2.6050641536712646,0.0063491742890118275,0.0063491742890118275,-2.5650038093516514e-08,0.003174574319486867,-0.019932276160652407
2023-01-03,2.6050641536712646,0.003164553858114205,0.003164553858114205,-0.0031645538581143162,0.0,0.07185032476701991
2023-01-04,2.6380395889282227,-1.0619849555304484e-08,0.01582275850268622,-1.0619849555304484e-08,0.012658204678178908,0.42593971296657074
2023-01-05,2.6380395889282227,0.003124996973201677,0.009374990919605253,0.0,0.0,-0.5308949837963084
2023-01-06,2.6462833881378174,0.003124971757131112,0.006249968651778293,-0.006250018926809875,0.003124971757131112,0.06402780710028466
2023-01-09,2.629795551300049,-4.0227861375363716e-08,0.0031152214363567854,-0.006230563556298141,-0.006230563556298141,-0.410078939917323
2023-01-10,2.621551513671875,0.0031347272097608236,0.0031347272097608236,-0.003134858762727122,-0.003134858762727122,-0.2271239171579964
2023-01-11,2.629795551300049,6.577648736794117e-08,0.006289368236294557,6.577648736794117e-08,0.0031447170063909624,0.17182711592221622
2023-01-12,2.629795551300049,0.0031347931924397,0.0031347931924397,-0.003134793192439811,0.0,0.07514365954038027
2023-01-13,2.662770986557007,0.003134783582186218,0.012539163069409165,-9.58022150499005e-09,0.012539163069409165,0.3563026028007421
2023-01-16,2.6462833881378174,4.980808498977751e-08,0.006191994639222154,-0.006191895023051952,-0.006191895023051952,0.21292952472804672
2023-01-17,2.654527187347412,-2.4981382962252496e-08,0.003115236730332205,-0.0031152866930979073,0.003115236730332205,-0.44342266286228593
2023-01-18,2.6462833881378174,0.003105612131762081,0.003105612131762081,-0.0031055621689949353,-0.0031055621689949353,-0.21466051576670253
2023-01-19,2.654527187347412,0.003115236730332205,0.003115236730332205,-0.0031152866930979073,0.003115236730332205,-0.24695371674774336
2023-01-20,2.654527187347412,0.0,0.003105587072796734,-0.003105587072796734,0.0,0.21042897860303356
2023-01-30,2.662770986557007,0.006211149164690122,0.00931673616038542,-0.0031056118223954376,0.0031055621689950463,0.6905483438048812
2023-01-31,2.654527187347412,2.482670091730199e-08,0.0030959971649278106,-0.003095947511525976,-0.003095947511525976,-0.5258685497086404
2023-02-01,2.654527187347412,0.0,0.003105587072796734,-0.006211174145593246,0.0,0.20637051432320064
2023-02-02,2.6462833881378174,2.498138362838631e-08,2.498138362838631e-08,-0.006211149319373388,-0.0031055621689949353,-0.1272169914779795
2023-02-03,2.6462833881378174,0.0,0.0031152617895386925,-0.0031152617895385815,0.0,0.05154485810472309
2023-02-06,2.6380395889282227,-0.003115236730332094,2.5137516512785396e-08,-0.006230498598180589,-0.003115236730332094,0.09936748385027983
2023-02-07,2.629795551300049,-6.536537611179227e-08,0.0031249314035588505,-0.003125062134311296,-0.003125062134311296,-0.529208216352302
2023-02-08,2.6380395889282227,0.003134858762727122,0.006269652160073802,6.536538066370667e-08,0.003134858762727122,-0.305337030671339
2023-02-09,2.6462833881378174,0.003124971757131112,0.003124971757131112,-2.513751573562928e-08,0.003124971757131112,0.058646818405382106
2023-02-10,2.662770986557007,-4.980808254728686e-08,0.006230473460664188,-0.0031153114424560258,0.006230473460664188,0.3754240653644594
2023-02-13,2.6462833881378174,4.980808498977751e-08,4.980808498977751e-08,-0.006191895023051952,-0.006191895023051952,0.06942053327444597
2023-02-14,2.6380395889282227,2.5137516512785396e-08,0.0031152870053650084,-0.003115236730332094,-0.003115236730332094,-0.13917972194270334
2023-02-15,2.6380395889282227,0.003124996973201677,0.003124996973201677,0.0,0.0,-0.6426347953716594
2023-02-16,2.6462833881378174,-2.513751573562928e-08,0.009374965546425251,-2.513751573562928e-08,0.003124971757131112,1.216061183684424
2023-02-17,2.654527187347412,0.003115236730332205,0.006230498442047372,-2.4981382962252496e-08,0.003115236730332205,-0.4431230573497089
2023-02-20,2.67101526260376,1.2902268653469662e-07,0.006211303969662518,1.2902268653469662e-07,0.006211303969662518,-0.029418641134736134
2023-02-21,2.67101526260376,0.0,0.0,-0.0030864168005626524,0.0,-0.23644604940860248
2023-02-22,2.662770986557007,-1.5384936724593956e-07,-1.5384936724593956e-07,-0.0030865701750864005,-0.0030865701750864005,-0.13929989885843952
2023-02-23,2.662770986557007,0.003095972261363933,0.003095972261363933,-0.003095972261364155,0.0,0.6170893270171405
2023-02-24,2.654527187347412,0.0030959971649278106,0.0030959971649278106,-0.003095947511525976,-0.003095947511525976,-0.6466412231320007
2023-02-27,2.6462833881378174,2.498138362838631e-08,2.498138362838631e-08,-0.0031055621689949353,-0.0031055621689949353,0.11420330856218541
2023-02-28,2.662770986557007,0.003115211826290709,0.006230473460664188,-4.980808254728686e-08,0.006230473460664188,0.3933622774625647
2023-03-01,2.67101526260376,1.5384939078266768e-07,0.0030961265870683707,-0.0030958188882870274,0.0030961265870683707,-0.14107058146835527
2023-03-02,2.687502861022949,-4.998801095279504e-08,0.009259199950825137,-0.0030864666342895752,0.006172783304546403,0.5699494928787168
2023-03-03,2.728721857070923,0.003067359043767759,0.018404765898430542,-1.2232716495308438e-07,0.01533728452749794,0.36544799920405424
2023-03-06,2.728721857070923,0.0,0.0060422904145789325,-0.0030211452072894662,0.0,-0.17139317594552494
2023-03-07,2.753453731536865,1.0153953922120706e-07,0.0302116287098817,-0.003021043974515858,0.00906353808170457,0.7301571049915516
2023-03-08,2.7452099323272705,-0.0059879942845270095,0.005988042796664983,-0.01197601282512284,-0.0029939850142289837,-0.5686957422901138
2023-03-09,2.76169753074646,0.0030029516953469226,0.015015023543200279,-4.83673240347926e-08,0.006005951758017991,0.18027950761679534
2023-03-10,2.7204785346984863,-0.005970022441000533,0.0029851942468592796,-0.014925239128860235,-0.014925239128860235,-0.5255424848205692
2023-03-13,2.736966133117676,-0.003030349282981293,0.009090850856743327,-0.006060649317912392,0.006060550821812338,-0.06052692356511358
2023-03-14,2.7452099323272705,-0.003012069709510956,0.006024066212456658,-0.006024115016833531,0.003012020905134083,0.16166299967316178
2023-03-15,2.794673204421997,0.006005957060768452,0.02102102905043912,0.003002956982268268,0.018018028971938715,0.4812570434236392
2023-03-16,2.8771119117736816,1.770139790302494e-08,0.04719761218313989,-0.002949831953711013,0.02949851425248662,0.8955242357081126
2023-03-17,2.868868112564087,0.0057306768852147805,0.00859600372418412,-0.014326610987571708,-0.002865303631693794,-0.32009660615789315
2023-03-20,2.893599510192871,-0.002873629488395202,0.028735533407631353,-0.002873629488395202,0.008620611564705172,-0.022734151689054016
2023-03-21,2.827648639678955,-0.0028489815353918146,0.005698019043242075,-0.028489983271293595,-0.02279198288553763,-0.30376688451249834
2023-03-22,2.83589243888855,-2.3397592197049732e-08,0.011661772561188055,-0.005830921376982268,0.0029154255921028938,-0.31678498354333584
2023-03-23,2.860624074935913,1.3961313882759896e-08,0.014534883781853525,-0.0029069600027941123,0.008720935853637757,-0.17429678672400684
2023-03-24,2.802917003631592,0.0028818369890037943,0.0028818369890037943,-0.020172895771218724,-0.020172895771218724,0.2804095948828156
2023-03-27,2.769941091537476,-9.161107605848429e-08,-9.161107605848429e-08,-0.020588374930233022,-0.011764854989066986,-0.07532769566619635
2023-03-28,2.786429643630981,0.00297641311766772,0.005952672475194376,-0.00595215208112676,0.005952672475194376,-0.4087041676869596
2023-03-29,2.794673204421997,-1.0940569150630353e-07,0.014792773775696988,-0.00887590985255593,0.002958467230586237,0.39863090173373905
2023-03-30,2.802917003631592,0.002949825831711106,0.017699073496597384,-0.008849642630158416,0.002949825831711106,-0.1665080945384254
2023-03-31,2.786429643630981,-0.002941040867683764,0.005882481056286748,-0.008823458940116158,-0.005882214842340638,-0.21511157634960654
2023-04-03,2.769941091537476,-2.2471801874868191e-07,0.0029583515770983393,-0.00887602414139399,-0.005917447846276458,0.12262911727500025
2023-04-04,2.827648639678955,0.00297629369862773,0.02083349292798431,-0.002976082391850876,0.02083349292798431,0.30706013227825224
2023-04-06,2.83589243888855,-0.002915472387287288,0.008746323571492853,-0.005830921376982268,0.0029154255921028938,-0.4909356943537908
2023-04-07,2.827648639678955,2.3397592752161245e-08,0.0029069973891318046,-0.008720898577024183,-0.0029069505939461893,-0.20409025842102935
2023-04-10,2.827648639678955,0.0,0.00583089811581905,-0.00583089811581905,0.0,0.2404726677907263
2023-04-11,2.8523802757263184,0.002915462896933896,0.008746361093212585,-0.002915435299344016,0.008746361093212585,0.23915808017737206
2023-04-12,2.8771119117736816,1.3561566314379547e-08,0.020231208191724637,-0.002890157099884716,0.008670525545920071,0.37056233935534877
2023-04-13,2.9183311462402344,-3.2372774350086786e-08,0.01719192770551259,-0.0028653590524888584,0.01432660102579808,-0.24271064291010092
2023-04-14,2.893599510192871,-1.364507229428824e-08,0.002824842409889783,-0.011299437864920825,-0.008474581809958637,-0.3199681679293853
2023-04-17,2.9513065814971924,4.554739474471603e-09,0.019943005623634047,-0.0028489955979598136,0.019943005623634047,0.5823120292726465
2023-04-18,2.967794418334961,3.5698224820635005e-08,0.01675986380400496,-0.00279325788650997,0.00558662286769418,-0.027405088175331827
2023-04-19,2.976037979125977,-1.0246832760074653e-07,0.01111106342958812,-0.005555652303596337,0.002777672449306934,-0.23661388904277558
2023-04-20,2.967794418334961,-0.0027699783567403102,0.008310410987508732,-0.011080220831975018,-0.0027699783567403102,0.054690540256356
2023-04-21,2.9513065814971924,-0.002777810801330327,0.013888906044692728,-0.008333361007543671,-0.005555585904437055,0.21720109469577764
2023-04-24,2.9842824935913086,1.508934308613874e-07,0.022346568742880324,-0.002793143013077759,0.011173326519465787,0.09047378241595894
2023-04-25,3.0255014896392822,0.005524745186525903,0.024861740518533182,0.00276231728195353,0.013812028900243467,0.07232860553557785
2023-04-26,3.0172576904296875,2.1882728296063192e-08,0.005449607972209947,-0.02452318048412938,-0.002724771162012418,-0.08967074070653425
2023-04-27,3.0255014896392822,-2.1882727962996285e-08,0.005464453532528779,-0.013661275562555253,0.0027322158249005746,-0.4990644307253582
2023-04-28,3.0255014896392822,-0.0027247929851149655,0.005449585970229709,-0.010899171940459529,0.0,0.1972916549918473
2023-05-04,3.248086452484131,-0.005449461979547321,0.08174398937873151,-0.005449461979547321,0.07356960940428636,1.0237681870170618
2023-05-05,3.3635003566741943,-0.002538134886998944,0.060913576112733736,-0.002538134886998944,0.035532891712840575,0.052764288441643714
2023-05-08,3.7014992237091056,0.002451084243023649,0.1004902129307701,4.758990002073915e-08,0.1004902129307701,0.3471686085338419
2023-05-09,3.759206533432007,0.03563483179788629,0.062360865937231,-0.013363003657397954,0.015590253093468176,0.3307506544879537
2023-05-10,3.553109645843506,-0.024122846372393703,-0.013157892236084656,-0.07017548643360716,-0.054824571556685076,-0.19501319265850725
2023-05-11,3.4294512271881104,-0.011600928155474755,-6.708651767439733e-08,-0.041763366077881114,-0.03480287156352002,-0.31837457240546385
2023-05-12,3.4294512271881104,-0.002403786637371841,0.009615375798129211,-0.014423063697193705,0.0,-0.3894877469285767
2023-05-15,3.445939064025879,-0.014423033473714542,0.00961540675876571,-0.040865317729442796,0.004807718712269704,0.28504390285485215
2023-05-16,3.4541828632354736,-0.007177045548532823,0.033492827734490804,-0.011961729812660749,0.0023923229797231382,-0.051869372291864835
2023-05-17,3.421207427978516,-0.00715994708920209,0.007159848235055444,-0.02625300752154558,-0.009546522741436414,-0.6364959850906331
2023-05-18,3.4706709384918213,0.002409670856009294,0.02891572895091188,0.002409670856009294,0.014457910417472686,0.2216359082429804
2023-05-19,3.4294512271881104,-0.004750642829175811,-0.0023754049632042085,-0.023752998808851733,-0.01187658295304217,-0.4749058366483183
2023-05-22,3.437695264816284,0.00480768073682869,0.01923074433121541,-0.004807694992762124,0.002403894116591143,0.008486286231953244
2023-05-23,3.3305249214172363,-0.004796127044023435,0.002398053619707685,-0.03357307839782797,-0.031175056293064163,0.19311028974855304
2023-05-24,3.206866979598999,-0.004950476431471396,-0.004950476431471396,-0.039603909542693216,-0.037128664320463134,0.37627190733764593
2023-05-25,3.206866979598999,-0.0077121359895410135,0.0,-0.015424210688960494,0.0,-0.5584238506572454
2023-05-26,3.206866979598999,-0.00257069156647316,0.00771207469941948,-0.012853519122487334,0.0,-0.16305529862675527
2023-05-29,3.2810616493225098,-3.760057110113735e-08,0.03341895150700669,-0.002570729070384914,0.023136185627751882,0.2206207803429585
2023-05-30,3.239842414855957,-0.005025092103503881,0.002512589331570503,-0.02010045497365265,-0.012562773538578265,-0.12766951633867762
2023-05-31,3.215111017227173,6.216042303108793e-08,0.0025445891108035745,-0.012722572591478909,-0.007633518690718044,-0.2424314951337223
2023-06-01,3.2233543395996094,-1.687580701847935e-07,0.010256229735412958,-0.012820728007881588,0.00256393086530049,0.15492310278617083
2023-06-02,3.206866979598999,1.1534502997179175e-07,0.007672743015508354,-0.0127876584157256,-0.005114969768622579,0.03563141866044006
2023-06-05,3.2810616493225098,-0.002570729070384914,0.023136185627751882,-0.00771217330013152,0.023136185627751882,0.19854258086188636
2023-06-06,3.289305686950684,-0.005025068772054886,0.02261315704214817,-0.007537629309330773,0.0025126128397729985,-0.053010256227910446
2023-06-07,3.3305249214172363,0.0025062344811297432,0.022556340049463275,-2.871491200373555e-08,0.012531287265296509,-0.15297072882609442
2023-06-08,3.421207427978516,0.004950427629250909,0.04207916213872176,-0.009901042568738916,0.027227691940732157,0.42840063064148737
2023-06-09,3.404719829559326,3.880461596494911e-08,0.0072288902373682795,-0.014457778961410872,-0.004819233784059684,-0.32664427232909077
2023-06-12,3.3305249214172363,-0.004842586741950372,-0.0024213392833780656,-0.026634391153793513,-0.021791780779710446,-0.012949010333603184
2023-06-13,3.347012519836426,-0.002475225855808505,0.009900940575074735,-0.004950529959382721,0.0049504503969222124,-0.6267448820614447
2023-06-14,3.297549247741699,-2.4066363901731336e-08,0.009852183188345798,-0.01724138676210596,-0.014778334948428506,0.6838127233733857
2023-06-15,3.305793523788452,0.002500122189956322,0.012500113301287419,-0.007499928526023103,0.002500122189956322,-0.45557091748621303
2023-06-16,3.264573812484741,-5.691284843400979e-08,0.00498746893420976,-0.014962693910021474,-0.012468930986492155,0.3455913153855299
2023-06-19,3.215111017227173,1.2337903010362083e-07,0.002525373783251128,-0.01767662945051718,-0.015151379046296154,0.08899322806070842
2023-06-20,3.1903791427612305,0.0025640752627273944,0.007692275248074143,-0.010256485833605278,-0.0076923858409319035,-0.4667810813141031
2023-06-21,3.198622941970825,-8.23715009534709e-08,0.01808781632755685,-0.00775201255386937,0.002583955962820017,0.27485694639538494
2023-06-26,3.116183996200561,-0.002577408798597136,-0.002577408798597136,-0.03092789552800701,-0.025773261577205275,0.08950284737316139
2023-06-27,3.1821351051330566,5.885435894192881e-08,0.023809561538854718,-0.005290941742195798,0.021164061240577237,-0.3220533412473294
2023-06-28,3.1903791427612305,5.3892261542287656e-08,0.010362800916718484,-0.007771960051223714,0.002590725206756739,-0.15586496444526432
2023-06-29,3.1821351051330566,-5.3892258766730095e-08,0.00258398451565367,-0.01291993789748791,-0.0025840306933045953,-0.0339286478490024
2023-06-30,3.2233543395996094,0.0025905808054915713,0.01813466822015264,-0.002590761077239767,0.0129533263374213,0.1684334162367307
2023-07-03,3.2810616493225098,0.0025576202051154073,0.023017959890404338,-0.002557464716206659,0.01790287496908216,0.012497093635609247
2023-07-04,3.2315986156463623,4.94676390960791e-08,4.94676390960791e-08,-0.020100434773585918,-0.015075313713279637,0.02284730750260522
2023-07-05,3.2315986156463623,-0.0025510179256705845,0.005102035851341613,-0.010204071702683337,0.0,-0.20562896060228297
2023-07-06,3.206866979598999,-0.005102047657861597,-1.1867065996540305e-08,-0.012755162165118739,-0.007653065553259175,0.054661364047294825
2023-07-07,3.198622941970825,-0.005141497835419617,0.005141329168526054,-0.00771218926387629,-0.0025707451168444084,-0.26693687555789225
2023-07-10,3.206866979598999,0.0025773708804497364,0.007732005264568187,5.368839040009732e-08,0.0025773708804497364,-0.31575831842148006
2023-07-11,3.239842414855957,-8.747359614424965e-09,0.010282757428585754,-8.747359614424965e-09,0.010282757428585754,0.243663609676382
2023-07-12,3.239842414855957,0.00254452679221151,0.005089053584422798,-0.002544526792211621,0.0,0.206084776925465
2023-07-13,3.289305686950684,0.002544550301162518,0.01781171141243587,0.002544550301162518,0.015267184560557201,0.1928005273823814
2023-07-14,3.289305686950684,0.0,0.007518789804026316,-0.010025053072035495,0.0,0.2652077560992758
2023-07-17,3.2998087406158447,0.005854078497189441,0.008515065605266603,-0.004789869935118762,0.0031930913891125012,-0.2795159177777542
2023-07-18,3.2472920417785645,0.0026525486642086094,0.0026525486642086094,-0.018567591019371,-0.01591507355892363,0.20518727769465883
2023-07-19,3.256044626235962,-0.0026954813028160496,0.0026953487228096318,-0.00808631132844162,0.0026953487228096318,-0.5148322450846656
2023-07-20,3.2647974491119385,7.092501030925291e-09,0.010752685003546869,7.092501030925291e-09,0.002688176570262435,-0.10697972129033673
2023-07-21,3.273550271987915,-0.002680955541316199,0.0053619322463518415,-0.005361918137205546,0.0026809696504626057,-0.15876985681104827
2023-07-24,3.2472920417785645,-0.002673742231181331,5.2142932638332695e-08,-0.013368919727637318,-0.00802133097940938,0.2165775997839603
2023-07-25,3.33482027053833,0.005390898443795145,0.02695422143547832,0.002695483069834914,0.02695422143547832,0.5504357853208397
2023-07-26,3.317314386367798,-8.512434379603917e-08,0.010498591791350709,-0.01049876204003819,-0.005249423582190937,-0.5270101278262089
2023-07-27,3.3435726165771484,-5.091406063417736e-08,0.02374669022353393,-0.002638570717429567,0.007915508496046275,0.4400611261381897
2023-07-28,3.4223482608795166,6.96297606239682e-08,0.026178119829160185,-0.005235527927470063,0.02356032105054484,0.30951725700588995
2023-07-31,3.4223482608795166,0.010230169047305449,0.017902795832784868,-0.010230230023922982,0.0,-0.08041131951417313
2023-08-01,3.4398539066314697,1.3119213715384603e-08,0.010230182300731139,-0.005115071471544885,0.005115097709972538,-0.4415273633184569
2023-08-02,3.3435726165771484,-0.0076336624939321585,-0.005089135912277554,-0.030534462395122364,-0.02798993581346776,0.6289367442059657
2023-08-03,3.3873369693756104,0.0026179034615445573,0.0130890989420962,-0.005235493148869175,0.0130890989420962,-0.7405016871288304
2023-08-04,3.4048426151275635,0.0025839902068232057,0.010335920653964381,-0.005168001847185133,0.005167967022536857,0.34458507658494497
2023-08-07,3.378584146499634,-0.005141403009324419,-0.002570650045715106,-0.02056555305023644,-0.007712094682809867,-0.35716181131409286
2023-08-08,3.352325677871704,-0.0025906910935218352,-1.997038046042121e-08,-0.010362704462945627,-0.007772033339804363,-0.25329229493345196
2023-08-09,3.3610785007476807,6.691464271568748e-09,0.005221933965287917,-0.00261095694544744,0.0026109703283760943,-0.21047760598980148
2023-08-10,3.352325677871704,-0.002604170915386117,-6.691464271568748e-09,-0.007812499363229475,-0.002604170915386117,-0.04984871100131727
2023-08-11,3.308561325073242,-1.0604948563752714e-07,0.007832783978162228,-0.013054922762231969,-0.013054922762231969,0.7603705003870225
2023-08-14,3.256044626235962,-0.00793647059738467,-0.005290970375258941,-0.023809471930138493,-0.015872971263761526,-0.06417114612891694
2023-08-15,3.3435726165771484,0.0026881674006467016,0.032258031385605124,-2.0525315891362084e-09,0.026881692479248986,0.3353702983640545
2023-08-16,3.33482027053833,-0.0052354618665012564,1.3603841853004894e-07,-0.015706657676340607,-0.0026176629140414187,-0.5413066444871895
2023-08-17,3.2998087406158447,-0.0026247680923958683,0.002624570293140227,-0.018372783249004154,-0.010498775670700122,0.06313153261732296
2023-08-18,3.308561325073242,-6.515523431893655e-08,0.013262520869033345,-6.515523431893655e-08,0.0026524520496191695,-0.03723248225279363
2023-08-21,3.2647974491119385,0.0026455374023821587,0.0052910376432713235,-0.01322746404295072,-0.01322746404295072,-0.14656729816126912
2023-08-22,3.317314386367798,4.176903023456191e-08,0.01608581790277519,4.176903023456191e-08,0.01608581790277519,0.1717732627310511
2023-08-23,3.352325677871704,2.7118969514461355e-08,0.015831147174533378,-0.005277012899551847,0.010554107156012016,0.27804966604483994
2023-08-24,3.308561325073242,-1.0604948563752714e-07,0.002610857293063651,-0.015665886104781035,-0.013054922762231969,-0.25075594459289263
2023-08-25,3.317314386367798,-0.0026454214208636584,0.00793657998469155,-0.0026454214208636584,0.002645579281914001,0.1462995555425195
2023-08-28,3.3610785007476807,0.03957789712145687,0.04221641714837321,0.0026385538373503437,0.01319263394501502,0.5159660375193269
2023-08-29,3.3260672092437744,-0.002604191148260937,0.0026041371939278246,-0.01562501200373323,-0.010416683661544357,-0.3582472536655317
2023-08-30,3.291055917739868,-2.755114913988166e-08,-2.755114913988166e-08,-0.01315790954223972,-0.010526333144021627,-0.07766486110240223
2023-08-31,3.282303094863892,-0.002659578899524506,0.007978708780075783,-0.0053191508194246895,-0.002659578899524506,-0.2532459395802533
2023-09-01,3.2472920417785645,4.5125983616500775e-08,0.0026667093698544697,-0.013333276093371427,-0.010666611849500574,0.498872206295637
2023-09-04,3.2647974491119385,0.002695355834427371,0.010781600930217516,-5.9197502788599365e-08,0.005390770866357419,-0.0405420483460901
2023-09-05,3.2472920417785645,5.919750623029074e-08,5.919750623029074e-08,-0.0053618662738589284,-0.0053618662738589284,-0.8664875207026022
2023-09-06,3.2472920417785645,0.0,0.0026954151914919677,-0.0026954151914917457,0.0,0.03684362563830135
2023-09-07,3.2472920417785645,0.0026954151914919677,0.0053908303829839355,-0.0026954151914917457,0.0,0.46033456797231054
2023-09-08,3.2210335731506348,-2.102619067745337e-08,-2.102619067745337e-08,-0.010781681565460999,-0.008086266430643474,-0.2902254457375335
2023-09-11,3.2297863960266118,0.002717395729413541,0.005434784412108762,-0.005434770318672566,0.002717395729413541,0.15941190172452835
2023-09-12,3.212280750274658,-0.0027100385673037852,-1.413183781107108e-08,-0.008130087438235956,-0.005420063002769981,-0.34896335545842305
2023-09-13,3.2297863960266118,1.4131837922093382e-08,0.0054496001790804716,-0.0027247788917833526,0.0054496001790804716,-0.0018771552695042715
2023-09-14,3.2647974491119385,-4.521803054213791e-08,0.013550076538077827,-0.002710069569252349,0.01084005218685613,0.7978305762073781
2023-09-15,3.238539218902588,5.222666055182401e-08,0.005361977660648831,-0.010723798641315452,-0.008042835924321423,0.0683310526495795
2023-09-18,3.238539218902588,0.0,0.0027027000903736553,-0.008108100271120633,0.0,-0.4801933847011064
2023-09-19,3.2647974491119385,-5.222665777626645e-08,0.010810747570224377,-0.0027027521758782314,0.008108047621003811,0.36293576739013034
2023-09-20,3.308561325073242,0.002680925315855731,0.01608573770259425,-0.0026809996388397206,0.013404775225246413,0.17537557755735378
2023-09-21,3.291055917739868,5.8212640929866666e-08,0.005291058805800164,-0.01058194297367765,-0.005290942380518415,-0.11362583999417808
2023-09-22,3.317314386367798,2.0717883186804897e-08,0.00797873669857374,-0.005319123269244219,0.00797873669857374,-0.07434552204547273
2023-09-25,3.3260672092437744,6.833266619210576e-09,0.005277046744739389,-0.007915553033942646,0.002638526789003004,0.0003135740519404351
2023-09-26,3.308561325073242,0.002631490481242116,0.005263066726269416,-0.00789481449886631,-0.005263238253839231,-0.2901889980793406
2023-09-27,3.273550271987915,4.4216066807933885e-08,0.0026455444756185997,-0.010581956822139915,-0.010581956822139915,0.07052709332174345
2023-09-28,3.2998087406158447,2.0939171063716344e-08,0.01069519810189723,2.0939171063716344e-08,0.008021403811215633,-0.22927227750822965
2023-10-09,3.291055917739868,-0.007957559020388083,-6.942597385872773e-09,-0.02122014581670595,-0.0026525243018609146,0.3987404516797177
2023-10-10,3.273550271987915,-1.3996573344776664e-08,0.007978701707140656,-0.007978729700287235,-0.0053191577990492345,-0.2698421970425038
2023-10-11,3.2998087406158447,2.0939171063716344e-08,0.01069519810189723,-0.0026737733515105333,0.008021403811215633,0.17417873916079074
2023-10-12,3.4048426151275635,0.018567641237801746,0.03448280905103607,0.01061008895168647,0.031830291622330975,1.042653053780569
2023-10-13,3.474864959716797,-0.005141460735883729,0.03341897341905509,-0.00771215226020483,0.02056551579744892,-0.012051601893396935
2023-10-16,3.49237060546875,-0.002518876229665068,0.007556680971237961,-0.01259443343056832,0.005037791671012037,-0.5705413749969921
2023-10-17,3.483617782592773,-0.0025062697705309223,0.0025062567328109076,-0.007518796273872419,-0.0025062697705309223,-0.487958761308132
2023-10-18,3.5186288356781006,-0.0025126021787367225,0.012562819529274849,-0.00502516247937812,0.010050199324470599,0.37137516905921686
2023-10-19,3.474864959716797,-0.004975084506423033,-0.0024874652819067977,-0.0248755638377004,-0.012437764255652017,0.25463564966254637
2023-10-20,3.448606491088867,-0.007556687506518167,0.0025188693626452263,-0.015113355158390629,-0.007556687506518167,-0.4066650392751576
2023-10-23,3.431101083755493,-0.0025380126687521987,0.0050761935841785455,-0.015228356423636957,-0.005076081419729261,0.08204135310654337
2023-10-24,3.3610785007476807,8.518396876766587e-09,0.0025510264657981896,-0.022959213829281344,-0.02040819588187992,0.0861988495155579
2023-10-25,3.3435726165771484,0.005208243316930039,0.007812407337640881,-0.010416740807335567,-0.005208412765913661,-0.3188365689170283
2023-10-26,3.396089792251587,4.969734557214167e-08,0.01832470319564461,-0.005235547755526926,0.015706904469208416,-0.010583977224570162
2023-10-27,3.4048426151275635,6.678298136719718e-09,0.018041226174593028,-0.007732005982485801,0.00257732374919728,0.3893354280879038
2023-10-30,3.3610785007476807,-0.007712107859317752,2.834885326485903e-08,-0.02570694933476303,-0.012853491138016482,0.26839535615076926
2023-10-31,3.41359543800354,-2.170480239982453e-08,0.02083335386196561,-0.005208350074451529,0.01562502549231648,-0.3675642775057426
2023-11-01,3.431101083755493,0.0025641132763005725,0.010256413545984833,-0.005128186993383244,0.0051282133661954,-0.4662334351301034
2023-11-02,3.457359552383423,0.005102055480214807,0.015306127382175738,0.002551037504724407,0.007653073455704984,-0.06565375655904049
2023-11-03,3.4048426151275635,-3.9359689507634243e-08,0.0025316036653590945,-0.015189897509981454,-0.015189897509981454,0.25112740958957147
2023-11-06,3.3610785007476807,0.0025707199882025744,0.005141411627552106,-0.015424182777365791,-0.012853491138016482,0.39586364259792006
2023-11-07,3.4048426151275635,-2.8348852487702914e-08,0.01562501874445288,-0.0026041925163748925,0.013020854576930363,-0.37680389564562233
2023-11-08,3.396089792251587,-0.005141451067029568,0.007712067969617875,-0.005141451067029568,-0.002570698227603252,-0.005395720135656035
2023-11-09,3.457359552383423,4.60379894207108e-08,0.020618583416722958,4.60379894207108e-08,0.018041266244381182,0.315829401622544
2023-11-10,3.457359552383423,-0.002531643124693228,0.010126572498773356,-0.010126572498773356,0.0,-0.22387766355326377
2023-11-13,3.448606491088867,0.002531567321818029,0.002531567321818029,-0.012658290277814732,-0.0025317185447263357,-0.6496775006299167
2023-11-14,3.466111898422241,-5.5515738117684066e-08,0.010152218355196307,-0.0025381239834717517,0.005076081419729261,0.2761474376803861
2023-11-15,3.457359552383423,0.005050631974779396,0.007575882398566547,-0.007575620144156137,-0.0025251192965819458,0.09603395916654378
2023-11-16,3.474864959716797,0.005063230210264447,0.010126516177338285,-0.005063341723883563,0.005063230210264447,0.16797712674639342
2023-11-17,3.457359552383423,-0.0025188336509348597,0.0025189451645604155,-0.010075501874178161,-0.005037723058682775,-0.4302521597204141
2023-11-20,3.474864959716797,-5.575680950276052e-08,0.007594873193801366,-0.002531698740346533,0.005063230210264447,-0.04429401535727706
2023-11-21,3.474864959716797,0.002518889267302482,0.005037778534604964,-0.002518889267302482,0.0,0.1874489306831748
2023-11-22,3.474864959716797,-0.002518889267302482,0.005037778534604964,-0.007556667801907446,0.0,0.07743421293786668
2023-11-23,3.466111898422241,0.002518813707070189,0.005037702784523201,-0.0025189644478353923,-0.0025189644478353923,-0.38577903056130225
2023-11-24,3.483617782592773,8.192208933444078e-08,0.007575832820685191,-0.0025251683774425437,0.005050582521153091,0.4177373166303333
2023-11-27,3.483617782592773,0.0,0.002512560405862896,-0.010050241623450695,0.0,0.19479713343739746
2023-11-28,3.474864959716797,-0.0025125669411015794,-6.551700404422434e-09,-0.005025127330502754,-0.0025125669411015794,-0.26582932796445746
2023-11-29,3.483617782592773,6.551700737489341e-09,0.007556674403117025,-0.002518882732104877,0.0025188958355060187,0.2078882987129198
2023-11-30,3.49237060546875,6.518860118376324e-09,0.0050251273633434845,-0.005025114325623248,0.0025125669411019125,-0.03241432424093915
2023-12-01,3.536134719848633,3.211022625571047e-08,0.017543875549624888,-0.0025062312382592156,0.012531348852653945,0.4114675854848002
2023-12-04,3.527381896972656,-0.0024752515301090794,0.0024752385206279204,-0.0049505555699737025,-0.0024752515301090794,-0.7101587726325782
2023-12-05,3.509876251220703,0.0024813147822755344,0.004962760993227455,-0.004962787206845065,-0.004962787206845065,0.36518252604262
2023-12-06,3.466111898422241,-0.002493864342026586,-4.19251228178652e-08,-0.019950205068361426,-0.012468916185646495,0.24936326966109945
2023-12-07,3.49237060546875,8.844094989690632e-08,0.012626400227634837,-0.007575662507031011,0.007575839388930694,0.06102509524187383
2023-12-08,3.448606491088867,-3.292520578401792e-08,0.002506230260283848,-0.02005013840912262,-0.012531348852653834,0.646438229706785
2023-12-11,3.431101083755493,-0.005076081419729261,5.6082224642040046e-08,-0.03045682944183059,-0.005076081419729261,-0.321670678203521
2023-12-12,3.483617782592773,-2.9675875978796284e-08,0.015306077423926645,-0.007653083225777513,0.015306077423926645,-0.41603194042729186
2023-12-13,3.483617782592773,0.0,0.00502512081172557,-0.005025120811725237,0.0,-0.32576106000504623
2023-12-14,3.483617782592773,0.002512560405862896,0.00502512081172557,-0.00753768121758791,0.0,-0.1410348930993095
2023-12-15,3.4223482608795166,-0.002512537364365297,2.3099536283766042e-08,-0.017587900147775337,-0.017587900147775337,0.4213788112594514
2023-12-18,3.49237060546875,-0.002557558800096449,0.02046032117468899,-0.002557558800096449,0.02046032117468899,0.2633375713667121
2023-12-19,3.474864959716797,-1.3070560411776455e-08,0.0025062501646901936,-0.007518802776312117,-0.0050125395410615114,-0.8053145388043674
2023-12-20,3.49237060546875,0.0025189023707863356,0.015113408926973548,1.307056063382106e-08,0.005037791671012037,0.3180380742607092
2023-12-21,3.483617782592773,-0.0025062697705309223,0.0025062567328109076,-0.010025059525543334,-0.0025062697705309223,0.03371074795078499
2023-12-22,3.49237060546875,0.0025125669411019125,0.007537747689751129,-0.0025125539033816757,0.0025125669411019125,0.02394656872615286
2023-12-25,3.5186288356781006,-4.8396954888119126e-08,0.010025063943925216,-0.002506311543668205,0.007518741043184951,-0.42716960957188377
2023-12-26,3.527381896972656,1.4987942886790506e-08,0.009950254451209117,-0.0024874855697682996,0.0024876341618647047,0.4384953902536104
2023-12-27,3.5448877811431885,8.023438202720001e-08,0.004962854797649463,-0.007444140771458718,0.004962854797649463,-0.26677377466926444
2023-12-28,3.49237060546875,-4.682536391964476e-08,0.004938219606267502,-0.014814904989038147,-0.014814904989038147,0.6956661495069056
2023-12-29,3.49237060546875,0.0,0.005012586290047416,-0.005012526536017692,0.0,-0.708838879879
2024-01-02,3.509876251220703,-4.651582141690369e-08,0.012531269241318421,-0.0025063096672492957,0.0050125395410616225,0.2384831568388286
2024-01-03,3.5448877811431885,9.33411918868643e-08,0.012468850376320617,9.33411918868643e-08,0.009975146534100254,0.09323756607685496
2024-01-04,3.6236629486083984,4.71784844524592e-08,0.024691381657722555,-0.0024691451382242713,0.02222218934101372,0.3348257157334764
2024-01-05,3.606157064437866,-7.825266379324347e-08,0.012077261948958196,-0.009661904342740169,-0.004830991297701925,-0.17629333034054895
2024-01-08,3.588651180267334,-7.901610965532768e-08,0.007281524933201666,-0.00970880712374611,-0.004854443069927994,-0.14254160325275222
2024-01-09,3.588651180267334,-0.002438963970067154,0.004878044241882984,-0.01219505245383301,0.0,-0.11002416158506989
2024-01-10,3.536134719848633,9.537516154622949e-08,0.0073172205867322315,-0.014634038746220268,-0.014634038746220268,0.1991757755037078
2024-01-11,3.483617782592773,-0.0024752247065149557,-3.8629084930796864e-08,-0.014851509180653588,-0.014851509180653588,0.0012042659143567391
2024-01-12,3.527381896972656,-0.0025125872284526007,0.01507533513964443,-0.0025125872284526007,0.012562834705508452,-0.2655856499662974
2024-01-15,3.5448877811431885,8.023438202720001e-08,0.004962854797649463,-0.00496269432888552,0.004962854797649463,-0.18817269251014324
2024-01-16,3.5623934268951416,-0.00246917971181293,0.004938279244007138,-0.007407446436504372,0.004938279244006916,0.36249743906545007
2024-01-17,3.527381896972656,-0.002457151115482392,0.0073708480137058,-0.00982809188287792,-0.00982809188287792,0.15661733794835087
2024-01-18,3.509876251220703,-1.3106808749441257e-08,0.0024813147822755344,-0.03473949096799689,-0.004962787206845065,0.6045179270176426
2024-01-19,3.474864959716797,-0.0024937891596017447,-0.0024937891596017447,-0.014962604903905996,-0.009975078606184407,-0.49394282586033
2024-01-22,3.5011234283447266,1.955682638055123e-08,0.015113415511268435,-0.005037759076301662,0.007556687506518278,0.17509659446690407
2024-01-23,3.483617782592773,-0.0050000081717284095,-1.3005125421017283e-08,-0.012500000921632615,-0.0050000081717284095,-0.27146484686349126
2024-01-24,3.588651180267334,0.0025125035172153254,0.030150666413347738,-5.674606951000527e-08,0.030150666413347738,0.2016482247613638
2024-01-25,3.632415533065796,0.0024391205773415248,0.017073253891391804,4.020745669741643e-08,0.012195209453375044,-0.11729685833878278
2024-01-26,3.746201992034912,-0.002409733397660929,0.03373486562499539,-0.002409733397660929,0.03132528697042525,0.3417149496800569
2024-01-29,3.763708114624024,0.0023365299284909824,0.01635520941015156,-0.009345758678173222,0.004673032214048467,-0.20900862078611837
2024-01-30,3.737449169158936,-0.004651247173870665,0.009302226024190174,-0.016279196951761832,-0.006976881486387754,-0.2755087239286169
2024-01-31,3.7812135219573975,-0.004683798434908293,0.018735383973505604,-0.007025772511484951,0.011709685086716437,0.1830346171542736
2024-02-01,3.737449169158936,-0.002314905663436395,0.0023147191909271836,-0.011574155372163775,-0.011574155372163775,-0.18567186029444827
2024-02-02,3.7812135219573975,0.002342012123351056,0.014051547491823024,-0.004683798434908293,0.011709685086716437,0.30850976416403597
2024-02-05,3.886246681213379,-0.004629739095276086,0.03009238946504178,-0.009259363595248926,0.027777632404532904,0.34345930328614216
2024-02-06,3.903752326965332,1.2037411067922221e-08,0.01576581645224695,-0.009008988372278925,0.004504512242256231,-0.09599428147107147
2024-02-07,3.807471513748169,-0.0067264548671834845,-0.002242154025817844,-0.04932736631723611,-0.02466365823264438,0.27002848591557793
2024-02-08,3.772460699081421,-0.006896389132061809,-0.0022986917973016885,-0.03678147661687792,-0.009195292608317529,-0.30599250662361754
2024-02-19,3.947517156600952,-0.0023201220892474783,0.048723913743989655,-0.009280727747680406,0.04640378561456093,0.025733034017868306
2024-02-20,3.965022087097168,-0.0022175144526115353,0.008868999900561114,-0.011086683643614426,0.0044344153050595025,-0.6424236219717017
2024-02-21,3.991280317306519,-0.0022075457593841996,0.02428249424633422,-0.0044149964621631455,0.006622467575855273,0.14625275596515408
2024-02-22,3.991280317306519,0.0,0.004385960784535126,-0.008771921569070362,0.0,-0.3559840774370002
2024-02-23,4.026291370391846,0.0021929966300142656,0.024122799763915515,-3.596815068007686e-08,0.00877188528540973,0.22917598051803978
2024-02-26,3.903752326965332,3.709982743238527e-08,3.709982743238527e-08,-0.0326086811702202,-0.030434718244096715,0.18483818320847334
2024-02-27,3.903752326965332,-0.0022422037659871608,0.011210805001615531,-0.006726504383801402,0.0,-0.3877665151239569
2024-02-28,3.903752326965332,0.0,0.008968601235628482,-0.01793720247125652,0.0,0.3865366629069378
2024-02-29,3.912505388259888,-0.002242083782236337,0.0044844214104498015,-0.006726384939302665,0.0022422173748304353,-0.2612825399463361
2024-03-01,3.9212584495544434,1.3279658928055937e-08,0.006711470016764531,-0.0067113367824608305,0.0022372010836892997,0.05860741401065184
2024-03-04,3.947517156600952,-0.002232169571556031,0.013392869060760315,-0.006696451118379576,0.006696499958958935,0.02180503981525561
2024-03-05,4.026291370391846,-1.9505313220147258e-07,0.022172727353141575,-1.9505313220147258e-07,0.01995538224809712,0.07425795730247842
2024-03-06,3.9825284481048575,2.171573645348701e-07,0.006522003449773495,-0.013043251767177577,-0.010869288449615877,-0.19888334891617276
2024-03-07,4.000033378601074,-1.6790542134437203e-07,0.006593178616884687,-0.004395767186743171,0.004395431375900483,-0.18211252524162092
2024-03-08,3.9825284481048575,-0.0021880662707635112,0.0021882977409142246,-0.008752560117905595,-0.004376196106228192,-0.19143909945038828
2024-03-11,3.947517156600952,-2.2104189034699573e-08,0.0021977254572294047,-0.01098907430938767,-0.008791221948600492,0.3803986113665374
2024-03-12,3.842482805252075,-8.420658403895942e-08,-8.420658403895942e-08,-0.026607699772309035,-0.026607699772309035,0.40593995649233605
2024-03-13,3.816225051879883,1.1486181072939416e-07,0.0022780716578518767,-0.00911149508443676,-0.006833538288395724,-0.2729947941447399
2024-03-14,3.824977159500122,-0.002293756871032726,0.011467695729179495,-0.0045872776212496635,0.002293393995704829,-0.18664460275109462
2024-03-15,3.807471513748169,-1.2002074556427544e-08,0.006865024664727715,-0.00457666674125734,-0.00457666674125734,-0.22637990111693185
2024-03-18,3.807471513748169,0.0,0.0022989032416267374,-0.011494187354914143,0.0,0.31192915323460824
2024-03-19,3.7549548149108887,-0.0022987668688057017,-0.0022987668688057017,-0.013793064149699052,-0.013793064149699052,-0.06159301751601731
2024-03-20,3.807471513748169,-0.0023309713075041483,0.020979029354524892,-0.004662026949132314,0.013985973580490807,-0.049658351037791704
2024-03-21,3.824977159500122,0.0022989152712931116,0.016092006033379347,1.2002074667449847e-08,0.004597708922770227,0.09407698792097108
2024-03-22,3.842482805252075,0.002288393875016226,0.009153321589798313,-0.004576642955824828,0.004576666741257229,-0.1110293927449213
2024-03-25,3.851235866546631,1.3626807238154015e-08,0.006833774704156026,-0.006833638831594602,0.002277970192239076,-0.09203490247642065
2024-03-26,3.886246681213379,0.0022725712331077563,0.009090799909417635,-0.006818328087259795,0.009090799909417635,0.10888026050336208
2024-03-27,3.9300105571746826,2.232622486886271e-08,0.020270327154462864,-0.002252281497249431,0.011261219256323507,0.04991125293739884
2024-03-28,3.8337302207946777,-0.0022270512458285596,6.528139229189378e-08,-0.026725970244207975,-0.0244987475171623,0.2749181068708779
2024-03-29,3.851235866546631,-0.0022831454429118603,0.0159816770593888,-0.0045661938222348875,0.004566217428915609,-0.7575691734419543
2024-04-01,3.903752326965332,0.0022725832978747196,0.0159089324425723,-0.0022728664170243995,0.01363626177115762,0.5611715022543073
2024-04-02,3.9387636184692383,0.0022421206589100517,0.011210829021739643,-0.002242180065423205,0.008968625202491642,-0.32161764181077857
2024-04-03,3.9212584495544434,-0.0022221635495950354,0.004444550473015729,-0.008888771608381418,-0.004444330914582295,0.005944987164220095
2024-04-08,3.965022087097168,-0.0022323384841131944,0.015624891116990058,-0.008928706452283275,0.011160610325926745,0.31612028298864203
2024-04-09,3.9300105571746826,2.1625945478831454e-08,0.008830035062028285,-0.013245103790241242,-0.00883009707220006,-0.090050701683694
2024-04-10,3.9387636184692383,-0.0022271029468086123,0.008908797711748573,-0.0022271029468086123,0.0022272360766502075,-0.17149644039305656
2024-04-11,3.9212584495544434,1.0977921682808756e-07,0.0022223831080285805,-0.008888771608381418,-0.004444330914582295,-0.16522820917262493
2024-04-12,3.9300105571746826,-1.2324421394538376e-07,0.006696351305623516,-0.006696597794051629,0.002231963981163654,0.290704679894624
2024-04-15,4.0175395011901855,1.321432152590063e-07,0.022271936103507084,-0.0022269845329144777,0.022271936103507084,0.3614672522164426
2024-04-16,4.06130313873291,-0.002178737710918477,0.013071843252211446,-0.008714626776485601,0.01089314430629984,0.07657673546965782
2024-04-17,4.078808784484863,-0.004310329864269602,0.01077591462868388,-0.01939647159058988,0.004310351912665933,0.001395480762621304
2024-04-18,4.105067253112793,-0.0021459040092833837,0.015021461563151872,-0.004291875868622785,0.0064377787769343,0.06422054224360707
2024-04-19,4.131325721740723,6.698755861123118e-08,0.010660987379251807,-0.002132178093404824,0.0063965988883660785,-0.5440173825423393
2024-04-22,4.078808784484863,0.004237251633147698,0.012711920948348165,-0.014830476507790458,-0.012711884947607444,0.2867790249199018
2024-04-23,4.078808784484863,0.0,0.012875524623216839,-0.008583683082144522,0.0,0.007227771427967156
2024-04-24,4.052550315856934,-6.806630392652835e-08,0.004291773182638403,-0.008583750564188919,-0.0064377787769343,-0.4238449044644774
2024-04-25,4.070055961608887,1.1293248114441212e-08,0.00647943517412819,-0.006479515576217509,0.0043196615433636065,0.2170412699526736
2024-04-26,3.991280317306519,-5.904982613991194e-08,0.006451495914570504,-0.02150541317384347,-0.0193549290342504,0.4462723882335595
2024-04-29,4.000033378601074,-0.0021929148528673226,0.00877193496934825,-0.00657887569566451,0.002193045989929976,-0.19810163539581538
2024-04-30,4.0175395011901855,-0.0021881038139294207,0.008752857973979733,-0.006564467660944429,0.004376494126964836,-0.09341500911827438
2024-05-06,3.9212584495544434,0.0043572852368896076,0.006535880361783208,-0.026143877600318444,-0.023965178589337888,0.7190152459474994
2024-05-07,3.9212584495544434,0.0,0.0022320875004697704,-0.013392844313413588,0.0,-0.4861942212712158
2024-05-08,3.947517156600952,2.4420289790327843e-08,0.011160781505782591,2.4420289790327843e-08,0.006696499958958935,-0.28883954047987004
2024-05-09,3.912505388259888,0.0044345474791032125,0.0044345474791032125,-0.011086553512000052,-0.008869313786899702,-0.07809396359175125
2024-05-10,3.912505388259888,0.0,0.006711456647979563,-0.004474268873658427,0.0,-0.02236825189822511
2024-05-13,3.903752326965332,-1.2025336926235752e-07,0.002237067251922742,-0.008948656924594012,-0.0022372010836895218,0.01428121958439732
2024-05-14,3.868741512298584,9.907007147980096e-08,0.002242196144023323,-0.008968503054076815,-0.008968503054076815,0.00745937074847447
2024-05-15,3.886246681213379,-1.1110747144549293e-07,0.009049652855942725,-1.1110747144549293e-07,0.004524770874235529,-0.2811626504000486
2024-05-16,3.912505388259888,1.322907958734021e-07,0.009009133783848933,-0.004504368455730434,0.006756829712701196,0.22707432130526684
2024-05-17,3.9300105571746826,-1.0996455690470697e-07,0.004474158417090424,-0.004474378346204233,0.004474158417090424,-0.03081533830328098
2024-05-20,3.912505388259888,1.0996456878409333e-07,0.011136011697735482,-0.0044542294887317535,-0.0044542294887317535,0.275773266626544
2024-05-21,3.947517156600952,3.7699948940428385e-08,0.008948682459613444,-0.004474231342389223,0.008948682459613444,-0.1882953575134536
2024-05-22,3.965022087097168,-1.69290442220138e-07,0.00665165473839191,-0.0044348596147804065,0.0044344153050595025,-0.17459106922938972
2024-05-23,3.956269264221192,4.6810211262737766e-08,0.0022074975937935726,-0.008830072110314391,-0.0022075092354363335,0.09025006438354666
2024-05-24,3.9212584495544434,-0.002212236689474345,0.0022125383043545277,-0.008849451927696483,-0.008849451927696483,-0.12340424482472301
2024-05-27,3.947517156600952,0.0022321119752675145,0.008928587513937103,2.4420289790327843e-08,0.006696499958958935,0.004432165359585127
2024-05-28,3.9212584495544434,-2.4420289124194028e-08,0.002217215334255229,-0.008869300625022336,-0.006651955141626087,0.17071255601593194
2024-05-29,3.894999742507935,-0.002232218631643468,-2.4749554405900653e-08,-0.011160781286274513,-0.006696499958958824,0.1409171922738004
2024-05-30,3.85998797416687,-0.0022472818426158003,0.004494230484017203,-0.01123603638106363,-0.008988901323654819,-0.04323336481928308
2024-05-31,3.886246681213379,2.5964326466620946e-08,0.00907031264813929,2.5964326466620946e-08,0.0068027950403593,-0.2885865615824166
2024-06-03,3.886246681213379,0.0,0.004504500150622537,-0.006756803923811283,0.0,0.050983614524042764
2024-06-04,3.886246681213379,0.0,0.0022521963774337905,-0.0022523037731887463,0.0,-0.4294733623907341
2024-06-05,3.894999742507935,1.2082089884124514e-07,0.004504621515759144,-0.0045043798739613505,0.0022523174704451865,0.16965513436966262
2024-06-06,3.894999742507935,-0.0022471353872550726,0.004494377928931925,-0.0022471353872550726,0.0,0.2963692840627381
2024-06-07,3.965022087097168,-1.2012060535138147e-07,0.01797749659006298,-0.00224725523793301,0.01797749659006298,0.5287037997170927
2024-06-11,3.903752326965332,1.1337132121980176e-08,0.006622468715025143,-0.015452564648055223,-0.015452564648055223,-0.17653652100369044
2024-06-12,3.85998797416687,-3.800173631329784e-08,-3.800173631329784e-08,-0.017937239791348203,-0.011210842577321745,-0.05318963058302728
2024-06-13,3.894999742507935,1.4678522819444595e-07,0.009070434564921515,-0.0022673710965153138,0.009070434564921515,-0.46748169419950614
2024-06-14,3.9212584495544434,2.4749554849989863e-08,0.008988780829886966,-0.004494353290611208,0.006741645387016382,0.31563411280311726
2024-06-17,3.877494096755981,-3.632301537326299e-08,-3.632301537326299e-08,-0.013392880149960762,-0.011160792730567137,-0.210281435728362
2024-06-18,3.886246681213379,-1.0924742388507269e-07,0.004514558815005287,-0.006772057521979069,0.0022572786028791647,-0.2373247519317303
2024-06-19,3.9212584495544434,1.4557045679985947e-07,0.01126134388843325,-0.0022521585306009007,0.00900914718314616,0.3775025806050323
2024-06-20,3.9300105571746826,-1.2324421394538376e-07,0.004464157643393696,-0.004464404131821698,0.002231963981163654,-0.38442051096859586
2024-06-21,3.912505388259888,1.0996456878409333e-07,0.004454555617699363,-0.006681346115467446,-0.0044542294887317535,0.1873194565866605
2024-06-24,3.9300105571746826,0.0022370775637532425,0.006711345945400682,-0.002237190817894086,0.004474158417090424,0.13139424837734737
2024-06-25,3.956269264221192,2.5184265117772497e-08,0.008908809535406625,-0.0022270912536547227,0.006681586897666403,0.3099259187582035
2024-06-26,3.9825284481048575,-0.0022121902679177463,0.013274470183513909,-0.0022121902679177463,0.006637360131460879,-0.09405984690159386
2024-06-27,4.035045146942139,-2.6649905948694652e-08,0.017582372958992565,-0.0021978790007021187,0.013186773056768075,0.20305517871122092
2024-06-28,4.043797492980957,-6.086023895957027e-08,0.00433832940658796,-0.004338451127066101,0.002169082555482982,-0.3321289954625861
2024-07-01,4.087562084197998,9.322295180247409e-08,0.01731609606830742,-0.0043289074883871015,0.010822646607058228,0.18662950259506061
2024-07-02,4.166337013244629,-1.1752358530792151e-07,0.01927186117885893,-0.0021414938711653564,0.01927186117885893,0.13906195182011416
2024-07-03,4.122572898864746,2.297572310183682e-08,0.0063024877273907265,-0.018907571631021303,-0.01050421851155059,-0.0407391264550796
2024-07-04,4.148831367492676,6.66352477640686e-08,0.00849262803534745,-0.002123124334435955,0.00636943706566373,-0.3885598448885723
2024-07-05,4.148831367492676,0.0,0.0,0.0,0.0,-18.800876131808895
2024-07-08,4.105067253112793,-0.021097103316485732,-0.00632913504506305,-0.025316508451384556,-0.010548540179961874,19.084444020125243
2024-07-09,4.148831367492676,7.764199771997937e-08,0.01279324325095832,-0.006396555998003928,0.010660998147276946,-0.10099428766086405
2024-07-10,4.157584190368652,-4.48998117574817e-08,0.00843886624484802,-0.002109697237059005,0.002109708035992419,-0.24365486459172558
2024-07-11,4.1138200759887695,2.3500260182274246e-08,0.0021053348932800198,-0.01684206609680783,-0.01052633269129355,0.45001972044656213
2024-07-12,4.175089359283447,-0.00212773361347518,0.019148840002021883,-0.0042554417023777935,0.014893525278922626,-0.04000456912925543
2024-07-15,4.245111465454102,-6.840326260970642e-08,0.02096427084036656,-0.00209645234469813,0.016771402991640816,0.05543927440347218
2024-07-16,4.2713704109191895,0.0041237873864647945,0.024742326470149623,-0.0020617251801657854,0.006185690453307968,0.4190516315206274
2024-07-17,4.286455631256104,0.001378256837146985,0.007838704082771653,-0.007235741281657826,0.0035317050233694136,-0.16543059303082686
2024-07-18,4.286455631256104,0.0,0.0021459719333229987,-0.01072955268989384,0.0,-0.39426113431017384
2024-07-19,4.295654773712158,1.2314257968881748e-07,0.0042919652121600205,-0.01287540306616275,0.002146095340162857,0.11416237986227529
2024-07-22,4.277257442474365,-0.004282776947155509,-1.2639643875989037e-07,-0.01498945437716881,-0.004282776947155509,-0.1699316215185327
2024-07-23,4.378439903259277,-0.002150608251935582,0.03440854640500657,-0.004301092472309254,0.023655920211895998,0.44370878221396737
2024-07-24,4.378439903259277,-0.0042017766390675115,0.0084033529263976,-0.0063025647827326114,0.0,-0.3340880616058577
2024-07-25,4.350844860076904,-0.002100806219795248,0.004201759081465584,-0.021008401947700928,-0.006302483028676864,-0.004147844799206268
2024-07-26,4.2588605880737305,-7.631151832665495e-08,-7.631151832665495e-08,-0.03171256749879714,-0.021141703499294118,0.18216820274400192
2024-07-29,4.360043048858643,0.004319729926478555,0.028077859414072703,-0.012958872250464992,0.02375810588124394,-0.05853591990360485
2024-07-30,4.387638092041016,0.002109670737865166,0.008438828711151869,-0.004219487235421648,0.006329075853871879,-0.3572069288047537
2024-07-31,4.286455631256104,0.0020965056117401293,0.0020965056117401293,-0.023060803708594757,-0.023060803708594757,0.41252146129382794
2024-08-01,4.314051151275635,2.7398663560163072e-08,0.017167394033315242,-0.012875497577325423,0.006437841049446114,-0.3150063842774209
2024-08-02,4.323249340057373,3.1609657114017864e-09,0.010660922872208989,-0.00639663000260815,0.0021321464348003083,-0.22900442370321272
2024-08-05,4.295654773712158,9.258294730862815e-08,0.00425540824035342,-0.012765854389270359,-0.006382830175797549,0.19003761493026872
2024-08-06,4.240464210510254,-0.00214142163422526,0.002141229264520206,-0.019272025229207346,-0.012847997827863278,0.06330764045781478
2024-08-07,4.249662399291992,3.1061528904530178e-09,0.010845927749303597,-0.004338387438185265,0.0021691466606272858,-0.2315839129794064
2024-08-08,4.249662399291992,0.0021645517596426966,0.006493552067419417,-0.0021644485481341347,0.0,-0.6586781890638953
2024-08-09,4.2588605880737305,-9.989584892622361e-08,0.006493451522891602,-0.004329099771176348,0.0021644516475640696,0.26873366362433515
2024-08-12,4.286455631256104,1.8778756771808958e-08,0.010799092990588566,-0.002159857856761538,0.006479442708138716,0.0665289193693468
2024-08-13,4.323249340057373,-0.0021458391136971455,0.012875555576317144,-0.00429181111260013,0.008583713904087853,0.37314985499999764
2024-08-14,4.341646194458008,1.508557945228972e-08,0.006383038804385066,-0.002127591850875743,0.004255330413209579,-0.4533143797141648
2024-08-15,4.369241714477539,2.676428678682896e-08,0.008474696581834529,-0.0021185649214785496,0.006356003871240468,0.3091820491241748
2024-08-16,4.424431800842285,-6.388574158577853e-08,0.01473681341728228,-0.002105375094786477,0.0126315022082375,0.17137983254397682
2024-08-19,4.525614261627197,-2.1050532650335185e-08,0.02494797987681796,-0.0041580212050911225,0.022869029366810345,0.23005061526086124
2024-08-20,4.562408447265625,0.0020326037408457953,0.010162678248095913,-0.008129940934150426,0.00813020808034981,-0.05591392967713915
2024-08-21,4.553208827972412,-0.0020163953752817543,0.0020158579230129536,-0.018145408568460697,-0.0020163953752817543,-0.26099959537663864
2024-08-22,4.663590431213379,9.554207203166243e-08,0.028282996975044217,-0.0020200566569963385,0.024242596246155657,0.4233939031131797
2024-08-23,4.672789096832275,1.0503198244471434e-07,0.003944874726259817,-0.01380663592335274,0.0019724428537570837,-0.34217643571562206
2024-08-26,4.672789096832275,-0.003937004178520387,0.0,-0.015748016714081214,0.0,-0.10333418256287175
2024-08-27,4.7555742263793945,-0.001968590657867031,0.017716427562125547,-0.0039371394126519466,0.017716427562125547,0.311587905612587
2024-08-28,4.709582328796387,-0.0019342185545090373,0.005802718337970525,-0.01740809233946805,-0.0096711554469886,0.09577249764335605
2024-08-29,4.516415596008301,-0.001953127590321291,-5.107519440716857e-08,-0.04492192851017318,-0.041015682347664395,0.3643361597022228
2024-08-30,4.406035423278809,1.2588728992568576e-07,0.01018346572091633,-0.024439773174782298,-0.024439773174782298,0.23989472039033188
2024-09-02,4.507217884063721,-0.004175384528978143,0.029227505861314507,-0.012526107126551111,0.022964513687367516,-0.3589832912345905
2024-09-03,4.378439903259277,-0.004081731559320012,-1.0329987842894184e-07,-0.03877562042142024,-0.02857150111596929,-0.08042667614611432
2024-09-04,4.360043048858643,-0.004201691654358464,0.008403438986869904,-0.010504156799095332,-0.004201691654358464,-0.4587642689648632
2024-09-05,4.3324480056762695,-1.807378979812313e-08,0.006329140304851766,-0.018987292012595525,-0.006329075853871879,0.10045034737301606
2024-09-06,4.341646194458008,3.115515179175077e-09,0.019108315671643172,3.115515179175077e-09,0.002123092711023178,-0.4334559407988827
2024-09-09,4.304852485656738,0.004237253854466605,0.004237253854466605,-0.021186451072901957,-0.008474598609217732,0.18554427195665468
2024-09-10,4.415233612060547,0.004273490356382359,0.027777793017503605,0.002136791144435657,0.02564109380555668,0.38254103891793534
2024-09-11,4.2588605880737305,-0.004166686594828772,-0.002083405051985232,-0.03750008534993854,-0.03541670446602685,0.008469898392743147
2024-09-12,4.2588605880737305,-0.002159876594958421,0.006479423807706386,-0.010799176997623117,0.0,-0.3706520368076056
2024-09-13,4.212868690490723,0.004319719744428463,0.008639370244871047,-0.01727853275778224,-0.010799108501414856,0.08487699858777376
2024-09-18,4.277257442474365,0.00436675418161836,0.01746717788377583,0.002183402287715186,0.015283825989872657,-0.21537987399993952
2024-09-19,4.240464210510254,0.0021505657061600125,0.006451637134466726,-0.015053720007067062,-0.00860206159179111,0.23800083926184712
2024-09-20,4.268058776855469,-0.0021693402686648877,0.008676686762208563,-0.008676873738885482,0.006507439981882079,0.08056391807003394
2024-09-23,4.314051151275635,-0.0021550762534993106,0.015086287849541025,-0.008620639175457412,0.010775946823780913,-0.23205003885428965
2024-09-24,4.507217884063721,0.006396582960981112,0.04477618044259124,0.0021321945375845086,0.04477618044259124,0.7180084381250502
2024-09-25,4.507217884063721,0.01632651472429325,0.03877552112704841,-0.01632651472429325,0.0,0.13339077129827714
2024-09-26,4.590002536773682,-1.4858954522356527e-07,0.020407991783384816,-0.006122639358268844,0.01836712908924687,-0.032401407115969505
2024-09-27,4.4796223640441895,0.008016244016683993,0.01202425690197928,-0.03206398039483316,-0.024047954624242696,0.04019695515821908
2024-09-30,4.599201679229736,-0.0020533447405702843,0.045174586008067896,-0.02464064151074752,0.02669406156763432,0.9630543854527289
2024-10-08,4.571606159210205,0.06000001102932395,0.07999999144418446,-0.01600000991457473,-0.006000067390859232,0.0368718003428512
2024-10-09,4.424431800842285,-0.004024152176335782,0.002012107530751761,-0.034205162882494755,-0.032193140275527554,-0.3695920120413696
2024-10-10,4.608399868011475,0.006236993938254942,0.06029099407754046,0.004157944365627886,0.04158004359659628,-0.02066090935519327
2024-10-11,4.617598533630371,0.003992118776354969,0.02594813940567975,-0.011976026013721941,0.0019960649861892055,-0.5234544563070287
2024-10-14,4.7279791831970215,0.009960178805301645,0.03187246069184613,0.00796810136789916,0.023904340917197286,0.18323640471980696
2024-10-15,4.617598533630371,-0.003891028638806193,-0.001945458731088534,-0.025291741004425883,-0.023346263866587447,-0.39363650436897757
2024-10-16,4.691185474395752,0.001992031132747707,0.02390431240920088,-0.005976183407527036,0.015936192856403686,0.06518363226125246
2024-10-17,4.645194053649902,7.13426899778824e-08,0.007843201824006218,-0.009803795010209782,-0.009803795010209782,-0.4243376581156113
2024-10-18,4.645194053649902,0.0019801488449493476,0.007920784226189692,-0.021782203833619507,0.0,0.42665060247505693
2024-10-21,4.553208827972412,-1.8395684209249197e-07,-1.8395684209249197e-07,-0.023762626687342303,-0.019802235302788684,-0.025608167411856897
2024-10-22,4.544011116027832,1.0167301267571816e-07,0.010101151722539115,-0.006060451292101088,-0.0020200505384410095,-0.3324452738073589
2024-10-23,4.562408447265625,0.002024360506905021,0.004048698554653951,-0.0040484605848390975,0.004048698554653951,-0.16964475790584999
2024-10-24,4.553208827972412,-0.004032473956178229,0.0060481112213075505,-0.008064727254473048,-0.0020163953752817543,-0.24057095045536414
2024-10-25,4.516415596008301,-0.0020200766440304774,7.551457947840845e-08,-0.010100877939969388,-0.008080725781359765,0.22430046996398545
2024-10-28,4.488820552825928,-1.796486648331097e-08,-1.796486648331097e-08,-0.012219965738036853,-0.00610994329369563,-0.027738069561923595
2024-10-29,4.507217884063721,1.206219641947115e-07,0.008196834912919337,-0.004098236523513377,0.004098477767441766,-0.009335468861753071
2024-10-30,4.442829132080078,-0.002040810979447416,0.002040817914378046,-0.01428569766092369,-0.01428569766092369,-0.03298334079619991
2024-10-31,4.433630466461182,0.0020703301483533387,0.006211112557063858,-0.004140892826732467,-0.0020704522603572917,0.06332658606325836
2024-11-01,4.488820552825928,0.002074574822226838,0.016597430590976847,-6.232824534269099e-08,0.012448057361171383,0.1285950929867674
2024-11-04,4.498019218444824,0.002049238883720994,0.004098466289305325,-0.014344189510791638,0.002049238883720994,-0.27541070362870457
2024-11-05,4.516415596008301,-0.0020450301635245305,0.004089884162352897,-0.006135005551678008,0.004089884162352897,0.21978034062211194
2024-11-06,4.498019218444824,9.122580890696952e-08,9.122580890696952e-08,-0.00814654151250771,-0.0040732251433494016,-0.1824799883053494
2024-11-07,4.525614261627197,-0.0020450186169453932,0.008179871215389989,-0.0040900550910362155,0.00613493225400541,0.2749162283471094
2024-11-08,4.470424652099609,0.002032639084187604,0.0040652062417585455,-0.014227510503835084,-0.01219494334626392,0.22989701204726032
2024-11-11,4.424431800842285,-0.004115369485798048,-0.004115369485798048,-0.01234581286900438,-0.010288251080514899,-0.09032814944200851
2024-11-12,4.406035423278809,9.326651295715749e-08,0.00831609452629034,-0.004157907363375846,-0.004157907363375846,-0.24905978360368053
2024-11-13,4.433630466461182,-8.152389818771866e-08,0.008350640586880509,-0.0020877122773629297,0.006263009833415767,-0.23304247370554876
2024-11-14,4.452027320861816,-0.0041493587955589994,0.00829876185338807,-0.008298732345207838,0.004149388303738899,0.4666424320505307
2024-11-15,4.470424652099609,-0.002066041880080416,0.012396804802847106,-0.01033049755030091,0.0041323491326266115,0.19099755121326822
2024-11-18,4.599201679229736,0.004115110650024123,0.03497932352405164,0.004115110650024123,0.02880644170339486,0.48205869307284743
2024-11-19,4.580804824829102,0.0020000315084078846,0.010000023765097676,-0.01800004450074666,-0.004000010367824491,-0.5414638978144808
2024-11-20,4.562408447265625,9.016004631767771e-08,0.004016150933763729,-0.008032031387388394,-0.004015970613671094,-0.40579464325112014
2024-11-21,4.562408447265625,-0.0020161751622832513,0.004032254188043538,-0.004032254188043316,0.0,-0.47171211548662484
2024-11-22,4.516415596008301,-1.4514332080661774e-07,0.004032108459467887,-0.010080827218547084,-0.010080827218547084,0.40144579132410385
2024-11-25,4.516415596008301,0.002036706556540313,0.012219947992700098,-0.002036609441026349,0.0,0.08134267985336407
2024-11-26,4.590002536773682,-4.5932464831643927e-08,0.01832992377240128,-0.0061099710904140014,0.01629321730941191,0.14054413903640395
2024-11-27,4.635994911193848,-0.002003918058789411,0.012024173665247107,-0.002003918058789411,0.010020119608145972,0.15496242333273358
2024-11-28,4.626796722412109,-0.003968253268577304,0.003968247134816805,-0.007936503470274192,-0.00198408086245494,-0.49656076789070624
2024-11-29,4.608399868011475,0.0019880076988825213,0.013916425076412775,-0.003976153590565357,-0.003976153590565357,0.35965504955614946
2024-12-02,4.608399868011475,0.0,0.0019959584007662734,-0.009980077535050924,0.0,-0.17706100479191988
2024-12-03,4.681987285614014,5.717685902517644e-08,0.01796406451917365,-0.003992050207076048,0.015968106004284666,0.3162377765680269
2024-12-04,4.700384140014648,-0.0019646674633545524,0.005893871085661084,-0.005893936737862093,0.0039292832889916696,-0.33182102189958584
2024-12-05,4.672789096832275,-0.003913813898514973,0.007827858474361848,-0.005870805951253,-0.005870805951253,-0.16045121210954605
2024-12-06,4.691185474395752,-8.795986894405416e-08,0.011810923536796691,-0.001968542943192153,0.0039369158723530084,0.4638841196239092
2024-12-09,4.737177848815918,3.8769849108888366e-08,0.01372556341381781,-0.0058822621507894635,0.0098039983008964,-0.06920126228975221
2024-12-10,4.792368412017822,0.007767023812856433,0.017475706338993202,-0.0038834507723524148,0.011650515341259382,0.061976878117867784
2024-12-11,4.718780517578125,-1.5560416954940592e-07,0.007677379009264573,-0.015355224831037795,-0.015355224831037795,-0.15120329478779126
2024-12-12,4.783169269561768,0.0019493146396400984,0.015594572585673427,-0.0019493172091243904,0.013645210185933676,-0.03799683741091897
2024-12-13,4.764772891998291,-0.0019229433329953638,0.00384623679312579,-0.011538365809149909,-0.0038460645080122813,0.1936905033506271
2024-12-16,4.83836030960083,0.0019305090292518479,0.02316605595608512,0.0019305090292518479,0.015444055628783149,0.046861376511341035
2024-12-17,4.856757164001465,0.001901106970774613,0.011406846368747559,-0.00190117065772466,0.003802291111749012,-0.24989299709139345
2024-12-18,4.856757164001465,0.0,0.011363625074878092,-0.005681857692471426,0.0,0.10545985006485736
2024-12-19,4.810764312744141,-0.0018941194009742812,0.0037877375131227797,-0.01515172532716591,-0.009469868413069071,-0.011048448365560404
2024-12-20,4.83836030960083,0.0019121222177751473,0.015296477868213199,0.0019121222177751473,0.005736301980869385,-0.184029022111865
2024-12-23,4.930344104766846,-3.030474227116997e-08,0.02661591192929391,-0.001901214362467596,0.019011357005283447,0.44177766205745783
2024-12-24,4.994732856750488,0.003731382242628367,0.014925401614288791,-0.0037312973384786563,0.01305968723793316,-0.20854603400662342
2024-12-25,5.068320274353027,-3.503497103540809e-08,0.029465954597042154,-0.0018416099908578065,0.01473300368869257,0.23047913551378585
2024-12-26,5.059122085571289,8.396173489799708e-08,0.0036298447194411665,-0.021778567124824177,-0.001814839687279357,-0.11499747578568531
2024-12-27,5.040724754333496,-0.0018183306030433721,0.007272612190880823,-0.025454625811465736,-0.003636467143234734,-0.11530111804628262
2024-12-30,5.08671760559082,-0.0036495019164721754,0.010949026155740782,-0.005474361432544317,0.009124253653759684,-0.05623872985815126
2024-12-31,5.068320274353027,-0.001808466089673777,0.010849790969401196,-0.005425098645506443,-0.0036167392539291354,0.2014436989132804
2025-01-02,4.939542293548584,-4.601127256975701e-09,0.00907435321932537,-0.03266793506763921,-0.025408414195151052,0.09362938245097396
2025-01-03,4.921145439147949,-1.3409596322233597e-08,0.005586617883774014,-0.020484120960139074,-0.0037244046730123825,-0.151450844989391
2025-01-06,4.957939147949219,2.6719678247744127e-08,0.011214969794867136,-0.02616817378909564,0.007476655436470914,-0.006997692621414586
2025-01-07,5.022328853607178,1.4456616326263827e-07,0.01669776382928756,-0.009276241772334548,0.012987191600484449,-0.20712875660647256
2025-01-08,5.077517986297607,-2.444605217144513e-07,0.018314751782679384,-0.005494786999877488,0.010988753285398944,0.19430179881937093
2025-01-09,5.022328853607178,-0.0018113052719865852,2.4446058155547234e-07,-0.019927320899054024,-0.010869313085520416,-0.3162231548337857
2025-01-10,5.013129234313965,0.001831255699046963,0.003662799070571765,-0.01648374135222741,-0.0018317437112078672,-0.0016870204123762278
2025-01-13,4.921145439147949,-0.007339413958066476,2.905387264107162e-08,-0.027522838494368318,-0.018348578475975263,0.12344116583821574
2025-01-14,4.994732856750488,0.0018692548383261176,0.016822512665571,5.304569694608574e-08,0.014953310872941827,-0.16350221562400336
2025-01-15,5.013129234313965,-8.209956448013145e-08,0.02209943103816947,-0.0036833196533018198,0.0036831554541727485,0.217635003046869
2025-01-16,5.040724754333496,0.0036697451473055587,0.00917437112310604,-0.005504514821612849,0.005504649636926429,-0.418144228963957
2025-01-17,5.013129234313965,-2.3661125392315796e-08,0.005474467031227448,-0.007299286574877217,-0.0054745143534781215,-0.021545343763431646
2025-01-20,4.9763360023498535,0.001834973558009434,0.003669790637729875,-0.009174191399510256,-0.007339374319789815,0.038799921170920015
2025-01-21,4.9763360023498535,0.0018484711948041355,0.0055453254444544076,-0.009242091554147236,0.0,-0.08127110784311853
2025-01-22,4.88435173034668,0.0018484040172765948,0.0018484040172765948,-0.020332719993302217,-0.018484337062396605,0.3632219853109504
2025-01-23,5.026293754577637,0.009789695601655657,0.030987597546210388,0.00593553996540197,0.029060565673242778,0.34510060966344014
2025-01-24,4.998055458068848,-9.893247154835194e-08,0.003745215370220434,-0.014981356143240476,-0.005618115034178306,-0.5633997709040806
2025-01-27,5.129830837249756,0.0018832881471440022,0.03389827916062638,0.0018832881471440022,0.026365329533943216,0.5019097875026794
2025-02-05,5.007468223571777,0.0018349018253080995,0.0036697187736531856,-0.025688052344344015,-0.023853147902939575,-0.07007939248018147
2025-02-06,4.988643169403076,0.0018796517319252803,0.007518788727217229,-0.009398532627616696,-0.003759395632324858,-0.27744428390576914
2025-02-07,4.969818115234375,-8.522185179771213e-10,-8.522185179771213e-10,-0.011320834325103002,-0.003773582020089372,0.20951024407785823
2025-02-10,4.960405826568604,-0.0018938899669020959,0.005681860786625803,-0.005681765343666378,-0.0018938899669020959,-0.273665785207033
2025-02-11,5.063943386077881,0.0018974877977349092,0.020872800155728344,-8.867877743234942e-08,0.020872800155728344,0.30454143057853855
2025-02-12,5.082768440246582,8.208895785344339e-10,0.007434937816243048,-0.009293714739022407,0.0037174693185662022,-0.3199440143000096
2025-02-13,5.0921807289123535,-0.003703702439869394,0.007407397852604802,-0.005555596640202887,0.001851803554779874,-0.018751022912489645
2025-02-14,5.0921807289123535,0.0,0.003696854249650494,-0.009242091554147125,0.0,0.015986694433664184
2025-02-17,5.120418548583984,0.001848475168184427,0.00739371249467391,-0.009242087624752537,0.005545329432496748,0.00698620333923472
2025-02-18,5.23336935043335,-0.0036763715501793026,0.025735367616077864,-0.0036763715501793026,0.022058900220295552,0.4974546992876512
2025-02-19,5.205131530761719,-0.005395724585976813,0.007194147585521504,-0.008992843172415221,-0.005395724585976813,-0.36263194432952517
2025-02-20,5.22395658493042,-0.0018083588185714428,0.009041540014915528,-0.0036166321771538,0.0036166337118375136,-0.17308952957960244
2025-02-21,5.139244079589844,8.656086203373548e-08,0.0018018437800704223,-0.018018001130880035,-0.01621615799506204,0.5197291033917466
2025-02-24,5.0921807289123535,-9.75524835356012e-08,0.007325902021045216,-0.012820640472560818,-0.009157640685796387,-0.030942437369745335
2025-02-25,5.04511833190918,0.001848471890560921,0.005545326142778473,-0.014787416314398283,-0.009242090866092623,0.060161016971399306
2025-02-26,5.0921807289123535,-0.0018657149903295034,0.011194018194204292,-0.0037313403240319953,0.0093283038983476,-0.3575740073306477
2025-02-27,5.111005783081055,-0.0018483822344071976,0.007393709327336628,-0.0129389449924745,0.0036968550746474538,0.2151611876591879
2025-02-28,5.082768440246582,-0.0018415735027862423,0.007366477243878844,-0.00552481136451588,-0.00552481136451588,-0.06827901756359012
2025-03-03,5.101593017578125,0.0018517130764728051,0.007407306872566188,-0.0148148917054719,0.003703607109559748,0.1701511734438519
2025-03-04,5.063943386077881,-0.0018449689902049204,0.0036901255007641964,-0.009225036326601765,-0.007379975503831404,-0.4814283488287856
2025-03-05,5.148655891418457,9.263543265802809e-10,0.020446033350012716,-0.003717467571714428,0.01672856485194396,0.5185587475402542
2025-03-06,5.120418548583984,-0.0018281067895470349,1.5182064494467795e-09,-0.012797018155543904,-0.005484410578212695,-0.4013299770873182
2025-03-07,5.0921807289123535,-3.966049155756934e-09,0.003676463062778801,-0.005514748336235109,-0.005514748336235109,-0.21921351040048265
2025-03-10,5.054530620574951,-1.6622843101998797e-09,0.001848469529447172,-0.011090564392799873,-0.0073937101492946855,0.1612696657043422
2025-03-11,5.073355674743652,-0.0018621504257599897,0.0037243921506919797,-0.005586541742225726,0.0037243921506919797,0.027077499282647466
2025-03-12,5.016880035400391,-0.003710668898351699,-0.001855338999678935,-0.011131811559045746,-0.011131811559045746,-0.11814472239500873
2025-03-13,5.016880035400391,0.0,0.005628557267875145,-0.001876126114036425,0.0,0.006880665708081324
2025-03-14,5.04511833190918,0.0018763148533802454,0.009380998978934851,-0.0018760272093972796,0.005628656916157437,0.2661870091952956
2025-03-17,5.054530620574951,-2.3567572338123455e-09,0.00559696259720055,-0.0037313419801137115,0.0018656229738440722,-0.23489085657985953
2025-03-18,5.054530620574951,0.0018622400549259677,0.003724391313358888,-0.005586542571791475,0.0,-0.034257466864382025
2025-03-19,5.111005783081055,0.0018622425437948564,0.013035416511627984,-0.001862148778815964,0.011173176452075717,0.30833127809721006
2025-03-20,5.101593017578125,-9.113302690266778e-08,0.005524809055325042,-0.009208141026534555,-0.0018416659856047568,-0.4157989198345362
2025-03-21,5.04511833190918,-0.001844969815694486,0.0036901246706968482,-0.012915070811134965,-0.011070009989890495,0.19668390660804036
2025-03-24,5.082768440246582,1.6479051456741445e-09,0.013059645900875605,1.6479051456741445e-09,0.007462680924503751,0.04738137111355201
2025-03-25,5.158068656921387,3.223639133409506e-09,0.014814803696064471,-0.0018518909870017808,0.014814803696064471,0.07945636758527641
2025-03-26,5.158068656921387,-0.0018248592786549445,0.0036496315432303916,-0.009124122365115728,0.0,-0.3439731947999256
2025-03-27,5.205131530761719,-0.00182485462888482,0.009124127065889276,-0.0072992584621917045,0.009124127065889276,0.2791251208852543
2025-03-28,5.176893711090088,-3.867014042313599e-09,-3.867014042313599e-09,-0.007233355949814335,-0.005424996372281554,-0.2924939676937939
2025-03-31,5.271018981933594,0.0072727242365775435,0.025454525149253726,-0.007272716493563314,0.018181804784183297,0.8768500202487353
2025-04-01,5.195718288421631,-9.486099672439963e-08,0.005357085044967569,-0.01785721929840134,-0.014285794410920483,-0.35982337218685956
2025-04-02,5.261606693267822,-0.0036230881728720465,0.01630447425106496,-0.0036230881728720465,0.012681288936126522,-0.28139727918761537
2025-04-03,5.327494144439697,-0.0071556280667928185,0.01252230640047225,-0.0071556280667928185,0.01252230640047225,0.050949650020736925
2025-04-07,5.120418548583984,-0.014134270919472058,-0.0053003147963592845,-0.06537101424108727,-0.03886923011859855,1.001666295632731
2025-04-08,5.148655891418457,-0.007352935593860854,0.00919112224941765,-0.011029402631688279,0.005514655211590336,-0.17940492152827403
2025-04-09,5.0921807289123535,-0.0036563062220072995,0.003656301326321554,-0.01645332584500392,-0.010968913770336375,-0.1470278381364487
2025-04-10,5.063943386077881,0.003696855776763819,0.003696855776763819,-0.009242090046720497,-0.00554523579144528,-0.10460152198979955
2025-04-11,5.101593017578125,0.0018585979283469722,0.007434844473923841,-0.0037175599857975916,0.007434844473923841,-0.320083819859466
2025-04-14,5.158068656921387,9.587709492997476e-08,0.014760230609586644,-0.0036899378060282206,0.011070196926463716,0.07687374207614539
2025-04-15,5.252193927764893,-0.001824855386207469,0.021897793244337826,-0.001824855386207469,0.018248161686875486,0.039791500841541705
2025-04-16,5.327494144439697,3.020439454104462e-09,0.014336907149742117,-0.005376293300704438,0.014336907149742117,0.19904014160858452
2025-04-17,5.327494144439697,-0.0017667406915653494,0.0,-0.015901003211489906,0.0,-0.5325869854016645
2025-04-18,5.346319675445557,-0.0035334760161411793,0.010600787774900367,-0.0035334760161411793,0.0035336558793794826,0.0005099101527576977
2025-04-21,5.299256801605225,-8.841115195501459e-08,0.02464785792269719,-0.010563458004144821,-0.008802854430213225,0.33209677783687397
2025-04-22,5.393381595611572,0.0035523093460634314,0.02309051928472683,0.001776069944477543,0.01776188577572535,-0.06702108037082155
2025-04-23,5.374556541442871,0.0017451563878145837,0.006980795075005375,-0.00872603776891323,-0.0034903990817224395,-0.30750574301244527
2025-04-24,5.487506866455078,6.070929314816453e-09,0.022767101405717804,6.070929314816453e-09,0.021015747837287435,0.3982265140496608
2025-04-25,5.440979957580566,0.007287569795039861,0.009039414359870879,-0.013734063787654183,-0.008478697158254,0.10631860934890014
2025-04-28,5.489045143127441,0.0017667897017286105,0.014134226848218523,-3.5174539725346676e-08,0.008833920713107624,-0.25955676156425866
2025-04-29,5.479432106018066,0.0017513105672972706,0.005253934315432973,-0.007005207048472961,-0.0017513131808382099,-0.3694824191481949
2025-04-30,5.31601095199585,-0.0035087451375314105,2.364644857699716e-08,-0.033333237973539265,-0.029824469189559055,0.7460548964971956
2025-05-06,5.277558326721191,0.0036166241495172446,0.0036166241495172446,-0.014466626627997137,-0.007233360807923361,-0.22026931678576034
2025-05-07,5.402527809143066,0.005464493671700321,0.02550094818801285,-0.0036430093417831877,0.023679412843081726,0.25032218824711805
2025-05-08,5.383302211761475,-0.0035586299711507507,0.007117517565109255,-0.005337945470621386,-0.0035586299711507507,-0.5972601396720165
2025-05-09,5.431366920471191,-1.240538960445292e-07,0.016071330045338783,-0.001785793870764718,0.00892848047889716,0.1627125365644666
2025-05-12,5.412140846252441,-2.824039335713735e-09,0.003539816739225987,-0.01415928107710085,-0.0035398223873046586,0.1624371088071257
2025-05-13,5.450592994689941,5.6281559412951765e-09,0.010657188913699933,-0.008881022791012438,0.007104794485185195,-0.11338053456200825
2025-05-14,5.460206031799316,-0.003527290232500091,0.008818335326264082,-0.007054623834756413,0.0017636681217512162,0.025034314721523288
2025-05-15,5.450592994689941,0.0017605602834773748,0.008802806995998447,-0.0035211667260151014,-0.0017605630727833832,-0.18202073530290974
2025-05-16,5.412140846252441,-5.6281559412951765e-09,0.0035273278012686315,-0.014109339345853567,-0.007054672487004754,0.28364133761784416
2025-05-19,5.392914772033691,-2.844175117644454e-09,0.0053285464055696785,-0.0035523972425925976,-0.0035523972425925976,-0.48088933687662916
2025-05-20,5.392914772033691,0.0017824869530640441,0.007130117807674585,-0.00534763085461043,0.0,0.0002829605742178387
2025-05-21,5.402527809143066,4.384785357025578e-08,0.0071301619681682915,-0.005347587241238849,0.001782530879075983,0.057375250768465946
2025-05-22,5.412140846252441,-4.1003676676254486e-08,0.005338074510403246,-0.005338071671288969,0.0017793591165058409,-0.14270250919146577
2025-05-23,5.35446310043335,0.0017762354596457808,0.0017762354596457808,-0.010657103622687458,-0.010657103622687458,0.27322314649833856
2025-05-26,5.2967848777771,-7.811224111975434e-09,0.0017952797396529885,-0.012567363099780793,-0.01077198994079942,0.051326885485469376
2025-05-27,5.344850063323975,0.0018148864480727056,0.012704168344861433,0.0018148864480727056,0.009074407712598376,-0.20593637749188787
2025-05-28,5.31601095199585,0.0017985554717256935,0.003597071960899312,-0.007194284260370276,-0.0053956820091207724,-0.24773100011856286
2025-05-29,5.2967848777771,-2.6225749349961802e-09,0.001808270729877437,-0.007233354714376694,-0.00361663555481051,0.1950361617157128
2025-05-30,5.306397914886475,4.450543467093837e-08,0.007259565734412998,-0.0036298026493737368,0.0018148815425196307,0.2901907099252057
2025-06-03,5.306397914886475,-0.005434820636233795,0.003623184962974646,-0.012681190562183309,0.0,0.4948053102512091
2025-06-04,5.287171840667725,-0.0018115517602739217,-2.4750420601904466e-09,-0.005434823097824504,-0.0036231874290493238,-0.6880770271096139
2025-06-05,5.258332252502441,-5.084211907036007e-08,0.0018181724984995817,-0.007272770809272688,-0.0054546341663147535,0.4551740090824339
2025-06-06,5.239106178283691,-2.69340827419029e-09,0.0036563010798582596,-0.007312610239941675,-0.003656306466674919,0.016352212474249228
2025-06-09,5.219880104064941,-0.0018348196614161871,0.0018349017279770674,-0.007339445492035468,-0.0036697241026423244,-0.05312088668899051
2025-06-10,5.239106178283691,-0.0018415723121533167,0.01104971631161833,-0.0036832351528739427,0.0036832405793723044,0.37358435952926783
2025-06-11,5.219880104064941,-0.0018348196614161871,-2.7132491808856685e-09,-0.007339445492035468,-0.0036697241026423244,-0.37701738521062467
2025-06-12,5.219880104064941,0.0,0.001841662835723401,-0.005524812876535612,0.0,0.08210533382159468
2025-06-13,5.133363246917725,-0.001841539305284523,3.578101503975972e-08,-0.018416154158582554,-0.01657449125696253,1.0211316241615265
2025-06-16,5.171815395355225,-0.0037453094617442284,0.0074906346167082916,-0.013108640841460795,0.0074906346167082916,-0.4252029728358835
2025-06-17,5.162201881408691,-0.0037175175845506336,0.003717419038357317,-0.0037175175845506336,-0.0018588277445414914,-0.6477942587910626
2025-06-18,5.287171840667725,6.450979017635916e-08,0.02420865400655936,-0.0037243270438283016,0.02420865400655936,0.7312352787270413
2025-06-19,5.325623989105225,-0.001818218509815006,0.010909085491390913,-0.005454578696207357,0.007272725304998673,-0.29240311064270585
2025-06-20,5.3736891746521,-3.6584902107783535e-08,0.010830277674590993,-0.003610141338066697,0.009025268333852088,-0.09381731693634521
2025-06-23,5.440979957580566,-0.0017889862709161708,0.017889032776944314,-0.007155664455543387,0.012522269290505372,0.24796636135475225
2025-06-24,5.489045143127441,-0.001766775803961007,0.008833920713107624,-0.010600731691608356,0.008833920713107624,0.05030937060399765
2025-06-25,5.546723365783691,-0.005253969027544714,0.01751312635525437,-0.00875659266265727,0.01050787908502926,-0.065248627590627
2025-06-26,5.575562953948975,4.844242940116317e-08,0.008665593212321188,-0.0051992949476576955,0.005199391832516387,-0.36488772163205496
2025-06-27,5.383302211761475,-0.0017241183602147991,5.9078366865250587e-08,-0.03448274977351451,-0.03448274977351451,0.4391268061845288
2025-06-30,5.402527809143066,-0.0017857557593067286,0.00535709407984597,-0.008928605598459427,0.003571339045314481,-0.682274655977178
2025-07-01,5.431366920471191,-3.817963745156305e-08,0.01601422356135962,-0.003558753583584817,0.005338077349517523,0.14508016574267657
2025-07-02,5.431366920471191,0.0017698675886532733,0.007079639146524208,-0.0017699519846088307,0.0,-0.43102652536736485
2025-07-03,5.402527809143066,-0.0017699138725459918,0.003539857888050113,-0.008849553289367984,-0.005309733580956988,0.2128880373093338
2025-07-04,5.479432106018066,-0.0017793047439940146,0.017793588509663616,-0.0017793047439940146,0.014234872932046727,0.24213345868928116
2025-07-07,5.508271217346191,-3.7702199251477e-08,0.007017499435244545,-0.005263148727461475,0.005263156978704275,-0.45731586552231107
2025-07-08,5.489045143127441,-0.0017452433775505538,0.0034903953006550914,-0.006980798838102875,-0.0034904007918500346,-0.04147752271534699
2025-07-09,5.556336879730225,0.001751324239599894,0.019264526728442588,-0.0017512995563409017,0.012259279136560997,0.6623368269689998
2025-07-10,5.594789028167725,0.0017300658877783537,0.017301026056304014,5.034484162891317e-09,0.006920413443212148,-0.2205421435073518
2025-07-11,5.469819068908691,0.001718108401809193,0.01374562820662284,-0.022336849277042492,-0.022336849277042492,0.5878547402288952
2025-07-14,5.527497291564941,0.0017574339006991568,0.026362063613888598,0.0017574339006991568,0.010544813627218819,-0.3754758976452415
2025-07-15,5.479432106018066,0.003478292649794712,0.0069565503238864235,-0.008695650673628208,-0.008695650673628208,-0.4967288578393756
2025-07-16,5.489045143127441,-4.0447796778586564e-08,0.005263154218656307,-0.00701757756597321,0.0017543856595680918,0.04945571106543056
2025-07-17,5.450592994689941,-5.549302461993477e-09,0.003502618037722449,-0.008756606271432155,-0.0070052527233528394,-0.22906764940503876
2025-07-18,5.469819068908691,2.7844040406677095e-09,0.008818294383018177,-0.005291039453375057,0.0035273362435024325,0.0369129703699258
2025-07-21,5.431366920471191,-5.5885205352268486e-09,0.0035149294929586183,-0.010544810832958551,-0.0070298757514792864,0.29363591954804846
2025-07-22,5.364076137542725,-0.001769830550717888,1.2164920426549486e-07,-0.017698978370186746,-0.012389290562352384,0.4676280275958895
2025-07-23,5.412140846252441,-0.0035843500485879254,0.017921003403569058,-0.0035843500485879254,0.008960482192509556,-0.024026271418382095
2025-07-24,5.344850063323975,0.0017762771243976516,0.005328671966492893,-0.012433302243983757,-0.012433302243983757,-0.09657710829736033
2025-07-25,5.31601095199585,-4.677952381015871e-08,0.0053956742121488155,-0.007194284260370276,-0.0053956820091207724,-0.32338512382138873
2025-07-28,5.31601095199585,0.0018082733571946896,0.007233265883440865,-0.0018083595845257427,0.0,-0.16659374206578548
2025-07-29,5.277558326721191,0.0036166241495172446,0.007233257059554132,-0.007233360807923361,-0.007233360807923361,0.14484441503640966
2025-07-30,5.31601095199585,8.76051964304736e-09,0.014572031452565026,-0.003642975198594578,0.007286063534336584,0.21421026343020344
2025-07-31,5.3352370262146,2.6036734990242394e-09,0.007233268505947299,-0.014466615428205376,0.003616635554810399,0.2014330250221974
2025-08-01,5.3352370262146,-0.0018018429798489777,0.0036036000430956783,-0.009009043066040445,0.0,-0.27923971726871955
2025-08-04,5.364076137542725,-0.0018017964659516883,0.014414447441922551,-0.0036035536131564516,0.005405403956080024,0.15349232695760406
2025-08-05,5.431366920471191,-0.001792191714590996,0.014336780692736584,-0.005376417300072545,0.012544710627335087,-0.022631960045437438
2025-08-06,5.440979957580566,4.3527960569278434e-08,0.005309730920995515,-0.005309728261033819,0.0017699111936524403,-0.2810597065724778
2025-08-07,5.498658180236816,7.882228869604546e-09,0.010600704855729282,-0.007067123433438183,0.010600704855729282,0.2241914296892631
2025-08-08,5.450592994689941,-0.0017482569846399842,0.0034964515142070773,-0.008741257225195476,-0.008741257225195476,-0.2659136077234976
2025-08-11,5.402527809143066,3.5375522289271544e-08,0.0017636601134183305,-0.01410929892071,-0.00881834060875597,0.10698622385305967
2025-08-12,5.440979957580566,5.348321341358542e-09,0.010676152024874375,-0.001779310007868351,0.0071174364660233636,-0.04800599883199652
2025-08-13,5.364076137542725,7.812124036554735e-08,0.005300469103710181,-0.014134185502870045,-0.014134185502870045,0.3416858113513541
2025-08-14,5.35446310043335,-4.4012881672550463e-08,0.007168407714613689,-0.003584269876629187,-0.0017921142174127658,-0.41429090398553825
2025-08-15,5.239106178283691,0.001795268213861112,0.001795268213861112,-0.026930017134517925,-0.02154406893574856,1.0282355593651111
2025-08-18,5.239106178283691,-0.0018348169531452463,0.0018349044462047104,-0.00917425975184516,0.0,-0.6032604187132407
2025-08-19,5.344850063323975,6.090723880802784e-08,0.02568819976034198,-0.0018347561576599336,0.0201835735795155,0.22732388890859667
2025-08-20,5.450592994689941,0.0017984857029218482,0.030575433622178405,-1.1642306652071e-07,0.019784078152457196,0.28392091961599775
2025-08-21,5.489045143127441,0.0017636302345964694,0.010582005955855678,-0.008818370171956857,0.007054672487004865,-0.3861235694539218
2025-08-22,5.479432106018066,4.04477984439211e-08,0.0017513105672972706,-0.012259184425245095,-0.0017513131808382099,-0.18765754253002953
2025-08-25,5.460206031799316,-0.001754345145418168,-2.627344675154575e-09,-0.010526308702718978,-0.0035087713191361836,-0.0403904135275468
2025-08-26,5.440979957580566,-0.0017605224206365122,0.003521120853741788,-0.0052816459202907895,-0.0035211261455667664,-0.3549534249778894
2025-08-27,5.3352370262146,-0.00176670922387967,3.1523379462328194e-08,-0.019434537930734685,-0.019434537930734685,0.25475198717490954
2025-08-28,5.31601095199585,-2.6036734990242394e-09,0.005405354488595249,-0.009009045646257263,-0.0036036026373866825,0.042263731658746195
2025-08-29,5.306397914886475,0.0018083153157899545,0.018083207348836394,-0.00361659121033564,-0.0018083177774051995,0.12945008610475384
2025-09-01,5.306397914886475,0.0018116356732589267,0.01086955488892416,-0.005434820636233795,0.0,0.0024831348551828114
2025-09-02,5.412140846252441,-1.1715455627836491e-07,0.019927440998971813,-0.003623301693058356,0.019927440998971813,0.2786206960501225
2025-09-03,5.3352370262146,7.78753810326549e-08,7.78753810326549e-08,-0.01953813524091319,-0.014209500865280056,-0.30215313763315876
2025-09-04,5.402527809143066,-0.005405479695336557,0.018017962679424793,-0.025225322159873054,0.01261251985578804,0.6743834016077237
2025-09-05,5.306397914886475,-0.0053379551420984495,-0.0053379551420984495,-0.021352218714014715,-0.017793502903197367,-0.5761115665077128
2025-09-08,5.258332252502441,-0.0036232380869578584,0.0018115822595066167,-0.010869607626551425,-0.009058058433422556,-0.1171545256627553
2025-09-09,5.267945766448975,4.834901368155897e-08,0.0073127434419624215,-0.0018280600443518757,0.0018282439155414831,-0.4878032309225766
2025-09-10,5.277558326721191,-4.5675227156039e-08,0.003649585701305469,-0.005474536247063955,0.0018247265060014062,0.10514018359489796
2025-09-11,5.287171840667725,-0.0018214004552045138,0.00910755185282408,-0.009107368660556947,0.0018215836474717584,0.6125676243599578
2025-09-12,5.267945766448975,-0.001818225921636163,0.005454581094811228,-0.0036363626524993364,-0.0036363626524993364,-0.3736430306333425
2025-09-15,5.248719692230225,-2.5113725543590704e-09,0.003649629022692169,-0.005474493319509555,-0.003649634045437389,-0.19097047836693548
2025-09-16,5.200654029846191,-5.3977605940502826e-08,0.0018314023291801096,-0.010989053816743422,-0.009157597509957704,0.3127227617480486
2025-09-17,5.191041469573975,0.0018485176123212987,0.003696900752806931,-0.009242045650476371,-0.001848336808611184,-0.2749035691820936
2025-09-18,5.094911098480225,0.0018517927496044528,0.0018517927496044528,-0.0203704075956731,-0.018518513415312632,0.33202523549050156
2025-09-19,5.08529806137085,-0.0018867919230705077,4.37296192590253e-08,-0.018867952920176956,-0.0018867919230705077,-0.053363537037117936
2025-09-22,5.00839376449585,-0.0037807249331447412,0.001890392215867509,-0.015122869091820479,-0.015122869091820479,-0.4886989496762233
2025-09-23,5.094911098480225,-0.0038388012914168934,0.026871340911663877,-0.009596998716215999,0.017274467234922763,0.8380272334979431
2025-09-24,5.075685024261475,-0.0018868382502998937,0.013207486393516321,-0.005660419411253947,-0.0037735838461411264,-0.3305940522572932
2025-09-25,5.037232398986816,-0.0018939917452199806,-9.09493380607529e-09,-0.013257616716747078,-0.007575849386015299,-0.2901176531754359
2025-09-26,5.037232398986816,-0.00190834971020315,0.005725231129532826,-0.007633580839735532,0.0,-0.307616043308208
2025-09-29,4.998780250549316,-5.543612013880761e-09,-5.543612013880761e-09,-0.015267167138448223,-0.007633586341030063,0.48492117744279284
2025-09-30,4.979554176330566,-0.0019230321084172664,0.001923118200050089,-0.007692303420846591,-0.003846153112379236,-0.41779908394836696
2025-10-09,5.0276198387146,5.6226368227996204e-08,0.009652603562886108,-0.00965239905663573,0.009652603562886108,0.3364602494278017
2025-10-10,5.0276198387146,-0.001912089645385362,0.009560265880022012,-0.0038240881173182695,0.0,-0.1099422819360214
2025-10-13,4.998780250549316,-0.0038241413354798137,0.0038240344905726698,-0.015296405074558317,-0.005736230878716664,0.2261791574984393
2025-10-14,5.075685024261475,-0.001923014699501735,0.017307737178266835,-0.007692286112561453,0.015384707840218947,0.24520515725839687
2025-10-15,5.075685024261475,0.0,0.005681767382406999,-0.007575840359983155,0.0,-0.2785091721585964
2025-10-16,5.171815395355225,1.3226293171797465e-08,0.022727263676647125,-0.0018939694662688522,0.01893938860158828,0.3329990019311566
2025-10-17,5.133363246917725,-5.231073352263138e-09,0.009293621641153882,-0.009293720734740107,-0.007434942181430815,-0.275249483587956
2025-10-20,5.152589321136475,-0.0037453120577619625,0.00936324468526828,-0.01872666008533974,0.0037453173083541458,0.074543848529661
2025-10-21,5.181427955627441,-0.0018657581084743358,0.007462635043525845,-0.005597097576844234,0.00559692082826535,-0.2417381961521592
2025-10-22,5.248719692230225,5.673120351268324e-08,0.01484234434274434,-0.0018551849867329828,0.012987102624808067,0.25071342704757527
2025-10-23,5.277558326721191,-4.316385460167993e-08,0.010988956794115046,-0.005494586809243862,0.005494413148726007,0.11572382028936445
2025-10-24,5.31601095199585,-0.003642975198594578,0.014572031452565026,-0.009107407709471382,0.007286063534336584,0.13320766829006914
2025-10-27,5.3736891746521,-0.0036166252146400124,0.01989144597518533,-0.012658250752725642,0.010849906664431419,0.021389614084505126
2025-10-28,5.383302211761475,4.385111185278845e-08,0.007155672208036368,-0.008944534245953095,0.0017889082894335662,-0.3867042508451739
2025-10-29,5.383302211761475,0.0,0.012500030866691603,-0.007142850452539706,0.0,0.276633410826264
2025-10-30,5.431366920471191,-1.240538960445292e-07,0.021428424645427935,-0.001785793870764718,0.00892848047889716,0.15765032849326843
2025-10-31,5.392914772033691,0.0017698619104067337,0.003539813884983145,-0.0283186464897498,-0.007079644774609317,0.05446873461091428
2025-11-03,5.460206031799316,-0.003565007246569496,0.017825347285374438,-0.003565007246569496,0.012477716153531881,-0.18130544330271547
2025-11-04,5.508271217346191,-3.507485446530012e-08,0.012323938749384977,-0.0017605547924869347,0.008802815363917027,0.0033356306892819987
2025-11-05,5.469819068908691,-0.0017452461376237238,0.0034903925261060564,-0.012216440247429738,-0.006980801583700069,-0.4969560041600829
2025-11-06,5.440979957580566,-0.0035148972950377333,0.0017574636553450151,-0.008787342048086622,-0.005272406813609409,-0.16314907518528443
2025-11-07,5.421753883361816,-2.6646778117367376e-09,0.010600694197018035,-0.005300308972100876,-0.003533568285243094,0.0573215771656308
2025-11-10,5.440979957580566,-0.0017730030636990968,0.005319188941003805,-0.007092189340024979,0.0035460986670292627,-0.24908705047909763
2025-11-11,5.460206031799316,-0.0017667380503276764,0.005300393228333533,-0.005300303689658281,0.003533568285243094,-0.0703856048704452
2025-11-12,5.537110805511475,0.0017606174860469448,0.024647962583756344,1.3732281312073269e-08,0.014084591911784683,0.902868633321777
2025-11-13,5.517884254455566,0.0017360620789010905,0.008680499583651802,-0.01736118245127627,-0.0034723074417746247,-0.27539541758065056
2025-11-14,5.594789028167725,1.3483121730217817e-08,0.024390318499305508,-0.0017421036907884213,0.013937366237803728,0.22994179035856988
2025-11-17,5.546723365783691,-5.095098865037784e-08,0.0017181193652031634,-0.022336838576920037,-0.008591148324278208,-0.2663325387529092
2025-11-18,5.556336879730225,-0.0051992974604470055,0.008665590664510336,-0.010398558196641483,0.0017331879224113944,-0.2335448295713789
2025-11-19,5.767823219299316,0.0017300049350588154,0.03806218811904727,-5.5812965360502176e-08,0.03806218811904727,0.8952400106885001
2025-11-20,5.998536109924316,-0.0016666745437722286,0.05500001927236653,-0.006666630190571454,0.03999999338624449,0.23991255176909476
2025-11-21,6.04660177230835,-0.001602477518713341,0.024038525814283673,-0.001602477518713341,0.008012898731160512,-0.060569565961074545
2025-11-24,5.93124532699585,-1.3828756029177214e-08,0.006359280534115941,-0.023847405593910742,-0.019077896917372383,-0.09353769326275696
2025-11-25,6.017762660980225,-0.0032415155295786313,0.019448899524131535,-0.01296597912402564,0.014586706368491464,-0.3532040821528568
2025-11-26,5.9120192527771,2.5307504092353383e-08,0.007987199961650093,-0.023961650999072215,-0.01757188080692773,-0.04835993909859937
2025-11-27,5.93124532699585,-0.0032520270189226874,0.003252031733441907,-0.014634168602808972,0.003252031733441907,-0.19313946756779643
2025-11-28,5.8351149559021,-0.003241499857417729,-0.003241499857417729,-0.02106972203580304,-0.016207451520545924,0.05154983190024254
2025-12-01,5.8351149559021,-0.001647484118455722,0.0049422952426343425,-0.006589779361090065,0.0,-0.16120367640977307
2025-12-02,5.825501441955566,-4.372624617943188e-08,0.004942251300280365,-0.014827085918551086,-0.0016475277726635262,-0.19030143384807374
2025-12-03,5.710144996643066,-0.003300342632871156,0.003300311096500641,-0.023102303820986436,-0.019801976956300593,0.24134171718814912
2025-12-04,5.652467250823975,0.0016835362859841663,0.00336707661390645,-0.013467925287208748,-0.010100924906985664,-0.25487384893122567
2025-12-05,5.585175514221191,-5.301501426746569e-08,0.003401304038890496,-0.018707557358864868,-0.011904843251055341,0.24916611060308824
2025-12-08,5.604401588439941,2.6520572404820086e-09,0.010327015307751042,-0.006884672451738516,0.0034423402039551743,-0.04543072829788741
2025-12-09,5.614015102386475,-0.0034304832305106503,0.006861102754152748,-0.006861011892065116,0.0017153506569485,-0.1999846263523537
2025-12-10,5.527497291564941,-0.0017124239682931863,0.0017122300181717787,-0.018835693900617456,-0.015411039914152602,0.12382893829236252
2025-12-11,5.595506191253662,0.0034394021125652152,0.012303741838553872,-0.00010631687050866034,0.012303741838553872,-0.11666858516023382
2025-12-12,5.477912425994873,-0.0017513631805815555,-9.639665843330647e-09,-0.022767104616770006,-0.021015751075854405,0.3437276201919346
2025-12-15,5.497511386871338,1.6352492693272325e-09,0.008944494052896212,-0.0017889480293690196,0.0035778156626711244,-0.5680813791540871
2025-12-16,5.477912425994873,-0.0017825735831072942,0.0017824853149002173,-0.010695178329271693,-0.003565060533256781,0.09304426582510317
2025-12-17,5.497511386871338,-0.0017889480293690196,0.012522308080318068,-0.005366762056790875,0.0035778156626711244,0.12724645310197857
2025-12-18,5.585706233978272,-3.632294998112684e-08,0.017825257548768958,-0.005347666983318455,0.01604268566274425,0.134595173906348
2025-12-19,5.546508312225342,-0.001754346003316254,-0.001754346003316254,-0.012280652069644127,-0.007017540864302285,-0.18278074439628966
2025-12-22,5.556308269500732,-0.0017666961242109869,0.001766869663530457,-0.008833827699693986,0.001766869663530457,-0.3649556346383349
2025-12-23,5.585706233978272,-0.0017637498606575264,0.007054625448706275,-0.007054707767668034,0.005290916747529906,0.448012616793271
2025-12-24,5.556308269500732,4.1159482488950516e-08,0.005263236255450332,-0.007017496531376066,-0.005263070280837501,-0.34736428302282363
2025-12-25,5.536709308624268,-0.00176371037170997,0.007054665286497341,-0.007054668488024163,-0.0035273350443937312,0.2086234455482341
2025-12-26,5.497511386871338,-3.235767653819721e-09,-3.235767653819721e-09,-0.008849594338265265,-0.00707964235938352,-0.3842077141935931
2025-12-29,5.566107273101807,-3.806018611385298e-08,0.012477625129487357,-0.0035650968283367224,0.012477625129487357,0.4922795862179328
2025-12-30,5.556308269500732,-0.0035210807632962693,0.003521166556734734,-0.012323847938230159,-0.0017604769581837099,-0.06569889904852744
2025-12-31,5.615105152130127,-0.0017637040468788667,0.01587304738128248,-0.0017637040468788667,0.010582005133181305,0.24490324553537945
2026-01-05,5.556308269500732,-4.7352425314173274e-09,0.005235633932546335,-0.015706837520955252,-0.010471198853166497,0.13536018520859372
2026-01-06,5.477912425994873,-6.471780333860977e-09,-6.471780333860977e-09,-0.021164007030472387,-0.014109340177575036,0.4820748379890816
2026-01-07,5.448513507843018,-0.001788996688229183,0.0017888171647881812,-0.007155674816849866,-0.005366810541246658,-0.7142213234291432
2026-01-08,5.409315586090088,-3.665204695302293e-09,-3.665204695302293e-09,-0.014388479247246733,-0.007194241456225603,0.14305182656376303
2026-01-09,5.379917144775391,-0.0018115087195033075,4.064384073743099e-08,-0.010869514686863924,-0.00543478021328514,-0.3302223722915123
2026-01-12,5.419115543365479,-0.003642978790517115,0.009107508448210622,-0.009107411281694344,0.007286059903014674,0.13900001727870404
2026-01-13,5.438714504241943,-0.0018083579166855435,0.014466533461914954,-0.0018083579166855435,0.0036166346186248255,0.30194722349127545
2026-01-14,5.360318183898926,-0.0036036085527934025,-0.001801851504934615,-0.016216251554211913,-0.014414494506352904,0.023929388919309957
2026-01-15,5.321120262145996,-0.0018281117648203393,0.0036563003042622277,-0.009140719305702705,-0.007312611007061265,-0.4647219606666866
2026-01-16,5.291722297668457,4.332509462301459e-08,0.0018417062406081985,-0.00920800780651021,-0.005524769790803963,0.22907465594582632
2026-01-19,5.252524375915527,-0.0037037033082547577,0.003703696880271723,-0.009259297601237448,-0.007407403402517998,-0.12083751471047322
2026-01-20,5.330920219421387,6.3807186201358945e-09,0.016790990351456703,-0.003731333275240445,0.014925365004554658,0.2242069733966403
2026-01-21,5.223125457763672,-5.5384876462838406e-08,0.007352878294700105,-0.0202206668306536,-0.0202206668306536,0.13719342959653602
2026-01-22,5.193727493286133,4.409221121548512e-08,0.005628601608262063,-0.005628423960952644,-0.005628423960952644,-0.37738646326228675
2026-01-23,5.164328575134277,0.003773531393912677,0.003773531393912677,-0.007547211557951683,-0.005660466050607993,-0.009196353696019344
2026-01-26,5.203526496887207,-0.0018974824913067234,0.017077831619204842,-0.007590121965177721,0.007590129323231665,0.4282767789777857
2026-01-27,5.223125457763672,1.8188059947021884e-09,0.020715658108793278,-0.001883190680369573,0.003766476616999803,0.12598073071972138
2026-01-28,5.232925415039063,-0.0018760788238169068,0.013133288651136832,-0.005628420692555314,0.0018762630449216111,-0.2618206811638757
2026-01-29,5.262323379516602,-4.3782138470227494e-08,0.011235899745604128,-0.0074906728006337575,0.0056178833340621015,-0.02564855541862343
2026-01-30,5.262323379516602,0.0018622400549259677,0.01117317394007622,-0.003724391313358888,0.0,0.005688655287986677
2026-02-02,5.311321258544922,5.021039006791739e-08,0.014897616211837716,-0.0018621011415421718,0.00931107335954362,0.04133422331763015
2026-02-03,5.174128532409668,-0.003690044664621639,-0.003690044664621639,-0.02767530502106852,-0.025830244388726498,0.28176951529369276
2026-02-04,5.242724418640137,0.0018938516556306073,0.015151458859432365,-4.062487790612579e-08,0.013257476268863089,-0.4989319407866475
2026-02-05,5.291722297668457,0.0037383648599140784,0.014953308200821525,5.0412944707645124e-08,0.009345881094591224,-0.022764760673009476
2026-02-06,5.242724418640137,0.0037036495065101427,0.005555455314650626,-0.012963044282611746,-0.009259344363159228,0.01953880137306996
2026-02-09,5.272123336791992,-0.0037382656290610994,0.005607565037622386,-0.007476580070045147,0.005607565037622386,-0.45644648003302635
2026-02-10,5.301521301269531,-4.347638138391119e-08,0.007434893189624647,-0.0037175118093845105,0.005576114707404933,0.19560614917617158
2026-02-11,5.301521301269531,0.0,0.003696854249650494,-0.009242091554147236,0.0,-0.20365368433316888
2026-02-12,5.232925415039063,4.0238361531663713e-08,4.0238361531663713e-08,-0.014787377355261588,-0.01293890608607784,0.32105809922993345
2026-02-13,5.203526496887207,0.0018725633988987411,0.0037452652910512363,-0.00749067817584026,-0.005618065579028886,-0.104429169515317
2026-02-24,5.183927536010742,0.00188328045958297,0.00188328045958297,-0.005649669109299316,-0.003766476616999803,-0.29683979232964575
2026-02-25,5.183927536010742,0.0,0.0037807147581732092,-0.0037807147581732092,0.0,0.17644054739450965
2026-02-26,5.164328575134277,-1.8464682005614463e-09,0.0037807129047242594,-0.007561431348852676,-0.0037807165976604384,-0.18370174722117838
2026-02-27,5.174128532409668,0.001897624663654618,0.0056926876536842475,-0.0018974383263751227,0.001897624663654618,-0.09662158473743787
2026-03-02,5.203526496887207,-4.424889121779074e-08,0.009469597739454105,-0.0056819016899465336,0.005681722882104001,0.47347366321006845
2026-03-03,5.311321258544922,-0.0018831369743405046,0.024482188031664798,-0.005649611975198421,0.02071571303080688,0.7765065611572979
2026-03-04,5.242724418640137,-0.0018451125595349005,-5.200214836520445e-08,-0.02583028396425391,-0.012915211971865848,-0.15642327725548455
2026-03-05,5.281922340393066,-0.007476624973487889,0.009345833814087046,-0.011214939245344224,0.007476632113937676,-0.5292816347128557
2026-03-06,5.281922340393066,-0.0037105716923800935,0.0055659017720737225,-0.007421143384760187,0.0,-0.24728284502990405
2026-03-09,5.252524375915527,-0.003710528225539411,0.0037106154829957827,-0.007421100079807008,-0.005565769919167574,0.2444972854257692
2026-03-10,5.223125457763672,-0.0018657632098828536,-0.0018657632098828536,-0.009328442108481272,-0.005597102659182118,-0.19974089535527995
2026-03-11,5.252524375915527,4.9004160729282376e-08,0.005628606547858572,-0.005628419076650015,0.005628606547858572,-0.4000273606890019
2026-03-12,5.262323379516602,-0.001865759619625651,0.0037312940555307428,-0.005597099082346291,0.0018655798430950998,0.184152150050771
2026-03-13,5.281922340393066,1.778464042700989e-09,0.009311024476666763,-0.007448780861501025,0.0037243930984465212,0.3706425271056837
2026-03-16,5.291722297668457,4.6842719703121816e-08,0.005565948875515536,-0.0037105250234735765,0.0018553770093221456,-0.13989702050127661
2026-03-17,5.389717102050781,7.830452286583522e-09,0.018518508506295106,-0.003703692304716122,0.018518508506295106,0.5603617714625386
2026-03-18,5.389717102050781,0.0,0.0072727203369142845,-0.0072727203369140625,0.0,-0.19525495189193975
2026-03-19,5.419115543365479,-0.0036364008397753445,0.010909039240311502,-0.0036364008397753445,0.005454542559109932,0.17894893564219672
2026-03-20,5.399516582489014,-0.0018083612644738123,0.009041537542427092,-0.007233353781589735,-0.0036166346186252696,-0.3181287827621375
2026-03-23,5.281922340393066,-0.0036298591195087493,-0.0018149356449668197,-0.0344827793238911,-0.021778661163355473,0.5127977753273498
2026-03-24,5.360318183898926,-0.0018552346418390098,0.01855286557527358,-0.0037105647344901627,0.01484229385697966,-0.36415536373331037
2026-03-25,5.438714504241943,-0.0018280997801166654,0.014625310970998173,-0.016453315037481153,0.014625310970998173,0.05273645977798935
2026-03-26,5.468112468719482,-0.0036036418838363282,0.00900891477907062,-0.0054054847880220525,0.005405314887297452,-0.14270398634037562
2026-03-27,5.458313465118408,-0.0017920267107031096,0.0035842698288821584,-0.003584182527026858,-0.0017920267107031096,-0.23507817897665717
2026-03-30,5.556308269500732,-0.00359065264828462,0.01974859953353736,-0.00359065264828462,0.017953311954061357,0.28673523711769633
2026-03-31,5.752297878265381,1.5407689124558033e-08,0.04232801745118753,1.5407689124558033e-08,0.03527335044393776,0.8118194468250337
2026-04-01,5.752297878265381,0.0034071518426630476,0.013628607370651524,-0.0034071518426627145,0.0,-0.6421520935757918
2026-04-02,5.820894241333008,-3.4990238817478314e-08,0.017035723626990462,-0.005110721958955233,0.011925036658274157,-0.15836826763268874
2026-04-03,5.703300476074219,0.0016834501797904355,0.0033669903629929276,-0.026936010454123083,-0.02020201027254187,-0.2025511475865578
2026-04-07,5.683701515197754,-1.6604344565962492e-09,0.003436421072109175,-0.012027522189727469,-0.003436424392978088,0.04807571384045417
2026-04-08,5.624904155731201,-0.0051724565124871,-0.0034482791874062,-0.029310363570518083,-0.0103449062744293,0.22687370847525656
2026-04-09,5.575907230377197,3.931083836228311e-08,0.005226557112918195,-0.012195030439544063,-0.008710712929051567,-0.342743929364115
2026-04-10,5.536709308624268,-0.001757512636559655,-0.001757512636559655,-0.012302317906286442,-0.007029873370091533,-0.22988594295061304
2026-04-13,5.575907230377197,3.190273600850446e-09,0.00707964235938352,-0.012389407553646814,0.00707964235938352,0.11989836599034476
2026-04-14,5.615105152130127,-0.0052724414238687345,0.008787299024849649,-0.00702986707862685,0.007029873370091533,-0.06278524018571474
2026-04-15,5.6739020347595215,-0.003490393434918304,0.015706837570025556,-0.005235634079756024,0.010471198853166497,0.2056363516100781
2026-04-16,5.6739020347595215,0.0017271552586739514,0.013816912648208834,-0.005181301065430466,0.0,-0.2004529593511961
2026-04-17,5.654303073883057,-0.0034542296917354776,0.005181381877787272,-0.006908457848485483,-0.0034542296917354776,-0.21044330579464443
2026-04-20,5.781696319580078,-0.0034662317243052687,0.025996518995061724,-0.005199373597563617,0.022530317889298157,0.5215325557935948
2026-04-21,5.811094760894775,-0.0016949114840765223,0.011864397977214391,-0.0016949114840765223,0.005084743246568824,-0.2281960096719331
2026-04-22,5.722899436950684,-4.7488616927715555e-08,0.0033726305140306945,-0.01686343750185526,-0.015177058295038348,-0.2392637774669737
2026-04-23,5.703300476074219,-0.00171236956071541,0.006849306697161772,-0.006849309995284769,-0.003424655822173217,-0.01771593036973229
2026-04-24,5.693500995635986,4.020711208418959e-08,0.0034364630835304055,-0.0068728055457243364,-0.001718212196489044,-0.06765906826955259
2026-04-27,5.644503593444824,-0.0017211728806553195,0.005163501893536315,-0.010327057384293292,-0.008605847654846843,0.11666512472487867
2026-04-28,5.693500995635986,-0.0034722564911250364,0.010416702012718826,-0.005208324563962141,0.008680551155652472,-0.012432164062072815
2026-04-29,5.6739020347595215,-1.524417592158045e-09,0.0034423360131035086,-0.013769351674501884,-0.003442339061938693,0.2800684092457253
2026-04-30,5.634704113006592,0.0017271521727038053,0.010362681373583538,-0.010362687534881787,-0.006908459383471066,0.14815637069747112
2026-05-06,5.595506191253662,-3.1238106545927735e-09,-3.1238106545927735e-09,-0.019130461066555804,-0.006956518206954088,0.058112701241839204
2026-05-07,5.575907230377197,-1.5783753193332473e-09,0.008756599178526114,-0.005253978734342746,-0.0035026251793091046,-0.42688365095616376
2026-05-08,5.566107273101807,0.0017573810848210414,0.010544760348041748,-0.005272488804691666,-0.001757553859935257,-0.060000806293761144
2026-05-11,5.566107273101807,-0.0017605197793821858,0.00176060372958875,-0.01232389030629466,0.0,0.3308131708328581
2026-05-12,5.624904155731201,5.175390782596878e-09,0.01760570676156803,-0.0017605146131027816,0.01056337575697297,0.08554344886265852
2026-05-13,5.605305194854736,0.001742198507049153,0.005226515874601212,-0.008710753595607357,-0.0034843190806185254,-0.3647629295461172
2026-05-14,5.644503593444824,-0.001748203364323242,0.019230798484213274,-0.0034964951999394422,0.006993089087471871,0.45552414404723507
2026-05-15,5.6739020347595215,4.3698590301843865e-08,0.00868054961800202,-0.012152763929661248,0.005208330693391439,-0.012829191227663017
2026-05-18,5.6739020347595215,0.0,0.00518138342072616,-0.005181301065430466,0.0,-0.32989417848407143
2026-05-19,5.713099956512451,0.0017271583022979708,0.018998299165034815,3.038376217290306e-09,0.006908459383470955,0.3370792183002145
2026-05-20,5.585706233978272,-5.357020183005545e-08,0.0017152514858853607,-0.022298528557855968,-0.022298528557855968,-0.2724938249652027
2026-05-21,5.683701515197754,0.001754436384901581,0.0245614750016645,-0.007017527284821079,0.017543937528144316,0.45411107063862133
2026-05-22,5.742498397827148,-0.0017241723979486423,0.013793094856096921,-0.01551726230674444,0.010344822378898,-0.04839852568285963
2026-05-25,5.781696319580078,-0.00341296271942082,0.013651867089179204,-0.005119486386044536,0.00682593516573915,-0.23056687705669532
2026-05-26,5.791495800018311,-0.0033897862150911173,0.013559350586721752,-0.005084740305202118,0.0016949144155231632,0.1705779755259762
2026-05-27,5.732698917388916,-0.0016920099080274253,0.011844356490544383,-0.01692046244797485,-0.010152279248689,-0.12980514814875121
2026-05-28,5.693500995635986,-0.001709362364149869,0.0136751977976175,-0.010256403628952193,-0.006837603425156602,0.03961129576579836
2026-05-29,5.742498397827148,-0.0017211645921832996,0.017211650158139635,-0.008605839423536765,0.008605847654846732,0.24250978009357027
2026-06-01,5.811094760894775,-0.0017064778885220733,0.013651910279379731,-0.008532410102805033,0.011945386540043623,-0.19854018654407213
2026-06-02,5.850292682647705,2.8970743581879788e-09,0.020236152343559466,-0.0016862959837214975,0.0067453592422392905,0.16575095704702036
2026-06-03,5.83069372177124,-0.0016750018426079372,0.001675078827495069,-0.01842540519312319,-0.003350082113771191,-0.22337810751119136
2026-06-04,5.781696319580078,-4.406191900230283e-08,0.00672263852174515,-0.011764698512982563,-0.008403357221150265,-0.32138598910535165
2026-06-05,5.9286885261535645,0.0016948455224363723,0.025423716232844562,-2.7631247734305475e-08,0.025423716232844562,0.6447549557949159
2026-06-08,6.016883850097656,4.6197900838151895e-08,0.019834738316852674,-0.004958666239867071,0.014876025879084542,-0.0056579658587594395
2026-06-09,6.007084369659424,-0.006514691289341457,0.008143313755852644,-0.011400641197223615,-0.001628663720685486,-0.34666627129893257
2026-06-10,6.095279693603516,0.0016313264734142408,0.022838523525632315,-0.003262594207886993,0.014681885340174228,0.18435839734565818
2026-06-11,6.075680732727051,-1.4534186076886613e-09,0.001607752437999821,-0.017684834287469364,-0.0032154325743299905,-0.2402959618324516
2026-06-12,6.163876056671143,-0.009677441556006805,0.014516122196648995,-0.01612904830215245,0.014516122196648995,0.32425314225365653
2026-06-15,6.007084369659424,-0.004769445492135871,-0.003179659803878354,-0.03338634596846002,-0.02543719010086576,0.18823713130996467
2026-06-16,5.918889045715332,-0.004893966321529386,3.208152588030089e-08,-0.019575805955763692,-0.014681885340174117,-0.5878717818542576
2026-06-17,5.820894241333008,-7.811228663889835e-09,0.00662250241943485,-0.019867538503218984,-0.016556283387887172,0.03229955492677661
2026-06-18,5.664102554321289,-0.0033670131397280922,-1.3060157399991112e-08,-0.028619553874314807,-0.026936013696722494,0.4536400345918601
2026-06-22,5.820894241333008,1.3060157622035717e-08,0.03460205538150163,-0.006920477901887434,0.02768164691723296,0.05458815233397729
2026-06-23,6.016883850097656,1.536802018975436e-08,0.0404040174714797,-0.0033669848072680475,0.033670017120903006,0.0035657752110935803
2026-06-24,5.899290084838867,0.0016286926946074143,0.009771968676698384,-0.022801290573217337,-0.01954396464822572,-0.1635061959345805
2026-06-25,5.6739020347595215,-0.01993351363735585,0.0016611903164442943,-0.03986704995986401,-0.03820596153740452,0.13988620437314836
2026-06-26,5.644503593444824,-4.369858830344242e-08,0.017271096356948012,-0.006908499720802874,-0.005181344537603216,-0.15191948185284687
2026-06-29,5.683701515197754,-0.0017361474289169232,0.010416659709052478,-0.02430561092047734,0.006944440924522066,0.013377630699512366
2026-06-30,5.605305194854736,-0.006896553325520083,-0.003448280894565614,-0.03965518252623723,-0.013793180400728633,0.1964296756080799
2026-07-01,5.536709308624268,-0.008741171541081227,3.7833631116868105e-08,-0.013985963856425143,-0.012237671963595265,-0.6909043417638401
2026-07-02,5.468112468719482,0.0017698173309257381,0.01769904680943002,-0.02123896654297308,-0.012389460251766349,0.38009416447115285
2026-07-03,5.448513507843018,-1.812896832653621e-09,0.00896060595195225,-0.012544750138059113,-0.0035842278278988005,-0.1884698035049297
2026-07-06,5.526909351348877,-0.0035971117600587244,0.016187085260742418,-0.008992747280771818,0.014388482912451206,-0.06914543829057251
2026-07-07,5.664102554321289,-0.001772991982613048,0.030141872392829283,-0.0035460822762701794,0.024822770603054822,0.36749042616565575
2026-07-08,5.801295280456543,-0.0017301318959527245,0.02768164527919792,-0.012110744575810295,0.02422144105257873,0.01595001767690718
2026-07-09,5.713099956512451,-0.005067569525879612,-0.0033783416392515475,-0.021959445658064625,-0.015202695205190686,-0.09296065078926219
2026-07-10,5.789999961853027,-0.0005425983072367968,0.016961017136875478,-0.005793724672381595,0.013460294048053045,-0.13221659041057876
2026-07-13,5.920000076293945,-0.0017270729033782573,0.025906752393038968,-0.006908456324104306,0.02245252423098676,0.36858290420951434
2026-07-14,5.869999885559082,-0.006756750225933805,-0.0033783751129669026,-0.021959478507692975,-0.008445978055825365,-0.24206220861890415
2026-07-15,5.880000114440918,-0.010221455527988699,0.005110768380448105,-0.015332142675529292,0.0017036165377852797,-0.15749753577205183
2026-07-16,5.800000190734863,0.0,0.006802714468455484,-0.020408143405366563,-0.01360542893691108,-0.055516499178118295
2026-07-17,5.960000038146973,0.0,0.031034452141253555,0.0,0.02758617968111432,0.6568278394261675
2026-07-20,6.079999923706055,-0.006711402952518042,0.02516780107505978,-0.011744995170023698,0.020134208857554237,-0.014863594643493627
2026-07-21,5.880000114440918,0.0,0.0,-0.034539480391796995,-0.032894705884013775,-0.06352326939791908
2026-07-22,5.940000057220459,-0.003401357234227742,0.010204071702683226,-0.01360542893691108,0.010204071702683226,-0.41261977795763727
2026-07-23,5.96999979019165,-0.005050540323123798,0.011784540570212165,-0.0067340002470883675,0.0050504600475087535,-0.3013763620777077
2026-07-24,6.010000228881836,0.0033500806749393597,0.011725322298399954,0.0,0.006700241222102443,0.18618201212930785
2026-07-27,6.0,0.0033277837212719596,0.009983351163815879,-0.006655646783166214,-0.001663931530947127,-0.016301733929477535
2026-07-28,6.099999904632568,0.005000034968058342,0.019999980926513672,0.0,0.016666650772094727,0.17321416321485472
2026-07-29,6.010000228881836,0.0,0.00163938180953771,-0.01639342724524051,-0.014754045435702912,0.07606802554581904
2026-07-30,6.139999866485596,-0.003327863061894254,0.02163055451795648,-0.004991715252219087,0.02163055451795648,0.07216571503742131
2026-07-31,6.059999942779541,-0.019543955727765794,-0.01302930381851053,-0.04397393921786119,-0.01302930381851053,0.43351075977918185
2026-08-03,6.03000020980835,-0.009900980750178201,0.0016502028013631875,-0.02145216430171959,-0.0049504510320889095,-0.4694391620124172
2026-08-04,5.820000171661377,-0.00829190530599544,-0.006633571691278095,-0.036484288453416336,-0.03482587576122942,0.16610525062327852
2026-08-05,5.730000019073486,-0.0034364227382496226,-0.001718252334515169,-0.02061861836027834,-0.015463943287513549,-0.10504544032986018
2026-08-06,5.789999961853027,0.0034903980558358416,0.013961592223343589,-0.005235638692580702,0.010471194167507747,-0.17846685608889246
2026-08-07,5.769999980926514,-0.0017270729033782573,0.005181383420725938,-0.012089839744830355,-0.0034542281620522086,-0.22798535484430005
2026-08-10,5.820000171661377,-0.0017330592855689941,0.01559794677389914,-0.0034662012118936714,0.008665544350111798,0.10094062575475604
2026-08-11,5.880000114440918,0.0017181704037343426,0.010309268214748757,0.0,0.010309268214748757,-0.28224207128994294
2026-08-12,5.829999923706055,-0.0017007191644904385,0.0,-0.015306148101401518,-0.008503433632946034,0.14962999703775992
2026-08-13,5.949999809265137,-0.0017152233577253373,0.020583171034211478,-0.003430528505701913,0.020583171034211478,0.23205786048429644
2026-08-14,5.880000114440918,-0.0033613414399392694,0.0,-0.013445365759757077,-0.011764654969436794,-0.3857829145623235
2026-08-17,5.900000095367432,0.0,0.006802714468455484,-0.003401357234227742,0.003401357234227742,-0.22564589440311877
2026-08-18,6.03000020980835,-0.001694954020371564,0.02203391734569493,-0.0033898272208872093,0.02203391734569493,0.7426066848734472
2026-08-19,6.079999923706055,-0.001658412692186917,0.013266985227617045,-0.0033167463069042613,0.008291826228525867,0.09082400260627921
2026-08-20,6.050000190734863,-0.008223637257420813,-0.0016446960806181243,-0.013157882353605488,-0.0049341666690194685,-0.5094041793686053
2026-08-21,6.050000190734863,-0.003305781867105062,0.006611563734210124,-0.004958712208686045,0.0,-0.1167470296418962
2026-08-24,6.130000114440918,-0.0016529303415808716,0.018181760861049723,-0.003305781867105062,0.01322312746842047,0.3329992988503889
2026-08-25,6.139999866485596,0.0016312808903740095,0.011419199595007257,-0.0032626395682111564,0.0016312808903740095,-0.0688239027647306
2026-08-26,6.199999809265137,-0.003257325954627577,0.014658005626212667,-0.004885950101553127,0.009771977863882952,0.03252757463625855
2026-08-27,6.139999866485596,-0.0032258034744817587,0.0016129401918516528,-0.0177418806550389,-0.009677410423445276,-0.020234511891036533
2026-08-28,6.190000057220459,-0.003257325954627577,0.014658005626212667,-0.008143276056180704,0.008143353716957291,-0.11250714607188428
2026-08-31,6.510000228881836,0.008077498131745964,0.053311780396693154,0.006462029318783147,0.05169631158373034,0.7791781238628772
2026-09-01,6.670000076293945,0.0,0.027649742244254982,-0.004608326997478818,0.02457754866155981,-0.4329074755407021
2026-09-02,6.679999828338623,0.0,0.0074962088944212635,-0.004497782528515182,0.0014992131829529853,-0.24443755297946623
2026-09-03,6.539999961853027,-0.002994009197675007,0.007485058685592572,-0.025449042488833062,-0.020958064383725383,0.14334677650757754
2026-09-04,6.570000171661377,-0.006116202153874872,0.015290505384687236,-0.006116202153874872,0.004587188070846571,-0.18458993643136168
2026-09-07,6.440000057220459,0.003044137047785833,0.0076103063304884255,-0.022831064147369795,-0.019786927099583962,0.17421265704531308
2026-09-08,6.389999866485596,-0.003105587072796623,0.003105587072796734,-0.021739109509576693,-0.007764004703509797,-0.2305673069305172
2026-09-09,6.429999828338623,-0.001564906455964854,0.007824756147039258,-0.006259775068669371,0.006259775068669482,-0.4481450114418095
2026-09-10,6.53000020980835,0.0031104170233984263,0.018662576298582145,0.0031104170233984263,0.015552159275183719,0.29232785485787716
2026-09-11,6.570000171661377,0.004594139664211738,0.019908060249139714,-0.009188425373490183,0.006125568233971146,0.4526649125647637
2026-09-14,6.639999866485596,-0.001522104812868963,0.024353096382286665,-0.001522104812868963,0.010654443378274259,-0.23397019540538366
2026-09-15,6.570000171661377,-0.00150598678399827,0.0,-0.021084317665761465,-0.010542122926467501,-0.21209867904343582
2026-09-16,6.559999942779541,-0.001522104812868963,0.004566169282702592,-0.013698653004012296,-0.001522104812868963,-0.09486147911654541
2026-09-17,6.579999923706055,0.0,0.009146332820563874,-0.007621907672840544,0.0030487776068546246,-0.01308004221586856
2026-09-18,6.539999961853027,-0.004559229987694979,0.009118532443044058,-0.012158043257392115,-0.006079021628696002,0.21573095802487785
2026-09-21,6.630000114440918,-0.0030581010769374917,0.015290505384687236,-0.007645289147784062,0.013761491301659046,-0.049384539206837275
2026-09-22,6.650000095367432,-0.004524918445024673,0.006033176645940497,-0.01508294161485113,0.0030165883229702484,0.003315628234282997
2026-09-23,6.579999923706055,-0.0045113096809199504,0.003007515885668388,-0.022556404994930057,-0.010526341452256616,0.1192413481544854
2026-09-24,6.619999885559082,0.0015197916410010226,0.018237064886088117,0.0,0.006079021628696113,-0.001361557864630214
2026-09-28,6.630000114440918,-0.0015105365887529976,0.013595189447694445,-0.004531681796042464,0.0015106086185363576,0.09685711806516295
2026-09-29,6.650000095367432,-0.0015083301220545353,0.009049764968910745,-0.009049764968910634,0.0030165883229702484,-0.1165450348602235
2026-09-30,6.730000019073486,-0.0015037937952515623,0.021052611199678495,-0.006015031771336776,0.012030063542673552,0.1639918207917539
