Date,close,open_ret,high_ret,low_ret,close_ret
2005-02-17,1.7044999599456787,-0.0037934085994874023,-0.003443259579181124,-0.011263486268147549,-0.005252444016507707
2005-02-18,1.7074999809265137,-0.0031680507626666854,0.0020533791865400275,-0.008976190452877786,0.001760059285029536
2005-02-21,1.6970000267028809,-0.0034553589655300643,-0.002166921212537698,-0.009838903042737712,-0.00614931440171107
2005-02-22,1.715999960899353,0.005362380780175258,0.01272834865703043,0.0011195978944984475,0.011196189686211833
2005-02-23,1.7209999561309814,-0.002389257103112774,0.002913750201374077,-0.004953368395407498,0.002913750201374077
2005-02-24,1.7139999866485596,-0.0036025311436874707,-0.002556661818406525,-0.012260270528207329,-0.0040673850440755555
2005-02-25,1.69760000705719,-0.02275381250645947,-0.003383902461483901,-0.02275381250645947,-0.00956824954441049
2005-02-28,1.690999984741211,0.0020028087494954327,0.003828938321762676,-0.009071661172594836,-0.0038878547882550407
2005-03-01,1.684999942779541,-0.018923681803262205,-0.0006504696183383674,-0.018923681803262205,-0.0035482211802552177
2005-03-02,1.680999994277954,-0.004213641731431128,-0.0014836427869816537,-0.009910926249844021,-0.002373856758112858
2005-03-03,1.6775000095367432,-0.02260558461129336,-0.0020820849215494874,-0.02260558461129336,-0.0020820849215494874
2005-03-04,1.6540000438690186,-0.008107297598261343,-0.004470970139760944,-0.026766056300894903,-0.014008921331818303
2005-03-07,1.6569000482559204,0.0005440815616388761,0.003264777663149143,-0.0024184205591188945,0.0017533278778627537
2005-03-08,1.6698999404907229,0.00012065542443973065,0.013096689458334865,-0.002414187696528236,0.007845912158966017
2005-03-09,1.684399962425232,0.002395393648376709,0.01868378490899847,-0.00574880198193406,0.008683168124581142
2005-03-10,1.7100000381469729,-0.013298517010643662,0.020660207444267886,-0.013298517010643662,0.01519833548611671
2005-03-11,1.6933000087738037,-0.01871348779882509,0.0,-0.01871348779882509,-0.009766098830773173
2005-03-14,1.721400022506714,-0.00029525999987345397,0.01996102624322127,-0.00029525999987345397,0.016594822882720628
2005-03-15,1.7348999977111816,-0.002323729324141488,0.010224201272147404,-0.005112135261752915,0.007842439309840854
2005-03-16,1.7666000127792358,0.009395332883129104,0.025534590002223467,0.005936964815634882,0.01827195521924918
2005-03-17,1.7532999515533447,-0.0027170621584060584,0.011094777322703475,-0.013981685388292253,-0.00752862058738879
2005-03-18,1.7426999807357788,-0.0031939632354270886,-0.0008555355796870945,-0.011521071957592999,-0.006045725837256044
2005-03-21,1.7580000162124634,-0.022780760727245775,0.0142308271381828,-0.022780760727245775,0.008779500571420629
2005-03-22,1.7624000310897827,0.0,0.0028441383307837853,-0.011661014622938226,0.0025028525806267687
2005-03-23,1.7640000581741333,-0.02859737732803591,0.012142518409833158,-0.02859737732803591,0.0009078682796896942
2005-03-24,1.7645000219345093,-0.007823143158255386,0.0002834261586666109,-0.013888895459065576,0.0002834261586666109
2005-03-25,1.750499963760376,-0.0062340816415736855,-0.0062340816415736855,-0.009067742831414316,-0.007934291867440324
2005-03-28,1.7769999504089355,0.0139960085146964,0.015424204614220116,0.012853492495160435,0.01513852453423259
2005-03-29,1.7940000295639038,-0.0010691939841771525,0.012493026558247244,-0.005177252210369687,0.009566730236011622
2005-03-30,1.758999943733215,-0.007413634897834531,-0.006689009880483043,-0.021460462618419385,-0.019509523552904695
2005-03-31,1.747499942779541,-0.0002842318228359897,-0.0002842318228359897,-0.013928308113801857,-0.0065378063226466665
2005-04-01,1.7415000200271606,-0.0058940894838507285,-0.0008583069128701437,-0.01648062513012405,-0.00343343230262827
2005-04-04,1.7519999742507937,-0.0004019505829413461,0.010163627154965438,-0.004708612865937045,0.0060292587441195256
2005-04-05,1.7480000257492063,-0.004452045170795671,0.002910965696641732,-0.011301340199570853,-0.002283075662314338
2005-04-06,1.7374999523162842,-0.006464512356608609,0.0,-0.014931372481490568,-0.006006906909753473
2005-04-07,1.722000002861023,-0.007884897132843238,-0.003338134637685397,-0.012546718036094973,-0.00892083446367753
2005-04-08,1.7400000095367432,-0.003774683920584443,0.010452965531831504,-0.003774683920584443,0.010452965531831504
2005-04-11,1.743499994277954,-0.029885083615724617,0.004022970944859594,-0.029885083615724617,0.002011485472429797
2005-04-12,1.7400000095367432,-0.0026383986695053263,0.0008603444194668075,-0.009348989418372144,-0.0020074475209048703
2005-04-13,1.7289999723434448,-0.010402312166924776,-0.00419541334724749,-0.013103430226734658,-0.006321860421269143
2005-04-14,1.7489999532699585,-0.004106411908573859,0.011567369141947559,-0.005841531069257666,0.011567369141947559
2005-04-15,1.7625000476837158,0.005260203759966053,0.014579794058960482,0.002744471916124258,0.007718750585737455
2005-04-18,1.781499981880188,-0.021844011081018855,0.013843968875858703,-0.021844011081018855,0.010780104216985276
2005-04-19,1.777999997138977,-0.01824306985169266,0.001403343949417435,-0.01824306985169266,-0.001964627997086521
2005-04-20,1.77400004863739,-0.004218252229558961,-0.002249689824535217,-0.010404932770452735,-0.002249689824535217
2005-04-21,1.777999997138977,-0.002874865662759518,0.003382143510643809,-0.005355144556043023,0.002254762340429206
2005-04-22,1.7664999961853027,-0.0219347775000176,-0.004161999926918902,-0.0219347775000176,-0.006467942054094067
2005-04-25,1.7710000276565552,-0.0037928326772604937,0.002547427954129766,-0.006227023615653859,0.002547427954129766
2005-04-26,1.767699956893921,-0.005533639938813506,-0.0018633939644828734,-0.010220227547711347,-0.0018633939644828734
2005-04-27,1.7769999504089355,-0.005826736033792135,0.005826803471305597,-0.007919861575062526,0.005261070171295401
2005-04-28,1.7999000549316406,-0.0045581957361580105,0.012886947192899623,-0.0078784126930459,0.012886947192899623
2005-04-29,1.787500023841858,-0.026057021234207833,0.004166860944444295,-0.026057021234207833,-0.006889288689006512
2005-05-02,1.7755000591278076,-0.018741300639688707,-0.005706306861579913,-0.018741300639688707,-0.006713266883353053
2005-05-03,1.758999943733215,-0.007209291489296277,-0.0047874395376277246,-0.015995529467152436,-0.009293221540470076
2005-05-04,1.7345999479293823,-0.007674801385050611,-0.0059124149871359055,-0.03183626837366593,-0.013871515966082049
2005-05-05,1.7315000295639038,-0.0032283960302329495,0.0005188689975361704,-0.0032283960302329495,-0.0017871085313815316
2005-05-06,1.7374999523162842,-0.00023105190233996264,0.006526114682570361,-0.0052556046093339415,0.0034651589084242485
2005-05-09,1.7419999837875366,-0.005007133346863202,0.005179892483166304,-0.007654643097325664,0.002589946241583041
2005-05-10,1.7599999904632568,-0.004822022650449509,0.010907034203554211,-0.007462693206131132,0.010332954559840957
2005-05-11,1.7489999532699585,-0.001306831843781664,0.0010795214017929045,-0.010852244826079716,-0.006250021166422259
2005-05-12,1.7278000116348269,-0.006003404519252187,-0.006003404519252187,-0.03373350350249715,-0.012121179074645383
2005-05-13,1.7304999828338623,-0.021877505590824686,0.001562664186163909,-0.021877505590824686,0.001562664186163909
2005-05-16,1.7419999837875366,0.006934391697825504,0.012713131814407364,0.006645478802514537,0.006645478802514537
2005-05-17,1.7335000038146973,-0.0053961022941629855,-0.0006888408265132151,-0.008036704417415885,-0.00487943745806374
2005-05-18,1.72599995136261,-0.0009230037962673077,0.0017306149260070125,-0.009345224325269186,-0.00432653731501742
2005-05-19,1.722000002861023,-0.004171496450277479,0.0005794013662929753,-0.008227098813936684,-0.0023174673315774497
2005-05-20,1.7274999618530271,-0.003484344919687077,0.003484344919687077,-0.010336802240580867,0.0031939366915598733
2005-05-23,1.7389999628067017,-0.02923294772318863,0.007814816041603168,-0.02923294772318863,0.006657019512370299
2005-05-24,1.747499942779541,-0.004485326734572359,0.004887855178053346,-0.008165596582182522,0.004887855178053346
2005-05-25,1.7383999824523926,-0.024320401290884863,5.7234104267722685e-05,-0.024320401290884863,-0.005207416666734854
2005-05-26,1.7319999933242798,-0.00270360417468396,-0.0009204021516920902,-0.010009219107828482,-0.003681540032624886
2005-05-27,1.7200000286102295,-0.004907609703002969,-0.004330284342375923,-0.017436492317573826,-0.006928386120266916
2005-05-30,1.6912000179290771,-0.00691864368108297,-0.004360495539146858,-0.01680234115951551,-0.016744191977963507
2005-05-31,1.6764999628067017,-0.002306085073082609,0.0011234375808408803,-0.01927628007246729,-0.008692085481631029
2005-06-01,1.656999945640564,-0.004831442753834958,-0.0014315069910402212,-0.016343583294088693,-0.011631385385474036
2005-06-02,1.6510000228881836,-0.015087493650144501,-0.002896778636831243,-0.015087493650144501,-0.0036209553103280223
2005-06-03,1.6679999828338623,-0.010660241832394779,0.014233776706201962,-0.01362812709572958,0.010296765420959586
2005-06-06,1.6655000448226929,-0.00017981449376303082,0.0047362108512185586,-0.003836923977205031,-0.0014987638110895984
2005-06-07,1.6670000553131104,-0.002701910147190345,0.009306483961644796,-0.02191539798186659,0.000900636715730041
2005-06-08,1.66349995136261,0.0061787166730669085,0.009298109742623684,-0.0025195565443180135,-0.002099642372143107
2005-06-09,1.6563999652862549,-0.0031258847984612093,0.0033063290424435454,-0.02374511526753953,-0.004268101162575588
2005-06-10,1.651600003242493,-6.0381910184204024e-05,0.0012678042071581075,-0.008753937598642403,-0.0028978279065180468
2005-06-13,1.6649999618530271,0.002421862735368041,0.009021536129631746,-0.004117253263801746,0.008113319559352572
2005-06-14,1.6619999408721924,-0.010330326443012239,-0.0018018144441852568,-0.027027001871263612,-0.0018018144441852568
2005-06-15,1.662500023841858,-0.0027677069913023544,0.0030084925504232363,-0.008724370181150687,0.000300892290888477
2005-06-16,1.6384999752044678,-0.00787971600009496,-0.006736884343184757,-0.03037596063863479,-0.014436119274109038
2005-06-17,1.659500002861023,-0.001220612927103626,0.012816617622429138,-0.0048825244635508636,0.012816617622429138
2005-06-20,1.652500033378601,-0.004700200669568999,-0.002530871757886244,-0.009400401339137998,-0.00421811959647711
2005-06-21,1.6440000534057615,-0.003086240074158586,-0.002662641324323367,-0.011255665146342464,-0.0051437094106806525
2005-06-22,1.632099986076355,-0.003953774641661356,-0.0007299755954517373,-0.00900247642063523,-0.007238483541867291
2005-06-23,1.6211999654769895,-0.0011028374966502996,0.0020219783045081208,-0.008884273058152536,-0.006678525024419346
2005-06-24,1.6295000314712524,-0.0009252470530221046,0.005119705262158103,-0.0028373605686220493,0.005119705262158103
2005-06-27,1.6325000524520874,-0.0023934035235471107,0.00797791420252647,-0.0023934035235471107,0.0018410683785787807
2005-06-28,1.6132999658584597,-0.01807044819697512,-6.126590549437871e-05,-0.01807044819697512,-0.011761155269053969
2005-06-29,1.6139999628067017,0.0008677827596303977,0.007252237270899853,-0.006198469394955941,0.0004338913798151989
2005-06-30,1.6029000282287598,-0.0011152051452325562,0.0008055121076830929,-0.008302328946298454,-0.006877283044442795
2005-07-01,1.593500018119812,-0.0034936524345348108,0.0035560497095812327,-0.00748648306944022,-0.005864377031258083
2005-07-04,1.587299942970276,-0.0020709574679065312,0.0016315999846490126,-0.023846869890262523,-0.0038908535168085123
2005-07-05,1.6024999618530271,0.002205067773108249,0.009576021816209312,-0.0006299549906623181,0.009576021816209312
2005-07-06,1.6080000400543213,-0.004867384218579018,0.003432186166753004,-0.0051169612394610375,0.003432186166753004
2005-07-07,1.6121000051498413,-0.005099533082133845,0.020833305532660162,-0.007027417098021904,0.0025497294735026266
2005-07-08,1.6050000190734863,-0.0029774592323235094,-0.0014267254049038502,-0.012033993244979446,-0.004404184637227249
2005-07-11,1.6165000200271606,-0.0023053070935245,0.008411199404384284,-0.004423667284722987,0.007165109543308956
2005-07-12,1.6114000082015991,-0.0006186493768337575,0.0055675494102771506,-0.0035261318337470593,-0.003154971705769505
2005-07-13,1.6053999662399292,0.0024202873880434517,0.004840500797379521,-0.01669359121718872,-0.003723496295849116
2005-07-14,1.6050000190734863,-0.0004360265123722895,0.0023047327811667184,-0.005917470844254091,-0.0002491261834143277
2005-07-15,1.5980000495910645,-0.00367602822281754,0.0016822250261370186,-0.009221228374098334,-0.0043613516506141314
2005-07-18,1.600000023841858,-0.0006884000562178416,0.009386724173584327,-0.003128908057861368,0.0012515483033339603
2005-07-19,1.600000023841858,-0.005812495860271216,0.001562461233698187,-0.009562522030435283,0.0
2005-07-20,1.6119999885559082,-0.0015000253692265542,0.007499977834523053,-0.004687532712704945,0.007499977834523053
2005-07-21,1.6074999570846558,-0.004900744215021624,0.00031015121831590164,-0.01265511628230298,-0.002791582818362004
2005-07-22,1.6134999990463257,-0.0034836552008955524,0.015241065662110032,-0.007776005479400494,0.0037325300913546577
2005-07-25,1.6008000373840332,-0.004958175529713005,-0.0028509749413725416,-0.007871063941616963,-0.007871063941616963
2005-07-26,1.6050000190734863,0.002873518708440992,0.008308309411546366,0.0016241595104851125,0.002623676656277718
2005-07-27,1.60479998588562,-0.0010592172324490612,0.0028037578926947138,-0.005669757145798426,-0.00012463126821760095
2005-07-28,1.6013000011444092,-6.232340155321037e-05,0.003364943703174861,-0.0054835679411986415,-0.002180947639577213
2005-07-29,1.598399996757507,-0.0002497640455610961,0.001498807609324082,-0.0061824604148182916,-0.0018110312776054016
2005-08-01,1.6080000400543213,0.0019394629511118033,0.0103853934014706,0.00018771883283807966,0.00600603310578629
2005-08-02,1.605299949645996,-0.0027363275918641516,0.0039800926422219884,-0.00528613120049537,-0.00167916065986784
2005-08-03,1.6165000200271606,-0.0028031597851574386,0.007101541099247433,-0.004796590464207107,0.006976933116850992
2005-08-04,1.6230000257492063,-0.004577813650772478,0.004948973778750032,-0.006124326474896913,0.004021036586152604
2005-08-05,1.6230000257492063,-0.006346297031203818,6.162451777358413e-05,-0.012261295887955215,0.0
2005-08-08,1.6325000524520874,-0.0048675289545254685,0.006777521755694904,-0.0048675289545254685,0.005853374338977924
2005-08-09,1.6390000581741333,-0.0035528383384072493,0.003981626654334658,-0.006921951982864938,0.003981626654334658
2005-08-10,1.6369999647140503,-0.009029939713849688,-0.0012203132331253252,-0.012507665142499458,-0.0012203132331253252
2005-08-11,1.6540000438690186,-0.00403177914370445,0.010690313556849018,-0.006780656577400013,0.010384898913506024
2005-08-12,1.6729999780654907,-0.003929870344405173,0.013724275407182018,-0.005320453156732352,0.011487263417495175
2005-08-15,1.659999966621399,0.000836816446407429,0.006754314353831781,-0.013030437701887165,-0.0077704791479578095
2005-08-16,1.6649999618530271,-0.006445775678704857,0.003614483182118322,-0.008313268231176063,0.003012045380822892
2005-08-17,1.6740000247955322,-0.005645651846433619,0.011411443748392758,-0.005645651846433619,0.005405443332556326
2005-08-18,1.6690000295639038,-0.0032855902746868892,0.00011949413674039455,-0.011469514396622249,-0.002986854932836125
2005-08-19,1.6714999675750732,-0.0016776439445003177,0.001497865768056661,-0.007849028044324191,0.001497865768056661
2005-08-22,1.6619999408721924,-0.007298832269566624,-0.004247673475372582,-0.009392750791317184,-0.00568353388403775
2005-08-23,1.6684999465942385,-0.002527064885001762,0.003910954243858233,-0.01925387892840169,0.003910954243858233
2005-08-24,1.6759999990463257,-0.008810270532577436,0.008390805287533887,-0.011747027376769803,0.0044950870195688
2005-08-25,1.6728999614715576,0.0040573123554383805,0.0068018999798495905,-0.007159883485011065,-0.001849664425138453
2005-08-26,1.6632000207901,-0.004483192907841604,-0.001075940644618023,-0.009803323551363707,-0.005798278979530225
2005-08-29,1.6579999923706057,-0.0006614137266856002,0.0016834943229731003,-0.021765299474990174,-0.0031265201746595306
2005-08-30,1.649399995803833,-0.006031357363855627,-0.005186970208893915,-0.008262972530383217,-0.005186970208893915
2005-08-31,1.6579999923706057,0.0004850330691223981,0.005214015150146523,-0.009882359063237867,0.005214015150146523
2005-09-01,1.6620999574661257,-0.008021677972136487,0.005488516507251129,-0.02110975077349453,0.0024728378253233707
2005-09-02,1.66729998588562,0.00926541872613651,0.010709399646625206,-0.005835955074714794,0.0031285894666779335
2005-09-05,1.6619999408721924,0.0015593802117870315,0.0042583734999457334,-0.005817753711732321,-0.003178819083724971
2005-09-06,1.659500002861023,-0.01985559178376839,0.0009025334198451418,-0.01985559178376839,-0.0015041745488014735
2005-09-07,1.6483999490737915,-0.004278388709921255,0.0009038930327396333,-0.02500751568056525,-0.006688794075380922
2005-09-08,1.6510000228881836,0.0015166569386657613,0.005823855613565243,-0.004489151223902033,0.0015773318943943515
2005-09-09,1.6540000438690186,-0.023016345896687773,0.0018170932400030093,-0.023016345896687773,0.0018170932400030093
2005-09-12,1.6328999996185305,-0.00937126254742604,-0.003929870344405173,-0.032345861455745584,-0.012756979256863255
2005-09-13,1.6440000534057615,0.0013473007772510925,0.006797754785855981,-0.0032457866462528573,0.006797754785855981
2005-09-14,1.6480000019073486,-0.0027980826738148723,0.0024330586202236937,-0.008272573336914335,0.0024330586202236937
2005-09-15,1.6349999904632568,-0.007827666768949415,-0.005946576009738136,-0.014502446611526554,-0.007888356449663791
2005-09-16,1.6301000118255615,-0.0033027170823048957,0.0048929763052760755,-0.005504552774135085,-0.002996928847875391
2005-09-19,1.621500015258789,-0.0061345870748491516,0.0005521318505485873,-0.022452606245159656,-0.005275747809572295
2005-09-20,1.6236000061035156,-0.0024668934155008815,0.0064137758444855475,-0.004440334629993159,0.0012950914739222608
2005-09-22,1.628000020980835,0.0020324904785287146,0.006713488887896801,-0.004742526731779995,0.002710036253251058
2005-09-23,1.618499994277954,-0.017813294530270696,-0.002518406045873278,-0.017813294530270696,-0.005835397162438194
2005-09-26,1.6145000457763672,-0.003954271949792587,0.0030892772624684373,-0.023169616295604323,-0.0024713923483029587
2005-09-27,1.6154999732971191,-0.0037782956845130444,0.0006193418968105657,-0.007556517532366858,0.0006193418968105657
2005-09-28,1.621999979019165,-0.0017951126182832455,0.004333005012767233,-0.005323427241673229,0.004023525737843148
2005-09-29,1.622499942779541,-0.0040690643658146675,0.00030823906710431004,-0.008323042773792921,0.00030823906710431004
2005-09-30,1.6086000204086304,-0.005053886274407282,0.0009245057277769142,-0.025577795874895504,-0.008566978650919599
2005-10-03,1.590499997138977,-0.01715780779706999,-0.005035454869843026,-0.01715780779706999,-0.011252034713424508
2005-10-04,1.5997999906539917,-0.004526880027186153,0.010374093816399421,-0.009493871308381308,0.005847213789213157
2005-10-05,1.6115000247955322,0.001875247529917079,0.008876092158811133,0.0009376237649585395,0.007313435560627468
2005-10-06,1.656499981880188,-0.026993524749741815,0.027924267075556175,-0.026993524749741815,0.027924267075556175
2005-10-07,1.6304999589920044,-0.004950154108503413,-0.0035013636204331844,-0.02994265360241255,-0.015695758027520545
2005-10-10,1.6152000427246094,-0.005090430538927659,-0.0033118322808236567,-0.01177550927152926,-0.00938357353707242
2005-10-11,1.6169999837875366,-0.00030961054757150386,0.0014239133001900939,-0.00693416919570633,0.001114376557278307
2005-10-12,1.6325000524520874,-0.007668541257952133,0.009585695003066386,-0.007977733444339719,0.009585695003066386
2005-10-13,1.6384999752044678,-0.005329257507610929,0.003981626654334658,-0.007779528614719422,0.0036752971268627643
2005-10-14,1.641800045967102,-0.000671311645609185,0.007628958115886375,-0.022886801592522543,0.002014080447100719
2005-10-17,1.6360000371932983,-0.002131869809053888,-0.002131869809053888,-0.011816299201512614,-0.0035327132485168944
2005-10-18,1.63100004196167,-0.007457211261954866,-0.003056231734692605,-0.014303219896758645,-0.003056231734692605
2005-10-19,1.6375000476837158,-0.005027620594336146,0.004904976092362068,-0.007725361099619743,0.003985288506938467
2005-10-20,1.6369999647140503,-0.009771011883364045,-0.00030539417105535094,-0.01044280626012184,-0.00030539417105535094
2005-10-21,1.627500057220459,0.00030548746514647007,0.0021991456400385356,-0.009285289682585018,-0.005803242332537706
2005-10-24,1.6217000484466553,-0.007066052564885572,-0.00030727063108026975,-0.00841782360102139,-0.003563753345550924
2005-10-25,1.6360000371932983,-0.0016033013114123973,0.008879573848671551,-0.002589936963229289,0.0088178999318278
2005-10-26,1.6349999904632568,-0.004034243377709301,0.0,-0.009841105533518801,-0.0006112754934634035
2005-10-27,1.6312999725341797,-0.0015290140830283017,0.0030581010769374917,-0.022018356918302007,-0.0022630079208922904
2005-10-28,1.6299999952316284,-0.0007968965392255445,0.002022969912460537,-0.0050879341167888725,-0.0007968965392255445
2005-10-31,1.6200000047683716,-0.004907985420776972,-0.004907985420776972,-0.014662596388572813,-0.006134963492337775
2005-11-01,1.61899995803833,-0.00913577312559044,-0.0006173127945049428,-0.009691347282046792,-0.0006173127945049428
2005-11-02,1.6230000257492063,-0.003953050830135529,0.0033972071302326157,-0.007473737876215969,0.0024707027884811605
2005-11-03,1.6095000505447388,-0.005114027025619472,-0.001232270005584235,-0.012507720509087439,-0.008317914350146505
2005-11-04,1.6069999933242798,-0.00565397903116438,0.005902396517711184,-0.014352294362130369,-0.001553312918264771
2005-11-07,1.5928000211715698,-0.006658361826974768,-0.0006223066174210201,-0.009147439934133028,-0.008836323716054029
2005-11-08,1.60099995136261,-0.0007534404206154255,0.006403831940949178,-0.004269246241498381,0.005148122854122583
2005-11-09,1.6039999723434448,-0.007245408301508993,0.0018738420187216498,-0.009431606962865269,0.0018738420187216498
2005-11-10,1.5916999578475952,-0.007543629374447747,-0.002306744384584669,-0.009788019272961579,-0.007668338346589421
2005-11-11,1.5855000019073486,-0.004774737725700473,-0.0016962815043902735,-0.006345421451696143,-0.0038951788053261938
2005-11-14,1.5819000005722046,0.0023336599966106153,0.004478073836527097,-0.0022705779443792373,-0.0022705779443792373
2005-11-15,1.5855000019073486,0.0025285722865795446,0.005436498238612808,-0.001959692504992061,0.002275745201240076
2005-11-16,1.5859999656677246,-0.003027412196775714,0.00031533507396686034,-0.006937897937600357,0.00031533507396686034
2005-11-17,1.5850000381469729,-0.005296320025687917,-0.0006304713382075944,-0.007440057869872896,-0.0006304713382075944
2005-11-18,1.6065000295639038,-0.0049842267687049135,0.01356466302806325,-0.0056151710626941576,0.01356466302806325
2005-11-21,1.5989999771118164,-0.005726720667150409,0.0012449263703633306,-0.009274875839427432,-0.004668566644299044
2005-11-22,1.5923000574111938,-0.004440266527820258,0.0028142786339375725,-0.007317094627276588,-0.004190068665744562
2005-11-23,1.6019999980926514,0.004710125587128022,0.006405767803850049,-0.0017585297376744302,0.006091779395667407
2005-11-24,1.5887999534606934,-0.005493152162993731,-0.0029962309921829355,-0.008426950824307666,-0.008239728244490707
2005-11-25,1.582800030708313,6.295103025100168e-05,0.0023288129641607647,-0.004028190656836572,-0.0037763865358325654
2005-11-28,1.5913000106811523,-0.0012635672302194756,0.006444290784198836,-0.015352526370008612,0.005370217215017181
2005-11-29,1.5950000286102295,0.0016338557076924776,0.004524604173920865,-0.005592940544732472,0.002325154216201719
2005-11-30,1.597499966621399,-0.0030094552770850713,0.0034482500898742607,-0.006269586384879178,0.0015673592265372793
2005-12-01,1.593500018119812,-0.005758984108487297,-0.0025038801785057796,-0.011017177256792299,-0.0025038801785057796
2005-12-02,1.587499976158142,-0.007028597586324126,-0.0037653228073065703,-0.015374968383542242,-0.0037653228073065703
2005-12-05,1.586300015449524,-0.004535434821052786,0.0050393803669994686,-0.006425211845235923,-0.0007558807726865124
2005-12-06,1.590999960899353,0.00031517604205166805,0.004854041704388523,-0.0029629103028072645,0.0029628351535364583
2005-12-07,1.5915000438690186,-0.025141397131409282,0.00031431991323427333,-0.025141397131409282,0.00031431991323427333
2005-12-08,1.600000023841858,-0.007791411088898026,0.00534086065883832,-0.007791411088898026,0.00534086065883832
2005-12-09,1.6030000448226929,-0.0054375081444157924,0.001875013085081978,-0.009312480549328317,0.001875013085081978
2005-12-12,1.6230000257492063,-0.0051154392832450934,0.012476594115582662,-0.007111730037594466,0.012476594115582662
2005-12-13,1.6059999465942385,-0.036352442589489886,-0.007886616175693972,-0.036352442589489886,-0.010474478672371057
2005-12-14,1.6079000234603882,-0.0023660743711599874,0.001183111413035176,-0.0031133221655652576,0.001183111413035176
2005-12-15,1.6139999628067017,-0.0035449916640983847,0.003793730491517655,-0.004166949942256304,0.003793730491517655
2005-12-16,1.618000030517578,-0.005390342850799423,0.0024783567553001706,-0.005390342850799423,0.0024783567553001706
2005-12-19,1.6169999837875366,-0.004449939761734578,-0.0006180758412726028,-0.007107540628411124,-0.0006180758412726028
2005-12-20,1.597499966621399,-0.006122432881004003,-0.0052566357811146824,-0.015337008793399276,-0.012059379939177495
2005-12-21,1.590000033378601,-0.001940481020500151,0.0007512237514757381,-0.007699539751392592,-0.004694793990299484
2005-12-22,1.6035000085830688,0.0005031531606167761,0.009433953069178047,-0.0027044013793189325,0.008490550264820707
2005-12-23,1.600000023841858,-0.006672895138275736,-0.0021827157608210745,-0.010976027075191408,-0.0021827157608210745
2005-12-26,1.5612000226974487,-0.024250000353902568,-0.024250000353902568,-0.024250000353902568,-0.024250000353902568
2005-12-27,1.600499987602234,0.01626948690450236,0.025172921043699947,0.016013307580502678,0.025172921043699947
2005-12-28,1.5925999879837036,-0.0075601258367461455,0.002811641053489744,-0.0075601258367461455,-0.004935957313167982
2005-12-29,1.5954999923706057,-0.0011929911284664918,0.0021348538069387857,-0.0053999727688435195,0.0018209245314473321
2005-12-30,1.593500018119812,-0.002068286787292206,0.0,-0.01071762871913573,-0.0012535094079330067
2006-01-02,1.587499976158142,-0.004330136190346501,-0.0014433787301154632,-0.004330136190346501,-0.0037653228073065703
2006-01-03,1.6069999933242798,0.003401613662023184,0.012283475564723423,-6.300257980174084e-05,0.012283475564723423
2006-01-04,1.6154999732971191,-0.0005600685375527492,0.005289346613658763,-0.020535154018476942,0.005289346613658763
2006-01-05,1.6139999628067017,-0.006375686292798499,-0.0009285116157297102,-0.007675661587585925,-0.0009285116157297102
2006-01-06,1.6165000200271606,-0.005576173445236421,0.0018587491015911173,-0.02534076389816753,0.001548982204504723
2006-01-09,1.6115000247955322,-0.006557358915088574,-0.0015465865694310743,-0.010887757062311487,-0.0030930993935555096
2006-01-10,1.6230000257492063,-0.006577704408605833,0.009494207900701879,-0.006639768691816594,0.007136208983386849
2006-01-11,1.6125999689102173,-0.007208893380109105,-0.006407921548977291,-0.01028960511905086,-0.006407921548977291
2006-01-12,1.6065000295639038,0.0004961016728257661,0.0023564644650082567,-0.008185492792480265,-0.003782673610266629
2006-01-13,1.6110999584197998,-0.002552184394246537,0.002925580680571027,-0.0026766250882382936,0.002863323231400594
2006-01-16,1.6030999422073364,0.001179366218849287,0.0014896907010535365,-0.005089647075084414,-0.004965561677693797
2006-01-17,1.618000030517578,0.0006862100702591523,0.009294547344144588,-0.002058481487312025,0.009294547344144588
2006-01-18,1.6054999828338623,-0.007292985483874581,-0.0006180758412726028,-0.007910987648208523,-0.007725616469683838
2006-01-19,1.616000056266785,-0.000622813784766918,0.008097173206533137,-0.003363402339338517,0.00654006449404565
2006-01-20,1.6165000200271606,-0.007920852116234167,0.00030938350431175543,-0.009901009819201056,0.00030938350431175543
2006-01-23,1.628999948501587,0.0024125777045076457,0.007732711611235343,-0.0022889068253861833,0.007732711611235343
2006-01-24,1.6176999807357788,-0.005831742046603305,-0.0024554626323138873,-0.011111052567566171,-0.006936751456746326
2006-01-25,1.6165000200271606,-0.0011744808552177632,0.0035853426734699934,-0.003770748234502186,-0.0007417696253371187
2006-01-26,1.6165000200271606,-0.0025981946411498535,0.0009279371925972058,-0.005443878531155688,0.0
2006-01-27,1.5976999998092651,-0.004948973778750032,-0.0032168440179835,-0.024435507332680184,-0.011630077318266707
2006-01-30,1.600499987602234,-0.0005007282607941699,0.005194934459513245,-0.005257534818745135,0.0017525116062484525
2006-01-31,1.6050000190734863,-0.002249297946285922,0.0037488547379862514,-0.004810975626560188,0.002811641053489744
2006-02-01,1.597499966621399,-0.004610614187049111,-0.0021806758253071212,-0.010093498704221049,-0.004672929821157856
2006-02-02,1.6030000448226929,-0.006635349633204779,0.004694868612704628,-0.007511715157922261,0.003442928523451627
2006-02-03,1.594499945640564,-0.00449157983091919,-0.00449157983091919,-0.016718674785391685,-0.005302619428852906
2006-02-06,1.5805000066757202,-0.005393538325470182,-0.004954531130671569,-0.025399766067181084,-0.008780143895972037
2006-02-07,1.5835000276565552,0.0012654060375487663,0.0053780322283689674,-0.017019963878944333,0.0018981467688474751
2006-02-08,1.593000054359436,0.000694628415202958,0.008209669224528371,-0.0035364543657286918,0.005999385245947897
2006-02-09,1.5894999504089355,-0.006089177375858679,-0.0021971775461789855,-0.00998117720553826,-0.0021971775461789855
2006-02-10,1.5829999446868896,-0.005158811227978011,-0.003145640382273718,-0.011827556838721054,-0.004089339996754093
2006-02-13,1.5789999961853027,-0.005306357342019785,-0.0015792407444865653,-0.009538852063450398,-0.0025268153135520333
2006-02-14,1.5714000463485718,-0.0031665581024116207,-0.0009499749803935087,-0.00842301586366867,-0.004813141136853494
2006-02-15,1.5839999914169312,-0.0005727568471184386,0.012472899308056729,-0.0023545996054122886,0.008018292412322214
2006-02-16,1.5774999856948853,-0.005176798891895484,-0.0037879052993571305,-0.011616132539056245,-0.004103538988173505
2006-02-17,1.5750000476837158,-0.005198054050965961,-0.0015847467726398667,-0.011410463923263503,-0.0015847467726398667
2006-02-20,1.562800049781799,-0.0035556156353536705,-0.001269900571129745,-0.02768259116028704,-0.007746030179401453
2006-02-21,1.5607999563217163,0.0001279203815003349,0.0001279203815003349,-0.0051830256900281535,-0.0012798140493801569
2006-02-22,1.5652999877929688,0.004933422511171903,0.00954644331574439,0.0010892130483461937,0.002883157097119282
2006-02-23,1.5657000541687012,0.000319404436385895,0.0009582894666295694,-0.0024276717259598124,0.0002555844750862235
2006-02-24,1.5575000047683716,-0.00044708240660684684,6.380365407632205e-05,-0.005237305433117179,-0.005237305433117179
2006-02-27,1.5470000505447388,-0.016950221492007422,-0.0007063006873879729,-0.022728753058588902,-0.006741543622142299
2006-02-28,1.5578999519348145,0.0013574601009138654,0.009437568740874758,-0.0009049734006093546,0.007045831308303718
2006-03-01,1.549399971961975,0.0005777201128933651,0.003851365393662265,-0.005648572319692513,-0.005456049961541476
2006-03-02,1.5543999671936035,-0.01510258777413076,0.00684133923414465,-0.01510258777413076,0.003227052615276005
2006-03-03,1.5729999542236328,0.0014796861046937337,0.01196602381793066,-0.0025089629374446254,0.01196602381793066
2006-03-06,1.5638999938964844,-0.029434161306164053,-0.0003178409249368075,-0.029434161306164053,-0.005785098914157238
2006-03-07,1.5855000019073486,-0.01847945993214084,0.013811629960460259,-0.01847945993214084,0.013811629960460259
2006-03-08,1.618000030517578,-0.025922437797261777,0.020498283551644292,-0.025922437797261777,0.020498283551644292
2006-03-09,1.6104999780654907,-0.03213847020740335,-0.004635384617198035,-0.03213847020740335,-0.004635384617198035
2006-03-10,1.597100019454956,-0.0089413260085065,-0.0019248914107353743,-0.02620302382268702,-0.00832037180567402
2006-03-13,1.5979000329971311,-0.015089891013555845,0.006824882891858675,-0.01941019206197958,0.0005009163686868767
2006-03-14,1.5944000482559204,-0.0011265161994147288,0.007822722458413534,-0.013705524338456954,-0.002190365272504491
2006-03-15,1.595900058746338,0.001003454482337185,0.005707451111220507,-0.016244358699425532,0.0009407993257766201
2006-03-16,1.5985000133514404,-0.0015665499896171386,0.007268561884401503,-0.015477188217560167,0.0016291462556528025
2006-03-17,1.606600046157837,-0.0018142035424958403,0.011260560854160495,-0.01776669582577317,0.005067271028302178
2006-03-20,1.625,-0.0002490142936876216,0.011452728316650118,-0.0002490142936876216,0.011452728316650118
2006-03-21,1.6145999431610107,-0.007938458369328383,-0.001907715430626511,-0.008923090421236513,-0.006400034977839586
2006-03-22,1.6195000410079956,0.005202578275675052,0.0073083433363509975,-0.0009289553659908023,0.0030348680908482972
2006-03-23,1.6074999570846558,-0.005433794091886157,0.0,-0.029021333346484712,-0.007409745983007698
2006-03-24,1.6028000116348269,-0.00404354954623698,0.0034215106364723358,-0.005163264078728691,-0.002923760855554014
2006-03-27,1.622499942779541,0.00748687585908514,0.012290947717563672,0.0002495302991885051,0.012290947717563672
2006-03-28,1.631999969482422,-0.00456081165475275,0.005855178451720899,-0.00875190918551505,0.005855178451720899
2006-03-29,1.6330000162124634,-0.00404413139668891,0.0018382481843957077,-0.00919116787706964,0.0006127737431014246
2006-03-30,1.6259000301361084,-0.0034292562953708305,0.000612325481215148,-0.028230263289006907,-0.004347817517370567
2006-03-31,1.617900013923645,0.002029615285183528,0.0031367314908867794,-0.004920361685332941,-0.004920361685332941
2006-04-03,1.617400050163269,-0.016626523760918555,0.0059336443625663815,-0.016626523760918555,-0.00030902018423473177
2006-04-04,1.6345000267028809,-0.022690743886138676,0.01057250897073092,-0.022690743886138676,0.01057250897073092
2006-04-05,1.62909996509552,-0.0022025091932277308,0.002141318252695923,-0.022820428292823824,-0.003303800256433065
2006-04-06,1.625300049781799,0.0008593664762630571,0.006997719356695686,-0.004296832381315285,-0.0023325243356064895
2006-04-07,1.6089999675750732,-0.00203043786473589,-0.00012307462114014012,-0.010028968010500128,-0.010028968010500128
2006-04-10,1.61080002784729,-0.013610900574708817,0.009011822390750046,-0.013610900574708817,0.0011187447535687678
2006-04-11,1.6198999881744385,0.0,0.006642654101389978,0.0,0.005649342047324035
2006-04-12,1.6260000467300415,-0.0004321235590791783,0.004074339381542336,-0.0050619978090629125,0.0037657007223499406
2006-04-13,1.628499984741211,-0.023985260277640474,0.001537477207455673,-0.023985260277640474,0.001537477207455673
2006-04-14,1.593500018119812,-0.021492150414088473,0.0,-0.021492150414088473,-0.021492150414088473
2006-04-17,1.649500012397766,0.0,0.03514276350246237,0.0,0.03514276350246237
2006-04-18,1.6430000066757202,-0.03394967799760762,-0.003940591496326862,-0.03394967799760762,-0.003940591496326862
2006-04-19,1.6584999561309814,-0.02355446402509631,0.009433931462132117,-0.02355446402509631,0.009433931462132117
2006-04-20,1.6313999891281128,-0.015797369647136184,-0.015737064192461125,-0.019837188210377055,-0.01634004686143531
2006-04-21,1.631999969482422,-0.022312100502916432,0.0025131574861116945,-0.022312100502916432,0.00036777023311729273
2006-04-24,1.6410000324249268,-0.02291667153632737,0.005514744553187123,-0.02291667153632737,0.005514744553187123
2006-04-25,1.6323000192642212,-0.024680099952737455,-0.0007313101122455867,-0.026081698969889322,-0.005301653253381944
2006-04-26,1.649999976158142,-0.02089080150225764,0.011149935458427684,-0.02089080150225764,0.01084356839124423
2006-04-27,1.6545000076293943,-0.024787874290984724,0.0027272918401672896,-0.024787874290984724,0.0027272918401672896
2006-04-28,1.6660000085830688,-0.027500779597767755,0.006950740949316803,-0.027500779597767755,0.006950740949316803
2006-05-01,1.6576000452041626,-0.02695081600761795,-0.005041994799298011,-0.02695081600761795,-0.005041994799298011
2006-05-02,1.655400037765503,-0.02201984515306299,0.005369164392238002,-0.02201984515306299,-0.0013272245286338746
2006-05-03,1.6664999723434448,-0.016431063776896404,0.006705288344033722,-0.016431063776896404,0.006705288344033722
2006-05-04,1.6643999814987185,-0.02490247406670354,0.002100200899667115,-0.02490247406670354,-0.0012601205398001802
2006-05-05,1.6775000095367432,-0.023672183331341135,0.009372726641793783,-0.023672183331341135,0.007870721090869504
2006-05-08,1.674100041389465,-0.023844984575632666,0.00447089907610132,-0.023844984575632666,-0.002026806633650624
2006-05-09,1.7130000591278076,-0.017501996849900947,0.023236375829760014,-0.017501996849900947,0.023236375829760014
2006-05-10,1.7374999523162842,-0.028021071580826562,0.014302330614600844,-0.028021071580826562,0.014302330614600844
2006-05-11,1.7454999685287476,-0.030561146099753245,0.013237411532982746,-0.030561146099753245,0.0046043260040373735
2006-05-12,1.777999997138977,0.0,0.04033228352210694,0.0,0.018619323515441266
2006-05-15,1.906000018119812,0.03211476810675462,0.10247466551167284,0.025646826052660776,0.07199101304094646
2006-05-16,1.85290002822876,-0.013326360069466747,-0.006348363689901326,-0.0423924741287387,-0.027859385826991212
2006-05-17,1.815000057220459,-0.0049651771714182,0.022937027592423886,-0.022829070776179794,-0.020454406838414596
2006-05-18,1.8633999824523928,0.03840213843725082,0.06126720193277979,0.03840213843725082,0.02666662463143643
2006-05-19,1.8558000326156616,0.02758402163040241,0.02758402163040241,0.0076204638222767684,-0.004078539180154439
2006-05-22,1.882699966430664,0.0,0.06169841823189093,0.0,0.014495060535745452
2006-05-23,1.9129999876022337,0.044244965185086915,0.044244965185086915,0.011101084312571174,0.016093919218054697
2006-05-24,1.9594999551773071,0.03491897476022143,0.0407214075146225,0.019184532429444845,0.024307353829811973
2006-05-25,1.9594999551773071,0.0,0.0,0.0,0.0
2006-05-26,1.9323999881744385,-0.023628443708240576,0.00984950427611242,-0.023628443708240576,-0.013830042165230094
2006-05-29,1.916599988937378,0.0003622422648137391,0.009780602839727592,-0.0005175153882018835,-0.008176360657084714
2006-05-30,1.944200038909912,0.034070744114515605,0.03902745222143156,0.02243555414904419,0.014400527043640698
2006-05-31,1.977300047874451,0.0,0.04135376425918924,0.0,0.017025001698435016
2006-06-01,1.9586000442504885,0.013958392805843545,0.013958392805843545,-0.007737842060506761,-0.009457342422089399
2006-06-02,1.929800033569336,-0.0023486408461438346,0.04549161749217645,-0.01164101266907569,-0.014704385801325603
2006-06-05,1.929800033569336,0.0555497489056318,0.0555497489056318,0.0555497489056318,0.0
2006-06-06,1.96809995174408,0.051041564741428624,0.05207786643420298,0.027463971590409253,0.019846573483525587
2006-06-07,1.9485000371932983,0.012346983900718422,0.013871246816779648,-0.0018799343582673878,-0.009958800381765553
2006-06-08,1.9458999633789065,-0.0036438213707102873,0.017038699366413557,-0.0036438213707102873,-0.0013343976211245279
2006-06-09,1.9069000482559204,0.00046252641607802403,0.0033403596507390887,-0.009044627489188661,-0.020042096642658658
2006-06-12,1.9170000553131104,0.016466497714431316,0.028580409255001715,0.013215170542921983,0.0052965581842778775
2006-06-13,1.985200047492981,0.04887841908960411,0.05795511487434646,0.037923788390271884,0.03557641638603459
2006-06-14,1.9700000286102293,0.0,0.0169252326823921,-0.0028209221545703045,-0.00765666860725045
2006-06-15,1.9630999565124512,0.0,0.02243651923886647,0.0,-0.003502574618055143
2006-06-16,1.9744000434875488,0.018389297919147785,0.025164327984106505,0.005756246358016748,0.005756246358016748
2006-06-19,1.9852999448776243,0.0,0.022639741854897366,0.0,0.005520614439828542
2006-06-20,1.992400050163269,0.012592543621756436,0.030625073293629734,0.012592543621756436,0.0035763388318041933
2006-06-21,2.0480000972747803,0.0301646044269821,0.057117008007257386,0.021832997745589777,0.02790606590626976
2006-06-22,2.0897998809814453,0.017871031620146027,0.03876944354060896,0.0032713868032760995,0.02041004966859461
2006-06-23,2.0929999351501465,0.010479557014649643,0.04718162253332925,0.005024496717494387,0.001531273017011614
2006-06-26,2.095599889755249,0.011562333189576002,0.02771146179413364,-0.014237906892131114,0.0012422143744195147
2006-06-27,2.0165998935699463,-0.0034357716401335336,-0.0034357716401335336,-0.025577322610185305,-0.03769803413882089
2006-06-28,1.9850000143051147,0.021372667317157035,0.021719784735180214,-0.0063968443527152585,-0.0156698804584835
2006-06-29,1.965000033378601,0.01062968508268991,0.019596986124939653,0.0063475793337814945,-0.010075557069209928
2006-06-30,1.9589999914169312,0.02066154784614871,0.026564864563992874,0.007888014855964576,-0.0030534564171754708
2006-07-03,1.975000023841858,0.030066359838140766,0.030066359838140766,0.005104640381352832,0.008167448951009959
2006-07-04,1.9372999668121336,-0.001113927803595649,-0.000810140286093719,-0.009316492571812773,-0.019088636240311763
2006-07-05,1.972000002861023,0.019924682716714326,0.0511537266364126,0.019924682716714326,0.017911545265749007
2006-07-06,1.986500024795532,0.032352929619669846,0.03813385474299724,0.0041582400549859955,0.007352952288778969
2006-07-07,1.940999984741211,-0.001912929511994954,0.012333195511033734,-0.011024443754999336,-0.02290462596848164
2006-07-10,1.9600000381469729,0.02514167542055512,0.026738809680801667,0.009788796267453437,0.009788796267453437
2006-07-11,1.9294999837875368,0.0031632427650909456,0.004591807937781356,-0.006275517477784653,-0.015561251921337393
2006-07-12,1.9430999755859373,0.014563365622709545,0.024825064459203405,0.014200578914171702,0.007048453958369061
2006-07-13,1.9664000272750852,0.02300449131479554,0.03834083930801069,0.02300449131479554,0.011991174917349134
2006-07-14,1.9600000381469729,0.016578481256455335,0.02796986716081795,0.009357177373344738,-0.003254673026515942
2006-07-17,1.957900047302246,0.020663226951614044,0.021734650831131797,0.010050985082295627,-0.0010714238795179742
2006-07-18,1.9420000314712524,0.010317122640107979,0.011083254952369836,0.002196229725470955,-0.008120953800936914
2006-07-19,1.9264999628067017,0.009938199621783772,0.014160614687775075,0.004016469051593141,-0.007981497638189006
2006-07-20,1.916100025177002,0.009187685670869916,0.01629903197599747,0.0064884754347487306,-0.005398358593554309
2006-07-21,1.9259999990463257,0.0,0.023902703421028404,0.0,0.005166731245363376
2006-07-24,1.9170000553131104,0.01635513078701223,0.017964703775746882,0.006438230060188399,-0.0046728679842532594
2006-07-25,1.901000022888184,0.011580588275751369,0.012884676924178828,0.002816871279218258,-0.00834639121714209
2006-07-26,1.9179999828338623,0.0,0.012624896969562815,0.0,0.008942640579167493
2006-07-27,1.8760000467300413,-0.019290897394860562,0.0009385090137263852,-0.019290897394860562,-0.021897777101001714
2006-07-28,1.861999988555908,0.008315546727403422,0.01455223854515375,0.004904038748355877,-0.007462717390938289
2006-07-31,1.8550000190734863,0.0,0.020354442127410888,0.0,-0.0037593821296694196
2006-08-01,1.875,0.02388137988189354,0.03455527031011374,0.010781660765967649,0.010781660765967649
2006-08-02,1.8839999437332156,0.022720019022623772,0.02853336334228529,0.0047999699910483695,0.0047999699910483695
2006-08-03,1.868000030517578,0.007271766879773045,0.020435282230215845,0.00504247716911066,-0.008492523191870771
2006-08-04,1.866000056266785,0.01622056781400305,0.017558864371994165,-0.0032120138456354086,-0.0010706500096998584
2006-08-07,1.843500018119812,0.007609845511536983,0.01280809866746857,0.0004822673631741381,-0.012057897893094194
2006-08-08,1.835800051689148,0.0,0.019256810432788152,0.0,-0.004176819286672573
2006-08-09,1.8330999612808228,0.0,0.019337580009931354,0.0,-0.0014707976535031086
2006-08-10,1.8272000551223757,0.011183276596577585,0.01609296178740971,0.005946222699033443,-0.0032185403322602113
2006-08-11,1.8140000104904173,0.0,0.012094992942499827,0.0,-0.007224192334579604
2006-08-14,1.8562999963760376,0.016152135761899444,0.0255788041415701,0.013065048907680898,0.02331862493991088
2006-08-15,1.8559999465942385,0.0023703145428590755,0.00937349908709817,-0.0029089815270232355,-0.0001616386265069769
2006-08-16,1.8174999952316284,-0.008890084407373267,-0.0018857676950009283,-0.008890084407373267,-0.02074350887415566
2006-08-17,1.8420000076293943,0.0,0.016506174122959072,0.0,0.013480061877328087
2006-08-18,1.8639999628067017,-0.0018458024610180646,0.003420180514704718,-0.0034744783396333245,0.011943515247657688
2006-08-21,1.8650000095367432,-0.027360515055769086,0.00858370855374635,-0.027360515055769086,0.0005365057671651297
2006-08-22,1.871000051498413,-0.016300288262762197,0.0005362180830712493,-0.016300288262762197,0.0032171806600473918
2006-08-23,1.878499984741211,-0.025120282870702337,0.004008515786406042,-0.025120282870702337,0.004008515786406042
2006-08-24,1.8854999542236328,-0.027149320979819813,0.008410965858611563,-0.027149320979819813,0.003726361213352014
2006-08-25,1.89900004863739,-0.01564572174256096,0.0007955505313363975,-0.01564572174256096,0.007159954782028022
2006-08-28,1.900500059127808,-0.02711957909266216,0.0007898949194311555,-0.02711957909266216,0.0007898949194311555
2006-08-29,1.8865000009536743,-0.01973166149706307,-0.006682494331208266,-0.01973166149706307,-0.0073665128853290796
2006-08-30,1.888800024986267,-0.01982507671827105,0.0018552794802235706,-0.01982507671827105,0.0012192017129233346
2006-08-31,1.874500036239624,-0.02345408659449022,-0.0075709384569427884,-0.02345408659449022,-0.0075709384569427884
2006-09-01,1.867300033569336,-0.02373965989008464,0.0007468625603725965,-0.02373965989008464,-0.0038410256234145956
2006-09-04,1.8487999439239504,-0.013013430500212975,0.0006426180512215662,-0.013013430500212975,-0.009907400692336865
2006-09-05,1.857499957084656,-0.007193824329296161,0.0026504208111259864,-0.007193824329296161,0.004705762345622144
2006-09-06,1.8687000274658203,-0.020619068134383967,0.006029647720015463,-0.020619068134383967,0.006029647720015463
2006-09-07,1.8703999519348145,-0.023117683623257945,0.010328026807194357,-0.023117683623257945,0.0009096829046979504
2006-09-08,1.8839999437332156,-0.011441389741729369,0.006362311609929394,-0.011441389741729369,0.007271167743739815
2006-09-11,1.8450000286102293,-0.016985109658312902,-0.0009022953926560717,-0.016985109658312902,-0.02070059250941725
2006-09-12,1.8320000171661377,0.0,0.016476920371168102,0.0,-0.007046076554201419
2006-09-13,1.8179999589920044,0.0,0.018067690313529727,0.0,-0.007641953080213093
2006-09-14,1.830000042915344,0.02414742242035639,0.03245325444974245,0.006600706377349441,0.006600706377349441
2006-09-15,1.8240000009536743,0.0,0.022896130342782817,0.0,-0.003278711377575183
2006-09-18,1.809999942779541,0.0,0.014144731187954118,0.0,-0.007675470486191549
2006-09-19,1.8209999799728396,0.022486231655929112,0.027900572863222894,0.02022105749839631,0.006077368807209105
2006-09-20,1.8229999542236328,0.0,0.022954433050497602,0.0,0.0010982835105923794
2006-09-21,1.840000033378601,0.0,0.03302254343847988,0.0,0.009325331641167445
2006-09-22,1.9149999618530276,0.0,0.07195647513427073,0.0,0.04076082995319941
2006-09-25,1.8799999952316284,0.0,0.01378594767091812,-0.0019321242834370311,-0.018276745336084366
2006-09-26,1.906000018119812,0.0,0.029468092587318973,0.0,0.013829799443685786
2006-09-27,1.8509999513626096,0.0,0.0,-0.012749201982626857,-0.02885627819219938
2006-09-28,1.870000004768372,0.0,0.03025391450536241,0.0,0.010264750894118269
2006-09-29,1.870000004768372,0.0,0.02561495259327007,0.0,0.0
2006-10-02,1.8799999952316284,0.0,0.025133716804754735,0.0,0.005347588469388764
2006-10-03,1.8799999952316284,0.0,0.0,0.0,0.0
2006-10-04,1.875,0.021755314943017634,0.026648919700685836,0.011914905111624519,-0.00265957193846289
2006-10-05,1.8600000143051147,0.0,0.01285330454508471,0.0,-0.007999992370605447
2006-10-06,1.8459999561309812,0.0,0.015537648953127592,0.0,-0.007526912938957131
2006-10-09,1.850000023841858,0.0,0.023781156020166172,0.0,0.0021668839685458074
2006-10-10,1.840000033378601,0.0,0.01745945676005234,0.0,-0.005405400180747089
2006-10-11,1.830000042915344,0.008858675381383962,0.014836956356248931,0.0071195155386389875,-0.00543477732709341
2006-10-12,1.825000047683716,0.0,0.02092891654457496,-0.002732237767416934,-0.002732237767416934
2006-10-13,1.809999942779541,0.0,0.010630137022093145,-0.001863061516564346,-0.008219235349178788
2006-10-16,1.809999942779541,0.011215486933739305,0.01845307171393995,0.010000013172297706,0.0
2006-10-17,1.807000041007996,0.0,0.023535932052020092,0.0,-0.001657404346067648
2006-10-18,1.8128999471664429,0.0,0.02517981173904693,0.0,0.0032650282371635697
2006-10-19,1.7899999618530271,0.0,0.014396844968147082,0.0,-0.012631687341162046
2006-10-20,1.7979999780654907,0.0,0.027206757128982018,0.0,0.004469282895504634
2006-10-23,1.7950999736785889,0.0,0.01968856141768094,-0.001612905685361543,-0.001612905685361543
2006-10-24,1.809999942779541,0.0,0.028410673385401708,0.0,0.008300356146971888
2006-10-25,1.7999999523162842,0.01618789755640715,0.01618789755640715,-0.005524856784194343,-0.005524856784194343
2006-10-26,1.7999999523162842,0.0,0.018055571928436764,0.0,0.0
2006-10-27,1.8029999732971191,0.0,0.019277798315625594,0.0,0.0016666783668379814
2006-10-30,1.81850004196167,0.0,0.0264004612335087,0.0,0.00859682135003359
2006-10-31,1.812999963760376,0.012922719343120947,0.01886168209056316,0.01011820369402594,-0.0030245136510201887
2006-11-01,1.8200000524520876,0.02189742530285277,0.02189742530285277,0.0038610528580445003,0.0038610528580445003
2006-11-02,1.830000042915344,0.016978022327113207,0.029560431477355875,0.01450547763394705,0.005494500096185906
2006-11-03,1.8350000381469729,0.02218576024875807,0.022458964482993782,-0.004098389221969034,0.002732237767417489
2006-11-06,1.8049999475479128,0.0,0.0011989141105854806,-0.016348822874878488,-0.016348822874878488
2006-11-07,1.7999999523162842,0.0,0.023656539336391447,0.0,-0.0027700805412327334
2006-11-08,1.819000005722046,0.022500025497543152,0.0319444479397788,0.022500025497543152,0.010555585505050757
2006-11-09,1.809999942779541,0.0,0.01621770617734808,0.0,-0.004947808089166172
2006-11-10,1.8178999423980715,0.0,0.027790057286322112,0.0,0.004364640811202802
2006-11-13,1.8200000524520876,0.0,0.02315862987019357,0.0,0.001155239628450433
2006-11-14,1.8154000043869016,0.0,0.018681274127189784,0.0,-0.00252749886407333
2006-11-15,1.815999984741211,0.0,0.020711711107706865,0.0,0.0003304948511950734
2006-11-16,1.7999999523162842,0.0,0.014592503783713351,0.0,-0.008810590616390779
2006-11-17,1.8009999990463257,0.0,0.029444496616906513,0.0,0.0005555815314075563
2006-11-20,1.8394999504089355,0.0,0.035980024468021066,0.0,0.021376985776233592
2006-11-21,1.840000033378601,0.0,0.019842401361843676,0.0,0.00027185810445629066
2006-11-22,1.8589999675750728,0.0,0.0323913013760444,0.0,0.010326051006414483
2006-11-23,1.878000020980835,-0.010220513463082948,0.02867134158611373,-0.010220513463082948,0.010220577588576418
2006-11-24,1.8877999782562256,0.0,0.02593182879108724,0.0,0.005218294550535907
2006-11-27,1.883900046348572,0.0,0.01885796514198579,0.0,-0.0020658607652151995
2006-11-28,1.9112000465393064,0.0,0.03333506503926764,0.0,0.01449121477736992
2006-11-29,1.8868000507354736,0.0,0.013342370917524882,0.0,-0.012766845547128813
2006-11-30,1.8799999952316284,0.0,0.019715906858046583,0.0,-0.003604014904067143
2006-12-01,1.879699945449829,0.0,0.029521292903375684,0.0,-0.00015960094817035753
2006-12-04,1.9019999504089355,0.0,0.02814282994502948,0.0,0.011863598237095152
2006-12-05,1.899799942970276,0.0,0.015036854599510763,0.0,-0.0011566811230391272
2006-12-06,1.9110000133514404,0.0,0.010369539396450023,0.0,0.005895394629633177
2006-12-07,1.893499970436096,-0.016221882733242543,0.0024070794472830226,-0.016221882733242543,-0.009157531550538
2006-12-08,1.8630000352859497,-0.019804607566600962,0.0049643571458746205,-0.019804607566600962,-0.016107702997809836
2006-12-11,1.8492000102996824,0.0,0.01368756813501859,0.0,-0.007407420678952947
2006-12-12,1.8450000286102293,0.0,0.020711679196793176,0.0,-0.002271242518959604
2006-12-13,1.8509999513626096,0.0,0.022709983122032318,0.0,0.003251990601268462
2006-12-14,1.861999988555908,0.0,0.013560234149978312,0.0,0.005942753907260068
2006-12-15,1.830000042915344,-0.013372695873924312,0.001772325876969516,-0.017185792608614303,-0.017185792608614303
2006-12-18,1.825500011444092,0.0,0.01792347454292198,0.0,-0.0024590335331812208
2006-12-19,1.850000023841858,0.0,0.032593798217561476,0.0,0.013420987260572392
2006-12-20,1.850000023841858,0.0,0.018756711563461925,0.0,0.0
2006-12-21,1.8450000286102293,0.0,0.015945949864439646,0.0,-0.0027027000903736553
2006-12-22,1.840000033378601,0.0,0.018590769182260658,0.0,-0.0027100244737635615
2006-12-25,1.840000033378601,0.0,0.0,0.0,0.0
2006-12-26,1.840000033378601,0.013043439669961243,0.013043439669961243,0.013043439669961243,0.0
2006-12-27,1.861299991607666,0.01288043392698901,0.016195618294194025,0.011412993514302139,0.0115760640449305
2006-12-28,1.8243999481201167,-0.013431459877968788,0.0009133636092779618,-0.013431459877968788,-0.01982487705040903
2006-12-29,1.82260000705719,0.015018645891160753,0.0192392586180401,0.011894335245491217,-0.0009865934631172468
2007-01-01,1.82260000705719,0.0,0.019422820618929526,0.0,0.0
2007-01-02,1.8371000289916992,0.02287940599684335,0.02545810973415863,0.018599814756639743,0.00795567973135336
2007-01-03,1.8194999694824217,0.0,0.012193142017059344,0.0,-0.009580349045521186
2007-01-04,1.8179999589920044,0.0,0.018631504850399994,0.0,-0.0008244080877033433
2007-01-05,1.838000059127808,0.0,0.03217824687457549,0.0,0.011001155438360222
2007-01-08,1.868399977684021,0.01604999318340794,0.024918372771198127,0.013384063651272537,0.016539672240619252
2007-01-09,1.825000047683716,-0.016270562470191874,0.0026760839709631945,-0.016270562470191874,-0.02322839355527151
2007-01-10,1.846500039100647,0.0,0.032657530989515404,0.0,0.011780816906946656
2007-01-11,1.8424999713897705,0.0,0.008610893850150125,-0.0021662971168009415,-0.0021662971168009415
2007-01-12,1.840000033378601,-0.012211625121878011,0.0015739508450109962,-0.012211625121878011,-0.0013568184803193217
2007-01-15,1.8049999475479128,5.435684354293535e-05,0.0004890820165728282,-0.005597847857721661,-0.019021785432482452
2007-01-16,1.8395999670028689,0.0,0.02409976014826065,0.0,0.019168986404658916
2007-01-17,1.805999994277954,-0.015003224210865529,0.0035877486596893604,-0.015003224210865529,-0.01826482568362775
2007-01-18,1.7984999418258667,0.0,0.018715396467259726,0.0,-0.0041528529766612365
2007-01-19,1.7920000553131104,0.0,0.021295545522870718,0.0,-0.0036140598960251458
2007-01-22,1.784000039100647,0.0,0.019531230770684083,0.0,-0.004464294623621301
2007-01-23,1.7968000173568726,0.0,0.029988753298719528,0.0,0.007174875546907655
2007-01-24,1.7975000143051147,0.0,0.021371290292596656,0.0,0.00038957977597964266
2007-01-25,1.8447999954223635,0.0,0.026314314737590827,0.0,0.026314314737590827
2007-01-26,1.8125,0.0004878740992746433,0.0025476720845030165,-0.007643080872595576,-0.017508670588959108
2007-01-29,1.839100003242493,0.0,0.0220689444706359,0.0,0.014675863857927185
2007-01-30,1.815999984741211,-0.02261975360993629,0.0037518095135247176,-0.02261975360993629,-0.01256050158259725
2007-01-31,1.7975000143051147,0.0,0.009856822815082822,0.0,-0.010187208475518017
2007-02-01,1.7949999570846558,0.0,0.01696797491372304,0.0,-0.0013908524064326633
2007-02-02,1.7860000133514404,0.0,0.01548751188025177,0.0,-0.005013896350077096
2007-02-05,1.8047000169754028,0.0,0.016517361371144457,0.0,0.010470326698862609
2007-02-06,1.7690000534057615,-0.011470038056212828,0.0022718263738874533,-0.011470038056212828,-0.01978166079339483
2007-02-07,1.7829999923706057,0.0,0.027416585846050445,0.0,0.007914041007455408
2007-02-08,1.7822999954223633,0.0,0.024397120577488884,0.0,-0.0003925950371496123
2007-02-09,1.778499960899353,0.0,0.02451886881801224,0.0,-0.0021320959057230526
2007-02-12,1.787500023841858,0.0,0.026989090992449283,0.0,0.005060479696582965
2007-02-13,1.8169000148773196,0.0,0.020979034037302835,0.0,0.016447547213046976
2007-02-14,1.787500023841858,-0.01645664250112633,0.0033573335331416043,-0.01645664250112633,-0.016181402826091595
2007-02-15,1.784000039100647,0.0,0.01941254063036002,0.0,-0.0019580333955400153
2007-02-16,1.781499981880188,0.0,0.02045962797748424,0.0,-0.0014013773350135539
2007-02-19,1.774999976158142,0.0,0.018748279026692627,0.0,-0.0036486139703385545
2007-02-20,1.80840003490448,0.0,0.020394392690448848,0.0,0.01881693475772872
2007-02-21,1.8104000091552732,-0.015704524975973855,0.004368502248424111,-0.015704524975973855,0.0011059357510456724
2007-02-22,1.8112000226974487,-0.017896603983897363,0.0008837975454372149,-0.017896603983897363,0.00044189877271860745
2007-02-23,1.774999976158142,-0.022747372600832483,0.002429336805531923,-0.022747372600832483,-0.019986774561427723
2007-02-26,1.781000018119812,0.0,0.025183113866229956,0.0,0.0033803053759227097
2007-02-27,1.815000057220459,0.0,0.04424478506217233,0.0,0.019090420412539055
2007-02-28,1.8339999914169312,0.0,0.037851214200761873,0.0,0.010468282973813858
2007-03-01,1.830000042915344,0.0,0.031134164596049896,0.0,-0.0021809970121628997
2007-03-02,1.847000002861023,0.0,0.027213069923803346,0.0,0.009289595380881366
2007-03-05,1.870000004768372,0.0,0.03421764853835629,0.0,0.012452626893189933
2007-03-06,1.83899998664856,0.0,0.007112268439939395,-0.0011229897536749744,-0.016577549754419274
2007-03-07,1.8415000438690183,0.0,0.021479063827856137,0.0,0.0013594656001136851
2007-03-08,1.8544000387191768,0.0,0.01623673857374297,0.0,0.007005155874476809
2007-03-09,1.830000042915344,-0.013697175368599379,0.004529747197755896,-0.013697175368599379,-0.013157892199293642
2007-03-12,1.8140000104904173,0.0,0.012021833148298633,-0.0013114975793673267,-0.008743186912409717
2007-03-13,1.8229999542236328,0.0,0.028555684834035366,0.0,0.00496138019910064
2007-03-14,1.843000054359436,0.0,0.034668128653441155,0.0,0.010970982247951122
2007-03-15,1.8200000524520876,0.0,0.00911553242663965,0.0,-0.012479653406924252
2007-03-16,1.8666000366210935,0.0,0.02780216000676483,0.0,0.02560438616813321
2007-03-19,1.8478000164031985,-0.002785828949680824,-0.002785828949680824,-0.011303998626659983,-0.010071798911954755
2007-03-20,1.809999942779541,-0.015044898638557402,0.0029223629993153644,-0.015044898638557402,-0.020456799051899788
2007-03-21,1.8179999589920044,0.0,0.026795614678681634,0.0,0.004419898599653083
2007-03-22,1.805500030517578,0.0,0.015016502093802009,0.0,-0.006875648380848753
2007-03-23,1.8025000095367432,0.0,0.02021599362773374,0.0,-0.001661601179798744
2007-03-26,1.842599987983704,0.014590820150648609,0.02607485774578633,0.012427196357572612,0.02224686725924996
2007-03-27,1.8157999515533447,-0.024204933359962544,0.0035819072826546172,-0.024204933359962544,-0.014544685013097025
2007-03-28,1.8198000192642207,0.0,0.02516801104829458,0.0,0.002202923128979073
2007-03-29,1.8200000524520876,0.0,0.016815007924031233,0.0,0.00010992042298574312
2007-03-30,1.8040000200271609,0.0,0.020934067636335874,0.0,-0.008791226353740966
2007-04-02,1.848199963569641,0.023447885485601727,0.02666296791875844,0.01978933657057458,0.024501077079707834
2007-04-03,1.809999942779541,-0.018288067622022175,-0.002218355792844573,-0.018288067622022175,-0.02066877044858273
2007-04-04,1.7878999710083008,0.0,0.012983472718195888,0.0,-0.012209929541380116
2007-04-05,1.7932000160217283,0.0,0.02349127803241924,0.0,0.0029643968339228
2007-04-06,1.7932000160217283,0.0,0.0,0.0,0.0
2007-04-09,1.7932000160217283,0.021916107826038145,0.021916107826038145,0.021916107826038145,0.0
2007-04-10,1.8049999475479128,0.018570177255676334,0.027213914327265165,0.018570177255676334,0.006580376656678322
2007-04-11,1.7960000038146973,0.0,0.01695294838924455,0.0,-0.00498611855664699
2007-04-12,1.809999942779541,0.0,0.03212696984058083,0.0,0.00779506622222037
2007-04-13,1.8224999904632568,0.0,0.024143701863484912,0.0,0.006906103910986783
2007-04-16,1.7975000143051147,0.0,0.010809355532011011,0.0,-0.013717408114656493
2007-04-17,1.7990000247955322,0.01696797491372304,0.01913768344552058,0.012072336262643146,0.0008344981799610629
2007-04-18,1.7960000038146973,0.0,0.018621431722764425,0.0,-0.0016676047467959476
2007-04-19,1.807000041007996,0.0,0.025890850487921835,0.0,0.006124742299518315
2007-04-20,1.7860000133514404,0.0,0.010514628536407278,0.0,-0.011621487094621852
2007-04-23,1.777999997138977,0.015509488885836475,0.015509488885836475,0.01377381232239605,-0.004479292358711251
2007-04-24,1.7790000438690186,0.0,0.023397069181280816,0.0,0.0005624559795560646
2007-04-25,1.774999976158142,0.0,0.022709335594847557,0.0,-0.0022484921935004287
2007-04-26,1.7705999612808228,0.0,0.01859154524724671,0.0,-0.0024788816543214187
2007-04-27,1.7727999687194824,0.0,0.02671409813147907,0.0,0.0012425208893984685
2007-04-30,1.8209999799728396,0.05849506069533539,0.0637409957580104,0.03892148405885054,0.027188634986367255
2007-05-01,1.8209999799728396,0.0,0.03970350207568818,0.0,0.0
2007-05-02,1.802199959754944,0.005271852499941554,0.019055484036527126,0.004942373993128024,-0.010324009019580527
2007-05-03,1.8260999917984009,0.0,0.022583552835109932,0.0,0.013261587269542963
2007-05-04,1.7979999780654907,-0.013745136008327719,0.009199959499784471,-0.013745136008327719,-0.015387992913376225
2007-05-07,1.7799999713897705,0.01140159296232901,0.013848764781570821,0.006952195681984685,-0.010011127305511347
2007-05-08,1.7750999927520752,0.0,0.02213482142247214,0.0,-0.0027527970317153816
2007-05-09,1.7716000080108645,0.0,0.02213957808869993,0.0,-0.0019717113151380694
2007-05-10,1.7798000574111938,0.0,0.027037684158366382,0.0,0.0046286121942031855
2007-05-11,1.776900053024292,0.0,0.023204819543410693,0.0,-0.0016293989736803072
2007-05-14,1.7936999797821045,0.016095433980436002,0.01806514788485858,0.006922108683392603,0.009454626741227656
2007-05-15,1.7905999422073364,-0.013770377797151734,0.010815632932415609,-0.013770377797151734,-0.0017282921389922823
2007-05-16,1.7848000526428225,-0.013179930204043844,0.005808140944184803,-0.013179930204043844,-0.003239076148614295
2007-05-17,1.7848000526428225,-0.013895148727076312,0.006443299313357631,-0.013895148727076312,0.0
2007-05-18,1.75600004196167,0.002185080565119124,0.008068133637296304,-0.0031936974568775867,-0.016136267274593163
2007-05-21,1.7380000352859497,0.01953301187558032,0.01953301187558032,-0.01025057303279564,-0.01025057303279564
2007-05-22,1.769700050354004,0.0,0.025546591386024664,0.0,0.018239363880587334
2007-05-23,1.7440999746322632,-0.02186817124858187,0.01113179102909223,-0.02186817124858187,-0.014465771030870322
2007-05-24,1.7870999574661257,0.0,0.02947082516465005,0.0,0.02465454014064128
2007-05-25,1.7625000476837158,-0.014996316859113068,0.005651618430739802,-0.014996316859113068,-0.013765267958088523
2007-05-28,1.7625000476837158,0.012028335354085762,0.012538990736643774,0.00981560809045856,0.0
2007-05-29,1.756600022315979,0.0032340380287430026,0.01611344314160057,0.0032340380287430026,-0.0033475320329725555
2007-05-30,1.7599999904632568,0.0,0.01662299753878904,0.0,0.0019355391688968826
2007-05-31,1.746000051498413,0.0,0.009374997883357716,0.0,-0.007954510818581784
2007-06-01,1.7330000400543213,0.0,0.00853377357472862,0.0,-0.007445596254670894
2007-06-04,1.736299991607666,0.011829165731725544,0.017311004441079136,0.010732825504981669,0.0019041843491482968
2007-06-05,1.7445000410079956,0.0,0.021367250846885177,0.0,0.004722714646065773
2007-06-06,1.75600004196167,0.0,0.021610740575650045,0.0,0.0065921471386320984
2007-06-07,1.75,0.0,0.014806322925738025,0.0,-0.003416880306544412
2007-06-08,1.781999945640564,0.020285742623465497,0.034057140350341575,0.017371450151715928,0.018285683223179472
2007-06-11,1.7580000162124634,0.0,0.003367027017227686,-0.006060608493200559,-0.013467974276213268
2007-06-12,1.75,0.0,0.013310551113762559,0.0,-0.004550634891175465
2007-06-13,1.758999943733215,0.0,0.02119997569492904,0.0,0.005142824990408634
2007-06-14,1.753999948501587,0.0,0.004832347614570631,-0.002842521541539411,-0.002842521541539411
2007-06-15,1.7294000387191772,-0.00513109691987379,0.007582703316070916,-0.009464021697450642,-0.014025034495254718
2007-06-18,1.7181999683380127,0.0,0.012200719653519654,0.0,-0.00647627508408033
2007-06-19,1.7151999473571775,0.0,0.018740530451514692,0.0,-0.001746025512814442
2007-06-20,1.7216999530792236,0.0,0.021280373974676525,0.0,0.003789648974780846
2007-06-21,1.7257000207901,0.0,0.02323289896754499,0.0,0.0023233245164016036
2007-06-22,1.729200005531311,0.0,0.024627698071202353,0.0,0.002028153618268247
2007-06-25,1.763100028038025,0.018274345577746764,0.03105480573304864,0.016423747521729704,0.0196044543131364
2007-06-26,1.7710000276565552,-0.011684011208959011,0.014406399478565035,-0.011684011208959011,0.004480743856218661
2007-06-27,1.777899980545044,0.0054206233413940375,0.012874064575624011,0.001468071464991727,0.003896077233617623
2007-06-28,1.7625999450683594,-0.011192960543528363,0.0027560485355273556,-0.011192960543528363,-0.008605678409419948
2007-06-29,1.741000056266785,-0.009985215504647704,0.004822477843546835,-0.009985215504647704,-0.012254561145318088
2007-07-02,1.741000056266785,0.01838020942353147,0.019758750807195913,0.00861572958650525,0.0
2007-07-03,1.7309999465942385,0.0,0.01390003551628749,0.0,-0.00574388819606908
2007-07-04,1.750100016593933,0.0,0.019815187718481342,0.0,0.011034125123616567
2007-07-05,1.73580002784729,-0.011885031867590268,0.010913633854811255,-0.011885031867590268,-0.008170955151736936
2007-07-06,1.7319999933242798,0.0,0.019357052762918103,0.0,-0.002189212156957332
2007-07-09,1.721500039100647,0.013972264843673088,0.014203250049951599,0.0018476063400896248,-0.0060623292517917315
2007-07-10,1.72599995136261,0.0,0.030728989544968055,0.0,0.0026139483937008823
2007-07-11,1.75,0.02300117751983466,0.03534182574073963,0.01975669562890725,0.013905011189857097
2007-07-12,1.7450000047683716,0.0,0.016914299556187284,0.0,-0.0028571401323590484
2007-07-13,1.725000023841858,0.009799413462971085,0.009799413462971085,-0.004183392117061979,-0.011461307089892236
2007-07-16,1.7520999908447266,0.009507234414318555,0.019478244788705412,0.007188423720809967,0.015710125581628986
2007-07-17,1.7473000288009644,-0.016037905302061284,0.00781919323321767,-0.016037905302061284,-0.0027395480102981873
2007-07-18,1.7618000507354736,-0.010702228189622742,0.011388979571090863,-0.010702228189622742,0.008298530129630555
2007-07-19,1.7437000274658203,0.00039731917816099305,0.00039731917816099305,-0.01430355807714312,-0.010273596746746216
2007-07-20,1.7522000074386597,-0.004071793292722448,0.011469851815957277,-0.006365804675339426,0.004874680185210867
2007-07-23,1.7074999809265137,-0.005992440462879278,-0.00376670601983764,-0.019575373546137587,-0.025510801462378607
2007-07-24,1.711400032043457,0.007144947606556595,0.009487593437045083,-0.0015226674284890551,0.0022840709578380025
2007-07-25,1.7127000093460083,0.008706304091370853,0.010985169957866248,-0.005025123527959696,0.0007595987368300694
2007-07-26,1.7769999504089355,0.00011679406012410354,0.04244761093852234,-0.004729393800546267,0.03754302604779003
2007-07-27,1.753499984741211,0.004952183455386949,0.01975244986165814,-0.010241936500959614,-0.013224516783085227
2007-07-30,1.7627999782562256,0.017222700222659926,0.030909639969586733,0.004163113389076045,0.005303674705413375
2007-07-31,1.7369999885559082,0.005445906180638005,0.005445906180638005,-0.014635801008937466,-0.014635801008937466
2007-08-01,1.7596999406814575,0.01139900234794955,0.03626940942743029,0.007887166656646682,0.013068481447959801
2007-08-02,1.7274999618530271,-0.0018184548884921936,0.002557272048045789,-0.014775191541363086,-0.01829856220598647
2007-08-03,1.7174999713897705,0.0,0.018060811575481228,0.0,-0.005788706618858663
2007-08-06,1.753600001335144,0.01857353641182735,0.0380786058086402,0.01857353641182735,0.02101894063856191
2007-08-07,1.7416000366210938,-0.00347859178316523,0.0037636988543303662,-0.012032415735870883,-0.006843045566214512
2007-08-08,1.7071000337600708,-0.009531472456467016,0.0,-0.011196610447924638,-0.019809371919833563
2007-08-09,1.7553000450134275,0.014703293454215283,0.03561593059534873,0.0,0.02823502448605253
2007-08-10,1.7480000257492063,0.007235208418282513,0.019939591935196344,0.0,-0.0041588441161154455
2007-08-13,1.735700011253357,0.010354704235142176,0.011613289707826269,-0.0018879123077926163,-0.0070366214614770994
2007-08-14,1.7395000457763672,0.0,0.03151467224794424,0.0,0.0021893383063738003
2007-08-15,1.7760000228881836,0.0,0.04869214494752727,0.0,0.020983027393670417
2007-08-16,1.8509999513626096,0.0,0.06610356387443073,0.0,0.04222968891208634
2007-08-17,1.8208999633789065,0.0,0.02938956663010539,-0.01658561271998582,-0.016261474216433758
2007-08-20,1.8382999897003172,-0.004887652983839641,0.011972124574201048,-0.013345038002421927,0.009555728854605983
2007-08-21,1.809000015258789,-0.00038078493834736715,0.013599508403532079,-0.011967554425593607,-0.015938625145890728
2007-08-22,1.7795000076293943,0.0,0.006357103845590295,-0.009508011602246791,-0.016307356208161594
2007-08-23,1.7578999996185305,0.0,0.017420633878563185,-0.0032031425430920635,-0.012138245528663272
2007-08-24,1.7980999946594238,0.0,0.033847192122462344,0.0,0.022868192189326342
2007-08-27,1.798699975013733,-0.005617044150596717,0.004115475157184356,-0.010121817428197954,0.000333674632162273
2007-08-28,1.7807999849319458,-0.003558119317850217,0.009951626358170484,-0.0060599437097795805,-0.009951626358170373
2007-08-29,1.7761000394821167,0.0,0.022124877488823635,0.0,-0.002639232642406286
2007-08-30,1.763700008392334,0.0,0.012330351948958818,0.0,-0.006981606223824155
2007-08-31,1.7660000324249268,0.0,0.010432587035555496,-0.002041164210474511,0.0013040902770586893
2007-09-03,1.747499942779541,-0.0035674358028287,0.001019219156217055,-0.00486976014092344,-0.010475701758613787
2007-09-04,1.7444000244140625,0.0,0.014535074887312316,0.0,-0.0017739161470573528
2007-09-05,1.7401000261306765,0.0,0.017025866310651505,0.0,-0.0024650299376316465
2007-09-06,1.7477999925613403,0.0,0.019654015611545672,0.0,0.004425013686015333
2007-09-07,1.7388999462127686,0.0,0.02397301687693343,0.0,-0.005092142342631001
2007-09-11,1.7651000022888184,0.0142619258995198,0.023290612499528685,0.0142619258995198,0.01506702909107105
2007-09-12,1.7556999921798706,-0.004872243247193264,0.006571875549581163,-0.00532548303028646,-0.00532548303028646
2007-09-13,1.738800048828125,-0.005980494543715409,0.010138391278200931,-0.009625758060614165,-0.009625758060614165
2007-09-14,1.7335000038146973,-0.00425582910648159,0.012192282631588114,-0.00425582910648159,-0.003048104937079854
2007-09-17,1.7577999830245972,0.008883791195113178,0.015979202362977674,0.0040957519819619925,0.014017870871892768
2007-09-18,1.7308000326156616,0.00022759493662305452,0.0029013607206811454,-0.013425863289092566,-0.01536008116377241
2007-09-19,1.7223000526428225,-0.0004044354836210129,0.003928782162246236,-0.011844270574226101,-0.00491101214043399
2007-09-20,1.7407000064849854,-0.006561044318472931,0.012367158786519505,-0.006561044318472931,0.010683361365476651
2007-09-21,1.7009999752044678,5.7457685735951e-05,0.0031596248471958965,-0.015798261203050168,-0.02280693464273853
2007-09-24,1.717900037765503,0.014462098383477118,0.01834218210610361,0.008583209136547643,0.009935369081356837
2007-09-25,1.7273999452590942,-0.01298096773320545,0.015716834399779556,-0.01298096773320545,0.005529953597269932
2007-09-26,1.6991000175476074,-0.008741462757516305,0.00237355820003482,-0.009551925847044007,-0.016382962028658632
2007-09-27,1.6881999969482422,0.0,0.015949600802184216,0.0,-0.006415173025009935
2007-09-28,1.7130999565124512,0.0,0.021206006532572985,0.0,0.014749413345113593
2007-10-01,1.6801999807357788,0.0036192138853112787,0.0037359110913421922,-0.008289050559325495,-0.019204936437947517
2007-10-02,1.6791000366210938,0.0,0.022913981081609025,0.0,-0.0006546507125916312
2007-10-03,1.6979999542236328,0.0,0.020546722713703502,0.0,0.011255980698191115
2007-10-04,1.6725000143051147,-0.011130693823357962,0.0032391509714784217,-0.011130693823357962,-0.01501763286570712
2007-10-05,1.6521999835968018,0.0,0.015186871340283847,-0.006218270104655255,-0.012137536941515203
2007-10-08,1.6677000522613523,0.003873616506265831,0.012589271683327352,0.0027841956850593874,0.009381472472119956
2007-10-09,1.673200011253357,0.0004197379182744321,0.004737062643739964,-0.0073154629247468295,0.0032979305748337406
2007-10-10,1.677899956703186,0.0002390312955731222,0.007052313798004972,-0.010279699389112995,0.002808956142851482
2007-10-11,1.694700002670288,-5.953715192874576e-05,0.007807395182108712,-0.004350616987484068,0.010012543298535848
2007-10-12,1.6690000295639038,-0.00023599879967706183,0.004130506562454839,-0.01345369014194675,-0.015164910052451575
2007-10-15,1.7182999849319458,0.008448145781316363,0.03996403865066522,0.006470942968319848,0.029538618630776003
2007-10-16,1.6990000009536743,-0.019379644092660353,0.01629517394198543,-0.019379644092660353,-0.011232022433519284
2007-10-17,1.6793999671936035,0.0,0.01977632295824261,-0.0020011584139901784,-0.011536217627468481
2007-10-18,1.6894999742507937,0.0,0.03221390834697879,0.0,0.006014056957538205
2007-10-19,1.7384999990463257,0.020657040407610294,0.02367569202246056,0.006214900025422354,0.029002678628190504
2007-10-22,1.732800006866455,0.0044290862438238765,0.019672104169102145,-0.0033362144244954983,-0.003278684028183765
2007-10-23,1.7211999893188477,0.0006924980977973672,0.000923376660901587,-0.009695317347951038,-0.006694377597899814
2007-10-24,1.6972999572753906,-0.014524736412551142,0.009702550242158603,-0.014524736412551142,-0.013885679869725776
2007-10-25,1.6811000108718872,0.0,0.01608436980965866,-0.0004713448196037584,-0.009544539451652678
2007-10-26,1.680400013923645,0.0,0.021176578874236185,0.0,-0.0004163922096931394
2007-10-29,1.7020000219345093,0.019459618137263268,0.02338726766195487,0.012854087022071248,0.012854087022071248
2007-10-30,1.6871000528335571,-0.009812003030521432,0.010399504504002843,-0.009812003030521432,-0.008754388313119255
2007-10-31,1.672700047492981,0.0,0.016655736852372982,-0.0040899009434498534,-0.008535359427196187
2007-11-01,1.662999987602234,0.0,0.02307644339126802,0.0,-0.005799043232697421
2007-11-02,1.6890000104904177,0.0,0.03499699467859174,0.0,0.015634409550219663
2007-11-05,1.6928999423980713,0.01071641394744427,0.023741846179927917,0.008525757993568472,0.002309018285039155
2007-11-06,1.6770000457763672,0.0,0.011046136369685877,0.0,-0.00939210654067435
2007-11-07,1.7024999856948853,0.0,0.03571850003013988,0.0,0.015205688266223483
2007-11-08,1.6991000175476074,0.0,0.025903111029887738,0.0,-0.0019970444498359496
2007-11-09,1.7252999544143677,0.0,0.038785220096927864,0.0,0.015419890881159581
2007-11-12,1.75409996509552,0.02115579741813378,0.02816905982333151,0.01286732101764243,0.01669275571906459
2007-11-13,1.7347999811172483,0.010432732923817634,0.010432732923817634,-0.014879380190516045,-0.011002784540401489
2007-11-14,1.710199952125549,0.000172959295057451,0.0023633647337717445,-0.014180325835521534,-0.014180325835521534
2007-11-15,1.701200008392334,0.007952281709222353,0.0156707035320931,0.0019296403081598967,-0.0052625096393140725
2007-11-16,1.7043999433517456,0.02239595815201767,0.024747209316992258,0.014284022507655703,0.001880986917250027
2007-11-19,1.708799958229065,0.01501999329535142,0.03408830454295542,0.010326249761934525,0.0025815624404836868
2007-11-20,1.7497999668121338,0.0,0.03663390573745651,0.0,0.023993451302257496
2007-11-21,1.7836999893188477,-0.00988684995748168,0.025717268914988267,-0.00988684995748168,0.01937365593192597
2007-11-22,1.747499942779541,-0.015978001384771234,0.0035319687009613965,-0.015978001384771234,-0.020294918851869626
2007-11-23,1.7696000337600708,0.0,0.02391989899510838,0.0,0.012646690531719074
2007-11-27,1.7964999675750732,0.027407290291927122,0.03396245379006513,0.009663187281522267,0.01520113771576126
2007-11-28,1.7441999912261963,-0.009908140166504209,0.004675804475262169,-0.03005845867063961,-0.02911214989860078
2007-11-29,1.7253999710083008,0.0,0.010319921319954739,-0.005446638430609219,-0.0107785920837431
2007-11-30,1.7236000299453735,0.0,0.014025780822932488,-0.0034195116882312915,-0.001043202210021743
2007-12-03,1.7350000143051147,0.006730109854996336,0.009746998413747487,-0.004177304795310421,0.006614054398747404
2007-12-04,1.7517000436782837,-0.0005763958050697404,0.010432289982949872,-0.009394791275529113,0.009625377080966446
2007-12-05,1.7137999534606934,-0.001313023905487376,-0.001313023905487376,-0.021636175870616725,-0.021636175870616725
2007-12-06,1.7213000059127808,0.00601005982305991,0.006885313954902106,-0.005601542973635354,0.004376270659211201
2007-12-07,1.719599962234497,0.00011621053109811541,0.003020989020874998,-0.00958577594180221,-0.0009876510035693453
2007-12-10,1.708199977874756,0.0008723020024195005,0.0020935109410364916,-0.010002322348969472,-0.0066294397593074095
2007-12-11,1.730299949645996,-0.013640049632155371,0.01323033311885613,-0.013640049632155371,0.012937578771506253
2007-12-12,1.7091000080108645,-0.026353776088529735,0.0006357645240639975,-0.026353776088529735,-0.012252177224803651
2007-12-13,1.7180999517440796,-0.011409523769666974,0.011877614307625572,-0.011409523769666974,0.005265896489983435
2007-12-14,1.6965999603271484,-0.01402709196142482,0.001629769559923444,-0.01402709196142482,-0.012513818765378604
2007-12-17,1.7173999547958374,0.00907700838779224,0.013556526255555035,0.000766295262431882,0.012259810771584778
2007-12-19,1.6883000135421753,-0.022766934171468023,0.0026784955084806494,-0.022766934171468023,-0.01694418424339683
2007-12-20,1.6821000576019287,0.0,0.01575549548606814,0.0,-0.0036723069895845395
2007-12-21,1.6847000122070312,0.0,0.019618329017627945,0.0,0.0015456598989771475
2007-12-24,1.6847000122070312,0.015848530683778783,0.015848530683778783,0.00931915624702806,0.0
2007-12-25,1.6847000122070312,0.0,0.0,0.0,0.0
2007-12-26,1.7066999673843384,0.009853393873660021,0.012227673254323612,0.0030866198028232095,0.013058678113551103
2007-12-27,1.701799988746643,-0.0008788952476025402,0.0072655014511935345,-0.0087302802986442,-0.0028710252131808334
2007-12-28,1.7117999792099,-0.014572771849963861,0.01351510286722224,-0.014572771849963861,0.0058761255901886855
2007-12-31,1.682800054550171,0.006426006149605978,0.00706857194470123,-0.016941187645716838,-0.016941187645716838
2008-01-01,1.7137999534606934,0.01628232510528549,0.01628232510528549,0.01628232510528549,0.01842161748610649
2008-01-02,1.72599995136261,-0.0005834563822532113,0.008169015377706756,-0.008985840401168677,0.007118682596111148
2008-01-03,1.723399996757507,0.000463507279674813,0.0053302991828636515,-0.00996523384601855,-0.001506346858845764
2008-01-04,1.7180999517440796,0.0001160689266814785,0.0063247189392325875,-0.01618891760330521,-0.0030753423601017627
2008-01-07,1.707800030708313,-0.0032011868613471828,0.005296594954909528,-0.007566435364604995,-0.0059949486788070105
2008-01-08,1.697100043296814,-0.012472231558351865,0.00316192897351808,-0.012472231558351865,-0.00626536316846249
2008-01-09,1.6949000358581543,-0.011725934260900628,0.007542264998921411,-0.011725934260900628,-0.001296333381964887
2008-01-10,1.6897000074386597,-0.011151121843158918,0.007906046567371705,-0.011151121843158918,-0.003068044314992191
2008-01-11,1.6734999418258667,-0.009587539528599476,0.009824236672874909,-0.009587539528599476,-0.009587539528599476
2008-01-14,1.6878999471664429,0.01858382778299572,0.028323942974718852,0.012249814525725489,0.008604724135732544
2008-01-15,1.6833000183105469,0.0,0.017714363967675784,0.0,-0.0027252378694709867
2008-01-16,1.7166999578475952,0.0,0.03499079072307687,0.0,0.019841940933720492
2008-01-17,1.7015000581741333,-0.006873613220669594,0.014679332419629265,-0.006873613220669594,-0.008854138781781984
2008-01-18,1.733299970626831,0.01951213941468133,0.025330589452959407,0.011107797212078996,0.018689339621194012
2008-01-22,1.7438000440597534,-0.003692372489799367,0.036231495324544616,-0.008019340337197312,0.006057851272636361
2008-01-23,1.7496000528335571,0.0006307742211797418,0.018063987317521013,-0.004759757876217963,0.00332607445077282
2008-01-24,1.7323999404907229,-0.01257434483439035,0.004801076317585862,-0.01257434483439035,-0.009830882386507644
2008-01-25,1.7111999988555908,-0.005368271666172264,0.008658569279288875,-0.005368271666172264,-0.012237325307877134
2008-01-28,1.749699950218201,0.01566154537650899,0.02875178705955017,0.014843409625328041,0.02249880282162109
2008-01-29,1.7229000329971311,-0.002571819391891661,-0.0005714851398535004,-0.015316864595971258,-0.015316864595971258
2008-01-30,1.738800048828125,0.0060362977715011645,0.013697824487590049,0.0,0.009228635165404508
2008-01-31,1.72599995136261,-0.001207724169401736,0.011387133185320364,-0.009546820976007897,-0.007361454512346932
2008-02-01,1.7343000173568726,-0.005098441942829823,0.00984940882619778,-0.005098441942829823,0.004808844859879535
2008-02-04,1.71589994430542,-0.0028830047751765564,-0.0020757661875774325,-0.012800546700683757,-0.010609509812203655
2008-02-05,1.738700032234192,-0.010781497194805811,0.013287539290643968,-0.010781497194805811,0.013287539290643968
2008-02-06,1.7229000329971311,-0.028584586658062405,0.004601148021020851,-0.028584586658062405,-0.00908724848688136
2008-02-07,1.7340999841690063,-0.012072664734067762,0.02431941418969008,-0.012072664734067762,0.006500639014088261
2008-02-08,1.7728999853134155,-0.006112664156816439,0.02243239610949166,-0.008592335642106819,0.022374719738552207
2008-02-11,1.7688000202178955,0.0005640739682586382,0.014157590930115482,-0.004399561785330075,-0.0023125755144023374
2008-02-12,1.7649999856948853,-0.002148368656476052,0.007462644319193412,-0.007632278974536111,-0.002148368656476052
2008-02-13,1.7440999746322632,-0.005495717144518242,0.0026629261740578336,-0.016373953263069008,-0.011841366137118503
2008-02-14,1.76010000705719,-0.009804470379180641,0.009517810343834254,-0.009804470379180641,0.00917380463141182
2008-02-15,1.7527999877929688,-0.025907650966092377,0.0052837869880835164,-0.025907650966092377,-0.004147502548123128
2008-02-18,1.7196999788284302,0.0030808201990919493,0.0030808201990919493,-0.011010944838362846,-0.018884076446289977
2008-02-19,1.7620999813079834,0.0,0.026051080803408455,0.0,0.02465546490757009
2008-02-20,1.7800999879837036,-0.0013620343067844987,0.01231486569149709,-0.0062992649087383334,0.010215088171307452
2008-02-21,1.7913000583648682,-0.004887373304552356,0.004157089999498487,-0.013370044160542882,0.006291820940828474
2008-02-22,1.7793999910354614,-0.027410282917248785,0.0012280958843815526,-0.027410282917248785,-0.006643257378258216
2008-02-25,1.7696000337600708,0.004889295945001537,0.004889295945001537,-0.009497551667352333,-0.005507450446646245
2008-02-26,1.7827999591827393,0.0050858632241839175,0.0050858632241839175,-0.008702560904621737,0.007459270553143549
2008-02-27,1.7854000329971311,-0.0019631954349019765,0.0030289778612269114,-0.01032081796243578,0.0014584215133053302
2008-02-28,1.7972999811172483,-0.02016355589005303,0.009185605067923763,-0.02016355589005303,0.006665143889428959
2008-02-29,1.8513000011444087,-0.024981884472513705,0.030045079059975555,-0.024981884472513705,0.030045079059975555
2008-03-03,1.8496999740600584,-0.03019498603655002,0.013287975463994295,-0.03019498603655002,-0.0008642721781241258
2008-03-04,1.850299954414368,-0.001729975133419881,0.010217893213429363,-0.01665134095468479,0.0003243663095224836
2008-03-05,1.8495999574661253,-0.014213886455516689,0.0034049029339477954,-0.014213886455516689,-0.00037831538966026645
2008-03-06,1.9301999807357788,-0.02319418643299498,0.043577003202396325,-0.02319418643299498,0.043577003202396325
2008-03-07,1.919600009918213,-0.04947673470300307,0.010983349422861277,-0.04947673470300307,-0.005491643831394777
2008-03-10,1.934499979019165,0.00401123483584076,0.00817877816316348,-0.007657874060441383,0.007762017620320361
2008-03-11,1.8626999855041504,-0.030602186549198773,-0.0015507991798252574,-0.03742567829131338,-0.0371155307799067
2008-03-12,1.9005999565124512,5.3694419236194335e-05,0.025232217163526416,-0.00026840809806560895,0.02034679299041442
2008-03-13,1.9134000539779663,-0.00015780836544920795,0.026623199535757314,-0.0032094809459570772,0.006734766788589752
2008-03-14,1.879699945449829,0.00015675267275461202,0.017664830014622934,-0.01761268296092844,-0.01761268296092844
2008-03-17,1.9838000535964968,0.0522956334657656,0.0725116193704416,0.05133800175620773,0.055381236988734095
2008-03-18,1.920199990272522,-0.0054440990592034,0.0018146996864010223,-0.048694451600326816,-0.03205971449021394
2008-03-19,1.926900029182434,0.0002083462023534377,0.024216210712757036,-0.004739069041374888,0.00348924015407448
2008-03-20,1.9103000164031985,5.190544004274322e-05,0.020551151635711085,-0.008822501892940204,-0.008614880132768898
2008-03-21,1.892300009727478,-0.0004187894756352284,0.011882925158682722,-0.009422607193194543,-0.009422607193194543
2008-03-24,1.902999997138977,0.0,0.02050414889021579,-0.007187016714310546,0.005654487848911538
2008-03-25,1.958400011062622,5.255732742170949e-05,0.033736228993590966,-0.0013136826142551294,0.029111935894343022
2008-03-26,2.025599956512451,0.0,0.03569242006908824,-0.003114817463819919,0.03431369744190649
2008-03-27,2.0292000770568848,-0.0002468225568273974,0.003258363777136175,-0.02433844610311109,0.0017773107334737581
2008-03-28,2.007999897003174,-0.00014792478794123376,0.014537752074295751,-0.01645971687266079,-0.010447555316703605
2008-03-31,2.1001999378204346,0.01787854472521433,0.05532878612403791,0.014292885840951453,0.04591635734387434
2008-04-02,2.021399974822998,-0.031044592857863762,-0.031044592857863762,-0.051709315500716,-0.03752021966023589
2008-04-03,2.034600019454956,0.00019791549456571467,0.012565510854332107,-0.018650409760559872,0.006530149795373363
2008-04-04,2.015199899673462,0.0,0.007519922997338391,-0.010763756204642538,-0.009535102524323769
2008-04-07,2.0181000232696533,-0.00178636478020755,0.0072449579472528836,-0.015531932438758944,0.0014391245239051553
2008-04-08,2.0267999172210693,0.007878646468644224,0.009414822450167115,-0.003072233822925652,0.00431093298206342
2008-04-09,2.0771000385284424,-0.0023681877987511424,0.025014895280151883,-0.0037003816603076167,0.024817507085918455
2008-04-10,2.040800094604492,-4.8209427261469706e-05,0.008617779476075782,-0.021327850620564193,-0.017476261735408505
2008-04-11,2.0488998889923096,-9.801704164702496e-05,0.01626802508862424,-0.0028420269036334433,0.003968930817492611
2008-04-14,2.0780999660491943,-0.0062472443504894,0.022158302078881364,-0.0062472443504894,0.014251587993030723
2008-04-15,2.072499990463257,9.625773116517244e-05,0.005052670417773575,-0.007891757206107353,-0.002694757556145899
2008-04-16,2.0947999954223637,9.651782329878067e-05,0.02557296672665954,-0.000289553469896231,0.010759954191421839
2008-04-17,2.1073999404907227,4.768826850365393e-05,0.019476844898629775,-0.0025777842323237987,0.006014867813582514
2008-04-18,2.065200090408325,0.0008541616793429352,0.00958527791818975,-0.027521994380408032,-0.02002460438172493
2008-04-21,2.0878000259399414,0.004987371966330922,0.01670534676613933,-0.0032442565449372074,0.010943218352826856
2008-04-22,2.0808000564575195,0.0004789383601533359,0.004933384858604617,-0.007567774231608815,-0.0033527969132343127
2008-04-23,2.0492000579833984,-9.613282508591503e-05,0.0039887674694769615,-0.021097660408904817,-0.015186465598198251
2008-04-24,2.0171000957489014,0.00019511416447404173,0.006099964537389813,-0.02342382193860404,-0.01566463074673463
2008-04-25,2.0034000873565674,-9.916869682757845e-05,0.0058003640755899255,-0.011700015046692602,-0.006791932845180648
2008-04-28,1.9882999658584597,-0.0006988089425171706,0.00519108414042857,-0.009384116305990231,-0.007537247099770217
2008-04-29,2.000499963760376,-0.008952358192175103,0.01443443875674344,-0.008952358192175103,0.006135894035812051
2008-04-30,1.9763000011444087,5.005538867086656e-05,0.011447190671105778,-0.013446605499776498,-0.012096957287856203
2008-05-02,1.9465999603271484,-0.006729718164701248,-0.00177097846439489,-0.023579408056479956,-0.015028103425624662
2008-05-05,1.9535000324249268,0.003030938810224315,0.0077057361556527315,-0.005291236641161601,0.0035446790498334657
2008-05-06,1.9342999458312988,5.119866510017168e-05,0.005989206418249848,-0.013155860086924265,-0.0098285570898069
2008-05-07,1.923099994659424,-5.1645239849462676e-05,0.004601171792282033,-0.012769439625728518,-0.005790183262948556
2008-05-08,1.9362000226974487,5.200800489357782e-05,0.01767980822373616,-0.009567861210161288,0.006811932855496083
2008-05-09,1.9485000371932983,-0.012343782544822046,0.018748034034922867,-0.012343782544822046,0.006352656931959855
2008-05-12,1.9529999494552608,-0.0027713941515441487,0.004670238723862852,-0.007595623009393093,0.0023094237495855374
2008-05-13,1.9155000448226929,-0.00040957212165226853,-0.00040957212165226853,-0.022631820115923906,-0.019201180544335172
2008-05-14,1.9294999837875368,-5.2214352175616874e-05,0.0169146495735506,-0.001983834212524016,0.007308764623986219
2008-05-15,1.9069000482559204,-5.183549871656812e-05,0.012075694161660877,-0.016325463666682527,-0.011712845670645455
2008-05-16,1.9134000539779663,5.2387320843116925e-05,0.011746762691750456,-0.010907752867127307,0.0034086766781462607
2008-05-19,1.9042999744415283,0.00229951685162888,0.003553849745336013,-0.008832477309645648,-0.004755973283014692
2008-05-20,1.9383000135421755,-0.009609797560175215,0.02363077083333076,-0.009609797560175215,0.017854350447396472
2008-05-21,1.950500011444092,-0.012897887831335386,0.020223880739295597,-0.012897887831335386,0.006294174181849854
2008-05-22,1.948099970817566,-0.008613199624984524,0.018149209325521554,-0.008613199624984524,-0.0012304745513685988
2008-05-23,1.9593000411987305,-0.005133201895722084,0.011241752538742933,-0.005133201895722084,0.005749227734172191
2008-05-26,1.958299994468689,-0.0014801226590733796,0.009442132418257865,-0.0033175142067923824,-0.0005104102021197265
2008-05-27,1.9265999794006348,0.0008681221891875257,0.008834197914692643,-0.009038429731867081,-0.01618751731480994
2008-05-28,1.901900053024292,0.01095195913842617,0.017543862905726737,-0.013858621468859411,-0.012820474743297172
2008-05-29,1.880300045013428,0.000262875937976359,0.005520770771805905,-0.018244931427238376,-0.011357067884044114
2008-05-30,1.8878999948501587,-0.012870329865403707,0.009094280769157637,-0.012870329865403707,0.004041881431043892
2008-06-02,1.9057999849319456,-0.0003178030382677832,0.01265958584069704,-0.017903493831760597,0.009481429170302924
2008-06-03,1.8913999795913696,5.248011056990798e-05,0.012645642471334151,-0.013957395032429099,-0.007555884906300991
2008-06-04,1.8918999433517456,-0.00100452452012334,0.017658908272566443,-0.00306651625060117,0.0002643352890825401
2008-06-05,1.9221999645233157,0.00031719413371056326,0.02531850632438104,-0.006237080120251592,0.01601565731742105
2008-06-06,1.9634000062942505,0.0004161968353659784,0.02174592804948383,-0.0024971189950849793,0.021433795927237043
2008-06-09,1.9322999715805051,-0.0007130456819784969,0.009014952040938606,-0.021493312191302127,-0.015839887243580097
2008-06-10,1.9321999549865725,0.0,0.013765980248261256,-0.010195068795969986,-5.1760386794885704e-05
2008-06-11,1.9589999914169312,-0.00010346443599718036,0.018683382044496488,-0.004916627530745177,0.013870218949748825
2008-06-12,1.927199959754944,0.0,0.008116394027900542,-0.02098010482750179,-0.016232788055801084
2008-06-13,1.9270999431610107,-0.000415117039685442,0.004410595350577751,-0.00892486171270579,-5.189736198729644e-05
2008-06-16,1.924399971961975,0.00031140033277887724,0.004255124094331597,-0.01177933308861756,-0.0014010540598153876
2008-06-17,1.8954999446868896,5.1972872266770054e-05,0.006755358362865671,-0.017927667513863876,-0.015017682236620034
2008-06-18,1.89900004863739,-0.011395351850111868,0.009812770657923409,-0.011395351850111868,0.0018465333962742747
2008-06-19,1.875499963760376,-0.00010533606252904892,0.01469193250682821,-0.00810955854459694,-0.012374978554569371
2008-06-20,1.893499970436096,0.0,0.027459388435675303,0.0,0.00959744442736743
2008-06-23,1.898800015449524,0.009506209113684161,0.011354629919523962,-0.0013730946108774233,0.0027990731957641124
2008-06-24,1.8954999446868896,-0.014430175143105406,0.014061522866643195,-0.014430175143105406,-0.0017379770043097764
2008-06-25,1.906499981880188,-5.270239385846143e-05,0.008863121317514766,-0.0075968802698462845,0.005803237939484784
2008-06-26,1.9176000356674197,-5.246084179577615e-05,0.017151881515281797,-0.009808551692468637,0.005822215522018892
2008-06-27,1.924999952316284,-0.00026078585751154737,0.01548806896931132,-0.0032854044776217117,0.0038589468665131132
2008-06-30,1.924499988555908,0.0078961139009186,0.00992211453133418,-0.005090887022411894,-0.0002597214403949888
2008-07-02,1.9772000312805176,0.019589533517229807,0.027383758398540792,0.010184481099830167,0.027383758398540792
2008-07-03,1.9458999633789065,5.058496477383656e-05,0.010519924205755649,-0.01628564551841316,-0.01583050141939346
2008-07-04,1.909000039100647,-0.00046246515430126145,0.0011305860938706225,-0.01038080810655051,-0.018962909179660814
2008-07-07,1.9101999998092647,0.006914575773862897,0.018858047466777883,-0.0013096161179948496,0.0006285807669144106
2008-07-08,1.9149999618530276,-0.007433761990434218,0.018479748930333884,-0.007433761990434218,0.0025128060120627183
2008-07-09,1.9294999837875368,-0.008093968545181185,0.00861618616918225,-0.008093968545181185,0.007571813171462605
2008-07-10,1.9254000186920168,-0.019435099329851768,0.00393888007767762,-0.019435099329851768,-0.002124884752510825
2008-07-11,1.9470000267028809,-5.194587772017201e-05,0.017243183357308567,-0.00675184965092257,0.011218452166390724
2008-07-14,1.9276000261306765,-5.136959042684186e-05,-5.136959042684186e-05,-0.01828457406098949,-0.009964047409417365
2008-07-15,1.932600021362305,0.005084020098849118,0.016082183907228487,0.00046691747453175836,0.0025938966403029617
2008-07-16,1.904600024223328,0.00025870006977624094,0.007916814295541252,-0.015419671469416474,-0.014488252524823775
2008-07-17,1.8868000507354736,-0.00021005269906793078,0.009503319877901317,-0.015278830249316422,-0.009345780353601008
2008-07-18,1.8761999607086184,0.0,0.010652955787557872,-0.00938100255843799,-0.005618025091065348
2008-07-21,1.896299958229065,-0.0061294111472696144,0.011992345495239531,-0.0061294111472696144,0.010713142490875516
2008-07-22,1.891700029373169,5.274302385505081e-05,0.00875389608442445,-0.006486323243573899,-0.0024257390482631536
2008-07-23,1.8910000324249268,5.287127577324746e-05,0.003330323220572806,-0.01194695479726482,-0.00037003591339701547
2008-07-24,1.898300051689148,-0.0006346271270915027,0.0033315560159461466,-0.009888949393608626,0.0038604014484653337
2008-07-25,1.895900011062622,-0.019543842208929352,0.002475870685272774,-0.019543842208929352,-0.001264310467879004
2008-07-28,1.8863999843597408,0.0036921617393199657,0.0036921617393199657,-0.007595340079409096,-0.005010826861885365
2008-07-29,1.8651000261306765,-0.008428761642716665,0.007739630327339375,-0.018394845386232483,-0.011291326550924241
2008-07-30,1.804800033569336,0.0,0.0,-0.03233070168705021,-0.03233070168705021
2008-07-31,1.8029999732971191,0.014627642710320465,0.014627642710320465,-0.005319172827046081,-0.0009973738024908751
2008-08-01,1.7862000465393066,-0.0009428311115754484,0.006433731402887721,-0.0136439430704558,-0.009317763176163951
2008-08-04,1.783400058746338,0.007949821846786831,0.013436305454475495,-0.003862989540923456,-0.0015675667450538722
2008-08-05,1.776600003242493,0.0005046040692919807,0.005999768452974452,-0.006336260290941809,-0.0038129725691639083
2008-08-06,1.785899996757507,5.6296630502217226e-05,0.015479023600365904,-0.001463443994347502,0.005234714340898838
2008-08-07,1.7934999465942385,0.00011200693668711459,0.01763815551675907,-0.0015118266442339934,0.004255529341245179
2008-08-08,1.774799942970276,-0.0001672319941128375,0.006412044213055079,-0.011820430591809927,-0.010426542615444623
2008-08-11,1.7691999673843384,-0.005070962374583821,0.005183736999097244,-0.011381505270551373,-0.0031552714479839983
2008-08-12,1.7547999620437622,0.0001695963075576401,0.002430476126304537,-0.012548037968819759,-0.008139275156027637
2008-08-13,1.768100023269653,5.699600871689192e-05,0.011340371536533,-0.005698649805992773,0.00757924636059415
2008-08-14,1.749400019645691,-0.00022626908572309645,0.0028278916157595813,-0.019512472375416645,-0.010576326778946155
2008-08-15,1.732200026512146,0.0,0.0034868750873506826,-0.012461438752667697,-0.009831938344798008
2008-08-18,1.7382999658584597,0.00837087040329032,0.00929449807363647,-0.0025401309375214787,0.00352149824093706
2008-08-19,1.753499984741211,-0.01610769009314772,0.014669538991340936,-0.01610769009314772,0.008744186378238039
2008-08-20,1.7561999559402466,-0.0001710468064555215,0.004277189915798285,-0.007869988654892301,0.0015397611762364427
2008-08-21,1.7632999420166016,-0.01776559211999562,0.010420257895816798,-0.01776559211999562,0.004042811897551735
2008-08-22,1.7467999458312988,-0.016616557253452457,0.004253418419279287,-0.016616557253452457,-0.009357452916622044
2008-08-25,1.7466000318527222,-0.004121824418114262,0.006182736627171392,-0.015456807445735521,-0.0001144458351133304
2008-08-26,1.7360999584197998,-0.003721519296636444,0.0018320937255551506,-0.011565334791018178,-0.006011721768826694
2008-08-27,1.750499963760376,-0.015148870508949086,0.013939336676952241,-0.015148870508949086,0.008294456359346336
2008-08-28,1.7417000532150269,0.0,0.007426456277191518,-0.010511256339952646,-0.005027084105986179
2008-08-29,1.7278000116348269,-5.742469476788248e-05,0.006373046011827643,-0.009071596000640336,-0.00798073213268935
2008-09-01,1.7134000062942505,0.0009260487750757385,0.008565778682346092,-0.010707240601643409,-0.008334300985998522
2008-09-02,1.7380000352859497,0.00011674634477154555,0.015524689590741492,-0.0016341705280046304,0.01435743486712382
2008-09-03,1.7617000341415403,5.75469458587996e-05,0.018296842236522837,-0.012370535661924698,0.01363636270104629
2008-09-04,1.7688000202178955,-0.00017031831525471386,0.0111823413537675,-0.00754956063355694,0.004030190122471744
2008-09-05,1.760599970817566,-0.004296737312951993,0.008141115544990862,-0.010006827171468502,-0.004635939228064601
2008-09-08,1.7330000400543213,-0.004827888284521742,0.014767706076985743,-0.021185954374786653,-0.015676434863524435
2008-09-09,1.749899983406067,0.0,0.011944591688588302,-0.012233156580744753,0.009751842447283332
2008-09-10,1.7103999853134155,-0.0005143323302150282,0.0019429499854386467,-0.011314902523804848,-0.02257271756513035
2008-09-11,1.7580000162124634,0.0,0.03776893790892388,0.0,0.027829765731859357
2008-09-12,1.7594000101089478,-5.689225996052816e-05,0.004323065851332908,-0.009783841282664851,0.0007963560202350894
2008-09-15,1.8003000020980835,0.017903820449698182,0.029669182366159008,0.007786750206671522,0.023246556640978522
2008-09-16,1.7913000583648682,-0.00011111103018002222,0.01660831792534112,-0.012386827158316849,-0.004999135545590616
2008-09-17,1.845700025558472,5.576809098895019e-05,0.03237870074190208,-0.007871419811674163,0.030368986446224433
2008-09-18,1.8229999542236328,-0.00027094487876722084,0.008993884460836377,-0.01755432170322091,-0.0122988952811931
2008-09-19,1.7719000577926636,-0.002139293475360904,0.0010971439990710152,-0.03450353743603374,-0.02803066248717012
2008-09-22,1.830399990081787,0.016535906928085264,0.037417412467559696,0.008183250890167582,0.03301536789947379
2008-09-23,1.8264000415802,-5.464193317039623e-05,0.005190136994295047,-0.015297201317033382,-0.002185286562096378
2008-09-24,1.8176000118255613,0.00021898114177498762,0.0036683746978158904,-0.01702805190851675,-0.0048182378199164155
2008-09-25,1.7967000007629397,0.00011005346972114971,0.008582727744112617,-0.011883807146969239,-0.011498685589042212
2008-09-26,1.7914999723434448,-0.006178022921198956,0.01502752290169207,-0.006178022921198956,-0.0028942107292740937
2008-09-29,1.83650004863739,-0.0011721969730088544,0.0341613305287376,-0.009545061012333433,0.02511865865958174
2008-09-30,1.7843999862670898,-0.00021784174524208666,0.0031581860169875853,-0.031745176567679945,-0.02836921371657808
2008-10-01,1.7805999517440796,0.00022420218494256794,0.009414955221024979,-0.004819545299797556,-0.0021295867250928913
2008-10-02,1.8209999799728396,5.6170165474433986e-05,0.024654618757554703,-0.0058968631406218774,0.022688997710681003
2008-10-03,1.771299958229065,-5.492399507578405e-05,0.005546407011679522,-0.019494745069851493,-0.027292708561433288
2008-10-06,1.8564000129699707,-0.006774665498241017,0.061536774885570855,-0.006774665498241017,0.04804384166868503
2008-10-07,1.8193999528884888,-0.00010775327864076534,0.009426870713789004,-0.014167180175040817,-0.019931081568076103
2008-10-08,1.9225000143051147,0.0,0.07480491223007779,0.0,0.056667068311694546
2008-10-09,1.9455000162124636,0.00026005917121230127,0.013263947843316304,-0.026944089572464414,0.011963589979822276
2008-10-10,1.909500002861023,-0.0010280001203429867,0.008224123511484382,-0.023284506033901864,-0.018504247263655182
2008-10-13,1.8806999921798704,0.009740763028101895,0.009793141448517284,-0.02147159388407338,-0.015082487896308616
2008-10-14,1.8676999807357788,-0.00010636102977490403,0.009092346791468753,-0.01611103381589829,-0.006912325994654522
2008-10-15,1.992900013923645,-0.004551041420202018,0.06703433874778097,-0.006317894548317882,0.06703433874778097
2008-10-16,2.0297000408172607,-0.00015055937563501764,0.03462285414756394,-0.04250087198223995,0.01846556607783012
2008-10-17,2.0132999420166016,0.0001971061574059796,0.01561802001344037,-0.028132264104866134,-0.008080060339386685
2008-10-20,2.000600099563598,-0.006655718967096713,0.013659242725823306,-0.015546589973558622,-0.006307973386361243
2008-10-21,2.069299936294556,0.0002998406054017799,0.04598620566372236,-0.006898002353676991,0.03433961477155978
2008-10-22,2.170300006866455,4.839114981147752e-05,0.060261959728654446,-0.029816783041621275,0.04880881152142558
2008-10-23,2.117500066757202,0.00018433690018282434,0.026586148718792835,-0.029949802799064673,-0.024328406184492057
2008-10-24,2.119999885559082,0.018748538384376845,0.02724907529061449,-0.009445091048871701,0.00118055193533384
2008-10-27,2.0467000007629395,-0.011650909297020284,0.008773691722961274,-0.05301878423612261,-0.03457541922310625
2008-10-28,1.991199970245361,-0.0007328339671514028,0.006644897152792595,-0.071432032823879,-0.027116837102110658
2008-10-29,1.9349000453948972,0.00040177458524026655,0.00040177458524026655,-0.05177779416832351,-0.0282743700742053
2008-10-30,1.9579999446868896,-5.1690832387429886e-05,0.035557378117761385,-0.016796748073669265,0.011938549149849154
2008-10-31,1.963000059127808,0.0005107491104661133,0.030234959202780853,-0.019509654065347437,0.0025536846691371906
2008-11-03,1.96150004863739,-0.009882832393201646,0.00967902884573224,-0.031839020946219265,-0.0007641418467835281
2008-11-04,1.9289000034332275,0.00015290877648377332,0.00392554995653116,-0.03487128405388151,-0.01661995635779301
2008-11-05,1.978600025177002,-0.00020734468646943505,0.03037998277710363,-0.029446838985448642,0.025765991837479296
2008-11-06,1.937000036239624,0.0005053712261338106,0.0077326979039265,-0.03239665736818942,-0.021024961289817234
2008-11-07,1.9520000219345093,0.0,0.023851273582298882,-0.008518325181518738,0.007743926388357414
2008-11-10,1.9603999853134155,-0.01618852362655432,0.010911863724241133,-0.020645497531751045,0.004303259879362864
2008-11-11,2.007699966430664,5.101846290678225e-05,0.0471332154091324,-0.01617017716054836,0.02412771958355564
2008-11-12,2.052900075912476,0.0013448674869112054,0.030233571122530556,-0.020172299791091364,0.022513378611132673
2008-11-13,2.081199884414673,9.743932021466506e-05,0.025183825258664028,-0.016562013275207565,0.013785282992703873
2008-11-14,2.0380001068115234,-0.0006726859380342676,0.004084230085626528,-0.024072579513436776,-0.020757149722454016
2008-11-17,2.0562000274658203,-0.009764515455793599,0.019430762218776154,-0.022178659034776782,0.008930284445750614
2008-11-18,2.088000059127808,4.858349543290785e-05,0.027040135764780704,-0.009483521498718561,0.015465436843311364
2008-11-19,2.168100118637085,0.001484635190466932,0.041666614331810514,-0.01824712792971972,0.03836209637979415
2008-11-20,2.096199989318848,0.0006917998242954582,0.004842928669840818,-0.03685255382562225,-0.03316273482953125
2008-11-21,2.1045000553131104,0.027573730963023513,0.027573730963023513,-0.010685956711138589,0.003959577347846244
2008-11-24,2.037400007247925,-0.009170816569733953,-0.009170816569733953,-0.053551960917706976,-0.03188407997223941
2008-11-25,2.0374999046325684,-0.0002453930296443252,0.009472849666051442,-0.018062190808586065,4.903179753035225e-05
2008-11-26,2.025899887084961,-0.00014720519585198488,0.017865070640941783,-0.015607261218077317,-0.005693260412544365
2008-11-27,2.0241000652313232,-9.862025787199524e-05,0.009477312633278556,-0.019842972541672332,-0.0008884061177512059
2008-11-28,1.9919999837875368,-0.0012351450718288692,0.0039029689066418793,-0.02030533266758472,-0.015858939977909547
2008-12-01,2.01419997215271,-0.013403624524965796,0.019879525606867565,-0.024548197088145707,0.0111445725631798
2008-12-02,2.0183000564575195,-4.959655745440106e-05,0.017227642398641052,-0.023433603999542307,0.0020355894953307807
2008-12-03,1.995000004768372,-4.9613932726289e-05,0.004954659953192886,-0.025120183845608768,-0.011544394310746497
2008-12-04,1.9919999837875368,-0.00020047476966789102,0.005563876968125436,-0.02812030613423533,-0.0015037699116113856
2008-12-05,1.9769999980926516,0.0002008365356367392,0.025552260078286704,-0.021837322765198453,-0.007530113361931212
2008-12-08,2.026000022888184,0.024178079986357792,0.031613555923266645,0.003490112744130025,0.024785040385840285
2008-12-09,2.0510001182556152,-9.873306298457951e-05,0.0153010358145651,-0.021569585038704986,0.012339632322309724
2008-12-10,2.017199993133545,4.87066693728444e-05,0.0028765996188557796,-0.03096058619115949,-0.016479826023031885
2008-12-11,2.033200025558472,4.9522796442325046e-05,0.018887569068936072,-0.012393404839996403,0.00793180273616434
2008-12-12,2.078200101852417,-4.9250345251050653e-05,0.0321659867969204,-0.008312051125610953,0.022132636104794656
2008-12-15,2.133500099182129,0.002357799248170478,0.030025917206508046,-0.011500351685169052,0.026609563381514656
2008-12-16,2.165299892425537,-0.0006093726043598924,0.014951922926490724,-0.016779928989597015,0.014904987937707892
2008-12-17,2.2007999420166016,0.00041566073099441603,0.022121739375546623,-0.02507727986332431,0.016394980536066805
2008-12-18,2.154599905014038,-9.089112737914462e-05,0.02058342787166123,-0.031079565594577474,-0.02099238377852286
2008-12-19,2.0973000526428223,0.0009282899602049977,0.0009282899602049977,-0.031235424580618232,-0.026594196090824807
2008-12-22,2.1266000270843506,0.02002577326033328,0.025318204047556803,-0.016497410282976133,0.013970330284694965
2008-12-23,2.096199989318848,-0.0010815498933978152,0.006348149643812695,-0.023840848593441377,-0.014295136545813936
2008-12-24,2.096199989318848,0.0,0.020561071871338932,0.0,0.0
2008-12-25,2.128000020980835,0.0,0.0,0.0,0.01517032335846924
2008-12-26,2.115600109100342,-0.0015037848388864683,0.005592080828379142,-0.007800813827470776,-0.005827026202179231
2008-12-29,2.1124000549316406,0.0035922812608821797,0.029117019610141348,-0.010682630357684242,-0.0015125987916789763
2008-12-30,2.1538000106811523,0.014107147049316149,0.028640364025115828,-0.010556714816894908,0.019598539421005423
2008-12-31,2.1233999729156494,-0.0006965037107751204,0.00919302982656478,-0.011560943189118933,-0.01411460563410838
2009-01-01,2.106800079345703,0.0,0.0,-0.007817600914420741,-0.007817600914420741
2009-01-02,2.140399932861328,0.018748811754800476,0.0218814787654924,-0.013337769448744763,0.015948287568918307
2009-01-05,2.086899995803833,-0.004251523366001542,-0.0036441151466869437,-0.029994359223871947,-0.02499529935322664
2009-01-06,2.039900064468384,-0.011931553794755745,-0.005318919837821845,-0.031098721331990875,-0.02252141043171829
2009-01-07,2.114500045776367,-0.02201091145693601,0.041423517475126514,-0.02201091145693601,0.03657040979967063
2009-01-08,2.1308999061584477,-9.460070160116629e-05,0.019200785309852808,-0.01749819818925913,0.007755904481931086
2009-01-09,2.095599889755249,-0.001923997403342148,0.0035666006761068125,-0.03167669951425689,-0.016565778759095706
2009-01-12,2.1298999786376958,-0.004819568800931706,0.020328381903896853,-0.018705779329918126,0.01636767068471867
2009-01-13,2.1070001125335693,4.7014321905569645e-05,0.003192608273983044,-0.03263062593524957,-0.01075161572552974
2009-01-14,2.147900104522705,0.0,0.019933466849239245,-0.021642227537763126,0.01941148068566334
2009-01-15,2.112600088119507,-9.312965134877782e-05,0.00018614830192120735,-0.020345554296806956,-0.016434663944039585
2009-01-16,2.1598000526428223,4.728646240503842e-05,0.027832992340383056,-0.01235451936132348,0.022342119925465642
2009-01-19,2.1549999713897705,-0.003102157026857011,0.008241436172197414,-0.01949252322974926,-0.002222465569059584
2009-01-20,2.148400068283081,-4.6356095577682055e-05,0.0076566108604916305,-0.01962876401262348,-0.0030626000901675665
2009-01-21,2.1431000232696533,-0.006702664719278384,0.00549248294564797,-0.021132070948945425,-0.0024669730240994836
2009-01-22,2.15339994430542,-0.011572050725718763,0.0059726462214755305,-0.019504466273800536,0.004806085074859245
2009-01-23,2.1640000343322754,-0.018296583685543433,0.009055455405627244,-0.018296583685543433,0.004922490155573334
2009-01-26,2.143899917602539,-0.007024093276750465,-0.001201457746697665,-0.03234747325888909,-0.009288408692626704
2009-01-27,2.1389000415802,-0.01879746908643165,0.009375492094898519,-0.020476708175381053,-0.002332140591679299
2009-01-28,2.121999979019165,0.003927235128155182,0.007527200662297284,-0.017906417616289083,-0.007901286751366587
2009-01-29,2.1177000999450684,-0.0012252378090523708,0.007163118870089136,-0.01927426597244386,-0.0020263332312020488
2009-01-30,2.103199958801269,0.0,0.001510986258254965,-0.025074423475599406,-0.0068471173723679835
2009-02-02,2.11899995803833,-0.0036610719767475874,0.010698002371489768,-0.019684269950778877,0.00751236189927762
2009-02-03,2.1335999965667725,-0.014393551559284345,0.008730575748813196,-0.024256699967258433,0.006890060791675756
2009-02-04,2.1113998889923096,-0.020434984283660862,-0.0016404127984830374,-0.0321522025950034,-0.010404999817297367
2009-02-05,2.079200029373169,9.473960328842956e-05,0.0012315019230784152,-0.01941834400367759,-0.01525047897701104
2009-02-06,2.089600086212158,-9.620680311672736e-05,0.008657121591065797,-0.017121944244316234,0.005001951083140721
2009-02-09,2.087100028991699,-0.00038291190584471835,0.00818331576608955,-0.0054077749372519746,-0.001196428559203766
2009-02-10,2.117500066757202,0.00019168529067870033,0.015667702239405168,-0.01432613367341673,0.014565683169574628
2009-02-11,2.1061999797821045,9.446667370016648e-05,0.004486435137369016,-0.016387321919342113,-0.005336522606302907
2009-02-12,2.1259000301361084,-0.00042732415950430536,0.013388999804506252,-0.016855023232284494,0.009353361761992751
2009-02-13,2.1243999004364014,-0.00018818682443255685,0.00381016637262932,-0.005785791580736777,-0.0007056445168830416
2009-02-16,2.135699987411499,-0.005601557464615103,0.005789877175819358,-0.01741665534092318,0.005319190126480633
2009-02-17,2.1429998874664307,-4.67750083028573e-05,0.008943180644747084,-0.012454878583130324,0.003418036286912729
2009-02-18,2.140300035476685,0.0007933564987645525,0.002286615638635192,-0.010265906263778213,-0.0012598470049093313
2009-02-19,2.1438000202178955,-0.00014013482574348757,0.005746864594668777,-0.021071799715475015,0.0016352776167809502
2009-02-20,2.183300018310547,-0.00018661552941479087,0.022530099539032733,-0.019498097644851775,0.01842522517032008
2009-02-23,2.1491000652313232,-0.004076364706930735,0.005221446555275788,-0.017862883710528243,-0.015664339665827476
2009-02-24,2.163300037384033,0.00018604436509139788,0.012470297523435647,-0.013866351363809426,0.006607403900097841
2009-02-25,2.1540000438690186,-0.00013864492549653384,0.0033282496860651545,-0.022465657828291463,-0.0042989845857260844
2009-02-26,2.1491000652313232,-0.0003714636653524561,0.004596032710497022,-0.005617447103784312,-0.0022748275477719737
2009-02-27,2.1556999683380127,4.648335657320146e-05,0.009538850711766633,-0.0038156290357455047,0.0030710078201867663
2009-03-02,2.1796000003814697,-0.00746853924295543,0.013731105379863218,-0.014751603715290829,0.01108690095768905
2009-03-03,2.1789000034332275,4.583289806658897e-05,0.003670350982645454,-0.003670350982645343,-0.0003211584456412897
2009-03-04,2.170099973678589,-0.0024782883058255267,0.00018360933273764424,-0.0078020835829512025,-0.0040387487910288344
2009-03-05,2.237600088119507,-0.00032256437801603255,0.0359430761765005,-0.008294496882518598,0.031104610506260233
2009-03-06,2.262700080871582,-4.475142978155322e-05,0.019663884797033626,-0.016937776866174592,0.011217372078837107
2009-03-09,2.273900032043457,0.0014584131503958542,0.013921360120677129,-0.01949000953800728,0.0049498169317963026
2009-03-10,2.228899955749512,0.00013190138892782421,0.005365178117203051,-0.02269228139913615,-0.019789821742297597
2009-03-11,2.229899883270264,-4.4819142459129324e-05,0.004396768571918619,-0.022028768968980206,0.00044861929229833564
2009-03-12,2.1714000701904297,4.4905963704211516e-05,0.01291538283723992,-0.026862105974225448,-0.026234277834052966
2009-03-13,2.2063000202178955,-4.6115777832644866e-05,0.019342274816656735,-0.00815140292980121,0.01607255636885241
2009-03-16,2.198199987411499,-0.0038979270670193022,0.002130238592557676,-0.022390468530379626,-0.003671319735380596
2009-03-17,2.210900068283081,-0.0002274423452093277,0.012737747479126371,-0.018833571097533253,0.0057774911037722365
2009-03-18,2.267199993133545,-9.047590650335113e-05,0.03202307901264145,-0.0169614826057104,0.02546470808795287
2009-03-19,2.338200092315674,-8.822917628437121e-05,0.037976403374960555,-0.01618737227012723,0.031316204744689546
2009-03-20,2.294300079345703,0.0003848223770439585,0.008296929517140672,-0.036395590877731476,-0.01877513097114525
2009-03-23,2.261399984359741,0.002092072818931978,0.006014865231104727,-0.018960111366610355,-0.014339926708865636
2009-03-24,2.2276999950408936,-0.00013263048314504644,0.003139694585102326,-0.018086137911032085,-0.014902268308093602
2009-03-25,2.256599903106689,0.0002693807805964621,0.016429552002744874,-0.011401859936763459,0.012972980262212053
2009-03-26,2.2397000789642334,8.864362157945394e-05,0.0029248168965099186,-0.02206856388669398,-0.007489065349683521
2009-03-27,2.218400001525879,0.00022322799604812538,0.00723303416665777,-0.02000269747134953,-0.009510236499256974
2009-03-30,2.226099967956543,-0.0009466240728822628,0.017985964857978542,-0.009736750809595907,0.0034709549339018153
2009-03-31,2.199700117111206,-8.9858133392684e-05,0.008310538570452497,-0.02210145936463126,-0.011859238679910122
2009-04-01,2.151599884033203,-9.09365719037325e-05,0.0023639173220728615,-0.03423203739866776,-0.021866722970025343
2009-04-02,2.1477999687194824,0.004089993599619923,0.01640640374874347,-0.01938087403307276,-0.0017660882685109902
2009-04-03,2.12719988822937,-0.00018626798657184196,0.0024676623012465093,-0.02737684278204866,-0.009591247225128718
2009-04-06,2.12719988822937,-0.0011282068180409333,0.005265226673068835,-0.02167163577547626,0.0
2009-04-07,2.1243999004364014,-4.696191702358021e-05,0.012269725490222427,-0.01894504256442109,-0.0013162786480303001
2009-04-08,2.095599889755249,0.000423663235873617,0.005648693506752123,-0.022547525756199338,-0.013556774633267543
2009-04-09,2.063800096511841,0.0010022090922856552,0.00524916824836863,-0.022380128841152036,-0.015174553787136391
2009-04-10,2.0659000873565674,-9.692469159405803e-05,0.004457727144863144,-0.007655779871202251,0.0010175359756383617
2009-04-13,2.0927999019622803,-0.004598492812416977,0.02057215609486107,-0.008519317859073006,0.013020869097368992
2009-04-14,2.114799976348877,0.00028674483548862817,0.010560116219949123,-0.021215586205215242,0.01051226845240616
2009-04-15,2.1171000003814697,4.735001151079388e-05,0.0033099912808336462,-0.020758470522475814,0.0010875846691484892
2009-04-16,2.1106998920440674,4.718595466712827e-05,0.005620872003199162,-0.023381034692262714,-0.0030230543367102403
2009-04-17,2.097399950027466,0.0001895420458590813,0.002084623633091809,-0.02435208643659481,-0.00630119993218059
2009-04-20,2.1435999870300293,0.0011919792505126203,0.022361035123602102,-0.019500330391731047,0.022027290027330393
2009-04-21,2.121999979019165,0.0001399190960647001,0.006810990211224555,-0.011569351711895659,-0.010076510609048461
2009-04-22,2.1354000568389893,0.001036817469228346,0.007445805557624752,-0.017766229120256827,0.006314834096283972
2009-04-23,2.151099920272827,-9.367480684729923e-05,0.009412699155263216,-0.017842091964990425,0.007352188356255063
2009-04-24,2.128200054168701,-4.6440141483694575e-05,0.003300685950815563,-0.02226765991673829,-0.010645654294488383
2009-04-27,2.1196000576019287,0.00018787141573928245,0.006437368688859246,-0.017009700976371223,-0.004040971876646093
2009-04-28,2.1185998916625977,0.000566126003023415,0.00731262022303758,-0.01594646357969587,-0.0004718654048644355
2009-04-29,2.1110999584198,0.00023610035142707098,0.00741060259381765,-0.016850677893849864,-0.003540042304501445
2009-04-30,2.1117000579833984,-4.732006376373388e-05,0.004263210231523873,-0.017810639560589703,0.0002842591897200819
2009-05-01,2.110599994659424,0.00023675888935348333,0.005067001523747061,-0.0020363296749550397,-0.0005209372987492467
2009-05-04,2.0894999504089355,-0.0001421067816111954,0.0025111556082815234,-0.024069025488624773,-0.00999717819761159
2009-05-05,2.08240008354187,0.0,0.0060301246075136206,-0.02340267535433027,-0.0033978784568412523
2009-05-06,2.074199914932251,9.605896073816567e-05,0.006098656330920882,-0.01752784078347469,-0.003937844929237544
2009-05-07,2.085700035095215,0.00019287744293716713,0.008774544315546473,-0.023286100582482927,0.005544364398134549
2009-05-08,2.092900037765503,0.0,0.0076713008369855284,-0.02243857495261803,0.0034520796610906235
2009-05-11,2.124300003051758,-0.0006211937925276745,0.0179176759309565,-0.016340939587223158,0.01500308888129176
2009-05-12,2.131099939346313,0.00014119030837411728,0.007861426987326503,-0.016334753466906715,0.003201024471490177
2009-05-13,2.1410999298095703,-0.0002346036200110424,0.007414011396343678,-0.02374363160809967,0.004692408027717754
2009-05-14,2.1308999061584477,0.00018685086583891675,0.00270889214139558,-0.019989702045248636,-0.004763917605671852
2009-05-15,2.1161999702453613,-4.6880374040436656e-05,0.0015017383779747373,-0.021540133292427877,-0.006898463823008516
2009-05-18,2.088599920272827,-0.0047254468404974714,-9.452470970550131e-05,-0.02958127694207724,-0.013042269332105727
2009-05-19,2.0878000259399414,-0.0003829811181746967,0.004165533229005591,-0.017954565768474207,-0.0003829811181746967
2009-05-20,2.062299966812134,-0.00014365866882981582,0.006322465977561809,-0.020308516697979395,-0.012213841752553578
2009-05-21,2.122499942779541,0.0032488188031487564,0.029190698218583222,0.0,0.029190698218583222
2009-05-22,2.126300096511841,-0.01578325419745863,0.0022615224416759894,-0.017714978303627893,0.0017904140564184434
2009-05-25,2.115499973297119,4.6981790015276914e-05,0.003715373776020714,-0.006913499348365937,-0.005079303355363218
2009-05-26,2.177999973297119,-0.0009453344678549414,0.029543843436022454,-0.001796225649579375,0.029543843436022454
2009-05-27,2.129800081253052,-0.02231403076935179,-0.01285577514828895,-0.025757526331679603,-0.02213034556244764
2009-05-28,2.177999973297119,-0.0023476919195047907,0.0226311814279343,-0.0036153470452183756,0.0226311814279343
2009-05-29,2.172300100326538,0.00036737041380829893,0.004361812130098119,-0.025114737574264967,-0.0026170215980088063
2009-06-01,2.1563000679016118,-0.005201899577963021,0.003774768591967348,-0.009390989439801434,-0.007365479761530791
2009-06-02,2.178800106048584,-0.0003710674425030369,0.013819940297504107,-0.01873580993209112,0.010434558010689043
2009-06-03,2.1923999786376958,-0.0005508532535248856,0.00977594913853963,-0.004038933966548308,0.006241909274447455
2009-06-04,2.1786999702453613,0.00022804404545140322,0.0018244611113671372,-0.02043424719148068,-0.006248863585944453
2009-06-05,2.148699998855591,9.18130952394236e-05,0.007573321894085661,-0.022444526396538267,-0.01376966622273923
2009-06-08,2.1605000495910645,-0.0013031078300647092,0.012053747428098838,-0.007353283029494895,0.0054917162664673835
2009-06-09,2.1730000972747803,-0.0004629326157712388,0.008377700927652887,-0.007498294487824353,0.005785719693031988
2009-06-10,2.1728999614715576,-0.0002761617748435752,0.002024857192983065,-0.012839383017071215,-4.608182178555964e-05
2009-06-11,2.154900074005127,9.205816715596171e-05,0.0023011250078590617,-0.015233048157832663,-0.008283808636197154
2009-06-12,2.1487998962402344,-0.000278481387994578,0.0026915441898072157,-0.01378256058159566,-0.002830840203905449
2009-06-15,2.134299993515014,-0.0011168659405818016,-0.00027916100799763033,-0.015078134015036548,-0.006747907401983166
2009-06-16,2.1461000442504883,-0.0006091442233007172,0.008012039451276598,-0.005809826134175022,0.005528768575799203
2009-06-17,2.169600009918213,-0.00013975610005378947,0.016122277033473464,-0.007408850804919598,0.010950079298811088
2009-06-18,2.1568000316619877,-0.00046088104543728914,0.007559042554243556,-0.021017670183677728,-0.005899694965759039
2009-06-19,2.159600019454956,-0.0005100441894594354,0.005749217219241931,-0.010988500791762612,0.0012982139057233777
2009-06-22,2.1840999126434326,0.0027319439272539547,0.015002728521545494,-0.011854026802107565,0.011344643900614404
2009-06-23,2.2011001110076904,0.0002747582929356618,0.011766903229518011,-0.005540031038845039,0.007783617528596576
2009-06-24,2.166399955749512,-0.00013637225748508452,0.005815264009216614,-0.020444356923567497,-0.0157649145918638
2009-06-25,2.1621999740600586,-0.00046156182661383216,0.0041081643838025705,-0.010524358006458123,-0.001938691735248188
2009-06-26,2.153899908065796,-0.000416256658452574,0.00462491470873494,-0.00980480153985197,-0.0038387133909160154
2009-06-29,2.16729998588562,0.0013928321226073237,0.008449862969361455,-0.010910426050775524,0.0062213094348742
2009-06-30,2.1589999198913574,-0.00036907411899367304,0.00239925679143127,-0.015549296146503133,-0.0038296802696056176
2009-07-01,2.150700092315674,-0.0005094140556757276,0.003057036484559239,-0.012505767212022012,-0.0038442926742217054
2009-07-02,2.140199899673462,9.28975499656648e-05,0.0043241703239995655,-0.011484709041104435,-0.004882220761383005
2009-07-03,2.146899938583374,-4.6676660744982e-05,0.006681669295524495,-0.006961952060284382,0.0031305668741197223
2009-07-06,2.157500028610229,-0.003307032032312751,0.005682666849977203,-0.008803352807867704,0.004937393604775853
2009-07-07,2.155400037765503,4.630237929048597e-05,0.0013905079680429644,-0.012607176470964876,-0.0009733445269425323
2009-07-08,2.1677000522613525,-9.280559727264936e-05,0.007887148393716625,-0.008443871362814215,0.00570660400869305
2009-07-09,2.160099983215332,-0.0002306425004944268,0.004151894969562697,-0.0147161353951768,-0.003506051973423241
2009-07-10,2.1556999683380127,-4.6246648497616505e-05,0.004212749593934584,-0.01194388681116243,-0.002036949637289398
2009-07-13,2.162800073623657,0.00505637183256491,0.009927158295361949,-0.007236612830319511,0.0032936426172136546
2009-07-14,2.161099910736084,-0.0008784712373699488,0.0008321720882054073,-0.013686028493157587,-0.0007860934111788564
2009-07-15,2.1542999744415283,0.0,0.0028227189935032815,-0.013187655761993988,-0.0031465163923122264
2009-07-16,2.1542999744415283,-0.00023207713238992955,0.0034813783278915267,-0.00997998071889461,0.0
2009-07-17,2.148099899291992,-0.00018570597432054914,0.0022745108368513733,-0.011743966132896633,-0.002877999917882068
2009-07-20,2.1382999420166016,-0.003817294621047518,-0.00311894269607349,-0.004562151545475457,-0.004562151545475457
2009-07-21,2.13700008392334,0.0007015525138593937,0.0007015525138593937,-0.0006547228800670712,-0.0006078932462748599
2009-07-22,2.1140999794006348,-0.010482049547328232,-0.009873674975131475,-0.010809610109214884,-0.010716005439111886
2009-07-23,2.108799934387207,-0.0030745971266168404,-0.0017027965379741161,-0.003405705851399432,-0.0025069982806255053
2009-07-24,2.0996999740600586,-0.0005690253916699195,0.005311054400771953,-0.01076433688473899,-0.004315231700627309
2009-07-27,2.097599983215332,-0.0010954060394378073,-0.0004286470196825931,-0.0038577096282637058,-0.0010001385296328769
2009-07-28,2.0922000408172607,-0.0010965026940297218,-0.0007627894246540201,-0.0029557948127136857,-0.0025743432691078816
2009-07-29,2.0887999534606934,0.003871538403771302,0.0043972170597026405,-0.0017684819122895101,-0.001625125365755764
2009-07-30,2.073199987411499,-0.005218317140091022,-0.005074613100557901,-0.010005750444409434,-0.007468386823423878
2009-07-31,2.094399929046631,0.0022670005201461674,0.013650418238768447,-0.007090457265263472,0.010225709899603697
2009-08-03,2.0936999320983887,0.0003820343671561144,0.0004297317449388771,-0.00038192053093211165,-0.00033422315314957096
2009-08-04,2.1059000492095947,0.0036776838517385,0.0061613958436341765,0.0036776838517385,0.005827060948021545
2009-08-05,2.109499931335449,0.0021843620103965122,0.002421772974208869,0.0016144398397561766,0.0017094268681960845
2009-08-06,2.1184000968933105,0.00355542635956807,0.004219087863267745,0.0031761266309549008,0.004219087863267745
2009-08-07,2.073499917984009,-0.0006608732215116486,0.006278295604360329,-0.02459411782316101,-0.021195325177311375
2009-08-10,2.088399887084961,0.0076199661741112035,0.00824697199193869,0.006993075339929211,0.007185902913099174
2009-08-11,2.1187000274658203,0.014748183205576915,0.01584951635868448,0.014412999818252059,0.014508782809384835
2009-08-12,2.122600078582764,0.0009439066482177516,0.002265578510797006,0.0007551928369322614,0.0018407755068605702
2009-08-13,2.1064999103546143,-0.007208157406128346,-0.0060775056920104875,-0.007585116193390418,-0.007585116193390418
2009-08-14,2.115999937057495,0.00037983991716861176,0.009684333335106432,-0.007310673399808287,0.004509863331198405
2009-08-17,2.1017000675201416,-0.00798668461491403,0.003308114220530678,-0.010113409952533736,-0.006757972572172588
2009-08-18,2.096199989318848,-0.002712143125106481,-0.0011895404387596287,-0.009135502677260043,-0.002616966277106947
2009-08-19,2.131999969482422,-0.006535639949500349,0.017126283822977317,-0.006535639949500349,0.01707851366567703
2009-08-20,2.100800037384033,-0.008161363306977587,-0.008161363306977587,-0.02049717655142058,-0.014634114702151257
2009-08-21,2.13100004196167,0.003903241643717026,0.014375477932322633,-0.000618857810693707,0.014375477932322633
2009-08-24,2.094000101089477,-0.013233293749808417,-0.006804383321574625,-0.01736271240902132,-0.01736271240902132
2009-08-25,2.115299940109253,0.01117470331177528,0.01270290484673997,0.00420238343421353,0.010171842402822096
2009-08-26,2.123800039291382,-0.005909349991788937,0.007233033569647773,-0.005909349991788937,0.004018389553629875
2009-08-27,2.1261000633239746,-0.00776909119504865,0.008569507636118745,-0.00776909119504865,0.001082975793408547
2009-08-28,2.111000061035156,-0.007102206781938181,-0.007102206781938181,-0.007102206781938181,-0.007102206781938181
2009-08-31,2.148099899291992,0.018758831990690172,0.019232506785499037,0.01757453206261106,0.01757453206261106
2009-09-01,2.1563000679016118,0.0038639106109537025,0.004888130503461596,0.002932922698257734,0.003817405611499902
2009-09-02,2.149499893188477,-0.001437720487146743,-0.0013912817726500215,-0.00408107845732375,-0.0031536309878023028
2009-09-03,2.1440000534057617,-0.002233004453586318,-0.002000409066184594,-0.0026983061465524205,-0.0025586601795811736
2009-09-04,2.12940001487732,0.00032649110578630847,0.003125018070437635,-0.007882491669806257,-0.006809719293266681
2009-09-07,2.126499891281128,0.0016436483125563672,0.005071797088704422,-0.0018784392193299526,-0.0013619440104863934
2009-09-08,2.1445000171661377,0.012367831283277342,0.012414808659130028,0.008417583351487012,0.008464672845182042
2009-09-09,2.174599885940552,0.003870396795440767,0.01524833832424366,-0.0020983503035403306,0.01403584450150297
2009-09-10,2.17930006980896,0.0009197523981372413,0.00321907857452719,-0.0010575672466842656,0.002161401689936504
2009-09-11,2.1742000579833984,-0.0012389713769714872,0.006011062455425931,-0.0032120264572080837,-0.002340206333315331
2009-09-14,2.184799909591675,0.00533530366950985,0.005473253519804988,0.004001422923098019,0.004875288071746198
2009-09-15,2.1607000827789307,-0.011351073227397368,-0.010435723939472119,-0.011671467303380756,-0.01103067915141398
2009-09-16,2.1631999015808105,0.0009719029778649801,0.001712416248125681,-0.0015273706879667115,0.0011569485380242828
2009-09-17,2.168100118637085,0.0019878502627210803,0.0022652631653197197,0.0019878502627210803,0.0022652631653197197
2009-09-18,2.176300048828125,-0.00027678590967272765,0.005442466524245182,-0.0032287290798183044,0.003782080965981649
2009-09-21,2.185100078582764,0.004640852649587135,0.005100424361617062,0.0031245398805266333,0.004043573752331442
2009-09-22,2.1847000122070312,-0.0003203500631866474,0.002150906265527608,-0.0004118942399617964,-0.0001830883535514083
2009-09-23,2.178800106048584,-0.0035703310249936004,-0.002700556655596431,-0.004211148477578419,-0.002700556655596431
2009-09-24,2.179500102996826,0.0005047846759058672,0.0005047846759058672,0.0003212763512812078,0.0003212763512812078
2009-09-25,2.1789000034332275,0.00018344938667524957,0.005184605653829166,-0.0019729833858521673,-0.0002753381671207755
2009-09-28,2.182499885559082,0.002111179061883295,0.0023864836394564826,0.0013308941085148351,0.0016521557300390732
2009-09-29,2.177500009536743,-0.0027490510229987164,-0.0021534688184531303,-0.003115663986765216,-0.0022908940593405758
2009-09-30,2.174499988555908,-0.00188293193426059,-0.0009185274173700853,-0.00188293193426059,-0.0013777363801128484
2009-10-01,2.180000066757202,0.0031731764240481297,0.0031731764240481297,0.0017935392676335926,0.0025293530605841053
2009-10-02,2.177999973297119,-0.0009174740361628242,-0.0009174740361628242,-0.018119264625256815,-0.0009174740361628242
2009-10-05,2.171999931335449,-0.003213943787072293,-0.0026629976331099536,-0.0033516529588752952,-0.0027548402365620284
2009-10-06,2.1559998989105225,-0.005478797650237732,-0.005018425848965502,-0.007366497666088434,-0.007366497666088434
2009-10-07,2.164099931716919,0.0022263828748216863,0.004081646645292203,0.002180048278658697,0.0037569727208659476
2009-10-08,2.1577999591827397,-0.0029111282902638536,-0.0025876695913460424,-0.003696639367677945,-0.0029111282902638536
2009-10-09,2.1577999591827397,0.0,0.002502522244979488,-0.0032440307789576295,0.0
2009-10-12,2.1547000408172607,-0.0019000120325257663,-0.0014366106331066275,-0.0020854167888980646,-0.0014366106331066275
2009-10-13,2.160900115966797,0.0030166638506119448,0.0034343693869089975,0.00255259576604816,0.0028774655553376327
2009-10-14,2.155800104141236,-0.0024990423096138414,-0.0019899658762116967,-0.0024990423096138414,-0.0023601330704169365
2009-10-15,2.1614999771118164,0.0018554357121991494,0.0026439710062315935,0.0011132393085175885,0.0026439710062315935
2009-10-16,2.178499937057495,-0.0007864559273628169,0.01050199934083329,-0.0030071736252021974,0.007864890180750317
2009-10-19,2.1754000186920166,-0.0016524591369586616,-0.0006884972799925393,-0.0018361021882743467,-0.0014229600436278522
2009-10-20,2.1905999183654785,0.006435569938654906,0.0069871745623137915,0.0050565035807172976,0.0069871745623137915
2009-10-21,2.200400114059448,0.004838898211392495,0.005980164217795236,0.0044737496846443126,0.0044737496846443126
2009-10-22,2.20199990272522,0.0004998295075377968,0.0012724902962324425,0.00031812257405827715,0.0007270444386684449
2009-10-23,2.208899974822998,-0.00022704985579569126,0.004268905419388513,-0.0034059643842473397,0.0031335478667542382
2009-10-26,2.213200092315674,-0.005613614025907543,0.008918489102514693,-0.005975845344928232,0.0019467235011492168
2009-10-27,2.2142999172210693,-0.0002711456436687021,0.004879759780256787,-0.0023043609311552693,0.0004969387581421625
2009-10-28,2.216900110244751,0.0001806739785432665,0.005374243320042549,-0.0035224965482979487,0.0011742731883153112
2009-10-29,2.205699920654297,-9.023103338834382e-05,0.00333790295980374,-0.005142416081643675,-0.005052185048255331
2009-10-30,2.2084999084472656,4.539865204922222e-05,0.008115333329874463,-0.0009066759366390675,0.0012694327849176457
2009-11-02,2.2191998958587646,0.004709104491791072,0.010776606586117898,-0.0002263816079247638,0.0048449118655484735
2009-11-03,2.213599920272827,4.512248013788245e-05,0.003379673762319957,-0.004551139294277973,-0.0025234209844672284
2009-11-04,2.218400001525879,0.0001807311122796751,0.003162255933565117,-0.0031170193023628556,0.002168450228558161
2009-11-05,2.210200071334839,-0.00018034005384837126,0.0006761139921096504,-0.004507749033708319,-0.003696326264605032
2009-11-06,2.203700065612793,-0.00018100912262242197,0.001040640647162805,-0.005112698674501925,-0.0029409128188654377
2009-11-09,2.2077999114990234,-0.0006352923967877233,0.005445317033842212,-0.0013613563059911016,0.0018604373390942452
2009-11-10,2.207900047302246,-0.0005887571996409102,0.003261166300799312,-0.0046652420729437205,4.535547025841247e-05
2009-11-11,2.210599899291992,0.00040764079751176574,0.003079820711478387,-0.0012229223925350752,0.0012228144082178094
2009-11-12,2.2044999599456787,-0.00027135672321876303,0.001583273726888379,-0.005925951970291443,-0.0027594045165147962
2009-11-13,2.201499938964844,0.0001814771526429393,0.0019959242264753208,-0.00344752514588742,-0.0013608623430905187
2009-11-16,2.2042999267578125,0.0024983322070313285,0.006132171509763973,0.00022710141914017434,0.0012718545857806074
2009-11-17,2.2030999660491943,4.542748561897625e-05,0.0034931573227379165,-0.0025857973778390386,-0.0005443727026671619
2009-11-18,2.214900016784668,-0.00013614024653052503,0.0077618337853126995,-0.0008624019273476558,0.005356112258779966
2009-11-19,2.224800109863281,-9.031251358992964e-05,0.006772254445765569,-0.005598407055183441,0.004469769742918128
2009-11-20,2.226599931716919,-0.0003146336361358193,0.002427158455329037,-0.00409034443381362,0.0008089813757465869
2009-11-23,2.240400075912476,0.00035935182610380423,0.009386513834349408,-8.983795652595106e-05,0.006197855303496702
2009-11-24,2.2421998977661133,-0.0006248856673131131,0.0029905546700998986,-0.0036154403374129007,0.0008033484166456439
2009-11-25,2.253700017929077,4.465962348954022e-05,0.007760247575939516,-0.00330023984344463,0.005128945092906845
2009-11-26,2.2955000400543213,-4.443173555757074e-05,0.01956784212938878,-0.002529223651689838,0.018547287479570684
2009-11-27,2.278599977493286,0.0012632912772869709,0.009453236774935592,-0.013548261455490596,-0.007362257576190356
2009-11-30,2.2985999584198,-0.003730299678533555,0.010313335337419405,-0.0061440968590921186,0.008777311122646347
2009-12-01,2.2655999660491943,-0.0003045318719675505,-0.0001304840241604932,-0.016401260985992705,-0.014356561806122992
2009-12-02,2.260499954223633,8.829148608047177e-05,0.00194209699119674,-0.005517323389403916,-0.0022510645753827108
2009-12-03,2.238899946212769,-0.00013268329068061302,0.0022119506932860578,-0.01181155513254406,-0.009555411832902427
2009-12-04,2.219000101089477,-8.934440692853762e-05,0.002277909664604838,-0.013042047139131596,-0.008888224396518374
2009-12-07,2.2060000896453857,-0.0018928435857076265,0.00040549422106295196,-0.007165450345169466,-0.0058584997079128565
2009-12-08,2.2144999504089355,-0.0004986687576025162,0.009383489135797562,-0.001269260054027832,0.003853064559447228
2009-12-09,2.215399980545044,0.0003613153169486072,0.004651234899528012,-0.001399827696950795,0.00040642590032224923
2009-12-10,2.2070000171661377,0.0014895511340271561,0.001625043141666671,-0.007086694760182866,-0.00379162383888787
2009-12-11,2.2035999298095703,9.063578899426439e-05,0.0015405923561946366,-0.005482546993144211,-0.0015405923561945256
2009-12-14,2.1951000690460205,4.544191614286319e-05,0.0026320607000132057,-0.004265697585346451,-0.003857261315253546
2009-12-15,2.194999933242798,4.5509262220910784e-05,0.002733379697025695,-0.002642252558592628,-4.561787621193414e-05
2009-12-16,2.186599969863892,-0.000182153972352328,0.0010934669288438226,-0.0038268627035883407,-0.0038268627035883407
2009-12-17,2.18179988861084,-4.5686173063552715e-05,0.0007774281955650331,-0.007454478744208348,-0.0021952260675056623
2009-12-18,2.1800999641418457,-0.0002749386633260631,0.003941698141825434,-0.004720836722713839,-0.0007791385808881834
2009-12-21,2.1789000034332275,-0.0005962378398429724,0.0035319327357976604,-0.0025228559661293337,-0.0005504154526649874
2009-12-22,2.1754000186920166,4.584762241788276e-05,0.0033962255479802472,-0.0034880302143490693,-0.0016063081076213015
2009-12-23,2.178100109100342,9.195237020653835e-05,0.003907372947086429,-0.0024822756052553796,0.001241192601417973
2009-12-24,2.177000045776367,0.00018356730045732128,0.0018364392365963766,-0.0025711462852961997,-0.000505056365122214
2009-12-28,2.172300100326538,-0.0014699375752930122,0.0030316504216405527,-0.0026183331508049523,-0.0021589092103821983
2009-12-29,2.166800022125244,-4.609667108501636e-05,0.003590601415584871,-0.003912948851243492,-0.0025319145363328355
2009-12-30,2.165600061416626,-0.0008768495650082198,0.0032305563092787093,-0.0038766675711343623,-0.0005537939340803932
2009-12-31,2.1482999324798584,4.612919366908663e-05,0.0021702739732814003,-0.013437467143958881,-0.007988607520379665
2010-01-04,2.125200033187866,-0.0014894641580276424,-0.0014894641580276424,-0.01661771888580843,-0.010752641631993742
2010-01-05,2.115299940109253,0.0,0.0038114213626498916,-0.005881821705491563,-0.0046584288179982725
2010-01-06,2.122600078582764,-4.7226108576547965e-05,0.004018389553629875,-0.01290591488412507,0.003451112693329872
2010-01-07,2.1075000762939453,-0.0003769587872621827,0.002826629285294535,-0.008433048817061528,-0.007113917709312911
2010-01-08,2.1005001068115234,4.7400892539517514e-05,0.0027045659616793394,-0.0076394627023984585,-0.0033214563364245553
2010-01-11,2.1050000190734863,0.0031420627331972817,0.008807355527769456,0.0009045263319431562,0.0021423051812139438
2010-01-12,2.1052000522613525,-0.00014248483125489653,0.005653181953582553,-0.0015676729327523953,9.50276418307805e-05
2010-01-13,2.1094000339508057,-4.756593232790873e-05,0.0028975580443109106,-0.0019950511044979358,0.0019950511044979358
2010-01-14,2.111599922180176,-9.482942289118501e-05,0.006210253445478431,-0.002986618200806701,0.001042897598351633
2010-01-15,2.095900058746338,-0.0005682708623039323,0.0008998845167020875,-0.01212348809239383,-0.0074350558876835615
2010-01-18,2.089600086212158,-0.001479152963959507,0.0005725276372843258,-0.006679792447640387,-0.003005855411802427
2010-01-19,2.0794999599456787,-0.000143649013545466,0.0045463372468086405,-0.005934221758934766,-0.004833521176192179
2010-01-20,2.0797998905181885,4.8153789445226636e-05,0.0011060466828058946,-0.005482079624584135,0.00014423206457658821
2010-01-21,2.095400094985962,0.0003847162196288778,0.009616415231231246,-0.004423434078314026,0.007500819929308955
2010-01-22,2.104300022125244,-0.000334063623418146,0.008972043221187942,-0.002386233756924372,0.004247364100335105
2010-01-25,2.102799892425537,0.0019959044077808574,0.0030413295877647073,-0.017915666693934407,-0.0007128877460125249
2010-01-26,2.098900079727173,0.0,0.006657874310272094,-0.004375051446849798,-0.001854580986242027
2010-01-27,2.10260009765625,-0.0004288103777790875,0.004573788042721905,-0.0024775584502622072,0.0017628366232460557
2010-01-28,2.091099977493286,9.502271473782464e-05,0.0006182146071005423,-0.009892567636215821,-0.005469475710470517
2010-01-29,2.074700117111206,0.0,0.00014343196199995134,-0.010998996774377323,-0.007842695499303387
2010-02-01,2.0645999908447266,-4.826519379685923e-05,0.0008675093999339634,-0.006940764702238811,-0.004868234297177754
2010-02-02,2.077399969100952,-0.00014527296998922967,0.007604427938602276,-0.0025186037165862984,0.006199737631011226
2010-02-03,2.075400114059448,0.00019258033199354152,0.00019258033199354152,-0.00495808279049148,-0.0009626721244103686
2010-02-04,2.08899998664856,-9.638295117686546e-05,0.009588437905772462,-0.003372943777721904,0.006552891896353996
2010-02-05,2.09060001373291,-0.00014357614860083245,0.0015796800260581279,-0.006989008435498434,0.0007659296766762136
2010-02-08,2.076900005340576,-0.002774327339378213,-0.0006218772138623097,-0.007318490087142693,-0.006553146609748484
2010-02-09,2.076900005340576,-0.0005777652778335973,0.0036593331534870988,-0.0022629618362672854,0.0
2010-02-10,2.085599899291992,-4.809927506699285e-05,0.004333411776860752,-0.0022148625612005146,0.0041888843608479664
2010-02-11,2.067600011825561,-4.789863323140242e-05,0.0035481569886277597,-0.010164913050834334,-0.00863055635577159
2010-02-12,2.064500093460083,0.00033855530288229296,0.0020313318172913153,-0.005513631405755004,-0.0014992833951190665
2010-02-15,2.061300039291382,-0.00019378365590771995,0.0003874518269191274,-0.0032453565544203755,-0.0015500382774689125
2010-02-16,2.071700096130371,-0.0001940844943029152,0.006355168378708642,-0.0017465291203659916,0.005045387202614382
2010-02-17,2.0560998916625977,-9.65550893393674e-05,0.0023168618099880245,-0.008254136677814383,-0.007530146133078008
2010-02-18,2.052900075912476,0.00048643839892537066,0.007976314218565372,-0.0023344404880014658,-0.0015562550064307512
2010-02-19,2.0576000213623047,0.0007306206954378336,0.005260794192012419,-0.0013152566167281554,0.002289417543978489
2010-02-22,2.0810000896453857,0.001943987393108193,0.011566823480336552,-0.0010692683831197147,0.01137250585154459
2010-02-23,2.0982000827789307,-0.00024036624575074494,0.008265253432293562,-0.0015858672896482684,0.008265253432293562
2010-02-24,2.0957999229431152,9.533561146435332e-05,0.005909785240342913,-0.005623892035999334,-0.001143913707522426
2010-02-25,2.094000101089477,4.777927612575894e-05,0.007586666487684024,-0.007586552727502749,-0.0008587756082701903
2010-02-26,2.1071999073028564,0.00019093979840101305,0.008357174241276244,-0.0011462080802031593,0.006303632080300048
2010-03-01,2.0834999084472656,0.002562728290721239,0.003084664962027972,-0.014094439875282805,-0.011247152571265073
2010-03-02,2.088599920272827,-9.589382196617535e-05,0.0032157615571508646,-0.005135583336537408,0.0024478099590425906
2010-03-03,2.1061999797821045,0.000335151285532298,0.010246086201230353,-0.0021066815308240505,0.008426726123296202
2010-03-04,2.1064000129699707,-9.497350194020981e-05,0.004178154894650232,-0.0034184800775817203,9.497350194020981e-05
2010-03-05,2.093400001525879,0.0,0.001661595480279221,-0.007975658305340083,-0.006171672694666452
2010-03-08,2.0845000743865967,0.0015286396132456748,0.00511129617067918,-0.004346976364056343,-0.004251422151903661
2010-03-09,2.086400032043457,0.00014388609345483694,0.004077649537168382,-0.0018230528168333704,0.0009114692199851948
2010-03-10,2.091200113296509,-4.799453685044863e-05,0.00416981107064851,-0.0016775233356294272,0.0023006524057376243
2010-03-11,2.095900058746338,4.7770361147447815e-05,0.0042558945376358626,-0.0010998584104737752,0.002247487182094776
2010-03-12,2.102400064468384,0.00019076670926398975,0.003196735875812484,-0.0017653599052286362,0.0031012956438074557
2010-03-15,2.088099956512451,-0.000428096512799514,-0.000428096512799514,-0.008371413132413408,-0.006801801520848305
2010-03-16,2.093400001525879,-0.00019159349842645668,0.0066567893633868724,-0.0011972880956496734,0.002538214225280555
2010-03-17,2.077399969100952,9.555421215257098e-05,0.002340679580645766,-0.008359569930877497,-0.007643084175630199
2010-03-18,2.078000068664551,-4.808769910913391e-05,0.005535823786471328,-0.015403901668344933,0.0002888704979899792
2010-03-19,2.0776000022888184,-9.62623586410194e-05,0.0029835594447027436,-0.0033686088792674873,-0.00019252471728237186
2010-03-22,2.087100028991699,-0.00303233179016138,0.009241474091488122,-0.00303233179016138,0.004572596598197531
2010-03-23,2.0708000659942627,0.00014370685081854795,0.0006707842829944966,-0.008624467267966174,-0.007809861899772619
2010-03-24,2.0627999305725098,0.00024143507071783255,0.0013521285028665897,-0.00753330382076467,-0.003863306532159938
2010-03-25,2.0511999130249023,0.0001455153195613068,0.0020846023062845997,-0.008628977543946426,-0.0056234331675529825
2010-03-26,2.0608999729156494,0.0001950401680459457,0.006289057432936618,-0.0023400170817062804,0.004728968555991475
2010-03-29,2.061199903488159,-0.0019894630300805183,0.002426180070177919,-0.004997778238210571,0.00014553378448800558
2010-03-30,2.05430006980896,-9.693129179222382e-05,0.0030079931301394414,-0.006209964513662292,-0.0033474839910105914
2010-03-31,2.0494000911712646,0.0,0.003748218940273995,-0.004867833385308162,-0.002385230234719815
2010-04-01,2.058500051498413,-9.760572800199263e-05,0.006343325298020286,-0.002683750344790181,0.0044403044414562665
2010-04-02,2.0439999103546143,-4.8645033139393945e-05,0.0006801038918919922,-0.008695647138195373,-0.007044032441604231
2010-04-05,2.033099889755249,-0.0010273928262363174,0.001957038696480229,-0.006213230435415773,-0.005332691329460126
2010-04-06,2.014699935913086,-4.913550246465892e-05,0.0007378534164830253,-0.011361910651017215,-0.00905019666514173
2010-04-07,1.999699950218201,0.0,0.0005956026935962644,-0.010224828478731518,-0.007445270348949928
2010-04-08,1.999600052833557,-4.995618699354942e-05,0.005700907062475391,-0.002500372733960865,-4.995618699354942e-05
2010-04-09,2.0023999214172363,0.0,0.005151050196493312,-0.0047009451193139595,0.0014002142977100895
2010-04-12,2.021699905395508,0.007391166748465183,0.01208547920778913,0.006841794311816418,0.009638426256335153
2010-04-13,2.0213000774383545,0.0,0.005886227974259306,-0.004847384742530991,-0.00019776820292971564
2010-04-14,2.0141000747680664,0.0005441175794091979,0.003661027840820452,-0.005343156780763025,-0.00356206520281388
2010-04-15,1.996500015258789,0.0,0.0008440119189161432,-0.009830726484739039,-0.00873842354199017
2010-04-16,2.0013999938964844,0.00010019192904464624,0.005158988708763967,-0.0022038641841679585,0.0024542842976438273
2010-04-19,2.0104000568389893,0.0004996140320783216,0.008893820701222799,-0.0016987949223776777,0.004496883666409435
2010-04-20,1.9966000318527224,4.969030134271968e-05,0.0009947547676896207,-0.007560693619682368,-0.00686431784525765
2010-04-21,1.9838000535964968,-0.0002003738201694638,0.0007512824133464324,-0.0068115754690142305,-0.006410887534819887
2010-04-22,1.9739999771118164,0.0,0.002974042745765182,-0.005242492467995796,-0.0049400525354929
2010-04-23,1.983199954032898,-5.066696813194049e-05,0.006534951874231032,-0.0056737341954086196,0.004660576001901617
2010-04-26,1.9738999605178835,-0.0012101257930930975,0.00045382722719322643,-0.010286369789124339,-0.004689387722152105
2010-04-27,1.9808000326156616,0.0002533476770190113,0.007649831597775769,-0.003698272156764326,0.0034956544079203233
2010-04-28,1.9775999784469604,0.00020191193449980993,0.00681541547969422,-0.005351418544181752,-0.001615536205578194
2010-04-29,1.9667999744415283,-0.00010114946907668898,0.0009102246621330856,-0.008343444763920682,-0.0054611671334632295
2010-04-30,1.9726999998092647,0.00025426224128732855,0.007219835436871103,-0.0034573603736629543,0.0029998095609147235
2010-05-03,1.9670000076293943,-0.0007603844936187043,0.004714347602734481,-0.003953963109114889,-0.002889436903949716
2010-05-04,1.9732999801635744,0.0001525418305212689,0.006304032049662789,-0.005287268326715999,0.003202832999361638
2010-05-05,1.9668999910354612,0.00010136988287468007,0.0009628930650431577,-0.00866567511858718,-0.0032432925517906774
2010-05-06,2.003200054168701,5.084986241743472e-05,0.03747016661602909,-0.006151803021572699,0.018455469672420843
2010-05-07,1.9895000457763672,-0.00019971364063209318,0.00753794023587151,-0.013178957942307057,-0.006839061512515454
2010-05-10,1.948699951171875,-5.0272224997094384e-05,0.004925839180650149,-0.02181455049560388,-0.020507712322555216
2010-05-11,1.937999963760376,5.132477879565833e-05,0.003130322116513984,-0.007286895113929992,-0.005490833724845379
2010-05-12,1.926200032234192,0.0003095873919134462,0.005933953131433745,-0.009184713013779433,-0.0060887160716393
2010-05-13,1.9081000089645384,-0.00015577290872070826,0.0015574815339169934,-0.011109944172400632,-0.009396751618085841
2010-05-14,1.9083000421524048,0.000157250553110444,0.0036685548186863315,-0.0023059665932850804,0.00010483370207370335
2010-05-17,1.910699963569641,-0.0004192283836420563,0.004925855421742398,-0.024210048725070377,0.001257622682085735
2010-05-18,1.9004000425338743,-5.2345525639707624e-05,0.0021458545993533473,-0.0067514497807694696,-0.005390653285262004
2010-05-19,1.952399969100952,0.0011050256776077294,0.033940208801928495,-0.0012629133723472963,0.027362621239338747
2010-05-20,1.993299961090088,-0.0004097590426327402,0.02325344405802987,-0.004097529368506936,0.020948572339903215
2010-05-21,1.981500029563904,-0.00010029297269809057,0.009833017283881862,-0.011488479285823083,-0.0059197971988775855
2010-05-24,1.9467999935150144,-0.005803684472417414,-0.0024224482369088474,-0.019984867068258305,-0.017512003800740028
2010-05-25,1.9521000385284424,0.00010274973727808501,0.0076535695246484625,-0.0039038164485548643,0.002722439403679333
2010-05-26,1.9306000471115112,0.0010757598500481524,0.002151519700096527,-0.016034049118305638,-0.011013775417544003
2010-05-27,1.9215999841690063,0.0,0.005231537765836514,-0.007096243684875048,-0.0046617956712320385
2010-05-28,1.9218000173568728,0.0007806049660572523,0.00832641161362524,-0.005099894544195904,0.00010409720520110355
2010-05-31,1.9311000108718872,0.0005203077904676334,0.009626376453851782,-0.0017691581416229285,0.0048392098194509625
2010-06-01,1.9349000453948972,5.179255003362471e-05,0.006731920341206177,-0.0033141676205693527,0.0019678082448428835
2010-06-02,1.9306000471115112,0.000155010887112228,0.0031008954527962374,-0.004703126426657489,-0.0022223361323600033
2010-06-03,1.9282000064849851,-5.180596265030868e-05,0.005594117757114381,-0.0030042518555210007,-0.0012431578617834171
2010-06-04,1.9235999584198,0.000259290404882595,0.0025412190754154906,-0.00720881730808598,-0.0023856695621378154
2010-06-07,1.919800043106079,-0.004106882818307178,0.0,-0.008473676101982575,-0.001975418691962605
2010-06-08,1.9160000085830688,0.0,0.002969055136934129,-0.0047922158161253225,-0.0019793907895022667
2010-06-09,1.91949999332428,5.2200727288731485e-05,0.005010460988418064,-0.003235885131770644,0.001826714366144122
2010-06-10,1.911800026893616,0.00010421109068081691,0.0052096850732143984,-0.0047407972694955,-0.004011443843419338
2010-06-11,1.9105000495910645,-0.00031383007943797114,0.0046030074436902435,-0.0038707164735104493,-0.0006799755645279237
2010-06-14,1.9249000549316408,0.0006280872428527928,0.010363751491597961,-0.0016226315070924091,0.007537296501854973
2010-06-15,1.9251999855041504,0.0,0.005922377284230285,-0.0019221870349047654,0.00015581617951587745
2010-06-16,1.9218000173568728,-5.195127502921615e-05,0.003791823872422162,-0.0030646298629550817,-0.0017660337486379296
2010-06-17,1.9319000244140625,5.204318505014349e-05,0.009210093003466646,-0.0032261812329794637,0.005255493269835876
2010-06-18,1.9255000352859497,0.0002070227037571648,0.0022257871675788188,-0.005228017459264267,-0.0033127952001832384
2010-06-21,1.9174000024795528,-0.0007790238706461006,0.002077355714508178,-0.005349280735550077,-0.0042067165193242495
2010-06-22,1.9220999479293823,0.0,0.003181359830199959,-0.0017732179737562914,0.002451207595572935
2010-06-23,1.9349000453948972,-0.00015604317186135308,0.00915668278761328,-0.002185100568770193,0.006659433854781627
2010-06-24,1.9450000524520876,0.00010332005472446504,0.009251118746102627,-0.0017572418609733687,0.005219911530432109
2010-06-25,1.946900010108948,0.0,0.004113057474259385,-0.023136285388379974,0.0009768419566185127
2010-06-28,1.9319000244140625,0.00035954437547247586,0.001643605189170838,-0.008783181699534293,-0.007704548573116532
2010-06-29,1.9391000270843504,-0.00010354220474062537,0.004555116539898263,-0.003519879609664378,0.003726902313421432
2010-06-30,1.9352999925613403,0.0001546751422416559,0.0028879250723119476,-0.0040224758473781375,-0.001959689789042929
2010-07-01,1.9733999967575075,0.0018084972638163777,0.023613886326953937,0.0005684200528097705,0.01968687249656953
2010-07-02,1.960199952125549,0.00010136474520838767,0.0034458576644460504,-0.006688985838475436,-0.006688985838475436
2010-07-05,1.9591000080108645,-0.0016324533402531927,0.002295700225057651,-0.00403020090372086,-0.0005611387315318517
2010-07-06,1.9601000547409055,0.00020414841754234914,0.004593917460269603,-0.0037262106244557724,0.0005104623173659562
2010-07-07,1.9605000019073489,-0.00051020187853279,0.005458898583069249,-0.004234511383328088,0.0002040442606365822
2010-07-08,1.9646999835968015,-5.10158601561006e-05,0.0049476871573683745,-0.003774565595998536,0.002142301293224458
2010-07-09,1.962000012397766,-0.0003053801391142974,0.002748542603168813,-0.003308396078950393,-0.0013742409637998998
2010-07-12,1.9558000564575195,0.0,5.0976856932338777e-05,-0.0056575197334813865,-0.003160018298200451
2010-07-13,1.9629000425338743,-5.1138455387067516e-05,0.00680025648464877,-0.0014316938958118808,0.003630220815728391
2010-07-14,1.9609999656677248,5.0953482992888155e-05,0.0019868214494609404,-0.002445402796392604,-0.0009679947144413115
2010-07-15,1.979599952697754,0.0,0.012595637949040839,-0.0019377436921204083,0.009484950206868348
2010-07-16,1.991000056266785,-0.0002525579775320974,0.009092749598821781,-0.0014649446636679775,0.005758791594986157
2010-07-19,1.988700032234192,-0.002410889561727303,0.004972362425687882,-0.002410889561727303,-0.0011552104307348543
2010-07-20,1.9704999923706052,0.000653681943722173,0.004123261456293159,-0.010107103733420164,-0.009151727042081781
2010-07-21,1.9571000337600708,5.0756962354903123e-05,0.001979219046964742,-0.009236254724208748,-0.006800283513025418
2010-07-22,1.958199977874756,0.00020435703824217555,0.006846843993349561,-0.003934436414658071,0.0005620275385576079
2010-07-23,1.9636000394821167,-5.1075781362208694e-05,0.005770589262324322,-0.003932165518161668,0.002757666054731267
2010-07-26,1.967100024223328,-0.0016806226809328306,0.003310249333545512,-0.0023935957244929362,0.0017824326089006526
2010-07-27,1.961400032043457,-0.00015253407457926915,0.0021351134348701617,-0.003050196679266315,-0.0028976626046871568
2010-07-28,1.9644999504089355,0.0027531061027084025,0.004945416805847369,-0.0015295304026835543,0.0015804620754742427
2010-07-29,1.976099967956543,-0.0001017632902128307,0.008704553922407543,-0.0014252928804533438,0.005904819465733624
2010-07-30,1.9651999473571775,0.00010122624923303292,0.0021253892806831765,-0.007185857184843769,-0.005515925700174451
2010-08-02,1.9677000045776367,0.0007123925982022161,0.003053145798085133,-0.006106230936036572,0.0012721643025797036
2010-08-03,1.9737999439239504,-5.082918824006466e-05,0.006149301865037371,-0.0019312062378258332,0.0031000352351084892
2010-08-04,1.9737999439239504,5.067210293585589e-05,0.006130358121916535,-0.002229149758350313,0.0
2010-08-05,1.972100019454956,-0.0006586165465012339,0.007143618993136203,-0.0013679051959382127,-0.0008612445624124332
2010-08-06,1.978800058364868,0.003346697556345646,0.007352579378056445,-0.0024339343828458926,0.003397413337972388
2010-08-09,1.9780000448226929,-0.00045483631977027983,0.0025772652445170685,-0.004396610523599187,-0.0004042922572158325
2010-08-10,1.9732999801635744,-0.002376170147933343,-0.0022750411371481594,-0.008695648505451237,-0.002376170147933343
2010-08-11,1.9759999513626096,0.001418936715712249,0.001418936715712249,-0.009425828417880866,0.001368251774274798
2010-08-12,1.9591000080108645,-0.008501987434882063,-0.005465589206105292,-0.015283403502521109,-0.00855260312131656
2010-08-13,1.947800040245056,-0.005870042829182021,-0.0027053468387300272,-0.013781813229815532,-0.005767938195907485
2010-08-16,1.9359999895095823,-0.005955445789059377,-0.0026183446556042878,-0.008009079441501976,-0.006058142772185748
2010-08-17,1.9337999820709229,-0.0011880289488923612,0.00160125908655262,-0.005681837424020286,-0.0011363674848039462
2010-08-18,1.927299976348877,-0.0035680799216367687,-0.0008274005063527712,-0.006308820982018792,-0.0033612606175975612
2010-08-19,1.9279999732971191,0.0005188848349055863,0.007627279252202079,-0.005084811599466721,0.00036320082853325
2010-08-20,1.932800054550171,0.0022302895969612546,0.007520758368949831,-0.003838131095100561,0.0024896687341977586
2010-08-23,1.9255000352859497,-0.003673481521758837,0.0010865018550587635,-0.005484317946856776,-0.0037769138339144304
2010-08-24,1.9318000078201292,0.003531517096828196,0.010127248407576284,0.001609929009956046,0.0032718631102199858
2010-08-25,1.937199950218201,0.002743578523642487,0.005383547772854325,-0.0013976452987399801,0.0027952905974801823
2010-08-26,1.9332000017166135,-0.002064809314669236,0.0027359308019963002,-0.004594222263055503,-0.002064809314669236
2010-08-27,1.933500051498413,0.0002068834916657547,0.005896950315341654,-0.0018621980819094608,0.00015520886692166336
2010-08-30,1.9300999641418457,-0.0014998729297444058,0.0005688875538598648,-0.0039307312353731305,-0.0017585142311904445
2010-08-31,1.930500030517578,0.00015545815624773418,0.006476373201360852,-0.002590536927889908,0.00020727754166349754
2010-09-01,1.93560004234314,0.002590000079040644,0.012017568256502908,-5.180864664688922e-05,0.0026418087256878664
2010-09-02,1.9392999410629272,0.001963171745501757,0.004391392739663935,-0.0008266310443009184,0.0019114996067619572
2010-09-03,1.9364999532699585,-0.001443813684351536,-0.0001546591974553868,-0.006445588023673676,-0.001443813684351536
2010-09-06,1.931399941444397,-0.002581975394931213,0.0005164197026459316,-0.0037696360604630996,-0.0026336235211107395
2010-09-07,1.933500051498413,0.0010355666981056721,0.0017604263537589482,-0.004193804412694235,0.0010873512051809975
2010-09-08,1.9210000038146973,-0.006516712667209101,0.0,-0.007654549429589541,-0.006464984406919783
2010-09-09,1.9290000200271609,0.0040083115124276425,0.004528898044471319,-0.0019260894959551855,0.004164506088796038
2010-09-10,1.916399955749512,-0.006842946861023158,-0.00305859269387343,-0.009434960951078764,-0.00653191505797468
2010-09-13,1.899899959564209,-0.008766399053292684,0.00453976902608666,-0.009027348219026732,-0.00860989175865945
2010-09-14,1.924299955368042,0.012842779263719573,0.021580088139205422,0.010579503104499066,0.012842779263719573
2010-09-15,1.936400055885315,0.006236077639488524,0.009250165312059577,0.004001499671854036,0.006288053213075351
2010-09-16,1.938099980354309,0.0007229879446808418,0.013891723320935245,-0.0022722654153752853,0.000877878754355299
2010-09-17,1.9549000263214111,0.008461885226566768,0.015582273816501235,0.006243218322395938,0.008668307175789147
2010-09-20,1.9457999467849727,-0.004603848187285764,0.0033249811420164033,-0.005064184222224655,-0.004655010186665254
2010-09-21,1.946900010108948,0.0006167540090085133,0.00961044513073439,0.0001028025456559778,0.0005653527361808575
2010-09-22,1.970700025558472,0.012121825537581898,0.024500512222151327,0.012121825537581898,0.012224569996377
2010-09-23,1.9879000186920168,0.008271153796132413,0.012787339026327338,0.0039072239969561995,0.008727859598352872
2010-09-24,1.9785000085830688,-0.004879551184435282,0.004326171581018778,-0.007797207363954728,-0.004728613119654224
2010-09-27,1.989400029182434,0.005660829478538298,0.006115734776594106,0.001667905756395749,0.005509234547424358
2010-09-28,1.9753999710083008,-0.007037326816511036,0.0005529024321655474,-0.009399820724667052,-0.007037326816511036
2010-09-29,1.986600041389465,0.005467249247715467,0.008453998996792889,-0.00015183283229303068,0.005669773486656204
2010-09-30,1.978399991989136,-0.004278716905786184,-0.0012584602679813761,-0.011023888722637043,-0.004127680071220552
2010-10-01,1.970700025558472,-0.0039425712981100425,0.00641930939836044,-0.004195282459857119,-0.0038920170146797828
2010-10-04,1.9879000186920168,0.00867710778801345,0.01202618285290491,0.0027908656419921574,0.008727859598352872
2010-10-05,1.9903000593185425,0.0012575773367184961,0.004980116593508166,-0.006237753897674447,0.0012073246159054474
2010-10-06,1.9742000102996824,-0.008842917642932657,-0.006380988038522384,-0.01507314962816797,-0.008089257166767339
2010-10-07,1.972100019454956,-0.0009117922514566557,0.007496683431164941,-0.0029379033246601516,-0.0010637173709706627
2010-10-08,1.9853999614715576,0.005527113478949186,0.009938661105783009,-0.0031438948777302578,0.006744050446425787
2010-10-11,1.97160005569458,-0.006799624995691977,-0.004936011617592162,-0.012440781130082956,-0.006950693081886228
2010-10-12,1.9643000364303589,-0.004564852246027318,0.0008622055289988495,-0.006035741019095653,-0.003702586253807705
2010-10-13,1.962499976158142,-0.0009673048062468492,0.006923581706548054,-0.0012218299557166246,-0.0009163876387682235
2010-10-14,1.9627000093460083,0.00015289161041742716,0.01019107320738244,-0.0012738537791288085,0.00010192774027850682
2010-10-15,1.9809000492095947,0.009171043251646971,0.011361901896834947,0.005095017280092984,0.00927296060372007
2010-10-18,1.9700000286102293,-0.005502559608555058,-0.0003533731792887407,-0.010197391898919883,-0.005502559608555058
2010-10-19,1.9704999923706052,0.0001014791754689881,0.005786794007197837,-0.00040609823886106344,0.00025378870716497026
2010-10-20,1.9708000421524048,0.0023852142488283157,0.00984521727851706,-0.0011164716808818032,0.00015227088706493142
2010-10-21,1.9871000051498413,0.008067797590276315,0.011315204222723363,0.0031459081629994223,0.008270734041407213
2010-10-22,1.9846999645233157,-0.0011071448004418283,0.0027174990609817318,-0.003321434401325596,-0.0012078106890974771
2010-10-25,1.983299970626831,-0.0009069083967863101,0.002821632939652874,-0.003174269484956027,-0.0007053932188791912
2010-10-26,1.9744000434875488,-0.005193324856708981,0.0,-0.0059496453894740675,-0.004487433706999666
2010-10-27,1.9769999980926516,0.0013674894345456767,0.010129649759927029,-0.002279189309226104,0.0013168327328996199
2010-10-28,1.9874000549316408,0.0053616443236177425,0.007486066019877224,0.002883152344648199,0.0052605244557526465
2010-10-29,1.9917000532150269,-0.0012076283386278641,0.0030189808727696388,-0.0012076283386278641,0.0021636299509582013
2010-11-01,1.9493999481201167,0.000150590231709824,0.0008032875595291866,-0.005472721950160242,-0.021238190472821827
2010-11-02,1.9836000204086304,0.016877036966010506,0.01826206377984607,0.01256797632594231,0.017543897198465608
2010-11-03,1.978899955749512,-0.0024702453051426154,-0.001663677520004514,-0.004839707198045051,-0.002369461892902325
2010-11-04,1.9830000400543213,0.002324548066121368,0.006215581773152623,-0.0016675686629621378,0.0020719007511709187
2010-11-05,1.982900023460388,-0.0007059979163923646,0.001058996874588658,-0.011699462746646905,-5.043701054618932e-05
2010-11-08,1.9657000303268437,-0.00897673774635932,-0.007867247901873875,-0.015482358149573883,-0.008674160537619158
2010-11-09,1.9566999673843384,-0.004324149077530648,0.0001017011626860409,-0.006766068586609442,-0.004578553595997459
2010-11-10,1.9488999843597408,-0.0052639245706815885,-0.0024530904705737377,-0.006899358833492686,-0.0039862948610482896
2010-11-11,1.950899958610535,-5.1319510870340146e-05,0.006259940479154347,-0.0016419185104885603,0.0010262067149902077
2010-11-12,1.95550000667572,0.0023579107913156427,0.011071817350515545,0.0012814891965240438,0.0023579107913156427
2010-11-15,1.968999981880188,0.007159263061647048,0.01089233349851737,0.005062630445168637,0.00690359251259598
2010-11-16,1.961899995803833,-0.003605884277142146,0.007668868678403662,-0.00446928889569409,-0.003605884277142146
2010-11-17,1.9714000225067136,0.005555849239349042,0.008104396689434301,0.00275246527290407,0.004842258383811471
2010-11-18,1.9696999788284304,-0.0012174295420134262,0.002181190136093747,-0.0025362661938447273,-0.0008623534842622238
2010-11-19,1.968500018119812,-0.0008123202018319731,0.004975415845061448,-0.003909207754190236,-0.0006092098906007593
2010-11-22,1.9778000116348269,0.004927579675982008,0.0064007848373779375,0.0004064076884995327,0.004724406110952151
2010-11-23,1.976699948310852,-0.00045506630135194737,0.008999885419729958,-0.002780846880194976,-0.0005562055402484889
2010-11-24,1.9838000535964968,0.003693033568629822,0.004148353121239623,-0.0028329922256147277,0.0035918983514477976
2010-11-25,1.9717999696731567,-0.005948205674297213,-0.005040885876788304,-0.01103944813034985,-0.006049039015592728
2010-11-26,1.9632999897003172,-0.0045136054752844545,0.001470739644743091,-0.00603506861909997,-0.004310771936084645
2010-11-29,1.9674999713897705,-0.00015276859068025228,0.006468681163814827,-0.00015276859068025228,0.0021392460202143138
2010-11-30,1.9693000316619875,0.0007623941612349139,0.004269419420759757,-0.005641644086073927,0.0009148972291701529
2010-12-01,1.9529999494552608,-0.008480185398197171,-0.005027153663816453,-0.010105155751750083,-0.008277094370922389
2010-12-02,1.9544999599456787,0.0008704780964066128,0.004813113339593222,-0.000767993507396536,0.0007680545464614497
2010-12-03,1.9571000337600708,0.001176783872974374,0.01248400936498939,-0.0005116027327929373,0.0013303012881433762
2010-12-06,1.9794000387191768,0.010985637446249585,0.011189994484491761,0.005007387004414943,0.011394412433922474
2010-12-07,1.971500039100647,-0.0035364699175416403,-0.002071377298477728,-0.00631506892957534,-0.003991108145901534
2010-12-08,1.9730000495910645,-0.0034999096935984797,0.002688270707088325,-0.004412890179132045,0.0007608473044220521
2010-12-09,1.9785000085830688,0.002736919545030192,0.008768377745892009,-0.00025346323218244926,0.0027876121914667262
2010-12-10,1.991000056266785,0.008491304470164662,0.00854179594563087,0.0007076036848170375,0.006317941687889128
2010-12-13,1.9902000427246092,0.0024108296876506063,0.01019589660202036,-0.0031140507153787356,-0.00040181492695479104
2010-12-14,2.011699914932251,0.01311421953197045,0.015576272859527895,0.010501462473093914,0.010802869935731874
2010-12-15,2.021399974822998,0.0019884610475318087,0.008649414454042548,0.00039773961589673057,0.0048218224889042816
2010-12-16,2.018399953842163,-0.0043038953496463694,0.0003462931418622972,-0.007964742262836721,-0.0014841303147328233
2010-12-17,2.007299900054932,0.0038644978261312968,0.014169628491540687,0.0004459126816740433,-0.005499432243892599
2010-12-20,1.9908000230789185,0.012703661833047386,0.021372035861728644,0.011159339350196529,-0.008219936131896421
2010-12-21,2.0450000762939453,0.028832563944004796,0.03390596466200302,0.02275461479405938,0.027225262500852443
2010-12-22,2.0427000522613525,-0.002787340428607843,0.0010268903503085625,-0.007677311132853082,-0.0011247060864472136
2010-12-23,2.032999992370605,-0.004259133571942519,-0.0021540190751199173,-0.00974204877502205,-0.004748646224397524
2010-12-24,2.0271999835968018,-0.0029020689525763865,4.913791688099245e-05,-0.004722048265396128,-0.002852931035695727
2010-12-27,2.026900053024292,-0.0025157911734554617,0.0061167679463436375,-0.0028116974233928227,-0.00014795312496873603
2010-12-28,2.03439998626709,0.003305559590822016,0.016774344566534927,0.0025654492447451105,0.0037001988487825876
2010-12-29,2.041800022125244,0.002801863658886017,0.011502196441722123,0.0027526423632224795,0.003637453749561148
2010-12-30,2.051399946212769,0.004554801358721994,0.011362540329031168,0.0041629251990615845,0.0047016965341848405
2010-12-31,2.065700054168701,0.006922088585858299,0.011065648791083627,0.0027786446030102496,0.006970901984438838
2011-01-03,2.060499906539917,-0.0024205423390619707,0.00943990737028133,-0.007697213837118189,-0.002517377882761851
2011-01-04,2.07699990272522,0.007959281506689786,0.010191772782513375,-0.00014556204130744543,0.00800776361742761
2011-01-05,2.0492000579833984,-0.012855089594079105,-0.010399619173079189,-0.02123245537055396,-0.013384615331635596
2011-01-06,2.0311999320983887,-0.008442381635394125,-0.007027134946866576,-0.014347115661163645,-0.008783976857156373
2011-01-07,2.013499975204468,-0.008172456737332245,0.004381727971340954,-0.008172456737332245,-0.00871403972312812
2011-01-10,2.027600049972534,0.007102114791176062,0.019915618649152256,0.006605384743176179,0.00700276878157613
2011-01-11,2.042799949645996,0.007200650112748175,0.011392729691590331,0.0030577217292142578,0.007496497977334204
2011-01-12,2.047100067138672,0.0022029326372960956,0.0037693198651187476,-0.003671398779942936,0.002105011552120395
2011-01-13,2.0487000942230225,0.0007326907488329759,0.00967219339029346,-0.002296020572642221,0.0007816066786550113
2011-01-14,2.066999912261963,0.00888364319678514,0.01420410011973905,0.006687171260920888,0.008932404547909556
2011-01-17,2.074199914932251,0.0035800852308969233,0.0035800852308969233,-0.008756663782266916,0.003483310583409338
2011-01-18,2.045799970626831,-0.013643722718560403,-0.005447810731825098,-0.015716867868031836,-0.013691999551715073
2011-01-19,2.0571999549865723,0.005376829671494443,0.022289538612610738,0.005376829671494443,0.005572384653152795
2011-01-20,2.0831000804901123,0.012492753683655211,0.03825591451235777,0.010985774852286356,0.012589989340005214
2011-01-21,2.1287999153137207,0.022130430328865636,0.03187547891733655,-0.013105524624434373,0.02193837696595735
2011-01-24,2.138499975204468,0.004744516473259575,0.006435554743206007,-0.0031942580632589035,0.004556585999919038
2011-01-25,2.1287999153137207,-0.004348839664646609,0.0018237321310092813,-0.007154564252553786,-0.00453591770082673
2011-01-26,2.142899990081787,0.007140238019880396,0.014891082083058116,0.004791443093241643,0.006623485216546765
2011-01-27,2.15939998626709,0.007839809060418146,0.014093053673720046,0.0020066813722425803,0.007699844258561406
2011-01-28,2.1659998893737797,0.002408034288818417,0.01907933816044305,0.0007409591064768684,0.0030563597057806646
2011-01-31,2.1475000381469727,0.013019460284591888,0.015789562901450616,0.009187481328830183,-0.008541021316559538
2011-02-01,2.200900077819824,0.024819512420414247,0.025937165409089635,0.014295677668300755,0.02486614143156385
2011-02-02,2.1814000606536865,-0.008905516959577753,-0.005543239892694896,-0.012585844334739749,-0.00886001929967406
2011-02-03,2.178499937057495,-0.0013294780945969364,0.004538303101113694,-0.006692966958141255,-0.0013294780945969364
2011-02-04,2.1723999977111816,-0.0026623864775675576,0.007023197575736884,-0.013816786616514642,-0.00280006404524058
2011-02-07,2.1524999141693115,-0.009022240182025243,-0.00386667436372512,-0.020622373022132212,-0.009160414087109436
2011-02-08,2.1426000595092773,-0.005900043186716664,0.0015331893628427462,-0.007897774970290428,-0.00459923579781174
2011-02-09,2.1461000442504883,0.0014935377951188489,0.015215124189971174,-0.00023334441635858294,0.0016335221898633456
2011-02-10,2.1807000637054443,0.016029069268811202,0.019523749427311055,0.006709848116892125,0.016122277033473464
2011-02-11,2.166899919509888,-0.006236580277152459,-0.004814946538677756,-0.014536677833392186,-0.006328309163300072
2011-02-14,2.143399953842163,-0.01079875893382054,-0.004568671848155459,-0.014675357812178214,-0.010844970483473104
2011-02-15,2.148699998855591,0.002705985303119496,0.010077451001221371,0.0011197909337978817,0.0024727279684442216
2011-02-16,2.1522998809814453,0.0015357898055112784,0.006701729114462651,-0.007585965004941575,0.0016753767988886281
2011-02-17,2.1484999656677246,-0.002508917296231483,-0.0002787070474333797,-0.008502448102443716,-0.0017655138799654857
2011-02-18,2.1442999839782715,-0.002094443720674799,0.0020014510409076536,-0.004095894761582564,-0.0019548437312392197
2011-02-21,2.15910005569458,0.0073217842511423825,0.01245162525575827,0.005129841004615887,0.006902052803661629
2011-02-22,2.173099994659424,0.006391508230746634,0.012319894098027806,0.002547283424040092,0.006484154788435781
2011-02-23,2.186100006103516,0.005798143251265486,0.016796271318171074,0.002162783793373313,0.005982242637725399
2011-02-24,2.212399959564209,0.01171033184254,0.015827281166622686,0.008782803412479723,0.012030535376819085
2011-02-25,2.213000059127808,0.00031639710768205376,0.0027120059986132095,-0.009717895769568052,0.000271243705734614
2011-02-28,2.1916000843048096,-0.009579729357751421,0.002033399069919506,-0.010347990922210393,-0.009670119408597189
2011-03-01,2.207200050354004,0.007026798808603463,0.016608797183971902,0.0051103991335299526,0.0071180714770517906
2011-03-02,2.223099946975708,0.006795879912738556,0.016129007866775957,0.005663305272991304,0.007203649990472849
2011-03-03,2.242300033569336,0.00832175344637709,0.009356355617872625,-0.0004497897281281471,0.008636627705266964
2011-03-04,2.229199886322021,-0.005708414603129763,0.00022296916241848486,-0.007046335905329215,-0.005842281162731777
2011-03-07,2.233999967575073,0.0022878216784663064,0.008882194135535926,0.0006281322386814114,0.0021532753893018786
2011-03-08,2.2307000160217285,-0.0021486487568135315,0.000492418683948781,-0.01141452976630375,-0.0014771493291140247
2011-03-09,2.207900047302246,-0.010714139898595931,-0.008607202427814431,-0.014210845945067163,-0.010220992762686398
2011-03-10,2.1970999240875244,-0.005163270127952813,-0.003442216080074223,-0.013451714380617097,-0.004891581585823146
2011-03-11,2.1830999851226807,-0.0065540966902345454,-0.0007737128613757305,-0.006918164944079486,-0.0063720083057479115
2011-03-14,2.2058000564575195,0.010077446995795825,0.011589036742410075,0.0057258246387708045,0.01039809055450247
2011-03-15,2.193700075149536,-0.00575758479758981,0.0014053487560685696,-0.008840337594992365,-0.005485529512323839
2011-03-16,2.206199884414673,0.0056980484281947685,0.009572825695342235,0.0038291302781368053,0.0056980484281947685
2011-03-17,2.214400053024292,0.0036262060741951707,0.010198549236594578,0.0021757236445170136,0.00371687473449156
2011-03-18,2.225300073623657,0.004877115488410855,0.011289675013649525,0.0011289998015691083,0.00492233577418788
2011-03-21,2.236000061035156,0.00485322627907725,0.007100165691960925,0.001977268112949515,0.0048083346324054865
2011-03-22,2.2381999492645264,0.0011180935385584068,0.002057266520402612,-0.007066189090238706,0.000983849807388637
2011-03-23,2.2146999835968018,-0.010499493432410634,-0.007595371428394726,-0.018184237210193688,-0.010499493432410634
2011-03-24,2.1949000358581543,-0.00889513274931708,-0.005418379018475861,-0.01173974943818712,-0.008940239258272475
2011-03-25,2.1939001083374023,-0.00036454177338074434,0.0014579498457432116,-0.002369195655305134,-0.0004555685928361308
2011-03-28,2.183000087738037,-0.004968330398427145,0.0005013103838300559,-0.005743280397796813,-0.004968330398427145
2011-03-29,2.1909000873565674,0.004031163262002924,0.012093380569989653,0.004031163262002924,0.0036188727902048967
2011-03-30,2.194000005722046,0.0015062081435790464,0.0026016124621448533,-0.002099615629088669,0.0014149063133310769
2011-03-31,2.1912999153137207,-0.0011850294431728914,0.002005476237850301,-0.003144973600630041,-0.001230670192016059
2011-04-01,2.186599969863892,-0.002099123727638097,0.000821457738229503,-0.012458304219638006,-0.002144820714400364
2011-04-04,2.173099994659424,-0.006082476081543997,0.0002286489377418821,-0.008186220766710162,-0.006173957463883273
2011-04-05,2.176399946212769,0.0014725756645186383,0.0037274091511219076,-0.0020247641103182668,0.0015185456543440612
2011-04-06,2.172100067138672,-0.0020675943637077365,0.0017000634168895523,-0.003951478027619859,-0.0019756842401965624
2011-04-07,2.170399904251098,-0.0007827276990112209,-0.0006445347144289348,-0.009161678986587707,-0.0007827276990112209
2011-04-08,2.1598000526428223,-0.0048838242148436795,0.005206453867310223,-0.007003271444902759,-0.0048838242148436795
2011-04-11,2.180299997329712,0.009398977222073723,0.014445750225911436,0.0023613351705038532,0.009491593752766647
2011-04-12,2.185400009155273,0.0023391330696727053,0.012246030302768496,-0.00022930961839573438,0.0023391330696727053
2011-04-13,2.2026000022888184,0.007870409564148195,0.01015837260065,0.002928575231349262,0.007870409564148195
2011-04-14,2.191200017929077,-0.004131462960906274,0.00390447496496682,-0.006537730557346966,-0.005175694337553383
2011-04-18,2.180500030517578,-0.004928862324914074,0.004061668066110302,-0.007438829346506526,-0.004883163254813971
2011-04-19,2.188999891281128,0.00348547073590999,0.00614541510308686,0.0011006289308175266,0.003898124579036155
2011-04-20,2.1958000659942627,0.001690277803948037,0.008725532278489823,0.0008223208595790066,0.003106521265816564
2011-04-21,2.204900026321411,0.004098653909025529,0.013525840206135786,0.0032333849411059212,0.004144257242759464
2011-04-22,2.209700107574463,0.002086284189882326,0.0046713778007207996,0.0002720582057502696,0.0021770063022132913
2011-04-25,2.2046000957489014,-0.0018554935535166628,0.007512283460115121,-0.003213153342078723,-0.00230801085092025
2011-04-26,2.2225000858306885,0.008073960584909612,0.01573977834189111,0.001814364659286749,0.008119381885314914
2011-04-27,2.2374000549316406,0.006794151498614953,0.0075590218713235124,0.002924636882349674,0.00670414781801143
2011-04-28,2.2421998977661133,0.0021006281105024893,0.008670725344872787,0.001966574939345822,0.00214527698070488
2011-04-29,2.262200117111206,0.008875249509063154,0.009856485236591883,0.002452982986384855,0.008919909132552695
2011-05-02,2.2497000694274902,-0.004774167914248562,0.0008398716110431526,-0.008398926895125669,-0.0055256153463904
2011-05-03,2.254300117492676,0.002178058624028756,0.01511309011961326,-0.0016891823865511357,0.002044738375438726
2011-05-04,2.2739999294281006,0.008694456607038159,0.018054365736598355,0.006653890655109018,0.0087387707530866
2011-05-05,2.2943999767303467,0.00888303198824647,0.01134564226077428,-0.008399275014581153,0.00897099733304585
2011-05-06,2.2528998851776123,-0.018174636830953217,-0.016780016981504553,-0.030814126093128724,-0.018087557519885666
2011-05-09,2.2056000232696533,-0.015535465043245877,-0.011629375024538757,-0.0197966060511906,-0.020995101566277596
2011-05-10,2.221199989318848,0.007208875795228442,0.019269141560165348,0.0033551123413504413,0.0070728898642595794
2011-05-11,2.245699882507324,0.011255220370813168,0.023725933269417077,0.009364358805150408,0.011030025799698029
2011-05-12,2.253700017929077,0.0034733502435677632,0.0057888462948028074,-0.003963097299246154,0.0035624241173406457
2011-05-13,2.245800018310547,-0.0036384301929299756,0.005102667459244259,-0.007010693131900947,-0.0035053465659504734
2011-05-16,2.246999979019165,0.0004007614786583069,0.006411971334566502,-0.0012913543381182224,0.0005343132508837112
2011-05-17,2.251800060272217,0.0021806758715832153,0.0037828657149516776,-0.0018246926315501621,0.0021362177560619866
2011-05-18,2.2599000930786133,0.003730332691211924,0.00408555709456726,-0.002797749518408832,0.003597136774841969
2011-05-19,2.240299940109253,-0.008628707625553789,-0.0036727579328321713,-0.008938454481349112,-0.008673017461873544
2011-05-20,2.251800060272217,0.0050440062836170085,0.009552281120872808,0.002499654392556172,0.0051332948580105064
2011-05-23,2.241499900817871,-0.004307691460659457,0.0031086105760098626,-0.006616914780236294,-0.004574189172506071
2011-05-24,2.2516000270843506,0.004550534955366947,0.007896585365023467,0.0010707829319731577,0.0045059677507879314
2011-05-25,2.246999979019165,-0.0020430129729311908,0.005507155680998244,-0.003419775421052429,-0.0020430129729311908
2011-05-26,2.2616000175476074,0.006542027614749868,0.013529166911151025,0.004138848954985175,0.006497569499228639
2011-05-27,2.2639000415802,0.001061160858956356,0.014326093277156948,0.0007516468234014528,0.0010169897482963375
2011-05-30,2.2527999877929688,0.012279625527289895,0.012853898458056623,0.007685863333995346,-0.004903067089253477
2011-05-31,2.283900022506714,0.02037469224022037,0.021706377697025436,0.012828439374286793,0.013805058097595913
2011-06-01,2.2973999977111816,0.0058671910713135045,0.007268222516906286,0.0003064919398152455,0.005910930895149491
2011-06-02,2.292399883270264,-0.0020457671517852827,0.002219905906956754,-0.004570363991509341,-0.0021764231069465456
2011-06-03,2.29229998588562,4.368164732215796e-05,0.004187821931140423,-0.001962970027525879,-4.357764340023884e-05
2011-06-06,2.3024001121521,0.004362426612934511,0.009379274422459227,0.002312107946630837,0.004406110163883259
2011-06-07,2.311599969863892,0.003995768443215031,0.00886023622740284,0.0036917392067030708,0.003995768443215031
2011-06-08,2.318300008773804,0.0029416578920253844,0.007657015541042256,-0.0026388386510807216,0.0028984422033482282
2011-06-09,2.309299945831299,-0.0034076692354885196,-0.002156802148986392,-0.01617560474944868,-0.0038821821629831943
2011-06-10,2.2809998989105225,-0.012384695866344386,-0.009829746437762243,-0.019010095699875662,-0.012254816431214621
2011-06-13,2.254199981689453,-0.011749197022704716,-0.004778510593530627,-0.014730317845114249,-0.011749197022704716
2011-06-14,2.2679998874664307,0.00625502390320265,0.018143905740999333,0.003726361213352236,0.0061218640267377555
2011-06-15,2.287899971008301,0.008818439302232361,0.011199366403645827,0.005070599970712797,0.008774287711319273
2011-06-16,2.2799999713897705,-0.0034529479953830933,0.0010052992096412083,-0.008086057030383453,-0.0034529479953830933
2011-06-17,2.283200025558472,0.0013596133352531403,0.0033771783014411305,-0.001973645753696851,0.0014035325477443905
2011-06-20,2.242500066757202,-0.004861621260939364,0.00845304124133861,-0.005518546306637284,-0.017825840200450527
2011-06-21,2.292099952697754,0.022162773807915315,0.0334448363215305,0.02082497184959764,0.022118120162322397
2011-06-22,2.3173999786376958,0.011299736502789148,0.015662543827786868,0.008638343941041127,0.011037924375926211
2011-06-23,2.322000026702881,0.002157639806252609,0.003624736107852966,-0.004056222916332453,0.0019850039300894906
2011-06-24,2.3227999210357666,-0.000775219746561695,0.0033591144382469906,-0.0035745331174902306,0.0003444850661873389
2011-06-27,2.318000078201294,-0.001980286638099793,0.007577088043566604,-0.005941065199805973,-0.0020664039080612318
2011-06-28,2.3420000076293945,0.010353722441081237,0.020017183005384354,0.006125958444198387,0.010353722441081237
2011-06-29,2.356800079345703,0.006404827009099057,0.009863321612613607,-0.0002988885337155134,0.006319415742141343
2011-06-30,2.3469998836517334,-0.006364606415126706,0.0011455583413317871,-0.006619129974539506,-0.00415826347760917
2011-07-01,2.3452999591827397,-0.00068163133578103,0.0036643525401331978,-0.008904888657908505,-0.0007242967845182413
2011-07-04,2.3334999084472656,-0.004604905549014049,0.0010233914115835852,-0.005073955710238609,-0.005031360994687484
2011-07-05,2.3489999771118164,0.007885233761584232,0.011484961084691658,0.0017142434442296572,0.006642412373122797
2011-07-06,2.344899892807007,-0.001787987113825662,0.001873143857042514,-0.005747115936998171,-0.0017454594911706645
2011-07-07,2.337300062179565,-0.003155698655739503,-0.0015351965074914542,-0.009040872789564558,-0.0032410042964965413
2011-07-08,2.3243000507354736,-0.005561977965280462,-0.0016686137907796494,-0.011466287993273983,-0.005561977965280462
2011-07-11,2.3136000633239746,-0.004474489787021474,-0.001161678935329702,-0.01041172055574724,-0.004603531032111419
2011-07-12,2.309799909591675,-0.0014696089486108121,0.0,-0.008558068463311086,-0.0016425283663071832
2011-07-13,2.305999994277954,-0.001991432083577993,0.008918556280381074,-0.003290254967922679,-0.001645127483961395
2011-07-14,2.33899998664856,0.014180425793250961,0.017172547951239014,0.008326143383031503,0.014310491089545296
2011-07-15,2.327500104904175,-0.004959391882780162,-0.0011970875626130528,-0.006284709703717972,-0.004916580508776636
2011-07-18,2.3315999507904053,0.001632616602557535,0.009581097294955487,-0.0012460251194320593,0.001761480430265916
2011-07-19,2.3399999141693115,0.003559815649956999,0.009907419024752118,0.000557598447109342,0.003602660643417188
2011-07-20,2.3473000526428223,0.0033333771452961347,0.010683801830952966,0.00017096854290876706,0.003119717410802636
2011-07-21,2.372100114822388,0.010522696639712947,0.024325845150320546,0.007583118425155577,0.010565356632461054
2011-07-22,2.401700019836426,0.012436140037463739,0.02727536153515775,0.00881066212738979,0.012478354024384908
2011-07-25,2.4465999603271484,0.018445300820175037,0.035183442431895307,0.016779736058911254,0.01869506604483462
2011-07-26,2.463500022888184,0.006703220414696176,0.021213173070101732,0.005844890128266167,0.006907570847330513
2011-07-27,2.462300062179565,-0.0006900444299579034,0.004424607468274333,-0.01465391126473825,-0.0004870958788188995
2011-07-28,2.428499937057495,-0.013727053676858114,-0.010884195655636364,-0.029606487835791895,-0.013727053676858114
2011-07-29,2.3991000652313232,-0.01227092401658103,0.00576494862931165,-0.01432985527888786,-0.012106185953537407
2011-08-01,2.4209001064300537,0.009336793687090283,0.012671433845578894,-0.0027093516507487037,0.009086757786665567
2011-08-02,2.4126999378204346,-0.0029741015133851745,0.0028501108578882217,-0.0070635280255813004,-0.003387239559302313
2011-08-03,2.426800012588501,0.005761197802639728,0.013511901709129415,0.0052223423521706724,0.005844106242570701
2011-08-04,2.4298999309539795,4.1164242675639784e-05,0.017966079681595026,-0.005974906316962736,0.0012773686951534913
2011-08-05,2.448899984359741,0.0078192740218328,0.01806659295337143,0.005020831086824051,0.0078192740218328
2011-08-08,2.491300106048584,0.017477214226528037,0.028951759496802287,0.013026227796302248,0.017313945836758382
2011-08-09,2.5167999267578125,0.010396132935602154,0.04038052418972815,0.007024414145677227,0.010235547554996671
2011-08-10,2.5220000743865967,0.0018277368877355205,0.0019469082884182587,-0.007787633153673146,0.0020661744199441667
2011-08-11,2.5069000720977783,-0.005947702007036315,0.00757333474506372,-0.007335483386092023,-0.005987312388359478
2011-08-12,2.530600070953369,0.009174678386004498,0.014001349158668353,0.0015556314915659009,0.009453906487687957
2011-08-15,2.5344998836517334,0.0015015866621268525,0.010906429613572799,-0.0029637917691796023,0.0015410624314473598
2011-08-16,2.5462000370025635,0.0047742040962843735,0.011678889244993274,0.0025646107794177198,0.004616355844519582
2011-08-17,2.555799961090088,0.0036917330779415725,0.00561616107514773,0.000589070481239018,0.0037702945361770546
2011-08-18,2.552000045776367,-0.0014476946495840526,0.003051922041097388,-0.0041082848358580115,-0.0014867811924138552
2011-08-19,2.555000066757202,0.0008620251527859946,0.009600271453374498,-0.0011364120470888084,0.0011755567895854746
2011-08-22,2.5645999908447266,0.003757308742347254,0.011311118321212232,0.0007827221092961967,0.003757308742347254
2011-08-23,2.562599897384644,-0.0007798851544968954,0.008968260933266636,-0.0025345105456017203,-0.0007798851544968954
2011-08-24,2.553299903869629,-0.0035900484196464966,0.004838894402410254,-0.006126537135142107,-0.0036291242829231685
2011-08-25,2.566800117492676,0.005209016150051093,0.00751971461109191,-0.01131865004263577,0.00528735915533729
2011-08-26,2.5206000804901123,-0.017999078575581917,-0.011298130957445585,-0.01986914287094299,-0.017999078575581917
2011-08-29,2.531599998474121,0.004284648278691794,0.011029058102868916,-0.002023332406055456,0.004364007630226707
2011-08-30,2.5114998817443848,-0.007900134673158643,-0.004147556576853173,-0.014812728967913857,-0.007939689027433805
2011-08-31,2.4983999729156494,-0.005136323411613741,-0.004140879518253038,-0.017121236256637307,-0.005215970314773277
2011-09-01,2.466200113296509,-0.012928272403345042,-0.011767480045183687,-0.01861189884692782,-0.012888192430439038
2011-09-02,2.451900005340576,-0.005676821320354741,0.011434559168785219,-0.005798437798633427,-0.005798437798633427
2011-09-05,2.471699953079224,0.008116188873332986,0.018393887834069478,0.006688730684341948,0.008075348788906922
2011-09-06,2.486299991607666,0.00594729788895787,0.017194651406025052,-0.0021847078935873787,0.005906881419912358
2011-09-07,2.463000059127808,-0.009411602928876772,-0.0014478872774829066,-0.0109399443705962,-0.009371327900295712
2011-09-08,2.474600076675415,0.004628495365841756,0.01169306130319403,-0.002923265325798674,0.004709710624901442
2011-09-09,2.4560999870300293,-0.007435622601880243,-0.004404760471037106,-0.009900642870734444,-0.007475991704582907
2011-09-12,2.442800045013428,-0.005415065382856743,0.00036644686326336995,-0.010056563864165202,-0.005415065382856743
2011-09-13,2.4388999938964844,-0.0018422100039373612,0.00040933662286168904,-0.009497312374205258,-0.0015965494699023974
2011-09-14,2.414499998092652,-0.01029152192172278,-8.201779013772281e-05,-0.013079638003388072,-0.010004508534542267
2011-09-15,2.4407999515533447,0.010975351695793334,0.026258036937747642,0.007247845814818188,0.010892505065839275
2011-09-16,2.468100070953369,0.01143067072223114,0.012086204611164941,0.0036464133622247097,0.01118490656419846
2011-09-19,2.4416000843048096,-0.010736998454978885,-0.00044571260984149763,-0.015153359334201588,-0.010736998454978885
2011-09-20,2.464099884033203,0.00901041743463149,0.012696550557069974,-0.007208412066503134,0.009215186333350722
2011-09-21,2.442800045013428,-0.008684702662284494,0.005884558997691691,-0.009536937126615297,-0.00864406477910773
2011-09-22,2.478600025177002,0.013058755714266956,0.017725525056691005,0.004707663964498288,0.014655305184169132
2011-09-23,2.479599952697754,0.00024201611350194163,0.0067779902312445905,-0.003953827634892493,0.0004034243163861806
2011-09-26,2.480299949645996,0.00012095925884492154,0.014397517123715842,-0.00871108582953628,0.00028230237199378116
2011-09-27,2.500600099563598,0.008184554420726187,0.013949933539245674,0.004354361744136392,0.008184554420726187
2011-09-28,2.502500057220459,0.0007197559713574275,0.008677879121613774,-0.0003199762935320871,0.000759800680321554
2011-09-29,2.5183000564575195,0.006473457272247574,0.012467505048948224,0.0055144477368385125,0.006313685864451024
2011-09-30,2.5160999298095703,-0.0026605403485305823,0.0007147918166467981,-0.010562729561782391,-0.0008736554813265629
2011-10-03,2.479599952697754,-0.014148860525743268,-0.006478265351992696,-0.017368141568769868,-0.014506568947990406
2011-10-04,2.491300106048584,0.004557221806204659,0.018874067373345627,0.0025811052022479686,0.004718564919353518
2011-10-05,2.51200008392334,0.008750372035558618,0.013527069355084409,-0.0028098613587360655,0.008308905789591092
2011-10-06,2.493000030517578,-0.009434712605015272,-0.005772348988600351,-0.027189493030243095,-0.007563715275075378
2011-10-07,2.4763998985290527,-0.006698768218507345,-0.0022062086377721,-0.00958685589686703,-0.006658697065911823
2011-10-10,2.476900100708008,0.00032310320798356607,0.011347122792890296,-0.00024223112970400695,0.0002019876431316181
2011-10-11,2.4927000999450684,0.006136662382595581,0.01610877485062856,0.0029471919569323823,0.006378940851326398
2011-10-12,2.5102999210357666,0.007060544945252767,0.012396197010045462,0.0025273688296152397,0.007060544945252767
2011-10-13,2.508500099182129,-0.0007169748278106347,0.006971343136326524,-0.0023502793865414207,-0.0007169748278106347
2011-10-14,2.5185999870300293,0.004903334267301718,0.019254449878020274,0.0042255735256826465,0.004026265676127849
2011-10-17,2.539999961853028,0.008735041094215079,0.020805253879910612,0.005280688511511089,0.008496773974907335
2011-10-18,2.565500020980835,0.01007872318776526,0.015000001877311542,-0.0021653851511406197,0.01003939350818106
2011-10-19,2.548099994659424,-0.006977193504346002,0.0016760393837194076,-0.006977193504346002,-0.006782313848806232
2011-10-20,2.568700075149536,0.008084486689410975,0.013892670563179,-0.002276209248443961,0.008084486689410975
2011-10-21,2.558500051498413,-0.004554892750625594,-0.0024525917194956337,-0.011873777660457274,-0.0039708893030375725
2011-10-24,2.543600082397461,-0.005745528871291872,-0.0038694910609109456,-0.021692409380673627,-0.005823712644533963
2011-10-25,2.503200054168701,-0.01588301105521306,-0.01037902516461342,-0.02693035058290505,-0.01588301105521306
2011-10-26,2.469500064849853,-0.013382852111716748,-0.008828687796820778,-0.027644629838781687,-0.013462763099068242
2011-10-27,2.4382998943328857,-0.012674657655258659,0.008625162365027528,-0.013403574531122842,-0.0126342051822802
2011-10-28,2.474900007247925,0.014067215014103462,0.02017801751857906,0.011401420811694818,0.015010505065478297
2011-10-31,2.4632999897003174,-0.004646700929041514,-0.0007273264644814814,-0.01317221944296798,-0.004687065139454494
2011-11-01,2.450400114059448,-0.005196272605750618,0.002963463681019185,-0.009296514682927914,-0.00523682689676741
2011-11-02,2.448499917984009,-0.0006121978574434861,0.004856328585621572,-0.0031424275591002138,-0.0007754635924706044
2011-11-03,2.4391000270843506,-0.005227681717369426,0.005064386650779129,-0.014702885259265774,-0.003839040724737952
2011-11-04,2.4184999465942383,-0.007338768350219849,-0.0021729510698924592,-0.010823700943283665,-0.008445771088255505
2011-11-07,2.429800033569336,0.004796368742510326,0.012859224891669241,0.002067444511610894,0.0046723536177912806
2011-11-08,2.442100048065185,0.005144475887323807,0.01078280340525084,0.0034159461188538742,0.0050621509284369814
2011-11-09,2.4463000297546387,0.0017607301050190927,0.007165932337587666,-0.0028663729350346667,0.0017198237610211997
2011-11-10,2.434000015258789,-0.005068843449156701,-0.0026570762551549887,-0.010791844394722028,-0.005028007336076112
2011-11-11,2.4375,0.001684504633979289,0.0034100517429045407,-0.0055053729399420215,0.0014379559241042283
2011-11-14,2.4398000240325928,0.0011077293982872938,0.0018051343086440408,-0.004225608630058053,0.0009435996031150751
2011-11-15,2.4309000968933105,-0.0036068651807346086,-0.0022543151680944895,-0.00782849028701793,-0.0036478100875546593
2011-11-16,2.4282000064849854,-0.0007816841497797489,0.0038257407315505088,-0.00296186695598466,-0.001110736887861341
2011-11-17,2.42930006980896,0.000905974888186778,0.008483683566055333,-0.0003706573320586548,0.0004530365377797274
2011-11-18,2.4544999599456787,0.008315158084183594,0.017000707512241142,0.006997883940708771,0.010373313058316569
2011-11-21,2.4714999198913574,0.006844541467494691,0.020126336108132747,0.004359334930172931,0.006926037980483413
2011-11-22,2.505599975585937,0.013837828284981812,0.015820421364697745,0.00416757426186698,0.013797312077630464
2011-11-23,2.500099897384644,-0.002314818339047453,0.00011970409300499085,-0.007822443622988007,-0.0021951142460427953
2011-11-24,2.496500015258789,-0.0013598852356039304,8.001007802738158e-05,-0.0064397145995699345,-0.001439895313631534
2011-11-25,2.4916999340057373,-0.0022431306035287646,0.0026036473792578896,-0.004245980357327039,-0.0019227243035102592
2011-11-28,2.496799945831299,0.0020067081002326237,0.003290993629572414,-0.006300864409703788,0.002046800160789175
2011-11-29,2.4735000133514404,-0.009932738992954548,-0.00520666922706281,-0.01365750417910494,-0.009331918049245491
2011-11-30,2.4653000831604004,-0.0032747251921060316,0.00048512662306077203,-0.010066690693270375,-0.0033151122485459705
2011-12-01,2.4544999599456787,-0.004421376802694055,0.0038940184820088763,-0.00511101410047643,-0.0043808554132998
2011-12-02,2.4593000411987305,0.0018334287040042696,0.003992649189372033,-0.0023222135113447617,0.001955624905839448
2011-12-05,2.447700023651123,-0.004594838688161684,0.0018704704542449324,-0.005611411362734797,-0.004716796386484479
2011-12-06,2.453200101852417,0.002206129160392978,0.0072721708236911375,-0.00163416614084122,0.002247039321873201
2011-12-07,2.4593000411987305,0.002404983659503479,0.003464805319848052,-0.003464902506611911,0.002486523354416681
2011-12-08,2.4526000022888184,-0.0028463259322396572,0.0010978131763177412,-0.006058621905153716,-0.002724368233916752
2011-12-09,2.4588000774383545,0.002527960182561406,0.010804854694540067,-0.0019163114431390849,0.002527960182561406
2011-12-12,2.450200080871582,-0.0034976396192943904,0.0058157918850609835,-0.005937871347252099,-0.0034976396192943904
2011-12-13,2.4574999809265137,0.003469047621827759,0.007754393257722869,-0.000489837191895881,0.0029793077356909947
2011-12-14,2.4463999271392822,-0.004272616197406487,-0.0005696821596542501,-0.007283821046069172,-0.004516807272993972
2011-12-15,2.4477999210357666,0.0006540333273397092,0.0017168009379255889,-0.004332836790373551,0.0005722669793084556
2011-12-16,2.4451000690460205,-0.0011438793542341008,0.0033091073893691814,-0.0028596983855853075,-0.001102970862342234
2011-12-19,2.456199884414673,0.004621425805663382,0.012719330021482067,-0.0006953346855190778,0.0045396159892070465
2011-12-20,2.472100019454956,0.0064327009122164824,0.012580409974753737,0.0031756789353265535,0.006473469501067308
2011-12-21,2.464600086212158,-0.0030338308255227764,0.0020630281078537482,-0.007523962171292031,-0.0030338308255227764
2011-12-22,2.457900047302246,-0.00259681413354107,0.004503698360942554,-0.0034488756328791004,-0.0027185095656672154
2011-12-23,2.464600086212158,0.0027665633930147315,0.009642376988276524,-0.00044756226974407287,0.0027259200052769383
2011-12-26,2.46399998664856,-0.0008115286010385026,0.005315226961980946,-0.0038140586664850984,-0.00024348760147963056
2011-12-27,2.4663000106811523,0.0010146336176970472,0.008725694294935415,0.00032463244205338526,0.0009334513169867442
2011-12-28,2.479399919509888,0.0052710584226536294,0.008960779984401146,0.0011758039026288358,0.005311563383206597
2011-12-29,2.4807000160217285,0.000806684490204379,0.0020973412106151113,-0.007461422855278621,0.0005243593426014215
2011-12-30,2.480600118637085,-0.00020154140248596075,0.00020154140248607177,-0.03039469245473969,-4.026983673899309e-05
2012-01-02,2.4319000244140625,-0.019632384057846397,-0.010561982916635904,-0.028581874710398525,-0.019632384057846397
2012-01-03,2.4458000659942627,0.005551204847625391,0.011719264699423304,0.005057779667078766,0.005715712587136101
2012-01-04,2.444499969482422,-0.000531562873808511,4.0844460686972894e-05,-0.007768440957187539,-0.000531562873808511
2012-01-05,2.4277000427246094,-0.006872541201696003,-0.002945388733963661,-0.01501329955322217,-0.006872541201696003
2012-01-06,2.4045000076293945,-0.00947398834393709,-0.005972789425634839,-0.018700886382456372,-0.009556384514940897
2012-01-09,2.38319993019104,-0.008816777528744102,-0.004283601997540187,-0.010771522321214366,-0.008858422695267265
2012-01-10,2.386399984359741,0.0013846725621045053,0.00621016790442841,-0.0004195734936396356,0.0013427552292872846
2012-01-11,2.382200002670288,-0.001718104396446818,4.18611235746269e-05,-0.011733103466810335,-0.0017599655200215558
2012-01-12,2.3598999977111816,-0.009361096857572693,-0.002350757946293469,-0.014188517616322671,-0.009361096857572693
2012-01-13,2.376800060272217,0.006398577186941701,0.01084789886744364,-0.002966214453667737,0.007161346911914057
2012-01-16,2.3550000190734863,-0.009172013062063611,-0.007152456880925695,-0.014178722847637437,-0.009172013062063611
2012-01-17,2.344000101089477,-0.004798338379438105,0.0010615954141022232,-0.005137996267509104,-0.004670878087014607
2012-01-18,2.3452999591827397,0.0007678420546148867,0.007721750883313616,-0.00017067677409488002,0.000554546944199652
2012-01-19,2.356300115585327,0.004605007207046041,0.00980684872197024,0.002814199309314702,0.004690298296180728
2012-01-20,2.3668999671936035,0.004371226299926478,0.007639047058298543,0.00012728878232692864,0.004498515082253629
2012-01-23,2.3612000942230225,-0.002196928168608059,0.004140418864853945,-0.003464417721363411,-0.002408159639014751
2012-01-24,2.365299940109253,0.0021175147479333134,0.007326736332306183,-0.00038117486879252205,0.0017363398791407914
2012-01-25,2.3717000484466557,0.0027904036242283325,0.0053269967392708395,-0.0012683469567484895,0.002705833720651585
2012-01-26,2.3666999340057373,-0.002066019537717234,0.0017708738894715026,-0.008264178677315437,-0.0021082406454362435
2012-01-27,2.3477001190185547,-0.008239328055894557,-0.005873174448724372,-0.015042019676509533,-0.00802797799340138
2012-01-30,2.346100091934204,-0.0006815295835225221,0.0028537718412411373,-0.003365096748562557,-0.0006815295835225221
2012-01-31,2.3469998836517334,0.0004262083805330885,0.0034524504796975553,-0.011210174693607966,0.0003835265684626332
2012-02-01,2.320199966430664,4.2665448737322365e-05,0.0030677473486215856,-0.012824827552858964,-0.011418797848157913
2012-02-02,2.3125,-0.0032756094974485395,-0.0005171798663820004,-0.006335633189280654,-0.0033186650039088716
2012-02-03,2.308199882507324,-0.0018162082981418859,0.0016000077531144186,-0.008345939017630921,-0.0018595102671030705
2012-02-06,2.300800085067749,-0.0030759324272008337,-0.0009097959239324771,-0.004938906914490393,-0.003205873761477296
2012-02-07,2.3050999641418457,0.0018688625326481745,0.009518401327218706,-0.0006084813302861258,0.0018688625326481745
2012-02-08,2.31469988822937,0.004251423985006664,0.007201480303135277,0.0018654798314901022,0.0041646454543669
2012-02-09,2.319799900054932,0.002851402706169903,0.009893336340989878,-0.0006048273919239122,0.002203314499428899
2012-02-10,2.324700117111206,0.0019398874361684637,0.007759344193688067,0.0013794526711656818,0.0021123447139375084
2012-02-13,2.3280999660491943,0.0018926210853413838,0.0037423725698551014,-0.001333572774070313,0.0014624892531140965
2012-02-14,2.324700117111206,-0.0014174440966745472,0.0030067306320615828,-0.0021906326617994187,-0.0014603535018119507
2012-02-15,2.3210999965667725,-0.0016346855684001849,4.2972159681298194e-05,-0.008001128967860982,-0.0015486386901839566
2012-02-16,2.3036999702453613,-0.007625676153591443,-0.002671179681490221,-0.009133575316224829,-0.007496457001916368
2012-02-17,2.3108999729156494,0.0030820442667662817,0.00542607450847199,0.00017366253457473668,0.003125408153528353
2012-02-20,2.3018999099731445,-0.004110964046139309,0.00012978950886011198,-0.005841869125748023,-0.003894613807602254
2012-02-21,2.302799940109253,0.0003909944703541779,0.008775365960466797,-0.0012597790047468305,0.0003909944703541779
2012-02-22,2.3196001052856445,0.006904696653556863,0.011247232142237884,0.0033437409375209892,0.007295538306985705
2012-02-23,2.326200008392334,0.002888342898444307,0.012717712661839187,0.0026297374846697696,0.002845276257597229
2012-02-24,2.359100103378296,0.012896557166855116,0.02325682934653739,0.008124803342082876,0.014143278680795568
2012-02-27,2.373300075531006,0.005891993791071526,0.01195367296079164,0.00135637133224642,0.006019232559218324
2012-02-28,2.365799903869629,-0.00311803633027663,-0.0008005551748173634,-0.00771080599802576,-0.0031602289734469213
2012-02-29,2.3598999977111816,-0.0024938314304591147,-0.002113397677530049,-0.014667308415577618,-0.0024938314304591147
2012-03-01,2.3313000202178955,-0.012119148066030205,-0.007542731774400346,-0.013517491875744692,-0.012119148066030205
2012-03-02,2.3338000774383545,0.0014584512190969345,0.004375251388780699,-0.0026165398247384175,0.0010723875943796646
2012-03-05,2.3294999599456787,-0.001799632166463505,0.003813491663369417,-0.001799632166463505,-0.0018425389279255189
2012-03-06,2.3417000770568848,0.005237225722678485,0.011075333824396738,0.0023610552890596104,0.005237225722678485
2012-03-07,2.351099967956543,0.003886048609002657,0.0055941872988276575,0.0004270092188785046,0.004014131011804256
2012-03-08,2.340399980545044,-0.004465975231482289,0.0038705118672845984,-0.0054867405966072536,-0.004551055913117552
2012-03-09,2.3552000522613525,0.006323736044836936,0.00828923258535319,-0.001965496540516254,0.006323736044836936
2012-03-12,2.342400074005127,-0.005434773255858061,0.0021654261686452347,-0.007345502952140648,-0.005434773255858061
2012-03-13,2.3617000579833984,0.008324802147395616,0.009178565372430558,-0.0006404242026606388,0.00823940546811519
2012-03-14,2.335599899291992,-0.010246839997383184,-0.002413562793417312,-0.011686517887500636,-0.011051428229922
2012-03-15,2.354300022125244,0.008049332517780616,0.010532638316672394,0.005052256912260855,0.008006560900657878
2012-03-16,2.348700046539306,-0.0024635809876806247,0.007135847852835386,-0.004332507987624856,-0.00237861595094524
2012-03-19,2.3636999130249023,0.006386454714682577,0.018818896694623666,0.005151778033901211,0.006386454714682577
2012-03-20,2.3861000537872314,0.009518990978079955,0.020857213521461748,0.009434363827753645,0.00947672783626019
2012-03-21,2.412100076675415,0.009178130878717328,0.013494765053138735,0.003185042729192622,0.010896451239299942
2012-03-22,2.3963000774383545,-0.006301620002844732,-0.0025289903283367554,-0.015007688482478243,-0.006550308334983157
2012-03-23,2.388000011444092,-0.0034637005909274876,-0.0015023663264586151,-0.006176218018625557,-0.0034637005909274876
2012-03-26,2.390000104904175,0.0008793931468435989,0.0008793931468435989,-0.0072864431482514425,0.0008375600713976805
2012-03-27,2.384399890899658,-0.002384983740153057,-0.0012971366727960731,-0.005774118656831639,-0.002343185673098991
2012-03-28,2.382999897003174,-0.0004612585789796064,0.0005452510364569729,-0.006081153912378623,-0.0005871472741747485
2012-03-29,2.374599933624268,-0.0034829324105810633,-0.0019302601113794227,-0.00889632503207094,-0.003524953311777046
2012-03-30,2.375600099563598,0.0005053317367806898,0.005685157745230374,-0.0007158782601330849,0.0004211934503861592
2012-04-02,2.3775999546051025,0.0008418315194849146,0.0016416116075601561,-0.003620136473454383,0.0008418315194849146
2012-04-03,2.3661999702453613,-0.004668596062904595,-0.0010935206320419333,-0.005047041442576838,-0.004794744522795269
2012-04-04,2.358999967575073,-0.0030850731750177163,-0.0010565705569676176,-0.007733943321629688,-0.0030428546871894557
2012-04-05,2.3564000129699707,0.000678264987852284,0.001822856105037074,-0.009071629977594142,-0.0011021427048915067
2012-04-06,2.3431999683380127,-0.006195908355152602,-0.0020370400724118998,-0.008954355853993623,-0.005601784314761105
2012-04-09,2.346400022506714,0.0014936773593821062,0.005633341076442866,-0.0032860901906401896,0.0013656769426173554
2012-04-10,2.357300043106079,0.004560171884105291,0.014106669552401252,0.0010228100043541133,0.0046454229861967455
2012-04-11,2.371400117874145,0.005896594122946519,0.009629691138056451,0.0031391998145486877,0.005981451028816531
2012-04-12,2.3715999126434326,0.00012647826499212478,0.00181322377513915,-0.005313394138747651,8.425181722038211e-05
2012-04-13,2.364799976348877,-0.002782890601194632,-0.001517912910462993,-0.010541346715174704,-0.0028672358513356366
2012-04-16,2.3438000679016118,-0.009133968296216488,-0.004820697088022574,-0.010783178020484563,-0.008880204946419168
2012-04-17,2.358099937438965,0.006143871031400794,0.0066984653037804875,0.001407949252385965,0.00610114733470235
2012-04-18,2.3480000495910645,-0.0041134055932772196,-0.0027139943550373857,-0.007463560306020245,-0.004283061836161783
2012-04-19,2.347599983215332,0.0,0.003705235846537258,-0.0035774971045546833,-0.0001703860167303617
2012-04-20,2.3550000190734863,0.003152170689667111,0.008817506399196873,0.0015760853448334444,0.003152170689667111
2012-04-23,2.3671998977661133,0.0046284588157472495,0.0046284588157472495,-0.00012735905311256346,0.005180415538776462
2012-04-24,2.36080002784729,-0.0027880632780179493,-0.002196649811920026,-0.008533294604077257,-0.0027035612517821717
2012-04-25,2.3494999408721924,-0.004786549831330533,-0.003642831440752947,-0.010589670905005955,-0.004786549831330533
2012-04-26,2.3427000045776367,-0.0033624174579027777,-0.0031070015912499915,-0.007788915479064018,-0.0028942057738597926
2012-04-27,2.3285999298095703,-0.005762571041144304,-0.0036283344711314225,-0.008195708608063734,-0.00601872827955563
2012-04-30,2.330199956893921,0.000601217013949995,0.0024048680558002022,-0.004723833340022798,0.0006871197855276012
2012-05-01,2.3252999782562256,-0.002059841611563251,0.0033473960939749414,-0.004548902156193302,-0.002102814663264674
2012-05-02,2.322000026702881,-0.0013761898243773718,8.602468057317125e-05,-0.005719667200347778,-0.001419150898465782
2012-05-03,2.31469988822937,-0.0030146293720596518,-0.0004306320022622323,-0.006072383551212868,-0.0031439011152279983
2012-05-04,2.316800117492676,0.002289733127123439,0.002851402706169903,-0.005270609271925686,0.0009073440898259566
2012-05-07,2.29259991645813,-0.011179266311316383,-0.005999672339123907,-0.012430943206408696,-0.010445528231730283
2012-05-08,2.2988998889923096,0.002617134336696525,0.01003227896077119,0.0,0.0027479598550770312
2012-05-09,2.309900045394897,0.004784965389427631,0.012919240615683947,0.0032625046863892226,0.004784965389427631
2012-05-10,2.322499990463257,0.005498005196511446,0.006537080389656946,0.00038964029543331336,0.005454757704117741
2012-05-11,2.308799982070923,-0.005037638312290094,-0.0020236578984403897,-0.006673872434100225,-0.005898819568822211
2012-05-14,2.3020999431610107,-0.003031864837482856,0.0097453388434241,-0.003464958881365776,-0.0029019572773482105
2012-05-15,2.3231000900268555,0.009339347186073432,0.010425337057141437,0.0058208062858575715,0.009122169924998813
2012-05-16,2.322200059890747,-0.0006026403694333604,0.0017648167222028555,-0.003529838703387189,-0.00038742632742005956
2012-05-17,2.3215999603271484,-0.00012926060776308201,0.0009904504234234945,-0.004435517693867519,-0.0002584185462586319
2012-05-18,2.322000026702881,0.00012919132392963384,0.007021004167806488,-0.0008183828778979274,0.00017232356244356595
2012-05-21,2.3422999382019043,0.008828572115047839,0.010637349738283897,0.003445261374321884,0.008742425178973168
2012-05-22,2.3378000259399414,-0.0019211511679487758,-0.0018785018970273182,-0.007428607258030517,-0.0019211511679487758
2012-05-23,2.335700035095215,-0.001112137298423188,0.0023098393096732117,-0.007870627785952378,-0.0008982765084375455
2012-05-24,2.325200080871582,-0.004281367604144881,-0.0014557037742343182,-0.009376177700181954,-0.0044954206729738155
2012-05-25,2.3141000270843506,-0.00477380586666365,-0.0011182663569782036,-0.008515476289595147,-0.00477380586666365
2012-05-28,2.318300008773804,0.0017285114968113025,0.0017285114968113025,-0.005272078548211101,0.0018149525259483212
2012-05-29,2.2997000217437744,-0.008195683618968608,-0.005866415457973506,-0.012293525428452745,-0.00802311476497286
2012-05-30,2.284600019454956,-0.0067400393607846,-0.0006523153826687444,-0.009349093543912779,-0.006566074768903363
2012-05-31,2.296999931335449,0.005427607360106501,0.012868717314108213,0.0012255921251531632,0.005427607360106501
2012-06-01,2.3048999309539795,0.0035699472593591075,0.006486708553051335,-0.00047880928962673597,0.0034392685479696095
2012-06-04,2.3039000034332275,-0.00043382686915094393,0.003644393956586889,-0.0031237810256291576,-0.00043382686915094393
2012-06-05,2.31879997253418,0.007118407385832803,0.008203445277301435,-0.003472328222254628,0.0064672811661743435
2012-06-06,2.300100088119507,-0.00810765069888697,-0.006511990024010705,-0.011040174579816764,-0.008064466377510127
2012-06-07,2.3004000186920166,0.000347765011191159,0.0026084967232864464,-0.004695501413397807,0.0001303989222289914
2012-06-08,2.294300079345703,-0.0025647305296936374,-0.0022604369535528246,-0.010954672383295505,-0.002651686357480476
2012-06-11,2.284600019454956,-0.004315082045168506,-0.0013075974707242866,-0.007496836742667989,-0.004227895024749073
2012-06-12,2.2822999954223637,-0.0010067512969473835,0.002582467875429373,-0.0024511842503063264,-0.0010067512969473835
2012-06-13,2.2797999382019043,-0.0011830567470276776,0.004206249882477753,-0.0029794226474145757,-0.0010954113067842552
2012-06-14,2.2880001068115234,0.003684517767612361,0.006360269118717232,0.0004387077666649919,0.003596880793008017
2012-06-15,2.289900064468384,0.0007866353888181798,0.003146854167031421,-0.00043713544258738857,0.0008304010350366209
2012-06-18,2.291399955749512,0.000655002942880234,0.0024891361238963405,-0.0045417077366665115,0.000655002942880234
2012-06-19,2.280800104141236,-0.0045823315119156716,-0.0023566127705128004,-0.007069942360845682,-0.0046259281718494805
2012-06-20,2.283499956130981,0.0005261139310011043,0.0011837302115353943,-0.005480553802597599,0.0011837302115353943
2012-06-21,2.27649998664856,-0.002934109497976012,-0.0009633843974740097,-0.007751240303901841,-0.0030654563682502856
2012-06-22,2.2623000144958496,-0.005930145083964056,0.0018449293714408732,-0.00676474102861746,-0.006237633312537572
2012-06-25,2.2701001167297363,0.003403600928844952,0.009415231093079068,0.0019890873151788835,0.003447863759849179
2012-06-26,2.275599956512451,0.0023787243383128764,0.004096732759263588,-0.00449320431991207,0.002422730055905209
2012-06-27,2.257299900054932,-0.008173662939656268,0.00017580698865282685,-0.009360098183697985,-0.008041860084039287
2012-06-28,2.261199951171875,0.0017277505380866032,0.009303215255240582,0.0015062630164845991,0.0017277505380866032
2012-06-29,2.273200035095215,0.005262669545853305,0.01543426091504152,0.004157142013631043,0.0053069539105203845
2012-07-02,2.28439998626709,0.0051029462293323835,0.007742415642070899,-0.0020236002085900484,0.004926953633187736
2012-07-03,2.2685000896453857,-0.007004041551879059,-0.004377512923906868,-0.011469119345803747,-0.006960206932799862
2012-07-04,2.262700080871582,-0.0025567593319824056,0.0008375391588180126,-0.004716767462491722,-0.0025567593319824056
2012-07-05,2.2606000900268555,-0.0011048999562929263,0.003668107693922229,-0.012330392693625125,-0.000928090674711779
2012-07-06,2.240499973297119,-0.007564405497612059,-0.00221185271246227,-0.010749401686036775,-0.008891496031700807
2012-07-09,2.2311999797821045,-0.004150856338252407,0.0036598662302025353,-0.004418591733105659,-0.004150856338252407
2012-07-10,2.242799997329712,0.005199003967694571,0.006812539543642693,-0.0027788074604327972,0.005199003967694571
2012-07-11,2.2239999771118164,-0.00838238819345416,-0.006242170047044859,-0.012930285314582735,-0.00838238819345416
2012-07-12,2.2121999263763428,-0.0053057782630006045,8.994298108122578e-05,-0.006160075779373608,-0.0053057782630006045
2012-07-13,2.2174999713897705,0.001762974074107193,0.005288922222321579,-0.000723274178465183,0.002395825508460847
2012-07-16,2.215399980545044,-0.0010372149097035432,0.0016685537663203576,-0.004780198495430876,-0.0009470082849247774
2012-07-17,2.2160000801086426,0.00022567652106464386,0.005100698327314079,-0.002482656969212793,0.00027087639652823015
2012-07-18,2.2172999382019043,0.0004963108599442823,0.002707492475720885,-0.0037905970556166846,0.0005865785407364044
2012-07-19,2.212300062179565,-0.002164724199814172,0.002525583250806651,-0.005231596027109542,-0.0022549389625626803
2012-07-20,2.212599992752075,0.00022599274344536902,0.0017628942762408784,-0.006599483848523713,0.00013557409215758653
2012-07-23,2.199399948120117,-0.00583018877480157,-0.0023501352378372253,-0.007999618978532741,-0.00596585224405588
2012-07-24,2.201299905776977,0.0008184324427920053,0.006319924483075834,0.00018189796543111036,0.0008638527333255652
2012-07-25,2.20199990272522,0.00040886302395537477,0.00785905132297815,0.000272611451999083,0.00031799253995612453
2012-07-26,2.2114999294281006,0.004405113678134898,0.016303413965807145,0.0025432398964164715,0.004314272081085591
2012-07-27,2.220200061798096,0.003979213219742039,0.013746343538597605,0.0034817846151391496,0.003934041441387537
2012-07-30,2.229700088500977,0.004323900468568231,0.0045941912292633,-0.007431760979206614,0.004278905701492031
2012-07-31,2.209199905395508,-0.009149233750069707,-0.008027981060817035,-0.01547298771177219,-0.009194143737623173
2012-08-01,2.2044999599456787,-0.0021274423551940203,0.002942244251491699,-0.003938029297470225,-0.0021274423551940203
2012-08-02,2.2114999294281006,0.00312999420419513,0.008210489271271992,-0.00811975069495019,0.0031753094169229
2012-08-03,2.1923999786376958,-0.008229672726692283,-0.004702608524658425,-0.015374144687470004,-0.008636649966045518
2012-08-06,2.209199905395508,0.007708475974140372,0.007708475974140372,0.000866610871817608,0.0076628019163962335
2012-08-07,2.1991000175476074,-0.004526521316081,0.004888703457004651,-0.0061560171878952685,-0.004571740123305967
2012-08-08,2.2109999656677246,0.005775126538239306,0.008412573097069442,0.0007275826799979512,0.005411280990024192
2012-08-09,2.203399896621704,-0.003392100117257546,-0.002080528329540865,-0.00985981073597475,-0.003437389943027558
2012-08-10,2.191400051116944,-0.0053552749707332925,-0.0016791230299005866,-0.007851452904537481,-0.005446058848944668
2012-08-13,2.18969988822937,-0.0008670063030674635,0.013233569039225346,-0.002099136605770102,-0.0007758341005363878
2012-08-14,2.210200071334839,0.009362097160285021,0.015253258643286305,0.00908804153886189,0.009362097160285021
2012-08-15,2.2191998958587646,0.004886383335251487,0.00755589034212778,-0.0026695070068760707,0.0040719501553949655
2012-08-16,2.208400011062622,-0.0048215518716751005,0.0012166954465724356,-0.0077955530506610415,-0.004866566917336335
2012-08-17,2.217099905014038,0.003939455672810732,0.009146900024085802,0.0015396157125224796,0.003939455672810732
2012-08-20,2.220900058746338,0.0017140200690575202,0.004149608283129158,-0.0015786319476608357,0.0017140200690575202
2012-08-21,2.2260000705718994,0.0018911169248307935,0.007069144499325386,0.0007204408312069255,0.0022963716018993274
2012-08-22,2.238100051879883,0.005121286612004727,0.007367412336993562,0.0024258500569966923,0.005435750639879666
2012-08-23,2.2460999488830566,0.0036191558101226207,0.007953109273919123,-0.0016531959444661126,0.0035744143772546977
2012-08-24,2.251300096511841,0.002226131763817696,0.004808389412987779,0.0005342419019309652,0.0023151897721069847
2012-08-27,2.247400045394897,-0.0016435027630521404,0.002354109344667066,-0.0023542152472874056,-0.0017323550614094518
2012-08-28,2.2530999183654785,0.00258076384117234,0.009655559738896091,-0.0015573483449830006,0.0025362075533730266
2012-08-29,2.2734999656677246,0.009009875572819404,0.013403757344035316,0.006968222636041244,0.009054213324478422
2012-08-30,2.283560037612915,0.0044249272474634616,0.009412788716147036,0.003914637023831435,0.0044249272474634616
2012-08-31,2.284749984741211,0.00045542128295794626,0.004330991668880957,-0.002522357353273552,0.0005210929901977579
2012-09-03,2.2880098819732666,0.0007222212482687063,0.00363281148908845,-0.0005908418881227506,0.0014268069827452212
2012-09-04,2.2891299724578857,0.00030166905830997237,0.003055141665144534,-0.0025392302635230957,0.000489547922604805
2012-09-05,2.282819986343384,-0.004381590964646742,0.0030186515231729327,-0.004905790430407064,-0.002756499714049343
2012-09-06,2.290899991989136,0.0038373483173246292,0.006912490766165291,-8.772991634820038e-06,0.0035394843632392536
2012-09-07,2.2855000495910645,-0.002488049670659076,0.004771077471104057,-0.003841298086084577,-0.002357127075365284
2012-09-10,2.3039801120758057,0.008203873073483026,0.008750811854102647,0.005381760765242882,0.008085785204007268
2012-09-11,2.299870014190674,-0.002031335549831259,0.008125031755786827,-0.00281261845361247,-0.0017839120501039751
2012-09-12,2.3190600872039795,0.008343981570653636,0.01458779140802835,0.006317723774184492,0.008343981570653636
2012-09-13,2.33191990852356,0.005321048155090047,0.009762571473601378,0.005299561224541227,0.005545273014070595
2012-09-14,2.337169885635376,0.0020498363065279968,0.011248283751573496,0.0010206751383143864,0.0022513539562942775
2012-09-17,2.356290102005005,0.008129513187098203,0.01195035990223614,0.006174153693418782,0.008180927063601517
2012-09-18,2.354300022125244,-0.000534756815164461,0.003238086584464117,-0.007847113583055787,-0.0008445818611499956
2012-09-19,2.343300104141236,-0.00467226686515454,-0.0033980951223587796,-0.010066685907854978,-0.00467226686515454
2012-09-20,2.341099977493286,-0.00046945046519264455,-0.0002518183574669042,-0.006529268466145544,-0.0009389009303850671
2012-09-21,2.3306500911712646,-0.004429548587295162,-0.0001878955545131511,-0.0056810653728859295,-0.0044636651242936365
2012-09-24,2.3259499073028564,-0.0010683901670049956,2.1380078983446182e-05,-0.0046982979308891615,-0.0020166836223991513
2012-09-25,2.32583999633789,-9.881361139041367e-05,0.0006578690434688728,-0.005309591552297266,-4.725422702400728e-05
2012-09-26,2.309390068054199,-0.007089904133966263,-0.005417373975938999,-0.010529477370203488,-0.0070726826908092955
2012-09-27,2.307300090789795,-0.0017104598626264123,-0.00042441456393393917,-0.004975385813589583,-0.0009049910161625929
2012-09-28,2.30856990814209,0.0005503477234556353,0.006977822206065465,-0.0005764907903036409,0.0005503477234556353
2012-10-01,2.3011999130249023,-0.003538939592541146,0.0036949887863522157,-0.003954829800005055,-0.003192450482523479
2012-10-02,2.308389902114868,0.002016383870089511,0.007978506272112051,0.002016383870089511,0.00312445218221602
2012-10-03,2.3128199577331543,0.0014122985235933694,0.005103134251296382,-3.45999711426348e-05,0.001919110638210375
2012-10-04,2.3322501182556152,0.008401069204498235,0.012789632056342537,0.005577655976339857,0.008401069204498235
2012-10-05,2.33804988861084,0.0016850051409882383,0.00580975624416924,0.00027437686091191793,0.002486770312423614
2012-10-08,2.349329948425293,0.004858822094587989,0.00690746497320327,0.0003935148267086852,0.004824559077802659
2012-10-09,2.3510100841522217,0.000668269837719615,0.0014472583379983028,-0.0030348685644649986,0.0007151552841928588
2012-10-10,2.3477399349212646,-0.0027095024557211023,-0.00011063953810885874,-0.006980026368921033,-0.0013909549997256354
2012-10-11,2.3398499488830566,-0.003509751821215046,-0.001337444850710412,-0.007688226067785187,-0.003360672926693953
2012-10-12,2.3361499309539795,-0.0015855852257410374,0.0025856828409742683,-0.0036626091471790856,-0.0015813056434851314
2012-10-15,2.339730024337769,0.002696732966795068,0.005158124341801296,-0.0010401567664840572,0.0015324758639645442
2012-10-16,2.345890045166016,0.00348324900935304,0.008406956960175016,0.001333463901248999,0.002632791289666203
2012-10-17,2.356820106506348,0.005908199869585129,0.00823141630119606,0.00362756743923609,0.004659238553339051
2012-10-18,2.358949899673462,-0.0004625086745666529,0.0033858629347649494,-0.0021724352113561274,0.000903672351247442
2012-10-19,2.348789930343628,-0.004200965964444081,-0.003285273635853403,-0.009622855033674993,-0.004306988177765203
2012-10-22,2.3356499671936035,-0.005253696909690908,-0.0008174357326301562,-0.005675255409332336,-0.005594354344026886
2012-10-23,2.34660005569458,0.004885148930844796,0.006015459107229448,-0.00044955170385629906,0.004688240384809639
2012-10-24,2.336610078811645,-0.0042359785067678235,-0.001849557534711721,-0.006008725148475613,-0.004257213264225346
2012-10-25,2.3361499309539795,-0.0002611103792853342,0.0030213909499898772,-0.0025293728769474333,-0.00019692967253637228
2012-10-26,2.3280599117279053,-0.004045099450192602,0.0002568754494938208,-0.004862671649594308,-0.00346297089877734
2012-10-29,2.328550100326538,-0.00024906317120709787,0.0007602981015797372,-0.0019156972370886205,0.00021055669407976652
2012-10-30,2.327399969100952,-0.0004939259092705539,0.0025938277486634576,-0.0013527672291219206,-0.0004939259092705539
2012-10-31,2.32938003540039,0.0008292508479206262,0.0034287653033659993,-0.0007046839509382563,0.000850763223221529
2012-11-01,2.3232998847961426,-0.0022581075703407283,-0.0014982403505868769,-0.006276376317689625,-0.0026102012174250566
2012-11-02,2.3140499591827397,-0.0039468933953955565,-0.0039468933953955565,-0.012223968369848182,-0.003981373938825139
2012-11-05,2.2969000339508057,-0.007048238743954993,-0.004719019879703579,-0.017091275768406744,-0.007411216496808426
2012-11-06,2.2788000106811523,-0.007740896544773279,-0.007283760663000627,-0.01179854839635508,-0.007880196352524793
2012-11-07,2.270519971847534,-0.0037081056876034912,0.001167296855611788,-0.005265966239728526,-0.0036335083354432918
2012-11-08,2.277509927749634,0.003047803738450261,0.003809728421523273,-0.0001409182641516349,0.0030785705427693877
2012-11-09,2.2744500637054443,-0.0014533263250964268,0.0011284922411971543,-0.0022436896294598663,-0.001343512933536517
2012-11-12,2.2778899669647217,-0.0027039535165285233,0.0071138244406159235,-0.0027039535165285233,0.0015124109841626598
2012-11-13,2.2883899211883545,0.004350564251415667,0.008341076031463945,0.002814061263137324,0.004609508964835474
2012-11-14,2.297339916229248,0.003841135679251595,0.005737740700004101,0.0010968719873920563,0.003911044598660762
2012-11-15,2.299099922180176,0.0009533256494413944,0.002694447402182387,-0.0018455247141320186,0.000766106024839619
2012-11-16,2.3020501136779785,0.0012178625930767684,0.0015266836763687675,-0.00443652907501757,0.0012831941184205942
2012-11-19,2.293339967727661,-0.0036706547917052523,0.002628036378858889,-0.006190151973518243,-0.003783647410004143
2012-11-20,2.2983899116516118,0.0017703567899456374,0.007351726511116263,0.0017703567899456374,0.0022020040617678482
2012-11-21,2.2970199584960938,-0.0006134761859417637,0.006365360026704847,-0.004564038760409006,-0.0005960490639873584
2012-11-22,2.318010091781616,0.0086025076808105,0.009895478701320348,0.006086211907332162,0.009137984721415027
2012-11-23,2.313640117645264,-0.001885226536262996,0.00401637901765195,-0.0025711655274975875,-0.001885226536262996
2012-11-26,2.3264501094818115,0.0062325138523777746,0.007360695622782298,0.004002324788156653,0.005536726191273322
2012-11-27,2.331209897994995,0.0022394302672958943,0.0032753153643956257,-0.00444463164436304,0.002045944803967359
2012-11-28,2.3169500827789307,-0.006374335829838262,-0.004688476542225262,-0.009570043495456204,-0.006116916039318854
2012-11-29,2.31781005859375,0.0003193046136171773,0.0034873455866863967,-0.0006344931510035012,0.00037116717412732925
2012-11-30,2.3152499198913574,-0.0011950707702436114,0.00352483130348924,-0.0013288964779459844,-0.001104550691244266
2012-12-03,2.3212099075317383,0.0016413578938716533,0.008253953150606064,0.0016413578938716533,0.002574230794341492
2012-12-04,2.331350088119507,0.004402898151781187,0.00737551690348881,0.0032828122014902927,0.004368489275729193
2012-12-05,2.3351500034332275,0.0022947538097013442,0.0044437781225969974,0.0006605381192059667,0.0016299205053265098
2012-12-06,2.33351993560791,-0.0005010042035549223,0.0028863641399017315,-0.005031789314000168,-0.0006980570082952831
2012-12-07,2.3180301189422607,-0.0066080258354236365,-0.004902481657200863,-0.011407621073917573,-0.006637962002931874
2012-12-10,2.3092598915100098,-0.0036755891449161693,0.00032347570687152327,-0.005849819023312941,-0.0037834829498474276
2012-12-11,2.313250064849853,0.0017711608552699598,0.00406628797929498,0.0007058832274835503,0.0017279013741646754
2012-12-12,2.3169400691986084,0.0016859617454272335,0.0035231220408322717,0.0006483913278201303,0.0015951601622432587
2012-12-13,2.321799993515014,0.0013853743448593026,0.007069597284448115,0.0008804325109275091,0.002097561512709678
2012-12-14,2.32751989364624,0.0030148890955181695,0.006279615560565777,0.0017357176560470755,0.0024635628164362267
2012-12-17,2.3410398960113525,0.00602366690069589,0.009886066087119172,0.004214876659517364,0.005808759101058714
2012-12-18,2.347409963607788,0.0026441503964800273,0.004891011161689773,0.0014352737178906505,0.0027210418785637014
2012-12-19,2.3513100147247314,0.0019382980536477579,0.009623339042394985,0.0013291012539318192,0.0016614273507424837
2012-12-20,2.355679988861084,0.0028069046894534377,0.00949685305648118,0.0018542686964826416,0.0018585274204534485
2012-12-21,2.3645999431610107,0.0033918536809802724,0.008324529742507414,0.0009763737194645739,0.003786573024394224
2012-12-24,2.36063003540039,0.0,0.006965218574064069,-0.0007865615242657054,-0.0016788919293102555
2012-12-25,2.366529941558838,0.002554437845918134,0.004774168787621713,-0.0012708560578511552,0.002499293014988302
2012-12-26,2.364300012588501,-0.0006042748973246193,0.00412847299390906,-0.002577588070698744,-0.000942277945094605
2012-12-27,2.3712799549102783,0.003383621774131429,0.00668273871883196,0.0011842777050545816,0.00295222361147629
2012-12-28,2.3651599884033203,-0.001210251210829294,0.0010205241995444592,-0.005688894555116342,-0.0025808705101585394
2012-12-31,2.3647499084472656,-0.00017338360113705598,0.0013910001814478878,-0.005065220459264941,-0.00017338360113705598
2013-01-01,2.352799892425537,-0.0050533952783087255,-0.0034041506359845375,-0.0050533952783087255,-0.0050533952783087255
2013-01-02,2.3494999408721924,-0.001147505998465026,0.005185361131000654,-0.001445022566064158,-0.001402563628113196
2013-01-03,2.343849897384644,-0.0024047855414931485,-0.0016386394178425912,-0.007533499612411232,-0.0024047855414931485
2013-01-04,2.325599908828736,-0.007530298340352126,-0.0048552414605539385,-0.007914294831387059,-0.007786329908016865
2013-01-07,2.3271000385284424,0.0006880061691936223,0.0027949802102111843,-0.0020639159884086045,0.0006450506357571495
2013-01-08,2.3352999687194824,0.0036096271066274888,0.005337088580425364,-0.002195876980482181,0.0035236689679336575
2013-01-09,2.325599908828736,-0.004110788428087209,-0.003057389322138948,-0.008264456059944303,-0.004153667631856983
2013-01-10,2.318550109863281,-0.0028895028876064766,0.007361594246951597,-0.004342917201517915,-0.003031389422871733
2013-01-11,2.344749927520752,0.01116208781264727,0.020853488188432356,0.010351266218488586,0.011300086871538939
2013-01-14,2.364150047302246,0.008103232324587983,0.010811427497667836,0.00686220498782153,0.00827385451804119
2013-01-15,2.365449905395508,0.0007148069516993427,0.0025801828243832148,-0.002453316692154206,0.0005498204713128008
2013-01-16,2.3541500568389893,-0.004912302840642924,-0.0035299396779653325,-0.008252047893163583,-0.004777039890273782
2013-01-17,2.34483003616333,-0.004141676425440055,-0.0002251362438868698,-0.004906207916713923,-0.003958974768232704
2013-01-18,2.3445301055908203,-0.00012791143404167205,0.0028146616193505114,-0.0012240046446697628,-0.00012791143404167205
2013-01-21,2.342329978942871,-0.0009683056339483409,0.002456762845049143,-0.0020175576325913713,-0.0009384083585459724
2013-01-22,2.348129987716675,0.002420696784469323,0.008713571984328095,0.0009947636731402199,0.0024761706616680534
2013-01-23,2.353879928588867,0.002384866091413862,0.006285860438830282,0.0012776213397589498,0.002448731928075043
2013-01-24,2.35713005065918,0.001380751002138636,0.006155848217867188,5.1048892684590896e-05,0.001380751002138636
2013-01-25,2.363929986953736,0.0032115446082139343,0.009630284468144401,0.002418141064803203,0.002884837131771345
2013-01-28,2.379149913787842,0.006332702002946888,0.007855539881277185,0.0029188986712205267,0.006438400002581668
2013-01-29,2.384530067443848,0.002261376479399946,0.003585373024902916,-0.0012399189568206292,0.002261376479399946
2013-01-30,2.3846800327301025,-0.00026426184059036295,0.007842167590999649,-0.0008806728308433653,6.289091855116169e-05
2013-01-31,2.4001801013946533,0.0063404856173312485,0.007921357902507031,-0.0002851408902934116,0.006499852580559962
2013-02-01,2.3897299766540527,-0.004370579964309229,-0.0006166631154896907,-0.0077535850745275026,-0.004353891916080932
2013-02-04,2.386529922485352,-0.0016320049357224642,-0.0008034316999250279,-0.0049796203907434,-0.0013390860892079637
2013-02-05,2.3806300163269043,-0.002472169363082366,-0.00019271052700997604,-0.005543549582051166,-0.002472169363082366
2013-02-06,2.3917601108551025,0.004624797422876581,0.0058093640855971795,0.00103754739818962,0.0046752727017074225
2013-02-07,2.3928298950195312,0.0004472790392202608,0.003930114419500752,-0.008763459365940363,0.0004472790392202608
2013-02-08,2.37322998046875,-0.007994714363603328,-0.005721257010582459,-0.010961856692376148,-0.00819110233935838
2013-02-11,2.366029977798462,-0.003033841106653279,0.001988839113494567,-0.0034678353972172893,-0.003033841106653279
2013-02-12,2.379240036010742,0.00558321675390272,0.009044676113068695,0.0028190674807728744,0.00558321675390272
2013-02-13,2.3838601112365723,0.0019123670141341087,0.002399878307560943,-0.003295135428934004,0.0019418281282692629
2013-02-14,2.3695099353790283,-0.005151403681742939,-0.00427038333436347,-0.010919291575229195,-0.006019722294065333
2013-02-15,2.3607499599456787,-0.003929085485707251,-0.00015193523735357317,-0.006440142295902396,-0.003696956616452529
2013-02-18,2.3572299480438232,-0.0014063237404718931,0.0007285615413832325,-0.0020543940774632174,-0.0014910566394488178
2013-02-19,2.357419967651367,0.00011459562964843961,0.00750040027555543,-0.0008060128620193119,8.061140055581895e-05
2013-02-20,2.3783600330352783,0.00893773862894398,0.012081026435171616,0.0071010188783358075,0.008882619843409989
2013-02-21,2.369329929351806,-0.003683199898953049,-0.0021401294062040055,-0.006710497099662982,-0.0037967774256397746
2013-02-22,2.364229917526245,-0.001827487071945133,0.0009707487353702859,-0.0040221620919950185,-0.0021525123041671312
2013-02-25,2.3738300800323486,0.0038913711657948546,0.010967700752064768,0.0032992147574413266,0.004060587523631476
2013-02-26,2.366909980773926,-0.003142650100712463,-0.00045075786679438234,-0.006445295139438145,-0.0029151620061738104
2013-02-27,2.357630014419556,-0.003227788555875688,0.001094228781752582,-0.0053276038172598295,-0.003920709460752403
2013-02-28,2.3633298873901367,0.002417628268947869,0.004110079296224978,-0.003079399272921779,0.002417628268947869
2013-03-01,2.3501899242401123,-0.006177639519460598,-0.0028476097510583553,-0.010988724970552366,-0.005559936097002116
2013-03-04,2.339829921722412,-0.0043230418210217225,-0.0006977491351428666,-0.004961241851435427,-0.004408155447713447
2013-03-05,2.3438000679016118,0.001739461285650501,0.0035387353400126997,-0.0019787123604971812,0.0016967669924816686
2013-03-06,2.336829900741577,-0.0029738744594691724,-0.000985594993596739,-0.00524789407778381,-0.0029738744594691724
2013-03-07,2.3340299129486084,-0.0010826032061828084,0.008284755965362045,-0.0013265485709914593,-0.0011981992322506185
2013-03-08,2.3557300567626958,0.00929728607748359,0.00998280731929535,0.0010496820564533937,0.00929728607748359
2013-03-11,2.3381500244140625,-0.005573622296837444,-0.0029418111038872485,-0.007581587766308684,-0.007462668440369691
2013-03-12,2.343630075454712,0.0023437550984448663,0.007031163326437717,0.0014327649722971625,0.0023437550984448663
2013-03-13,2.3478000164031982,0.0019499695673310669,0.0055213192976488745,0.0003413057125623009,0.0017792658458171129
2013-03-14,2.348730087280273,0.0003961456983458955,0.0031007210339148994,-0.0012436801762741867,0.0003961456983458955
2013-03-15,2.354899883270264,0.0025119557970492146,0.008562027625220292,0.001860568892108505,0.002626864629275305
2013-03-18,2.325040102005005,-0.005443869223216602,-0.00047554126355675574,-0.0124038615934976,-0.012679851690252208
2013-03-19,2.346329927444458,0.009156756230180196,0.013225491377343523,0.008597687123311548,0.009156756230180196
2013-03-20,2.348330020904541,0.0008524348757130706,0.005348828158619812,0.00019184611340405944,0.0008524348757130706
2013-03-21,2.351330041885376,0.0012775125106476715,0.003129870116684863,-0.0032363717954314586,0.0012775125106476715
2013-03-22,2.344789981842041,-0.0026368374660686866,0.0044017593247263065,-0.0037978368502826765,-0.002781430053133249
2013-03-25,2.3589799404144287,0.005684936758001857,0.007732063063651262,-0.00019614099456599643,0.00605169703140751
2013-03-26,2.341909885406494,-0.0074099386119999,-0.005595657854402525,-0.011479563088932498,-0.007236201849573853
2013-03-27,2.332099914550781,-0.004112013399191761,-0.0033049018587795187,-0.00815999133434231,-0.004188876317079426
2013-03-28,2.316499948501587,-0.009086200776646569,-0.0027014162192929847,-0.009086200776646569,-0.006689235719216091
2013-03-29,2.31837010383606,0.0007381558762489249,0.0028923112708230114,-4.322719855287538e-06,0.0008073193939341916
2013-04-01,2.301219940185547,-0.0073975089750061285,0.0029028329951135134,-0.00854920156409722,-0.0073975089750061285
2013-04-02,2.318180084228516,0.007856700610525458,0.01107240186920544,0.0044585504209690985,0.007370066522890406
2013-04-03,2.311079978942871,-0.0032698244355328088,0.002221501833973072,-0.005124778466900626,-0.003062792806283632
2013-04-04,2.322580099105835,0.005330859065348692,0.006066413215133126,-6.055684234551606e-05,0.004976080563089846
2013-04-05,2.3299999237060547,0.0031430132625962504,0.008740241728084408,0.0016662548591828141,0.0031946474539570335
2013-04-08,2.328330039978028,0.0007467720374494391,0.001794074285092151,-0.003776836928235383,-0.0007166883187579298
2013-04-09,2.325900077819824,-0.0009577374908406044,0.0027486953348259124,-0.0025898745448882377,-0.001043650219891723
2013-04-10,2.333580017089844,0.0031815794361598204,0.006268545887605059,0.001977647144205008,0.00330192141238439
2013-04-11,2.336699962615967,0.0013283960021837071,0.006710739471731175,-3.432864611108144e-05,0.0013369781637115885
2013-04-12,2.34060001373291,0.0017546473104828042,0.0035649021562460526,-0.0008986993958677303,0.0016690423158038925
2013-04-15,2.343830108642578,0.001401317770424626,0.0026830493619964813,-0.001461212722013716,0.0013800285784484334
2013-04-16,2.342180013656616,-0.000938688619041339,0.005832320184368633,-0.0025599304060245354,-0.0007040164642809765
2013-04-17,2.3551299571990967,0.005486361459371869,0.008376786411389059,0.0002646629644389442,0.005529012914025744
2013-04-18,2.3447699546813965,-0.004556023806527754,-0.0014606001884363007,-0.005804336873038163,-0.004398909064882828
2013-04-19,2.343679904937744,-0.00016207953122615582,0.006486841765434681,-0.0006141533052734793,-0.0004648855814090025
2013-04-22,2.352780103683472,0.00380606272200934,0.005939406960616678,0.0013739424579959358,0.003882867590644601
2013-04-23,2.3561298847198486,0.001402575424782837,0.0030516984984709783,-0.0041142955582411656,0.0014237544048982809
2013-04-24,2.3400800228118896,-0.005721224509414591,-0.0017528263844791558,-0.007024156764728895,-0.0068119597361956385
2013-04-25,2.3472800254821777,0.002969941845176516,0.006538253105677905,-0.0006837488755738752,0.00307681899768375
2013-04-26,2.3387300968170166,-0.003612722781016431,0.0014058618986743099,-0.003940699666416303,-0.0036424834584466437
2013-04-29,2.325939893722534,-0.005340519677919375,0.00680708039119815,-0.006067479530998288,-0.00546886667764257
2013-04-30,2.348979949951172,0.009914307524248045,0.016978178601041227,0.00849554706433664,0.009905697172493788
2013-05-01,2.3582301139831543,0.004265688868101858,0.009800010880668397,0.0034909487455563326,0.003937949335061308
2013-05-02,2.36188006401062,0.0019294046567359668,0.003502530650176139,-0.007645634969660753,0.0015477497322349265
2013-05-03,2.342329978942871,-0.007908994176820117,-0.00033876942511035235,-0.01013602965262106,-0.00827734031276417
2013-05-06,2.353970050811768,0.004854116935268715,0.006211751016139022,-0.0019339516821511582,0.004969441527683527
2013-05-07,2.3483800888061523,-0.0022813119792378656,0.0038743005607260184,-0.0027485332614356484,-0.0023746954655128327
2013-05-08,2.348299980163574,-0.0001064994081110271,0.00567198182301798,-0.0007451912826833551,-3.411229849881181e-05
2013-05-09,2.3555800914764404,0.0031001624044466602,0.004377691257734906,-8.528365546878192e-06,0.0031001624044466602
2013-05-10,2.3420801162719727,-0.006070737313359387,-0.0029164923670693677,-0.008915063827306224,-0.005731061853221142
2013-05-13,2.32155990600586,-0.00862481773105761,0.0048674613137860145,-0.009004828879951687,-0.008761532162604224
2013-05-14,2.351999998092652,0.013068882962553818,0.015903130715120062,0.011212316150795987,0.013111913247658924
2013-05-15,2.3470299243927,-0.0015305621295809146,-0.000807805126871397,-0.00487673445208292,-0.0021131265748223216
2013-05-16,2.348129987716675,0.0005112677499963247,0.007963302495074043,-0.0019300789290540576,0.00046870443045565757
2013-05-17,2.348330020904541,0.0004556913750963787,0.009398939217898139,-0.0017630626196911692,8.518829405201878e-05
2013-05-20,2.364180088043213,0.006962407648627655,0.012114997446599496,0.003534454663687292,0.006749505817996937
2013-05-21,2.372980117797852,0.003561484415732563,0.008967143299425384,0.0014042833415186529,0.0037222332592787843
2013-05-22,2.3800299167633057,0.0028740078368332256,0.005697377675072612,0.00026122777052139945,0.0029708630563647365
2013-05-23,2.3742001056671143,-0.0022394035042482274,0.004743668688891534,-0.0045629536845677166,-0.0024494696705827934
2013-05-24,2.3845999240875244,0.004582593275415325,0.009005116127878576,0.003024166114939275,0.00438034620400618
2013-05-27,2.370919942855835,-0.005103513519701619,0.0021723226675527396,-0.0057786962404630104,-0.00573680351722905
2013-05-28,2.384999990463257,0.005736216884366208,0.009355052447322043,0.0025770389021555484,0.005938643204655092
2013-05-29,2.387629985809326,0.0024737552125948525,0.012805027083251153,0.0009349807040894831,0.0011027234199521008
2013-05-30,2.4082798957824707,0.009452944276697961,0.026050966773399242,0.007078174868584863,0.008648706079197988
2013-05-31,2.4392800331115723,0.013889634135354934,0.021193621499846937,0.00503264113521551,0.01287231495948249
2013-06-03,2.4491798877716064,0.004968682686738335,0.013536789168535623,0.003997035699645712,0.004058515023142251
2013-06-04,2.4621999263763428,0.005307903886112575,0.006704336436570868,-0.0020741574313430933,0.005316080974592241
2013-06-05,2.4464900493621826,-0.005949910019303339,0.006047419367176898,-0.0064575977163252585,-0.006380422989160195
2013-06-06,2.477519989013672,0.01218478358005104,0.024692527464538427,0.009323554087518948,0.012683452221511793
2013-06-07,2.5059499740600586,0.011434857352259575,0.016774813038999747,-0.001017180241644322,0.011475178877448755
2013-06-10,2.4778800010681152,-0.010179801261874122,0.002877158891934739,-0.012629967359026772,-0.011201330147251665
2013-06-11,2.516129970550537,0.015456776505530456,0.02212781663626484,0.011186972131771,0.015436570562712415
2013-06-12,2.517529964447021,0.000536508849174222,0.00201498775656872,-0.012097886049007411,0.0005564076231632242
2013-06-13,2.4999001026153564,-0.006963160198520835,-0.0021608468602893893,-0.015753527274476542,-0.007002840911781161
2013-06-14,2.486829996109009,-0.005268212068639588,-0.004560175963757351,-0.013688634446891168,-0.005228251518000215
2013-06-17,2.5028300285339355,0.006494210595999972,0.00798205573815558,-0.0005710165388670418,0.00643390680101219
2013-06-18,2.498800039291382,-0.0012106542143321963,0.010616015233914755,-0.004686676897547315,-0.0016101729628497097
2013-06-19,2.524800062179565,0.010324951694667739,0.012886128987044554,0.007499575172600359,0.01040500339337136
2013-06-20,2.5292999744415283,0.0016158977444198364,0.013248529549106047,-0.0015565952792778726,0.0017822845972519374
2013-06-21,2.565279960632324,0.01351359121652873,0.015154421583965405,0.005163520759892792,0.014225274405713861
2013-06-24,2.537859916687012,-0.01056408977166734,-0.0005106154859064738,-0.011569892609031407,-0.010688908955790222
2013-06-25,2.552129983901977,0.005721422293236023,0.00655677888302697,-0.004570787170456114,0.005622874265492683
2013-06-26,2.525700092315674,-0.01071651877277846,-0.007887497572262037,-0.01455643184037514,-0.010356013115716878
2013-06-27,2.5171799659729004,-0.003603040112883704,-0.0015045942088934838,-0.009819084322409632,-0.003373372146873499
2013-06-28,2.500230073928833,-0.006932303625616587,0.005609492415951989,-0.007091237981181386,-0.006733683039431115
2013-07-01,2.509360074996948,0.0017197933577928204,0.005471488953891601,0.0008279038498673064,0.0036516643661388404
2013-07-02,2.513780117034912,0.001924747119221637,0.0022475968926993772,-0.0027656957198840537,0.0017614219983832502
2013-07-03,2.5077500343322754,-0.0022278058317695137,0.007088878346379834,-0.0029756558459675952,-0.0023988107240459078
2013-07-04,2.5297000408172607,0.008513570582831864,0.01552385155499958,-0.0020496724460096205,0.008752868581190176
2013-07-05,2.5048999786376958,-0.009633535466518461,-0.0010594391447354967,-0.011036884711702166,-0.00980355843752645
2013-07-08,2.517040014266968,0.004890393508206969,0.009413579189348154,-0.00225959404213405,0.00484651512348
2013-07-09,2.503429889678955,-0.0053873027880134705,-0.0035200518014620874,-0.013305288100639467,-0.005407194367538448
2013-07-10,2.4789299964904785,-0.009770530809761868,0.006339340424409423,-0.010681280050772402,-0.009786530587288955
2013-07-11,2.53358006477356,0.02217490049902926,0.0289519885094196,0.015551024074704989,0.022045829596015976
2013-07-12,2.5527501106262207,0.00805186604752861,0.011888274759436213,0.004677128772547334,0.0075663864423300975
2013-07-15,2.5487000942230225,-0.0015395521251965194,0.00017623967849100808,-0.012476779231550217,-0.0015865306934429446
2013-07-16,2.5239999294281006,-0.009848154676561305,-0.006552371309210603,-0.012241601351091536,-0.009691279429426825
2013-07-17,2.525629997253418,0.0006854062037762176,0.004445316420853329,-0.006877960572707176,0.0006458272071689919
2013-07-18,2.504430055618286,-0.008393922173155377,-0.0027913975490075904,-0.008813623001795445,-0.008393922173155377
2013-07-19,2.517729997634888,0.005310566364896463,0.008764471755058123,0.003713417148205611,0.005310566364896463
2013-07-22,2.5199899673461914,0.000734745090611888,0.004404777405570215,-0.0010842674684250486,0.0008976219504974736
2013-07-23,2.5209200382232666,0.00039679821495686163,0.002202447698135046,-0.0027817503853501124,0.0003690772142457277
2013-07-24,2.511029958724976,-0.0036137496506598588,0.007045062162452265,-0.005418638379610208,-0.0039232023818022155
2013-07-25,2.5367000102996826,0.009796788328320094,0.01684567152958172,0.008462666669071917,0.010222917287590283
2013-07-26,2.550179958343506,0.004746284455065419,0.00881463568819818,0.004060362279318053,0.005313970114357636
2013-07-29,2.5573298931121826,0.0031448463617556044,0.003646798918871319,-0.0013254202648971258,0.0028036981254142557
2013-07-30,2.5559000968933105,-0.0007741777414762563,0.0007938491653023405,-0.003808611403515072,-0.0005590972923450455
2013-07-31,2.549730062484741,-0.002034566075217459,0.009554279752788775,-0.0031379014352501677,-0.0024140358287356722
2013-08-01,2.5731799602508545,0.009204866535513112,0.011903209014335836,0.003392447764205775,0.009197011915552
2013-08-02,2.570719957351685,-0.0007695016788664688,0.0016982776968021973,-0.011141883971747979,-0.0009560166553331806
2013-08-05,2.5576300621032715,-0.00505305831800984,-0.0023806430138205714,-0.007017466735779632,-0.005091918009575203
2013-08-06,2.556879997253418,-0.0002736896780398679,0.004230444471664319,-0.0005669552526698096,-0.00029326557462994174
2013-08-07,2.560960054397583,0.001591800776029606,0.007078949066478213,0.0012358811718995444,0.001595717103871852
2013-08-08,2.5746500492095947,0.005482316392254383,0.006099272490805552,0.00243263359817969,0.005345649491292903
2013-08-09,2.570729970932007,-0.0012778194745466376,-0.0006020077109955002,-0.007709791723482073,-0.0015225674179647486
2013-08-12,2.562000036239624,-0.0035709969827746324,-0.002656823981029177,-0.008764078352333282,-0.003395897193052111
2013-08-13,2.557300090789795,-0.001846208479270084,0.0012490453253068967,-0.0029157419261298667,-0.0018344829755456704
2013-08-14,2.5623300075531006,0.002248441977107607,0.006061013450003427,0.0003127886069242969,0.001966885615583891
2013-08-15,2.564330101013184,0.0009366168331799152,0.005541820183525115,-6.63429169538432e-05,0.0007805760593631028
2013-08-16,2.5796799659729004,0.005888478352631621,0.010306743104509408,0.004913542551865824,0.005985916147711157
2013-08-19,2.5898799896240234,0.004155559880894222,0.012102260617920857,0.0020428907236458294,0.003953988008460696
2013-08-20,2.604700088500977,0.005668181078372081,0.011378892846963806,0.0042627350879298476,0.005722311047742901
2013-08-21,2.614690065383911,0.0039274486988627455,0.014039940305196064,0.003332386261700515,0.0038353655098477546
2013-08-22,2.644010066986084,0.01049448768351402,0.018992678359832205,0.009106207322916893,0.011213566758960347
2013-08-23,2.655329942703247,0.004742744266749366,0.01091897027371691,0.0005105600813433142,0.004281328523860983
2013-08-26,2.6637299060821533,0.003238767592857794,0.006760010383163095,0.0010055434635138916,0.003163434887626382
2013-08-27,2.6705799102783203,0.002590379783634855,0.025310376117487765,0.002552876963091366,0.0025715836205939535
2013-08-28,2.744080066680908,0.02724130862841423,0.036067129806528264,0.018928467103237923,0.0275221707913349
2013-08-29,2.704530000686645,-0.014059421837913755,-0.010579168211042211,-0.02369832380295034,-0.014412868806011447
2013-08-30,2.6836800575256348,-0.006729420878923809,-0.0012386697334122454,-0.010179201156314877,-0.007709266732377484
2013-09-02,2.678289890289306,-0.0017811564679638403,0.0015276954772358575,-0.010142792797194766,-0.0020084984501834713
2013-09-03,2.662600040435791,-0.006362185030892031,0.01333317072536766,-0.00797520857587275,-0.0058581596825653115
2013-09-04,2.709130048751831,0.01747540284286342,0.02198973938716775,0.004311520472245256,0.01747540284286342
2013-09-05,2.703929901123047,-0.0019194898492156387,0.014421563480849775,-0.00461404489957018,-0.0019194898492156387
2013-09-06,2.713200092315674,0.0035873932555419152,0.00787004510319278,-0.005299660421066554,0.0034284140238904914
2013-09-09,2.7034800052642822,-0.0037741698452001815,-0.002948597652053353,-0.01199693918779865,-0.0035825175883344995
2013-09-10,2.6787800788879395,-0.009117913520836463,-0.002193449512431056,-0.015306171493146281,-0.009136345128592183
2013-09-11,2.6721999645233154,-0.0025385341509475134,0.0032104153060383833,-0.007018127529789586,-0.0024563846866277883
2013-09-12,2.67933988571167,0.0027318833060507863,0.008741865980063102,0.001148909544139709,0.0026719262342436156
2013-09-13,2.694659948348999,0.005706637660231273,0.010024856811277072,0.0035493967502659984,0.005717849653576135
2013-09-16,2.67438006401062,-0.00694332433539846,-0.0015809279289570322,-0.013760567279551994,-0.007525953080203762
2013-09-17,2.6671299934387207,-0.002486546732003325,0.004931995728331584,-0.003656985282285752,-0.0027109350198440962
2013-09-18,2.6716699600219727,0.002230852667360228,0.005380291727162145,-0.0007236236713527022,0.0017021917170967349
2013-09-19,2.6213300228118896,-0.01857262081158717,-0.0035520903646648616,-0.020874554560871728,-0.018842124200726174
2013-09-20,2.652940034866333,0.012081688784231881,0.024182386805224887,0.010071257351867757,0.012058768556175714
2013-09-23,2.6801300048828125,0.010893539878767733,0.015955892734198063,0.007271167136999157,0.010248995325614185
2013-09-24,2.677180051803589,-0.0011006753679296821,0.007936195878049501,-0.001455172364712931,-0.0011006753679296821
2013-09-25,2.6875100135803223,0.0047886227929396785,0.013484304394007385,0.003858523362959554,0.003858523362959554
2013-09-26,2.723860025405884,0.013399029864000322,0.01576555277330116,0.009335771418513827,0.013525535399637745
2013-09-27,2.724800109863281,0.0009324536134305283,0.013264246745449793,-0.0010683871966145064,0.0003451295032155244
2013-09-30,2.750230073928833,0.009332781503311072,0.012103627378236004,0.0003669727981634452,0.009332781503311072
2013-10-01,2.7309999465942383,-0.0068612860644035045,-0.006155886179302961,-0.01299168526248251,-0.006992188587016446
2013-10-02,2.715830087661743,-0.00512630510385137,0.0028817133033554043,-0.006616617679257253,-0.005554690307267518
2013-10-03,2.709630012512207,-0.0022535301281703113,0.009326735268677,-0.002588530945042078,-0.002282939266967987
2013-10-04,2.728179931640625,0.006864401023069844,0.007344206939684739,-0.0024911544308090505,0.006845923259913844
2013-10-07,2.6963798999786377,-0.011864998965289697,-0.0031449426434891903,-0.012359894627336443,-0.011656134294215637
2013-10-08,2.706860065460205,0.0037532372301114503,0.004246453647515747,-0.0020694222002386464,0.0038867540444320614
2013-10-09,2.702810049057007,-0.0015590051750163925,-0.0008977051267664571,-0.010118736300351983,-0.0014962045710736893
2013-10-10,2.683880090713501,-0.006848466185097268,-0.006171355703795789,-0.011576860287390911,-0.007003806408856006
2013-10-11,2.671910047531128,-0.004396638574242773,0.004266142098669379,-0.005015186538449012,-0.004459976890841988
2013-10-14,2.694040060043335,0.006100490925021074,0.012769832752480559,0.003997125674467528,0.008282469139504034
2013-10-15,2.686269998550415,-0.002984347353889638,0.0006903770152331123,-0.006829873881633031,-0.0028841670204394765
2013-10-16,2.683579921722412,-0.0010758821776770677,0.0025165453939826055,-0.008699805885009848,-0.001001417143270955
2013-10-17,2.6674299240112305,-0.005887657419541004,0.0038195588921217105,-0.006234146991537681,-0.006018079648179797
2013-10-18,2.687340021133423,0.007486674129416393,0.011340531275797705,0.006736853696617251,0.007464150020575655
2013-10-21,2.6951301097869877,0.002042936352600444,0.00948523273833235,0.0012874926108019658,0.0028988101960687462
2013-10-22,2.7073800563812256,0.004185260427655324,0.007906799201535142,0.0027308446112259688,0.00454521529396823
2013-10-23,2.709929943084717,0.0009012313335079458,0.005363092577874706,0.0007423666348909119,0.0009418281328774647
2013-10-24,2.7212300300598145,0.004084981264741883,0.010018766050780004,0.00326580311746949,0.004169881588243163
2013-10-25,2.7336199283599854,0.004472270346792984,0.009506761455960078,0.0035167491321368427,0.00455305070255263
2013-10-28,2.73622989654541,0.0008633627118539433,0.0025058363546086593,-0.0014047196521986827,0.0009547663002993367
2013-10-29,2.733609914779663,-0.0008953886959355284,0.003983590930399128,-0.0019551991969732896,-0.0009575152179481794
2013-10-30,2.735949993133545,0.0008925837316191565,0.0028460809390462583,0.00012070899790539436,0.0008560396058083786
2013-10-31,2.7376298904418945,0.0007895145496377154,0.0024963822630763577,-0.010654437847340659,0.0006140087766828284
2013-11-01,2.7109100818634038,-0.009723707096707224,-0.0034445604475421554,-0.013014903088643281,-0.009760197560590544
2013-11-04,2.7200300693511963,0.003356791650165558,0.007514084180644254,-0.0011841291861725,0.0033641792654088842
2013-11-05,2.724179983139038,0.001275700603218688,0.006551354575083712,0.00017276390607001701,0.0015256867321440382
2013-11-06,2.734220027923584,0.004019590691052066,0.00976812699484042,0.003498325185131934,0.0036855291671944457
2013-11-07,2.7516798973083496,0.006396672523467206,0.00890195890357215,-0.01194857060641863,0.0063856855726511785
2013-11-08,2.7281699180603027,-0.008496556131666,-0.003554167083283488,-0.013228225181351805,-0.008543864157689263
2013-11-11,2.722090005874634,-0.002261601950715786,0.0038414636171264505,-0.003181571181952947,-0.002228568002828668
2013-11-12,2.738120079040528,0.006028497347834394,0.013871701237239353,0.004375300476742394,0.005888884324654509
2013-11-13,2.7588999271392822,0.007508811000000781,0.00974390892496202,0.0030750990813013246,0.007589093063455454
2013-11-14,2.7551798820495605,-0.001721705562682585,-0.0004892986445770298,-0.0042842581426267845,-0.0013483798571769512
2013-11-15,2.7360999584198,-0.007088400875661649,-0.002889046458906197,-0.007542102145177143,-0.0069251099552771755
2013-11-18,2.7376298904418945,0.0005847838560966157,0.0012718678533134575,-0.0038522015661331954,0.0005591652517615842
2013-11-19,2.7285799980163574,-0.0033350019664787345,-0.0010008315297114212,-0.008584055043295624,-0.003305739923842088
2013-11-20,2.726190090179444,-0.0009235882337830237,0.0009858889348886013,-0.011914637728850264,-0.0008758797025013587
2013-11-21,2.707479953765869,-0.006874127091155202,-8.806704639585661e-05,-0.008403712633817007,-0.006863107778497968
2013-11-22,2.71560001373291,0.0031505828551863235,0.009747099197128906,0.0025780217918396353,0.0029991209928430518
2013-11-25,2.720089912414551,0.0015244882112916969,0.002614562251340047,-0.00745694576284639,0.0016533726097123225
2013-11-26,2.7153000831604004,-0.0020256144246887375,0.00489329192934207,-0.0034263649275422248,-0.0017609084289050836
2013-11-27,2.728800058364868,0.004898148127009838,0.013571235022777683,0.004235215774383239,0.004971817033480486
2013-11-28,2.7494399547576904,0.007629691430202978,0.009066248962357637,0.002891375648436334,0.007563726162183482
2013-11-29,2.739190101623535,-0.0036770766390907816,0.002022288093110003,-0.003986216772530193,-0.003727978534835308
2013-12-02,2.742959976196289,0.001237531982777318,0.009750982592386714,0.0011097575453937747,0.0013762734359032969
2013-12-03,2.760279893875122,0.006325268531208961,0.011316225355521015,0.004826938441736761,0.006314316588334146
2013-12-04,2.7763500213623047,0.005926951290581739,0.009861322693341945,0.003898180368341775,0.005821919553463006
2013-12-05,2.782500028610229,0.002193500718256969,0.006681405077057168,-0.0009689256784283229,0.0022151411747812766
2013-12-06,2.782520055770874,4.669833756509867e-05,0.005753834983155848,-0.007051191917228583,7.197541936676544e-06
2013-12-09,2.7711799144744877,-0.004039505652386088,0.003769942510047697,-0.0047583121371532755,-0.004075493103047778
2013-12-10,2.790179967880249,0.007080081674785577,0.009526660151519817,0.004149900229463821,0.006856304531697832
2013-12-11,2.7895500659942627,-0.0012256829803100056,0.009827338831531973,-0.0021145253088923344,-0.00022575672294888882
2013-12-12,2.816849946975708,0.009008633255730869,0.011238334728890909,0.005316224368753453,0.009786481810899028
2013-12-13,2.807080030441284,-0.0034329195135729407,5.323864922801569e-05,-0.006798380834086237,-0.003468383733011171
2013-12-16,2.803100109100342,-0.001496210169965484,0.0004916022061625114,-0.006070369951044485,-0.001417815415941881
2013-12-17,2.7877800464630127,-0.00485538298965027,0.0027112234068160657,-0.005465399750651856,-0.005465399750651856
2013-12-18,2.802489995956421,0.005100832589499227,0.01030566082691764,0.0042184089914500955,0.005276581813572934
2013-12-19,2.8126800060272217,0.0035968367845662375,0.014044669719966763,-0.0007172575257378133,0.0036360558237509277
2013-12-20,2.829080104827881,0.0062538382934644865,0.019181019959337853,0.004721445321721474,0.005830773058263183
2013-12-23,2.860879898071289,0.010271850161747587,0.01524167071323479,0.007755168497075138,0.011240329741508903
2013-12-24,2.873080015182495,0.004746820674367047,0.004991499574978686,-0.008207243695518063,0.004264463223161208
2013-12-25,2.838979959487915,-0.01186881517896543,-0.011478958134017003,-0.016184710251489376,-0.01186881517896543
2013-12-26,2.864109992980957,0.008795431803952924,0.029119604418879064,0.005847217037600938,0.008851782630256766
2013-12-27,2.906130075454712,0.013613311237175019,0.052124424412725245,0.01350159844194776,0.014671253051290911
2013-12-30,2.964600086212158,0.019802951680230274,0.02118278051713518,0.006107787447454438,0.020119543598989598
2013-12-31,2.9271600246429443,-0.012244546072623819,0.0021722741863441364,-0.01730420540251365,-0.012629042865964002
2014-01-01,2.952749967575073,0.008742242554794943,0.008742242554794943,0.008742242554794943,0.008742242554794943
2014-01-02,2.9551799297332764,0.0010329655121295023,0.01441032510112672,-0.0017847783694291408,0.0008229488391795492
2014-01-03,2.9631600379943848,0.0027409609563529003,0.0061655082488210056,-0.0018881924478272305,0.002700379824868593
2014-01-06,2.9580399990081787,-0.0021193406002416593,0.007856445490865394,-0.003165573926928955,-0.0017278982304551604
2014-01-07,2.9570300579071045,-0.00025695339834164166,0.004956024940599768,-0.0067883090072563546,-0.0003414223950362061
2014-01-08,2.9489500522613525,-0.002631043621771245,0.0030334565512961653,-0.0037368527438780275,-0.0027324732882393343
2014-01-09,2.963079929351806,0.0055443566724739934,0.012021221472458876,0.002316070775863155,0.004791494206427327
2014-01-10,2.9618799686431885,-0.0002362396441984993,0.0022679327695447338,-0.004232036895868818,-0.0004049707524698132
2014-01-13,2.958080053329468,-0.0011479490703754092,0.004463405652004981,-0.001890682824835288,-0.0012829403466545486
2014-01-14,2.977679967880249,0.0065921194878375555,0.01602390633675732,0.005730031553740078,0.006625890509190269
2014-01-15,2.9825799465179443,0.0019210051488094404,0.005816581320242653,-0.0011922210180799198,0.0016455692655190646
2014-01-16,2.9768800735473637,-0.00185741680134055,0.00949516009268514,-0.0024810855000864107,-0.0019110545476693774
2014-01-17,3.0042800903320312,0.009345311606494766,0.014199411498052816,0.007655651076330594,0.009204272966232274
2014-01-20,3.0216400623321533,0.005458832029295868,0.01369041043534791,0.004633333079382407,0.005778413289755369
2014-01-21,3.033629894256592,0.0037528966534337016,0.014773376345317946,-0.00021185643282528588,0.003967988137933531
2014-01-22,3.052510023117065,0.006352186102980939,0.01255591220536112,0.00031318851370709666,0.006223609839887789
2014-01-23,3.0579800605773926,0.002316147855743411,0.031675551846400474,0.0017591757656609808,0.0017919801798855772
2014-01-24,3.1346800327301025,0.02550697803805968,0.04850259213675123,0.02226304523792022,0.025081907217612054
2014-01-27,3.1886799335479736,0.01735423284851967,0.04376838377763681,0.0032155947599146195,0.0172266069436251
2014-01-28,3.117269992828369,-0.022849581656391282,-0.019562903250287644,-0.03427119474651852,-0.022394828646269405
2014-01-29,2.984080076217652,-0.04272646158886961,0.011686546417843502,-0.05312342588149488,-0.04272646158886961
2014-01-30,3.0855801105499268,0.03475105222145558,0.049502646143511075,0.019744747162043996,0.034013844045675645
2014-01-31,3.068739891052246,-0.0054933367001855915,0.006682655608803101,-0.015277555523119934,-0.005457715857093537
2014-02-03,3.047879934310913,-0.006764933384755367,0.0012252910134138428,-0.00865496283649081,-0.006797564303887671
2014-02-04,3.078579902648926,0.010072564864650246,0.012769585727488764,-0.004750802484563388,0.010072564864650246
2014-02-05,3.0225000381469727,-0.018417579864472566,-0.012109428848015469,-0.019521936108422122,-0.018216147144240025
2014-02-06,3.030519962310791,0.0026865375895972488,0.0029644362309781958,-0.008311007310398688,0.0026534074648796313
2014-02-07,2.9997799396514893,-0.010176445107601184,-0.0010625507732641148,-0.016043446730300115,-0.010143481330465276
2014-02-10,3.020780086517334,0.00710722287231369,0.016241231811599643,0.0035669241166877974,0.007000562470687255
2014-02-11,3.0158801078796387,-0.0007217008272251135,0.0040187623272800455,-0.006438796312885353,-0.0016220904856879548
2014-02-12,2.988990068435669,-0.008554713310024886,-0.005461156701780934,-0.01780581679080584,-0.008916150006664236
2014-02-13,2.976599931716919,-0.0043526491311571824,0.011522300108010697,-0.005757799898905125,-0.0041452585773342765
2014-02-14,2.9855799674987797,0.0028824731582852703,0.0099643845919406,0.0020157367799873427,0.0030168769696508058
2014-02-17,2.983880043029785,0.00030816702508995597,0.0041097454727236915,-0.002545592189375556,-0.0005693783075650938
2014-02-18,2.981679916381836,-0.00037202464183838657,0.00639097744360928,-0.0020343100045542295,-0.0007373374989013692
2014-02-19,2.995179891586304,0.004527640653276377,0.013120186738090123,0.003420898264459016,0.004527640653276377
2014-02-20,3.035979986190796,0.014596788348359757,0.018703391270742387,0.004680922365781992,0.013621917908537728
2014-02-21,3.017729997634888,-0.005438115481894212,-0.00374836370821241,-0.01342236341749059,-0.006011234803562027
2014-02-24,2.9904799461364746,-0.009029983305256062,-0.0025946339011149178,-0.011879806375415636,-0.009029983305256062
2014-02-25,3.0216801166534424,0.010984867872727566,0.020832765286596056,0.009302891449577189,0.010433164936376471
2014-02-26,3.0401999950408936,0.005788140852282853,0.010424618574710331,0.0003706057632866244,0.0061290003152161265
2014-02-27,3.054579973220825,0.004729944807377207,0.007065352115194434,0.004420726841805722,0.004729944807377207
2014-02-28,3.0293800830841064,-0.007464191122631414,0.0022981872154634875,-0.00873442270612712,-0.008249870803070602
2014-03-03,3.0684800148010254,0.012939884737624086,0.015181320591358016,0.007961976811055482,0.012906908557051233
2014-03-04,3.059580087661743,-0.002900435100229748,-0.002085758521004233,-0.010845726751337104,-0.002900435100229748
2014-03-05,3.0304501056671143,-0.009707227778423255,-0.006955219235320942,-0.012992011335943632,-0.009520908477637313
2014-03-06,3.0226800441741943,-0.001197895084499745,0.0020590641108320096,-0.004180910323163367,-0.0025639958494579895
2014-03-07,3.019779920578003,-0.001065306708711078,0.012538532181514794,-0.0014887949153650215,-0.0009594543761854979
2014-03-10,3.058690071105957,0.012186366911089763,0.02073666446258149,0.012186366911089763,0.012885094792108642
2014-03-11,3.0783801078796387,0.006306611637502124,0.011740284335364448,0.0032726441093653413,0.006437408274765799
2014-03-12,3.108380079269409,0.009875258506612195,0.016216270221447893,0.006857444068780527,0.009745375924493649
2014-03-13,3.101789951324463,-0.002120116516283743,0.0017114489283251988,-0.003764067794946091,-0.002120116516283743
2014-03-14,3.096980094909668,-0.0022599799382775343,0.002666210601967034,-0.002453371868238241,-0.001550671222189326
2014-03-17,3.0886800289154053,-0.002680051450090093,-0.00018730259322863319,-0.0061931490823942115,-0.002680051450090093
2014-03-18,3.090539932250977,0.0002913963659825214,0.004053535726313839,-0.0020073543039397235,0.0006021676956369237
2014-03-19,3.088520050048828,-0.0008056985817114226,0.003458934058616192,-0.0012165709147442527,-0.0006535693588911595
2014-03-20,3.0951199531555176,0.002285900965494525,0.004694773707229372,-0.005355332080920205,0.0021369144443743604
2014-03-21,3.073149919509888,-0.006975495217408367,-0.0012793992608461924,-0.007243638322171342,-0.007098281804306383
2014-03-24,3.083980083465576,0.0035241248358672816,0.006221622261141757,0.0017734280599468466,0.0035241248358672816
2014-03-25,3.093980073928833,0.003210090335249216,0.004708178876936087,-0.005051970792762206,0.003242560001236905
2014-03-26,3.0624499320983887,-0.01073052339225744,-0.007750580195425849,-0.023199879973118787,-0.010190803132874238
2014-03-27,3.0186800956726074,-0.012986298161924203,-0.010236868546341427,-0.021835450576830562,-0.014292425148577093
2014-03-28,2.9992799758911133,-0.005923185224348093,-0.0002915191234490466,-0.006492954651755922,-0.006426689535371732
2014-03-31,2.9909799098968506,-0.0024005770478792154,-0.0009835537538795958,-0.01743751059230081,-0.002767352851677951
2014-04-01,2.943380117416382,-0.015914447410016352,-0.006502868575000598,-0.017051227816102243,-0.015914447410016352
2014-04-02,2.94677996635437,0.0011279476593404336,0.007678225247867099,-0.007909322890387593,0.001155083204466445
2014-04-03,2.9286999702453613,-0.006244088141038495,0.0033324457706911392,-0.008042676795075088,-0.00613550937478935
2014-04-04,2.9260098934173584,-2.7271562403230476e-05,0.003817367475267064,-0.01563832795852904,-0.0009185225032721789
2014-04-07,2.8955399990081787,-0.0104305738608238,-0.0027374858169536553,-0.011377237458316758,-0.010413462537405604
2014-04-08,2.901819944381714,0.0021757504770569813,0.003501917491266715,-0.005781333948138179,0.0021688339224068542
2014-04-09,2.887779951095581,-0.004297305546780206,0.01018674131334718,-0.0061650884080874935,-0.004838340612178915
2014-04-10,2.9110798835754395,0.008068458426348846,0.01358140001834518,0.005228931062801312,0.008068458426348846
2014-04-11,2.9297800064086914,0.0070318037234211594,0.014881137144333145,0.006413455775509114,0.006423775224706052
2014-04-14,2.9297800064086914,0.00020482751683936762,0.008666148887876979,-0.0016656375107947374,0.0
2014-04-15,2.931260108947754,0.000518782447298971,0.010389890032769244,-0.0021845013357325582,0.0005051923816208337
2014-04-16,2.958080053329468,0.009971779471240838,0.010793929300320304,0.005035301688644411,0.009149629642161594
2014-04-17,2.954279899597168,-0.001149423712431652,0.0013927523841814615,-0.007312191814243141,-0.0012846689960344104
2014-04-18,2.9394800662994385,-0.005009624612667074,-0.0019225821530014509,-0.0063297605677860025,-0.005009624612667074
2014-04-21,2.941380023956299,0.0008232573527628961,0.005133557080893247,-6.805053388847515e-05,0.0006463584082923024
2014-04-22,2.9406800270080566,0.0005779343216956168,0.00696949884745468,-0.0003705912649077936,-0.00023798249207551692
2014-04-23,2.9568800926208496,0.00550895216888847,0.01267396275011734,0.004794834745217802,0.00550895216888847
2014-04-24,2.972140073776245,0.005130359858133149,0.006483119650986913,-0.00514060009737094,0.005160838680431379
2014-04-25,2.952280044555664,-0.006682063673852379,-0.002954101211938731,-0.008909391492531893,-0.006682063673852379
2014-04-28,2.9549601078033447,0.00044028956387753837,0.0058598406171159745,-0.0030247699220529167,0.0009077943850968051
2014-04-29,2.9468801021575928,-0.0024636919103040444,-0.0008291107931974739,-0.0092556874894556,-0.002734387386284731
2014-04-30,2.930799961090088,-0.006142096943951403,-0.00202587177412894,-0.009311566862142073,-0.0054566662063147975
2014-05-01,2.9292800426483154,-0.0005971039968059033,0.0013307121498298269,-0.004749579952794569,-0.0005186019045827495
2014-05-02,2.920380115509033,-0.0027992988282631304,-0.0009421883300662071,-0.010237996153599216,-0.003038264354962794
2014-05-05,2.9179000854492188,-0.0008457859531281198,0.001016984133022758,-0.004759668615185508,-0.0008492148151002521
2014-05-06,2.9120800495147705,-0.001994597403616072,0.0015079388424781293,-0.0031529853185340295,-0.001994597403616072
2014-05-07,2.909179925918579,-0.0009958941879618655,0.0025995261724742758,-0.004790427888181181,-0.0009958941879618655
2014-05-08,2.8940799236297607,-0.00459916972525376,-0.0017461912959243486,-0.015203591874600741,-0.005190466960908413
2014-05-09,2.8735499382019043,-0.0067966366279085255,-0.005808388428005684,-0.011088134917133674,-0.007093786615992137
2014-05-12,2.8573999404907227,-0.005585377756825105,-0.00028184925636431934,-0.007464649366083931,-0.005620225177394134
2014-05-13,2.8627400398254395,0.001956310674751105,0.0028662963532819496,-0.008434180483886111,0.0018688666080812766
2014-05-14,2.834650039672852,-0.009934537621670736,-0.0027177022590275657,-0.011785926479791042,-0.009812277664688063
2014-05-15,2.8435800075531006,0.0031150478443624507,0.0191522958632675,0.0010054347643242423,0.0031502893673884813
2014-05-16,2.876199960708618,0.011594522236780591,0.015628197882104455,0.008271261144717323,0.011471438492629993
2014-05-19,2.871799945831299,-0.0016063122484334391,0.0034420739913278986,-0.0033029785246712073,-0.001529801452411994
2014-05-20,2.873300075531006,0.0005049313411265022,0.008976935380577311,0.00020896287168925554,0.0005223656689195
2014-05-21,2.8932700157165527,0.006960630773246823,0.010990836488820488,-0.001127661018625381,0.0069501756379748425
2014-05-22,2.8659300804138184,-0.009079661620597257,-0.007005951420547163,-0.01727108472554406,-0.00944949318736965
2014-05-23,2.8415000438690186,-0.008464981146503514,-0.00409297985738144,-0.011211021230086882,-0.008524296078176619
2014-05-26,2.834120035171509,-0.002667619837533053,0.0032130920032236165,-0.0035545050538612344,-0.0025972227990751495
2014-05-27,2.843480110168457,0.003323754090652997,0.01502402465988295,0.003129679155519094,0.0033026388723094158
2014-05-28,2.8648900985717773,0.007459153710837052,0.012210369918215225,0.004339692883530866,0.007529501728096077
2014-05-29,2.852710008621216,-0.004377166862790438,-0.0019023453298957493,-0.008722876245607969,-0.004251503384591793
2014-05-30,2.8398900032043457,-0.004564094690798659,0.003761345569664787,-0.0057243826708821555,-0.004493974283445112
2014-06-02,2.8555500507354736,0.006060096234167034,0.011014525458969304,0.0022923491033184362,0.0055143148197494
2014-06-03,2.8652799129486084,0.0034073513124481813,0.0110766887825835,-0.0016844722550510838,0.0034073513124481813
2014-06-04,2.8833200931549072,0.00628914228038191,0.0107982664127666,0.004969855269513657,0.006296131880439537
2014-06-05,2.877700090408325,-0.001987345124715989,-0.0012486024541570329,-0.015898347553206404,-0.001949142850953045
2014-06-06,2.865710020065308,-0.004239537383297964,-0.002126769549730456,-0.01626651446497418,-0.004166546188388853
2014-06-09,2.8341000080108643,-0.011630612815222263,-0.00810621998510952,-0.012499522657007267,-0.0110304293990372
2014-06-10,2.8353500366210938,0.0003457536280788709,0.004375255582175441,-0.006040761744876444,0.00044106721946857164
2014-06-11,2.815589904785156,-0.006969203654123124,0.0068456785555719435,-0.00870090949453095,-0.006969203654123124
2014-06-12,2.8628900051116943,0.01683483721497403,0.021661569049844953,0.009589531764419235,0.016799357124470005
2014-06-13,2.862380027770996,-0.0004226408582865826,0.008875624581991426,-0.0010862911045300683,-0.00017813375288178168
2014-06-16,2.874190092086792,0.0039861925493343,0.01709064333817656,0.0019389136419625252,0.004125959586502859
2014-06-17,2.9091100692749023,0.012128597827316012,0.014487491608411895,0.006342642905023732,0.012149501622823022
2014-06-18,2.9127800464630127,0.0011584458942250908,0.001969644865646547,-0.0017222201642198565,0.001261546349473397
2014-06-19,2.886810064315796,-0.008922750394222412,0.00024719480956392204,-0.009338152267910016,-0.008915874777002841
2014-06-20,2.912980079650879,0.00903068748932001,0.013107855620330122,0.00591997511760467,0.009065374843524987
2014-06-23,2.912869930267334,-3.4375725368906984e-05,0.0015962613615865262,-0.004267173375771538,-3.781329790564225e-05
2014-06-24,2.9044899940490723,-0.0028734282128317634,-0.0010882784002109736,-0.005400139570722606,-0.0028768659153595166
2014-06-25,2.913690090179444,0.003164095097204056,0.005539670049548917,-0.0005818270650387314,0.003167542718074845
2014-06-26,2.904599905014038,-0.0033600629478905963,-0.001743488328439402,-0.008247345408710527,-0.0031198188153379602
2014-06-27,2.8930699825286865,-0.004069352015448002,-0.0011085323335611186,-0.00492318047407081,-0.003969538959719743
2014-06-30,2.896899938583374,0.001562333248038783,0.003978518947967524,0.000286870030405284,0.0013238380259781302
2014-07-01,2.900059938430786,0.0009630896032988279,0.006158358036748801,0.00010361731418151443,0.001090821193139746
2014-07-02,2.913640022277832,0.0046275267633710815,0.005765417573700526,0.0015654733624947959,0.004682690749624241
2014-07-03,2.907249927520752,-0.0021931654934106426,0.0013248022288754324,-0.006232789436146469,-0.0021931654934106426
2014-07-04,2.8952999114990234,-0.0041104192345510215,-0.0017301287776091412,-0.004894664459003661,-0.0041104192345510215
2014-07-07,2.899749994277954,0.0008359020033978926,0.003011832900628564,-0.00012088504984619775,0.0015370023537999433
2014-07-08,2.8958001136779785,-0.0013621452220949903,-0.00013796581654346163,-0.004327916955431554,-0.0013621452220949903
2014-07-09,2.891309976577759,-0.0014642018938789692,4.8329201063124216e-05,-0.0025554373809162367,-0.001550568728487578
2014-07-10,2.886889934539795,-0.001497563336390506,0.0032477028800037555,-0.0019057423196588985,-0.001528733367840207
2014-07-11,2.887840032577514,0.00030829597801340647,0.0032872791612232888,-0.002109510893757549,0.0003291078147289461
2014-07-14,2.8824799060821533,-0.0018491672926738145,0.0013297030277619193,-0.002541676233246526,-0.0018561022892173984
2014-07-15,2.882440090179444,3.473946271537187e-06,0.0024875109563715636,-0.0008811416578515807,-1.3813072079149613e-05
2014-07-16,2.881380081176758,-0.0003330898780216085,0.000506458734324422,-0.005738211372699253,-0.0003677471064524873
2014-07-17,2.869450092315674,-0.003980758906791837,0.0014090574201035544,-0.0044006876405416895,-0.004140373197905833
2014-07-18,2.8926498889923096,0.008081695366298547,0.009350208959509665,-0.000888715621470304,0.00808510199872936
2014-07-21,2.8755900859832764,-0.005914947044146079,-0.0046219899308089785,-0.010104879781858145,-0.005897638381316961
2014-07-22,2.8640899658203125,-0.004065301180265379,-0.0033036790428467855,-0.014150203061926603,-0.00399922096651395
2014-07-23,2.8359999656677246,-0.00953527818178912,-0.009336324793155049,-0.01859573204191778,-0.009807652862797722
2014-07-24,2.8142800331115723,-0.007658650500384834,-0.0031770368941828053,-0.008744732891323048,-0.007658650500384834
2014-07-25,2.814039945602417,7.107792597493834e-05,0.0026542818816692737,-0.0022741547614670843,-8.531045465642872e-05
2014-07-28,2.810810089111328,-0.0010376229174784424,0.004353153057895298,-0.002178355746818683,-0.0011477649761639785
2014-07-29,2.8193600177764893,0.0030133021278790917,0.008648707244614418,0.0022733148579672235,0.003041802325344678
2014-07-30,2.8331298828125,0.00493731508323747,0.01586883595640609,0.0024118722872144005,0.004884039267489593
2014-07-31,2.8560800552368164,0.008100642530914692,0.014983495761342613,0.006960527166185448,0.008100642530914692
2014-08-01,2.864949941635132,0.0030986033537276914,0.009232951462476713,-4.5495267323558686e-05,0.0031056154683242188
2014-08-04,2.8613100051879883,-0.001280991732098502,0.001619610283251971,-0.0027051203302533855,-0.0012705061244686622
2014-08-05,2.8585801124572754,-0.0008597470720437261,0.005623269131997066,-0.005441537365750926,-0.000954070941548868
2014-08-06,2.877039909362793,0.0064611834404608715,0.015213823402882243,0.0064402488991850415,0.006457680449490466
2014-08-07,2.888309955596924,0.0038407482112639,0.00811250018645615,0.0020298860214233994,0.003917236670042179
2014-08-08,2.896059989929199,0.0027005765841618956,0.01398396130241153,0.0004119873374359706,0.0026832419135824903
2014-08-11,2.864300012588501,-0.010555730999601831,-0.0026345695168402683,-0.012392734443098297,-0.010966615833629456
2014-08-12,2.875930070877075,0.004193030566238987,0.009915143029921136,0.0033167009954016002,0.004060349208344194
2014-08-13,2.891119956970215,0.00547646533375068,0.0061719250322798125,0.001310836661478465,0.00528172998605192
2014-08-14,2.881880044937134,-0.003279005950403757,0.0008232562849674885,-0.004676389276936366,-0.0031959628692695974
2014-08-15,2.8754100799560547,-0.0020889381335944535,0.012526514002379807,-0.0036712363808472093,-0.0022450500646081784
2014-08-18,2.899280071258545,0.008621312957574068,0.012158276745671603,0.0048306250634311265,0.008301421584657964
2014-08-19,2.88988995552063,-0.0032594156373335625,-0.0017728767212956686,-0.007767468045210668,-0.003238774974174463
2014-08-20,2.881500005722046,-0.002927462633889766,0.003020853674966295,-0.0045123053009233915,-0.0029032073635041344
2014-08-21,2.8945798873901367,0.0049557802418638275,0.006656276035015063,-0.0003748173386032283,0.004539261371548475
2014-08-22,2.89018988609314,-0.0015615182853643272,0.0015270064085013413,-0.005140622307620579,-0.0015166281352679833
2014-08-25,2.8758699893951416,-0.004944261975931341,-0.003722880121692862,-0.006189896583455368,-0.004954656013053782
2014-08-26,2.8735499382019043,-0.0010466518209295561,0.0006467271964414323,-0.007083076299135294,-0.0008067302074824534
2014-08-27,2.851490020751953,-0.0076768867513591355,-0.0060760626264567685,-0.01326931696234701,-0.0076768867513591355
2014-08-28,2.842289924621582,-0.002805598253380226,0.0039593592516933285,-0.0028511667542919783,-0.003226417088405209
2014-08-29,2.844330072402954,0.0009217855444834111,0.003965129009712687,-0.0013017735794739194,0.0007177831380602573
2014-09-01,2.836289882659912,-0.002826742866818388,-0.00014417453165282978,-0.0038076326164702134,-0.002826742866818388
2014-09-02,2.8346900939941406,-0.0005640427219911759,0.007393498899066042,-0.0011599441908727304,-0.0005640427219911759
2014-09-03,2.852799892425537,0.006699074952529749,0.00721768154090241,0.00011993723565018044,0.0063886343236481125
2014-09-04,2.8386900424957275,-0.00438510351836241,-0.003151223809097936,-0.020407989295901263,-0.0049459655292586335
2014-09-05,2.796910047531128,-0.014809686512106346,-0.010064479152222305,-0.01577841499256405,-0.014718054574168082
2014-09-08,2.7945001125335693,-0.0008402458049298067,0.004279738346586903,-0.0019342616982512828,-0.000861641939355895
2014-09-09,2.799880027770996,0.0021076730509719255,0.015984922083753572,0.0007156396353444894,0.0019251798249344532
2014-09-10,2.842400074005127,0.015089902983323356,0.022129513159055536,0.011364793672236084,0.015186381492203305
2014-09-11,2.833479881286621,-0.003180452092747088,0.0017942624869042856,-0.004327334004927019,-0.0031382607958972963
2014-09-12,2.84128999710083,0.0028340332379821476,0.012885296751829811,0.002572852181282448,0.002756368896701833
2014-09-15,2.8774900436401367,0.012708989351052358,0.013976061894899416,0.005001244416279915,0.012740708120693167
2014-09-16,2.8635199069976807,-0.004882729967218724,-0.0019148951683758408,-0.00758302132360178,-0.004854973060057333
2014-09-17,2.855289936065674,-0.00287407498439074,0.001459809284779956,-0.0035759624121379785,-0.00287407498439074
2014-09-18,2.859879970550537,0.0020978704494021283,0.009382634569237602,3.857730248468805e-05,0.001607554604835748
2014-09-19,2.874880075454712,0.004877865373883461,0.007874479187768957,-0.0008741825692697436,0.005245012048980202
2014-09-22,2.869679927825928,-0.0019061842222349856,0.0042261974315898065,-0.002706225953446606,-0.001808822452519565
2014-09-23,2.87814998626709,0.003209455389566962,0.004955256220552595,0.0009478818674490963,0.0029515690440009568
2014-09-24,2.873960018157959,-0.0011778655707384011,-0.00018414763089891206,-0.0066744611175961754,-0.0014557851846230818
2014-09-25,2.8594799041748047,-0.005132292628117763,0.004676437263434252,-0.006475386050178722,-0.005038383934246604
2014-09-26,2.8826498985290527,0.008092447860212681,0.009893419184080043,0.003913360605820149,0.008102870147966401
2014-09-29,2.868799924850464,-0.0044576373099677324,0.008794024503110176,-0.0051063998722986614,-0.004804597910296415
2014-09-30,2.8929600715637207,0.008400748000082059,0.008487927690555175,-0.00034855254703902716,0.008421691071577975
2014-10-01,2.8764901161193848,-0.005658584168029668,-0.0019081166782073389,-0.007034310497633367,-0.0056931153686589075
2014-10-02,2.884769916534424,0.0027185530491242726,0.005322392923456931,-0.0026039227595746617,0.0028784386807521045
2014-10-03,2.872080087661743,-0.004426674530286223,-0.00015595554300051884,-0.005778619825676956,-0.004398905021834598
2014-10-06,2.86939001083374,-0.0009331436331437848,-0.00031337222801508524,-0.006577164237844935,-0.0009366301585946868
2014-10-07,2.866070032119751,-0.0010594848698313175,0.0005227213015537302,-0.0028891340607724025,-0.0011570329238805854
2014-10-08,2.8794798851013184,0.0047382247100926644,0.013164360304725786,0.0023690707617536333,0.004678829488213632
2014-10-09,2.883810043334961,0.001465545521582623,0.005000904995059452,-0.0013196533628805351,0.0015037987436714584
2014-10-10,2.880229949951172,-0.0012240839129943337,0.0032803729231249967,-0.0018170279778325638,-0.001241445632684246
2014-10-13,2.8877899646759038,0.0027671730449581045,0.004961442184799436,-0.0016074585946348474,0.002624795539279745
2014-10-14,2.888799905776977,0.00010039407149875501,0.0034524497433139345,-0.004931115714157386,0.00034972803196464675
2014-10-15,2.870879888534546,-0.005677049611253371,0.004597117733207812,-0.007373248308814917,-0.006203273963902856
2014-10-16,2.910929918289185,0.01396787717117598,0.01786561515605034,0.006973474636508659,0.013950437256043724
2014-10-17,2.8947999477386475,-0.0053007025367907135,-0.0028238252319437995,-0.01631777350508734,-0.005541174471152321
2014-10-20,2.8619399070739746,-0.011413585494121858,-0.005513326790027473,-0.013714257287979592,-0.011351402949396294
2014-10-21,2.8701000213623047,0.002781358574576842,0.007135046550913682,-0.00526914457249783,0.002851252840131435
2014-10-22,2.85260009765625,-0.005856917951645446,-0.0038674797758313506,-0.011278384113336593,-0.006097321896728958
2014-10-23,2.838670015335083,-0.0052899068190085385,-0.0028991183377196084,-0.008798987552688486,-0.004883293081498596
2014-10-24,2.827929973602295,-0.0038186682703067465,1.0582681609472289e-05,-0.0046113615165822575,-0.0037834766544784237
2014-10-27,2.8284499645233154,0.0004491114641202998,0.005558881994887965,0.0001909587884798558,0.00018387687314547208
2014-10-28,2.831239938735962,0.001007638717434478,0.0026693069487200294,-0.007162883357262673,0.0009863968773147214
2014-10-29,2.8106300830841064,-0.007113467268138884,-0.006618986430492524,-0.012453893998702004,-0.007279445083364089
2014-10-30,2.797679901123047,-0.003995542487227333,-0.0031096894407725006,-0.011645112153338855,-0.0046075725293772685
2014-10-31,2.771379947662353,-0.009364837502300993,-0.0037674104677560827,-0.01436188888661638,-0.009400629947027395
2014-11-03,2.784310102462769,0.004647535575072581,0.00954765180002437,0.0010969536330405205,0.004665601629730398
2014-11-04,2.7901999950408936,0.0019717007087451943,0.004406827294139992,-0.0025536375634589437,0.0021153867067158494
2014-11-05,2.7877800464630127,-0.0009677049720895337,0.005892020189444569,-0.001311720885346368,-0.0008673029109675934
2014-11-06,2.80066990852356,0.005029079013344706,0.010079709756356747,-0.0033754968977910416,0.004623701241029066
2014-11-07,2.8077900409698486,0.0021673875259100583,0.009861953759391362,-7.150846511372322e-06,0.0025422961929997268
2014-11-10,2.8108699321746826,0.001029233509316052,0.0017487034808063573,-0.002172505514054235,0.0010969093699648713
2014-11-11,2.8071999549865723,-0.001551107187893641,0.00246546905618783,-0.0017076004761128472,-0.0013056374989471875
2014-11-12,2.8134100437164307,0.002742934794148333,0.005197358642801131,-0.0007124020638257234,0.0022122003524640554
2014-11-13,2.7980799674987797,-0.005157497307059278,-0.002207317324301239,-0.00699507817472711,-0.005448930649796235
2014-11-14,2.7968099117279053,-0.0004610600649388452,0.00038241315310361124,-0.006354380769322043,-0.000453902599506395
2014-11-17,2.790750026702881,-0.0018878715463079843,0.0018557335722739765,-0.00810209407458451,-0.0021667132255265287
2014-11-18,2.775279998779297,-0.005417908915090641,-0.0015300821323483982,-0.006181155915113035,-0.005543322682275864
2014-11-19,2.782999992370605,0.0030015374084393365,0.012557249049171215,0.001740322986352405,0.002781698997832205
2014-11-20,2.799299955368042,0.0057492031867731885,0.010815705093607741,0.0014193744266561836,0.005856975581071566
2014-11-21,2.7853400707244877,-0.004972696375088792,-0.002847089054148655,-0.016004016654295627,-0.004986919896449171
2014-11-24,2.746880054473877,-0.013240758898539817,-0.004717543573272587,-0.013520834426486883,-0.013808014559818949
2014-11-25,2.7723000049591064,0.009290484973418778,0.01183890636866658,0.0058684604535097495,0.009254117391776173
2014-11-26,2.7690999507904053,-0.0013778965002099186,0.001269708146866888,-0.0023735217519220697,-0.0011542957699299805
2014-11-27,2.7626700401306152,-0.0018200608259696383,0.0006139767136568164,-0.004535730370976765,-0.0023220218749975263
2014-11-28,2.7474799156188965,-0.005237722997187166,0.0006443162179035067,-0.005907325131491059,-0.005498349166229266
2014-12-01,2.75979995727539,0.004411318313822132,0.009627061153445915,0.0038654030288363117,0.004484124373924203
2014-12-02,2.75927996635437,0.0003986025585205333,0.0026668532686449087,-0.00048188233017476545,-0.0001884161638778803
2014-12-03,2.7616798877716064,0.0008697636508436801,0.0027543667691181106,-0.002040393289392428,0.0008697636508436801
2014-12-04,2.757309913635254,-0.0014483751427158964,0.006166536810458201,-0.0038309380078690447,-0.0015823608506193576
2014-12-05,2.766900062561035,0.00357959483946213,0.009607180149478589,-7.972333064365511e-05,0.003478081618013551
2014-12-08,2.7775800228118896,0.00371531086872956,0.01039790714867972,0.0029563420598661683,0.0038599009755955205
2014-12-09,2.7923600673675537,0.005594756744948359,0.013180498050860967,0.004550723754432884,0.00532119486541438
2014-12-10,2.806869983673096,0.004766561358783283,0.008340585862013139,0.001332222564416119,0.005196291293200428
2014-12-11,2.825079917907715,0.0070292144665538014,0.008197748959344109,0.0008301292140757699,0.006487630114875964
2014-12-12,2.8238799571990967,-0.0010972851938908512,0.018024272265808605,-0.002127308712690845,-0.0004247528365523001
2014-12-15,2.870300054550171,0.01650924658468167,0.035879722169758654,0.011965845593260749,0.016438410291744976
2014-12-16,2.9305999279022217,0.02145069433605773,0.05354836496423965,0.016576665447564087,0.021008212453767605
2014-12-17,2.9494199752807617,0.006517501425947536,0.012502616576038683,-0.011963396491017964,0.006421909452516639
2014-12-18,2.883080005645752,-0.022492547752103298,-0.019908956310216608,-0.036729259405482106,-0.022492547752103298
2014-12-19,2.8546900749206543,-0.010613673881212815,-0.007089675480218549,-0.01564298375011186,-0.009847083906621923
2014-12-22,2.8274800777435303,-0.009815476557359704,-0.003114226674076348,-0.009882040563453875,-0.00953168171080021
2014-12-23,2.829279899597168,0.0006365462546686906,0.00493721768490607,-0.0004880553347491601,0.0006365462546686906
2014-12-24,2.8268699645996094,-0.0007103816847927602,0.004354479618028595,-0.0018662055505836994,-0.0008517838754312779
2014-12-25,2.825269937515259,-0.0005660066095672933,0.0008879328841489009,-0.00597482345924083,-0.0005660066095672933
2014-12-26,2.825380086898804,0.001564467160915406,0.0037943328634897355,-0.0017520614485637687,3.898720687978141e-05
2014-12-29,2.8178799152374268,-0.0026545708650511646,0.005238174278340502,-0.003893336848233564,-0.0026545708650511646
2014-12-30,2.816279888153076,-0.0009155562061062827,0.01272590128897888,-0.0021079537306102347,-0.0005678123740116003
2014-12-31,2.825269937515259,0.00319217184343068,0.007034172924673454,0.0024145947786440303,0.00319217184343068
2015-01-01,2.824870109558105,-0.00014151849769983293,-0.00014151849769983293,-0.00014151849769983293,-0.00014151849769983293
2015-01-02,2.8198699951171875,-0.0017700333987036299,0.00556836369983249,-0.005310015796273437,-0.0017700333987036299
2015-01-05,2.7972800731658936,-0.007940042910558609,-0.003039131534661288,-0.0156638082173991,-0.008010979935390683
2015-01-06,2.7820799350738525,-0.005390942177308067,-0.0040039571646388605,-0.013684725598486214,-0.005433899250151919
2015-01-07,2.7584800720214844,-0.007907693697317697,-0.005553399299624839,-0.011768129767966817,-0.008482812716789079
2015-01-08,2.744580030441284,-0.005155012522143676,-0.003871682945683852,-0.016994868756041503,-0.005039021931383392
2015-01-09,2.709460020065308,-0.012869015722658306,-0.006044683785568328,-0.018498292548830952,-0.012796132736683008
2015-01-12,2.7206599712371826,0.0042074746537377194,0.004702005816636712,-0.004458436019678991,0.00413364695877827
2015-01-13,2.7014598846435547,-0.006910095497654756,-0.004190154036249227,-0.01385322849550119,-0.0070571430449271055
2015-01-14,2.688250064849853,-0.005019440912264916,0.0074367579039822385,-0.005556210607176371,-0.004889881900076665
2015-01-15,2.6907498836517334,0.0009634300985037481,0.0012312712931534797,-0.015686802471020944,0.0009299056046037091
2015-01-16,2.682650089263916,-0.0032444244429493674,0.0025457602870433416,-0.0072396138057456705,-0.0030102368254402156
2015-01-19,2.6951000690460205,0.004640925714437971,0.0161556544034982,-0.001330803378999934,0.004640925714437971
2015-01-20,2.7044498920440674,0.003951585928925194,0.014288837055046244,-0.0014470895391739402,0.0034691932612938015
2015-01-21,2.70878005027771,0.0015530774374443723,0.009155284381905382,-0.0004732315197933934,0.001601123484070044
2015-01-22,2.72790002822876,0.007187728816584693,0.012596018799365893,-0.020621845087161916,0.007058519922682471
2015-01-23,2.637860059738159,-0.032809102050212924,-0.02827452563189814,-0.04437483710817025,-0.03300706314705548
2015-01-26,2.6295599937438965,-0.0022291240942347024,0.011539601411317602,-0.002259402510143893,-0.0031465149046180363
2015-01-27,2.6509499549865723,0.008153466433660661,0.025076401913688207,0.003989237997333195,0.008134426023199914
2015-01-28,2.687000036239624,0.01356115583480011,0.02046814025500754,0.008581881824534676,0.013598929389534442
2015-01-29,2.695199966430664,0.002541859673764968,0.01914030005958267,0.002102732940582941,0.0030517045331028836
2015-01-30,2.736870050430298,0.015553557135891571,0.026940539014239206,0.011449965712732935,0.015460850593145059
2015-02-02,2.757859945297241,0.007669306353673244,0.010241596478520076,-0.0017684930176278257,0.007669306353673244
2015-02-03,2.7569000720977783,-0.0006200235266595744,0.003292470163529071,-0.010935997786173712,-0.0003480500164990685
2015-02-04,2.750849962234497,-0.002027625905701269,0.014291363944667346,-0.0038231376797425165,-0.0021945336084225886
2015-02-05,2.785670042037964,0.012621533154080655,0.018252540041728604,0.009506148475359577,0.012657934922478464
2015-02-06,2.792449951171875,0.0023620442646650197,0.006777504211547658,-0.0009728732935881945,0.0024338521905311605
2015-02-09,2.796799898147583,0.0015219787875806468,0.014166799859020918,0.0013608672666469701,0.0015577528878834013
2015-02-10,2.8030500411987305,0.002252649879217916,0.013029224605091594,-0.00046476621159874387,0.00223474802587309
2015-02-11,2.8239998817443848,0.006632051935026029,0.010502818613566722,0.0025008412121483303,0.007473944538177069
2015-02-12,2.8298499584198,0.0020715569831404324,0.005807400668348839,-0.0037499428014893255,0.0020715569831404324
2015-02-13,2.8132998943328857,-0.005813003701749975,-0.00022966908358412752,-0.008579985375656851,-0.005848389253879649
2015-02-16,2.799530029296875,-0.005029646600990589,-0.00035542869879112704,-0.008335370791201724,-0.004894559966304612
2015-02-17,2.780849933624268,-0.006744035128358861,0.000885873712323404,-0.007583409412983078,-0.006672582711069741
2015-02-18,2.7948501110076904,0.005483923238963628,0.01060106844037012,0.001780048063526607,0.00503449582594917
2015-02-19,2.7828500270843506,-0.004293641321256092,0.0010125015664386172,-0.0047766461126603765,-0.004293641321256092
2015-02-20,2.787050008773804,0.0015092375257657054,0.004488216749674923,-0.002310548752972763,0.0015092375257657054
2015-02-23,2.793450117111206,0.0022963736988048655,0.009275060555264725,-0.0005310642200188065,0.0022963736988048655
2015-02-24,2.802510023117065,0.002584542808954815,0.006067726765636827,0.0015929564423198261,0.0032432675100810826
2015-02-25,2.793800115585327,-0.0031436259860943006,0.008831366908164107,-0.00428547887593389,-0.0031078952295950923
2015-02-26,2.827749967575073,0.01230222066868314,0.014746911324045708,0.0014674800331488935,0.012151854314972343
2015-02-27,2.8048300743103027,-0.008137217134300823,0.0033454062381987892,-0.010732904327435122,-0.008105346486636189
2015-03-02,2.7970099449157715,-0.0028165697775730525,0.006406750587157228,-0.0028165697775730525,-0.0027880938193570737
2015-03-03,2.8173398971557617,0.007718955189911503,0.014637075704662106,0.003964962737107225,0.0072684590474711985
2015-03-04,2.8331000804901123,0.00492308395349661,0.010598657163796155,0.003677228483563111,0.005593994303016547
2015-03-05,2.837369918823242,0.0025272486483289835,0.0168260513883709,0.00013759287203307657,0.0015071258380647823
2015-03-06,2.875040054321289,0.013473809138080828,0.01602893320041221,-0.004123507074150989,0.013276427316770256
2015-03-09,2.843100070953369,-0.010431144346796928,-0.006393011837338314,-0.01945368988867191,-0.011109404656784894
2015-03-10,2.820499897003174,-0.008107371965008103,-0.00045728130540434453,-0.010340863673817924,-0.007949130662367687
2015-03-11,2.8220999240875244,0.000531866603257436,0.002588242772590732,-0.022223013053047858,0.0005672849291895599
2015-03-12,2.7544500827789307,-0.023291115927562833,-0.01974765866798689,-0.02936466063939036,-0.02397145499037112
2015-03-13,2.7486701011657715,-0.002087596114637269,0.01617380626903775,-0.004893966511385184,-0.0020984158142114406
2015-03-16,2.75639009475708,0.004412964518814677,0.013933938070345375,-0.00017105051558896633,0.0028086286484632073
2015-03-17,2.7736799716949463,0.0057574781998104285,0.01099986869804681,0.003943556421521777,0.0062726523980598525
2015-03-18,2.765929937362671,-0.002689524024990786,0.00532867695858652,-0.004304751291876685,-0.002794134295002859
2015-03-19,2.789900064468384,0.007852755299883496,0.013908533730834227,-0.0012400493709632254,0.008666209068393327
2015-03-20,2.77839994430542,-0.0037456985910324647,0.002591506234698171,-0.008996735428535185,-0.004122054517087248
2015-03-23,2.7886500358581543,0.00368560256898931,0.00711205450332586,-7.559990368521952e-05,0.0036892066506633014
2015-03-24,2.779520034790039,-0.0032058456047246997,0.010033475125692082,-0.005755508981104218,-0.00327398596120565
2015-03-25,2.785399913787842,0.0029357139965235923,0.017312349332895938,0.0028530250763585396,0.0021154296152596785
2015-03-26,2.8352599143981934,0.018525160119813755,0.03231139347078549,0.016012066955786608,0.017900481853087902
2015-03-27,2.8334999084472656,-0.00012697673769346274,0.002063329942241454,-0.0035834349007082267,-0.000620756475267048
2015-03-30,2.8414299488067627,0.0027598834117543714,0.004672701387346212,-0.006034888965178231,0.002798673236535487
2015-03-31,2.8201000690460205,-0.007689744626975026,-0.005782265063386971,-0.01926140693000844,-0.007506741374954329
2015-04-01,2.7910799980163574,-0.01029044016848668,-0.0039006262661839264,-0.01029044016848668,-0.01029044016848668
2015-04-02,2.799720048904419,0.003113532681201958,0.011586930423576725,0.0015585174838410598,0.0030955941406918264
2015-04-03,2.81345009803772,0.004975441708194639,0.011358289795592613,0.0037610885305194852,0.004904079298454933
2015-04-06,2.8233799934387207,0.0029749675118733165,0.006522200608196194,0.0010342812762038633,0.0035294371874328156
2015-04-07,2.811850070953369,-0.0041191969609479795,-9.913770463620963e-05,-0.007969185231623377,-0.0040837303204478426
2015-04-08,2.81466007232666,0.000977975290988864,0.0034709898137608164,-0.005160358610159288,0.0009993425333443273
2015-04-09,2.8031198978424072,-0.004007609986497851,-0.0031478441477476027,-0.010395627815415476,-0.004100024225914267
2015-04-10,2.7934000492095947,-0.0029537803293437914,-0.001962042289717303,-0.008033843613457936,-0.003467510840436727
2015-04-13,2.785749912261963,-0.0027887479474230092,0.0070308471848232745,-0.0038196987479653943,-0.0027386471013332025
2015-04-14,2.821249961853028,0.012851110577440705,0.027830978403294182,0.008963494718802645,0.012743444569379703
2015-04-15,2.861140012741089,0.014004434987044734,0.025644670325305485,0.011058903861852709,0.014139140957882601
2015-04-16,2.8809499740600586,0.007095043027822712,0.013896514734272225,0.0034636082806944746,0.006923800034515315
2015-04-17,2.8853600025177,0.0009372222470493963,0.009795358660264597,0.0007705497873973233,0.0015307549583816193
2015-04-20,2.8980400562286377,0.002672103309208751,0.008401037276493994,0.00015939412714027767,0.004394617552011981
2015-04-21,2.899049997329712,-0.0004106040997392535,0.0013560383442199342,-0.00905443330258393,0.0003484910772380001
2015-04-22,2.8834400177001958,-0.005739793348359612,0.009292736368946786,-0.008682184797611292,-0.0053845154943497064
2015-04-23,2.9112699031829834,0.009800790869936904,0.019674427634672975,0.007130381087386395,0.009651626290802628
2015-04-24,2.9252400398254395,0.004578751953913551,0.022096920983811774,0.001250373543772998,0.004798640149160427
2015-04-27,2.9549100399017334,0.010163214893442518,0.01639525040698997,-0.0047312220227548885,0.010142757405325442
2015-04-28,2.913209915161133,-0.01413239903755037,-0.008010381972715197,-0.015942983063051308,-0.01411214696132923
2015-04-29,2.917399883270264,0.0018536875041328393,0.01691954292403719,-0.00046681825711158975,0.0014382650859883217
2015-04-30,2.9521501064300537,0.011777669068068874,0.028724234178147068,0.011074933260937447,0.011911367844724907
2015-05-01,2.9989500045776367,0.015131299206159854,0.027827169856120326,0.013109043898849926,0.015852817932817453
2015-05-04,3.03400993347168,0.012064228921268016,0.0148651970488074,0.006618988515967095,0.011690734703988959
2015-05-05,3.024940013885498,-0.002524682607288109,0.004578108939802927,-0.010023055959816451,-0.0029894165757736735
2015-05-06,3.026979923248291,0.0004925313209409588,0.012142406418654828,-0.0011273284498986014,0.0006743635752870514
2015-05-07,3.0556399822235107,0.009402119111782126,0.020700493711678147,-0.002074657094783827,0.009468202532531
2015-05-08,3.024499893188477,-0.010187743201363508,-0.0068856157436598675,-0.01767220652040835,-0.010191020282557584
2015-05-11,3.0139000415802,-0.004337886081242082,-0.0014051285576358596,-0.01093067832748651,-0.0035046625831096634
2015-05-12,3.001039981842041,-0.004621945694610163,0.0083313998427208,-0.007206586899532463,-0.004266916473917526
2015-05-13,2.9856600761413574,-0.00565801618364703,0.0006164956765062346,-0.009743253384330908,-0.00512485864691592
2015-05-14,2.986910104751587,0.00034497170992420223,0.00483639157674931,-0.010938957096219837,0.0004186774710954744
2015-05-15,2.95524001121521,-0.01008069199184003,-0.006803076211072345,-0.01828311266379201,-0.010602961731588811
2015-05-18,2.947930097579956,-0.002426185995760499,0.00018950922435534423,-0.010855272313622044,-0.002473543132710865
2015-05-19,2.924989938735962,-0.008412703611908934,-0.00767664562661774,-0.022999203769820342,-0.007781785213572867
2015-05-20,2.8873300552368164,-0.012105999716178983,-0.008235943423932413,-0.02211627253562576,-0.012875218133372557
2015-05-21,2.865400075912476,-0.007972773679351675,0.0009247469517783546,-0.012340115967016563,-0.007595245055051936
2015-05-22,2.8786799907684326,0.004435630521604228,0.014894961949464047,-0.0029211142719236527,0.004634576151369529
2015-05-25,2.8565099239349365,-0.007590322359696922,-0.0022753740063717887,-0.00932022942740296,-0.007701469737724453
2015-05-26,2.867530107498169,0.0037773751612022455,0.008205860728143444,-0.000283530579194502,0.003857918878871436
2015-05-27,2.871890068054199,0.0011368310392039227,0.0073442960107481525,0.0002824409449408982,0.0015204585104895418
2015-05-28,2.8778998851776123,0.0026289311100005097,0.013527617599152553,0.001619100118051664,0.0020926348087846325
2015-05-29,2.9098498821258545,0.011397268463108512,0.01650165809404136,0.009190784329141222,0.011101844477911849
2015-06-01,2.915410041809082,0.0019108063674972975,0.009461035601171508,-3.359335408625874e-06,0.0019108063674972975
2015-06-02,2.927040100097656,0.00407487138656526,0.02430186301798254,0.0027749164302985907,0.003989167260107562
2015-06-03,2.9793100357055664,0.01799086674677408,0.03479617323466799,0.016603789752719367,0.017857608307507267
2015-06-04,3.024139881134033,0.015423012496986965,0.032514221200608207,0.006773375953454952,0.015047056161058503
2015-06-05,2.9921000003814697,-0.010588086150271514,-0.0029793060038180164,-0.02175823676802613,-0.010594708582246093
2015-06-08,3.0576701164245605,0.02178739909083638,0.04134551554182986,0.018829577609227544,0.0219144132999336
2015-06-09,3.102139949798584,0.014511027776032082,0.02234374373771808,0.00544858484320776,0.014543698855919551
2015-06-10,3.107419967651367,0.0017052845837752795,0.004319623884375234,-0.005538101520537575,0.0017020566248553415
2015-06-11,3.0907399654388428,-0.00480140966361664,-0.001496378859833447,-0.022684376156637875,-0.005367797847141809
2015-06-12,3.039419889450073,-0.016400582466020164,-0.005341766033455597,-0.018118636606170413,-0.016604462543804877
2015-06-15,3.0477399826049805,0.0031651400650960504,0.014864705754538354,0.00165167755168949,0.0027373951140436947
2015-06-16,3.084939956665039,0.012271390427459616,0.02102870122445588,0.0047116719606157265,0.012205757142137452
2015-06-17,3.0730700492858887,-0.003889814931028024,0.0033842185932086988,-0.004583522165553688,-0.003847694783655431
2015-06-18,3.083889961242676,0.003009995042434044,0.008678610857457247,0.0007060846168824852,0.003520880351979505
2015-06-19,3.0865399837493896,0.0009565688517740867,0.0023833431312125786,-0.009627459996975563,0.0008593116291497616
2015-06-22,3.0614399909973145,-0.008844816890491991,-0.003985049460110357,-0.01773505361200811,-0.008132080868618718
2015-06-23,3.02564001083374,-0.011759176550023676,-0.011020971745111852,-0.02381234224853801,-0.011693836975034788
2015-06-24,2.991080045700073,-0.011323235559578704,-0.004990680396461666,-0.01259899764027339,-0.011422365188826222
2015-06-25,3.002140045166016,0.0034636326542292206,0.00500155474086772,-0.007482285080888218,0.003697660810463077
2015-06-26,2.973140001296997,-0.009443301909928148,-0.004223671620967595,-0.01089225062992949,-0.009659790493689369
2015-06-29,2.9637699127197266,-0.002791683536813583,0.014483026126254295,-0.003834324772721165,-0.0031515800040303743
2015-06-30,3.032900094985962,0.023982958022845002,0.024728677256576903,0.00519276399747981,0.023325084032180365
2015-07-01,2.9859399795532227,-0.01554952261651199,-0.014388913367405887,-0.02085794996503787,-0.015483568189527341
2015-07-02,2.9707400798797607,-0.004822603749299326,0.003560061769698697,-0.005103905001141662,-0.005090490692226224
2015-07-03,2.974539995193481,0.0012791140293479941,0.007688327631037772,0.000942521970175747,0.0012791140293479941
2015-07-06,2.984499931335449,0.0038527186927030943,0.008693805167870883,-0.004938552635533666,0.003348395435281537
2015-07-07,2.9608800411224365,-0.008048234927583664,-0.0075121226403789265,-0.018297877439506727,-0.007914186884381613
2015-07-08,2.957940101623535,-0.00116854798974253,0.0071127467633629315,-0.0027492120635187467,-0.0009929275951979788
2015-07-09,2.9738800525665283,0.005557893039938699,0.008451779309233132,-0.004509894007173609,0.0053888687381613565
2015-07-10,2.95907998085022,-0.005121235606420749,0.0033155468892616113,-0.005793789113868852,-0.004976687510827915
2015-07-13,2.9693400859832764,0.0035010890495508207,0.005329345133672891,-0.014396338299004108,0.003467329440047129
2015-07-14,2.9088399410247803,-0.02104844786726523,-0.017401197898077925,-0.02606638743278933,-0.02037494635393433
2015-07-15,2.898689985275269,-0.0036543407560259977,0.0026746315476200433,-0.004400372146882825,-0.0034893483159254
2015-07-16,2.895960092544556,-0.0013626433389015702,-0.00021385119099093242,-0.005229977627053017,-0.0009417677449400363
2015-07-17,2.892839908599853,-0.0011809950441018513,6.215763389993967e-05,-0.007917976950961525,-0.001077426430265982
2015-07-20,2.8774399757385254,-0.005219784974594854,0.012575895561443895,-0.006360515764271324,-0.005323465296349972
2015-07-21,2.9188599586486816,0.014394733950801264,0.022339313297082386,0.010516322256836741,0.014394733950801264
2015-07-22,2.9354400634765625,0.005646029360136806,0.01969951446532625,0.004652530110876851,0.005680335837542794
2015-07-23,2.9568400382995605,0.00725609740249622,0.023573991433487373,0.00725609740249622,0.007290210108277018
2015-07-24,3.0026800632476807,0.015590935120674443,0.021374168412771954,0.009943003830223951,0.01550304526263191
2015-07-27,3.010139942169189,0.002551025066949819,0.026393041278758522,0.002551025066949819,0.0024844068513378836
2015-07-28,3.0704801082611084,0.018769877521911837,0.019899422135082556,0.00655121618712462,0.020045634837972504
2015-07-29,3.051539897918701,-0.006070725324410109,-0.0018662072145364528,-0.010760547382476227,-0.0061684849517339435
2015-07-30,3.0383501052856445,-0.006193567259412114,0.003421259924341502,-0.007274972603512508,-0.004322339892082971
2015-07-31,3.0518798828125,0.0015435784906250305,0.009830925933656642,0.0001974298959082077,0.004453001483706087
2015-08-03,3.035069942474365,-0.005527669518219258,0.0006652077666893241,-0.0056686013809447156,-0.005508060927563063
2015-08-04,3.0425400733947754,0.0021976423263274647,0.0034365262671518515,-0.0005007853099203707,0.0024612714243812395
2015-08-05,3.0248401165008545,-0.005948984346312303,-0.002432190104203813,-0.0071979913078079605,-0.005817493432115017
2015-08-06,3.039239883422852,0.004443174913350889,0.007233410884552871,0.0006148765765916497,0.004760505139906446
2015-08-07,3.0319700241088867,-0.0023360666283011033,0.003593019366312955,-0.005705355781245314,-0.002391999181643345
2015-08-10,3.0478498935699463,0.004881338403290636,0.010702599448738193,0.004205157126631498,0.005237475745073272
2015-08-11,3.0480499267578125,0.00015097458002655273,0.008950602290792808,-0.003307203779464807,6.563091846745195e-05
2015-08-12,3.0679399967193604,0.006722386449536266,0.019307442918145457,0.006115398959736007,0.006525506615537857
2015-08-13,3.0960400104522705,0.008996280892731745,0.025704558943035805,0.006942794663888918,0.009159244888413243
2015-08-14,3.151050090789795,0.017480414852207415,0.02544538687188469,0.0163660380203412,0.017767884184897387
2015-08-17,3.141079902648926,-0.0029958849804129217,0.008301994890917319,-0.0032084986133202875,-0.003164084306374937
2015-08-18,3.1777400970458984,0.011161819628674685,0.02157219580278591,0.009678212177877343,0.01167120720681325
2015-08-19,3.1897099018096924,0.004540902409350123,0.023164206858013348,0.003398605444851377,0.003766766443524139
2015-08-20,3.2560200691223145,0.020679049464993104,0.04791976567376599,0.01880740552103566,0.020788776833592593
2015-08-21,3.278140068054199,0.0068580798723678615,0.01909694686974306,0.003722338379779977,0.0067935695918015515
2015-08-24,3.359380006790161,0.024837237907137988,0.05969846502233245,0.024312564893193223,0.024782326883360906
2015-08-25,3.413719892501831,0.016532837823231228,0.016955541135824204,-0.007682966270106895,0.016175569778302812
2015-08-26,3.3960399627685547,-0.004768972367226287,-0.0031636704639604885,-0.02761796734067934,-0.005179080384453916
2015-08-27,3.32044005393982,-0.021648727915650756,-0.018969148044120088,-0.039752179580713976,-0.02226119529144277
2015-08-28,3.272170066833496,-0.014738993181198978,-0.0052071758789713485,-0.018488561912581747,-0.014537225886385063
2015-08-31,3.272170066833496,-4.5830529340373793e-05,0.008058886911237906,-0.004431353153300677,0.0
2015-09-01,3.2743399143218994,0.0005653403452343664,0.00936990235547075,0.00046755883430460443,0.0006631218561641283
2015-09-02,3.311039924621582,0.01162981792725959,0.017713520665446403,0.007036549909757772,0.011208369094227955
2015-09-03,3.3021600246429443,-0.002416128221132241,0.009960606323323073,-0.008051840546194455,-0.0026819066458864116
2015-09-04,3.303539991378784,0.0009508844705692354,0.012231392284753007,-9.689346693275702e-05,0.0004178982016442845
2015-09-07,3.3859200477600098,0.02500351651419286,0.029362478530138292,0.018119953513450637,0.02493690301803886
2015-09-08,3.383039951324463,-0.0010573472891534097,0.00368290059034293,-0.008399489127194126,-0.0008506096998516233
2015-09-09,3.3740499019622803,-0.0026544279438215357,0.002219881210737684,-0.014945137594014946,-0.0026573878794020622
2015-09-10,3.420180082321167,0.013814293893967156,0.020174619594085286,0.006229953509064634,0.013672050413972237
2015-09-11,3.406680107116699,-0.004371125684241028,0.011879451596431556,-0.005005620317491299,-0.00394715333097484
2015-09-14,3.4445900917053223,0.011204415923909306,0.02114370200911897,0.010270947882277559,0.011128131611015446
2015-09-15,3.455899953842163,0.003477864716897372,0.0068367482120632594,-0.010892492056498004,0.0032833695260505724
2015-09-16,3.415519952774048,-0.011539696704298885,-0.010066853649458696,-0.02584563950770935,-0.01168436633219716
2015-09-17,3.3868799209594727,-0.008437965006876769,0.0039877202758755725,-0.008563822476329142,-0.008385262627821577
2015-09-18,3.4222400188446045,0.012043556894870466,0.015182107005094592,0.0009418818094606429,0.010440316370919467
2015-09-21,3.392810106277466,-0.008590896629943945,-0.00033314952749829985,-0.019779481765079376,-0.008599605055484849
2015-09-22,3.3630499839782715,-0.008915934441269924,0.0013381139648376283,-0.013908880215329433,-0.008771526070419089
2015-09-23,3.364259958267212,-0.0001130043314544471,0.009307048081570679,-0.0016472827137258284,0.00035978480685838754
2015-09-24,3.395009994506836,0.009169901852696727,0.028276639711527496,0.005507936549557391,0.0091402081352423
2015-09-25,3.4065699577331543,0.0035640488032617768,0.00494251846808047,-0.009069219416358631,0.003404986508146468
2015-09-28,3.394629955291748,0.0007926126402293399,0.005028558550803197,-0.009053071102777865,-0.003504992584785094
2015-09-29,3.427449941635132,0.009668207367410364,0.018965227828693587,0.0019501183794758958,0.009668207367410364
2015-09-30,3.419960021972656,-0.002240715225838019,-0.0017505848557506365,-0.014541415424999538,-0.002185274705690632
2015-10-01,3.3777201175689697,-0.012312999569447092,-0.007450388835968158,-0.018462179399947543,-0.012350993617557537
2015-10-02,3.383419990539551,0.0016874911988513652,0.015338685843376831,-0.003040547575259289,0.0016874911988513652
2015-10-05,3.3636300563812256,-0.00963223971770455,-0.0015812031942291638,-0.012360289116581047,-0.005849091810552709
2015-10-06,3.339200019836426,-0.007230321162606801,4.45843578935623e-05,-0.009465989258501173,-0.007262997456706888
2015-10-07,3.331439971923828,-0.002323924253263998,-0.0008116027708876539,-0.020163548632620376,-0.002323924253263998
2015-10-08,3.306190013885498,-0.007444247048895236,0.000468257803294847,-0.01478035753340412,-0.007579292513485991
2015-10-09,3.2644100189208984,-0.01271557577085336,0.0034148289563995515,-0.01446683482407296,-0.01263690071929624
2015-10-12,3.3227999210357666,0.021391289816890646,0.02740768137255767,0.015500519722277062,0.017886816232162372
2015-10-13,3.324870109558105,0.00029798735480301985,0.014954258259390674,0.00029798735480301985,0.0006230253315080425
2015-10-14,3.370620012283325,0.013931359728819093,0.016003567024698295,0.0033685379587247155,0.013759906768598729
2015-10-15,3.342250108718872,-0.007995597494731221,-0.006897871285430401,-0.025879501931224125,-0.008416820484381637
2015-10-16,3.273969888687134,-0.02046829409291906,-0.011985950192792916,-0.021126499839889123,-0.020429416653654053
2015-10-19,3.288710117340088,0.004306720967956368,0.006585336103014594,-0.0018631629348184742,0.004502249304090267
2015-10-20,3.2906599044799805,0.0009304146413076086,0.0029919855587816624,-0.002846123453567939,0.0005928729107536057
2015-10-21,3.2929999828338623,0.0008721906664730383,0.006080845510529231,-0.0015041992379670743,0.0007111273792517192
2015-10-22,3.285490036010742,-0.002359569247927351,-0.001287590656800841,-0.028284205083999314,-0.002280579065371602
2015-10-23,3.1825098991394043,-0.03120081762835525,-0.022912853264040467,-0.034451462169594604,-0.031343920006641324
2015-10-26,3.2071399688720703,0.007742343022923981,0.008794977440765628,-0.0028688052378357254,0.007739196581706187
2015-10-27,3.1956300735473637,-0.0038195858968220753,0.005132280481603857,-0.00465524111414739,-0.0035888347363756123
2015-10-28,3.2045600414276123,0.002700574568744951,0.0046031452811678975,-0.0017617860006727826,0.0027944310432450603
2015-10-29,3.1911799907684326,-0.004574768399048357,0.008172742016735679,-0.005148911542300905,-0.0041753159517082805
2015-10-30,3.224100112915039,0.010221909528726592,0.012898083711355923,0.003672604530863044,0.010315971597289808
2015-11-02,3.138689994812012,-0.026587283041392906,-0.02179524798607635,-0.05629483890089493,-0.02649114950273801
2015-11-03,3.110879898071289,-0.008758399406895268,-0.0033835386057480266,-0.013817869410587047,-0.00886041526455017
2015-11-04,3.099790096282959,-0.0025265987613710683,-0.0004789248539390778,-0.006599414345949128,-0.0035648440800319925
2015-11-05,3.111639976501465,0.0036292841528129394,0.010516817262550937,0.000925818957898672,0.0038228008511658196
2015-11-06,3.108319997787476,-1.609051882278667e-05,0.011315619051296855,-0.0020085564781807674,-0.0010669546409804997
2015-11-09,3.133970022201538,0.008168370618963028,0.01612450304853641,0.007814538032170582,0.008252053981675056
2015-11-10,3.1408801078796387,0.0023771335680975447,0.0023771335680975447,-0.007686752419564735,0.0022048984607856426
2015-11-11,3.1288299560546875,-0.0036614323909126556,-0.0024642840497273166,-0.0161005862694501,-0.003836552625718026
2015-11-12,3.094409942626953,-0.011598562674651536,-0.0072391289240237855,-0.015779077522177443,-0.011000921721913137
2015-11-13,3.096790075302124,0.00029732883289912415,0.0016158539216277745,-0.007923940526220363,0.0007691717384898933
2015-11-16,3.0792899131774902,-0.0055476688942901475,4.84260420010596e-05,-0.005938464743570293,-0.005651065038022152
2015-11-17,3.078779935836792,-0.0001721190652022031,0.001386708258107161,-0.00979119781706883,-0.00016561524087610469
2015-11-18,3.053829908370972,-0.008113548323946285,-0.004115279557053375,-0.010049376075389915,-0.0081038684107958
2015-11-19,3.053639888763428,6.2223376299686e-05,0.003543141137529071,-0.004790653471147155,-6.2223376299686e-05
2015-11-20,3.050420045852661,-0.0012771030116272009,-0.0003765646405257117,-0.013534621695026616,-0.0010544278395809847
2015-11-23,3.0109400749206543,-0.012942470328204059,-0.006182788408262363,-0.014906143622802293,-0.012942470328204059
2015-11-24,3.032639980316162,0.006914751506833738,0.020933662886998494,0.004191372765642409,0.007207020018848986
2015-11-25,3.059269905090332,0.009124032788529801,0.016480665519165605,0.003050123217210432,0.008781103245692146
2015-11-26,3.0684800148010254,0.002353503578846672,0.014738875586563838,0.001242176679467466,0.003010558073142988
2015-11-27,3.104449987411499,0.012295983151074275,0.01594598286358706,0.004692878973014958,0.01172240732772245
2015-11-30,3.0957601070404053,-0.002760539181032584,0.0007441052754215693,-0.012575525072676785,-0.002799169065802687
2015-12-01,3.077280044555664,-0.005979178807689944,-0.005791802401606261,-0.012991969923660918,-0.0059694749740826225
2015-12-02,3.069230079650879,-0.0026094270355235816,-0.002034314895241751,-0.010951226027826055,-0.0026159351077024162
2015-12-03,3.0665700435638428,-0.0010556746825440833,0.023370648856966048,-0.008608059916956678,-0.0008666786190687503
2015-12-04,3.14697003364563,0.026283444410088563,0.035257621076203005,0.020619140209080733,0.026218214141409124
2015-12-07,3.1446499824523926,-0.0007563251793706316,0.004683867363458605,-0.007206946342581011,-0.0007372333287043453
2015-12-08,3.1539900302886963,0.0029955378540911237,0.011778733849608036,0.0023309242163040977,0.002970139089699231
2015-12-09,3.169640064239502,0.004695666490510453,0.015738775260902393,0.0038966517958216595,0.004961979524511495
2015-12-10,3.2083399295806885,0.012351560058893707,0.014806045898607012,0.00489956924830337,0.012209545739216843
2015-12-11,3.2015299797058105,-0.0021132140866373383,0.019676886393025228,-0.0046316522269524985,-0.0021225774152204835
2015-12-14,3.259660005569458,0.018097599155210142,0.03173167791042575,0.008889507818998776,0.018156951904910512
2015-12-15,3.2806999683380127,0.006196969647100037,0.012522742640892925,-0.009304633811939023,0.006454649482647179
2015-12-16,3.240010023117065,-0.012482110612355712,-0.007858067725935003,-0.01556068772863417,-0.012402824279466484
2015-12-17,3.194540023803711,-0.014206759925816548,-0.010317900021538429,-0.02386106362172724,-0.014033906990697953
2015-12-18,3.1720199584960938,-0.007143437149037646,-0.0013147375391002747,-0.016102474894901575,-0.007049548648572768
2015-12-21,3.163520097732544,-0.0027426983642122593,0.0024085987690103394,-0.0051040195977034575,-0.002679636595849022
2015-12-22,3.1769800186157227,0.004276886356793463,0.02152348014302774,0.0030693135344548317,0.0042547290573011765
2015-12-23,3.210779905319214,0.010727177487501072,0.011633654078506694,0.0011646336795940737,0.010638998830788449
2015-12-24,3.1827399730682373,-0.00879224135287282,-0.0007474574676579193,-0.00879224135287282,-0.00873305959232007
2015-12-25,3.196150064468384,0.004213379513758664,0.0056429591219187,0.0015803731394545828,0.004213379513758664
2015-12-28,3.1953399181365967,-0.0002941302624831499,0.004220690941302729,-0.0026469485756911437,-0.00025347568651223895
2015-12-29,3.1875898838043213,-0.002347147231575808,0.001505346835268595,-0.006972647157819423,-0.002425417805563157
2015-12-30,3.1763100624084477,-0.003560657698092551,0.002023527641302314,-0.003560657698092551,-0.0035386677104179975
2015-12-31,3.192800045013428,0.005512666251826559,0.00778575347853705,-0.0028240385936179058,0.005191553179942687
2016-01-01,3.1678500175476074,-0.00781446602169411,-0.00781446602169411,-0.00781446602169411,-0.00781446602169411
2016-01-04,3.165549993515014,-0.0007134080523966135,0.01847628262549228,-0.0025411445807705935,-0.0007260520604993603
2016-01-05,3.208970069885254,0.013662739180219319,0.018410699963449018,0.007227836366171303,0.013716439942250247
2016-01-06,3.209510087966919,5.9215138628720965e-05,0.009965826103935038,-0.000738591835770297,0.0001682839259651292
2016-01-07,3.236670017242432,0.00841872336556393,0.02421239102663475,0.007630410541462851,0.008462328682916853
2016-01-08,3.2784199714660645,0.013025743728922512,0.014817711628926533,-0.001133874373525856,0.01289904562442934
2016-01-11,3.320280075073242,0.012347453109625706,0.01303374594293083,-7.017829650735052e-05,0.012768377441422896
2016-01-12,3.294929981231689,-0.0076198469309500805,0.0002348799362126286,-0.0120773238249684,-0.007634926352107163
2016-01-13,3.2872700691223145,-0.0021912544036013504,-0.0015356798272175842,-0.012291589151847027,-0.0023247571732953887
2016-01-14,3.297630071640014,0.0034344105409054304,0.01192778258476146,-0.002144648062310295,0.0031515519868636765
2016-01-15,3.285830020904541,-0.005382661004999956,0.013191275446067463,-0.005382661004999956,-0.003578342773179699
2016-01-18,3.331199884414673,0.012632992714288527,0.013290382875349005,0.003694663312477253,0.013807732968987185
2016-01-19,3.3065900802612305,-0.007420735589191874,-0.003347107245779357,-0.015099629152884653,-0.007387669610755432
2016-01-20,3.314059972763061,0.0023074742206343757,0.014440857507662441,0.0022046538269520077,0.0022590923944345587
2016-01-21,3.3093700408935547,-0.00173199258282708,0.00662631945281289,-0.013883278447933023,-0.0014151620393266784
2016-01-22,3.275010108947754,-0.010282911917319448,-0.009796474249061826,-0.017933930929309172,-0.010382620112353247
2016-01-25,3.2430999279022217,-0.009477891859198895,-0.00023208430047261253,-0.010769497774815173,-0.009743536656069973
2016-01-26,3.280220031738281,0.011445871129869944,0.017174945251062113,0.004347715174224387,0.011445871129869944
2016-01-27,3.266740083694458,-0.003923539638790885,-0.0002743810254798307,-0.010035949365616359,-0.004109464582679023
2016-01-28,3.2729899883270264,0.0019131931137601477,0.0022131558702092047,-0.007484545167056211,0.0019131931137601477
2016-01-29,3.248150110244751,-0.00756495068624774,-0.006880578733187037,-0.0209258288676758,-0.007589353517995945
2016-02-01,3.198040008544922,-0.015242522807081715,-0.0032603408361984165,-0.01541185970449055,-0.015427273986439394
2016-02-02,3.2099499702453613,0.003830454453823906,0.01096294255242758,0.003746062191431365,0.0037241440596793574
2016-02-03,3.225430011749268,0.004660524532020149,0.015670063949167368,-0.0024579778848095035,0.0048225179979124455
2016-02-04,3.234639883041382,0.0028895436086688875,0.011759675953624704,0.0005549792385428631,0.002855393314554977
2016-02-05,3.2612900733947754,0.00835339232964416,0.010585415575943058,0.0023990453939810585,0.008238997637145085
2016-02-08,3.249389886856079,-0.0036949034136076753,0.009195734551214363,-0.004955097807255893,-0.00364891998898742
2016-02-09,3.2959299087524414,0.01436892069802398,0.026540383327259276,0.013821115364237357,0.014322695495735616
2016-02-10,3.3170299530029297,0.006410963089762189,0.009259966557032318,-0.011177410632363771,0.0064018485934596026
2016-02-11,3.2959699630737305,-0.005987292699181523,0.00851664875488689,-0.007365033445864144,-0.006349050273161794
2016-02-12,3.3167099952697754,0.00624400512141654,0.00816453635988812,-0.0038956764537806388,0.006292542841228821
2016-02-15,3.294239997863769,-0.0067114552280916895,-0.002276352516553115,-0.010139534148162932,-0.006774785084632806
2016-02-16,3.292799949645996,0.00040370429449332335,0.0055824530919927895,-0.0031873677177258752,-0.0004371412582893086
2016-02-17,3.317919969558716,0.007540726220917726,0.012323868706431318,-0.004455143159758701,0.007628771956043057
2016-02-18,3.2889299392700195,-0.00878864559818604,-0.002884302042954423,-0.011558406236111263,-0.008737410954656633
2016-02-19,3.2971699237823486,0.0023260261206203836,0.007449271361643417,-0.0025023247937696613,0.0025053694254606462
2016-02-22,3.283080101013184,-0.004458349509697923,-0.0037729223817229984,-0.01779398905211116,-0.0042733080474668395
2016-02-23,3.2370400428771973,-0.014053934878095142,-0.00940884382809426,-0.01845218919995284,-0.014023434311510874
2016-02-24,3.24330997467041,0.0019029794956666457,0.004843954502903092,-0.005047826749835838,0.0019369336523993308
2016-02-25,3.2361600399017334,-0.002093516428359088,0.001338118597753457,-0.008688618780501534,-0.002204517861233213
2016-02-26,3.22780990600586,-0.002558599924455396,0.0024751280791845964,-0.004400284997781334,-0.002580259873713464
2016-02-29,3.265249967575073,0.011410271334548971,0.012844634113769127,-0.005334892944640068,0.011599215151905318
2016-03-01,3.225939989089966,-0.011996027001958454,-0.011368154287142329,-0.022133042570120387,-0.012038887948998434
2016-03-02,3.192150115966797,-0.010393868759290492,-0.007789987903690454,-0.014082699971390666,-0.010474427062327707
2016-03-03,3.181770086288452,-0.003182872790848057,0.0030637437963296765,-0.006281048227599562,-0.0032517360716919352
2016-03-04,3.1865899562835693,0.0011565860098727843,0.011270400517455093,-0.0006914788272824879,0.0015148391820918317
2016-03-07,3.1942501068115234,0.0021747739539188515,0.007293090650297485,0.00020395753942215045,0.0024038707938713877
2016-03-08,3.2119600772857666,0.0054785702812492065,0.012184370161467006,0.004955717627023848,0.005544328052608627
2016-03-09,3.20415997505188,-0.0025124820580737506,-0.0019894689234368768,-0.01113967501481039,-0.0024284555368689897
2016-03-10,3.180690050125122,-0.00742468629692139,0.010099394897963299,-0.02606296897714533,-0.00732482931860412
2016-03-11,3.2320499420166016,0.01614110898005139,0.01870032946347,0.0009494946360337764,0.016147405462993536
2016-03-14,3.207119941711426,-0.007895870524188164,-0.004232602056623569,-0.011618005045661794,-0.007713371003673641
2016-03-15,3.186490058898926,-0.006292245790772255,0.007570677648428781,-0.006959525220575413,-0.006432526125446758
2016-03-16,3.2176499366760254,0.009791316314091913,0.0191369946281017,0.008570525580489097,0.009778746269764493
2016-03-17,3.220410108566284,0.0006931044186926361,0.0100508291393131,-0.0018708780700843475,0.0008578223065216495
2016-03-18,3.2173900604248047,-0.0009067636289765701,0.004620511499677349,-0.0016240752554584903,-0.000937783710666551
2016-03-21,3.2375199794769287,0.006154040189964682,0.008481989093209297,-0.0007863821028563089,0.006256598881102526
2016-03-22,3.2174301147460938,-0.006233162136962567,-0.0010965345898485968,-0.006773696985148514,-0.006205325328704436
2016-03-23,3.221440076828003,0.0013084962593219451,0.0026542659141837177,-0.00214770342529913,0.0012463245319707106
2016-03-24,3.219690084457397,-0.0006053272797151843,0.002281578356652325,-0.003116632482709991,-0.0005432329420601567
2016-03-25,3.2124099731445312,-0.0023325801691141956,-0.00035721799161281265,-0.0039010366948922792,-0.0022611217607587664
2016-03-28,3.2077200412750244,-0.0013603413552084609,0.0024374668987809933,-0.0021136538520912795,-0.0014599418843529444
2016-03-29,3.213119983673096,0.001752024077621206,0.003881255103907355,-0.0022726811565172422,0.001683420725184348
2016-03-30,3.207520008087158,-0.001624569389681807,0.0017272643762220596,-0.003796894841966325,-0.0017428467079950716
2016-03-31,3.213740110397339,0.0018144971566114165,0.004261849533876871,-9.975237328141429e-05,0.0019392247887770608
2016-04-01,3.205729961395264,-0.002644924259627812,0.004490035649205026,-0.003124099783944456,-0.002492469436517153
2016-04-04,3.2159900665283203,0.003590487621195626,0.004831989990038421,-0.003347140364809764,0.0032005519044375763
2016-04-05,3.2013399600982666,-0.004555395423179509,0.0028824569051155713,-0.004617594989635876,-0.004555395423179509
2016-04-06,3.2220399379730225,0.00630047843241055,0.0158527422262833,0.0026207619006906047,0.006466035514116619
2016-04-07,3.239419937133789,0.005207923656682878,0.012240740583156384,0.0028242853913453825,0.005394097992373226
2016-04-08,3.257159948348999,0.005198455713031347,0.006840747319960316,-0.0015218833847840951,0.005476292533689309
2016-04-11,3.249150037765503,-0.0030640077432092516,-9.515779321467299e-05,-0.013177085212852213,-0.0024591701698764012
2016-04-12,3.2281301021575928,-0.0066386491910764844,-0.0025329611856480527,-0.008417570307668987,-0.006469364407180711
2016-04-13,3.226639986038208,-0.000576228867884554,0.0022799519548317715,-0.006173891278271615,-0.0004616034893973886
2016-04-14,3.2097599506378174,-0.005160154694543784,0.0006012483532540358,-0.005755196231812643,-0.0052314591877095085
2016-04-15,3.21252989768982,0.0005826464792486608,0.006956920780208264,-0.0005264913621769729,0.0008629763890761755
2016-04-18,3.2224700450897217,0.0033151934044646225,0.0068886557376852675,0.0011112985457453206,0.003094180510833544
2016-04-19,3.210390090942383,-0.0037642000947172294,-0.00016136408213096587,-0.006113338550352787,-0.003748662975392336
2016-04-20,3.2148900032043457,0.0013798376752423014,0.00473147675604757,-0.008500557579185442,0.0014016714899098837
2016-04-21,3.178679943084717,-0.011011236388354773,-0.000357677185179206,-0.011972433567933205,-0.01126323453789635
2016-04-22,3.1971099376678467,0.005807453299680798,0.007616361706675789,0.0008273860197189897,0.005798002602692032
2016-04-25,3.1971099376678467,-9.068095806519239e-05,0.004647995686092088,-0.00016890819902770637,0.0
2016-04-26,3.2046000957489014,0.0022802234002958777,0.003565715468657693,-0.0024146788011112363,0.0023427902784345367
2016-04-27,3.1867899894714355,-0.005897820463211745,0.0011826442052553787,-0.005897820463211745,-0.005557668896375545
2016-04-28,3.193690061569214,0.00203338738442449,0.0077130912022012055,-0.0012740186824152788,0.002165210798507289
2016-04-29,3.193289995193481,-7.831100847488504e-05,0.004192587747335663,-0.001374585890416724,-0.0001252677523555512
2016-05-02,3.2026400566101074,0.0023142346260300872,0.011693246094841125,0.0023142346260300872,0.0029280339182160553
2016-05-03,3.232150077819824,0.00915182084273125,0.025588248387571788,0.008058977226419461,0.009214279684290227
2016-05-04,3.272589921951294,0.012620033607197101,0.02856301939569006,0.011617645106228647,0.012511747028389086
2016-05-05,3.396739959716797,0.038031035017098924,0.03817776131943518,0.012580286935159446,0.03793632588450868
2016-05-06,3.339200019836426,-0.016980955937266562,-0.011369723786688546,-0.021644266566340997,-0.016939754165099075
2016-05-09,3.330480098724365,-0.0029109029089751104,0.006633337188928445,-0.004692759049581441,-0.002611380288769949
2016-05-10,3.350529909133911,0.0058039038600059545,0.008227047144092836,0.0029694941229345684,0.006020096146866605
2016-05-11,3.354609966278076,0.001208768915077485,0.011550442708857744,0.0008118469742814938,0.001217734882187571
2016-05-12,3.3754398822784424,0.006072242903361946,0.008394446894846475,0.00042330436962978446,0.006209340641611716
2016-05-13,3.369729995727539,-0.0019374724044385339,-0.0007998518960212753,-0.008004875960445634,-0.0016915977620816092
2016-05-16,3.3632900714874268,-0.0017627407796076966,0.003884553143726599,-0.004736278017488993,-0.0019111098658579628
2016-05-17,3.366889953613281,0.0012189985993140695,0.0020723543296319313,-0.002643290286765798,0.0010703454205072127
2016-05-18,3.358629941940308,-0.0027413721802380664,0.00018120970757196098,-0.006917338915262583,-0.002453306103488262
2016-05-19,3.353440046310425,-0.0015452418752882613,0.001030232237047679,-0.002667757024770623,-0.0015452418752882613
2016-05-20,3.348939895629883,-0.001863800445164987,0.0002474876730733655,-0.005958047106836228,-0.0013419505398623022
2016-05-23,3.339430093765259,-0.0028396454284036476,0.002499346455109963,-0.00314128700786942,-0.0028396454284036476
2016-05-24,3.3587899208068848,0.005890229488487053,0.00954950832055057,-0.017446151221015005,0.005797344606126353
2016-05-25,3.282979965209961,-0.022585521954975762,-0.019876153712158895,-0.026899542625079653,-0.02257061542530525
2016-05-26,3.281790018081665,-0.0006518605622617413,0.003536430697403503,-0.0020956707046775325,-0.0003624594547959603
2016-05-27,3.287339925765991,0.0019684231365091343,0.0038911500872695903,0.0005606319005144744,0.0016911221174260582
2016-05-30,3.288100004196167,0.00018559478414115205,0.0030997737687337157,-0.0006205349640918678,0.00023121382252511147
2016-05-31,3.293299913406372,0.0015936144049168988,0.0025637918886636246,-0.001815638579448442,0.00158143280422407
2016-06-01,3.2816998958587646,-0.0035920970968068566,0.0019433724548889586,-0.0055293883683323886,-0.003522308278206321
2016-06-02,3.2941699028015137,0.004043678616365787,0.007934935562612822,0.002285453240511659,0.0037998620649271064
2016-06-03,3.2882299423217773,-0.001681726889463886,0.004508006586208868,-0.0028929379195541394,-0.0018031736841153112
2016-06-06,3.299779891967773,0.003743664005285474,0.006094475021309664,0.002816086270167384,0.003512512764797915
2016-06-07,3.3015999794006348,0.0006879918614364211,0.0020001762970114356,-0.003927521697537739,0.0005515784362746246
2016-06-08,3.289530038833618,-0.003640620529561489,-0.001332691696381172,-0.007120783679043674,-0.0036557852684526715
2016-06-09,3.299479961395264,0.0028088851367831236,0.003997524441214484,-0.0037847290145187618,0.0030247246397463456
2016-06-10,3.274630069732666,-0.007513319944140728,0.000530384300277742,-0.008761963092478897,-0.007531457063945868
2016-06-13,3.293100118637085,0.005713591335989365,0.007903140010691034,0.0027453633450926773,0.005640346699047782
2016-06-14,3.2985401153564453,0.0016701101043326005,0.0028544200179216883,-0.004190623940479532,0.0016519378468249357
2016-06-15,3.290560007095337,-0.0022677136669971842,-0.0013794643760642877,-0.005984497379126097,-0.002419284890293416
2016-06-16,3.2931699752807617,0.0008296134168124247,0.008658120948071835,-0.0037987599851582177,0.00079316839072896
2016-06-17,3.2981200218200684,0.0023078277474495312,0.003871622312336731,-0.0004767401486009959,0.0015031251276012014
2016-06-20,3.305030107498169,0.0024438099377170897,0.0035474497152456763,-0.005648680959983721,0.002095158948850928
2016-06-21,3.2849600315093994,-0.006021150456911872,-0.003210289547168288,-0.010117945065541423,-0.006072584919343482
2016-06-22,3.276370048522949,-0.002611894611754373,0.0005692358196012215,-0.005050325802770983,-0.0026149429229137544
2016-06-23,3.2737998962402344,-0.0004273002975092588,0.002426486447623777,-0.007621255919404435,-0.0007844511592558501
2016-06-24,3.2440099716186523,-0.008711549195007717,0.013394277254788145,-0.013714931246191053,-0.009099494644066008
2016-06-27,3.247720003128052,0.0009463953779276224,0.0038101288485299367,-0.0062299523958053715,0.0011436560127306983
2016-06-28,3.23363995552063,-0.004218346525913352,-0.0021338393802641242,-0.014348559399644412,-0.004335363760995747
2016-06-29,3.2177700996398926,-0.004654177519520353,-0.004310887320374324,-0.010529925489953462,-0.004907737441097404
2016-06-30,3.2183899879455566,0.0009384790178883495,0.002548326927382938,-0.007930984967294052,0.00019264530605633823
2016-07-01,3.20032000541687,-0.005847659062149235,0.004362427592280227,-0.008367566971723472,-0.00561460313895068
2016-07-04,3.228709936141968,0.009033447154404906,0.012267495287047847,0.00422457827411904,0.008870966239952649
2016-07-05,3.2383999824523926,0.0028277551247060106,0.010598654235492555,0.002022493996724606,0.0030012130238008528
2016-07-06,3.235790014266968,0.0003304170543496632,0.00905694643695143,-0.0006824054538250302,-0.0008059437375144141
2016-07-07,3.2614400386810303,0.007957846981779149,0.007957846981779149,0.001245442140801467,0.007926974340414006
2016-07-08,3.246789932250977,-0.004430580685466534,-0.0018304801406429094,-0.019178665607756273,-0.004491913466536657
2016-07-11,3.1944398880004883,-0.016006580690414496,-0.010040663755622847,-0.017309412878109498,-0.016123631446089526
2016-07-12,3.210860013961792,0.0052185133028799235,0.006714805561120141,0.0017969240028623545,0.005140220676239204
2016-07-13,3.1934499740600586,-0.00532882444417504,0.006079381923192795,-0.00561217697087979,-0.005422235733114844
2016-07-14,3.218440055847168,0.0076781914695058795,0.011695795972913814,0.0017160284598671804,0.007825418274937768
2016-07-15,3.2020299434661865,-0.00474453290126553,0.00023297821872181323,-0.006049507241807528,-0.005098778320002606
2016-07-18,3.279370069503784,0.024403275968711613,0.03171116149639985,0.010964918322296402,0.024153467457545874
2016-07-19,3.299649953842163,0.006083458896702476,0.02351971238869699,0.0014423459660080074,0.006184079231243089
2016-07-20,3.352679967880249,0.016144167500317108,0.027527188923776258,0.005955171829518546,0.016071405991516352
2016-07-21,3.3973701000213623,0.013180479611985652,0.016067731846866495,0.005732761235312411,0.013329674340903042
2016-07-22,3.3815200328826904,-0.004727219417972606,-0.0011862084859487476,-0.013454550277646304,-0.004665393134110518
2016-07-25,3.3534200191497803,-0.008135373288379433,-0.006668630033032974,-0.018686857612389085,-0.00830987646373793
2016-07-26,3.3363900184631348,-0.005096314231735288,0.0011391184082372163,-0.008773174024545471,-0.00507839775196528
2016-07-27,3.33978009223938,0.0011629407637678835,0.004046282098244092,-0.0020801304345899885,0.0010160903723739345
2016-07-28,3.338170051574707,-5.9894119475378815e-05,0.005871622558823786,-0.002958298344530874,-0.0004820798436442342
2016-07-29,3.3371500968933105,-0.0002246934213252505,0.0050206766514537815,-0.0013180918914670325,-0.000305543056716151
2016-08-01,3.3353700637817383,-0.000593340497714423,0.0031433829281686254,-0.004542823466305856,-0.0005333991759104428
2016-08-02,3.3382999897003174,0.0008514923561548926,0.008005114672688718,0.0005066636853949813,0.0008784410312949742
2016-08-03,3.3575799465179443,0.005748456721239137,0.012644190819138368,0.004822792996208802,0.005775381744334451
2016-08-04,3.360970020294189,0.000899471699731702,0.004455605174316313,-0.0016112664670886456,0.0010096777530972378
2016-08-05,3.3521299362182617,-0.002639156185069935,-0.002154156968928511,-0.009410985228698654,-0.002630218068756629
2016-08-08,3.321510076522827,-0.009194122384787562,-0.007786070578836846,-0.01552142938631218,-0.009134448925920413
2016-08-09,3.303730010986328,-0.005100125091313412,-0.003630928441408998,-0.007562831162329919,-0.005353006652658476
2016-08-10,3.299880027770996,-0.0010957037271390746,0.001437772861476283,-0.002306512996317789,-0.0011653443842351008
2016-08-11,3.3079400062561035,0.002460713692226557,0.00395167874457214,-0.0002364042281098877,0.002442506520623944
2016-08-12,3.2967000007629395,-0.003210492683487276,-0.0003325523806037012,-0.004625245756497587,-0.003397886742778411
2016-08-15,3.3033699989318848,0.0019170684907217073,0.0023872232461983334,-0.001674433633834127,0.002023234800679896
2016-08-16,3.2903800010681152,-0.00429256940537992,0.002482292384350382,-0.005258262194686281,-0.003932347229638089
2016-08-17,3.301909923553467,0.003665207964666628,0.006552420596580566,0.003367400307256352,0.00350413097624247
2016-08-18,3.2997701168060303,-0.0007086322732827721,0.006681028973918757,-0.0015021069065724868,-0.0006480512179246611
2016-08-19,3.322279930114746,0.0067277017398326144,0.011012887855476938,0.004118425989609209,0.006821630753630847
2016-08-22,3.311530113220215,-0.0019595035455496346,0.0037354359477366206,-0.002699959783710404,-0.003235674633281116
2016-08-23,3.3291499614715576,0.00516373300126638,0.007513122802127015,0.003478726906042562,0.005320757368625806
2016-08-24,3.333169937133789,0.0011294472927103616,0.006848585670020224,-0.003937918856398603,0.0012075081353362105
2016-08-25,3.32463002204895,-0.0027090923760872965,-0.001497032115412411,-0.006111301537417457,-0.0025621001166782342
2016-08-26,3.312269926071167,-0.003744771508268907,2.1083567732560482e-05,-0.007275982252225588,-0.0037177357768566344
2016-08-29,3.307310104370117,-0.001826503147307812,-0.0005584960756634949,-0.004622150664087665,-0.0014974086689042432
2016-08-30,3.3034300804138184,-0.0014331887913549002,-0.00014518596779800053,-0.0031778714093506633,-0.0011731660575680092
2016-08-31,3.3039300441741943,0.0002421405367798446,0.0010836781400143103,-0.0037234069426130834,0.0001513468571168186
2016-09-01,3.302030086517334,-0.000635603907058857,0.006670810215297918,-0.003822715868817106,-0.0005750598927511952
2016-09-02,3.315959930419922,0.004179218667123674,0.005678310561991307,-0.0019019159812494468,0.004218569648855031
2016-09-05,3.2914299964904785,-0.0074065957326870935,-0.005928900362262568,-0.009975953657080372,-0.00739753629240536
2016-09-06,3.285059928894043,-0.002068994291885007,0.0011332638622183477,-0.0032265242706800423,-0.0019353495602907334
2016-09-07,3.287950038909912,0.000547953556762959,0.005333293658108973,-0.000840147069282926,0.0008797739092820667
2016-09-08,3.302340030670166,0.00433097410407135,0.0135889778170184,0.003573650053927846,0.004376584677370898
2016-09-09,3.328850030899048,0.00799132598051644,0.01324819590877735,0.007440175155356776,0.008027641000827535
2016-09-12,3.3355300426483154,0.002304076668670385,0.009489759106170004,0.0018264301873722744,0.002006702521069492
2016-09-13,3.338429927825928,0.000848449421156694,0.006478736906842197,-0.0005576750112775697,0.0008693926124287987
2016-09-14,3.345010042190552,0.0019141018069057658,0.004789682332801526,0.001210150552869882,0.0019710206614727
2016-09-15,3.352080106735229,0.002086673054412014,0.003895370124666453,-0.0019970079805481378,0.0021136153421073
2016-09-16,3.3360300064086914,-0.004653887726736583,-0.0030697792255462986,-0.007628145323462232,-0.0047881016609025995
2016-09-19,3.3234200477600098,-0.0038308861344262812,-0.001049146660697664,-0.005950190976138026,-0.0037799296242710945
2016-09-20,3.326630115509033,0.0008635214313581496,0.003719017572736405,-0.0006469416190069133,0.0009658928762816821
2016-09-21,3.319969892501831,-0.0019960727871728423,-0.00013531239173414367,-0.004337736862980002,-0.0020020930418899185
2016-09-22,3.3069698810577397,-0.003915701607250077,-0.0007108097881480813,-0.005322312167005405,-0.003915701607250077
2016-09-23,3.297760009765625,-0.002984549080897847,0.0027880880753792248,-0.003196222296384832,-0.0027849879567602986
2016-09-26,3.3586599826812744,0.018245698610044103,0.020632154523833712,0.015416495081481685,0.018467072417430952
2016-09-27,3.353450059890747,-0.001521447670271403,-0.0006818226507234737,-0.006687185943649254,-0.001551190896783794
2016-09-28,3.335819959640503,-0.00528410554446801,-0.0014104835635900814,-0.0069779086806628365,-0.005257302162066102
2016-09-29,3.344290018081665,0.002524114203231287,0.012119979333082176,0.0022543064357265497,0.0025391233770526433
2016-09-30,3.363189935684204,0.0056005684478235285,0.009087137784363764,0.0016116810410002902,0.005651399101259891
2016-10-03,3.371530055999756,0.0025958013903206734,0.009386908957531581,0.0017870104445258939,0.002479824355758664
2016-10-04,3.385349988937378,0.004128638953549979,0.01864732764961885,0.0020672895171294225,0.004099009265253084
2016-10-05,3.427690029144287,0.012560014879725134,0.016550736320325887,0.010527715424833772,0.01250684282135306
2016-10-06,3.422630071640014,-0.0016688027508814374,-0.00010210913797492616,-0.007418980085518334,-0.0014762004327258937
2016-10-07,3.3896100521087646,-0.009998153327587245,-0.001872864371419647,-0.010848416755302348,-0.009647557241097782
2016-10-10,3.413439989089966,0.006897560711413231,0.013972091969820521,0.004245323662319667,0.007030288621658887
2016-10-11,3.419339895248413,0.0017870357662095326,0.005601381015093665,-0.0008114825691546423,0.0017284341243157808
2016-10-12,3.408750057220459,-0.003178970266601522,-0.0022898877549889507,-0.007945961410151359,-0.0030970416373844456
2016-10-13,3.3973100185394287,-0.0034968757112340265,0.003954513477827382,-0.004151123559119618,-0.003356080231461389
2016-10-14,3.4057400226593018,0.0022841742055479397,0.0045654009084343805,-0.0038589125918787603,0.0024813761693427416
2016-10-17,3.3906400203704834,-0.0043925991071991355,0.00441311055058935,-0.0043925991071991355,-0.004433691998905975
2016-10-18,3.4088499546051025,0.005102249255082514,0.008762373539830115,0.003486090479999371,0.005370648056183036
2016-10-19,3.3958001136779785,-0.0036375645879460627,-0.001757199190670078,-0.013948975059227875,-0.0038282239174225463
2016-10-20,3.357219934463501,-0.011281597762496709,-0.003904860613108796,-0.016850291139139162,-0.011361145510031645
2016-10-21,3.342400074005127,-0.004208802928102551,0.000741698098052801,-0.006436879922387284,-0.004414325170132849
2016-10-24,3.3508100509643555,0.0026537476669232785,0.004392026216912592,0.0001107065661121176,0.002516149106337018
2016-10-25,3.3501100540161133,9.548668181369457e-05,0.0033931925253423145,-0.0034857619538367635,-0.00020890379866222997
2016-10-26,3.3431200981140137,-0.002074600501872248,0.007877304577913247,-0.0030715844280063687,-0.0020864854555211476
2016-10-27,3.362529993057251,0.005746087843571113,0.017253311246234748,0.005028219102154896,0.00580592212472042
2016-10-28,3.3907899856567383,0.008440048773802111,0.015164208135116874,0.007672790950143948,0.008404383799649917
2016-10-31,3.41267991065979,0.0062846979933348646,0.008136757660875293,0.0005190548392477456,0.00645570061715639
2016-11-01,3.3943800926208496,-0.00537697247351987,0.009104280151129407,-0.006733703525761192,-0.0053623013344379356
2016-11-02,3.442729949951172,0.014491543269250284,0.022637395271580596,0.013646073887997323,0.01424409052935216
2016-11-03,3.4553799629211426,0.003674413373651264,0.00965806030198646,-0.001257699522765332,0.003674413373651264
2016-11-04,3.46016001701355,0.0006048473067596927,0.021465110467087545,-0.00024598227796024386,0.0013833656916752979
2016-11-07,3.4973599910736084,0.010470639248511882,0.014568699720381106,0.005291683028476157,0.010750940383435159
2016-11-08,3.500149965286255,0.0005975871142056555,0.007371263640423509,-0.0007605840101749806,0.0007977372131457994
2016-11-09,3.484489917755127,-0.004374112312000578,0.0514378306255705,-0.007839684407268788,-0.0044741075915148976
2016-11-10,3.503139972686768,0.005475740351871039,0.018763175666660414,0.0014665060099172678,0.005352305609096497
2016-11-11,3.5368099212646484,0.009308774365126116,0.017501456792970105,0.00729063458732071,0.009611362617651054
2016-11-14,3.5026299953460693,-0.009567927533035259,0.004636974891428558,-0.009833727640568668,-0.009664055089043999
2016-11-15,3.5325300693511963,0.008682062160785264,0.010452114018730585,0.004154013026258507,0.008536463755765
2016-11-16,3.524610042572021,-0.0017862512110649043,0.00828299251409148,-0.0020778179469448377,-0.0022420267127775118
2016-11-17,3.5544800758361816,0.00848038791916772,0.018921233073621258,0.005728293425426578,0.00847470582656662
2016-11-18,3.5849900245666504,0.008696072124958931,0.01603889574922346,0.003843024515429727,0.008583519411989204
2016-11-21,3.5734100341796875,-0.0031938867843116503,0.005818693106086181,-0.004755948476969918,-0.0032301318295474557
2016-11-22,3.572319984436035,-0.0003301981963131917,0.006072604371720081,-0.0026529280019813584,-0.0003050446865111578
2016-11-23,3.593319892883301,0.00602406824193924,0.010738153086256252,0.0025165856925892793,0.005878507115476328
2016-11-24,3.581660032272339,-0.003030625533955611,0.014732929939974104,-0.00771709419833877,-0.0032448713052390943
2016-11-25,3.657949924468994,0.02134481507859065,0.02483483020316557,0.016534253690663414,0.021300148955861076
2016-11-28,3.6559300422668457,-0.0003745139173046974,0.0019628413887282647,-0.009923575957431874,-0.0005521896810661842
2016-11-29,3.622980117797852,-0.00917961701261294,-0.004753920058598871,-0.010777039016747092,-0.009012733856516353
2016-11-30,3.629930019378662,0.0018299697023138606,0.007005254055704402,0.00022078352816667923,0.0019182831135806655
2016-12-01,3.640700101852417,0.002911915444501645,0.023901299373465967,0.0025675483069653726,0.002967022068265157
2016-12-02,3.730649948120117,0.02464629972502652,0.047380968019875125,0.021600236748653634,0.024706744239090916
2016-12-05,3.749569892883301,0.003570415172283292,0.020403988373846715,-0.0018951294393728668,0.005071487549432874
2016-12-06,3.785449981689453,0.00981182737583075,0.014823070578214192,-0.016308493329491025,0.009569121214209941
2016-12-07,3.6936399936676025,-0.02534702312630943,-0.02061574844331504,-0.03727428191947668,-0.02425338822754053
2016-12-08,3.6438798904418954,-0.013802127760791816,0.009348481295388567,-0.022771580807925296,-0.013471833560123936
2016-12-09,3.66621994972229,0.005823519943677802,0.014218368257615355,-0.0011717835004196875,0.0061308440322069835
2016-12-12,3.7031099796295166,0.009969408686512748,0.02217270315266573,0.006958140280171277,0.010062143137380852
2016-12-13,3.6910901069641113,-0.0031352109961074737,0.0061272978332624906,-0.008004072117321348,-0.003245885953030214
2016-12-14,3.704629898071289,0.004017749122601222,0.008076191834488933,-0.002002124592918819,0.0036682364057252226
2016-12-15,3.7138400077819824,0.003222994676910229,0.004626683512734875,-0.012001150186918275,0.0024861079147173726
2016-12-16,3.652359962463379,-0.016605471640384062,-0.011451774908271761,-0.018239871235581573,-0.016554306375551553
2016-12-19,3.6479899883270255,-0.0013662022619074232,0.0059112449628269115,-0.001486705361696039,-0.0011964795861484356
2016-12-20,3.674469947814941,0.007182052626209634,0.008656814139986091,-0.003149708913513294,0.007258780745738713
2016-12-21,3.6585400104522714,-0.004310840415981287,0.0010613914856651974,-0.007535762754930397,-0.004335302122185691
2016-12-22,3.6604299545288086,0.0003006836937222701,0.0075002790806064645,0.00022684870781253252,0.0005165842306322777
2016-12-23,3.660550117492676,0.00059558563184825,0.004403842491309318,-0.00034970464319716843,3.28275545113943e-05
2016-12-26,3.66894006729126,0.0020242342768339583,0.003835487245220204,-0.00014478821060526226,0.0022919915120112044
2016-12-27,3.670949935913086,0.0005995977554884568,0.004990496242360365,-0.002112336039873819,0.0005478063377877262
2016-12-28,3.6846399307250977,0.0036067228331606582,0.00817499162178792,0.0016753176576336237,0.0037292785385281135
2016-12-29,3.685369968414306,-0.0013026626548902076,0.006546119253291849,-0.0013026626548902076,0.0001981299944999737
2016-12-30,3.714970111846924,0.0075976405593585206,0.012625600337232923,0.0040240498469295005,0.008031796993601015
2017-01-02,3.719099998474121,0.0011385782077633078,0.001434694540022985,-0.0035989622194325666,0.0011116877129178082
2017-01-03,3.70278000831604,-0.004216093866313275,0.006714004634645443,-0.004361295146699917,-0.004388155780908565
2017-01-04,3.743149995803833,0.010529931744361232,0.012628371693661267,0.005946910563896957,0.010902615709582175
2017-01-05,3.749000072479248,0.0016910926044222396,0.021997516036557974,0.0008415335400988599,0.0015628753007421725
2017-01-06,3.810529947280884,0.01626829969081256,0.024985299959057405,0.014945327803599584,0.01641234292133409
2017-01-09,3.8332600593566895,0.005972962588317365,0.03661174604431938,0.005844322056576701,0.005965078975963767
2017-01-10,3.927089929580689,0.024240418095495153,0.04556427852516176,0.023689971636769114,0.024477825342156923
2017-01-11,4.008769989013672,0.020710007261673713,0.049968342113294595,0.020710007261673713,0.020799131391855852
2017-01-12,4.103250026702881,0.023697989770429473,0.04161627215415731,-0.00221262043535142,0.02356833591055074
2017-01-13,3.994679927825928,-0.026391264568765282,-0.0077207352490180625,-0.028640734333286177,-0.026459537725073257
2017-01-16,3.9731099605560303,-0.0057526448080686965,0.011285055561649937,-0.006796518415924102,-0.005399673480632861
2017-01-17,4.037919998168945,0.016410341283179974,0.022768074109461134,0.01131865828482237,0.016312168114230863
2017-01-18,4.019879817962647,-0.003922825010285624,0.004437932710543491,-0.005151195092376937,-0.004467691339719138
2017-01-19,4.045169830322266,0.0063335831860764635,0.015100057542442924,0.0033409253930374305,0.006291235933624462
2017-01-20,4.07912015914917,0.008499015010132727,0.011322196833887022,-0.00010373277682274029,0.008392806792045127
2017-01-23,4.035039901733398,-0.011593266027902116,-0.0044274761866074375,-0.011794212075817101,-0.010806315013031087
2017-01-24,4.040329933166504,0.0011300987982640898,0.017182039618571787,-0.0058388634867122535,0.001311023326146854
2017-01-25,4.0580902099609375,0.0043560946260357,0.023431327956213943,0.003375943830337347,0.004395749131436588
2017-01-26,4.122399806976318,0.01579062026463518,0.02283585604115035,0.00792486209865717,0.015847256637500973
2017-01-27,4.122159957885742,-0.0013874592423003262,0.011097938891413639,-0.0020473554471627242,-5.818190903517095e-05
2017-01-30,4.145229816436768,0.005744612134282789,0.008832712767311124,-0.022822979281408196,0.0055965461764511115
2017-01-31,4.043970108032227,-0.02460170775310333,-0.015926743467894466,-0.026348364930335544,-0.024428008310425575
2017-02-01,4.0741400718688965,0.007472862293976368,0.012274992276690266,0.0022750158593154435,0.007460481415712206
2017-02-02,4.064040184020996,-0.002439814838114396,-0.00039770175668774055,-0.014540458429106118,-0.0024790232220138764
2017-02-03,4.0206499099731445,-0.0104379842096185,-0.005423265058530524,-0.023053452400647045,-0.010676635092943587
2017-02-06,3.991630077362061,-0.0070585397336832,-0.0070585397336832,-0.02064839608183877,-0.00721769695468899
2017-02-07,3.958669900894165,-0.007598444879409194,0.0018463622566091686,-0.009983389190490466,-0.008257322404404355
2017-02-08,3.994119882583618,0.008843904717365403,0.01145341762294505,0.0014727293916205753,0.008955023423762976
2017-02-09,3.9675700664520255,-0.006647225649726529,-0.003009392061019023,-0.016136167424750103,-0.006647225649726529
2017-02-10,3.926419973373413,-0.010885756701967342,-0.006858101236118963,-0.017149068922033273,-0.010371610932988662
2017-02-13,3.916100025177002,-0.003275263427083286,0.002737877095677632,-0.006728744807011133,-0.0026283352943380356
2017-02-14,3.889189958572388,-0.006889487774784708,-0.005416091284464963,-0.013847954443975907,-0.006871649455224893
2017-02-15,3.863029956817627,-0.006703164363159653,0.0032423097825002856,-0.011377693533985989,-0.006726336855082282
2017-02-16,3.8825299739837646,0.00451720396116162,0.01605736369481625,0.003313455603324078,0.0050478555393347335
2017-02-17,3.90841007232666,0.0072632822686540255,0.009213049136077789,-0.006153209021750761,0.006665781981417762
2017-02-20,3.8553199768066406,-0.013619360875882891,-0.011457348414511959,-0.017792407274785815,-0.013583553040127927
2017-02-21,3.8438899517059326,-0.0029154533374098346,-0.002163213934808228,-0.01106263153676501,-0.0029647409733745134
2017-02-22,3.821429967880249,-0.005671348938867338,-0.004542239659336977,-0.016480690922585306,-0.005843035078492709
2017-02-23,3.782249927520752,-0.010106163253492784,-0.00685870731026661,-0.01512786276770639,-0.010252717095121877
2017-02-24,3.775700092315674,-0.0017502625141626593,0.008019084328916293,-0.0019565168880854023,-0.0017317298778749546
2017-02-27,3.7968499660491934,0.005283765271903995,0.01077149060198801,0.0040521748772481825,0.005601576718596846
2017-02-28,3.818300008773804,0.005649431217038758,0.016015931536690342,0.004187717498047139,0.005649431217038758
2017-03-01,3.84906005859375,0.008163290282533708,0.014653098564224587,0.001272797921912483,0.008055954154797762
2017-03-02,3.847709894180298,-0.00023122958390819903,0.014967299565513903,-0.001680920765742222,-0.00035077769452773744
2017-03-03,3.91894006729126,0.017709243103356087,0.026992715849989635,0.01447355742940859,0.018512355419180393
2017-03-06,3.9408600330352783,0.005103415868346506,0.008956499107574345,0.0015718589012525541,0.005593340384806966
2017-03-07,3.9283699989318848,-0.002981578319292022,-0.002902929458324155,-0.015235252355457862,-0.00316936759963371
2017-03-08,3.88703989982605,-0.010632904078697769,0.005136987340607524,-0.01283740061315397,-0.010520928302851451
2017-03-09,3.95083999633789,0.016138263446084045,0.026709292469613954,0.013452447758376396,0.016413542993138686
2017-03-10,3.9922399520874015,0.0106205265287167,0.011774709879123879,0.002366600881152703,0.010478773067976954
2017-03-13,3.997809886932373,0.0011973363700017448,0.0058939359084337895,-0.0016106022526094499,0.0013951903973254964
2017-03-14,3.983920097351074,-0.0032617427330461357,0.0013207275988891265,-0.0055605220171958125,-0.0034743496999946055
2017-03-15,3.968519926071167,-0.003968456302096746,1.2507651211191018e-05,-0.008689945021392309,-0.00386558236701251
2017-03-16,3.947089910507202,-0.005430220966683552,-0.0011414716537444525,-0.019226287683659082,-0.005400002006586968
2017-03-17,3.91038990020752,-0.00975397901396502,-0.009282770255679473,-0.017985363595151793,-0.00929799197175274
2017-03-20,3.898560047149658,-0.0031019371315702537,0.0013937255462410647,-0.00373103115082396,-0.0030252361937703753
2017-03-21,3.8914198875427246,-0.0023316164524571636,0.004506797011157193,-0.005068571882170914,-0.0018314863746048404
2017-03-22,3.927220106124878,0.00892481330794559,0.00997580046021862,0.002035253714082197,0.009199783014101737
2017-03-23,3.904530048370361,-0.005994066885199878,-0.0017773846516700997,-0.008537845082748241,-0.005777638416326503
2017-03-24,3.9179000854492183,0.003862174177521771,0.005050502583352046,-0.0008656765741454908,0.0034242372099140272
2017-03-27,3.9061899185180655,-0.003034833124645697,0.006922043534224986,-0.005980272215482252,-0.0029888886076098187
2017-03-28,3.925040006637573,0.004846204909890295,0.009246907362100876,0.002698283689422043,0.004825696781957545
2017-03-29,3.955430030822754,0.007974458310916921,0.008774443198066306,-0.0028305615608413826,0.0077426024024696005
2017-03-30,3.918720006942749,-0.00859075521106456,-0.005953849110165499,-0.016731427494033335,-0.009280918533241977
2017-03-31,3.9050099849700928,-0.0033607922657546974,-0.0033607922657546974,-0.009875700149845068,-0.003498596977677959
2017-04-03,3.872689962387085,-0.008837339050317472,-0.0027400665946263336,-0.009510831654994889,-0.00827655312211839
2017-04-04,3.8888399600982666,0.0038707181492558806,0.010468170787858222,0.0015674213745175969,0.004170227378911262
2017-04-05,3.9282400608062735,0.009555589465916059,0.017285353293061467,0.0065777788786041125,0.010131581940186374
2017-04-06,3.951550006866455,0.006995470384522973,0.012511961927219817,0.004039940440269563,0.005933941332342485
2017-04-07,3.9459500312805176,-0.0011843247032308213,0.007941171963174565,-0.0020270300437998934,-0.0014171592352890672
2017-04-10,3.9398601055145264,-0.0018094302086327785,0.002536779220270846,-0.0027040247813450158,-0.0015433357538019443
2017-04-11,3.950469970703125,0.0031218814241791293,0.0035229108722791835,-0.001766599166800109,0.0026929548015546256
2017-04-12,3.926409959793091,-0.00771297962904316,-0.004462725185208072,-0.017694106366213824,-0.006090417365139933
2017-04-13,3.891190052032471,-0.007683854754244712,-0.002190295118145391,-0.011819918405723051,-0.008970002654148601
2017-04-14,3.893219947814941,0.0008300433666563745,0.009470104285111747,-0.001575348416631317,0.0005216645178791612
2017-04-17,3.854890108108521,-0.01003022288458777,0.004495035564187955,-0.01003022288458777,-0.009845279799291173
2017-04-18,3.93966007232666,0.02208882770850451,0.025839868075002936,0.016244282661539655,0.02199024144419348
2017-04-19,3.921449899673462,-0.004160279039165271,0.0015813236059842861,-0.005487792036519612,-0.004622270023018404
2017-04-20,3.937599897384644,0.003417123299456204,0.004615645675126512,-0.005197001681627733,0.004118374102529465
2017-04-21,3.900710105895996,-0.009622602198142483,-0.005411888753413474,-0.011890473011065938,-0.00936859824512648
2017-04-24,3.92972993850708,0.007578069092617046,0.007757522814949125,-0.00579642857754048,0.007439628124945807
2017-04-25,3.8840699195861816,-0.011412965595836821,9.670873597800167e-05,-0.013077217375392802,-0.011619123867388392
2017-04-26,3.910900115966797,0.00680475134384273,0.012157348518841982,-0.0006513424308067783,0.006907753190878108
2017-04-27,3.900670051574707,-0.0029277281244300957,-0.0009486387786414863,-0.011713472926272228,-0.0026157825791367495
2017-04-28,3.87076997756958,-0.007644831520807638,-0.002199614243882042,-0.009054865727385564,-0.007665368669943273
2017-05-01,3.8735198974609375,0.0004081875009007696,0.003270673954705483,-0.0014906512312208298,0.0007104322672988328
2017-05-02,3.875910043716431,0.000691893502196228,0.0021040554647338006,-0.007933355163380673,0.0006170476256130986
2017-05-03,3.85260009765625,-0.0061146927013988606,-0.002634229668977417,-0.007084813103730325,-0.0060140575496510085
2017-05-04,3.8507399559021,-0.0005321500570332205,0.013621964659146668,-0.002829263438475338,-0.00048282762472062757
2017-05-05,3.901550054550171,0.013205293930955042,0.020040338863292373,0.011439354191837614,0.013194892210312226
2017-05-08,3.881930112838745,-0.004908310395680737,0.0032448709803243325,-0.007089523668217246,-0.005028755606645174
2017-05-09,3.915230035781861,0.008706979703654083,0.014384539486715253,0.0046291010407508715,0.008578187132473714
2017-05-10,3.944040060043335,0.00736868033783411,0.00903391952034105,-0.0058081199439886655,0.00735844995011159
2017-05-11,3.8982300758361816,-0.011772220926905663,-0.010017649686991259,-0.015631189548522384,-0.011614989581685387
2017-05-12,3.886320114135742,-0.0027371871032579875,0.0036503778937735376,-0.00335796846577463,-0.0030552228751876687
2017-05-15,3.9024300575256343,0.004266212232233668,0.004986684995860191,0.000666425036722984,0.0041452950134743816
2017-05-16,3.894840002059937,-0.001898829531662205,0.009988649789240966,-0.0024805140867124598,-0.0019449561821256456
2017-05-17,3.9289700984954834,0.010126196862992654,0.021207576353855284,0.008518963135912827,0.008762900765498793
2017-05-18,3.995850086212158,0.01796903326264876,0.030514351493798664,0.015288942882568657,0.017022269459949557
2017-05-19,4.025929927825928,0.007355095314326432,0.009925291515834544,0.0022472808462628002,0.007527770302885317
2017-05-22,4.007900238037109,-0.0051043546555265,-0.0015077602275118673,-0.011371271802266159,-0.004478391356044997
2017-05-23,4.006770133972168,-0.0004866049205870526,0.003909733716462416,-0.0034233072573375267,-0.00028196911046241
2017-05-24,3.996350049972534,-0.002792817066108677,-0.00112307721968119,-0.005982406353306269,-0.0026006193645313758
2017-05-25,3.994930028915405,-0.00029030109760186384,0.004756797660314005,-0.0019943434837098595,-0.00035532949801009295
2017-05-26,3.999500036239624,0.0010312753958279242,0.00538178943111034,-0.001884882570974189,0.0011439517816687061
2017-05-29,3.99849009513855,-0.00034753851820668036,0.001660256478657418,-0.0025103249640137104,-0.00025251683758542587
2017-05-30,3.984319925308228,-0.0037539466466971483,-0.001960779286338088,-0.009363549909685687,-0.00354388018806151
2017-05-31,3.967849969863892,-0.0040508755404753405,-0.001277507414228607,-0.008879780562415784,-0.004133693014890527
2017-06-01,3.969749927520752,-0.0008215777453318696,0.0028882306359148124,-0.0030898245315917894,0.0004788380788816049
2017-06-02,3.959969997406006,-0.00255178002993095,0.0004282795940839801,-0.0038919330046031098,-0.002463613651566665
2017-06-05,3.955080032348633,-0.0016894131354460162,0.003522781609696546,-0.004436907042179583,-0.0012348490166784742
2017-06-06,3.965800046920776,0.0027812124897701462,0.00833610226846937,0.0009380420823483782,0.0027104418834673627
2017-06-07,3.961699962615967,-0.001233033687911056,0.007393212278803185,-0.005504584618845509,-0.001033860571965195
2017-06-08,3.997980117797852,0.00915519649236951,0.00943028328222173,-0.0011358538769784543,0.009157724089213781
2017-06-09,3.947279930114746,-0.011991059079916933,-0.008751937533306275,-0.014785007153785723,-0.01268145067990789
2017-06-12,3.963819980621338,0.004271297840094057,0.0047020154273123005,-0.0015909551601911431,0.00419024006389912
2017-06-13,3.938019990921021,-0.006385264629574894,-0.0013799913939255282,-0.009225966959362175,-0.006508870187458049
2017-06-14,3.942310094833374,0.001574414341174002,0.0032097346937773885,-0.0034204840235843026,0.0010894063316702063
2017-06-15,3.9147698879241934,-0.007995344732376841,-0.0021358011767226293,-0.008662465096529792,-0.006985804324543987
2017-06-16,3.9165000915527344,0.0003831974145747097,0.005972264473208755,0.00014305955607718523,0.00044196815600283657
2017-06-19,3.923629999160767,0.0012740616176107888,0.005502346382100898,-0.0021780006954406073,0.0018204793671294794
2017-06-20,3.924420118331909,0.00028802513620873604,0.006358914441768615,-0.0007441864647996788,0.00020137453615931555
2017-06-21,3.9465599060058594,0.005588081465055295,0.006732173724868895,0.0008714347586431526,0.005641543720186881
2017-06-22,3.949039936065674,0.0006410894606150297,0.0013657887792672962,-0.008521318580623438,0.0006284029937162483
2017-06-23,3.916419982910156,-0.008293127395859079,-0.004710002261602786,-0.010316434825206389,-0.008260223670469191
2017-06-26,3.9252500534057617,0.002443589249083944,0.0025712476111998672,-0.0020988447070418026,0.00225462808742094
2017-06-27,3.91513991355896,-0.002802409082968804,0.01621805121232822,-0.004929635466941473,-0.002575667717787722
2017-06-28,3.99495005607605,0.02018575036171044,0.027151038770590885,0.014977754179681613,0.020385003928133028
2017-06-29,4.000790119171143,-1.754591703828634e-05,0.0088186137114179,-0.0005707197436625178,0.001461861353237781
2017-06-30,4.033730030059815,0.007693439956902415,0.009430572216729827,0.0010597996606782623,0.008233351389974164
2017-07-03,4.020299911499023,-0.0034162219415335704,0.0045342754078474545,-0.005930009947578863,-0.003329453994369791
2017-07-04,4.043099880218506,0.005646421971776228,0.007039346805548075,0.0014675288631009753,0.005671210909979463
2017-07-05,4.040890216827393,-0.0002720841326123713,0.013826048959811876,-0.00207265129888623,-0.0005465270353385288
2017-07-06,4.092909812927246,0.013620731993834179,0.025754154207025204,0.01127719246324288,0.012873301007592097
2017-07-07,4.138020038604736,0.010789479386736467,0.01765256736973253,0.006130166247759972,0.011021553794078764
2017-07-10,4.129000186920166,-0.0022039495707392165,-0.001672263733690671,-0.008100546009319864,-0.002179750605463826
2017-07-12,4.147970199584961,0.005134343002383357,0.005512209582913652,-0.014686445225917888,0.004594335627517765
2017-07-13,4.074920177459717,-0.017444686262346965,-0.012519479420673219,-0.02250266814608337,-0.017611028674350937
2017-07-14,4.066299915313721,-0.001796453362013506,0.00029933088197187097,-0.006660287650190555,-0.0021154431916675653
2017-07-17,4.0554399490356445,-0.003027329103249876,-0.0001155066302565011,-0.004967605960329746,-0.0026707243696357796
2017-07-18,4.048480033874512,-0.0012822059444970169,0.00796214029743414,-0.001723599902832218,-0.001716192385683768
2017-07-19,4.070230007171631,0.0053649597810578875,0.007894323366089973,0.0009929003502593403,0.0053723800327858395
2017-07-20,4.058810234069824,-0.001604284778238152,0.010001884981895914,-0.0037589514673980196,-0.002805682499928852
2017-07-21,4.103000164031982,0.010737032747638597,0.01701973533184309,0.009645624934944363,0.010887409712143192
2017-07-24,4.12677001953125,0.005430109307621445,0.013726471201791046,0.002663919303768969,0.0057932865096230746
2017-07-25,4.138659954071045,0.003106489321580197,0.010015062746808967,0.0022680780693062896,0.0028811720748969094
2017-07-26,4.159170150756836,0.00483005793373481,0.005475263897880556,-0.0031411161072327776,0.004955757881392575
2017-07-27,4.1478800773620605,-0.002762653266092041,-0.0011949676305131884,-0.009754411967698884,-0.002714501447535378
2017-07-28,4.134479999542236,-0.0033703751177613928,0.0011306241654678306,-0.005289504738332673,-0.003230584676967352
2017-07-31,4.148859977722168,0.0038263642343068227,0.008283939592415024,-0.001543139929921833,0.0034780620976577747
2017-08-01,4.158010005950928,0.0025235639522387388,0.005329171259161436,-0.0006410912112578826,0.002205431920549783
2017-08-02,4.168920040130615,0.002227069583539132,0.008391075253736169,0.00018039034268313436,0.002623859529937045
2017-08-03,4.196919918060303,0.006802694633414541,0.010292857290733037,0.004521518647389922,0.006716338442607883
2017-08-04,4.208079814910889,0.0027282604632645757,0.0031642049682221174,-0.011563266091232038,0.002659068333079828
2017-08-07,4.160299777984619,-0.011572940140507915,-0.007794462606896757,-0.012407049396015779,-0.01135435615003455
2017-08-08,4.1638898849487305,0.0006153736122431752,0.0030719395707468067,-0.005172622670987392,0.0008629442962522216
2017-08-09,4.149569988250732,-0.003073986150285535,0.0005428116958743345,-0.004831940231164511,-0.0034390670967934245
2017-08-10,4.1608500480651855,0.003911274276543031,0.004181203567479308,-0.002547263768491015,0.002718368372238933
2017-08-11,4.170599937438965,0.002374530637690997,0.006794228927902823,0.0003003689575959978,0.0023432445921267586
2017-08-14,4.178170204162598,0.002160321833645007,0.0022323516169313606,-0.005258174179906594,0.0018151505388170897
2017-08-15,4.152289867401123,-0.0063545264245814526,-0.005129043221507534,-0.010262879728033525,-0.006194179628127849
2017-08-16,4.150839805603027,-0.0005707406640550472,0.0010163088283474675,-0.007029871326115322,-0.0003492197906219685
2017-08-17,4.1438398361206055,-0.0026885877011012527,-0.00033486725126941064,-0.00940281968564527,-0.0016863983700293739
2017-08-18,4.133920192718506,-0.0021091423940958753,0.0025290376745832344,-0.004428174892770809,-0.0023938288626971227
2017-08-21,4.132750034332275,2.8952210282096047e-05,0.0016303208770005462,-0.0047098671324242725,-0.0002830626455468943
2017-08-22,4.128900051116943,-0.0005928230109478738,0.0003702547765924713,-0.005812157717689059,-0.0009315790172037541
2017-08-23,4.111269950866699,-0.004148780028389143,0.0011891768163991845,-0.005352508294615088,-0.004269926622581965
2017-08-24,4.118120193481445,0.0005619373232854663,0.001425314296358282,-0.0025102186765465495,0.0016662108537295328
2017-08-25,4.111700057983398,-0.001493459485771953,-0.00019672721866381693,-0.005347182435489928,-0.0015589966286582158
2017-08-28,4.114150047302246,0.000301524088295535,0.003460800708813494,-0.0021719012021533812,0.0005958579867932912
2017-08-29,4.134190082550049,0.005852922079954137,0.011516344811391965,0.0037965933696322285,0.004871002519935663
2017-08-30,4.134600162506104,-0.0018867304304197585,0.001289269638784285,-0.007416241590998851,9.919233220223589e-05
2017-08-31,4.109389781951904,-0.006022337973574765,-0.0033764719518252218,-0.009597059585036538,-0.006097416815008194
2017-09-01,4.109799861907959,0.00011441149731106215,0.0007447190565343931,-0.012021213701763123,9.979096114354213e-05
2017-09-04,4.074049949645996,-0.008771678438311281,-0.002540238720250665,-0.010058853388638322,-0.008698699076155503
2017-09-05,4.081920146942139,0.0018188410868944516,0.0067697405705262614,0.00042217244532993803,0.001931787138944152
2017-09-06,4.097799777984619,0.0037898898965902372,0.00895903664393538,0.001810427938764958,0.0038902355927703525
2017-09-07,4.092959880828857,-0.0012689515085977376,0.004209590992666934,-0.0034115653671773494,-0.0011810965439951193
2017-09-08,4.092850208282471,0.0006034792793991883,0.008065069512541267,-0.00015879194166423805,-2.679541201966451e-05
2017-09-11,4.0966901779174805,0.0010847772466837657,0.002000971883985736,-0.006096003077593837,0.0009382140658944493
2017-09-12,4.08119010925293,-0.003837333737459203,0.004818433169424985,-0.0054849149997054925,-0.003783558919857155
2017-09-13,4.10899019241333,0.007091001201559921,0.01214353380046651,0.005368461933553004,0.006811758927223632
2017-09-14,4.114220142364502,0.001340926384592045,0.004752948674490609,-0.005466059244227939,0.0012728066279710237
2017-09-15,4.091559886932373,-0.005257445256193538,0.0015166643583295336,-0.0064630346383840465,-0.0055077887541296056
2017-09-18,4.108610153198242,0.003927570294138372,0.019821288034679974,0.002082366280397041,0.004167179935536058
2017-09-19,4.170460224151611,0.014569343506205756,0.02246500270415175,0.014569343506205756,0.01505376968053862
2017-09-20,4.1840500831604,0.002918104309252101,0.005179229253212458,-0.0028318943472905866,0.0032585993579530292
2017-09-21,4.161530017852783,-0.004376159384787193,0.00191199838533751,-0.005748075493906324,-0.005382360358986649
2017-09-22,4.189809799194336,0.006490392685715607,0.00772547394338341,0.0032440505211139836,0.006795525016096038
2017-09-25,4.173089981079102,-0.0038831557081706602,0.005017032622605111,-0.004365249716957509,-0.003990591200213833
2017-09-26,4.200319766998291,0.006230400735682373,0.006795897072125356,-0.0012916489365835115,0.006525089572151588
2017-09-27,4.175570011138916,-0.006328055564101431,0.0016070459360164602,-0.006980364546041895,-0.005892350400041546
2017-09-28,4.207240104675293,0.00662661781323215,0.011342150476115531,0.0046077307876559725,0.007584615621793578
2017-09-29,4.191939830780029,-0.0037317433472715544,0.00024004836328495038,-0.004073908601642362,-0.0036366533676700508
2017-10-02,4.200560092926025,0.0038360234486218836,0.005059756220328948,-0.0008205993879061291,0.002056389760821453
2017-10-03,4.185369968414307,-0.00351858900448887,0.0043160495721921155,-0.0049921599125823946,-0.0036162140704283363
2017-10-04,4.197010040283203,0.0029459893222982814,0.005053343506479235,0.0013451657486416302,0.0027811333183782594
2017-10-05,4.205830097198486,0.0021134390272499193,0.0036668769274537105,-0.004024305116881011,0.002101509605797469
2017-10-06,4.200250148773193,-0.0009606287339439801,0.009833944898480995,-0.003264527766456027,-0.0013267175079206828
2017-10-09,4.348100185394287,0.03687638948600358,0.047151958838234975,0.026293619061361184,0.03520029316927187
2017-10-10,4.352039813995361,0.00069451245236829,0.0017363359637365683,-0.006692674237031571,0.0009060574579922154
2017-10-11,4.379270076751709,0.006629093440273071,0.006987594568094391,-0.005971914416840196,0.006256896517531807
2017-10-12,4.32804012298584,-0.012661918914372183,-0.006574154275998612,-0.015909089671760523,-0.011698285985565104
2017-10-13,4.328090190887451,-0.00024723028266881997,0.0019014917328794567,-0.008442627700941285,1.156826188952742e-05
2017-10-16,4.292369842529297,-0.008363976937339146,-0.004648734892988782,-0.009939776325286087,-0.008253143253197814
2017-10-17,4.299099922180176,0.0016215732226347868,0.008389366869915982,0.00010020271609345599,0.001567917001046082
2017-10-18,4.315249919891357,0.003635701772852329,0.008320332178850087,0.0020446177882413874,0.003756599754255463
2017-10-19,4.332230091094971,0.004595383179728518,0.006630028393096676,0.0010567160253864838,0.003934921851302731
2017-10-20,4.326539993286133,-0.0010087674160970117,0.0023012885036286512,-0.00360789821410179,-0.0013134338872106133
2017-10-23,4.335249900817871,0.0015300749045672468,0.009478683432428747,0.0014700092974946344,0.002013134639978764
2017-10-24,4.365570068359375,0.006993868458605723,0.014550559313693201,0.004929343076162551,0.006993868458605723
2017-10-25,4.394509792327881,0.006477912597605107,0.01458461492754326,0.004524063970192449,0.006629082460101632
2017-10-26,4.4426798820495605,0.011685061396241592,0.01815449402693492,0.0054363329682056705,0.010961425050361129
2017-10-27,4.443510055541992,0.0003038539869431034,0.005440392402040306,-0.010282092631996975,0.00018686322545669043
2017-10-30,4.393869876861572,-0.010795478690411864,-0.00940923620807843,-0.01617862375031065,-0.011171388847991515
2017-10-31,4.403429985046387,0.001085666864142798,0.010676302954882644,-0.0020801741755188674,0.0021757831826469953
2017-11-01,4.41349983215332,0.0021164824440786933,0.011591003547287482,0.0011241342671772792,0.0022868189436711095
2017-11-02,4.435259819030762,0.005018701827398608,0.010612935916800348,0.002385860510945692,0.004930324618778847
2017-11-03,4.423999786376953,-0.0016751216535464408,0.01582770103556297,-0.0017653229928267233,-0.0025387537851772057
2017-11-06,4.506130218505859,0.018874409881652898,0.020232921597792553,0.0023101381793098064,0.018564745952704298
2017-11-07,4.443940162658691,-0.013546080228231783,0.0007100499045507025,-0.014398245933350595,-0.013801211423443704
2017-11-08,4.505630016326904,0.013744554766085937,0.017686991033323496,0.0057516305925844335,0.013881792150708394
2017-11-09,4.483630180358887,-0.005464287139229973,0.0007768025178560567,-0.010526838262413407,-0.004882743564894931
2017-11-10,4.500400066375732,0.0036152853165645205,0.006918431361371713,0.0014384994173046728,0.0037402473759562405
2017-11-13,4.501029968261719,-0.0014043195275111886,0.007908223999878006,-0.003459728801254225,0.00013996575342112294
2017-11-14,4.513649940490723,0.0025571692270141,0.02022873623421284,0.0024038746760368657,0.002803796535013392
2017-11-15,4.584290027618408,0.015588312040913488,0.021470428838102684,0.013536717935390685,0.015650324694875595
2017-11-17,4.549650192260742,-0.007235629298374957,0.004183814919835882,-0.00823251372250311,-0.00755620502825427
2017-11-20,4.537789821624756,-0.002624378125095639,0.017370574348925638,-0.004415746771826212,-0.00260687528376613
2017-11-21,4.609280109405518,0.014253656962927908,0.02969294699117886,0.013874628471691297,0.015754429048272733
2017-11-22,4.648169994354248,0.00821384593436969,0.014047685576816349,0.004809876229534549,0.008437301276043696
2017-11-23,4.627999782562256,-0.0033605121257163084,0.005376326988355107,-0.00552907753952403,-0.004339387719573762
2017-11-24,4.647079944610596,0.004107620544346435,0.01683890538048116,0.0037597808032645563,0.004122766409849765
2017-11-27,4.70911979675293,0.013763497968782623,0.01383234931994659,-0.0023477182036303335,0.013350287251736148
2017-11-28,4.649489879608154,-0.01290677964385456,0.0023274205274743665,-0.013240223011136365,-0.01266264603968914
2017-11-29,4.6980299949646,0.01059258696335963,0.012702489578426679,0.006174846962065272,0.010439879774625016
2017-11-30,4.688429832458496,-0.0022221809466710374,0.0009770125967230037,-0.008967587155440881,-0.002043444276940143
2017-12-01,4.659249782562256,-0.005846313444903828,0.003414849959572308,-0.007684836280238194,-0.0062238427232553795
2017-12-04,4.652719974517822,-0.0007704309265383902,0.0044170827297285165,-0.013493491813403868,-0.0014014719856557667
2017-12-05,4.599309921264648,-0.011401941550163497,-0.010133886264059866,-0.02467803868239904,-0.011479318236578107
2017-12-06,4.545179843902588,-0.01182785420527721,-0.005900915789120109,-0.014117327005515157,-0.011769173699687663
2017-12-07,4.544769763946533,-0.00012757118624318053,0.006030571133892826,-0.001157267890993352,-9.02230429021822e-05
2017-12-08,4.549739837646484,0.000501727350110448,0.0023148495452716134,-0.009120274286011698,0.0010935809640739702
2017-12-11,4.514289855957031,-0.008004824400701938,-0.005274958979178956,-0.010464291972663409,-0.007791650282094165
2017-12-12,4.511579990386963,-8.640402097692679e-05,0.002323718896664939,-0.00420665053228253,-0.0006002861261760195
2017-12-13,4.515649795532227,0.0009818771271141724,0.005115696093281219,-0.0027507356415795714,0.0009020797933174673
2017-12-14,4.517210006713867,-0.0003409713448906393,0.019678238784270885,-0.001523547402936698,0.0003455119976718546
2017-12-15,4.571569919586182,0.012025090370004987,0.013601313843278673,0.005673855591244337,0.012033957418742913
2017-12-18,4.527269840240479,-0.007916324937727315,-0.004013965592107094,-0.013542427114601963,-0.009690342732352253
2017-12-19,4.512829780578613,-0.003262458721603023,0.003686604686796935,-0.004121704508554869,-0.003189573445239846
2017-12-20,4.536530017852783,0.004766438188986033,0.009335604374007378,0.003760424932560902,0.005251746337999741
2017-12-21,4.539130210876465,0.0006260384265244223,0.004540880803271641,-0.0027047046325267,0.0005731678206577495
2017-12-22,4.526450157165527,-0.0028332075880800334,-0.0009407257675660974,-0.007382517480901352,-0.002793498560705321
2017-12-25,4.513599872589111,-0.0025892653413892575,0.0003203529803150751,-0.003344796934555916,-0.0028389320836933463
2017-12-26,4.518089771270752,0.0003434503821955204,0.0037155182841637213,-0.0015508617688804183,0.000994748938404566
2017-12-27,4.514170169830322,-0.0009715970909500715,0.007901640517308461,-0.0011486924546926236,-0.0008675350953302186
2017-12-28,4.538400173187256,0.005396274873900042,0.011875903212677619,-0.003655156000891724,0.005367543190744284
2017-12-29,4.510359764099121,-0.007039925024020954,0.004085119169884743,-0.007119250786559617,-0.006178478763022466
2018-01-01,4.5237298011779785,-0.003560663966566957,0.009121241242384226,-0.003560663966566957,0.0029642950403376833
2018-01-02,4.552169799804688,0.006220545720231119,0.006673694567136401,0.000811325116220285,0.006286847331002043
2018-01-03,4.543069839477539,-0.0024888462814794954,0.0006810807458828005,-0.008844098501329056,-0.0019990379813028536
2018-01-04,4.540380001068115,-0.00047546535778297816,0.002055941595640709,-0.004774280955733623,-0.0005920750735659563
2018-01-05,4.525619983673096,-0.0034226481004198117,-0.001134231343495995,-0.009990372686364934,-0.0032508330561642484
2018-01-08,4.4942498207092285,-0.006947066104177724,-0.004353005869930482,-0.009108185903716537,-0.0069316829687512405
2018-01-09,4.479939937591553,-0.003132902746647903,0.0023230461134466918,-0.003994005384543975,-0.0031840426519542664
2018-01-10,4.496300220489502,0.0033795222304358052,0.01998911136266024,0.0033526997806838654,0.0036518978213677666
2018-01-11,4.543039798736572,0.009607902920909961,0.01716297653356391,0.005313155362071553,0.010395119532739194
2018-01-12,4.543059825897217,0.0004116528618112181,0.007013002961444581,-0.000904649672603508,4.408317235027326e-06
2018-01-15,4.576819896697998,0.007180172484097858,0.026790380296504157,0.006693790293285096,0.0074311305803933525
2018-01-16,4.662789821624756,0.0186702064649662,0.02546527312634006,0.0095372226314967,0.018783768395339795
2018-01-17,4.663149833679199,-0.00010717303608220874,0.004495233918957009,-0.002734344120960741,7.720958229207042e-05
2018-01-18,4.648099899291992,-0.003040800119926357,-0.0001779262268780668,-0.011882506518337554,-0.0032274181452438544
2018-01-19,4.609580039978027,-0.008229162520420052,0.004384591679001071,-0.008396995744258229,-0.00828722707096552
2018-01-22,4.686890125274658,0.016791059057679858,0.017261836414437237,0.002542570127826771,0.01677161143230732
2018-01-23,4.629169940948486,-0.012526450737558315,-0.007164730193065849,-0.01294886897821279,-0.012315241617231076
2018-01-24,4.6396098136901855,0.0018664878189522671,0.004441458155495903,-0.0018080828193195453,0.0022552364408467973
2018-01-25,4.6457600593566895,0.002659721250853231,0.009257277028791533,-0.0020712300463094913,0.0013255954516597779
2018-01-26,4.657939910888672,0.0031641616711306497,0.005859056858531941,0.0009126678856783421,0.002621713428236916
2018-01-29,4.661449909210205,0.0008029967626250745,0.008716364017555378,-0.0007363533546100864,0.0007535516534526998
2018-01-30,4.6885199546813965,0.005601298475854,0.009430562444755042,0.0035932723042044756,0.00580721578016008
2018-01-31,4.687320232391357,-0.0003348067065892524,0.001245558242891187,-0.0052148280317017015,-0.00025588507708940167
2018-02-01,4.6686201095581055,-0.0040279661604046835,-0.0013803629960987829,-0.007882992745795181,-0.003989512537254436
2018-02-02,4.670360088348389,0.0006040360722090465,0.00613024096279724,-4.289738761042994e-05,0.00037269658902450153
2018-02-05,4.694960117340088,0.005295036834617184,0.0070914614442558754,-0.00060166696360342,0.0052672660193957554
2018-02-06,4.68310022354126,-0.0025943411796309768,0.0027582648667561216,-0.00891383291463732,-0.0025260904251402927
2018-02-07,4.6628899574279785,-0.004225869964819662,-0.0007965443638962011,-0.008035292729290044,-0.004315574117266796
2018-02-08,4.664649963378906,0.0005426029746629091,0.007898524040144572,-0.0023139879590406975,0.0003774496003543515
2018-02-09,4.6857099533081055,0.004615598498540319,0.007145222888265579,0.0019315142990325995,0.004514806061448606
2018-02-12,4.676239967346191,-0.002031720690864436,0.0009390793155670263,-0.005930813015956771,-0.002021035458079967
2018-02-13,4.671450138092041,-0.0011376816012912405,0.007240904410476645,-0.002367238359234136,-0.0010242907309285787
2018-02-14,4.701769828796387,0.00643479295818894,0.011071436919685818,0.003191673639223458,0.006490423703147785
2018-02-15,4.711679935455322,0.0032859968321534705,0.005098107303957322,-0.000563571630390336,0.00210773964268518
2018-02-16,4.706570148468018,-0.000829866364190468,0.004976971714409917,-0.012502948808681302,-0.0010844936534957217
2018-02-19,4.650279998779297,-0.01209161580496343,-0.007468294322222069,-0.012546308946361107,-0.011959908789852647
2018-02-20,4.659140110015869,0.0019654761973122437,0.011444428129278483,0.0005613009549294556,0.0019052855395584878
2018-02-21,4.684269905090332,0.005436639826833289,0.007992897294780255,5.577772831122374e-05,0.005393655155474075
2018-02-22,4.655980110168457,-0.006052144086104216,-0.0002091895599445337,-0.00689114182482109,-0.006039317864910521
2018-02-23,4.663730144500732,0.0012628660042943718,0.002837172728648696,-0.0011555362198081287,0.0016645333847860044
2018-02-26,4.653930187225342,-0.0020198248544484043,0.0012865328343976135,-0.002547300249239548,-0.0021013131059793855
2018-02-27,4.66126012802124,0.001993955122331359,0.004901230010371904,-0.0002986680633880745,0.0015750001613730191
2018-02-28,4.666769981384277,0.0005813590092897947,0.0016110897478980313,-0.005444908433654305,0.001182052323129179
2018-03-01,4.632410049438477,-0.00667911456569692,-0.00208707003608688,-0.007714066704908151,-0.00736267955842318
2018-03-02,4.675290107727051,0.009319117871699367,0.01693280855694601,0.006905703711054034,0.009256533387792754
2018-03-05,4.691120147705078,0.0036083369013157895,0.007971712613237925,0.002121819183554585,0.0033858946960028113
2018-03-06,4.700409889221191,0.0017756672296542764,0.004429664102186814,-0.0008612529873982533,0.0019802821551389016
2018-03-07,4.715479850769043,0.0031657197371253165,0.006907956338510157,0.0008062917538509407,0.0032060951923382763
2018-03-08,4.724339962005615,0.00188531226065769,0.005708924532701554,-0.0020188939757579405,0.0018789415959707956
2018-03-09,4.706399917602539,-0.00418686190148454,-0.0022415991507176436,-0.008623429611374411,-0.0037973652504592614
2018-03-12,4.6923699378967285,-0.003688537711513895,0.006588932401057068,-0.0038670578303868774,-0.00298104282497047
2018-03-13,4.741489887237549,0.01036154963110536,0.020985176431590258,0.007819126714971869,0.010468047061702457
2018-03-14,4.79571008682251,0.011654602823417015,0.01481602534287041,0.006751059095651657,0.011435266313844394
2018-03-15,4.801980018615723,0.0013074042591609825,0.005892715295396922,0.0002585178396699028,0.0013074042591609825
2018-03-16,4.791399955749512,-0.002151237646817683,0.005978760500242153,-0.002151237646817683,-0.0022032709060003652
2018-03-19,4.81220006942749,0.005351256641177082,0.015886776402044056,0.004128262966828,0.004341134923002921
2018-03-20,4.864419937133789,0.010992859135258382,0.011603843274542003,0.0002826024594935195,0.01085155790551151
2018-03-21,4.816979885101318,-0.009762750861938119,-0.005414830159071848,-0.010899552494023412,-0.009752458185265822
2018-03-22,4.830420017242432,0.0027859997966726002,0.007268109617371454,0.0005854321630729409,0.0027901574143340824
2018-03-23,4.89749002456665,0.014414925778309717,0.015476906750903963,0.009932848804925953,0.01388492244666284
2018-03-26,4.917809963226318,0.004271534949484401,0.013349715080089863,-0.001047437385725547,0.0041490515667699235
2018-03-27,4.939710140228272,0.004079064168491575,0.008054379765344288,0.002602828651476985,0.00445323775536588
2018-03-28,4.937049865722656,-0.0005566966103868198,0.006194709828045486,-0.0012794272367028237,-0.0005385487063200856
2018-03-29,4.93917989730835,0.0006562843354058767,0.003728989242925085,-0.014875295352096751,0.0004314381348429208
2018-03-30,4.851840019226074,-0.01772757863302843,-0.01121844303036501,-0.01839777158430156,-0.017683072878125428
2018-04-02,4.867680072784424,0.0028525669564540834,0.008437996250827862,0.0027783658177074066,0.0032647518252006957
2018-04-03,4.8901801109313965,0.004609990042382384,0.008507126333417103,0.002629535969138841,0.004622332982147315
2018-04-04,4.8979997634887695,0.001779053890462734,0.01139218548262777,0.0005295720295479533,0.0015990520553410548
2018-04-05,4.912960052490234,0.003156393444218919,0.013603586500971154,0.002272424149496022,0.003054367032228944
2018-04-06,4.950550079345703,0.008457255709475087,0.012756007245887213,0.005988222715530567,0.007651197333960802
2018-04-09,4.96697998046875,0.003680388547316671,0.012335995875961459,0.0008645686365011951,0.003318803134947368
2018-04-10,5.021450042724609,0.011214022505806165,0.030245729088585582,0.005184268976025752,0.010966434829624339
2018-04-11,5.081329822540283,0.011831262824355093,0.03413557484637364,0.010803605139390049,0.01192479847577732
2018-04-12,5.12667989730835,0.008058972697988276,0.013045872022811711,-0.00996582216320252,0.00892484376174485
2018-04-13,5.072179794311523,-0.010597476967476038,-0.0100902884798455,-0.019696920232077142,-0.010630681862044966
2018-04-16,5.047810077667236,-0.004747426279940847,0.004156007465170086,-0.005195009331462663,-0.004804584544029322
2018-04-17,5.071800231933594,0.004724814082717632,0.01337414185211161,0.0007210449625802973,0.0047525865468860395
2018-04-18,5.065730094909668,-0.0012106612653078885,0.002172740688146657,-0.01887896358294816,-0.0011968407165775519
2018-04-19,4.978529930114746,-0.01844157247548528,-0.011548244541448538,-0.020502454627929545,-0.017213740795733568
2018-04-20,4.994659900665283,0.003157536625298496,0.003908824801014843,-0.003292105708276871,0.003239906313100116
2018-04-23,5.007050037384033,0.0021483477923323058,0.006961437333746101,-0.0023365179695836735,0.002480676755808764
2018-04-24,5.016389846801758,0.0016996260670278929,0.0020511316317390893,-0.006165299039240346,0.0018653317518280144
2018-04-25,5.001739978790283,-0.0030898851839501473,-0.0023622327172320157,-0.017783712219580528,-0.0029204006185473697
2018-04-26,4.971560001373291,-0.006967599413846837,-0.004432470885633255,-0.014742870642187711,-0.006033895713285609
2018-04-27,4.9238600730896,-0.00865518773671925,-0.006885209517598967,-0.017738914688948726,-0.009594559508587897
2018-04-30,4.911970138549805,-0.0025609904549479534,-0.000538248627286797,-0.009902786952225684,-0.002414758819970775
2018-05-01,4.903500080108643,-0.0019259018509393266,0.004061489068985402,-0.0037500674682083845,-0.0017243709147757302
2018-05-02,4.924230098724365,0.004951579659810745,0.020469038162044928,0.0018374299902221836,0.004227596263292721
2018-05-03,4.998079776763916,0.014944427923340386,0.03151558474847005,0.011542909610753771,0.014997202924916575
2018-05-04,5.063119888305664,0.013259162392325718,0.026662289527886296,0.011668490315485114,0.01301301988898218
2018-05-07,5.070590019226074,0.0017459756574884633,0.0060694291613627716,-0.0012601086518796434,0.0014754007578734463
2018-05-08,5.090419769287109,0.003662285102651097,0.008614419796200812,0.0027432343552133975,0.003910738195327834
2018-05-09,5.161759853363037,0.0139930329438267,0.01659987125521667,-0.007005274939056005,0.014014577836263253
2018-05-10,5.083950042724609,-0.015479175740958806,-0.00983381516573445,-0.02458652405844064,-0.0150742794800367
2018-05-11,5.051089763641357,-0.006746693058668485,0.013700011330152417,-0.008046940596236118,-0.006463533041650704
2018-05-14,5.153389930725098,0.02012838218191937,0.03012819054417859,0.019498809721943067,0.020253088317716106
2018-05-15,5.191800117492676,0.007567840752696231,0.02978234812641145,0.007106029345334441,0.007453382585814516
2018-05-16,5.263239860534668,0.013608016315953098,0.025058702273348166,-0.00045646608548832734,0.013760110448260754
2018-05-17,5.237279891967773,-0.005027263550554495,0.00181829481815865,-0.008791142883908032,-0.004932317214260018
2018-05-18,5.25901985168457,0.004347662994570234,0.01148690948462816,0.0024287623145242687,0.004151002078414567
2018-05-21,5.289740085601807,0.005626548422861921,0.028402667739236387,0.0037934660046039514,0.005841437146770989
2018-05-22,5.399909973144531,0.020201310888854573,0.038434783094688285,0.013787040191234556,0.02082708899868191
2018-05-23,5.5822601318359375,0.033895033322642654,0.06524371376860216,0.03363391647369163,0.033769110892272636
2018-05-24,5.354700088500977,-0.04066457512731014,0.009428071501398128,-0.04515553631515501,-0.04076485831198973
2018-05-25,5.573379993438721,0.04100138740224524,0.04948733795088356,0.02206842261804054,0.040838870772118785
2018-05-28,5.490779876708984,-0.014158351674441572,-0.010435288506167484,-0.0473841836549177,-0.014820471029604598
2018-05-29,5.326350212097168,-0.02988276161528436,-0.025187668258792928,-0.045844116369952226,-0.029946504559270504
2018-05-30,5.262919902801514,-0.01182990476596324,-0.011711643318460974,-0.028518645112346586,-0.011908775572359476
2018-05-31,5.210050106048584,-0.010142661012908838,0.007951876676781211,-0.01114400710401231,-0.010045715634924735
2018-06-01,5.294260025024414,0.016070813572467424,0.039581130499556805,0.013687016800889129,0.01616297679710743
2018-06-04,5.418429851531982,0.02485898238184947,0.033003634736538334,0.012689243896261804,0.023453669808557676
2018-06-05,5.365970134735107,-0.009607884912715692,-0.0003764761044596776,-0.010700528043377622,-0.009681719286638524
2018-06-06,5.386499881744385,0.003281806019680422,0.014101786549758355,-0.0010063754886919796,0.0038259152574078303
2018-06-07,5.378600120544434,-0.0014517131215160406,0.007853007562027559,-0.02095047152127305,-0.0014665852359385667
2018-06-08,5.278600215911865,-0.0174060718764667,-0.0070855344031804934,-0.020860494858836343,-0.018592180565832117
2018-06-11,5.264220237731934,-0.002771628289614858,0.01341261407944172,-0.0037358535801222947,-0.002724202931031705
2018-06-12,5.322710037231445,0.010994966426235209,0.025181274779503715,0.009264420686113217,0.01111081923971935
2018-06-13,5.389900207519531,0.01225877784717655,0.03701875165956969,0.011486641202909986,0.01262330087833119
2018-06-14,5.503389835357666,0.020657074306582812,0.02588167849787326,0.0038850119963480534,0.02105597941865489
2018-06-15,5.481959819793701,-0.003788520414904739,0.0026892646458047675,-0.009399602909341054,-0.003893966483399569
2018-06-18,5.4882001876831055,0.0024297823433787613,0.004635235601643473,-0.010211626961694309,0.0011383461562182173
2018-06-19,5.474510192871094,-0.002499915288033727,0.004518753491653538,-0.006523082055920337,-0.002494441591750829
2018-06-20,5.492459774017334,0.0038578053250273303,0.008252764596442086,0.0017407202235368846,0.003278755635456543
2018-06-21,5.49606990814209,0.00013473949741649172,0.0034119825953380367,-0.004140200961529561,0.0006572891333376241
2018-06-22,5.4959797859191895,0.0005294942067972652,0.004583252574549501,-0.009039141967781994,-1.6397575796300856e-05
2018-06-25,5.3766398429870605,-0.02205058951986849,0.0008206730838056231,-0.03855723259908872,-0.021714043279031037
2018-06-26,5.483530044555664,0.01992881817434422,0.025365321018397946,0.002125912066473168,0.019880483850526876
2018-06-27,5.372039794921875,-0.0205014071553965,-0.011354027497531227,-0.02770840456648105,-0.020331838930012336
2018-06-28,5.346159934997559,-0.004510391635564215,-0.0004969827757610457,-0.01385879830825254,-0.004817510836159555
2018-06-29,5.307469844818115,-0.007070464719476366,0.0028263306846145753,-0.008521982819748253,-0.007236987043011234
2018-07-02,5.368840217590332,0.00989742574751995,0.01809529807590282,0.007489463029344945,0.011563018644775713
2018-07-03,5.371490001678467,8.748343809727999e-05,0.017161941347195286,-0.004107103175568838,0.0004935486959460889
2018-07-04,5.448740005493164,0.014301412955063375,0.02480134855107896,0.0116187273470858,0.014381485172746844
2018-07-05,5.451900005340576,-3.8505847112846325e-05,0.004856199913956916,-0.01415369923922949,0.0005799505654933146
2018-07-06,5.384510040283203,-0.01161065549431528,-0.008088887854887039,-0.015561514477284821,-0.012360821913710685
2018-07-09,5.379749774932861,-0.0008598904582799438,0.008037894690605896,-0.013726455295968831,-0.0008840665751811416
2018-07-10,5.539979934692383,0.030053483585978924,0.0339700232748128,0.013879886223844062,0.029783942834315402
2018-07-11,5.5277299880981445,-0.002178654488052323,0.0255199179217398,-0.0037057439289114313,-0.002211189704411587
2018-07-12,5.715569972991943,0.032013139541202884,0.03713093563160297,0.012688732101558964,0.03398139657657673
2018-07-13,5.678309917449951,-0.0067289488211617066,-0.006067617025568683,-0.017718302689068377,-0.0065190445953875464
2018-07-16,5.6697998046875,-0.001778678514334442,0.003201638120840178,-0.005954260896977592,-0.0014987052285221347
2018-07-17,5.682179927825928,0.0021465157868107987,0.004097159800417582,-0.015079855803388775,0.00218352032962299
2018-07-18,5.593470096588135,-0.014485588972168228,-0.010515344615548594,-0.023865858760136804,-0.015611936328058906
2018-07-19,5.585000038146973,-0.0002449200821423858,0.0058693013349893075,-0.0016412117721565922,-0.0015142761639734825
2018-07-20,5.602260112762451,0.002633831583336743,0.00741091170751762,-0.0006177111577503336,0.003090434108789175
2018-07-23,5.610219955444336,0.0014333389707927857,0.0020491470143608748,-0.009917445973802619,0.0014208270450977167
2018-07-24,5.538949966430664,-0.012197373265732225,0.030162805032075246,-0.014011918251726874,-0.012703599783910335
2018-07-25,5.702310085296631,0.029864876265708995,0.03073866952708415,0.01492886548060346,0.029492976079586564
2018-07-26,5.628680229187012,-0.011679533684973986,-0.003467041448208308,-0.01608297150898208,-0.012912285548881908
2018-07-27,5.668690204620361,0.007881009789906912,0.00873384197723559,0.0024215113978942604,0.00710823386730719
2018-07-30,5.659939765930176,-0.0025967973869679417,0.011350000693971074,-0.0031436465273481096,-0.0015436438355819204
2018-07-31,5.718760013580322,0.010588509247959177,0.01979350203887975,0.009803994252955972,0.01039238049920832
2018-08-01,5.748350143432617,0.005013295551637098,0.01350642272991931,0.002979627717883737,0.005174221296579518
2018-08-02,5.818540096282959,0.012466192911187335,0.03046088796469304,0.005401502625762777,0.01221045188601333
2018-08-03,5.897540092468262,0.014202822846689722,0.01828465519342437,0.0079504273065798,0.013577288267854426
2018-08-06,5.894879817962647,-0.0001203909625763222,0.02828298231295867,-0.0022246859202729174,-0.000451082055213492
2018-08-07,6.08144998550415,0.031518891184997955,0.05195018240303151,0.017286204953237627,0.031649528625332435
2018-08-08,6.104219913482666,0.002782245971274966,0.011855751946980186,-0.0005755181329374359,0.003744161019623604
2018-08-09,6.169010162353516,0.008941390122405357,0.04378611936731991,0.007643883592494793,0.01061400961779646
2018-08-10,6.4028401374816895,0.03786501287125832,0.2568953059327752,0.03673842993527576,0.037903969838650076
2018-08-13,7.74105978012085,0.21081115056760535,0.25083400178838877,0.13905232969774706,0.20900406911697433
2018-08-14,7.917300224304199,0.023938629726825145,0.025027628437508387,-0.054903300006732714,0.022766965918017856
2018-08-15,7.197370052337647,-0.0980018889672245,-0.06079855782254906,-0.15733776798563126,-0.090931270959833
2018-08-16,6.759500026702881,-0.060745811293364205,-0.04882337520146285,-0.09796078290555466,-0.060837503484005184
2018-08-17,6.655700206756592,-0.013953668175375356,0.06310969215697937,-0.03194466812536012,-0.015356138699051058
2018-08-20,6.861259937286377,0.03092080070124581,0.0647474587181629,0.025928113703846956,0.030884764058499714
2018-08-21,6.994629859924316,0.018168676926049177,0.03250424539955743,0.009284038166376574,0.01943810959750447
2018-08-22,7.027770042419434,0.0033725998892071285,0.009954800671520436,-0.0030051533860774304,0.0047379465616892436
2018-08-23,6.977829933166504,-0.006230975589996746,0.009647447853897928,-0.012989895308156862,-0.0071061103239707935
2018-08-24,7.020770072937012,0.006363040597748837,0.016185524106557825,0.0008154537819546892,0.006153795690320374
2018-08-27,6.96649980545044,-0.007862399618789429,0.041115154953040856,-0.008806732473843781,-0.007729959380918472
2018-08-28,7.191090106964111,0.032227115357907676,0.05470037287961804,0.0271169185031781,0.032238614481544525
2018-08-29,7.326210021972656,0.015973944103396587,0.04996595341801613,0.0137642483238134,0.018789907093180513
2018-08-30,7.567150115966797,0.03576475562373149,0.08755959317310591,0.03056831684302508,0.03288741290128416
2018-08-31,7.853859901428223,0.03672846165440746,0.04583626768994842,-0.014284099324337607,0.03788874028763667
2018-09-03,7.638430118560791,-0.027945499466994095,-0.0067393458629479985,-0.03549974506303244,-0.02742979701334569
2018-09-04,7.682199954986572,0.008243799265482465,0.01772744266805515,0.001133719821444057,0.005730213636362835
2018-09-05,7.709010124206543,0.002923639576851267,0.011344419229382341,-0.004604133354263462,0.003489907757812105
2018-09-06,7.657299995422363,-0.008762497552107229,0.002145547903051215,-0.012685187808275211,-0.006707752091517971
2018-09-07,7.642419815063477,-0.0027947154787968387,0.0021913598275109525,-0.03649065586484235,-0.001943267257098702
2018-09-10,7.422359943389893,-0.028959371612814033,-0.016441118400610577,-0.031759528544891724,-0.028794528042000334
2018-09-11,7.498559951782227,0.010228566865459143,0.014221868341379063,0.005756909515253872,0.010266277703251836
2018-09-12,7.468500137329102,-0.0038687186896287917,-0.001685656908916755,-0.02083866963591896,-0.0040087449652224105
2018-09-13,7.389969825744629,-0.012591539835710375,0.019442965335213058,-0.06257347129272428,-0.01051487047472388
2018-09-14,7.170760154724121,-0.031553585681663776,-0.023244970766988393,-0.047560409836435835,-0.029663134788025958
2018-09-17,7.160610198974609,-0.0019788971719572057,0.028934164480341806,-0.0021867016567304054,-0.0014154644041224351
2018-09-18,7.380899906158447,0.030382859617785085,0.05379843014078545,0.02989407658897103,0.03076409706192118
2018-09-19,7.467870235443115,0.011502649192263403,0.015009042327317257,-0.015149879490549356,0.011783160643067614
2018-09-20,7.300300121307373,-0.023609149175043975,0.00021020021442730297,-0.03912495157637075,-0.02243880903827722
2018-09-21,7.32289981842041,0.003158753008441151,0.01612668820357932,0.0006643440208613516,0.0030957216467135673
2018-09-24,7.40762996673584,0.011357579105716553,0.014894413928966621,-0.028369887441970332,0.011570573190458733
2018-09-25,7.232069969177246,-0.024762332308502888,-0.00983577263258284,-0.037245365700486754,-0.02369988759521613
2018-09-26,7.2815399169921875,0.006986928643249124,0.007397629683353335,-0.011905319201542808,0.006840358020010928
2018-09-27,7.1662797927856445,-0.013894047711351387,-0.012066143758526215,-0.04343447652257004,-0.01582908636366498
2018-09-28,6.983439922332764,-0.025520903961719354,-0.021411388204682913,-0.032302626334622775,-0.025513917365736605
2018-10-01,7.0181498527526855,0.003965085127789925,0.005861047220838689,-0.01774626527832912,0.004970319900500675
2018-10-02,6.873600006103516,-0.02044838993439857,-0.005933159837525515,-0.021643854547524932,-0.020596574550552527
2018-10-03,6.918399810791016,0.0057277205441226275,0.024394754791264406,0.0057277205441226275,0.006517662454568196
2018-10-04,6.943059921264648,0.0036684978140368862,0.035265439174864355,0.0035181766602319087,0.003564424021168744
2018-10-05,7.120830059051514,0.02554494125675144,0.0283160396938269,0.01211429268414621,0.025604004545950243
2018-10-08,7.107170104980469,-0.0025910266091663248,-0.00037499674388985493,-0.01507125306434276,-0.0019183092361095833
2018-10-09,7.03125,-0.01221303235142257,-0.00853925335274186,-0.016828117837885403,-0.010682184872325862
2018-10-10,7.020699977874756,-0.0012529839409721744,0.00250739203559025,-0.014051581488715326,-0.0015004475911458703
2018-10-11,7.007440090179443,-0.001999799639690991,0.002055357176210082,-0.019320031446380725,-0.0018886845666529206
2018-10-12,6.861420154571533,-0.020839271875172427,-0.009599836468804024,-0.036232924983942594,-0.02083784288253132
2018-10-15,6.798669815063477,-0.009079782876902587,-0.007265257906822087,-0.028773946117851223,-0.009145386537253275
2018-10-16,6.695230007171631,-0.016520870897451245,-0.010625589675409386,-0.02702877096986056,-0.015214712687275811
2018-10-17,6.585319995880127,-0.01713606271386159,-0.013965186741747293,-0.047066377084399424,-0.016416166610224492
2018-10-18,6.425670146942139,-0.024285870585949776,-0.00944830268340191,-0.03530885417869711,-0.024243294029427154
2018-10-19,6.449269771575928,0.0037023193092526885,0.018069686953619213,-0.0013850953059109106,0.0036727102534230838
2018-10-22,6.500669956207275,0.008126520922323799,0.011142395334777122,0.006197662582728691,0.00796992317764178
2018-10-23,6.491399765014648,-0.0014367456709298843,0.0349286831489104,-0.0018921149018040762,-0.0014260362785800673
2018-10-24,6.595849990844727,0.016044350837686183,0.019333303558862314,-0.006748912766578186,0.01609055513619917
2018-10-25,6.498079776763916,-0.014873016446773746,-0.008253677932405612,-0.03216114223748423,-0.014822989336707004
2018-10-26,6.403900146484375,-0.014528898670119084,-0.010849343102137698,-0.02148015686854654,-0.01449345553071113
2018-10-29,6.3668599128723145,-0.005748047349685259,-0.004119374365596951,-0.019303866462069275,-0.0057840117373464395
2018-10-30,6.319839954376221,-0.007498198995781413,-0.006024966685447497,-0.024228533973204458,-0.007385109636389275
2018-10-31,6.208199977874756,-0.017329546204766788,0.007821383745552746,-0.018778956613133002,-0.01766500058663023
2018-11-01,6.314050197601318,0.01680681627821068,0.032168727325906143,0.011993819443222975,0.017050066058406532
2018-11-02,6.294010162353516,-0.0030282015142819585,-0.002668650728469668,-0.024093905210148425,-0.003173879620946951
2018-11-05,6.182400226593018,-0.017797876524982437,-0.009761660596737887,-0.03237366032763678,-0.01773272252213265
2018-11-06,6.063930034637451,-0.019128555135798364,-1.619691374754595e-05,-0.021410777410981963,-0.019162491526507397
2018-11-07,6.126599788665772,0.010402467314771124,0.022788817127458616,0.00848621091968127,0.010334841211944834
2018-11-08,6.132199764251709,-0.0002643906705661614,0.02107046544510438,-0.00043413928772995103,0.0009140429894403113
2018-11-09,6.202250003814697,0.011431510739956074,0.024069694338831882,0.008757126177717067,0.011423345986109723
2018-11-12,6.183889865875244,-0.0035680619934049806,0.0018396161900062769,-0.013483830052000267,-0.002960238289033912
2018-11-13,6.136720180511475,-0.007961024499487546,0.004844872101036346,-0.008192199024147362,-0.007627833998801847
2018-11-14,6.189839839935303,0.009099325660751001,0.01118345625186734,0.0020368876040384176,0.008656034145490432
2018-11-15,6.172379970550537,-0.0026817584268125083,0.0020517624365083975,-0.02933833858394186,-0.002820730396305038
2018-11-16,6.103229999542236,-0.01175232353031841,-0.01015487833018991,-0.020651680079268098,-0.011203129317739147
2018-11-19,6.084090232849121,-0.002850914663897197,0.0022201038939244633,-0.007353469119375178,-0.0031360061302868614
2018-11-20,6.077300071716309,-0.0005457212180454141,0.018081531674794427,-0.0011768705744893415,-0.0011160520099046112
2018-11-21,6.12060022354126,0.006229726398275348,0.009617715842310748,-0.010496411853977206,0.007124899431323106
2018-11-22,6.050250053405762,-0.011165620857055636,-0.006012545040916306,-0.01715354730886487,-0.011493998556696305
2018-11-23,6.03508996963501,-0.0025453382464183383,0.0017106318627231332,-0.01337469008836023,-0.002505695407120978
2018-11-26,6.000160217285156,-0.005648638592925526,-0.005337099092395325,-0.018137240300459045,-0.005787776574267989
2018-11-27,5.943819999694824,-0.009969762973756846,-0.0036799719754391225,-0.014666324624612037,-0.009389785530730999
2018-11-28,5.937769889831543,-0.001149128919525233,0.0009791342127063452,-0.005022023901303907,-0.0010178824162898614
2018-11-29,5.93310022354126,-0.001694210741281621,0.0020714872290543695,-0.017048432246748124,-0.0007864343645718197
2018-11-30,5.886179924011231,-0.008103764056633489,0.001936570718706676,-0.011877489077253944,-0.007908226350847536
2018-12-03,5.886419773101807,-0.00033635191353631466,0.017875743242947495,-0.00731711229244747,4.074783538254856e-05
2018-12-04,5.9526801109313965,0.011341369753555375,0.05320219167438189,0.011341369753555375,0.011256475138312183
2018-12-05,6.105090141296387,0.026100807654797276,0.03694296751557524,0.012276833544609289,0.02560359829937897
2018-12-06,6.039219856262207,-0.010773002152101085,0.0023308049751540327,-0.01104816554354493,-0.010789404170892802
2018-12-07,6.067560195922852,0.004883080058510014,0.0070771301622514216,-0.007227700680022875,0.0046927153399223265
2018-12-10,6.0620598793029785,-0.0006757778400194869,0.0034362584085183556,-0.008570173858564956,-0.0009065120810122229
2018-12-11,6.0472798347473145,-0.0031457412184209277,0.014211368922087297,-0.004453923409948213,-0.002438122494653361
2018-12-12,6.064310073852539,0.0027202194595281615,0.011059555364209217,0.0011129102397755553,0.0028161817495810926
2018-12-13,6.075590133666992,0.0017990561245750936,0.011094389115081427,-0.00505418398494073,0.0018600730630660145
2018-12-14,6.069580078125,-0.0009513841297009717,0.007377033483509932,-0.0020558122334090045,-0.0009892134607120129
2018-12-17,6.068130016326904,-0.00028337242568676757,0.006664397801777966,-0.0003377371937974827,-0.0002389064448332645
2018-12-18,6.097899913787842,0.004101748960045004,0.0069164266488424,0.0005372554051845668,0.004905942585415657
2018-12-19,6.069630146026611,-0.004685170097518676,-0.00031153663804583953,-0.019518192637084875,-0.004635984217666533
2018-12-20,6.031799793243408,-0.00672200671587897,-0.002459828342303849,-0.012803111524552269,-0.006232727838938912
2018-12-21,6.02377986907959,-0.0014473183778681564,0.00616406794174762,-0.003949057365524755,-0.0013296071551980315
2018-12-24,6.03971004486084,0.002588107670978612,0.005053360376202187,-0.001321403314012648,0.0026445481288286388
2018-12-25,6.0131001472473145,-0.004323083737098554,0.009497173183096175,-0.004455483456351161,-0.004405823692838928
2018-12-26,6.025469779968262,0.00203554451351029,0.0042723517164622304,-0.0009312959120597597,0.0020571140373588648
2018-12-27,5.9917497634887695,-0.006009420776260432,0.003684377880089462,-0.006384529807160755,-0.005596246883785683
2018-12-28,6.050389766693115,0.009604945561735523,0.013593769025140867,0.004431141822800688,0.009786791090921954
2018-12-31,6.034749984741211,-0.00268903070136961,0.006087281428578395,-0.005270720845433785,-0.0025849213943207605
2019-01-01,6.046939849853516,0.004714364684364147,0.011906014860552316,0.004134392895961847,0.0020199453404243783
2019-01-02,6.057069778442383,0.001491717917774027,0.018859187884698647,4.794441475963751e-05,0.0016752157025528014
2019-01-03,6.2140398025512695,0.02914286182131587,0.0464631009283456,0.012932002245840124,0.025915175134279655
2019-01-04,6.226480007171631,0.0011603167823657223,0.0032957876993990887,-0.02057753250398675,0.002001951229094745
2019-01-07,6.0700201988220215,-0.02502375003589785,-0.003926749183921552,-0.02558586293711651,-0.025128131491532923
2019-01-08,6.176159858703613,0.017505678624608167,0.03867694232921215,0.013966961657942312,0.017485882485562376
2019-01-09,6.273489952087402,0.014682282267629354,0.028211723188988236,0.01367034203687889,0.015758998408473612
2019-01-10,6.321310043334961,0.008245833872358777,0.013316345990282086,-0.009165534016667976,0.007622566005967224
2019-01-11,6.241829872131348,-0.011880440059658715,0.0006644163410212123,-0.013125466366261218,-0.01257337018098259
2019-01-14,6.276000022888184,0.005764371241520072,0.018595551771855012,0.005248483850272434,0.0054743803430785665
2019-01-15,6.264699935913086,-0.003237721253276371,-0.0003823966552715108,-0.01287604680419574,-0.0018005237307021638
2019-01-16,6.211480140686035,-0.009010789138217734,-0.0072788701622495955,-0.02803487707592034,-0.00849518664444926
2019-01-17,6.081210136413574,-0.020837270844525357,-0.012734506139753798,-0.02141678548930326,-0.020972457662574606
2019-01-18,6.097529888153076,0.0017397956375260204,0.006722301234934891,-0.005076285820163728,0.0026836355549992863
2019-01-21,6.0517401695251465,-0.0075095521412522626,-0.001348040777803372,-0.008159017198663632,-0.0075095521412522626
2019-01-22,6.057380199432373,-0.0007188321495019689,0.006859122687541852,-0.0012872477065015708,0.0009319682850279509
2019-01-23,6.068299770355225,0.0011456913338769859,0.0040924969812836665,-0.00807612415943737,0.0018026887141531223
2019-01-24,6.016059875488281,-0.008129090446621468,-0.005924181136678697,-0.019893531011389354,-0.008608654292615037
2019-01-25,5.9515299797058105,-0.010674752738298876,-0.00019609098875517095,-0.01115182293284911,-0.010726272197753572
2019-01-28,6.010149955749512,0.009804216127806908,0.0261344545019202,0.006999852498901671,0.009849564102607289
2019-01-29,6.08066987991333,0.011711891545975295,0.019931295906332247,0.007319307424399346,0.011733471657617622
2019-01-30,6.0664801597595215,-0.0023451059665596796,0.0015344152632561503,-0.012159811619884442,-0.0023335784435004614
2019-01-31,6.006700038909912,-0.010261327110574259,-0.007018918152656095,-0.022805647801491746,-0.009854169019812509
2019-02-01,5.925859928131104,-0.012652573481401808,-0.001440029632539197,-0.0135415179039583,-0.013458323248230375
2019-02-04,5.96996021270752,0.007603986311247368,0.011338467514077077,0.005227951815294896,0.007442005904841675
2019-02-05,5.962309837341309,-0.001326686429315882,-9.049582928455369e-05,-0.008201094672056208,-0.0012814784510501998
2019-02-06,5.928760051727295,-0.005640413727909799,-0.0009207549342723498,-0.006878190512217386,-0.00562697788764599
2019-02-07,5.94120979309082,0.0017727092532431321,0.009158716311104653,-0.0003373142147861108,0.002099889564580737
2019-02-08,5.975769996643066,0.006050987108756178,0.006673799040420203,3.370889320786219e-06,0.005817031338034351
2019-02-11,5.944079875946045,-0.005666249976659765,-0.0012584485055894268,-0.006976485501469898,-0.005303102481324373
2019-02-12,5.9475998878479,0.001453595760313675,0.0023519051049047945,-0.0022963925074358515,0.0005921878533463598
2019-02-13,5.951479911804199,0.000484245156005203,0.003888953606347556,-0.0027153806603869013,0.0006523680189427505
2019-02-14,5.954500198364258,-0.0004822469197168777,0.009249782752529745,-0.0021288890021262663,0.0005074849625330558
2019-02-15,5.955939769744873,0.0005206009341187645,0.004663626611332461,-0.004683886884572219,0.00024176191664437852
2019-02-18,5.965549945831299,0.0011736909722908084,0.009479676211805899,-0.00011584794249008823,0.001613544874184969
2019-02-19,5.989850044250488,0.003959421821302156,0.008555820174227291,0.002422253333455915,0.004073404571219852
2019-02-20,5.994100093841553,0.0007395539399119855,0.010621316062108477,-0.0004040082072177542,0.0007095419016613924
2019-02-21,6.039269924163818,0.00764080203720785,0.010410213913659483,0.004284223612050386,0.007535715055655201
2019-02-22,6.031310081481934,-0.0012865895365647972,0.0023347316720603306,-0.0027751487592010404,-0.0013180140616064762
2019-02-25,6.0318098068237305,-0.00010277838434591402,0.0012467808624119225,-0.0041267893123762,8.285518984196827e-05
2019-02-26,6.026370048522949,-0.001253318083338728,0.0017640052801577433,-0.003055427268893851,-0.000901845130233947
2019-02-27,6.0387701988220215,0.00218203299928299,0.0047706899091912724,-0.0009242603424819418,0.002057648335437312
2019-02-28,6.041800022125244,0.00027321068910768354,0.007057679593190924,0.00020364461480015805,0.0005017285313844155
2019-03-01,6.074240207672119,0.005250117733428539,0.017711590470296912,0.004262001410670235,0.005369291507179685
2019-03-04,6.108870029449463,0.005715932003543589,0.00863642447505053,0.0003934496752195926,0.005701095214114993
2019-03-05,6.107029914855957,0.00022589557957330975,0.0015354498776034564,-0.005054940474485292,-0.000301220124938828
2019-03-06,6.087130069732666,-0.0023710566650295695,0.00817419969907962,-0.0073898075873500835,-0.003258514433486348
2019-03-07,6.144969940185547,0.009835466886611188,0.013397137957158023,0.0031788464610109646,0.009501993515873997
2019-03-08,6.111460208892822,-0.005471122072772006,0.0005679395009023924,-0.00718960659073653,-0.005453196943012717
2019-03-11,6.101319789886475,-0.0017835378496786625,0.003848506252915662,-0.002261353405539901,-0.0016592465073391738
2019-03-12,6.116950035095215,0.002196258888451652,0.010360055316775973,-0.0004785315341965246,0.0025617810157483323
2019-03-13,6.155640125274658,0.0063462656493433744,0.011092147643148698,0.005466795196261032,0.006325062319859409
2019-03-14,6.196509838104248,0.004806917300711477,0.007503652595610699,0.003193818292267059,0.006639392816643275
2019-03-15,6.181990146636963,-0.0025772174470179987,0.001189378425878962,-0.003745664782586422,-0.0023432047792451005
2019-03-18,6.165780067443848,-0.0025849675110780623,0.0038110780817848244,-0.0026351041411082354,-0.002622145750577398
2019-03-19,6.196119785308838,0.004855854084790279,0.009140736013502293,0.0046563270412196545,0.004920661705919205
2019-03-20,6.2140398025512695,0.002721059118276248,0.004493156757185313,0.0015090573066993684,0.0028921353788091686
2019-03-21,6.200290203094482,-0.0021370823615427526,0.001760541494465917,-0.0029851625863100972,-0.0022126667825883573
2019-03-22,6.215129852294922,0.0023272409470742605,0.043604409491353247,0.0016111727253298458,0.0023933797797131007
2019-03-25,6.412129878997803,0.03365985702702878,0.04139742361404797,0.012102741184796262,0.031696848076333994
2019-03-26,6.2906599044799805,-0.01918390363622613,-0.013791038156536706,-0.0384333970813725,-0.01894377949449888
2019-03-27,6.046870231628418,-0.0387669632752623,-0.022495256763896188,-0.05088334481715706,-0.03875422873806045
2019-03-28,6.030910015106201,-0.0027419316427791385,0.041348590977861255,-0.004886838049945719,-0.002639417733612981
2019-03-29,6.253699779510498,0.031593878271485076,0.053613789346471874,0.030244150434840744,0.03694131795139599
2019-04-01,6.276380062103272,0.002991850756071779,0.023589246447510925,-0.02452786928270234,0.0036266983373720585
2019-04-02,6.15841007232666,-0.018775199860999403,0.011780644181970112,-0.019684903874432114,-0.0187958645922216
2019-04-03,6.292200088500977,0.020391599862548793,0.02963425355176663,0.015948900831134205,0.02172476574359883
2019-04-04,6.319240093231201,0.004324363239540219,0.01088968376061894,-0.009869351379616087,0.004297384754124556
2019-04-05,6.287189960479736,-0.004869304119621387,0.0018656988122986995,-0.009610329655586392,-0.005071833365817957
2019-04-08,6.315529823303223,0.004604634911297811,0.02464059494616433,0.0044009973915437595,0.004507556317150607
2019-04-09,6.402740001678467,0.014464357090943958,0.01781167697751518,0.006908386843086367,0.01380884594249765
2019-04-10,6.399740219116211,-0.0006013024446288595,0.0060317918745822485,-0.0036640424787334203,-0.0004685154420559501
2019-04-11,6.403940200805664,0.0005937608689756679,0.013789572757425761,-0.00018127998421602065,0.0006562737776305561
2019-04-12,6.454329967498779,0.008519709105768491,0.028543333763215495,0.007823285060442053,0.00786855671868647
2019-04-15,6.534669876098633,0.012655042649772907,0.019162347659461787,0.01236691593075534,0.012447443654788337
2019-04-16,6.55633020401001,0.0032901601815968906,0.0074816501456926865,-0.0010084502585923083,0.003314678219721978
2019-04-17,6.529560089111328,-0.004072403159330773,0.0005673610930803097,-0.016227065458749745,-0.004083094363110051
2019-04-18,6.500400066375732,-0.0016938718280524734,0.008398741590888603,-0.00477365870472668,-0.004465847980206661
2019-04-19,6.548709869384766,0.00714573528055773,0.009827082346249405,0.002369074626804357,0.007431819967346653
2019-04-22,6.547100067138672,-0.00020919435779587214,0.004219201901316749,-0.002446256054476459,-0.00024581975353943353
2019-04-23,6.559629917144775,0.001253945299231063,0.004096425239893398,-0.0025079634302734855,0.001913801511755242
2019-04-24,6.547939777374268,-0.001958922668132912,0.005139009871740319,-0.002561108929926448,-0.0017821340408173958
2019-04-25,6.563690185546875,0.0022908493102802296,0.0166861770205049,-0.00016945789131606048,0.0024053990580412687
2019-04-26,6.636710166931152,0.011191817890170652,0.01327905967109766,0.004663475397412187,0.011124836687914641
2019-04-29,6.629960060119629,-0.001145192011317575,0.0027980649782766154,-0.0034972219807316574,-0.0010170862734306674
2019-04-30,6.655600070953369,0.0039049818203840125,0.010423881299484794,0.0036847579630487903,0.003867294915993469
2019-05-01,6.689599990844727,0.005018339201615207,0.007832463628772546,0.002749572730096128,0.005108467986191245
2019-05-02,6.675600051879883,-0.0011764824962499087,0.0018715373778575017,-0.0025188344119954076,-0.002092791644344061
2019-05-03,6.665800094604492,-0.0015833856437987848,0.0015683853737937792,-0.002591546647839671,-0.0014680264244756325
2019-05-06,6.690509796142578,0.004035496748167722,0.014082283416013253,0.003201400137747612,0.0037069370799294177
2019-05-07,6.816359996795654,0.01880127568808998,0.03811520135106394,0.017722166377687865,0.018810255793308306
2019-05-08,6.886350154876709,0.010282587345748828,0.017672193586221407,0.010282587345748828,0.010267966790773464
2019-05-09,6.896009922027588,0.0010687782891278808,0.020772936858018953,8.565459952381005e-05,0.0014027412103112535
2019-05-10,6.9078898429870605,0.001695203444120219,0.003084432208837695,-0.014177725720978196,0.0017227238785613164
2019-05-13,6.729420185089111,-0.025826997434577947,-0.003010997180555308,-0.03116720318605193,-0.025835625922601135
2019-05-14,6.842199802398682,0.0169375389412183,0.02002102090632807,-0.0023895638916581197,0.016759187895483807
2019-05-15,6.752470016479492,-0.013242821012252048,-0.003186046153450528,-0.019628154537281062,-0.013114172124545798
2019-05-16,6.737520217895508,-0.0022184236713962413,0.003696431229643027,-0.003800096547154075,-0.0022139748192141484
2019-05-17,6.763000011444092,0.0038767540831292635,0.00968158767931504,0.0008934432981986262,0.003781776191321473
2019-05-20,6.765950202941895,0.0003932866573941318,0.002617210599223485,-0.009024088560991794,0.0004362252687877266
2019-05-21,6.724999904632568,-0.006099698461353831,0.0016080510663512015,-0.008885685519421704,-0.006052409060226527
2019-05-22,6.7678399085998535,0.00633608461877877,0.014883275579903099,0.003964307196015149,0.0063702609033160495
2019-05-23,6.824979782104492,0.008587710626554834,0.014981129329004306,0.004583466055444019,0.008442852413224289
2019-05-24,6.839290142059326,0.0022183298842592958,0.0042989529812715865,-0.006751614963159458,0.0020967622486378623
2019-05-27,6.807429790496826,-0.004200716013233241,-0.002488595332464927,-0.01138134610459951,-0.0046584295885576665
2019-05-28,6.790949821472168,-0.003109787853433188,-0.0006639715078541331,-0.0142020836755401,-0.002420879763999073
2019-05-29,6.736480236053467,-0.00791930487849235,-0.005279091880760478,-0.014909504191015999,-0.008020908245629288
2019-05-30,6.700329780578613,-0.005431634630038373,-0.0026735236851052058,-0.030606501978457046,-0.00536637148898278
2019-05-31,6.578259944915772,-0.018654303670540107,-0.014818657790815482,-0.03222676974382299,-0.018218481725581492
2019-06-03,6.5510101318359375,-0.0045346306154908644,0.0012677945181258643,-0.008628396379109393,-0.004142404421232371
2019-06-04,6.559599876403809,0.001340251719551766,0.0065409786712691265,-0.014319941443235562,0.0013112091715639096
2019-06-05,6.497230052947998,-0.00942588648053666,-0.006611648708339413,-0.025571661583728034,-0.009508174984905304
2019-06-06,6.420139789581299,-0.01189892995424302,0.00540538199967866,-0.013228698547793516,-0.011865096777929351
2019-06-07,6.526209831237793,0.016365705043720702,0.029086656136370737,0.014957654885703109,0.016521453602712288
2019-06-10,6.610050201416016,0.012767003052799542,0.015250845836328297,-0.0015675353163061567,0.012846716907096711
2019-06-11,6.552490234375,-0.008698929757586793,-0.00033133077675528977,-0.014166356472384067,-0.008707947033244179
2019-06-12,6.572889804840088,0.002527222512016092,0.008486804417079608,-0.002385390080666183,0.0031132546154848395
2019-06-13,6.5613298416137695,-0.001602034307169653,0.011982575310593324,-0.0030290875542979823,-0.0017587337639231038
2019-06-14,6.625349998474121,0.009860825200038503,0.0202230273516788,0.004742986718270892,0.009757192277443316
2019-06-17,6.633130073547363,0.0010866994578953015,0.003687321897235085,-0.007115114140508472,0.0011742889168171455
2019-06-18,6.589079856872559,-0.006615275944055088,-0.004549884757627298,-0.017564846928425193,-0.006640939674992241
2019-06-19,6.522649765014648,-0.010159207694259376,0.003707691437052185,-0.010479435172280893,-0.010081846524992777
2019-06-20,6.506669998168945,-0.002256745893775225,0.0025940515482578697,-0.008255800794620183,-0.002449888836805747
2019-06-21,6.507760047912598,-3.0706147590597865e-05,0.01637245926781894,-0.000702357323408842,0.00016752805105513247
2019-06-24,6.5600199699401855,0.007569446184656492,0.019399884024941194,-0.0010403170864204947,0.008030400881844146
2019-06-25,6.610730171203613,0.007791175617354984,0.012313991370000554,-0.0007332075872992228,0.007730190074999088
2019-06-26,6.58650016784668,-0.0042265033606454505,-0.0013614685712464158,-0.010938272926445447,-0.0036652537207583213
2019-06-27,6.561669826507568,-0.0038260633616769013,-0.00027785636780475187,-0.00589695481583441,-0.003769883960578313
2019-06-28,6.559820175170898,-0.0003169869467798403,0.005038362905579907,-0.002129015722102001,-0.0002818872917375037
2019-07-01,6.513529777526856,-0.0062135911038355696,-0.004859947052178737,-0.027723316377043172,-0.007056656494830782
2019-07-02,6.374979972839356,-0.0211805214430425,-0.012262129734546545,-0.023621541711036476,-0.02127107872685685
2019-07-03,6.378550052642822,0.0003168452623778517,0.002105121120010489,-0.00740704338940068,0.0005600142774841999
2019-07-04,6.355350017547607,-0.005499675594793363,-0.0031512046725115095,-0.012300635077670763,-0.003637195742565713
2019-07-05,6.314320087432861,-0.0064512401772640615,-0.0023208798530327535,-0.008643144746057874,-0.0064559670201419506
2019-07-08,6.446790218353272,0.020653010261447502,0.027700538789612317,0.014657128493850147,0.020979318293359972
2019-07-09,6.426859855651856,-0.0033660754418358696,-0.0011789289254307,-0.011864881534987881,-0.003091517177754022
2019-07-10,6.415380001068115,-0.001341212583196194,0.004708378078753128,-0.002802249159414405,-0.0017862307318939896
2019-07-11,6.400199890136719,-0.0023662060437369403,0.0002680981686746797,-0.00713444383603512,-0.0023662060437369403
2019-07-12,6.398829936981201,-0.0005202577939579234,0.01461989219048565,-0.001951469625825597,-0.00021404849520856306
2019-07-15,6.452199935913086,0.008348411718955395,0.009278265163828348,0.0030349528169051343,0.008340587178827796
2019-07-16,6.42671012878418,-0.004029636890739652,-0.0012941160472754731,-0.00972844773178283,-0.003950560643204759
2019-07-17,6.406700134277344,-0.004000508095245325,-0.0028506161396810725,-0.009493249188961883,-0.003113567300509601
2019-07-18,6.387899875640869,-0.00467794159852053,0.0012533656290822925,-0.0053178725770745006,-0.002934468328849804
2019-07-19,6.326990127563477,-0.010397795765533124,-0.004037279575993424,-0.010436910760408202,-0.009535175764050607
2019-07-22,6.335080146789551,0.0022948813218517383,0.00856800912827671,0.0017749343189139566,0.0012786521020209385
2019-07-23,6.351960182189941,0.00256660845337664,0.006558667239315641,0.0005713693882396509,0.0026645338352893067
2019-07-24,6.375609874725342,0.0038853613828244704,0.005510086084960619,-0.0015838119376090365,0.0037232117105694407
2019-07-25,6.360819816589356,-0.002446782023545202,0.0029393544339706423,-0.013477906003332873,-0.0023197871931620595
2019-07-26,6.350830078125,-0.0014997444452259368,-0.0002798433476972617,-0.016400409427385076,-0.0015705111530281979
2019-07-29,6.294119834899902,-0.008858701658785995,-0.006421218477299817,-0.018427535030561604,-0.008929579681313138
2019-07-30,6.2565999031066895,-0.005975427065682992,-0.005975427065682992,-0.016677467395914136,-0.00596110858664789
2019-07-31,6.199749946594238,-0.009147140078291094,-0.007951579451660917,-0.017533441134739203,-0.009086397946626357
2019-08-01,6.172420024871826,-0.0047034191679963255,-0.0014726402107766434,-0.008703552072487075,-0.004408229679880193
2019-08-02,6.204110145568848,0.005437056949965546,0.007813818730622701,-0.0012701916790470724,0.005134148448959319
2019-08-05,6.162469863891602,-0.006979268712029141,0.006750307932649413,-0.006997022971860223,-0.006711725082280573
2019-08-06,6.281869888305664,0.019342931045102096,0.01996605289718767,-0.0003845666962455363,0.019375352261546297
2019-08-07,6.195950031280518,-0.013892325783837256,-0.012547179922690388,-0.02430325831810387,-0.013677433400060557
2019-08-08,6.148799896240234,-0.007880959675612642,-0.0016688665537055725,-0.014291608283273138,-0.007609831390221644
2019-08-09,6.1314802169799805,-0.0024069854225307052,0.004504935568665269,-0.005757206997334174,-0.0028167576685727003
2019-08-12,6.149449825286865,0.0028068274062447163,0.018253321539453138,0.0025882196305893057,0.0029307129226514572
2019-08-13,6.236599922180176,0.014139525420059362,0.027960278004651062,0.011103468110426284,0.014172015280935257
2019-08-14,6.2220001220703125,-0.0031587805214090547,0.005839699343181071,-0.003550015452135735,-0.0023409871231181434
2019-08-15,6.250490188598633,0.004580533518080188,0.004934061285299052,-0.0069029496155874615,0.004578924135224982
2019-08-16,6.1844401359558105,-0.0105143883673674,-0.00999440961814213,-0.018732966805276807,-0.010567179637095081
2019-08-19,6.190639972686768,0.0010300152408946328,0.01627144968766081,-0.002270212497410329,0.0010024895697366976
2019-08-20,6.258729934692383,0.010847039443912854,0.029635100152025196,0.00980188039279617,0.010998856710457972
2019-08-21,6.356969833374023,0.015797179050136556,0.0167174481932435,0.011716422709124874,0.01569645913895301
2019-08-22,6.355649948120117,-0.001914408636606857,0.01091877512651962,-0.003204357908753508,-0.0002076280505496353
2019-08-23,6.391630172729492,0.005596617960975214,0.010098085613939878,0.0006057575931270875,0.005661140072702908
2019-08-26,6.488170146942139,0.015008631610045287,0.016606038993689953,0.0055807051809058095,0.015104123925151924
2019-08-27,6.470749855041504,-0.0032012219881133452,0.0020159217396102935,-0.007439728680304736,-0.0026849314222816556
2019-08-28,6.46196985244751,-0.001412512437228064,0.0019549531744167403,-0.007456588897422289,-0.0013568756003067284
2019-08-29,6.451690196990967,-0.0017006680990542256,0.0018833753587086388,-0.003276038570122375,-0.0015907928528402504
2019-08-30,6.448840141296387,-0.0004882420219989303,0.0007455188125800039,-0.008569881764278753,-0.00044175334021923085
2019-09-02,6.412199974060059,-0.0057731334604832485,-0.004634951366432216,-0.013645910833307795,-0.005681667778007937
2019-09-03,6.367099761962891,-0.007559031298192576,-0.007075590610438165,-0.02093199273790436,-0.007033500558250916
2019-09-04,6.2790398597717285,-0.013890145389992337,-0.012030532078123657,-0.0253553268623693,-0.01383045742697997
2019-09-05,6.25846004486084,-0.0033141452970325558,0.00347187494992629,-0.008109521638693384,-0.003277541689572394
2019-09-06,6.278870105743408,0.003890760050596853,0.010663970934119194,0.0023328103087998375,0.0032611953637584623
2019-09-09,6.288010120391846,0.0014652470867260181,0.014450006436181662,0.0010766460012705537,0.0014556782501484733
2019-09-10,6.3429999351501465,0.008505023124062427,0.01589689717373588,0.008196535459056964,0.008745185472900374
2019-09-11,6.372270107269287,0.0043827973269152665,0.008418735648558329,-0.004493154721744164,0.004614562891123164
2019-09-12,6.329689979553223,-0.006875083762863943,-0.0027164797200518453,-0.02760240321128582,-0.006682097117554742
2019-09-13,6.258570194244385,-0.011867875436500586,-0.0029163824713608344,-0.012826869801711882,-0.011235903423165383
2019-09-16,6.34581995010376,0.014113413971762467,0.015765582670796086,0.0023535689777194335,0.013940844817816878
2019-09-17,6.300779819488525,-0.0071874007422069175,-0.003819840009305575,-0.009675650610764919,-0.0070976061359097065
2019-09-18,6.313799858093262,0.001526825241058738,0.0019839268249988162,-0.007075311951019292,0.002066417011504562
2019-09-19,6.260769844055176,-0.008140851618586464,0.0011879013953479678,-0.008733254094593135,-0.0083990647834854
2019-09-20,6.3125901222229,0.008038973369405955,0.011219070897271255,0.002943764658464243,0.008276981818287066
2019-09-23,6.322249889373779,0.0015667228992857218,0.002141714206810086,-0.006141725990657099,0.001530238295825992
2019-09-24,6.287489891052246,-0.005925082204397025,-0.0053508940041643305,-0.013357549850781192,-0.005498042457947827
2019-09-25,6.270619869232178,-0.0027928482577725955,-0.00132323946129409,-0.010178887596086206,-0.0026831091759011994
2019-09-26,6.210549831390381,-0.009676860315656288,-0.005562398164076887,-0.01488368110488747,-0.009579601234726454
2019-09-27,6.187580108642578,-0.00368084160372939,0.0007986507240564933,-0.005128348054473153,-0.0036985006756898864
2019-09-30,6.193399906158447,0.0017292299744087192,0.0030108745978050244,-0.006800707998646183,0.0009405611585926454
2019-10-01,6.153409957885742,-0.005793278223561016,0.010898717257672663,-0.007516032835505837,-0.006456865191756922
2019-10-02,6.251699924468994,0.016007425548461907,0.02059345184164818,0.011439222307394026,0.01597325178331266
2019-10-03,6.247600078582764,-0.0007709695048305765,0.00215143815025276,-0.007247632003166915,-0.0006557969729454882
2019-10-04,6.247019767761231,-0.00011043974634117326,0.002711459867669186,-0.0031371909700128597,-9.288539827023712e-05
2019-10-07,6.271249771118164,0.004107564718588863,0.021152511840744292,0.002711711746094636,0.003878650021563068
2019-10-08,6.403779983520508,0.021153740289135303,0.023949030715575415,0.012844360650023923,0.021132982617388718
2019-10-09,6.392159938812256,-0.0016318309418676957,0.007164493622344503,-0.003291808454395806,-0.001814560265679832
2019-10-10,6.463399887084961,0.009633704680622968,0.017676325933317028,0.0031491948986563933,0.011144894519948823
2019-10-11,6.431620121002197,-0.004901461718313627,0.004674013473671135,-0.007338249107396555,-0.004916880687865999
2019-10-14,6.498569965362549,0.010425052926342104,0.017623850976621114,0.010193366960543404,0.010409483629440386
2019-10-15,6.532690048217773,0.005462747924586564,0.0064291059705885445,-0.006324472214050969,0.005250398631865938
2019-10-16,6.534110069274902,0.00015459804362683016,0.0019195558787985512,-0.006721584251846213,0.00021737156464607388
2019-10-17,6.512889862060547,-0.0033929741921161494,0.0044856528727750256,-0.0040556747263487125,-0.003247604798416015
2019-10-18,6.46697998046875,-0.007366903588382878,-0.005587354998931038,-0.017164377985316115,-0.007049079988168505
2019-10-21,6.462600231170654,0.00012682270775332682,0.009880963616629712,-0.0016669075314992288,-0.0006772480062290365
2019-10-22,6.533840179443359,0.01114870411136093,0.011252370775445053,-0.0007922936931931135,0.01102341870522916
2019-10-23,6.454170227050781,-0.01214446519660406,-0.010929281582805261,-0.025511849846480028,-0.01219343452005972
2019-10-24,6.384829998016357,-0.010718653105757814,-0.004180305002240092,-0.01135860577497072,-0.01074347694515465
2019-10-25,6.400179862976074,0.0022804401417508835,0.006557749728733242,0.00044324258199734956,0.0024041149043099175
2019-10-28,6.3900299072265625,-0.0010999728061450442,-0.00038436465096869377,-0.01000122931125047,-0.0015858860167707878
2019-10-29,6.358799934387207,-0.004934234091174994,-0.0009279998662772293,-0.006838738158972402,-0.004887296819070741
2019-10-30,6.390359878540039,0.0042681230442049856,0.008443410269081353,-0.0029109053592063505,0.004963191872441541
2019-10-31,6.354829788208008,-0.00522976585703927,-0.0006885021410946157,-0.005268865794389899,-0.005559951396688523
2019-11-01,6.367660045623779,0.001982810291614623,0.007098573397071428,0.0008812156694313344,0.002018977351616824
2019-11-04,6.367670059204102,-4.39570281484114e-05,0.00399357463570138,-0.0045951194519134875,1.5725682982470346e-06
2019-11-05,6.381649971008301,0.0015201469645136356,0.0044380054114236955,-0.0008904466775877529,0.0021954516603748253
2019-11-06,6.368490219116211,-0.0020417998862760633,0.0017001798511426802,-0.0029584653698754293,-0.0020621237378850577
2019-11-07,6.363379955291748,-0.0009735923829330417,0.0017224865622837982,-0.00556646559384566,-0.0008024294061288462
2019-11-08,6.351900100708008,-0.0018621990674392297,-0.001007345461493947,-0.003531141871753185,-0.0018040498389843007
2019-11-11,6.355939865112305,0.0006627930545233252,0.005669136469758085,-0.00013700275506911552,0.0006359930635317923
2019-11-12,6.367549896240234,0.0012617998807444852,0.0031294047461500885,-0.001104478140455556,0.001826642695544889
2019-11-13,6.355669975280762,-0.0019049373507906697,-0.001165293266595202,-0.00895001542641305,-0.0018656973487537476
2019-11-14,6.33411979675293,-0.003521245638956727,0.001726036075549553,-0.005605978510003107,-0.0033907013126307506
2019-11-15,6.332590103149414,-0.00024150057981220385,0.0035917188788712195,-0.00024150057981220385,-0.00024150057981220385
2019-11-18,6.347149848937988,0.00274291354389522,0.0047626563167806335,-0.0011322697713112007,0.0022991770431080027
2019-11-19,6.337699890136719,-0.0011343302778511477,0.0015975583388638803,-0.00532990237051667,-0.0014888507481591873
2019-11-20,6.313660144805908,-0.00352332986234416,-0.0010555920042856215,-0.007826202757931666,-0.0037931340624416388
2019-11-21,6.311950206756592,-0.00030096584736238885,0.002477133959256639,-0.002085991644704688,-0.0002708315002863948
2019-11-22,6.301680088043213,-0.0015463334582094257,0.002313041077896205,-0.003002239384567007,-0.0016270912122192671
2019-11-25,6.300220012664795,-0.00021262780652619995,0.0047669489521497965,-0.002345413342024094,-0.00023169620768093147
2019-11-26,6.323910236358643,0.003012597370720904,0.008623488072183605,0.0025872432047211458,0.003760221650390916
2019-11-27,6.344910144805908,0.0033348913954780457,0.007001929770179105,0.00153224943582142,0.003320715769576932
2019-11-28,6.363450050354004,0.0019432986370830907,0.0035681752645244647,-0.0010229034631192846,0.002922012309862776
2019-11-29,6.337709903717041,-0.004125102790367929,-0.002899411485335235,-0.007582396024554905,-0.004044998614475048
2019-12-02,6.332880020141602,-0.0009498808266348302,0.003932017574713953,-0.003520164295902073,-0.0007620865657809173
2019-12-03,6.359350204467773,0.004126116292945126,0.008195309212882362,0.0013453794033164712,0.004179801960874752
2019-12-04,6.361010074615479,0.0003695115758799439,0.004294447338751839,-0.006863932460962063,0.0002610125396993457
2019-12-05,6.36752986907959,0.0009904044263850942,0.005857569018901998,-0.0003946025507488571,0.0010249621345717053
2019-12-06,6.383950233459473,0.001835898693977711,0.005628561659192233,0.0010883892812152407,0.002578765191133092
2019-12-09,6.390160083770752,0.0010839465513963198,0.008341204743252062,0.0006092717764429878,0.0009727284963363392
2019-12-10,6.426390171051025,0.006132837833088267,0.0075318982262475576,0.004187704371651391,0.005669668178155396
2019-12-11,6.436220169067383,0.001649388366963045,0.003994474485900845,-0.00024434009143037283,0.001529629816228395
2019-12-12,6.460000038146973,0.0030856294968666376,0.005978634040148423,-0.00417173788900238,0.003694694782797603
2019-12-13,6.453770160675049,-0.0011222650325866113,0.005549543011375668,-0.002258554687390446,-0.0009643773119405452
2019-12-16,6.460259914398193,0.001174476821778292,0.011145412658002174,0.001157409374255014,0.001005575587846197
2019-12-17,6.513450145721436,0.008403732259474328,0.016446750983732272,0.007739656205383749,0.008233450670412923
2019-12-18,6.559780120849609,0.007140569390458484,0.011533053995715026,0.005253704420193683,0.00711296994552213
2019-12-19,6.58620023727417,0.003059565354176952,0.008457601068150966,0.002091538938838955,0.004027591769514727
2019-12-20,6.607500076293945,0.003264345603613217,0.003264345603613217,-0.0042209593026139025,0.0032340102414789573
2019-12-23,6.576240062713623,-0.004649297550135878,-0.0007219491298651182,-0.006946631476577925,-0.004730989514850736
2019-12-24,6.593860149383545,0.0027158278271746106,0.004365699576728277,0.0003284661609157524,0.0026793557567683646
2019-12-25,6.5993499755859375,0.0005595760065553179,0.0007567075901517839,-0.0011085939752509821,0.0008325663690191831
2019-12-26,6.584099769592285,-0.002306312789743248,-0.0009546353137031005,-0.003101842217828943,-0.0023108648654898145
2019-12-27,6.581570148468018,-0.0003568982241850538,0.011296973071420746,-0.0004039728682030397,-0.0003842015177154545
2019-12-30,6.651380062103272,0.010561307027765032,0.013273413983630356,0.009834992120660635,0.01060687830722351
2019-12-31,6.660379886627197,0.0012974448623568335,0.0052590319489882464,0.0011922040038123694,0.001353076269871023
2020-01-01,6.66949987411499,0.001369289386346395,0.001369289386346395,0.001369289386346395,0.001369289386346395
2020-01-02,6.672890186309815,-8.09325546553552e-05,0.0017198167864269642,-0.00309166648494974,0.000508330798233203
2020-01-03,6.65038013458252,-0.0030227099845543393,0.0006578503101135613,-0.003745016190792483,-0.0033733586345354727
2020-01-06,6.661340236663818,0.0016916354923810495,0.006810136017732393,0.0015367619000636878,0.0016480414441730762
2020-01-07,6.68209981918335,0.00280418326820131,0.00331163349509378,-0.0019996645631593646,0.003116427292704671
2020-01-08,6.663209915161133,-0.0027670699550764732,-0.0008604634185659377,-0.01659207247588179,-0.002826941310871578
2020-01-09,6.5605998039245605,-0.015243423318155314,-0.010840100061801583,-0.024527178217694234,-0.015399501522996961
2020-01-10,6.52646017074585,-0.005030026728785497,-0.0026994074604382856,-0.007801098587608135,-0.005203736578824447
2020-01-13,6.5323100090026855,0.0008717774755115926,0.0018095300650347035,-0.00331577917961301,0.0008963263551438061
2020-01-14,6.528659820556641,-0.0006490867709736392,0.005921347355807294,-0.0008787344297098709,-0.0005587898371348654
2020-01-15,6.547120094299316,0.003391205347047954,0.005272140741558795,0.0022684725048776055,0.002827574762671814
2020-01-16,6.550270080566406,0.0016221051446341228,0.0035801824081707068,-0.004870830992404707,0.00048112547528078586
2020-01-17,6.520380020141602,-0.004601325246896826,0.00021831689683970978,-0.005979946584792839,-0.004563179847115517
2020-01-20,6.535930156707764,0.0026792737403529276,0.006143820331209859,0.002279031766912132,0.0023848512691173607
2020-01-21,6.562039852142334,0.0034807441744957313,0.008799038202754073,0.0009134126402154941,0.003994794131600976
2020-01-22,6.573989868164063,0.0017769015873523308,0.003651320940632141,-0.0014172049097506134,0.0018210825126012686
2020-01-23,6.56620979309082,-0.0011256536755542834,0.0007027810079542895,-0.003980805787857644,-0.0011834631980374155
2020-01-24,6.55003023147583,-0.0020864408576694027,-9.135576899332865e-05,-0.0037479103638690114,-0.002464064068134819
2020-01-27,6.554890155792236,0.0008549541586888587,0.002009113153226494,-0.0003908590665872014,0.0007419697535213654
2020-01-28,6.545259952545166,-0.0014874949814867033,0.0003234254053057217,-0.0036294062801415228,-0.0014691631771374114
2020-01-29,6.545149803161621,1.682887835530167e-05,0.0031274758394495006,-0.0015690925628378816,-1.682887835530167e-05
2020-01-30,6.560309886932373,0.0024308303246045604,0.00874999836079593,0.0022642871932121444,0.0023162317481915107
2020-01-31,6.58853006362915,0.004693425998187006,0.011196130939985505,0.003685791658026183,0.004301652998586203
2020-02-03,6.62578010559082,0.005814658291663388,0.006798146274604067,0.0026819570375915536,0.005653771266416863
2020-02-04,6.6176300048828125,-0.001236104262256732,-0.0008663380943786381,-0.006260404621199145,-0.001230059038803688
2020-02-05,6.600900173187256,-0.002618787944467682,-0.0005863162421344548,-0.006526506076879213,-0.002528069971154734
2020-02-06,6.584050178527832,-0.0035526025220812274,-0.0014331336837993813,-0.00550382858857168,-0.0025526813339592502
2020-02-07,6.572700023651123,-0.00171476114073299,0.007088336017573971,-0.004462347750401663,-0.001723886448150802
2020-02-10,6.555409908294678,-0.0026762283179909696,0.003331990950925512,-0.0041155108575182675,-0.00263059553824585
2020-02-11,6.55210018157959,-0.0008206468999049088,0.0071345799087279005,-0.0009595065818689408,-0.0005048847839248527
2020-02-12,6.568649768829346,0.0022038098357075597,0.007715081054527673,-0.0008653821661844807,0.002525844659134302
2020-02-13,6.5704498291015625,0.0003395168668451909,0.003515237280331318,-0.0031908923239352127,0.00027403809543313784
2020-02-14,6.548349857330322,-0.0036679112449808926,0.001118639993868964,-0.00485506013687842,-0.0033635401450530233
2020-02-17,6.56466007232666,0.002396073366958129,0.002786959914104159,-0.000684124275416309,0.0024907366514757
2020-02-18,6.548980236053467,-0.0023900475699657475,0.0015247957266204537,-0.0031989331078681182,-0.0023885221931432277
2020-02-19,6.542250156402588,-0.001015493650270427,0.0025637446705151223,-0.0019957468239703013,-0.0010276530709053544
2020-02-20,6.573639869689941,0.005556157673275219,0.008755407124426906,0.0029882450505256397,0.004797999547087706
2020-02-21,6.582880020141602,0.0010359843904528265,0.009539659371349929,0.0009583689796011097,0.0014056368518551299
2020-02-24,6.623000144958496,0.006869318305288585,0.01346069987613463,0.0016284325585100845,0.00609461583594717
2020-02-25,6.632730007171631,0.0014902690807216956,0.008304367678519498,-0.004809049869404336,0.001469101917586535
2020-02-26,6.688739776611328,0.00801331833867569,0.01239460431005579,0.0065282548480238844,0.008444451889212612
2020-02-27,6.70290994644165,0.0022889644367869444,0.017554905775193808,0.002233643756490933,0.0021185111551014213
2020-02-28,6.825270175933838,0.018093662946082167,0.030970146519664343,0.017555070878815693,0.018254792391645402
2020-03-02,6.904290199279785,0.011696195283530164,0.01776188274825352,0.0033829995174528005,0.01157756708658586
2020-03-03,6.870059967041016,-0.005288015080239017,0.0024752499180555887,-0.023107397253992024,-0.004957820608748498
2020-03-04,6.828879833221436,-0.005991229604457637,-0.0029650405759198417,-0.017193473426451167,-0.00599414474067772
2020-03-05,6.775839805603027,-0.009004413666760858,0.0030107814296831403,-0.011755929095043083,-0.007767017272785726
2020-03-06,6.847959995269775,0.010617196409899998,0.02189252247331197,0.007953291373110849,0.010643727085624333
2020-03-09,6.940999984741211,0.01766800617747255,0.03414300727939912,0.006489493610323915,0.013586526430601653
2020-03-10,7.015820026397705,0.010259315327515228,0.012459320108939576,-0.0025342235942406033,0.010779432620800389
2020-03-11,6.982800006866455,-0.004957371390844512,0.002424550783882262,-0.010288147934231495,-0.00470650891941482
2020-03-12,7.001039981842041,0.0011571297527934732,0.011940800572630694,-0.001760039082236653,0.0026121290825529275
2020-03-13,7.058340072631836,0.008041685723130243,0.011066904277922118,-0.00373941451051929,0.008184511292380625
2020-03-16,7.005780220031738,-0.006583724328170337,0.015031874535041956,-0.012699889720675261,-0.007446489126231581
2020-03-17,7.170959949493408,0.02377032253743594,0.026368166044181685,-0.0005038732833901882,0.023577635077584702
2020-03-18,7.044680118560791,-0.017421643101851347,-0.0073169744004641935,-0.021465771432207736,-0.01760989209562358
2020-03-19,7.082580089569092,0.0037957825916412613,0.010739984018968807,-0.007086209913315988,0.005379942079760891
2020-03-20,6.970200061798096,-0.015876999823674964,-0.007450694114222944,-0.01800050857566704,-0.015867102997748628
2020-03-23,7.013010025024414,0.005539293161537229,0.022105522470939,-0.0007804991377157178,0.0061418557353825065
2020-03-24,7.043000221252441,0.004192190189556966,0.009796055685906024,-0.010067008681646783,0.004276365800278903
2020-03-25,6.95359992980957,-0.014624472638972374,-0.0064106600284544735,-0.0197515382618646,-0.012693495475564975
2020-03-26,6.980629920959473,0.00365568758059176,0.020176638764304977,0.0029538997978160175,0.0038871938884528223
2020-03-27,7.059000015258789,0.010989011739655163,0.022012382712401246,0.009748390683196773,0.011226794026712117
2020-03-30,7.194540023803711,0.018971552971953853,0.02987105469434992,0.013741340396746793,0.019201021143495867
2020-03-31,7.240449905395508,0.006068513585989033,0.009058231802611338,-0.0023615387123738785,0.006381211507601625
2020-04-01,7.288050174713135,0.006843505183371956,0.011392933923169757,0.002661428984260361,0.006574214301538817
2020-04-02,7.345009803771973,0.00755756830164378,0.00879106844613986,-0.01737093769499365,0.007815482563013454
2020-04-03,7.18936014175415,-0.021143561096943264,-0.009552051526649397,-0.022315819377831225,-0.02119121228917753
2020-04-06,7.279129981994629,0.012660324234351261,0.01980423263473452,0.010566962086612897,0.012486485371502765
2020-04-07,7.304369926452637,0.0036089357910500386,0.013952232762077799,0.0001950811512696493,0.0034674397243132926
2020-04-08,7.361830234527588,0.010866101062684486,0.012892295226634376,0.0035718542973295353,0.007866565994536945
2020-04-09,7.365029811859131,0.0003911553929731859,0.002296928720916691,-0.014955556676823023,0.0004346171033036139
2020-04-10,7.309160232543945,-0.010868929746729594,-0.001334685434745908,-0.014206323139418386,-0.007585791333149072
2020-04-13,7.341159820556641,0.004267236936357444,0.017865246385472267,0.00036800922730462204,0.004378011562835571
2020-04-14,7.387929916381836,0.006242916774273688,0.017974050646395456,0.005950039517969019,0.006370940964155247
2020-04-15,7.484250068664551,0.012841227726626991,0.020461787735487347,0.011781371574297816,0.013037502165408554
2020-04-16,7.523099899291992,0.0054046959627565005,0.009256792185840412,0.0016942316991821471,0.0051908782137171094
2020-04-17,7.506269931793213,-0.00212542444471997,0.004107349621767842,-0.01498318700718082,-0.002237105411874607
2020-04-20,7.493390083312988,-0.0014694009683396958,0.006679736337464659,-0.005103740114925981,-0.0017158786717316188
2020-04-21,7.539000034332275,0.0059759037003259685,0.01369341647715272,0.003021296260118822,0.00608669113874849
2020-04-22,7.569530010223389,0.003845309953322662,0.009560967637247453,0.0021806492410800793,0.004049605485088259
2020-04-23,7.5423102378845215,-0.004108550498269081,-0.001385811355413491,-0.0129612008727229,-0.003595965971745163
2020-04-24,7.48523998260498,-0.007707222647809209,0.0010845038660343143,-0.009292947608044333,-0.00756668096107771
2020-04-27,7.515900135040283,0.005863539377714666,0.01322201246731547,0.004268399813832646,0.004096081422446662
2020-04-28,7.561800003051758,0.005456419353273123,0.013470067380472628,0.005407186975498357,0.006107035376572201
2020-04-29,7.564340114593506,0.0003623351992818602,0.004196114021199238,-0.004077059225472857,0.0003359136106115823
2020-04-30,7.5517802238464355,-0.0017001216182661594,0.013312450267345177,-0.004321599468366855,-0.0016604079875836009
2020-05-01,7.647900104522705,0.012579787464109149,0.026033591351922514,0.011534970980722647,0.01272810884680542
2020-05-04,7.68956995010376,0.004797363694523771,0.008072793933764144,0.0007806065899282899,0.005448534239668401
2020-05-05,7.680860042572021,-0.0007217448726442033,0.001681487581976171,-0.005364376982372243,-0.0011326911112398141
2020-05-06,7.676459789276123,-0.0007915976297637739,0.01284100360251128,-0.003431911894829942,-0.0005728854934875516
2020-05-07,7.785289764404297,0.01238988010400588,0.022786556159213545,-0.005997501786324078,0.014177104826395004
2020-05-08,7.681240081787109,-0.013693751234156837,-0.002550937910211659,-0.018777681250174538,-0.013364908149330668
2020-05-11,7.678999900817871,-0.0005129517364748093,0.0026206290155250667,-0.005561643352597456,-0.00029164313904861405
2020-05-12,7.629570007324219,-0.006305502411508179,-0.005344438628094972,-0.014638633932003375,-0.006437022285725957
2020-05-13,7.587540149688721,-0.006181232831644845,-0.004325275518663019,-0.01041607293032265,-0.00550881079735166
2020-05-14,7.5447998046875,-0.006092925407980343,-0.005553843035779105,-0.012230596286817219,-0.005632964591689715
2020-05-15,7.48022985458374,-0.008631076374844282,-0.005745645214134343,-0.012260064596243181,-0.008558205886873615
2020-05-18,7.446660041809082,-0.004154921672022693,0.00349591217133427,-0.01183386764439931,-0.004487804977555188
2020-05-19,7.502679824829102,0.00738180436451108,0.009909150274147516,-0.006061813774902891,0.00752280656099491
2020-05-20,7.405739784240723,-0.01277543398926928,-0.004698282601151904,-0.013401837773114211,-0.012920722042218724
2020-05-21,7.444439888000488,0.005183838579992717,0.010211022343625586,0.003304238333723397,0.0052256904627028256
2020-05-22,7.42834997177124,-0.0019276047163864218,-0.0006904250427969272,-0.005821758246572717,-0.0021613333536594226
2020-05-25,7.426700115203857,-0.00015482997300297896,0.0008225502794609874,-0.004620121259086174,-0.00022210269759137535
2020-05-26,7.426799774169922,-0.00021142967099863075,0.002170540983230884,-0.010610392259503887,1.3419010397530684e-05
2020-05-27,7.393700122833252,-0.006397058181480064,0.00602820085972966,-0.00856217682448579,-0.004456785202664126
2020-05-28,7.464019775390625,0.00946747821270777,0.02038358377973326,0.008013562485001513,0.009510752585192295
2020-05-29,7.5455498695373535,0.010848080492761092,0.020306795090379026,0.010427399307386898,0.010923081208270569
2020-06-01,7.5722198486328125,0.0032098376122846606,0.0072294493895885825,0.002246374453249267,0.003534530889939491
2020-06-02,7.568990230560303,-0.0004635362405869259,0.004886305473216224,-0.009768580744096367,-0.0004265087566220904
2020-06-03,7.4913201332092285,-0.010359393556094054,0.0012696144342303484,-0.012758639133091387,-0.010261619447925252
2020-06-04,7.551310062408447,0.00751799583932633,0.02466583201982231,0.005386228276145433,0.0080079249227758
2020-06-05,7.647339820861816,0.012556764561295841,0.018640466853095505,0.011697280510626129,0.012716966679916952
2020-06-08,7.648709774017334,-0.0004929654835619246,0.004941626676353783,-0.0034612960989133246,0.00017914113765149509
2020-06-09,7.657090187072754,0.0006053424620555692,0.009606865917642038,-0.0019401506448643024,0.0010956636221037819
2020-06-10,7.691259860992432,0.004602230826819653,0.009318111590163713,0.003975381368708897,0.004462488110348328
2020-06-11,7.694270133972168,0.00036795383137278037,0.012824942446379106,-0.0020932760172652776,0.00039138880159317324
2020-06-12,7.71707010269165,0.0031685565752321843,0.005845914992599788,-0.002421285898026815,0.002963239959410169
2020-06-15,7.669650077819824,-0.005941409931086272,0.0023506122052767697,-0.007984926224996025,-0.006144822353665869
2020-06-16,7.733630180358887,0.007869975060341039,0.010754069993935689,0.0021943592377766663,0.008341984561210936
2020-06-17,7.695280075073242,-0.005041619503732719,-0.0014676361051676468,-0.006977360188593518,-0.0049588749903043405
2020-06-18,7.681320190429687,-0.0019401825683850182,0.0033630822623529344,-0.002726331086321254,-0.0018140840238908273
2020-06-19,7.680550098419189,-0.0001705889714601616,0.0037454459945611696,-0.00399282483417851,-0.00010025516335820939
2020-06-22,7.65349006652832,-0.003327873897524869,0.003520581779134613,-0.003982795109863546,-0.0035231892955737143
2020-06-23,7.716619968414307,0.008015933677463227,0.01572091192989733,0.0044319403244701405,0.008248511638119016
2020-06-24,7.744510173797607,0.00372052641904963,0.005893804735546793,-0.00019440243342905283,0.003614303347509784
2020-06-25,7.706930160522461,-0.004808571174371168,-0.003519951925371023,-0.010564904597290314,-0.004852471290217042
2020-06-26,7.686749935150146,-0.0022745715974976655,-0.0006072660073834779,-0.0044726084979870295,-0.0026184518286782588
2020-06-29,7.6880202293396,0.00022636079031634893,0.00642662414797579,-0.0008274048290590752,0.0001652576446704579
2020-06-30,7.705880165100098,0.0010990546579356941,0.003398758303925442,-0.0023075185944605447,0.0023230864680010566
2020-07-01,7.695350170135498,-0.0016623967646349769,0.0024643570129010417,-0.008432525379009737,-0.0013664882841404324
2020-07-02,7.700719833374023,0.0007640820583605379,0.006488284188706395,-0.0005653005124015564,0.0006977802334926508
2020-07-03,7.696720123291016,-0.0004869476481741408,0.004711268032976612,-0.0014920511864704444,-0.0005193943124217615
2020-07-06,7.717010021209717,0.00275047840332987,0.011164479054582843,0.00275047840332987,0.0026361745774414747
2020-07-07,7.756209850311279,0.0048490018656375256,0.007890387285561795,0.0016651277766830397,0.005079665439571057
2020-07-08,7.72681999206543,-0.0038846176285666223,0.003557185190094403,-0.004075445696350655,-0.003789203594674495
2020-07-09,7.7748799324035645,0.006210814452149771,0.009470933546346538,0.002299757669499858,0.006219886109354977
2020-07-10,7.740530014038086,-0.004550538006348304,-0.00015945926137861388,-0.0062290307238132,-0.004418064158433821
2020-07-13,7.761340141296387,0.002529527998034631,0.007546016563227509,-0.000378548281815827,0.002688462834012695
2020-07-14,7.777450084686279,0.0023693977468419725,0.008699485338253155,0.0012845347739192103,0.002075665168206564
2020-07-15,7.831240177154541,0.006934124316889223,0.010550997992397004,0.004718740908844277,0.006916160423089623
2020-07-16,7.827499866485596,-0.0004941759272391044,0.00139314258442913,-0.003765686325787998,-0.0004776140923191674
2020-07-17,7.807330131530762,-0.0026777201511964943,0.003460884457861857,-0.0037508550630055426,-0.0025767787031454326
2020-07-20,7.843460083007812,0.004417596165626758,0.006878147758667019,0.001311597921427321,0.004627696135345305
2020-07-21,7.851950168609619,0.001118127576459793,0.002978248795301619,-0.0029375166576203204,0.0010824413603125471
2020-07-22,7.873650074005127,0.002889704958475958,0.011887482477550337,0.002475779500402453,0.0027636325918443116
2020-07-23,7.912710189819336,0.004515074604349634,0.009849299074547124,0.0037212392915049186,0.004960865093962763
2020-07-24,7.926139831542969,0.0016112901433491533,0.007024099327498146,0.001372471127787378,0.001697224010669851
2020-07-27,7.974339962005615,0.006145532031629708,0.019032000346522082,0.006145532031629708,0.006081160752530401
2020-07-28,8.098030090332031,0.014139048135119348,0.02554067494516521,0.005749726894699547,0.015511017703753183
2020-07-29,8.128780364990234,0.00374531879313178,0.019498551475610526,0.003122924370539515,0.0037972536919705924
2020-07-30,8.219650268554688,0.011243899909475275,0.01408200530195769,0.0034039431961259137,0.011178786913202954
2020-07-31,8.26842975616455,0.006821381963046935,0.009961447641748444,0.0005985663182241918,0.005934496726275107
2020-08-03,8.210729598999023,-0.005003300432049218,-0.004489348825852391,-0.01186079431589826,-0.006978369396257955
2020-08-04,8.186739921569824,-0.0029728532445391087,0.0004153515609484071,-0.008200173434829594,-0.0029217473477781697
2020-08-05,8.182840347290039,-0.00044953537333158877,0.023589365803323492,-0.01318109006561774,-0.0004763281009466658
2020-08-06,8.371700286865234,0.023202137913110654,0.057649880598998005,0.019000667806482907,0.023079998088651577
2020-08-07,8.576950073242188,0.026046083302082357,0.0397649265854092,0.00525815516421968,0.02451709680756009
2020-08-10,8.600069999694824,0.0033019094501145485,0.007592412546544303,-0.007522473799099427,0.0026955883216301935
2020-08-11,8.601059913635254,0.00010701025867976277,0.0032011037692338817,-0.01297552059936391,0.00011510533524328181
2020-08-12,8.478170394897461,-0.014376088343710625,0.003390337919461084,-0.01890459608831041,-0.014287718022167994
2020-08-13,8.631970405578613,0.01830583691394594,0.02720628085065413,0.01753440886316615,0.01814070766656406
2020-08-14,8.66353988647461,0.0032599819892817905,0.011676363456780692,0.001474709038293609,0.0036572739957025924
2020-08-17,8.728730201721191,0.007613508021460991,0.01388581279074641,0.006267681448816509,0.00752467422102554
2020-08-18,8.755510330200195,0.004544760763911304,0.010380610739716412,0.0027071683584920514,0.0030680440178714186
2020-08-19,8.798990249633789,0.00497058105279935,0.006543316728422344,-0.019237065803940356,0.004966006297042469
2020-08-20,8.617919921875,-0.020785332539958623,-0.009786363276724108,-0.02157859882662916,-0.020578534879763688
2020-08-21,8.658679962158203,0.0048701140613047755,0.00937349499985829,-0.015528060284993872,0.004729684268676149
2020-08-24,8.59375,-0.002044214059170324,0.008808513975331111,-0.01139660352071814,-0.007498829202831403
2020-08-25,8.695050239562988,0.011722523082386305,0.019419944069602346,0.010918412642045405,0.011787664240056728
2020-08-26,8.749329566955566,0.006108086925019629,0.006566878945263088,-0.004178264884335148,0.006242554775083953
2020-08-27,8.710709571838379,-0.004448277842856618,-0.00329048300710999,-0.012910687715090519,-0.004414051936396102
2020-08-28,8.675959587097168,-0.004640216531030084,0.0033016777936030195,-0.0049214782696567205,-0.003989340300537325
2020-08-31,8.705490112304688,0.004202518015306023,0.015212143509526932,0.0025023624874043193,0.0034037186216768767
2020-09-01,8.77184009552002,0.0073826997334025535,0.0155889858953977,0.006777334130262824,0.007621625245608055
2020-09-02,8.774239540100098,-0.0001288331812522303,0.0013406261249120366,-0.005133431492983065,0.0002735394801944846
2020-09-03,8.728349685668945,-0.006244363731062519,0.005227892484036323,-0.0075083226844058215,-0.005230066289098501
2020-09-04,8.787050247192383,0.007199581134350597,0.011094869966559395,0.004615978999027437,0.006725276098850319
2020-09-07,8.771289825439453,-0.00028684952826651955,0.005076791669967884,-0.00180727141305137,-0.001793596407163478
2020-09-08,8.799010276794434,0.0031352461422642364,0.008262149894252335,0.0017557204433791274,0.003160362034165365
2020-09-09,8.798979759216309,0.0001307114311048796,0.006580225874988965,0.0001307114311048796,-3.4682966794097325e-06
2020-09-10,8.815290451049805,0.0017673200562862146,0.008546454581034313,0.0016217594751755104,0.0018537026200580176
2020-09-11,8.801159858703613,-0.0014486933631864263,0.005982689244833805,-0.0014929406625324715,-0.0016029638983147132
2020-09-14,8.838129997253418,0.004706195953161352,0.012056430574886923,0.003936963933648174,0.004200598460127214
2020-09-15,8.8751802444458,0.004017825397728103,0.008493921359821632,0.0024168457971884827,0.004192091223357952
2020-09-16,8.865889549255371,-0.0011041981126550526,0.0028426976518383107,-0.0017780426401423632,-0.0010468176346326574
2020-09-17,8.84175968170166,-0.0033013290186185706,0.007892059847089739,-0.008063413570547961,-0.0027216521725942355
2020-09-18,8.938460350036621,0.011752235969728853,0.016451490881980835,0.009797808430938693,0.010936812559505071
2020-09-21,8.954279899597168,0.0021748373326448966,0.005403591618383441,0.0005246112227539346,0.001769829359983932
2020-09-22,8.960339546203613,0.00029256884713713127,0.004572147083635958,-1.2248058762542868e-05,0.0006767318728464478
2020-09-23,8.977749824523926,0.0018213850594059888,0.004896123152153153,-0.0028882677705311943,0.0019430377867419857
2020-09-24,8.961230278015137,-0.0003017892886153506,0.0029751898611545258,-0.02000838551441153,-0.0018400542264681574
2020-09-25,8.885049819946289,-0.008016788323265245,-0.004991522935432258,-0.02168566250672721,-0.008501115996956798
2020-09-28,8.916159629821777,0.003512635979670886,0.028810248318869913,0.0020337782357391365,0.003501365834285952
2020-09-29,9.085980415344238,0.018976773697114924,0.03311402568178834,0.015792675172213944,0.01904640479455555
2020-09-30,9.159239768981934,0.007807634889944737,0.011738952137852587,-0.0062514819192469595,0.008062900236277981
2020-10-01,9.034279823303224,-0.013594943607243448,-0.003781903235879347,-0.02045249354992973,-0.013643047767118222
2020-10-02,9.086640357971191,0.0057857335205715454,0.009787156915101347,0.0012685354543360283,0.005795761886067119
2020-10-05,9.059020042419434,-0.0021966758511436923,0.007877491608184073,-0.0027986888794361287,-0.003039662016283917
2020-10-06,9.146089553833008,0.009056148753914695,0.014626272400743101,0.006921308410054117,0.009611360942559433
2020-10-07,9.140780448913574,-0.0005762030036378096,0.01468066404111612,-0.002683108159539205,-0.0005804781254529212
2020-10-08,9.262689590454102,0.013254836849541984,0.021910518140018098,0.01315530428742262,0.013336841664872923
2020-10-09,9.34689998626709,0.008622789657264818,0.011155573246145467,-0.0006282538804612825,0.009091354621207692
2020-10-12,9.273590087890623,-0.00794913954637999,-0.0005220930452041195,-0.008432766873772812,-0.007843231283546137
2020-10-13,9.314290046691896,0.004410398779769675,0.005772277928240976,0.0008120061735505946,0.0043888028708987115
2020-10-14,9.300089836120604,-0.0010284904657553717,0.0022492661574624595,-0.002925643262169264,-0.0015245617755199614
2020-10-15,9.2878999710083,-0.00038813144294336244,0.002259160850591524,-0.0030526512351345403,-0.0013107255227748915
2020-10-16,9.282270431518556,-0.0006535532297797797,0.0050581836929175505,-0.004925727500236454,-0.0006061154305404548
2020-10-19,9.27097988128662,-0.0013876265954985145,0.003698385499640855,-0.006534050688131843,-0.001216356527773521
2020-10-20,9.261759757995604,-0.0007959818654384998,0.007161059390348834,-0.0007992735971126264,-0.0009945144320318011
2020-10-21,9.295949935913086,0.0036494279710606037,0.006716875046786752,-8.958304652151305e-05,0.0036915422998275993
2020-10-22,9.260749816894531,-0.004975321902721874,0.014527812743972746,-0.010476624286612668,-0.0037866080670858615
2020-10-23,9.382209777832031,0.013037814347208299,0.020123679278314377,0.010203283010318698,0.013115564434741378
2020-10-26,9.446840286254885,0.006863008184623709,0.019417643495196035,0.005287681592525351,0.006888623251162018
2020-10-27,9.55366039276123,0.011285185443172585,0.026077431951001984,0.011185748046837363,0.01130749576255341
2020-10-28,9.655839920043944,0.00997730126528551,0.021702601754747253,0.008949424615674273,0.010695327558443823
2020-10-29,9.709630012512209,0.005690831754878722,0.011892286744675129,-0.0017874776219614086,0.005570731589761069
2020-10-30,9.688650131225586,-0.0021700600660919944,0.008953977813213054,-0.006257658046111225,-0.0021607292203293937
2020-11-02,9.73618984222412,0.004622962676707809,0.014739913808903493,-0.0001755044596637445,0.004906742462019276
2020-11-03,9.82334041595459,0.008547541001270087,0.02663878967219091,0.0041186643138722,0.008951199097670948
2020-11-04,9.881999969482422,0.006178135295901166,0.01260256886085065,-0.00538924300804644,0.0059714466814730915
2020-11-05,9.898639678955078,0.0014450839160053963,0.01357321173036774,-0.0031208176623340744,0.0016838402675616315
2020-11-06,9.949090003967283,0.00479870082073508,0.029588969616577865,0.002224582435568001,0.005096692742485143
2020-11-09,10.03098964691162,0.002346924387414573,0.009503395055604491,-0.04403119250770926,0.00823187275536541
2020-11-10,9.593799591064451,-0.048294322584877425,-0.013672610143032338,-0.04870703362867679,-0.04358394049203029
2020-11-11,9.63008975982666,0.004056828804627877,0.010360912731311345,-0.04306107420524452,0.0037826690476221447
2020-11-12,9.16759967803955,-0.04754056816474661,-0.03646586843318911,-0.05866300068301478,-0.048025521394042925
2020-11-13,9.046409606933594,-0.013160406431965255,-0.00200698538686217,-0.019952823932361863,-0.013219389519839142
2020-11-16,9.025449752807615,-0.002263793389900459,0.015133069810943756,-0.004180648899286377,-0.002316925171054973
2020-11-17,9.11750030517578,0.011387836054383982,0.024606001561729096,0.008710918472041751,0.010198998929613401
2020-11-18,9.104280471801758,-0.0016562082391599064,0.012844452403207196,-0.0021135116635382367,-0.0014499405463707093
2020-11-19,9.11122989654541,0.0032390826823986973,0.00528537594288192,-0.024511628832675325,0.0007633139999561056
2020-11-20,8.924150466918945,-0.020177275742250478,-0.0004642123666384057,-0.020177275742250478,-0.020532840434351995
2020-11-23,9.035579681396484,0.012383237244393719,0.058272108916234355,0.01237532927604712,0.012486254561775656
2020-11-24,9.32433032989502,0.03229787940081641,0.055506194949555,0.02687489735597426,0.03195706957164557
2020-11-25,9.510160446166992,0.019886637055807732,0.022502398164559123,0.010729990143464319,0.019929593836479187
2020-11-26,9.461999893188477,-0.005531017157224261,-0.0009106383132341245,-0.01791563804949914,-0.005064115716147177
2020-11-27,9.373319625854492,-0.008518261018909623,-0.006351680662020298,-0.021966762302872533,-0.00937225410431719
2020-11-30,9.357939720153809,-0.001097710588181422,0.003926078058831717,-0.010613067649861585,-0.0016408173746962351
2020-12-01,9.34195041656494,-0.0019288640797446854,0.011819910316533955,-0.003564836768081059,-0.001708635027262817
2020-12-02,9.441309928894045,0.010133787680263184,0.019720705265398486,0.00589163968641504,0.01063584239891946
2020-12-03,9.510080337524414,0.007175908599766911,0.01619374922916106,-0.0027581000312024706,0.00728399016114345
2020-12-04,9.44696044921875,-0.006669847559807707,0.0014458422858627529,-0.008121907228228475,-0.006637156161195423
2020-12-07,9.455750465393066,0.0010997535195342856,0.009270677869736899,0.000899669851853302,0.0009304597199879527
2020-12-08,9.443900108337402,-0.0016244963602384255,0.00534489256912174,-0.0029231252256034512,-0.0012532434203964549
2020-12-09,9.456100463867188,0.0015459502898569344,0.007249071889566361,-0.001243101970614724,0.001291876808291681
2020-12-10,9.44225025177002,-0.0007297709430947874,0.011964673277232496,-0.0013578822523256928,-0.0014646853795696746
2020-12-11,9.570409774780272,0.013416232052041455,0.03010296925022171,0.0029240725884278618,0.013572985209349575
2020-12-14,9.529879570007324,-0.004074017902002125,0.007082298071348969,-0.0056757634199746665,-0.004234949780285491
2020-12-15,9.53166961669922,0.00015321026542802763,0.003685252276063089,-0.00292020166914142,0.00018783518498288743
2020-12-16,9.514650344848633,-0.001813864976167534,0.0009368984299646943,-0.009586900230923012,-0.0017855499125536411
2020-12-17,9.506349563598633,-0.0005076760824125337,0.00279357158794058,-0.009502212826233203,-0.0008724210506058094
2020-12-18,9.435210227966309,-0.007385537708677559,-0.0008530185701831616,-0.019919282754137457,-0.007483349434648234
2020-12-21,9.355230331420898,-0.008972829226358447,-0.0019639087545553213,-0.014241320215676367,-0.008476747694327713
2020-12-22,9.35925006866455,-0.0003431308086814244,0.0024413665291493913,-0.007208805189165335,0.0004296780625647756
2020-12-23,9.32660961151123,-0.003569738182177651,-0.0022170628655217017,-0.008169445637482009,-0.003487507750498442
2020-12-24,9.305219650268556,-0.002122875654457901,0.0040948258011859195,-0.013170909128835673,-0.0022934337485589484
2020-12-25,9.22227954864502,-0.008913287890108368,-0.005165912866664235,-0.009490295913901936,-0.008913287890108368
2020-12-28,9.240269660949709,0.0032226637936658697,0.003542510383121922,-0.019601435783377474,0.0019507229432589313
2020-12-29,9.084549903869627,-0.016692116161160286,-0.010059215873466587,-0.026161495491079156,-0.016852295743940093
2020-12-30,9.04856014251709,-0.003337553083239575,-0.000500848166581469,-0.014202105619860572,-0.003961644961321342
2020-12-31,9.060379981994627,0.0021959078648281505,0.016489913737235184,-0.0019207211388830858,0.0013062674382853245
2021-01-01,9.084699630737305,0.0026841753647206534,0.0026841753647206534,0.0026841753647206534,0.0026841753647206534
2021-01-04,9.105680465698242,0.002836658164320438,0.0029544410989799097,-0.00974491071696637,0.0023094693070480066
2021-01-05,9.088820457458496,-0.001422287687953161,0.0007368036733983452,-0.006885841408848181,-0.0018515923442798954
2021-01-06,9.081769943237305,-0.0009221097426014291,0.000679935267644316,-0.01762385918036946,-0.000775734789150273
2021-01-07,9.006139755249023,-0.008480691753773972,-0.0011021822494472477,-0.022047425339648763,-0.008327692560038846
2021-01-08,8.998499870300293,-0.0019753014256606027,0.00582721332980074,-0.005427366745513584,-0.000848297401145448
2021-01-11,8.963089942932129,-0.0036239306601342225,0.014961405255049298,-0.004566317962874877,-0.0039350922796626
2021-01-12,9.091500282287598,0.013904800148023977,0.018398824235533295,0.007424923240255454,0.014326570431966612
2021-01-13,9.091400146484377,3.073492449323645e-05,0.0037418983840455944,-0.010435083800922063,-1.1014222087823988e-05
2021-01-14,9.00059986114502,-0.010849862540994515,-0.004691271101384009,-0.019429406660468107,-0.009987491901835344
2021-01-15,8.948639869689941,-0.005295188620499269,0.009420508755577428,-0.007272871373908307,-0.005772947609790524
2021-01-18,8.98705005645752,0.004419646801257837,0.01709649102147015,0.004224087208281935,0.004292293278856496
2021-01-19,9.02791976928711,0.004563221824344099,0.009825220815176339,0.0005552015391137033,0.004547622698531928
2021-01-20,9.061829566955566,0.005126309095480286,0.005237121373776521,-0.009157171741073222,0.0037561031261950095
2021-01-21,8.981459617614746,-0.009009139848939474,-0.005790139083101997,-0.015149204637289082,-0.008869064326026743
2021-01-22,8.962420463562012,-0.0022245244959434585,0.006819680681454221,-0.0029159852843723133,-0.0021198284981869264
2021-01-25,9.02597999572754,0.007213406486787921,0.008099360497836772,4.458500247772612e-05,0.007091782005088865
2021-01-26,8.994020462036133,-0.0030777355119054883,-0.0016928654732999426,-0.012706634295624686,-0.003540838081464437
2021-01-27,8.93513011932373,-0.006981401802624854,-0.003203295035878795,-0.009484128473655873,-0.006547721673636264
2021-01-28,8.955249786376953,0.0011673401348657464,0.005979723055303809,-0.003412364583687988,0.0022517486353903493
2021-01-29,8.902569770812988,-0.005697179843795586,-0.0026520032459165233,-0.016655023396583313,-0.0058825847207638615
2021-02-01,8.824990272521973,-0.008813156392470933,-0.006850761235566605,-0.030346262745418517,-0.008714281414042846
2021-02-02,8.678030014038086,-0.017660122634547415,-0.016133809785584652,-0.030061252434573804,-0.016652738863800365
2021-02-03,8.658780097961426,-0.002179113000234989,-0.0003779297800095005,-0.01170889977926437,-0.0022182357108145867
2021-02-04,8.611419677734375,-0.0058299077173584735,-0.003808846608510774,-0.017348854642091016,-0.0054696411840048365
2021-02-05,8.537210464477539,-0.008658178851013054,-0.00664693332955324,-0.01815957246995703,-0.0086175353233231
2021-02-08,8.500100135803223,-0.004296511338245601,0.003208252447465476,-0.00919389976266527,-0.004346891625634508
2021-02-09,8.530200004577637,0.0037176030834058515,0.012133960267703303,0.003444631050753877,0.003541119315480845
2021-02-10,8.559000015258789,0.003368079580858163,0.006918951769918857,-0.0007761139364773628,0.0033762409633650847
2021-02-11,8.543990135192871,0.0005152225763758178,0.0012898392180205054,-0.005944670176211919,-0.0017536955297533519
2021-02-12,8.52593994140625,-0.002159387245685207,-0.0007245209661812524,-0.006969844814551762,-0.0021126187531832485
2021-02-15,8.52046012878418,-0.00040581219709501237,0.00034127150312479593,-0.0124396874485464,-0.0006427224047705904
2021-02-16,8.441969871520996,-0.009220144722335677,-0.0038471741089166622,-0.015864164712597995,-0.00921197401042051
2021-02-17,8.441590309143066,-0.00037550636592864617,0.008694712081849465,-0.005955910536850961,-4.496135187714856e-05
2021-02-18,8.387260437011719,-0.006544995175475243,0.0027435565960647335,-0.010277745988346298,-0.006435975940754068
2021-02-19,8.421699523925781,0.004883520491933746,0.010694760923649405,0.0035720458277048728,0.004106118699031658
2021-02-22,8.461910247802734,0.004576373217713758,0.02086279463948415,0.0001081443204640209,0.004774656678585565
2021-02-23,8.53573989868164,0.0077216656996834665,0.01715335903840831,0.007232426262454128,0.008724939016940825
2021-02-24,8.640850067138672,0.010833292739117484,0.029681112695651102,0.006025224426426057,0.012314125044188051
2021-02-25,8.720800399780273,0.008352217317463273,0.02750307154458409,0.0070537364683174175,0.00925260038310971
2021-02-26,8.904669761657715,0.02110805909875979,0.03960294045922197,0.01742034652381519,0.021084000716502294
2021-03-01,8.9612398147583,0.006860498030303086,0.006860498030303086,-0.02284190920576712,0.006352852448741952
2021-03-02,8.757920265197754,-0.02267100202085004,-0.0039280411802598,-0.02340073863350356,-0.02268877451819773
2021-03-03,8.878450393676758,0.013315954045067357,0.02551172802502788,0.0061521155962234175,0.013762414457912708
2021-03-04,8.9824800491333,0.011539110156792987,0.017382458997199812,0.0035331851729318853,0.01171709598452364
2021-03-05,8.985899925231934,0.0006958413974245126,0.005045327898536733,-0.00723965960466566,0.0003807273804035116
2021-03-08,8.952899932861328,-0.0035945198245159737,0.02015601334649486,-0.004725123612362436,-0.003672419306378294
2021-03-09,9.191349983215332,0.026745574786669835,0.02989871104996311,0.008390574315845889,0.026633833969123222
2021-03-10,9.045289993286133,-0.015876915848994644,-0.011217048984787148,-0.026578288533652183,-0.015891026910728523
2021-03-11,8.93101978302002,-0.010811125400830845,-0.0019358598935503846,-0.018596421975072608,-0.012633117384951764
2021-03-12,8.943429946899414,0.0012630203592089995,0.016336294867628887,0.000716615626534578,0.0013895573160624952
2021-03-15,9.028590202331545,0.009973804274874487,0.01473928077027331,0.00023150256145698656,0.009522102363160423
2021-03-16,8.980460166931152,-0.005264407087952505,-0.0032552518637316563,-0.013627841836039156,-0.00533084726649391
2021-03-17,8.904580116271973,-0.007155589089377967,0.011371293219117673,-0.009089707163712935,-0.00844946130250579
2021-03-18,8.971779823303223,0.007373679853839521,0.014129825131472318,-0.02226723010895537,0.007546645226814475
2021-03-19,8.722789764404297,-0.027767038816411405,-0.022223006458718997,-0.04406036698228766,-0.027752582408699045
2021-03-22,9.629449844360352,-0.014764760496574159,0.08721404933992294,-0.014764760496574159,0.10394152609935947
2021-03-23,9.323619842529297,-0.031768181507564774,-0.018696748903905158,-0.04882101095253044,-0.03175986237782513
2021-03-24,9.391130447387695,0.006247619297001572,0.018108890235425168,-0.00484149581180382,0.007240814833574749
2021-03-25,9.351699829101562,-0.004104977255727005,0.007077869152948724,-0.00799273791817745,-0.00419870839906189
2021-03-26,9.327679634094238,-0.0017931936959204586,0.017443866837011823,-0.002187851316667322,-0.0025685378536826065
2021-03-29,9.5595703125,0.024843312614810653,0.036110817735311995,0.012578750101857938,0.02486048915725636
2021-03-30,9.711270332336426,0.015868916162274038,0.038230790779191004,0.013087374061446777,0.015868916162274038
2021-03-31,9.748299598693848,0.005440044466245464,0.017171748418075117,-0.004538051390527653,0.0038130198305903473
2021-04-01,9.686530113220217,-0.0030815412460759584,0.0003385889790998853,-0.021463175929405276,-0.006336436918896848
2021-04-02,9.547579765319824,-0.014246638029123404,-0.006833176086433634,-0.029058892319561602,-0.014344697871816026
2021-04-05,9.628640174865724,0.00840634786691874,0.015524359670106902,-0.002087428055500551,0.00849015263955577
2021-04-06,9.586359977722168,-0.004648605571849318,0.0036827130091721116,-0.0077736919272203275,-0.0043910870461151275
2021-04-07,9.65641975402832,0.007491921778562727,0.018015172462230833,0.006130604304982468,0.007308277226075965
2021-04-08,9.667570114135742,0.0011101684955494573,0.006224883931543079,0.00014912858538207452,0.0011547095498587456
2021-04-09,9.70285987854004,0.001940480105812492,0.007067940577568876,-0.0014792079297777372,0.0036503241236076622
2021-04-12,9.707460403442385,0.00020512697526853252,0.006483663656237315,-0.0039988457061824745,0.00047414112539323483
2021-04-13,9.703940391540527,-0.00046055559430646653,0.003057370019284633,-0.00501060515708307,-0.0003626089374115793
2021-04-14,9.68908977508545,-0.0015159229897364623,0.0019033309913920604,-0.009203544380279371,-0.001530369711259194
2021-04-15,9.674360275268556,-0.002494550307207466,0.0061626534597758464,-0.010543766493397722,-0.0015202150211022225
2021-04-16,9.610150337219238,-0.0072862578420872515,0.0020548481305071586,-0.00885226011607343,-0.006637124959410934
2021-04-19,9.668660163879396,0.0059874130852588525,0.014383684465563151,0.000700309507626784,0.00608833624938776
2021-04-20,9.732749938964844,0.0066658940209547435,0.014287369955096052,0.006252117583525507,0.006628609755556125
2021-04-21,9.75037956237793,0.0018309684712052299,0.013927255895040513,0.0014178590269899871,0.001811371248993776
2021-04-22,9.859210014343262,0.010600631024175078,0.03145115020382416,0.009963796997930485,0.01116166311978839
2021-04-23,9.977120399475098,0.012439095616025853,0.026691768560487494,0.011702792313233346,0.011959415101240323
2021-04-26,10.164250373840332,0.018667684212870572,0.02865050834137106,0.0018342022271757852,0.018755910209831583
2021-04-27,10.000069618225098,-0.01604646054710701,-0.014428050169689732,-0.02801879416464026,-0.01615276577973579
2021-04-28,9.92018985748291,-0.008035889947894503,-0.004741921791048931,-0.01508387554903845,-0.00798792046373431
2021-04-29,9.930899620056152,0.002121980878234453,0.008426301180543438,-0.005520053550864379,0.0010795925004563056
2021-04-30,9.923589706420898,-0.0004631575591339532,0.009395962068903474,-0.0007168714864054238,-0.0007360776883185149
2021-05-03,9.951720237731934,0.0026976721658009684,0.008897003720482966,0.002172668316926085,0.0028347132583317336
2021-05-04,9.948659896850586,-0.00027033670383758146,0.0066591376153735116,-0.002672893067507065,-0.0003075187815011482
2021-05-05,9.986169815063477,0.0037994901420888016,0.00953093417265416,0.0026044088119490105,0.0037703488310787403
2021-05-06,9.98639965057373,0.0010103848076326027,0.007024752899794873,-0.0015961787972371688,2.301538172400086e-05
2021-05-07,9.985819816589355,-5.806236528316244e-05,0.003799169536281344,-0.002465358589061384,-5.806236528316244e-05
2021-05-10,10.01593017578125,0.002718870820066721,0.008308844013370065,0.0017305117587413932,0.00301531168646485
2021-05-11,10.028730392456056,0.0010113817100443345,0.012630845485402054,4.4941834601797126e-05,0.0012779858136149347
2021-05-12,10.072979927062988,0.0044431824384552066,0.016916406282837304,0.00283181084313755,0.00441227681623757
2021-05-13,10.183890342712402,0.010777308129822138,0.02054110450532254,0.010463644940465144,0.011010685661293929
2021-05-14,10.267800331115724,0.007952740546194326,0.010855372852372147,0.0015769882577116867,0.008239482710393542
2021-05-17,10.260649681091309,-0.0009096676945089532,-0.0008551470761021251,-0.0165372088359812,-0.0006964149860556601
2021-05-18,10.092100143432615,-0.016556448042772454,-0.005125349577114968,-0.01665292477389546,-0.016426790008170933
2021-05-19,10.216259956359863,0.012356158858716881,0.02002554445928495,0.01052801773219425,0.012302673493390204
2021-05-20,10.22620964050293,0.0010042450309333262,0.003799851108865493,-0.0031273672640205197,0.0009739067120029254
2021-05-21,10.231940269470217,0.0005339944444433531,0.0038323380544809105,-0.0028876360422187553,0.000560386415763503
2021-05-24,10.259599685668944,0.0016272768850904562,0.003259400462318096,-0.0023837336809782173,0.0027032425395656645
2021-05-25,10.23071002960205,-0.002619918070044691,0.01157848553212193,-0.002791511781497613,-0.0028158658185510888
2021-05-26,10.354100227355955,0.011151715324762224,0.012828033506228742,0.006586048405446965,0.012060765811647611
2021-05-27,10.305500030517578,-0.0048811552223938515,0.005958979138092957,-0.008134982386116985,-0.004693811704659101
2021-05-28,10.347559928894045,0.003811550883297654,0.015654769065620355,0.001950379878031816,0.004081305929058754
2021-05-31,10.441610336303713,0.009089138700907329,0.011243199781607593,-0.002076827502674572,0.009089138700907329
2021-06-01,10.377360343933104,-0.006006764928684016,0.00018668675040989235,-0.007842670197761858,-0.006153264707381645
2021-06-02,10.531259536743164,0.013920661867613315,0.01817799850406021,0.005958120842523895,0.01483028320395885
2021-06-03,10.47609043121338,-0.004982239147841461,0.006868169434164795,-0.006398090488793473,-0.005238604683257542
2021-06-04,10.554800033569336,0.00752181820681086,0.010396016304813127,0.0030860328610609056,0.0075132610655441745
2021-06-07,10.554590225219728,-0.00013173694896140287,0.0007787659554856496,-0.009448828146529809,-1.9878003272522093e-05
2021-06-08,10.48036003112793,-0.007273596336592081,-0.00413660435391161,-0.010375620409332487,-0.007032977359407888
2021-06-09,10.468629837036133,-0.0005381523049279302,0.0015686857600021309,-0.0032327356754942027,-0.001119254878358844
2021-06-10,10.449799537658691,-0.00245017970960415,0.0001882090749569798,-0.02150994693159991,-0.0017987358107575124
2021-06-11,10.252229690551758,-0.018864404897179665,-0.015305534364921436,-0.0341920247752,-0.018906568149459457
2021-06-14,10.146430015563965,-0.010038750755564374,-0.005552898251034555,-0.019968294667226827,-0.010319674664068024
2021-06-15,10.249879837036133,0.010119835857668402,0.025953015907151045,0.009457480438333166,0.010195686691130135
2021-06-16,10.362469673156738,0.0110050654191034,0.013055814885644335,0.005226382606711821,0.010984503029370263
2021-06-17,10.329859733581545,-0.003671875438587935,0.003537785446257047,-0.008740145835060997,-0.0031469273835046385
2021-06-18,10.380069732666016,0.005207243259401917,0.006557730900104364,-0.001911898314964966,0.004860666105779066
2021-06-21,10.389389991760254,0.0008815456255675258,0.0077003630553094116,-0.002376635981467423,0.0008978994683346286
2021-06-22,10.451530456542969,0.005913770479614611,0.007970670268627966,-0.008574118109264117,0.005981146615152477
2021-06-23,10.311690330505373,-0.013412445990701571,-0.009774688426844813,-0.019155097112715125,-0.013379870691574314
2021-06-24,10.293140411376951,-8.730562360137473e-05,0.008246959493797279,-0.00221205074713382,-0.0017989212761311268
2021-06-25,10.37483024597168,0.007655510815203215,0.017813722419981692,0.006265275906733425,0.007936337340199495
2021-06-28,10.44509983062744,0.006117679545111443,0.00826708980164903,-0.002072379687535375,0.006773082835070499
2021-06-29,10.363100051879885,-0.00845470537679971,-0.0031555407400387647,-0.009984587053837202,-0.007850550026062275
2021-06-30,10.38403034210205,0.0019521468646106488,0.0049078369130513,-0.008464640586139383,0.0020196939253105395
2021-07-01,10.309849739074709,-0.007708997933129846,-0.0037201822666136364,-0.01292177165793651,-0.007143719787352398
2021-07-02,10.267620086669922,-0.004535430349726255,-8.630369595363785e-05,-0.005985480443795432,-0.004096049261002821
2021-07-05,10.297900199890137,0.002913049697298664,0.00561767279252634,-9.251020305822699e-05,0.002949087808529871
2021-07-06,10.273480415344238,-0.002472372302206538,-0.00019225549310353252,-0.0053963042307969555,-0.0023713362988465603
2021-07-07,10.267319679260254,-0.0007943355898454296,0.0002316077242801029,-0.0037543658520170498,-0.000599673706953574
2021-07-08,10.23429012298584,-0.0032082288189788644,0.003858884374188687,-0.0040244044597538275,-0.0032169599570501806
2021-07-09,10.2806396484375,0.004700864218388112,0.006127421403538724,0.0020040197807729143,0.004528846152950239
2021-07-12,10.273550033569336,-0.0005855270188437345,0.0006400723114736717,-0.005865381475676501,-0.0006896083425355082
2021-07-13,10.251859664916992,-0.0031264510195221362,-0.001518482356809403,-0.012594454930927479,-0.002111282719358898
2021-07-14,10.147850036621094,-0.010445909311884605,-0.006578321900929995,-0.011325735214636423,-0.010145440114814552
2021-07-15,10.174750328063965,0.0009942868914267766,0.002784849097698716,-0.004892680920743464,0.0026508365166804104
2021-07-16,10.111289978027344,-0.006146593508913112,-0.0020099355150375864,-0.011582623636950395,-0.006237042481679889
2021-07-19,10.077500343322754,-0.0032458517158664435,0.002387465696627178,-0.006411627645519169,-0.003341772887338501
2021-07-20,10.113510131835938,0.0035732857639685367,0.0050012184129402115,-0.0029690475796168014,0.0035732857639685367
2021-07-21,10.096790313720703,-0.0016196463784646786,0.0019498746980608495,-0.003348017272204684,-0.0016532161333978612
2021-07-22,10.086640357971191,-0.0009864693879015896,0.00152220802905223,-0.0032347392883441684,-0.0010052655778856057
2021-07-23,10.078240394592283,-0.0007733102358231658,0.00016054294906808764,-0.0038208843685154648,-0.0008327810926925805
2021-07-26,10.06270980834961,-0.00157374273039379,0.007775127483948596,-0.002085675156070388,-0.0015410017656461994
2021-07-27,10.097579956054688,0.003433535048423364,0.007287294072245265,0.0019676793363152534,0.003465284040700789
2021-07-28,10.113240242004396,0.0017202363412442967,0.002977971454692252,-0.0013468919766378429,0.0015508949686819928
2021-07-29,10.129220008850098,0.0018836341285646263,0.0035498134235640855,-0.008102314290884927,0.001580083777633412
2021-07-30,10.050559997558594,-0.007716318322774751,-0.004578836572733391,-0.015163082862979183,-0.007765653349692925
2021-08-02,10.009289741516112,-0.003992778668035046,0.0008058810624687052,-0.014088732885109034,-0.00410626433278416
2021-08-03,9.910849571228027,-0.009756942522324397,0.001162974497358693,-0.015420607363097472,-0.009834880678873614
2021-08-04,9.967430114746094,0.005659490088747443,0.013858557877439504,0.004276155403448945,0.005708949884813519
2021-08-05,10.027950286865234,0.0060255799873092375,0.017133822852904546,0.00519288515221783,0.006071792971952261
2021-08-06,10.085869789123535,0.0058705278938757655,0.013703667917316142,0.004797591418334246,0.005775806680470286
2021-08-09,10.12539005279541,0.004251498302587198,0.010569223078232826,0.0034285819107224835,0.003918379326539823
2021-08-10,10.150629997253418,0.002349574621127948,0.0043148686179392826,-0.005920747207301735,0.002492737990971383
2021-08-11,10.078200340270996,-0.006932547090971242,0.0021289575145200246,-0.011549077779010597,-0.007135483906124063
2021-08-12,10.127559661865234,0.00475777314755188,0.006436653220422528,-0.006683725471029356,0.00489763250657016
2021-08-13,10.046730041503906,-0.007973244731680817,-0.004642772796801697,-0.011644410159559082,-0.00798115469669236
2021-08-16,10.03462028503418,-0.0005514126567667255,0.000485725351123234,-0.00893727052158777,-0.0012053430737861692
2021-08-17,9.959890365600586,-0.007593758713833831,-0.005328613345939259,-0.01640419910089863,-0.007447209491827755
2021-08-18,9.86678981781006,-0.009285308983346896,-0.00020682321268838955,-0.010005168665287445,-0.009347547450128113
2021-08-19,9.892820358276367,0.002662457922464778,0.01332050528514217,0.0005787699861945494,0.0026381975239120337
2021-08-20,9.951189994812012,0.006387410692027418,0.010125442310283894,0.001847807666049528,0.005900201805121519
2021-08-23,9.923060417175291,-0.0019003162465873746,0.0002663260300199699,-0.005778191913636377,-0.0028267551570602123
2021-08-24,9.895999908447266,-0.002767301327629812,-0.0011227205011241637,-0.006250118331588506,-0.002727032547457653
2021-08-25,9.884320259094238,-0.0009932822625441373,-0.00021625355555920933,-0.007264539004084969,-0.001180239436245123
2021-08-26,9.856809616088867,-0.0011088854500008738,0.00019518622338399183,-0.006111750529043447,-0.0027832609915749984
2021-08-27,9.845049858093262,-0.0011128511571736333,0.002626646080242656,-0.002182163536680104,-0.0011930592609205037
2021-08-30,9.849459648132324,0.000695805781939729,0.005056337213655837,-0.002182832728696904,0.00044791952327560836
2021-08-31,9.86913013458252,0.002570704790428424,0.005627761752695859,-0.005325086680195712,0.0019971132582816686
2021-09-01,9.807279586791992,-0.004603261157885674,-0.0021309300554969157,-0.009173087625076737,-0.006267071864195617
2021-09-02,9.808480262756348,0.0004904859914904858,0.0030854719488493387,-0.0018894018268559298,0.0001224270149260409
2021-09-03,9.82917022705078,0.002251059000166755,0.010584702657877143,0.0020003039396350175,0.0021093955169582124
2021-09-06,9.878809928894045,0.005165217890771956,0.0059771223033868726,-0.002116210222699144,0.005050243377274333
2021-09-07,9.827019691467283,-0.004546041229372633,0.001846373713723759,-0.006781170926844826,-0.005242558344531245
2021-09-08,9.884690284729004,0.005909236434187282,0.019587889689983484,0.004411329282692389,0.005868574102054103
2021-09-09,10.02243995666504,0.01268826974710402,0.01900915295533978,0.009868740007693333,0.013935658879352886
2021-09-10,9.98490047454834,-0.004179635351198807,-0.002084346325965103,-0.009023730432788812,-0.0037455432288957535
2021-09-13,9.991009712219238,0.0008312378873320814,0.0022253259263409486,-0.004628016986173655,0.0006118476279730611
2021-09-14,9.950750350952148,-0.0039705687094901965,0.0007557033553631243,-0.00484329774549952,-0.004029558816047607
2021-09-15,9.949959754943848,-8.146352188076467e-05,0.003881113861277097,-0.0004180516264048473,-7.945089369321146e-05
2021-09-16,9.960140228271484,0.0011468099848475077,0.008543806272403698,-0.0018070044834376242,0.0010231672869409625
2021-09-17,10.034119606018066,0.007433575987048524,0.019225650337362232,0.004869415482473993,0.00742754379467403
2021-09-20,10.132869720458984,0.010134450888686697,0.018094314547389745,0.007545285446413308,0.00984143286289818
2021-09-21,10.160090446472168,0.0026419555835981434,0.004325518744134227,-0.0030514582284716374,0.0026863787618056634
2021-09-22,10.106789588928224,-0.0051968217021302054,0.00018200374388932516,-0.006927124443159127,-0.005246100694157763
2021-09-23,10.11633014678955,0.001075512630667852,0.0192425043195541,0.0006896755411083255,0.0009439751146871345
2021-09-24,10.27970027923584,0.016176771284291513,0.028387759467354945,0.016150092654034554,0.016149149946251606
2021-09-27,10.390159606933594,0.01050705131910079,0.014419642107507347,0.003264667089771578,0.01074538407708947
2021-09-28,10.312219619750977,-0.00751766519147723,-0.0005909202053957507,-0.008429103159725004,-0.007501327229911481
2021-09-29,10.360340118408203,0.004705106173540807,0.006529182164006553,-0.0012324812778815586,0.004666357043546787
2021-09-30,10.343790054321287,-0.001807871494579505,0.00010613420739558066,-0.008742954916250656,-0.0015974440894570563
2021-10-01,10.281330108642578,-0.005941777111904911,-0.004484775844185607,-0.009836856056240628,-0.006038400368790886
2021-10-04,10.27001953125,-0.0011360056752977021,0.0028818943680759546,-0.002733110739172706,-0.0011001083782992138
2021-10-05,10.281740188598633,0.001166507690296248,0.004120756668092973,-0.0008898776624826077,0.0011412497622782514
2021-10-06,10.275799751281738,-0.0006400037992109198,0.005309434416584491,-0.0030082961188130364,-0.0005777657485920296
2021-10-07,10.245739936828612,-0.0031335623891585174,0.0010840878529723152,-0.0036707339064090405,-0.0029253016972597967
2021-10-08,10.253870010375977,-1.563745382415771e-05,0.012313377925518898,-7.511562640516445e-05,0.0007935077014926684
2021-10-11,10.357609748840332,0.01064670801477896,0.013305199553346414,0.007363028254750104,0.010117130250274275
2021-10-12,10.391770362854004,0.0029968489258700437,0.009186481843181715,0.0025788295660489347,0.0032981175041371102
2021-10-13,10.421799659729004,0.002787760285102747,0.013017960437242682,0.0022585107356347667,0.0028897190590682076
2021-10-14,10.605690002441406,0.017788719651604668,0.023641822982309213,0.015151926935905946,0.01764477813011278
2021-10-15,10.649100303649902,0.004209022457951184,0.010944105821917516,0.0037423324358016874,0.00409311428096637
2021-10-18,10.711170196533203,0.005883996001931235,0.017303800305756845,0.004904628541128497,0.00582865135207955
2021-10-19,10.84708023071289,0.012763326921590767,0.018697275407079328,0.00890372734625422,0.012688626143171122
2021-10-20,10.822750091552734,-0.002301127801436098,0.0023056996367500915,-0.01034105188083545,-0.002243012741001693
2021-10-21,10.737460136413574,-0.007893570907670733,0.019702028712930364,-0.007940713801571353,-0.007880617626543018
2021-10-22,11.081089973449709,0.030902981718783806,0.046516564507303126,0.027951665163726602,0.03200289758197039
2021-10-25,11.2837495803833,0.018402554700708507,0.03194270943377697,-0.0002391696964508805,0.01828877912002924
2021-10-26,11.125009536743164,-0.01398375860990364,-0.011091147138292512,-0.03101445764823796,-0.01406802255839712
2021-10-27,11.057860374450684,-0.006345079104752238,-0.0036008139614028822,-0.012350521858710883,-0.006035874582462464
2021-10-28,11.003230094909668,-0.004215176411708987,0.010323840252963956,-0.006916339075948796,-0.004940402364569496
2021-10-29,11.12714958190918,0.011299369901669465,0.01903529838599871,0.008562001358500382,0.01126210084953505
2021-11-01,11.07334041595459,-0.0043631706163582695,-0.003558810668323975,-0.012180075151302816,-0.0048358445762313185
2021-11-02,11.06544017791748,5.3396541059846925e-06,0.004837726619872251,-0.00811231256199274,-0.0007134466873001122
2021-11-03,11.115610122680664,0.004551082030396447,0.019792199487113527,0.0040974044973887125,0.004533931227002075
2021-11-04,11.193920135498049,0.007167393558543234,0.014067618532680015,0.005153076273799684,0.007045048535626375
2021-11-05,11.19791030883789,0.00013401289999803723,0.005635187067695391,-0.0031409965652487992,0.0003564589787619088
2021-11-08,11.210180282592772,0.001236771686938809,0.007204906207364248,-0.002261140909532222,0.0010957378132594453
2021-11-09,11.220459938049316,0.0016690308221563033,0.007239811459663237,0.0005681969958297728,0.0009169928758867574
2021-11-10,11.2752103805542,0.004892862652304597,0.015920948569568383,0.004208404144148581,0.004879518558701834
2021-11-11,11.298100471496582,0.0022092690339057253,0.014312798493434142,0.0015556231267841447,0.002030125396317306
2021-11-12,11.354840278625488,0.005210553935677931,0.01177715687549763,7.428092895400695e-05,0.0050220660784574545
2021-11-15,11.47488021850586,0.010665932720459237,0.014619264424978295,0.004304738967143118,0.01057169779009004
2021-11-16,11.426609992980955,-0.0041281439168158185,0.02462857425905196,-0.0041281439168158185,-0.004206599511780262
2021-11-17,11.69853973388672,0.024152394795750265,0.05648303253912301,0.023146858755654254,0.023797936664750496
2021-11-18,12.14466953277588,0.034723132537820556,0.09176788289178384,0.012721239298764342,0.038135511699539215
2021-11-19,12.546449661254885,0.03305896553243204,0.0503209010971597,0.011885092035412992,0.03308283748641205
2021-11-22,12.52748966217041,-0.00149841447635779,0.029350924216089647,-0.016112915370480874,-0.0015111844064560342
2021-11-23,12.774709701538086,0.015538642778161638,0.20821488996861692,0.015538642778161638,0.019734204220835494
2021-11-24,14.37086009979248,0.12484511305272772,0.15592447892365469,0.01897657185149293,0.1249461189761687
2021-11-25,13.302319526672363,-0.0737652465113835,-0.048963699434976804,-0.07529820115404273,-0.0743546708895696
2021-11-26,13.390170097351074,0.006550026587101465,0.06937437614228292,0.006550026587101465,0.00660415429824579
2021-11-29,13.929229736328123,0.039731390606861705,0.08116626833404905,0.033067506820037895,0.040257863422040296
2021-11-30,14.347000122070312,0.02983652584278529,0.08512606176591109,0.023318592213972478,0.029992353751810308
2021-12-01,15.297340393066406,0.06259359262745368,0.08989332567575481,-0.018935689634084873,0.06623965030391021
2021-12-02,15.21780014038086,-0.009601055433447359,0.02247184987130013,-0.018937279962175424,-0.005199613177307549
2021-12-03,15.47776985168457,0.014607238694944291,0.03004307821886565,-0.005768244947991552,0.01708326492039247
2021-12-06,15.455060005187988,-0.001634604092345393,0.009046546874978745,-0.004048400892738169,-0.0014672557296172561
2021-12-07,15.551799774169922,0.006404371766783656,0.011021606146686347,-0.02334379563372513,0.006259423706505229
2021-12-08,15.246600151062012,-0.021604570336961948,0.001855739694579972,-0.021604570336961948,-0.01962471402279875
2021-12-09,15.492899894714355,0.015255874082915843,0.02655671383497027,0.01114083693980783,0.016154404340116946
2021-12-10,15.556090354919434,0.004086366653426099,0.014908144005321144,-0.0014445246103178544,0.00407867220691438
2021-12-13,15.667590141296388,0.007120023899346517,0.05541559844340371,-0.010721846218396114,0.007167596988255642
2021-12-14,15.574390411376951,-0.005715013014756853,0.03956762386997004,-0.007865949375417736,-0.005948568291544887
2021-12-15,16.1677303314209,0.03927026332606132,0.07085609076077248,0.037553888534959334,0.03809715207925679
2021-12-16,16.693090438842773,0.03267427172880666,0.10025957503686356,0.030943142296031567,0.03249436356573021
2021-12-17,17.73232078552246,0.06251266141048895,0.15590219683827233,0.059520997917387186,0.062255119894488065
2021-12-20,18.655109405517575,0.052938293138864445,0.16922088498213883,0.05218427373679413,0.05203992366010679
2021-12-21,15.332039833068848,-0.17817583698424933,-0.1542075935648447,-0.3307093598073746,-0.17813187262605235
2021-12-22,13.84982967376709,-0.0907980557584529,-0.06944674157663999,-0.11767316511628645,-0.0966740352516473
2021-12-23,13.57863998413086,-0.019580723808458766,-0.014569086428675604,-0.16575221831849796,-0.019580723808458766
2021-12-24,12.79751968383789,-0.057686921329299534,0.007206932094677931,-0.07822801925744172,-0.0575256653984384
2021-12-27,12.230560302734377,-0.040190557211726596,0.018319163060135146,-0.04909930359339609,-0.04430228631095856
2021-12-28,13.052539825439451,0.05976831220322798,0.10185383298691764,0.053331110534444726,0.06720702096708564
2021-12-29,13.352519989013672,0.02296716930014675,0.10096430225812458,0.020158578695335327,0.02298251279720742
2021-12-30,14.31054973602295,0.0725241359055826,0.13195411628145504,0.05279751665793886,0.07174898429641252
2021-12-31,14.993060111999512,0.04775778855753399,0.07652605853282801,0.026831272571840925,0.047692813243821464
2022-01-03,15.189530372619627,0.012312354851166551,0.048148942302267406,-0.029584330569811246,0.013104080097889659
2022-01-04,14.762999534606934,-0.03365343835334578,0.008813252803647753,-0.0360610538696986,-0.028080581002132288
2022-01-05,15.07151985168457,0.021035744732585293,0.04616745069339556,0.01513243399101305,0.020898213561167722
2022-01-06,15.445910453796388,0.0239312679602679,0.04077954475533918,0.009281093196665813,0.02484093215522476
2022-01-07,15.434040069580078,0.0026025840241277187,0.01825204672870706,0.002219963669280123,-0.0007685130800038076
2022-01-10,15.591050148010254,0.011454566440785907,0.021646324056628696,0.0024595020046016547,0.01017297335774292
2022-01-11,15.622750282287598,0.0004758875195196577,0.009293814116744459,-0.0036386433144134367,0.0020332263687439234
2022-01-12,15.63700008392334,0.0010625309149432383,0.007943526536810408,-0.036670868321433736,0.0009121186332918807
2022-01-13,15.04360008239746,-0.037286549276760894,0.0006331197176874248,-0.03822534243872644,-0.03794845548002301
2022-01-14,15.465270042419434,0.02799397604644205,0.03954506421117121,0.019848985296263777,0.028029857062962682
2022-01-17,15.326720237731934,-0.008880516900337088,0.003138652944520759,-0.015515421288833209,-0.008958770477817346
2022-01-18,15.32390022277832,-0.000201602478366536,0.010833333177775906,-0.0026431080481639224,-0.00018399337300301077
2022-01-19,15.299460411071776,-0.001320801475006017,0.007757771618781106,-0.012356523171063727,-0.00159488193940438
2022-01-20,15.17726993560791,-0.008563050723487176,0.004414483470215558,-0.017045067438060557,-0.007986587250844446
2022-01-21,15.04345989227295,-0.00661710145093275,0.0059384759365361806,-0.007973786958464069,-0.008816476474535428
2022-01-24,15.232279777526855,0.012489182501742802,0.017819021185909056,0.0038382268374628215,0.012551626195440146
2022-01-25,15.236029624938965,0.0006263381450886119,0.006258435357977765,-0.005272347214720474,0.00024617768757373426
2022-01-26,15.255900382995604,-0.0019413957130431925,0.008648587408656816,-0.002580724311606053,0.001304195288785337
2022-01-27,15.2333402633667,-0.0014610891024305905,0.0031482835094218675,-0.006592247994948397,-0.001478779951529452
2022-01-28,15.104430198669434,-0.008589701010716988,-0.000816674560039643,-0.012878353679245613,-0.0084623636358514
2022-01-31,15.03477954864502,-0.004709895598240421,0.0022556306001280113,-0.016233658200964562,-0.004611272925114984
2022-02-01,14.911999702453612,-0.008210916905173282,0.00782056121527619,-0.008577422458671213,-0.008166388193066254
2022-02-02,15.048970222473145,0.010663923488611227,0.02963054392756903,0.00795197605069986,0.009185255012913895
2022-02-03,15.180500030517578,0.009308941850339592,0.02844514023425493,0.009130868215434296,0.008740120161047082
2022-02-04,15.503390312194824,0.021207497869695002,0.027593952672675393,0.017652256816661938,0.021270068906039663
2022-02-07,15.525850296020508,0.0013661626564613893,0.004038450383148762,-0.0021298579772759396,0.0014487143375354616
2022-02-08,15.525320053100586,0.000924260968988122,0.0034542311152421235,-0.004694154815647167,-3.415226282699191e-05
2022-02-09,15.50510025024414,-0.0010351068996192758,0.0023960841987684667,-0.0034273211954338745,-0.0013023759115617928
2022-02-10,15.455880165100098,-0.0031660798475805496,0.0008358204769065569,-0.006292118549346859,-0.0031744448181344476
2022-02-11,15.397130012512209,-0.003956458654510331,-0.0014751955445492237,-0.009921165150263866,-0.0038011521802910897
2022-02-14,15.347359657287598,-0.0031843794210504317,-0.00046763527248372405,-0.006507067393551669,-0.003232443655679096
2022-02-15,15.369230270385742,0.00143287031470396,0.010744569972061635,0.0007812775257716176,0.0014250407618328076
2022-02-16,15.445070266723633,0.004836928416735775,0.010634218356810665,0.0031224625066843537,0.004934534456421336
2022-02-17,15.453120231628418,0.0005730046871537109,0.00479632091473281,-0.0037818309352138924,0.0005211996297698196
2022-02-18,15.372810363769531,-0.005378871375064431,0.0028990782454281216,-0.006610313117853872,-0.005197000130401697
2022-02-21,15.398900032043455,0.0017231239562369716,0.00905949045755583,0.0015553154056313634,0.001697130690912152
2022-02-22,15.442079544067385,0.002934615939377272,0.024405649697710308,0.0006786434834589183,0.0028040647016396303
2022-02-23,15.590669631958008,0.0109668275960626,0.019755815672662935,0.005071209003548072,0.009622414355954456
2022-02-24,15.604740142822266,0.0009884388318524007,0.04674210340811058,-0.009392768608665336,0.0009024956077201551
2022-02-25,15.65565013885498,0.003307327934243043,0.014175790435303037,-0.012615417598355716,0.0032624699653285294
2022-02-28,15.68863010406494,0.003210986456681608,0.007957474044292479,-0.0195731164313363,0.0021065854766457726
2022-03-01,15.461629867553713,-0.015407956891372643,-0.00469067586764127,-0.01877601595699052,-0.014469092266533257
2022-03-02,15.412679672241213,-0.004628225265955299,0.014647226426403703,-0.0062438111766002224,-0.0031659143138086376
2022-03-03,15.538189888000488,0.00821663218319535,0.018174639445700302,0.0055811495142179535,0.008143309173246793
2022-03-04,15.600879669189451,0.004095078289272358,0.010240611090437612,-0.004575837693955531,0.004034561402636472
2022-03-07,15.48256015777588,-0.007568140466838846,0.004929851428364662,-0.011855092712700688,-0.007584156401593378
2022-03-08,15.614279747009276,0.008628401453410595,0.02521996020731221,0.007856595042662118,0.008507610362310736
2022-03-09,15.780229568481444,0.013218664001589664,0.04306513031798742,0.012970202517486706,0.01062808045974406
2022-03-10,16.196420669555664,0.0259673640233109,0.04798543764130403,0.023926844937108616,0.026374210797636133
2022-03-11,16.374040603637695,0.009927470582949738,0.016543782323897194,-0.010604846748941799,0.010966616495452053
2022-03-14,16.12381935119629,-0.01523696831798571,-0.006663006672442018,-0.01754362667686149,-0.015281582506019742
2022-03-15,16.18433952331543,0.0041596848651894724,0.011629468180433644,-0.009730260453479467,0.0037534637917318037
2022-03-16,16.12487030029297,-0.003790104127689764,0.0017683617050989753,-0.008803506789130111,-0.0036744918096156542
2022-03-17,16.044790267944336,-0.005261485702281354,0.014647490748841197,-0.005261485702281354,-0.004966243501950962
2022-03-18,16.319929122924805,0.017168145232855814,0.021614483247981875,0.01250497646780091,0.01714817397957291
2022-03-21,16.359130859375,0.0018775544645650566,0.0066208191981083075,0.000999492423340298,0.0024020776165705193
2022-03-22,16.328510284423828,-0.002101576141298689,0.0017470189681674242,-0.006967439036220102,-0.0018717727252376415
2022-03-23,16.346189498901367,0.0011966112679102636,0.00260827147610021,-0.0032042408912581477,0.0010827206015482371
2022-03-24,16.31817054748535,-0.0015563392352794247,0.0027229518964222432,-0.00533388657393119,-0.0017140968185825889
2022-03-25,16.310020446777344,-0.0008475328098991319,0.0038380343877875145,-0.001841522468619572,-0.0004994494134187288
2022-03-28,16.2810001373291,-0.0013599343620295246,0.0005683447415480991,-0.005689177640242016,-0.0017792932598056366
2022-03-29,16.295679092407227,0.0007100571197078409,0.007971243448138488,-0.013724568831550155,0.0009016003288686569
2022-03-30,16.158580780029297,-0.006702304137972237,0.004111016524710909,-0.006985790230357614,-0.008413169626162342
2022-03-31,16.35396957397461,0.01201404668456929,0.014225160090890254,0.005488712485614,0.012091952666214212
2022-04-01,16.23969078063965,-0.006907124754641503,-0.005593064767633993,-0.009597641293230041,-0.00698783208676268
2022-04-04,16.21417999267578,-0.0014083406984153335,-5.9194705362419775e-05,-0.007189220456233825,-0.0015708912385375973
2022-04-05,16.111940383911133,-0.006478255243562492,-0.003056617534613948,-0.008424755025938424,-0.00630556764577872
2022-04-06,16.048450469970703,-0.00407645191118533,0.0005927339834268519,-0.006154513094543734,-0.0039405504506352385
2022-04-07,16.024450302124023,-0.0016176591185416145,0.004409787960794054,-0.0016176591185416145,-0.0014954819402401842
2022-04-08,16.005640029907227,-0.0009648360927256849,0.00225342670953399,-0.0021548720235264884,-0.0011738482045966503
2022-04-11,16.043729782104492,0.0023703564233845675,0.0065177353687899675,-0.003566259690534479,0.0023797706387307382
2022-04-12,15.950160026550291,-0.0054301622712145114,-0.003429992266572035,-0.013082986636802962,-0.0058321697526076965
2022-04-13,15.777480125427246,-0.010201761379926011,-0.005151045249448982,-0.01218921067351142,-0.010826217469643296
2022-04-14,15.8958101272583,0.009081904391634144,0.011960067183727663,-0.0028629305797361893,0.007499930336806626
2022-04-15,15.819829940795898,-0.004715692647542902,-0.0036204779647664997,-0.007788233296626146,-0.004779887646752301
2022-04-18,15.815699577331545,-0.0004064311857506775,0.0009576632774894733,-0.0029936773486169965,-0.0002610877284908719
2022-04-19,15.787650108337402,-0.00199101987866257,0.0020195414087691432,-0.003706412031913131,-0.0017735205993888448
2022-04-20,15.807709693908691,0.0014473361433964271,0.010043945015482558,0.0003483634198231389,0.0012705871636145005
2022-04-21,15.91450023651123,0.0063329891524190884,0.01516851441442335,0.004110020852959417,0.006755598671178031
2022-04-22,15.931039810180664,0.0011216137431211415,0.005165104095786743,-0.0017656862179337152,0.0010392769753138076
2022-04-25,15.931500434875488,0.0005938375229408432,0.0007049426078782339,-0.007566340091946677,2.891366165136411e-05
2022-04-26,15.82645034790039,-0.006669225122503897,-0.004275207240010959,-0.011430862220568438,-0.006593860220794667
2022-04-27,15.750929832458496,-0.0046618198138309586,-0.0034341180806347626,-0.014674211321851649,-0.004771791133310832
2022-04-28,15.626779556274414,-0.007989381478509916,-0.0061247101076911115,-0.01734942992109434,-0.007882091883124387
2022-04-29,15.531140327453612,-0.005893066622173149,0.004489112751196567,-0.006122776788239359,-0.006120213603602154
2022-05-02,15.651009559631348,0.008068302874794542,0.011709376533757254,0.005371131677770702,0.007717992990240896
2022-05-03,15.637020111083984,-0.0007321796426151828,0.00396721204991235,-0.003850219297430457,-0.0008938368157058729
2022-05-04,15.566309928894045,-0.004512397811156421,-0.0006164691176294701,-0.006348387751512585,-0.004521972964645515
2022-05-05,15.636300086975098,0.004009935022657896,0.012543146838353003,0.0026878303079209687,0.004496258805122277
2022-05-06,15.666319847106934,0.0020721098370690694,0.012722305505497244,-0.0020145342885262707,0.0019198761832950328
2022-05-09,15.734049797058104,0.00442543086894176,0.017399117945360087,0.0017815436437103038,0.0043232840011036
2022-05-10,15.945199966430664,0.01316065179135828,0.025104757464490257,0.012374451816294263,0.013419950495646704
2022-05-11,16.13739013671875,0.011758426589290716,0.016953718338200474,0.008579432448587498,0.012053167767898998
2022-05-12,16.068340301513672,-0.004006907278881977,0.0038290247546284295,-0.010239591803929748,-0.00427887252028214
2022-05-13,15.993000030517578,-0.00481883776698222,0.0029660138753468956,-0.00560233216743955,-0.004688740067883446
2022-05-16,16.100290298461914,0.006873038297957601,0.020720964186020208,0.006011970511886844,0.006708576736047522
2022-05-17,16.26881980895996,0.010602890185257063,0.03604776530889198,0.009311602903335103,0.010467482720739829
2022-05-18,16.755260467529297,0.030309581505324923,0.03464732652273317,0.02277553544168298,0.029900181099887346
2022-05-19,16.713699340820312,-0.0034592425683999117,0.004827093651126546,-0.0048951674649971855,-0.0024804822813424554
2022-05-20,16.82229995727539,0.00665929306549784,0.0129917496615235,0.0009346336190565463,0.00649770073282574
2022-05-23,16.812280654907227,-0.00031270798539184685,0.012186200711359563,-0.006703606572990295,-0.0005955964638373334
2022-05-24,17.012910842895508,0.012854874997121124,0.03069416370364353,0.010347749503458958,0.011933549772720431
2022-05-25,17.204099655151367,0.011823874551342373,0.029243587062967036,0.009105947364615119,0.011237865996088336
2022-05-26,17.43745994567871,0.013573538429404453,0.023301470093414434,0.011101449760601678,0.013564225690675391
2022-05-27,17.549560546875,0.006557137842748029,0.010596733780334766,-0.006436707983624612,0.006428723079250354
2022-05-30,17.49471092224121,-0.003199535182170976,0.007159094466007154,-0.006856084714049193,-0.003125412997509791
2022-05-31,17.646820068359375,0.008722053119474271,0.009002136549230322,0.0006613414110165916,0.008694578995574354
2022-06-01,17.57887077331543,-0.0039247662347319245,0.0026185644296334853,-0.012635192157039121,-0.003850512147838936
2022-06-02,17.455259323120117,-0.0071620225313790975,0.008604561156313695,-0.0074419585714191605,-0.007031819722058241
2022-06-03,17.711959838867188,0.014666642918498285,0.01771966664127933,0.011356505207896772,0.014706198916624613
2022-06-06,17.640050888061523,-0.012396717354241304,0.00787666128805764,-0.012396717354241304,-0.00405990931889233
2022-06-07,17.74683952331543,0.005912655578486747,0.01704520327531034,0.004363858356201122,0.00605376004477276
2022-06-08,18.01272964477539,0.014493272308802707,0.039877026650136926,0.011861844675480793,0.014982392842998404
2022-06-09,18.408580780029297,0.022690620718778254,0.031120755945292622,0.0176968988733206,0.021976188121422435
2022-06-10,18.320199966430664,-0.005626231557334993,-0.0020089317630462844,-0.03138705915971962,-0.004801066125342701
2022-06-13,18.04212951660156,-0.014761801096317861,-0.010551208368171694,-0.029942860331652277,-0.015178352329048406
2022-06-14,17.974720001220703,-0.003825452952404551,0.0021820918142538837,-0.005650117683474787,-0.0037362283270846453
2022-06-15,18.006370544433594,0.0018486979423659733,0.00986775156436881,-0.0027411069479506,0.001760836508760244
2022-06-16,18.003299713134766,0.0006136311925060145,0.012701625460620702,-0.003344411814428905,-0.00017054138096572746
2022-06-17,18.240589141845703,0.013238175493494264,0.013847461688918816,0.0031761069122995256,0.013180329855744022
2022-06-20,18.18553924560547,-0.0028995154612592167,0.0016732679292823516,-0.007185578400476289,-0.0030179889373169733
2022-06-21,18.21385955810547,0.0013785783358473136,0.008796093328830246,0.0002799319520980781,0.0015572984731175854
2022-06-22,18.26716041564941,0.003247041565734632,0.009791494839207271,-0.0023003761110227394,0.0029263900588396563
2022-06-23,18.318439483642575,0.002990627897164533,0.005129967851950967,-0.0035752422954680174,0.002807172369780675
2022-06-24,18.23130989074707,-0.004899971241562384,0.001870860247947581,-0.012147888753784919,-0.004756387298891163
2022-06-27,17.434099197387695,-0.04332048572274794,-0.028959485824961106,-0.07150003394899407,-0.04372755979338505
2022-06-28,17.474769592285156,0.0022662901295542603,0.011181021059157858,-0.0024819241071237785,0.0023328073585560105
2022-06-29,17.43617057800293,-0.0023513907510872567,0.005762069773970424,-0.008948339040355746,-0.0022088425302767556
2022-06-30,17.24095916748047,-0.011418273109393029,0.0032002144050669035,-0.012519943226413366,-0.011195773157251399
2022-07-01,17.49180030822754,0.014329874188371061,0.017338980718264896,0.007937514132844159,0.0145491407009537
2022-07-04,17.45844078063965,-0.0009021081284489307,0.006447025382136484,-0.003586842110141375,-0.0019071523228058052
2022-07-05,17.505319595336914,0.002790046946161473,0.008311145406151299,-0.006757271268973186,0.002685166177569087
2022-07-06,17.386899948120117,-0.006873847834820146,0.009805586920392573,-0.00902239516556691,-0.006764780646926427
2022-07-07,17.506240844726562,0.0065669907543466355,0.017372253693417994,0.006132248353206027,0.006863839842786268
2022-07-08,17.533239364624023,0.0017393176435929192,0.0070522771507439685,-0.00459953856438966,0.0015422225786179133
2022-07-11,17.503019332885742,-0.0015746589027733071,0.0023076503837327067,-0.005731323267192612,-0.0017235851920925915
2022-07-12,17.325559616088867,-0.012261264301693608,-0.0009061067453680627,-0.019257737841033684,-0.010138805963806119
2022-07-13,17.273210525512695,-0.0028108952161278733,0.0178568302838209,-0.005640725691613113,-0.003021494932120894
2022-07-14,17.429969787597656,0.009236278117259022,0.0175878523039128,0.006776951364583006,0.009075282319602751
2022-07-15,17.506650924682617,0.004388441469135973,0.007348283996058802,-0.0023774600243983146,0.004399384394775163
2022-07-18,17.362239837646484,-0.008190094118587843,0.016895194621097787,-0.009113118041707557,-0.008248927088191804
2022-07-19,17.689289093017578,0.01901884406294574,0.03957501493494209,0.016060198527620084,0.018836812440636397
2022-07-20,17.94076919555664,0.0144443526733391,0.020386915127230232,0.011348156116020691,0.01421651832454529
2022-07-21,17.920900344848633,-0.001508271733433375,0.012988870024122523,-0.002139774806429462,-0.0011074692780134177
2022-07-22,18.11565971374512,0.01103066898701588,0.013939016655787562,0.0006355025957049953,0.010867722332515095
2022-07-25,18.10003089904785,-0.0007942872803591294,0.009925116524070576,-0.0021345944223217783,-0.0008627240158088911
2022-07-26,18.216800689697266,0.006697732861843164,0.009839162310770977,-0.00285142864910759,0.0064513586358327935
2022-07-27,18.10239028930664,-0.006367286681290163,9.988639754587858e-05,-0.00817990021830517,-0.006280488124093653
2022-07-28,18.212350845336918,0.005858896332536778,0.013124724340223493,0.0005374641260345037,0.006074366659480912
2022-07-29,18.28597068786621,0.005938199617804285,0.009748320079442596,-0.004953858279772905,0.00404230311366649
2022-08-01,18.269540786743164,-0.0005365534887189494,0.007661011680782037,-0.000619685901337319,-0.0008984976189395644
2022-08-02,18.33283042907715,0.0038654273774152426,0.009242677951383005,0.00037813849995949056,0.003464216373731066
2022-08-03,18.217159271240234,-0.0059379819330287464,-0.00043967326013560903,-0.008155387563239413,-0.006309508959044918
2022-08-04,18.206249237060547,-0.0006460030836439312,0.008178063996813645,-0.001309177075832002,-0.0005988877858092989
2022-08-05,18.380260467529297,0.009626918663160566,0.010364662549744219,-0.0005057977115062728,0.009557774816931097
2022-08-08,18.198869705200195,-0.00900643902641507,-0.0012018824164249375,-0.010347582900519403,-0.009868780839615843
2022-08-09,18.27910041809082,0.00438874640528919,0.01125122609783924,-0.0017149386848894776,0.004408554717422852
2022-08-10,18.25925064086914,-0.0010432500065477024,0.015812573113846762,-0.0022862180079475936,-0.0010859274673076236
2022-08-11,18.386140823364254,0.007266920474922056,0.018972839118254647,0.0026555644531669476,0.0069493641875477685
2022-08-12,18.51926040649414,0.00725981995372682,0.008270335603025813,-0.0007571865028469515,0.00724021339816594
2022-08-15,18.385610580444336,-0.0074220659388103405,-0.006130434487064629,-0.012960086414995131,-0.007216801487544111
2022-08-16,18.241600036621094,-0.007952399304725244,-0.004305578537153187,-0.010983618717227417,-0.007832785492390304
2022-08-17,18.20907974243164,-0.002287049193149593,0.004097198492824861,-0.002287049193149593,-0.0017827544800985695
2022-08-18,18.256349563598636,0.0026058988130266414,0.01213128752434578,0.0008402813842791623,0.0025959478367731936
2022-08-19,18.215280532836918,-0.000676481481385105,0.0007257941082901009,-0.005556968882374447,-0.0022495751748534687
2022-08-22,18.13747978210449,-0.00437987098082071,-0.0016536033883792767,-0.014497197031262732,-0.0042711804845484425
2022-08-23,17.973459243774414,-0.008219459278810404,0.0002679492616832757,-0.012851258819952527,-0.009043182421182183
2022-08-24,18.036800384521484,0.004865508986318767,0.009423905865363569,-0.0005986245325269035,0.0035241485730694855
2022-08-25,18.08293914794922,0.0028780271048058914,0.009562651126561184,0.002073499245702326,0.002558034820151933
2022-08-26,18.10280036926269,0.001979290910724796,0.014071898731186527,-0.00010442302166913109,0.0010983403279176684
2022-08-29,18.05487060546875,-0.0029868041374842003,0.007340259765984625,-0.006001845311403242,-0.0026476436140412396
2022-08-30,18.19013977050781,0.008060362021696355,0.011605171883398269,0.004860683848809,0.007492114897687863
2022-08-31,18.194549560546875,0.00016661647550697545,0.0076777794647975295,-0.003205558384342222,0.0002424274961436712
2022-09-01,18.252220153808597,0.003399347365561134,0.004486547276999708,-0.007823729996192741,0.003169663149384938
2022-09-02,18.11031913757324,-0.00770705016605,0.0014124157994943598,-0.00811355338150066,-0.007774452370154505
2022-09-05,18.04730033874512,-0.0031898816885433945,0.0009199556441308321,-0.008212934291996765,-0.003479717742652766
2022-09-06,18.1226806640625,0.004269295347497204,0.008346981811317766,-0.003744035473325358,0.004176820017537386
2022-09-07,18.04129981994629,-0.00436857154404191,0.0011802342029219037,-0.007162866005213542,-0.004490552232572886
2022-09-08,18.211530685424805,0.009625179078569746,0.013373208566761274,0.004154950550474545,0.009435620890813512
2022-09-09,18.259899139404297,0.001918499485813241,0.012608494246020063,0.001918499485813241,0.0026559246894168886
2022-09-12,18.33390045166016,0.004301794776927492,0.018274506379416522,0.003508872353800152,0.0040526681823871424
2022-09-13,18.452709197998047,0.006384877454213678,0.013209402507884604,-0.005271713868270744,0.006480276613868519
2022-09-14,18.20248031616211,-0.013838082537102059,-0.00869840345798567,-0.014553362466864006,-0.013560549789788379
2022-09-15,18.199220657348636,-0.0006158220044927276,0.0061387300172206505,-0.004109357078474152,-0.00017907772769731878
2022-09-16,18.244829177856445,0.0024082879733478,0.008072831977503192,-0.0016638661327680326,0.002506069977748826
2022-09-19,18.293909072875977,0.0030397640698986983,0.004250045345037812,-0.0012090267726512227,0.002690071501414648
2022-09-20,18.345779418945312,0.0030332770078478344,0.005119234904799486,-0.003549788000075438,0.002835388864277366
2022-09-21,18.255970001220703,-0.004936750868537176,-0.004501234707550372,-0.014229391113266265,-0.004895372154745559
2022-09-22,18.02580070495605,-0.013666254814088563,-0.003802061686781877,-0.015421799935766867,-0.012607891897787993
2022-09-23,18.034500122070312,0.0003400802331172681,0.0019466260263381052,-0.009728368585178226,0.0004826091920493436
2022-09-26,17.844770431518555,-0.01048050230601505,-0.008072321980795438,-0.021320275080399576,-0.010520374242010133
2022-09-27,17.732519149780273,-0.005541162224626639,0.0009969218021892434,-0.006633319078359845,-0.006290430138569669
2022-09-28,17.64896011352539,-0.004846967504493649,0.011145056543830911,-0.013372561981906506,-0.004712192077678812
2022-09-29,17.973310470581055,0.018369876251710604,0.028635690940738145,0.012516294472210365,0.01837787353868503
2022-09-30,18.145809173583984,0.009309903619697302,0.01636091213687596,0.003558030395436118,0.009597491974852268
2022-10-03,18.063949584960938,-0.0042792288537603085,0.005281159767617671,-0.005704867647785328,-0.004511211808741811
2022-10-04,18.178260803222656,0.007968883437697194,0.02557526825860612,-0.00012174375062823373,0.006328140904295232
2022-10-05,18.509859085083008,0.016837686939098706,0.0209722448976164,0.005286526283008852,0.018241474553031267
2022-10-06,18.381959915161133,-0.006018343866765918,-0.004125303969901739,-0.017772070000124707,-0.0069097862568250346
2022-10-07,18.179800033569336,-0.010110982780594968,-0.007711901945755106,-0.01611309475201972,-0.010997732696884976
2022-10-10,17.998720169067383,-0.009889575050010757,-0.0026788156388782847,-0.010686620536579428,-0.009960498144511276
2022-10-11,18.03314971923828,0.0020573277438393767,0.007442791632883861,-0.0059654450748914956,0.0019128887969528385
2022-10-12,18.021669387817383,-0.00044084528911114695,0.002831436753720107,-0.005175489848077586,-0.0006366237512380746
2022-10-13,17.97072982788086,-0.005479468002745347,0.008211846374230003,-0.0068228494440149,-0.002826572768611424
2022-10-14,18.10306930541992,0.0072829738740998184,0.0132577104382392,0.004205230444420671,0.007364168222802947
2022-10-17,18.097509384155277,-0.0006092998351527878,0.010835169591439486,-0.0024895635145819606,-0.0003071258895847029
2022-10-18,18.258060455322266,0.009233891778585912,0.014024630526815685,0.003910497415397618,0.008871445664647926
2022-10-19,18.319660186767575,0.003616407949369904,0.004164123787331331,-0.006285517173080124,0.003373837631660992
2022-10-20,18.16128921508789,-0.008606029207546273,-0.0005562856320050491,-0.011877942415743359,-0.008644864045790346
2022-10-21,18.170339584350582,0.0007439811984060185,0.009121121273346189,-0.005875077953140129,0.0004983329738053044
2022-10-24,18.292709350585938,0.0066201710577378226,0.01219851044839082,0.00424269544788336,0.006734588842838507
2022-10-25,18.326539993286133,-0.0013966730923710147,0.013892491935894258,-0.0021373946786492626,0.0018494057961464527
2022-10-26,18.53944969177246,0.006988271181889605,0.022894170040022033,0.0058259530607900345,0.01161756111979284
2022-10-27,18.75922966003418,0.012073751768388208,0.012944326914856363,-0.0007745876007753116,0.011854719094453792
2022-10-28,18.544099807739254,-0.01388649528496455,-0.00833086008382733,-0.015109343046976309,-0.011467947042263171
2022-10-31,18.48052024841309,-0.0029012237554546516,-0.0009318639778925775,-0.009934636838927924,-0.003428560026388028
2022-11-01,18.403779983520508,-0.004145476650860513,0.0024258149480109736,-0.00654579907452868,-0.004152494835699794
2022-11-02,18.336950302124023,-0.005273357604886786,0.002903756404499136,-0.005273357604886786,-0.003631301909516771
2022-11-03,18.268199920654297,-0.0034831024388478626,-0.0006244121107449319,-0.012141658647847553,-0.0037492811147425975
2022-11-04,18.14249992370605,-0.006656331653684955,0.01239857010974732,-0.007845853504114375,-0.006880809137966959
2022-11-07,18.466339111328125,0.018198161354809006,0.025655245353318312,0.016633278647420147,0.017849755490362496
2022-11-08,18.47738075256348,0.000518298477123702,0.016327641483709243,-0.0007039067599837745,0.0005979334165147066
2022-11-09,18.69179916381836,0.010469504470156155,0.015370681444245138,0.008269032912518126,0.011604372617863179
2022-11-10,18.62697982788086,-0.003329222401158516,0.008928063040733347,-0.011607686048592858,-0.0034677954417020596
2022-11-11,18.83736991882324,0.010955670044610066,0.028716446263745032,0.008757204403648577,0.01129491162209062
2022-11-14,19.11104965209961,0.01442031338549321,0.022070517558006042,0.012031440815284844,0.014528553320115822
2022-11-15,19.15625,0.0024430885813477854,0.01981946754062558,0.001624201297963701,0.002365142089169492
2022-11-16,19.265100479125977,0.0057041485585747065,0.013893612835185642,0.003455306733023855,0.005682243608533755
2022-11-17,19.33720970153809,0.0035966675184428976,0.005516183865271307,-0.004038924559978008,0.0037429974730858184
2022-11-18,19.256669998168945,-0.004203282474214198,0.0008837802358134805,-0.005889172182977798,-0.004165011633645244
2022-11-21,19.22368049621582,-0.0016939313142648738,-0.0015531830744349717,-0.010979551291441902,-0.0017131467671337441
2022-11-22,19.029800415039062,-0.01002098971647758,-0.0030941352321148807,-0.01002098971647758,-0.010085481872991187
2022-11-23,19.18079948425293,0.00885448030168301,0.015764707486026097,0.006271764850212858,0.00793487403549098
2022-11-24,19.373310089111328,0.010240483965067604,0.013683015251291675,0.008520560768945584,0.010036630903547339
2022-11-25,19.37424087524414,-0.0002560746599897801,0.002876680311511448,-0.003918306571677133,4.804476511921507e-05
2022-11-28,19.282920837402344,-0.004191212128909161,0.009272095739953246,-0.006768276463074985,-0.0047134769527141795
2022-11-29,19.22064971923828,-0.00187837469450447,0.004270013543289375,-0.004629565518777579,-0.003229340549035342
2022-11-30,19.230379104614254,0.0002929397937274647,0.007213642420540012,-0.005055990003528743,0.0005061944064375101
2022-12-01,19.40847969055176,0.009280660074425962,0.019965370849007513,0.007360752656870417,0.009261418351069972
2022-12-02,19.60745048522949,0.010322306238835344,0.01256767023732075,0.001654442529521294,0.010251745517944277
2022-12-05,19.63990020751953,0.0019471882696719955,0.006909079624990655,-0.0027254993725163157,0.0016549689779652432
2022-12-06,19.548770904541016,-0.004649234473384611,-0.0006242616755776087,-0.006453164253074961,-0.0046400084529769625
2022-12-07,19.494970321655277,-0.002732704821631682,0.005435065770101444,-0.004451475463514987,-0.0027521209977063865
2022-12-08,19.58180046081543,0.004340582247551739,0.009895823090918965,0.0029089189988549258,0.0044539764732907106
2022-12-09,19.676319122314453,0.004671697850767709,0.007927236762118595,0.0011245309137881687,0.004826862661998943
2022-12-12,19.607080459594727,-0.0035859627776423375,0.0023490561995676007,-0.005526432674186177,-0.00351888289111979
2022-12-13,19.626100540161133,-0.0007135382674902102,0.013934181518103994,-0.005847900879369039,0.0009700618409560491
2022-12-14,19.742490768432617,0.0055181239467045895,0.013684325408375608,0.0055181239467045895,0.0059303797019338855
2022-12-15,19.86952018737793,0.006194719590878028,0.012924376211928879,-0.00013226093449647536,0.006434315732259499
2022-12-16,19.8115291595459,-0.0027821852215597076,0.0005913211525654383,-0.005926170674291353,-0.002918592260162889
2022-12-19,19.701980590820312,-0.0054730230162914895,0.003302702902017396,-0.0054730230162914895,-0.005529536253530476
2022-12-20,19.774030685424805,0.0044878209154508575,0.00886760187702973,0.0008943307292734737,0.003656997542575091
2022-12-21,19.79980087280273,0.0019353182756491893,0.00458982181162737,-0.0010150196478596607,0.0013032339125942372
2022-12-22,19.784650802612305,-0.0007884750286055731,0.004981312611997746,-0.002064677493965106,-0.0007651627553101337
2022-12-23,19.79166984558105,0.0003583391457799845,0.0039586015614794245,-0.0013551717439412858,0.0003547721432526352
2022-12-26,19.73419952392578,-0.0016259763013375395,0.004116884875346116,-0.008161973144214185,-0.0029037631540776987
2022-12-27,19.815269470214844,0.0019859073741950173,0.011568753742846383,0.0017988858737780777,0.004108093981251892
2022-12-28,19.805389404296875,-0.0018505313551722136,0.00803068041414945,-0.0018505313551722136,-0.0004986087084417612
2022-12-29,19.86751937866211,0.003189028063909305,0.008148807441797468,0.0020595685865423263,0.003137023620033208
2022-12-30,19.93757057189941,0.003596381902137624,0.007907412822708126,0.0017898866603522912,0.0035259154352473843
2023-01-02,19.95490074157715,0.0004162429856457983,0.00449046874355763,-0.0043897323924001475,0.0008692217346764064
2023-01-03,20.0137996673584,0.002746194244662714,0.0030568388896508036,-0.012208525713969132,0.002951602042225776
2023-01-04,19.728639602661133,-0.013026500060278168,-0.00453836106850336,-0.01402583342506114,-0.014248172232999234
2023-01-05,19.87264060974121,0.006906180303377418,0.010662649711330463,0.00037917573074230937,0.007299084477201179
2023-01-06,19.74622917175293,-0.00637710748655318,0.003358387912375971,-0.010228633551419009,-0.006361079056917962
2023-01-09,19.99894905090332,0.013464395944212004,0.022671742696188435,0.0011679066478336164,0.012798386818679619
2023-01-10,20.10972023010254,0.00541887147886122,0.009457036097229699,-0.005857775462558723,0.005538850012431817
2023-01-11,20.1389102935791,0.0025629583189679117,0.006028955870964303,0.0012063602567891074,0.0014515400086405617
2023-01-12,20.210590362548828,0.003569700459029379,0.010393339488827591,0.0003604648310486791,0.003559282400328323
2023-01-13,20.38665008544922,0.00895918053409872,0.010138757683200605,0.0019613690607078738,0.008711260766862017
2023-01-16,20.330610275268555,-0.003096606101749222,0.0018850208392664491,-0.004579979409599644,-0.002748848385869085
2023-01-17,20.33662986755371,-0.0001844434260132033,0.004500100618298308,-0.0031061736479501834,0.00029608517421042535
2023-01-18,20.232589721679688,-0.0049797176975105995,0.005660718360503969,-0.006954441421422208,-0.00511589907234411
2023-01-19,20.258819580078125,0.00045966591827983905,0.006206338336741002,-0.0005777876154915429,0.0012964162650088706
2023-01-20,20.348709106445312,0.0042702243458900835,0.007404163798258923,0.002713940536965831,0.004437056463821865
2023-01-23,20.41747093200684,0.003735453552224266,0.009166727280771392,-0.0011105503785694415,0.003379173843501837
2023-01-24,20.349689483642575,-0.003257560860319142,0.003647765664125613,-0.004230223636770614,-0.0033197769003804334
2023-01-25,20.46331024169922,0.0056099400342937145,0.009516174656939214,0.003494953369066689,0.005583414830382383
2023-01-26,20.542600631713867,0.0036889947568514714,0.004514446714168008,-0.0030210646838917388,0.0038747587305338893
2023-01-27,20.49099922180176,-0.0024705115643208764,-0.0019861211993532635,-0.007608651952848988,-0.0025119219731334352
2023-01-30,20.441659927368164,-0.00234343911977708,0.0017334710330314529,-0.0058220164690454546,-0.0024078520476006338
2023-01-31,20.398820877075195,-0.0020678682920362013,-0.00011933956978205096,-0.005972576905208471,-0.002095673758646832
2023-02-01,20.418960571289062,0.0010760312176216758,0.007310149167959912,0.00021954477745711465,0.0009872969783513152
2023-02-02,20.71099090576172,0.014249516319589928,0.016172187984100805,0.002813529151973082,0.014301919701205534
2023-02-03,20.508359909057617,-0.009783742247104654,-0.0061296544539570785,-0.01752411285364386,-0.009783742247104654
2023-02-06,20.31290054321289,-0.009732162097235708,-0.008643742489388484,-0.01595790737356606,-0.00953071658150495
2023-02-07,20.200050354003903,-0.005415777370676111,-0.004116129771329469,-0.010964514859889696,-0.0055555920715958385
2023-02-08,20.203340530395508,0.00027920870534425823,0.0030816822848547254,-0.0012203223902149674,0.000162879613364586
2023-02-09,20.178560256958008,-0.0009374673408752976,0.0057505549513994225,-0.0019150579063098583,-0.0012265433728753106
2023-02-10,20.22105026245117,0.0021695984555614167,0.003674223916966035,-0.004361031845258934,0.0021057005530664696
2023-02-13,20.10434913635254,-0.005853803566877258,-0.0006255627659607077,-0.00756834735410139,-0.0057712692755298445
2023-02-14,20.21183967590332,0.005287430758536438,0.012070525514566777,0.00372962531363652,0.005346631160340287
2023-02-15,20.22896957397461,0.0006273577227138283,0.004917888141023452,-0.006653974185663936,0.0008475180065727894
2023-02-16,20.180599212646484,-0.0022373594236967387,-0.0006401210808495428,-0.007030017332015914,-0.002391143115384131
2023-02-17,20.10260009765625,-0.003606936796426208,-0.0016778120695477572,-0.007977924560079952,-0.0038650544598970438
2023-02-20,20.14266014099121,0.00204097859187935,0.0046028521895427055,0.0007267861100739292,0.0019927791997231825
2023-02-21,20.14854049682617,0.00024676733372430704,0.0018210217171350518,-0.002954390181197808,0.00029193541437910753
2023-02-22,20.06764030456543,-0.004043493349544791,-0.0011167554208122432,-0.0075286563208618595,-0.004015188706769202
2023-02-23,20.01474952697754,-0.0022868063912341308,-0.0003827501802784461,-0.005192932418597973,-0.002635625154984389
2023-02-24,19.991479873657227,-0.001150617816202848,0.0009448712645065971,-0.006069475626466758,-0.001162625257385641
2023-02-27,19.926950454711918,-0.0033188653346490904,0.00296824065504131,-0.014089960084123221,-0.0032278460300649847
2023-02-28,20.03348922729492,0.005432324657636656,0.008501012829815524,0.002577851211887472,0.005346466476400025
2023-03-01,19.97003936767578,-0.0031002584135791933,0.007838951462766586,-0.004355671226939695,-0.003167189644262658
2023-03-02,20.146900177001957,0.008462708685687437,0.009281902324840496,0.0010651332008664305,0.008856307494939042
2023-03-03,20.0103702545166,-0.006720107153629695,-0.00305658227409511,-0.009677946464462406,-0.0067767210481941564
2023-03-06,20.06800079345703,0.0026741467155750875,0.010221140638194015,-0.0023163229133911223,0.002880033612942423
2023-03-07,20.167680740356445,0.00318711975160757,0.007778993922108457,-0.0034467807172647857,0.004967108977388168
2023-03-08,19.95401954650879,-0.010213385641867356,-0.007261147569061377,-0.013256415249459641,-0.01059423721539332
2023-03-09,19.980270385742188,0.001783083419035325,0.005176906555780514,-0.0005803098229314463,0.0013155664788346844
2023-03-10,20.04582023620605,0.003403874366421311,0.01516140265933097,-0.018021814121749413,0.0032807288989762373
2023-03-13,20.25645065307617,0.010318386212160746,0.016297196621471777,0.008126333341040626,0.01050744815568505
2023-03-14,20.34869956970215,0.003974966982774664,0.006644781357513452,0.0003860562508439802,0.004554051359040523
2023-03-15,20.354190826416016,-2.5026763170621358e-05,0.014516928636887805,-0.018364770041071066,0.0002698578695439213
2023-03-16,20.093320846557617,-0.012909951011380039,-0.007502161372888283,-0.014752248474388385,-0.012816524227523551
2023-03-17,20.16073036193848,0.0033642195539365094,0.009191065667162102,0.0032582838009329596,0.0033548220274604024
2023-03-20,20.294469833374023,0.006859867650315765,0.011995047506492051,0.002855526697230326,0.006633662026849452
2023-03-21,20.37779998779297,0.004244020312877295,0.011228698250127511,0.0030383038880945623,0.004106052294202245
2023-03-22,20.494609832763672,0.00526702206960139,0.009042725852399736,0.004303229663952246,0.005732210790206915
2023-03-23,20.686840057373047,0.009370802147736779,0.015252844139428401,0.009370802147736779,0.009379550339234433
2023-03-24,20.64042091369629,-0.004610698531845592,0.0023430133999493563,-0.01221258393293223,-0.0022438972577744076
2023-03-27,20.5642204284668,-0.0035900670192048345,-0.00150487107870656,-0.008954837696165563,-0.0036918086868531486
2023-03-28,20.632169723510746,0.0032580586099950626,0.007798490276095027,0.0023346312885297316,0.0033042485262355648
2023-03-29,20.70651054382324,0.004683929730792347,0.007839182768108355,0.002626465501836206,0.0036031508711262816
2023-03-30,20.761449813842773,0.0026078245790992494,0.011128873659461247,0.0011865136661854958,0.0026532365220717224
2023-03-31,20.909629821777344,0.007294823444307985,0.008880402984700275,0.0035999150756285125,0.007137266870243852
2023-04-03,20.730939865112305,-0.008160331043501445,0.0023314579990929563,-0.009907351020755129,-0.008545821144998689
2023-04-04,20.95429992675781,0.009875624977976338,0.01762345198258175,0.008016021370168769,0.010774237111236484
2023-04-05,21.053489685058597,0.004751281802949592,0.007645669686971557,0.0017767015884091464,0.004733623105877438
2023-04-06,20.98971939086914,-0.0031201044528349486,-0.00040940046522530693,-0.004810070436086389,-0.0030289655132428317
2023-04-07,21.01984024047852,0.0016003223362326402,0.002151543464594452,-0.0019980630020487444,0.0014350286942130808
2023-04-10,20.99275016784668,-0.0006946177333958525,0.0007549600969107839,-0.007101434151963071,-0.0012887858481279713
2023-04-11,20.93423080444336,-0.002641863298179614,0.004060421322545249,-0.0027875987155294712,-0.0027875987155294712
2023-04-12,21.05964088439941,0.005892725714555347,0.014757143276255436,0.005739385103237682,0.005990670549472998
2023-04-13,21.24227905273437,0.008731838783362589,0.015721041248974332,0.006643953796454216,0.008672425581115029
2023-04-14,21.361650466918945,0.005392081509395075,0.009750857316896289,0.0004642153700722407,0.005619520103668396
2023-04-17,21.286020278930664,-0.0034768029056604366,-0.0012176265755281523,-0.01005539723225457,-0.003540465569615181
2023-04-18,21.175830841064453,-0.005212363256109631,0.001056092716804402,-0.005330732378704184,-0.0051766105839557985
2023-04-19,21.280990600585938,0.005116627878677393,0.005882599844319714,-7.466965657543234e-05,0.0049660275580571955
2023-04-20,21.24262046813965,-0.0018119864828335386,0.0017207463265529466,-0.003203354052676355,-0.0018030237955761752
2023-04-21,21.281429290771484,0.0018500076904077734,0.004347841312007716,-0.0009636130136602139,0.00182693197809769
2023-04-24,21.328990936279297,0.002234889624092906,0.00606349144323004,9.168640060353006e-05,0.002234889624092906
2023-04-25,21.449899673461918,0.005677693445868437,0.00665618365211329,-0.0011262205864968067,0.005668750928904176
2023-04-26,21.31609916687012,-0.0061584974112848245,0.0045631639905121535,-0.007196295547053921,-0.006237815030777805
2023-04-27,21.44618034362793,0.006166731166294737,0.008992754417478599,0.002192241701358455,0.0061024850625570615
2023-04-28,21.438779830932617,-9.560675828612641e-05,0.001528018338710302,-0.005582812128273162,-0.00034507369502334573
2023-05-01,21.413949966430664,-0.001228103499125055,0.0021027402348468005,-0.004862681320753959,-0.0011581752645328791
2023-05-02,21.34152030944824,-0.003039170391367252,0.0014953135174899934,-0.00537869295810478,-0.003382358560469645
2023-05-03,21.436260223388672,0.004500092634771802,0.008924844109487795,0.003936955446741441,0.0044392298471112035
2023-05-04,21.55500030517578,0.005603102260086423,0.011066776500710862,-0.002088039140212272,0.005539216288182214
2023-05-05,21.47859001159668,-0.0036487831018556793,8.848752519607928e-07,-0.007521705105057674,-0.00354489874726438
2023-05-08,21.483999252319336,0.0002984645989991819,0.0051079094717174645,2.886075414298972e-05,0.0002518433807683351
2023-05-09,21.445430755615234,-0.001731919494685763,-0.001063051262526482,-0.006206429569125094,-0.0017952196074452198
2023-05-10,21.4001407623291,-0.001981841729797318,0.002795461446361225,-0.0051484482436291445,-0.002111871465872661
2023-05-11,21.458829879760746,0.0029709879029438113,0.004956934757608389,-0.004977612419859612,0.0027424640839257552
2023-05-12,21.35279083251953,-0.006429519758356261,-0.0006165000697296863,-0.01042228210442353,-0.004941511155798217
2023-05-15,21.29696083068848,-0.0024193810600650067,0.002812681219100055,-0.014251078962666641,-0.00261464659439381
2023-05-16,21.389179229736328,0.004482282008869909,0.008795117135530717,0.004018810753356972,0.004330120141600835
2023-05-17,21.44045066833496,0.0026331160174388746,0.0035214627312603053,-0.001315577099880616,0.0023970736814133975
2023-05-18,21.419870376586918,-0.0009902169483401169,-4.572558722926168e-05,-0.006313778409356319,-0.0009598814906646158
2023-05-19,21.34129905700684,-0.003556042418194516,0.001048068593017426,-0.008203162531396635,-0.0036681510298008924
2023-05-22,21.44532966613769,0.004883552014136594,0.007639208089168292,0.0006452773606762108,0.004874614654570175
2023-05-23,21.452550888061523,-1.165114618340013e-05,0.01725881615994429,-0.003735570922616782,0.0003367270187146776
2023-05-24,21.39108085632324,-0.003078423605989533,0.0011019518880728274,-0.003573475091610767,-0.0028653949853810756
2023-05-25,21.4053897857666,0.00045483374315358205,0.003221820749139237,-0.002231815054131836,0.000668920357015601
2023-05-26,21.37550926208496,0.002528382710976995,0.015446079331605134,-0.0037331849183820376,-0.0013959345744551932
2023-05-29,21.44841957092285,0.0042834237372737505,0.007601729752225506,-0.0008373395623402224,0.003410927334826841
2023-05-30,21.54986000061035,0.004860495845808721,0.02153444120660386,0.0034692292649924905,0.004729506029666597
2023-05-31,22.09132957458496,0.02521132984839447,0.03132267388472254,0.01661776122194336,0.02512636156147985
2023-06-01,22.187559127807617,0.0040771979877085585,0.01322509961174112,0.0018228803996884757,0.00435598739757892
2023-06-02,22.463319778442383,0.011955379809159838,0.015426723578789492,0.009185852501115255,0.012428615921485253
2023-06-05,22.493019104003903,0.0011253901484125084,0.014191599413411415,0.0007607888735305934,0.001322125396176821
2023-06-06,22.779539108276367,0.012850276693785023,0.032630193626291604,0.0038061294923521505,0.012738174584196349
2023-06-07,23.43341064453125,0.0302666683077899,0.0921950434893497,0.02810900977548525,0.02870433563852548
2023-06-08,24.941139221191406,0.06436238549434425,0.07538766529576768,0.05809908564775634,0.06434097876452394
2023-06-09,25.292949676513672,0.014068386108039288,0.017162829966183235,0.0008688975661386156,0.014105628945102477
2023-06-12,25.4143009185791,0.004570089715620229,0.008919905978452158,-0.004139119916686695,0.004797828786972769
2023-06-13,25.42217063903809,0.0020066925274679903,0.008384984764432168,-0.03552921993636793,0.0003096571683871563
2023-06-14,25.43544006347656,0.0010667335707235104,0.007122461058934881,-0.0013850730376377962,0.0005219626847321468
2023-06-15,25.55900001525879,0.002168648245254756,0.01745476883649477,-0.003438117337367652,0.0048577870669379575
2023-06-16,25.802980422973636,0.009587264502069814,0.01550370936362011,-0.005788537057853316,0.009545772822457499
2023-06-19,25.664369583129883,-0.004498309567286807,0.0035643341279947283,-0.004702993223115737,-0.005371892609752238
2023-06-20,25.63715934753418,-0.001210581143606393,0.007926188811269386,-0.011329327195877426,-0.0010602339366866387
2023-06-21,25.71207046508789,0.004186885822789588,0.006516355801597484,0.0017486462387625856,0.0029219741757744444
2023-06-22,25.83584976196289,0.004933040466509775,0.05473805555122824,0.001939167080226012,0.004814054046836436
2023-06-23,27.20846939086914,0.05340681053515772,0.08110627159308237,0.029150578209943268,0.053128487800974344
2023-06-26,27.48349952697754,0.010199806884983564,0.04254299697288655,0.005341367314322998,0.01010825460842324
2023-06-27,28.32113075256348,0.03049252533213176,0.03989307160550615,0.012749154728112888,0.030477604380902523
2023-06-28,28.475929260253903,0.005110978407210531,0.010376316578676326,0.001290170158741999,0.005465830762297896
2023-06-29,28.39072036743164,-0.0029832035552487257,0.0006767098998312626,-0.007554796555671706,-0.0029923129827827966
2023-06-30,28.248380661010746,-0.0052048671561018,0.0034461737568654005,-0.007336891566857573,-0.005013599675483427
2023-07-03,28.41629981994629,0.005940870693457834,0.007098444479840094,0.0005384095527654065,0.005944381766538331
2023-07-04,28.22100067138672,-0.004676901597998384,0.0016518635484190636,-0.010196985231561317,-0.006872786034671674
2023-07-05,28.270099639892575,-0.003064085452677112,0.007965703005393676,-0.007358373909801652,0.0017398025349129043
2023-07-06,28.18342018127441,-0.005000312380369354,0.005094093959967072,-0.012811373398173398,-0.003066117902741583
2023-07-07,28.45599937438965,0.007560792405153061,0.014393929601388855,0.0037592812076749915,0.009671615132656797
2023-07-10,28.56015968322754,0.0036969291592499065,0.006586707181962748,-0.00594457897335765,0.003660398901035755
2023-07-11,28.64888000488281,0.003388663720755636,0.007833976648065955,0.0027958929991414028,0.0031064364709196823
2023-07-12,28.73637008666992,0.0029544087906845373,0.015395002378120859,0.0023662034169307233,0.0030538744192512013
2023-07-13,29.080570220947266,0.012061687490633188,0.018071855726226937,0.010662788476460072,0.011977857093266486
2023-07-14,29.20218086242676,0.004341035119056924,0.012950236623340272,0.0005326435530452756,0.004181852025442634
2023-07-17,29.35205078125,0.005194785515395983,0.013614708948905152,-0.004228119364720118,0.005132148161443251
2023-07-18,29.581329345703125,0.007045844908755372,0.03433825929915346,0.006929332569494129,0.007811330327882393
2023-07-19,30.229389190673828,0.02203791365295915,0.02556583422828962,0.015191690884650333,0.021907732319840445
2023-07-20,29.986400604248047,-0.009192684971442211,-0.0005057762346498684,-0.013252649741250289,-0.00803815733401414
2023-07-21,29.83363914489746,-0.007820877256700998,0.0009270737988908984,-0.007820877256700998,-0.005094357984697373
2023-07-24,29.945749282836918,0.004003217355151634,0.006833267493185913,-6.163123691016459e-05,0.003757843198241906
2023-07-25,29.703800201416016,-0.00555668186838687,-0.001915135204991536,-0.00925708129649594,-0.008079580147943521
2023-07-26,29.7192497253418,-0.0008093315335060414,0.0059090063240103685,-0.0012705683158904524,0.0005201194399715448
2023-07-27,29.784379959106445,0.0013795895451549356,0.011233488855912244,-0.004223163883506076,0.0021915167565320637
2023-07-28,29.5914306640625,-0.006288201799316995,-0.00047606261254362625,-0.00935526431817224,-0.006478204189876102
2023-07-31,29.587779998779297,0.0008066038125018604,0.0058384992760289744,-0.0008218799115559117,-0.00012336900248743898
2023-08-01,29.61050033569336,0.00060061171242487,0.002435130131678065,-0.0025615441671043016,0.0007678959663415252
2023-08-02,29.6862907409668,0.0023015337761194132,0.004319385639279583,-0.007665853110226939,0.0025595786769627704
2023-08-03,29.49251937866211,-0.006586539876277442,-0.004775970649503636,-0.009407057210775172,-0.006527301237984839
2023-08-04,29.528200149536133,0.001165071222941183,0.010728873472165557,-0.0059180961720862735,0.0012098244444942452
2023-08-07,29.65097999572754,0.004107282853402117,0.00658220724757852,0.002275780666987526,0.0041580538458025895
2023-08-08,29.71143913269043,0.002173983942649338,0.003921289121788796,-0.004015399031484734,0.0020390266011984792
2023-08-09,29.505149841308597,-0.007162514345346649,0.00021916434957391928,-0.008580149474708643,-0.006943093212703366
2023-08-10,29.579450607299805,0.0023352215590259906,0.013158408491300788,0.001395676931108536,0.0025182304238693387
2023-08-11,29.705190658569336,0.004150527035750473,0.0077874531915507195,-0.0013979745232040042,0.004250925851831067
2023-08-14,29.629150390625,-0.003634052102612806,0.000990042747322173,-0.012353093201361909,-0.0025598310011990533
2023-08-15,29.50044059753418,-0.0042896940738786915,-0.00010634594309522072,-0.005542220111897533,-0.004344025778462601
2023-08-16,29.492210388183597,-0.0004149552778683896,0.0030266907795035713,-0.0006424112871455945,-0.00027898598067954694
2023-08-17,29.43577003479004,-0.0020361635687887736,0.0030678913483872527,-0.0035765442028061756,-0.001913737649727687
2023-08-18,29.475059509277344,0.001334752732504274,0.002502394085954762,-0.0014060941936668847,0.001334752732504274
2023-08-21,29.466089248657227,0.00035662008798054146,0.005697056056199967,-0.0006897502300461378,-0.0003043339273766099
2023-08-22,29.64068031311035,0.005932919866419972,0.008896661127263616,-0.002366086452357141,0.005925152231088138
2023-08-23,29.49625968933105,-0.004917551857102964,-0.002460127257902456,-0.009045669977187476,-0.004872378847371572
2023-08-24,29.520750045776367,0.0002596909638732381,0.006276425382334638,-0.07566448005064474,0.000830286846646322
2023-08-25,27.92222023010254,-0.054812653954562585,-0.026226281911499782,-0.08078353079898881,-0.05414936318335639
2023-08-28,28.23417091369629,0.01313861981647313,0.029418513267553736,0.01313861981647313,0.011172130332868013
2023-08-29,28.212879180908203,-0.011701135397221396,0.023294453623991185,-0.011701135397221396,-0.0007541122016002655
2023-08-30,28.736309051513672,0.015630482391648215,0.036127486314260215,0.015630482391648215,0.018552869675197092
2023-08-31,29.130720138549805,0.013488558619873858,0.016028167073341093,0.004307816315062718,0.013725182532283497
2023-09-01,28.884889602661133,-0.009162511318259625,-0.0021413764142954594,-0.010952677119918541,-0.008438876029135844
2023-09-04,28.433860778808597,-0.01561298100812325,0.0022825539961333075,-0.015659005833398965,-0.01561469785956815
2023-09-05,28.848970413208008,0.014646622928597308,0.016795804966241112,-0.006842245919713608,0.014599130157828766
2023-09-06,28.532129287719727,-0.0059960982915298056,-0.000959129778979495,-0.011675638136671385,-0.010982753316673644
2023-09-07,28.66840934753418,0.004197057126543946,0.009907111098543364,0.004103468314471614,0.004776371873272955
2023-09-08,28.690689086914062,0.0005818168560294268,0.006292337654967284,-0.0005500813911548663,0.0007771529668700872
2023-09-11,28.562129974365234,-0.0028179418626975705,0.007811299210274347,-0.0061747682384420965,-0.004480865278605806
2023-09-12,28.874900817871094,0.010888171861199725,0.01219971015270871,0.008100618760259692,0.010950543386875289
2023-09-13,28.93058967590332,0.002246550643103973,0.00364567411183625,-0.00019255204718160446,0.0019286250845842456
2023-09-14,28.788049697875977,-0.005010231764177253,0.01241768751910688,-0.00787989895279928,-0.004926964145015922
2023-09-15,28.63690948486328,-0.005175035772663428,0.008676870933317149,-0.006761840027736943,-0.005250102545982682
2023-09-18,28.557430267333984,-0.002038965263592818,0.009271287548651364,-0.0020630761127555797,-0.002775411835949204
2023-09-19,28.821090698242188,0.009440288404240382,0.0143882196464169,0.007287381953816396,0.009232638526646353
2023-09-20,28.84964942932129,0.0008576787929390761,0.0061729048680683185,0.0004936947372935485,0.000990896957305143
2023-09-21,28.721599578857425,-0.005155325187059634,0.0027573918921821594,-0.009403243854345544,-0.004438523621493995
2023-09-22,28.895320892333984,0.006136844642753658,0.009173955515828558,0.0018324004093397406,0.0060484553793598295
2023-09-25,28.937509536743164,0.0014690942983484057,0.0027903946474694408,-0.004117635798480124,0.0014600510776945352
2023-09-26,28.81561088562012,-0.004144786679892265,-0.0003721429574713442,-0.005285141852972686,-0.004212478996102442
2023-09-27,28.82402992248535,0.0005375412066934704,0.012870739443166412,-0.00432786531935192,0.0002921693001285419
2023-09-28,28.681610107421875,-0.0047991366913900935,0.0059367024805896396,-0.004899718391092489,-0.00494100982570711
2023-09-29,28.990049362182617,0.010820869319106752,0.015838018532961406,0.0079486353513738,0.010753903062120207
2023-10-02,28.975799560546875,-0.002505997874221011,0.0033297947547672457,-0.00670985552796266,-0.000491541130465678
2023-10-03,28.75684928894043,-0.007824817610500023,-0.004258388021220028,-0.010050446086748654,-0.007556315094909949
2023-10-04,28.81753921508789,0.0013874894863794562,0.009719125407387175,-0.003380741269193077,0.0021104511672216386
2023-10-05,28.928590774536133,0.003760220111737045,0.010692852921067475,0.0036978056998984155,0.003853610074731728
2023-10-06,29.079139709472656,0.005337605615592267,0.011858115095669142,0.0008403160221199801,0.005204157233578144
2023-10-09,29.215560913085938,0.004616405625034625,0.009517478992963513,-0.011147496983440086,0.0046913768762162356
2023-10-10,29.31934928894043,0.003982080994593851,0.007703412231135243,-0.00035051713845357657,0.0035525032760197472
2023-10-11,29.41274070739746,0.0029984159937725963,0.0066969459561068145,0.0016074908161272106,0.0031853168887434613
2023-10-12,29.413280487060547,0.0001016163484168775,0.004645235409153736,-0.005133149516038493,1.8351899554458484e-05
2023-10-13,29.232629776000977,-0.006721794847685314,0.00028966936709151625,-0.008223834594706103,-0.006141807648386677
2023-10-16,28.97248077392578,-0.008936589266684392,0.006594343572562167,-0.00996318946032504,-0.008899267841060543
2023-10-17,29.399620056152344,0.01536867465564673,0.020623012992033507,0.013968075152976489,0.014742930906040064
2023-10-18,29.558269500732425,0.00545242764502718,0.009117114536078885,0.002971804351769247,0.00539630934947688
2023-10-19,29.52644920349121,-0.0010765277459976463,0.004807109690453171,-0.00542283993994741,-0.0010765277459976463
2023-10-20,29.651790618896484,0.004300222158873046,0.0061995316259702005,0.0025919288843549992,0.004245055493853789
2023-10-23,29.66114997863769,0.00036620168765399974,0.007538814612920497,-0.0009227407710162838,0.0003156423118422236
2023-10-24,29.96096992492676,0.010429500124911728,0.012593607414578711,0.0027904984796784937,0.010108169996948968
2023-10-25,29.7906494140625,-0.005034193337648429,-0.004216466366530058,-0.008401929771990724,-0.005684746231214621
2023-10-26,29.74366950988769,-0.001590767071646626,-0.0013769233133233971,-0.005736006679096017,-0.0015770016800181752
2023-10-27,29.73780059814453,-2.1482278498852203e-05,0.004196867704241436,-0.001393911306661666,-0.00019731633116781833
2023-10-30,29.786699295043945,0.0016184799962439822,0.009956339395139846,-0.002046542748678548,0.0016443279568720826
2023-10-31,29.992660522460938,0.006862797643231833,0.016232125269637576,0.003598942652112802,0.006914536766121637
2023-11-01,29.94293975830078,-0.0017027888190825902,-0.0011316524886306745,-0.0061708288414880075,-0.001657764376151949
2023-11-02,29.9868106842041,0.0017205856985573753,0.009861438420090796,-0.0027067805001221856,0.0014651509256420336
2023-11-03,30.174789428710938,0.00626871415191399,0.016823344766557113,0.002934601641995327,0.00626871415191399
2023-11-06,30.451520919799805,0.008935935394316585,0.013488762525062814,0.007078446146338679,0.009170950198100103
2023-11-07,30.48996925354004,0.0012836535483338185,0.001440931486260233,-0.00214313895822138,0.0012626079939157542
2023-11-08,30.474809646606445,-0.0003837221486313602,0.0011440349941589378,-0.003334203912602085,-0.0004971998104534858
2023-11-09,30.541170120239254,0.002311113881660498,0.004903058830509677,-0.0013250444670053207,0.0021775517026141333
2023-11-10,30.410869598388672,-0.004406156265821526,0.002875776844763145,-0.0053636035991925235,-0.004266389314410479
2023-11-13,30.478540420532227,0.0023317156351829738,0.006174464787939149,0.0005928855986061521,0.0022252182537765286
2023-11-14,30.608259201049805,0.004263015696391204,0.02064928931277299,0.0030877623269716103,0.004256069310661248
2023-11-15,31.1181697845459,0.02053174121421586,0.02253771807933469,0.01177264332614647,0.016659248085516998
2023-11-16,31.127979278564453,0.0002962938808694915,0.003286508398497201,-0.0018246529870915573,0.00031523364280339194
2023-11-17,31.149309158325195,0.000740501271260241,0.009191774571927658,-0.004738472843119124,0.000685231751468951
2023-11-20,31.24611091613769,0.003015820812776404,0.010677960217152282,0.0022752142845028356,0.003107669493422005
2023-11-21,31.49675941467285,0.009212022907391981,0.011044221140558363,0.005978344106667199,0.008021750265429173
2023-11-22,31.43265914916992,-0.002031928909981051,-0.0006997359049540908,-0.006321240366822689,-0.0020351384299259756
2023-11-23,31.373449325561523,-0.001784734079355088,0.0030035620651411854,-0.0029309882191288494,-0.0018837039312329384
2023-11-24,31.391769409179688,0.0001686453106419794,0.007076415597733643,-7.708805115136386e-05,0.000583935907972899
2023-11-27,31.54766082763672,0.004928994002306952,0.008961906701579814,0.0038265126323890897,0.004965996545943208
2023-11-28,31.646499633789062,0.0031957562427220587,0.008587635111359848,0.002570365524671603,0.0031329995175350955
2023-11-29,31.795799255371094,0.004693440405788785,0.006424106249563133,0.0007761025272603472,0.004717729395342873
2023-11-30,31.75571060180664,-0.0012240437342038168,0.0004950763508151379,-0.011120651780343382,-0.0012608160355548348
2023-12-01,31.43536949157715,-0.011095048884813163,-0.00558893799787108,-0.018198659894584246,-0.010087669403665234
2023-12-04,31.445720672607425,0.0005401916743013047,0.0011207323841420092,-0.0063613136602357345,0.0003292845351492435
2023-12-05,31.304630279541016,-0.004468352325104563,-0.002172004512266845,-0.009368570162436196,-0.0044867915267502445
2023-12-06,31.15387916564941,-0.004904390164606087,-0.0017361616734222762,-0.005716386185721789,-0.00481561713220835
2023-12-07,31.108959197998047,-0.0013802219412063499,0.0026006506218316794,-0.001982048665924996,-0.0014418739769939126
2023-12-08,31.206979751586918,0.0030714797142916694,0.005291092230595984,-0.0003966265225118226,0.003150878593044526
2023-12-11,31.10611915588379,-0.003911940540704206,0.001443576652306655,-0.004092975895466533,-0.003231988372665251
2023-12-12,31.133249282836918,0.0008628594851847193,0.01032690491162147,-0.0004378067598221902,0.0008721797411361809
2023-12-13,31.31596946716309,0.0058506545664467335,0.008608822916230663,0.004274575870581776,0.005868972514439852
2023-12-14,31.505340576171875,0.007885148703722145,0.017841060256890362,0.005899898694083694,0.006047109900504832
2023-12-15,31.82910919189453,0.01042646413533177,0.015114235054006997,0.0009814218199535318,0.0102766264322669
2023-12-18,31.44780921936035,-0.011925247578744025,-0.0017056356748296198,-0.012774739597378293,-0.011979599247825656
2023-12-19,31.718090057373047,0.0085561311156086,0.01643454527248145,0.008443562413674277,0.008594584001937466
2023-12-20,31.94013023376465,0.006650444808217637,0.007895467633435516,0.0042136782450661325,0.00700042707458004
2023-12-21,31.87204933166504,-0.002131157810241202,0.003917931315067236,-0.0023190255100569157,-0.0021315161084609624
2023-12-22,32.029911041259766,0.005888582694105748,0.012032519429977073,0.0020168600692767047,0.004952982720125565
2023-12-25,32.02170181274414,-0.0015626248667740539,0.007543546087161346,-0.009076575109311036,-0.0002562988234668939
2023-12-26,32.111019134521484,0.004738574296334841,0.010673913491505038,-0.005753013027773535,0.0027892746706483784
2023-12-27,32.31452941894531,0.006337708671632969,0.01806761957021341,0.0032892552381520446,0.006337708671632969
2023-12-28,32.61220932006836,0.009220923945763682,0.015003199127382016,0.006487853940357002,0.009211952223216358
2023-12-29,32.51750183105469,-0.0012727662986550259,0.01332877924505449,-0.0028381951539899752,-0.0029040500778152456
2024-01-01,32.2056884765625,0.005719904629934103,0.005719904629934103,0.005719904629934103,-0.009589093163190121
2024-01-02,32.49087142944336,0.00884569171698324,0.018461650349279157,0.008416910195619076,0.008855049103775547
2024-01-03,32.54563903808594,0.0015794935640891516,0.007242916670531452,-0.0014644334516378255,0.0016856306474115623
2024-01-04,32.56351852416992,0.000551241941177949,0.0034585362445971324,-0.0023750404962982197,0.0005493665699132233
2024-01-05,32.665401458740234,0.0031013324108448703,0.008497913213534103,-0.003212738587573316,0.003128744656222926
2024-01-08,32.5872802734375,-0.0024359342518468496,0.0045441811020596745,-0.0024359342518468496,-0.002391557483272022
2024-01-09,32.7136116027832,0.0041918347661591415,0.007892950122679876,0.0023812533947669134,0.0038767067483282958
2024-01-10,32.778350830078125,0.0021375571864472587,0.0048232926683222654,0.0007390670147675582,0.0019789691239537888
2024-01-11,32.60404968261719,-0.00534468536358057,0.00873106869966045,-0.00534468536358057,-0.005317569159122959
2024-01-12,32.99700164794922,0.012162926777673722,0.01557630576312774,0.009463603182232383,0.01205224409719663
2024-01-15,32.90346145629883,-0.0028487973247525167,-0.00044404798816555235,-0.003582210612157355,-0.0028348088304624985
2024-01-16,32.91349029541016,0.0003859511016532924,0.0055720023720515766,-0.005767470547896392,0.00030479586850318263
2024-01-17,32.75893020629883,-0.005369564516948033,-0.003770482265219588,-0.00722131034110296,-0.00469594952477248
2024-01-18,32.803810119628906,0.0014356818825191908,0.005779757851971157,-0.0022607127964332507,0.0013700054625547242
2024-01-19,32.79916000366211,-0.00012594016132905228,0.0033014230656789323,-0.0011663710232039382,-0.00014175536164362512
2024-01-22,32.87868118286133,0.0025570756712265386,0.0058824603520102325,0.0023951794948258165,0.002424488285380999
2024-01-23,32.912899017333984,0.000966823217076751,0.010459627966240337,-0.003524211594708393,0.0010407301400670033
2024-01-24,32.87377166748047,-0.0011769929689882108,0.0037881672278101686,-0.0018706712476090903,-0.0011888150549396181
2024-01-25,32.90253829956055,0.0007553092706582554,0.00392925598613636,-0.0036868468501085605,0.0008750633292418097
2024-01-26,32.84893035888672,-0.0017028005022027282,0.0024560581356751765,-0.004295667012127136,-0.0016292949858687233
2024-01-29,32.87921905517578,0.0008706154230271324,0.0022460414694900344,-0.002912735232808661,0.0009220603519854986
2024-01-30,32.89847183227539,-0.00016208207595003188,0.002211718406467611,-0.00160771032672824,0.0005855606566353977
2024-01-31,32.91548156738281,0.0004568573064180903,0.004095250342150081,-0.0028384289349761005,0.0005170372409435409
2024-02-01,32.79507827758789,-0.003574973263321124,0.001525045326029817,-0.0054403984147595175,-0.00365795315947115
2024-02-02,33.102909088134766,0.009378584448844096,0.012592483941843646,0.0014261897098684084,0.00938649415443682
2024-02-05,32.720638275146484,-0.009017566692852474,-0.00457262493447308,-0.010299123192254567,-0.011547952234968406
2024-02-06,32.743408203125,0.0005908468404440814,0.005341054913431176,0.0003411242808089021,0.0006958888694970078
2024-02-07,32.855281829833984,0.003424248976639843,0.007606115369416244,0.0033103092821940017,0.0034166762975611498
2024-02-08,32.93233871459961,0.002421507950652657,0.004754775297042935,0.0005956240787710065,0.0023453423764472348
2024-02-09,33.02830123901367,0.0027463174800461676,0.005993502849236387,0.002329082018275086,0.002913929837953466
2024-02-12,33.05881881713867,0.0018540867349465806,0.004286240130854324,8.835584328381607e-05,0.0009239826748628222
2024-02-13,33.07379150390625,0.0004691806796797149,0.003115447410396044,-0.005511084422405221,0.0004529105183823656
2024-02-14,32.89447021484375,-0.005486905796660113,-0.0017999800694248336,-0.006054950256606184,-0.00542185461383593
2024-02-15,33.003700256347656,0.0028882924539330723,0.007721711758015282,0.0012145301080077608,0.003320620176901823
2024-02-16,33.17329025268555,0.005163943085549905,0.00680407900300084,0.002558219045873278,0.0051385146217135524
2024-02-19,33.21870040893555,0.0013131054455066682,0.004668257173639168,0.001152115199100745,0.001368877066582952
2024-02-20,33.25075149536133,0.001035245070585722,0.008271280831843253,-0.0007420691787158873,0.0009648507025024067
2024-02-21,33.40787124633789,0.004650957352648533,0.008711080211805555,0.0043631119654310435,0.004725299246198356
2024-02-22,33.55244827270508,0.004374107140104444,0.011057275146034717,0.002048603550280914,0.004327633607694725
2024-02-23,33.636199951171875,0.002514901530576763,0.005261624228461326,0.0009305817824489804,0.002496142093300735
2024-02-26,33.6392707824707,5.5004078240550314e-05,0.005123091188369289,-0.0007464677174827683,9.129542883212771e-05
2024-02-27,33.775291442871094,0.0035990929351386036,0.010562880762157612,0.0030353809501184603,0.004043507996352558
2024-02-28,33.76641082763672,-0.00030856145082613917,0.005607867187561677,-0.0036231122917463887,-0.0002629323050963306
2024-02-29,33.82257843017578,0.0017096224415256156,0.004978048190272144,-0.0007187350804854775,0.0016634164295925569
2024-03-01,33.79396057128906,-0.000656073399015078,0.005261895884072665,-0.0026930927663199045,-0.000846117008666214
2024-03-04,34.03281021118164,0.007342685602385046,0.015980906850117993,0.005409484987048074,0.0070678202807485935
2024-03-05,34.26625061035156,0.00678664130022133,0.010746963205838567,0.005667770778827741,0.006859274850397945
2024-03-06,34.39809036254883,0.004161224719716472,0.011816836200105651,0.002677593754745189,0.0038475103009210088
2024-03-07,34.65398025512695,0.007590781804613922,0.013018488002942696,0.006187250152568602,0.0074390726310995525
2024-03-08,34.96208953857422,0.008993175393284147,0.012399149172537038,-0.0011317286585597053,0.008891021498221185
2024-03-11,35.01169967651367,0.0013990024333607742,0.0033382061650815142,-0.0008532365488130855,0.00141896947791742
2024-03-12,35.02033996582031,0.00021932627283605122,0.0019930035681650082,-0.0019536708386598267,0.00024678291503898997
2024-03-13,35.053958892822266,0.005107309377005542,0.02743145920448531,-0.0044433929256897375,0.0009599828852251413
2024-03-14,35.177120208740234,0.0036315516555602834,0.006249520496104832,-0.0032081191095837402,0.0035134780723209413
2024-03-15,35.038299560546875,-0.003965636285143681,0.009167626293028475,-0.005134647172885809,-0.00394633350796203
2024-03-18,35.135738372802734,0.003185927613041928,0.006339629050590823,0.0025620898239318013,0.002780922975085698
2024-03-19,35.15631866455078,0.0004810749500874234,0.0010187150206886209,-0.002665943443782237,0.000585736708580864
2024-03-20,35.16587829589844,0.0015753007426850818,0.002187170207349931,-0.0017356736933455963,0.000271917871688121
2024-03-21,35.3765983581543,0.006067565697068122,0.010150540368501604,-0.01804529662232257,0.005992174018313534
2024-03-22,34.89910125732422,-0.013586070724472932,-0.012253817571141301,-0.024226950807347603,-0.013497541397165302
2024-03-25,34.5994987487793,-0.0034508049874352187,-0.00041864374728783904,-0.004544853359916612,-0.008584820174474928
2024-03-26,34.86180114746094,0.007497532263049056,0.01172848972955065,0.006747260847816516,0.007581104009227735
2024-03-27,34.87594985961914,0.00045202811919109465,0.006447118071801983,-0.0005298281658491222,0.00040585143889604325
2024-03-28,34.92689895629883,0.0012928600328070416,0.005616503369256787,-0.0012440769892680947,0.0014608662096591285
2024-03-29,34.89849090576172,-0.001089682615876164,0.0029306859408442243,-0.0031302299058845184,-0.000813357365984757
2024-04-01,34.98981094360352,0.00269609102326851,0.003230718276250766,-0.01688158514630378,0.002616733144375827
2024-04-02,34.58726119995117,-0.01288467570373586,-0.00892321274907304,-0.019221315671011707,-0.011504770468785286
2024-04-03,34.39794158935547,-0.005482944835374148,0.00042407263476373913,-0.006453293610576449,-0.005473680309673434
2024-04-04,34.58940124511719,0.005668047802791509,0.01027967174783706,0.0050688605150104316,0.005566020724361298
2024-04-05,34.615909576416016,0.0007622909489861662,0.0037873022973278214,-0.003543020692581944,0.0007663714994943227
2024-04-08,34.57075119018555,-0.0013508401094821654,0.007441632477819704,-0.0019999221983099114,-0.0013045558179188843
2024-04-09,34.90510177612305,0.009737363193329962,0.014849189215135006,0.007631325299875424,0.009671487440296556
2024-04-10,34.990509033203125,0.002443672314908385,0.004125390990302513,-0.007849586941784503,0.0024468416573562024
2024-04-11,34.66305923461914,-0.009358246211087162,-0.007623178369552952,-0.01307978412114752,-0.009358246211087162
2024-04-12,34.63700866699219,-0.000779489789101917,0.02560771975520737,-0.008792948561267444,-0.0007515368868808991
2024-04-15,34.49610137939453,-0.004203798198302966,-0.0024678729375837705,-0.007377296890576979,-0.004068113645504745
2024-04-16,34.432769775390625,-0.001713822022159639,0.0038052864630619965,-0.00381380138729126,-0.0018359061305905922
2024-04-17,34.52970886230469,0.0028197462893060354,0.006470836919133527,0.0018395044549597284,0.002815314816275505
2024-04-18,34.55923080444336,0.0006493767618127588,0.008482884425961013,0.00030668082524543117,0.0008549722285930983
2024-04-19,34.640140533447266,0.0022742989537496427,0.03832465275382346,-0.0012081247354295277,0.0023411900994481094
2024-04-22,34.747989654541016,0.003076523243514595,0.004661312089755176,-0.003102182044235513,0.003113414652276436
2024-04-23,34.606468200683594,-0.004081907331635604,0.0034163002058298364,-0.005897039810288218,-0.004072795441244392
2024-04-24,34.79438018798828,0.005421920356512677,0.007672942691689721,0.0027596270584768767,0.005429967201939778
2024-04-25,34.8431282043457,0.001355971151845381,0.004221074168595962,-0.0014663740423618288,0.0014010313186798573
2024-04-26,34.8474006652832,-0.00036413731370665836,0.005504429260743127,-0.005607123427988192,0.0001226199011881146
2024-04-29,34.79230117797852,-0.0015505136979740985,0.0006450986460153629,-0.01457498201704055,-0.0015811649148217422
2024-04-30,34.684688568115234,-0.003187183114080616,-0.0008220956685603964,-0.00731772594172353,-0.00309300064151552
2024-05-01,34.52227020263672,-0.004710646262921392,0.0021511412354715542,-0.006414600000901882,-0.004682710792099254
2024-05-02,34.55503845214844,0.0008932788172475448,0.00788934039028022,0.00011005760786475527,0.0009491916180301985
2024-05-03,34.70872116088867,0.0044474761315358435,0.011607904975671213,0.0033657172859300477,0.0044474761315358435
2024-05-06,34.64810943603516,-0.001690684245181373,0.003533038792537413,-0.0019923762592893857,-0.0017462966893118104
2024-05-07,34.6733512878418,0.0007657335397013298,0.004271482981998531,-0.0016529054826083245,0.0007285203209494995
2024-05-08,34.65681076049805,-0.0003712011702408091,0.0022232463687690274,-0.001669635139174619,-0.00047703861119274826
2024-05-09,34.621150970458984,-0.002681981161410385,0.003658417789616397,-0.0036743780321021324,-0.0010289403224519322
2024-05-10,34.7445182800293,0.003746476728530901,0.005784880924690761,0.0007572947048759548,0.003563350902908491
2024-05-13,34.65885925292969,-0.0024279575457668567,0.002089027232671903,-0.003956822012837646,-0.002465396883883253
2024-05-14,34.78614044189453,0.0035697099986220504,0.00784933364973095,0.0019034491017226873,0.0036723998339351915
2024-05-15,34.89767074584961,0.0031805099211774657,0.008027873298959598,0.002514207184182382,0.003206170691496313
2024-05-16,34.89699172973633,-0.00010001951200311332,0.0061398863056891795,-0.0007659417711542993,-1.945734769026597e-05
2024-05-17,35.045650482177734,0.004269112597598879,0.005310100953898722,0.0016923849346039965,0.004259930299800985
2024-05-20,34.88624954223633,-0.0045666668154275,0.0004265807133922994,-0.01008859577444532,-0.004548380119880124
2024-05-21,34.959041595458984,0.002290048540106282,0.003957476806738747,-0.00022416079392728605,0.002086554277911823
2024-05-22,34.92240905761719,-0.00046462889758225323,0.0005349015631630483,-0.0036969532762065604,-0.0010478701980936034
2024-05-23,34.80276107788086,-0.0034140933072629442,0.0036372573650693685,-0.003725627273422183,-0.003426108993194732
2024-05-24,34.81766891479492,0.0003783704095048357,0.005243477302981914,-0.0006990864634478511,0.00042835213219727386
2024-05-27,34.9298095703125,0.00316535891506331,0.005400425955570665,-0.0007079903537136056,0.0032207973426368053
2024-05-28,34.7309684753418,-0.0056636495483058935,0.004026695381712075,-0.007685133411382328,-0.00569259029513014
2024-05-29,34.946739196777344,0.0061763861117258845,0.00861715313775635,0.003294848764596514,0.006212631864519924
2024-05-30,34.818359375,-0.0037104803604990355,0.0024623739695261992,-0.005152122927017944,-0.003673585139216118
2024-05-31,34.89532852172852,0.0025708239257866694,0.006485071801200393,-0.0015755814564986093,0.0022105908523590845
2024-06-03,34.917240142822266,0.0005766539227058942,0.005391030938056707,-0.0009416676569082849,0.0006279241956441695
2024-06-04,35.0640983581543,0.00421507110242203,0.01549466342632111,0.003583280210676998,0.004205894129413856
2024-06-05,35.50413131713867,0.012570493207945344,0.013868927047600899,6.505768212106133e-05,0.012549387538494772
2024-06-06,34.955108642578125,-0.015454602595089018,-0.008226968490506525,-0.015454602595089018,-0.015463627870695773
2024-06-07,35.08829879760742,0.005035319261504023,0.007602415381754435,-0.001795646795162198,0.003810320156380831
2024-06-10,34.69546890258789,-0.012165875731815379,-0.0016871803106416339,-0.012291552672282102,-0.011195467106724366
2024-06-11,34.803001403808594,0.0031180152099858915,0.0058567098348152324,-0.0007579814823386322,0.0030993240507173336
2024-06-12,34.712310791015625,-0.00342767026057611,0.007732097185719544,-0.0041781581818528535,-0.002605827346346179
2024-06-13,34.87791061401367,0.004770636676856066,0.012367653872291884,-4.39578602373647e-06,0.004770636676856066
2024-06-14,34.8760986328125,-0.00012993497235869178,0.00441767968732476,-0.0005723482410381342,-5.195211436903602e-05
2024-06-17,34.94889068603516,0.0026682898444199132,0.010257192733763798,-0.0016104898409198265,0.0020871615827515733
2024-06-18,35.20132827758789,0.007176224523944397,0.008589944902889446,-0.0010595262290320484,0.007223050191220937
2024-06-19,34.85337829589844,-0.009976574091142054,-0.0035603220133212377,-0.012213722920599746,-0.009884569665826737
2024-06-20,34.889251708984375,0.0009962125971534341,0.011418137417359864,0.0003101808943455353,0.001029266453925315
2024-06-21,35.1107292175293,0.006303296476451781,0.009852604546158217,0.0040748925651497014,0.0063480154401789335
2024-06-24,35.00386047363281,-0.003364708231697766,0.006973113081423676,-0.004058857894015722,-0.0030437631538319243
2024-06-25,35.304378509521484,0.008573294920299013,0.011678987869728763,0.005886518515806127,0.00858528264661107
2024-06-26,35.24834060668945,-0.001587279119413365,0.0017538948036976976,-0.006826596833588883,-0.001587279119413365
2024-06-27,35.03974914550781,-0.005917766839272254,0.0020542976562802906,-0.006145252545388669,-0.005917766839272254
2024-06-28,35.146339416503906,0.003004313338689668,0.008343403596553722,0.00028251170872217735,0.0030419815665192473
2024-07-01,35.08620071411133,-0.0017110943384430755,0.005197103089607857,-0.0038815195516270773,-0.0017110943384430755
2024-07-02,35.02764892578125,-0.002353321836902289,0.0013897047687356778,-0.004390040615866897,-0.0016687981924052853
2024-07-03,34.93162155151367,-0.002294743967952262,0.00538351661372416,-0.003670762668302241,-0.0027414735847971494
2024-07-04,35.13190078735352,0.004975912173211805,0.010566319195510765,0.0036224291165940503,0.005733465179808439
2024-07-05,35.24787902832031,0.0033373809138856902,0.009666091434638258,0.0033373809138856902,0.0033012230584614777
2024-07-08,35.29671096801758,0.001529217469226296,0.007555936026112597,0.0007943705749555718,0.0013853866117172764
2024-07-09,35.393680572509766,0.002688045083764079,0.009334558617312583,0.0015995121920115984,0.0027472702649278258
2024-07-10,35.53424072265625,0.003961957875420641,0.009860489719980325,0.003063296157105544,0.003971334652764558
2024-07-11,35.581031799316406,0.0013555427495692829,0.007251031874309755,0.0012815767279923396,0.0013167884189606571
2024-07-12,35.83388137817383,0.006701579033024707,0.013703350382112678,0.006317868926171366,0.007106302602002623
2024-07-15,36.00550842285156,0.004917690560110044,0.0076424073018788174,-0.004406812824468309,0.004789518692280836
2024-07-16,35.91107940673828,-0.002650067361485209,0.002961553310502296,-0.0032277996335907666,-0.002622626932643146
2024-07-17,36.0005989074707,0.0024819750083759917,0.008766635287449143,0.002080121318810857,0.002492810080100938
2024-07-18,36.280879974365234,0.005206657256530134,0.007937723136209662,0.0013064061158751805,0.0077854556701935085
2024-07-19,36.07036972045898,-0.0059116910590732985,-0.004946999810216068,-0.008972206903404167,-0.005802236716832554
2024-07-22,35.96303176879883,-0.0030453811067709946,-0.0008208865172507629,-0.007790595889369811,-0.0029757929428504415
2024-07-23,35.79814147949219,-0.004637287983136118,-0.002481253499737379,-0.011362299606056503,-0.0045849941230399205
2024-07-24,35.58002853393555,-0.005272334507070764,-0.0029175424231276947,-0.00707439301605628,-0.006092856683121206
2024-07-25,35.575130462646484,-0.00022482894184261415,0.01033226758482364,-0.0006460749659245035,-0.00013766350087074386
2024-07-26,35.937931060791016,0.01022817649989971,0.010605730957117254,0.005077737508400126,0.010198152288590112
2024-07-29,35.72616958618164,-0.005458069722117154,-0.002175479170649419,-0.007583129151070622,-0.005892422528474661
2024-07-30,35.745819091796875,0.0003795886582966812,0.004096140677799065,-0.00024857451378745843,0.0005500031445531128
2024-07-31,35.79753875732422,0.0014376954527330899,0.006165271800423255,0.0007989924179492292,0.0014468731404511104
2024-08-01,35.90114974975586,0.002923665643305595,0.005999290289649295,-0.003445505221059908,0.0028943607864784227
2024-08-02,35.742549896240234,-0.004399830798624382,0.010999895763282419,-0.005861907493684981,-0.0044176817350175535
2024-08-05,36.26451873779297,0.014839223688711378,0.02828726015094407,0.014105902059778908,0.014603570340336658
2024-08-06,36.5288314819336,0.007245969768556959,0.013446236827206803,0.0029296716802751366,0.007288466891059997
2024-08-07,36.71849822998047,0.005063068267616488,0.006268187748842857,-0.0012004201418283067,0.005192247886184775
2024-08-08,36.73859024047852,-0.0013971172924018838,0.00047342827940766163,-0.007925378477703138,0.0005471904208120826
2024-08-09,36.601219177246094,-0.00397183993314798,-0.0007582962206365007,-0.004430264938503181,-0.0037391490074399902
2024-08-12,36.55923843383789,-0.0012111781498084229,0.002804542882126615,-0.0019717992785670546,-0.0011469766404476056
2024-08-13,36.58375930786133,0.0006980540569305749,0.005734268871849801,-0.0009912576294229813,0.0006707162149401924
2024-08-14,36.79817962646485,0.006026977711548254,0.013769558611471888,0.004976844622741838,0.0058610794150246726
2024-08-15,36.98704147338867,0.0050958790730903925,0.01008747077413763,-0.00018721967585511035,0.005132369286767524
2024-08-16,36.90814971923828,-0.001586541818418441,0.002544366291385547,-0.001586541818418441,-0.0021329565979790743
2024-08-19,37.10169982910156,0.005379085811736184,0.012475543267615796,0.005111082400971467,0.005244102219580826
2024-08-20,37.43832015991211,0.008319874546421469,0.015014721383575624,0.007387527107785896,0.009072908582655081
2024-08-21,37.75376892089844,0.008343292510641032,0.00938524882897096,0.006035521275176814,0.008425825721852354
2024-08-22,37.8354606628418,0.002118739115305024,0.0046660962537450335,-0.0031591633925853735,0.0021638036222164647
2024-08-23,37.74953079223633,-0.002298167062045331,0.00517868969794244,-0.0028378743658590277,-0.002271146408687974
2024-08-26,38.04571914672852,0.008008336455023857,0.015015037167739331,0.004472093399501276,0.007846146648082586
2024-08-27,37.99449920654297,-0.0015638509295223813,-5.304078615886443e-05,-0.003346783367091488,-0.0013462734135216703
2024-08-28,38.0186882019043,0.0005143558804541204,0.04902555514391027,-0.005272574480197356,0.0006366446687409155
2024-08-29,37.957969665527344,-0.0015881407585569551,-0.0001278298791004273,-0.009099902060639709,-0.0015970707893575575
2024-08-30,37.75748062133789,-0.005371714697640972,-0.004386935510681256,-0.008033904784646051,-0.005281869550876728
2024-09-02,37.61323928833008,-0.003819397191140661,-0.0009566678659113093,-0.007061702096920142,-0.003820205443641256
2024-09-03,37.52568054199219,-0.0023794926717163323,0.0007779851796410053,-0.0039522985856612625,-0.0023278703986832072
2024-09-04,37.53879928588867,0.00033149905887208675,0.005870918475018971,8.020630403260398e-05,0.0003495937637107982
2024-09-05,37.673770904541016,0.003595523064667594,0.0063957670748984174,0.0013479908838622823,0.003595523064667594
2024-09-06,37.69548034667969,0.0013317195818978167,0.005193017828254209,-0.001539294486314624,0.0005762481858713198
2024-09-09,37.69326019287109,-0.00010403127252900379,0.0010289785788679673,-0.0037108197785714614,-5.889708230755186e-05
2024-09-10,37.59590148925781,-0.002532824912949483,-0.0011431969559545507,-0.0053768511927156926,-0.0025829207427296996
2024-09-11,37.48199844360352,-0.004090897099499502,0.0010160782666399637,-0.006366672957544672,-0.003029666563171385
2024-09-12,37.39923095703125,-0.0020033217036052875,0.0028029609347177686,-0.0028717602372804185,-0.002208192999548997
2024-09-13,37.56826019287109,0.004637196470332894,0.00792443153722,0.0035190795905011285,0.004519591219242836
2024-09-16,37.60150909423828,0.00199313708546911,0.007793532565132821,0.00015627072059398728,0.0008850263812190118
2024-09-17,37.81575012207031,0.005652424010932133,0.009358111638316347,0.004922182284486043,0.0056976709975946616
2024-09-18,37.83391952514648,0.0005318176664341756,0.004746714775048844,-0.0010225788476181386,0.0004804718408999431
2024-09-19,37.80981063842773,-0.0006856265946486584,0.008530707249039482,-0.003910995585270194,-0.0006372294232620535
2024-09-20,38.01176071166992,0.005416271717576082,0.008467641247163149,0.004156033098541734,0.0053412082692883
2024-09-23,38.00553894042969,-0.00011159555042850045,0.0024313178059631735,-0.004119802640458969,-0.00016368016434253896
2024-09-24,37.93600082397461,-0.0019270447109703825,0.0022554623522170747,-0.002557482120710719,-0.0018296837354174755
2024-09-25,38.15446853637695,0.005740950325776817,0.008706249915155784,0.002481021288234686,0.0057588493161429
2024-09-26,38.02190017700195,-0.003541904015860853,0.0016184819682931728,-0.0043074535853704354,-0.0034745172573589223
2024-09-27,38.20637893676758,0.004562860249901268,0.006075921122584704,0.0002167105288108928,0.004851907950597534
2024-09-30,38.14073944091797,-0.002159536953102892,0.00258856882177394,-0.0032065065074160515,-0.001718024520414363
2024-10-01,38.10945129394531,-0.0015240490296114517,-0.0009519555495367538,-0.008006608279792937,-0.0008203340425825267
2024-10-02,37.75094985961914,-0.008485846678793263,-0.004770191960812631,-0.009849788251724445,-0.00940715287556837
2024-10-03,37.80508041381836,0.0013522382615116513,0.00260625685554583,-0.00398456576953643,0.0014338858863289783
2024-10-04,37.7707405090332,-0.0008017860070885785,0.0007848340754008643,-0.007622012285105062,-0.000908341006268687
2024-10-07,37.55030059814453,-0.00583575631379607,-0.0033629679439407534,-0.0063207395580390235,-0.005836261294266953
2024-10-08,37.581581115722656,0.0007033006061003544,0.003671019890515659,-7.456632166369381e-05,0.0008330297515559693
2024-10-09,37.58671951293945,0.00012688054734444343,0.0005592894526942338,-0.0036616710919218365,0.00013672647781826086
2024-10-10,37.48320007324219,-0.0034195214862114964,-0.0009261013730351708,-0.006973720947438755,-0.002754149365486125
2024-10-11,37.4494514465332,-0.0008982295535231444,0.0021779980370437713,-0.001121005951966625,-0.0009003667414478889
2024-10-14,37.425331115722656,-0.0006350112440994815,0.0008018621292189554,-0.003022771682491543,-0.0006440770125827333
2024-10-15,37.37168884277344,-0.0016395153680230923,-0.00064235162258508,-0.0034404850315356006,-0.0014333145853366869
2024-10-16,37.21623992919922,-0.004232622118895635,-0.0016194122875675676,-0.006275847820770175,-0.004159536761322413
2024-10-17,37.091339111328125,-0.003328408507819014,0.0004548988962089773,-0.008904148764034114,-0.0033560837448572967
2024-10-18,36.99858093261719,-0.0025105746296102405,0.003219080984261158,-0.00290519487678631,-0.0025008042560158428
2024-10-21,37.21160125732422,0.005589879982959012,0.00661916602157997,0.0018214331521866356,0.00575752689258513
2024-10-22,36.99971008300781,-0.00569422349904114,-0.002381289699694422,-0.00632734783436828,-0.00569422349904114
2024-10-23,36.94911956787109,-0.0014043350971807422,0.00034837738002879703,-0.0027565012229808783,-0.001367321933691601
2024-10-24,36.923770904541016,-0.00062161947307382,0.0033827208163546008,-0.0012730758549202026,-0.000686042417966326
2024-10-25,37.11660003662109,0.005225560200612822,0.006841888578204447,0.0037441583082327146,0.005222357504562458
2024-10-28,37.019039154052734,-0.0025729982258797524,9.157345393506766e-05,-0.003935191894176682,-0.0026284972888706015
2024-10-29,37.08238983154297,0.0018487644521991697,0.0021176138171055126,-0.002376570679508805,0.0017112998861641415
2024-10-30,37.07217025756836,-0.00032167717355324754,0.004807669557406413,-0.00431934159358871,-0.00027559102908514266
2024-10-31,37.2194709777832,0.003927148589658147,0.007640987103950003,0.002349703603952369,0.003973350337771908
2024-11-01,37.3296012878418,0.0029167167596217958,0.005832101123506739,0.000731280275490187,0.002958943455277252
2024-11-04,37.32670974731445,-0.0001661603001349432,0.00443829898859871,-0.003702227253130075,-7.745972171113724e-05
2024-11-05,37.342960357666016,0.0004441504335270796,0.00410803381879532,0.00015942813536629075,0.00043536144657729814
2024-11-06,37.44974136352539,0.002602655386790831,0.002602655386790831,-0.0197566040158611,0.0028594681524078958
2024-11-07,36.68648910522461,-0.020198070228603093,-0.009936005337557008,-0.022027202187991035,-0.020380708397739644
2024-11-08,37.0695915222168,0.01040028207961563,0.010991517959127783,0.003566755740244343,0.010442602340424711
2024-11-11,36.80332946777344,-0.0072925631312598105,-0.005447143118378017,-0.015229011447407959,-0.00718276202972945
2024-11-12,36.58531951904297,-0.005934530791150583,-0.0049136733330762405,-0.010210440296474665,-0.0059236474493800095
2024-11-13,36.47838973999024,-0.0027398640046495393,-0.00010739657970049166,-0.009152273960958968,-0.0029227509957120423
2024-11-14,36.28400039672852,-0.005656521334019393,-0.0016991210854884198,-0.011104940073250358,-0.0053288904649377855
2024-11-15,36.11199951171875,-0.004348780067523816,0.005084090187247314,-0.004348780067523816,-0.004740405774697365
2024-11-18,36.173561096191406,0.0019805538325285976,0.01423539572625443,0.0017363253157647307,0.0017047403994530086
2024-11-19,36.57912826538086,0.011192719528082984,0.013845450053054487,0.006921354106359301,0.011211701499639126
2024-11-20,36.5346908569336,-0.0011416207260006583,0.0006624257651919319,-0.010005423923810985,-0.0012148296188161378
2024-11-21,36.349891662597656,-0.00531848580244032,-0.0016247709439460856,-0.012203271259795478,-0.005058184153236778
2024-11-22,36.09807968139648,-0.00541384289025415,-0.0014528425403715906,-0.016285395196468544,-0.006927447914797602
2024-11-25,36.06842041015625,-0.0008404404783101116,0.008687721886378563,-0.001166027943879544,-0.000821630167089249
2024-11-26,36.13595962524414,0.0014580460110502624,0.012508989838309725,-1.1422382793613295e-05,0.0018725304385349695
2024-11-27,36.3497314453125,0.005898240493200202,0.014783868592526561,0.0037644525260416284,0.0059157643047349495
2024-11-28,36.5565299987793,0.005679795618869221,0.007808590824677442,0.0024566412113764535,0.005689135661921529
2024-11-29,36.59109878540039,0.0009158855586541836,0.005591628991737929,0.00037858411835434147,0.000945625490774038
2024-12-02,36.578250885009766,-0.00011342623651022787,-2.9503331739344496e-05,-0.007150648494699374,-0.000351120923314574
2024-12-03,36.4798698425293,-0.002713382708458223,0.0003056701021788566,-0.004418502521022272,-0.0026896048908885417
2024-12-04,36.5082893371582,0.000778209384335149,0.004316855657635621,-0.0022157321479008285,0.0007790459437377883
2024-12-05,36.51959991455078,-0.00028671650978240315,0.006601793921672705,-0.0006765631927262428,0.00030980847358041963
2024-12-06,36.78961181640625,0.0073683377076092516,0.012440415593466536,0.004664594395676236,0.00739361609895095
2024-12-09,36.74200820922852,-0.001510237888649013,0.0025044130260585273,-0.005451269242701451,-0.001293941545653876
2024-12-10,36.747108459472656,-0.00028302385342915404,0.0019776369626243184,-0.004513846313894843,0.0001388125062486978
2024-12-11,36.69536972045898,-0.0007159738043071018,-0.00011585135067515573,-0.005494842019658552,-0.00140796762473816
2024-12-12,36.58710861206055,-0.002700356391739045,0.00232621939397748,-0.005628272074420515,-0.0029502661840757893
2024-12-13,36.59724044799805,-3.6283672003478706e-05,0.00501819865956854,-0.0016027373736731132,0.0002769236575901335
2024-12-16,36.73873901367188,0.003952470291326282,0.00546897890886644,0.00049375911205507,0.0038663725445335917
2024-12-17,36.74127960205078,3.976807838124152e-05,0.001866192357052876,-0.0019486358406952675,6.915284648045805e-05
2024-12-18,36.734130859375,-0.0005804907353014199,0.0018674130504616748,-0.0024168598347963366,-0.00019456977963783206
2024-12-19,36.26905822753906,-0.012463612316649275,-0.0030734300126941116,-0.012463612316649275,-0.012660504575875753
2024-12-20,36.41838073730469,0.003987708509593624,0.012030965165556129,0.002476830397542651,0.004117077119257573
2024-12-23,36.64984893798828,0.006559015215474195,0.012501073651441486,0.004081132435167056,0.00635580704022054
2024-12-24,36.6611213684082,0.0003055933788658205,0.0038949624763389146,-0.0042668579609053126,0.0003075709926934067
2024-12-25,36.42543029785156,-0.006428910566814827,0.004505283964100437,-0.0066198477018817314,-0.006428910566814827
2024-12-26,36.57863998413086,0.0026538668896356477,0.0077327738998824724,0.001995348480653192,0.004206118775440526
2024-12-27,36.70729064941406,0.003309357274698943,0.005727368738196681,0.0021649055451888888,0.003517098102581606
2024-12-30,36.65987014770508,-0.001177125174952831,0.005737017328795613,-0.0016060115170586364,-0.0012918551293227276
2024-12-31,36.73310089111328,0.001996219627862894,0.005349960172379875,-0.001768648092930758,0.0019975723621810104
2025-01-02,36.60327911376953,-0.003396694401975986,0.0004439546462164934,-0.01617833040236727,-0.003534190531003012
2025-01-03,36.33177947998047,-0.00736629172732961,-0.0038053928317212105,-0.007726050068106005,-0.007417358235725091
2025-01-06,36.36967086791992,0.001043451820097907,0.01528555070169979,-0.00018710315389558474,0.0010429268393068458
2025-01-07,36.64768981933594,0.0076279951596853746,0.014330049922955501,0.006345125088485393,0.007644252608874913
2025-01-08,36.55384063720703,-0.0032070458829275283,-0.0002807336172104824,-0.007752494750687289,-0.0025608485170978135
2025-01-09,36.45320129394531,-0.0027685217748842916,0.0001832532035395129,-0.00531162958641751,-0.0027531811023786545
2025-01-10,36.40401077270508,-0.00131592881866327,0.002210760415354285,-0.006998857679603621,-0.0013494156752813513
2025-01-13,36.25669860839844,-0.004081695525758766,-0.002676909886553558,-0.007627191729138505,-0.004046591602953065
2025-01-14,36.42689895629883,0.004639182633529693,0.00810281387422096,0.0005458480825244472,0.004694314552427636
2025-01-15,36.55323028564453,0.0032207247327049604,0.008045161985541505,-0.0005275893741950588,0.0034680780677285306
2025-01-16,36.51033020019531,-0.0011224967935371533,0.0016909460343699223,-0.004988097735282415,-0.0011736332223986068
2025-01-17,36.61228942871094,0.002731804236229207,0.005851448192679465,9.006407296063834e-05,0.002792613157880375
2025-01-20,36.53773880004883,-0.0017059309675701018,0.013464903853968258,-0.0018608640493983364,-0.0020362187075809723
2025-01-21,37.04356002807617,0.01391469270315171,0.016449316042170592,0.004876098711765753,0.01384380217931458
2025-01-22,37.06676864624024,0.00069407636714236,0.006160803077250421,0.0005425947149071408,0.0006265223468391312
2025-01-23,37.15362930297852,0.0006947738413889404,0.002667124703516821,-0.0016176055753158725,0.0023433565943464796
2025-01-24,37.14923858642578,0.0002231097557279238,0.01024641563858708,-0.00036767419938477097,-0.0001181773257448171
2025-01-27,37.25511169433594,0.002919355749631647,0.01310146891959163,0.0021424353978303223,0.002849940185553068
2025-01-28,37.33967971801758,0.0014238899781326975,0.003446170077954447,-0.0005586612771963928,0.0022699710143265772
2025-01-29,37.185791015625,-0.00223438563283207,0.00023456400772636776,-0.005269721535948846,-0.004121318221118053
2025-01-30,37.314579010009766,0.0035255321279208385,0.006859333247982713,-0.0014707584053891276,0.0034633657337193036
2025-01-31,37.273529052734375,-0.001098469370594768,0.0005665627968205467,-0.004384063330720611,-0.0011001050625381037
2025-02-03,36.76210021972656,-0.013499085869332905,-0.004119830945185754,-0.016833636406062502,-0.013720966219330721
2025-02-04,37.13700866699219,0.010630526377394478,0.015967476894175325,0.0028127115552158966,0.010198232555398201
2025-02-05,37.3119010925293,0.004717395886533415,0.009924353205733816,0.0034092622639967374,0.00470938376069463
2025-02-06,37.32283020019531,0.0001406796031240276,0.0027633931634007958,-0.004194419620469736,0.00029291210970239234
2025-02-07,37.336551666259766,0.0010374126784706839,0.0029935743782985025,-0.004885447154504785,0.0003676426999468241
2025-02-10,36.94670867919922,-0.009066004546795292,-0.0004968555470401537,-0.009902372942450444,-0.010441322769848549
2025-02-11,37.08184051513672,0.0036406501442693973,0.00989669148006711,0.0026502892304032244,0.0036574796718924496
2025-02-12,37.28110885620117,0.005351935677602837,0.012112605755380645,0.004000295449481328,0.005373744622603427
2025-02-13,37.50043869018555,0.006550483530217255,0.012472604422441025,0.004889891240362987,0.005883136009456225
2025-02-14,37.85987854003906,0.009687081500816541,0.01526227262762947,0.008227442814542352,0.009584950534127668
2025-02-17,37.964168548583984,0.0025087810864565796,0.004462283142933732,-0.0015783788794466735,0.002754631355582182
2025-02-18,37.98733139038086,0.0005147668140497164,0.0009412103742341138,-0.002337401059617772,0.0006101237741380494
2025-02-19,37.90345001220703,-0.002198400084513663,-0.0004714730676407264,-0.0058985849883176344,-0.0022081408486374077
2025-02-20,37.817169189453125,-0.001018602554990533,0.0033427393796519045,-0.0022963594997744696,-0.002276331645961527
2025-02-21,38.20183944702149,0.010609727459725882,0.011105009469872806,0.0067405763266901175,0.010171841674380122
2025-02-24,38.17422103881836,-0.0012760646362338646,0.004111087023534132,-0.0031532646594405467,-0.0007229601663928387
2025-02-25,38.13159942626953,-0.0010287651530511699,0.004481498865360312,-0.0013260528004844785,-0.0011165024822769043
2025-02-26,38.35786056518555,0.00589987765069333,0.007186696238584256,0.0010278142091262321,0.005933691277584918
2025-02-27,38.23426818847656,-0.0032108494609252025,-0.0032108494609252025,-0.012239536172179322,-0.003222087334588175
2025-02-28,37.94081878662109,-0.007698782107026125,-0.002857860073008922,-0.008859326317654626,-0.00767503644659584
2025-03-03,38.00431823730469,0.0017981173859775712,0.00816351728008513,-0.0009282162663462046,0.0016736447107459362
2025-03-04,38.19940185546875,0.005048378917801077,0.012753091460826926,0.0022955845680507903,0.005133196100135962
2025-03-05,38.70370101928711,0.01333157708046051,0.02851560814816123,0.005434630643643468,0.013201755507230795
2025-03-06,39.30184173583984,0.015442921372611718,0.02054456643409086,0.013990321057392174,0.015454354513917412
2025-03-07,39.36376190185547,0.0016166570025728522,0.009457482289666475,0.0001795638481485451,0.0015755029098081241
2025-03-10,39.61111831665039,0.006293261326174582,0.00932146936313627,0.0027573477750792996,0.0062838611668174504
2025-03-11,39.63679122924805,0.0007498206102822813,0.009523665526848246,0.00012066853643499797,0.0006481239028000019
2025-03-12,39.9228515625,0.007244758144109298,0.00919874574456947,0.004435955104192368,0.007217040642807371
2025-03-13,39.80759811401367,-0.0028317708715540624,-0.001316320540104221,-0.007711692931924419,-0.002886904215894881
2025-03-14,39.813079833984375,5.8838619561685235e-05,0.005379900555066763,-0.0023854556298832374,0.00013770536858315197
2025-03-17,39.86745071411133,0.0012643770672124965,0.00556906549542191,0.0008409698028890578,0.0013656537086221832
2025-03-18,39.99444961547852,0.0032455227067462733,0.007715041594532401,0.0016316121700354902,0.003185528522450687
2025-03-19,40.13848114013672,0.0036192193950861373,0.11268710706145968,-0.00044380624180639927,0.0036012878297606576
2025-03-20,41.45193099975586,0.03276106907562415,0.032772283607528596,0.006912048227809331,0.032722958674830105
2025-03-21,41.175270080566406,-0.005486650331872456,-0.0035402790719074595,-0.020111950857576666,-0.00667425889498563
2025-03-24,41.14698028564453,-0.0006608392742163405,0.002088133520476987,-0.009544601787128792,-0.000687057907975408
2025-03-25,40.87825012207031,-0.00240311116723102,-0.0006671342910921085,-0.009622086409651454,-0.006530981416100978
2025-03-26,40.93518829345703,0.0015321032461028672,0.005214264890927467,0.0009337449799311504,0.0013928720338245437
2025-03-27,40.785438537597656,-0.003633986816034551,0.004496914242346994,-0.003633986816034551,-0.0036582158798402764
2025-03-28,41.04404067993164,0.005878321210798232,0.009611325016194883,0.002831459816615922,0.006340550735910222
2025-03-31,41.05339813232422,0.0003666544634395308,0.0031088023187804126,-0.003872967844357089,0.00022798565242521107
2025-04-01,40.99794006347656,-0.0014782702908835432,0.000996292291083778,-0.007189156712261502,-0.00135087645287979
2025-04-02,40.84239959716797,-0.003857224897193423,0.0055161433073265265,-0.005693954350108554,-0.00379386052245001
2025-04-03,41.371978759765625,0.012666497923241593,0.03387240942260794,0.009902499301831957,0.01296640667103155
2025-04-04,42.00600051879883,0.014491468100439997,0.01977960089313302,0.0062931657024498655,0.015324907776705032
2025-04-07,41.71678924560547,-0.00749989488377778,-0.00030376998990433446,-0.013962976023239482,-0.006884999038742845
2025-04-08,41.47158050537109,-0.005301666836445396,0.0009820949640109156,-0.0076738742439286245,-0.005877938946612815
2025-04-09,41.650970458984375,0.004467634074554194,0.038706525652424606,0.004237307623603304,0.004325611694255382
2025-04-10,41.55120849609375,-0.0024083779607405598,0.021493875744695856,-0.002411675101240518,-0.002395189398740838
2025-04-11,42.78567123413086,0.030067478241709855,0.05069920311409781,0.029671330468950874,0.029709430428555672
2025-04-14,42.93547821044922,0.004217543730135054,0.01472431320700851,0.004132397563589185,0.0035013351899655376
2025-04-15,43.09479904174805,0.0045957994107297395,0.00862510903773317,0.0011331572618642483,0.00371070354726033
2025-04-16,43.010860443115234,-0.001859336111228238,0.010541431062978113,-0.001859336111228238,-0.001947766331419687
2025-04-17,43.44799041748047,0.010118812005883049,0.015289171061847462,0.0035427815371638083,0.01016324644198563
2025-04-22,43.97256088256836,0.01222287291158719,0.016196136309959197,0.007711049437075568,0.012073526532468515
2025-04-23,43.43635940551758,-0.012211525440432247,-0.003533572889657055,-0.012545779990757455,-0.012194001583913705
2025-04-24,43.36840057373047,-0.0013947118981545437,0.007340833916695377,-0.0020028839209945692,-0.001564560951175742
2025-04-25,43.67974090576172,0.007273524672774423,0.00930241681463051,0.0031071094259482734,0.007178967356703536
2025-04-28,43.58301162719727,-0.002047617275999891,0.0036277392317567436,-0.002047617275999891,-0.00221451127132688
2025-04-29,43.845001220703125,0.005967864402922407,0.008688908777004789,0.0015877426964052699,0.006011277874665266
2025-04-30,43.84463882446289,-0.0011825604696275027,0.004016633802297331,-0.004421725146219191,-8.265394689122019e-06
2025-05-01,43.73698043823242,-0.0022168841832013175,-0.001964222029825491,-0.00934023421189989,-0.002455451547029308
2025-05-02,43.60440826416016,-0.0029371010328740343,0.00400003942300442,-0.005236282037405227,-0.0030311231535401495
2025-05-05,43.69557189941406,0.001987028890960696,0.006269818454514242,5.004096885596887e-05,0.0020906976813357403
2025-05-06,43.582130432128906,-0.003175162459714609,0.004603418105602275,-0.005283672872885448,-0.0025961776526530755
2025-05-07,43.85179138183594,0.006036870336568079,0.009682887936535156,0.0041409061730128816,0.006187420097027552
2025-05-08,43.70426940917969,-0.003463099074384357,-2.2617577476347073e-05,-0.02756969606499382,-0.00336410367758333
2025-05-09,43.50411987304688,-0.004170270054182579,0.002010332368201473,-0.007662166403708093,-0.004579633496647917
2025-05-12,43.4652099609375,-0.0009199126227691368,0.0012196229787524437,-0.012465951570734934,-0.0008943960301445175
2025-05-13,43.04930114746094,-0.009295915515900144,-0.0018582352478606623,-0.009525068315794472,-0.009568774977743
2025-05-14,43.392578125,0.008064427516739858,0.015262049588147697,0.007709003611482856,0.00797404297837967
2025-05-15,43.38896179199219,-6.980155961666679e-05,0.005906847093442025,-0.003135971328261933,-8.33398973758559e-05
2025-05-16,43.40380859375,0.000286438835549907,0.005295074201549399,-0.003290705701592289,0.00034217923510104775
2025-05-19,43.427391052246094,0.0006596913635801283,0.010809235468157707,-0.0007089089446625785,0.0005433269397352447
2025-05-20,43.60396957397461,0.00404260982077842,0.010337194522598292,0.00261537231767095,0.0040660633174136596
2025-05-21,43.82563018798828,0.004720433079197894,0.013098792801971681,0.004683514370607211,0.005083496208702298
2025-05-22,44.10552978515625,0.006421133388796907,0.008281408063940843,0.0005058916531881508,0.006386664514973273
2025-05-23,44.05937957763672,-0.001016865594187899,0.006266822349074497,-0.0016147725307040783,-0.0010463587614599756
2025-05-26,44.35398864746094,0.006916595482801435,0.011831096056053036,0.005288789463321786,0.0066866368216804695
2025-05-27,44.354190826416016,7.078271752658516e-05,0.0027981964941998783,-0.003997116399813816,4.558303801749375e-06
2025-05-28,44.22032165527344,-0.002856753375817145,0.0007059318313074048,-0.005469423596511147,-0.0030181853991314567
2025-05-29,43.96091079711914,-0.0064036758852500375,0.008405385326479609,-0.007092248750268704,-0.005866326802789312
2025-05-30,44.64794158935547,0.015570167845805338,0.017077618890308788,0.010231611366416704,0.01562822015692511
2025-06-02,44.538551330566406,-0.0041211736993332915,0.00547410799038639,-0.0041211736993332915,-0.0024500627553039056
2025-06-03,44.8676986694336,0.006004189622829559,0.006862567249716012,-0.0022452972948342476,0.007390167148101812
2025-06-04,44.55117034912109,-0.007037104361085067,0.001921049825885257,-0.008823650941803485,-0.0070547037111166055
2025-06-05,45.00669097900391,0.010218581976846774,0.014374223701671518,0.00679058213234196,0.010224661357113307
2025-06-06,44.99549865722656,6.348407736256334e-05,0.0004297253300791226,-0.009199342884706474,-0.0002486812856908882
2025-06-09,44.73303985595703,-0.006214848287029562,-0.0017759616118284693,-0.011022186803218204,-0.005833001280170946
2025-06-10,44.95671081542969,0.005057775987340918,0.0055408699170034215,-0.0015543429931086372,0.0050001287681966655
2025-06-11,44.822750091552734,-0.0028136299194612135,0.001809313633483356,-0.005864507924052131,-0.0029797714611936588
2025-06-12,45.149879455566406,0.007328416176489938,0.02262507749990106,0.00553182272533248,0.007298288555376287
2025-06-13,45.69314956665039,0.012722281693544168,0.013043426832390237,0.004839904797068639,0.012032592725272684
2025-06-16,45.324100494384766,-0.0054082484115915985,0.0021565871624122934,-0.009335304138314737,-0.00807668273615747
2025-06-17,45.48168182373047,0.003188838794890181,0.008033453181310213,0.002409303719978162,0.0034767668332484902
2025-06-18,45.43484115600586,-0.0009501163741586494,0.001864251116562965,-0.0021432974775115188,-0.0010298798515443464
2025-06-19,45.467918395996094,0.0007031627884406255,0.002925912837536071,-0.003526812667609902,0.0007280148702768496
2025-06-20,45.65922164916992,0.004328583382931628,0.00747939742642556,0.003991394682603788,0.004207433722997811
2025-06-23,45.71083831787109,0.0013400960842209209,0.005999185749598679,-0.002716284531807278,0.0011304763164332599
2025-06-24,45.95674896240234,0.005001075706540625,0.009393446718978238,0.0037131487057056045,0.0053797010420417735
2025-06-25,45.89949035644531,-0.0012524812642447092,0.006614103790679726,-0.0012524812642447092,-0.0012459237707146409
2025-06-26,46.5700798034668,0.014587929997616378,0.02068253753487692,0.011220404186207178,0.01460995409347321
2025-06-27,46.58531188964844,0.0007468012749274333,0.007142162637213678,-0.0015086745510159982,0.00032707880780802334
2025-06-30,46.74969100952149,0.0036562218004170255,0.006844136042567728,0.00022731627587813108,0.00352856111090194
2025-07-01,46.90476989746094,0.0034930618153947712,0.009194011562974724,0.0029544311612315077,0.0033172173888349477
2025-07-02,47.0146713256836,0.002257111450377769,0.004412968846933429,-0.002964913884443865,0.0023430757354299114
2025-07-03,47.01271057128906,-0.00011059169885574427,0.002484945978835418,-0.006862770712332433,-4.1705160096827676e-05
2025-07-04,46.876949310302734,-0.00288288799993508,-0.00010702607086932048,-0.004439269398982426,-0.0028877565096031566
2025-07-07,47.01287841796875,0.0028344361656185146,0.004809451690282129,0.00016324190945504746,0.002899700378670822
2025-07-08,46.93038177490234,-0.0016133372021618353,0.0021883872827190842,-0.004525993854015309,-0.001754766903080851
2025-07-09,46.97623825073242,0.000911764567221196,0.0016846144829865128,-0.0020729089768450892,0.0009771170422185893
2025-07-10,47.05857849121094,0.002346088635555299,0.003950127568721928,-0.004637201603730379,0.0017528061748799395
2025-07-11,47.05656051635742,5.106952556577227e-05,0.0016594353299301812,-0.004564480707230256,-4.2882188927451104e-05
2025-07-14,46.87126922607422,-0.0035438096014013265,-0.0001387853605764322,-0.004003292909665057,-0.003937629275280186
2025-07-15,46.94448852539063,0.0014913296321923397,0.00424846638998444,-0.003489779704146212,0.0015621360489141978
2025-07-16,46.76401138305664,-0.0037857290982055147,0.004871115540309168,-0.00826273486504725,-0.0038444798953636283
2025-07-17,46.84315872192383,0.0017663078390770526,0.0029639678258375213,-0.0037873692634048384,0.0016924839535015224
2025-07-18,46.79967880249024,-0.000955320154405026,0.006646849059985582,-0.000955320154405026,-0.0009282021242781324
2025-07-21,46.99903106689453,0.004277869998626338,0.011895660792834661,-0.003959405799765503,0.004259693004424747
2025-07-22,47.24599075317383,0.005200513550002839,0.011238897987535301,0.0041000724482760376,0.005254569736295123
2025-07-23,47.4653205871582,0.004640195884573428,0.007055164718879681,0.0028089050744461996,0.004642295155375509
2025-07-24,47.62879943847656,0.004698559779675593,0.007737598821610847,0.0018450906628431074,0.003444174595179872
2025-07-25,47.67324066162109,0.0009003168769408099,0.0021203619784833094,-0.0030590430386867595,0.0009330746033591186
2025-07-28,47.67491149902344,0.00015395382057570295,0.0013147688284163017,-0.011405545570250752,3.5047699278756284e-05
2025-07-29,47.0464096069336,-0.013491611091071887,-0.013003520970111926,-0.019356293946114156,-0.013183074122805838
2025-07-30,46.875370025634766,-0.003472490811999962,-0.0014489658340829381,-0.010704508756797182,-0.0036355501456508676
2025-07-31,46.48506927490234,-0.00842726095016988,-0.004770551534545975,-0.012073960679184093,-0.008326350288413442
2025-08-01,46.49150085449219,-7.3035936469789675e-06,0.01381757855179111,-0.002425941970732648,0.0001383579650449107
2025-08-04,47.16030883789063,0.014644141014360068,0.014728489953778734,0.010679330604191017,0.014385596745772222
2025-08-05,47.12762069702149,-0.0005207561528174365,-0.000339648195973985,-0.007019045535992308,-0.0006931282189330812
2025-08-06,47.08023071289063,-0.001038916004673207,0.005445830142454033,-0.002267240926442926,-0.0010055670842269437
2025-08-07,47.529579162597656,0.009626310586786202,0.01252224148827552,0.0026119366705017466,0.009544312823088763
2025-08-08,47.50260925292969,-0.0002711966377074715,0.00045282374369493006,-0.004163297776797581,-0.0005674342197666826
2025-08-11,47.45275115966797,-0.0010925495907496696,0.0022817864073181315,-0.006850338132253331,-0.0010495864131641053
2025-08-12,47.3120002746582,-0.0030868718192936795,0.004339418755839208,-0.0046120191448917325,-0.002966126969881522
2025-08-13,47.541988372802734,0.005227389803570404,0.010842038460294967,0.004239690250970041,0.004861094369491781
2025-08-14,47.8488883972168,0.006395649404987491,0.006965422908585817,-0.0011292764807270261,0.00645534684009208
2025-08-15,47.5648307800293,-0.005933686185747411,0.002061977474984822,-0.006190317236318799,-0.005936556244094948
2025-08-18,47.89997863769531,0.007132582955825528,0.007405022201352196,0.002492774986596613,0.00704612740484567
2025-08-19,47.71522903442383,-0.0038741095186535235,-0.0010350656048583318,-0.006263671992591702,-0.0038569871746475526
2025-08-20,47.61688995361328,-0.002130991670225013,0.0018065660766113378,-0.003823313248740301,-0.002060957954107323
2025-08-21,47.77518844604492,0.003374889705428874,0.005021116793919811,-0.0015664352650376356,0.003324418973726484
2025-08-22,47.6585807800293,-0.00257825408362633,0.007611079513946795,-0.0055988595956604215,-0.00244075784540998
2025-08-25,47.89318084716797,0.004853918597571116,0.00899962388174047,0.0035443482968742224,0.004922514755978158
2025-08-26,47.62165069580078,-0.005886621250172253,-3.9904706604865225e-05,-0.005958863902648437,-0.005669495042178729
2025-08-27,47.79991912841797,0.0036767056000088782,0.004035732909955847,-0.001848966614946046,0.003743432451679185
2025-08-28,47.91339874267578,0.002792714267039864,0.006290191056004257,-0.0005171397511121167,0.0023740545240868993
2025-08-29,48.17053985595703,0.005367665031078328,0.005367665031078328,0.0008357344343765671,0.005366789249542814
2025-09-01,48.10546875,-0.001412855536174762,0.002722841314965363,-0.001433841283447146,-0.0013508485923473534
2025-09-02,48.2234001159668,0.0026591999086480467,0.0027970209094601017,-0.006339607440113859,0.002451516823995137
2025-09-03,47.926639556884766,-0.0061362301471941105,-0.0019374321430054575,-0.008319598780996862,-0.006153870493751712
2025-09-04,48.08816146850586,0.0035600235313202333,0.004598891041566633,-0.0006246576938717663,0.0033701906312328944
2025-09-05,48.11774063110352,0.0006207350248368382,0.009527033228481363,-0.00017594764026684917,0.0006151027964966804
2025-09-08,48.35250854492188,0.004947843932867846,0.00883771767964503,0.004459013347072549,0.0048790302856946965
2025-09-09,48.59711837768555,0.005266533704868737,0.006296487978212584,0.00031415380440091845,0.00505888608729399
2025-09-10,48.28929901123047,-0.006369273758672134,-0.0027299466703528674,-0.007044028534057389,-0.006334107386013699
2025-09-11,48.400611877441406,0.0021822849807444644,0.006711484151278757,-0.0009463809617853425,0.002305124913597245
2025-09-12,48.500301361083984,0.0019658841119079007,0.004895361181847857,0.00038611499275287287,0.002059674036663184
2025-09-15,48.43959045410156,-0.0011241095785037292,0.003049221952101222,-0.0014385645249673784,-0.0012517634999921201
2025-09-16,48.5915412902832,0.003515945789889896,0.010843628535436745,0.00282639641623339,0.003136914138975211
2025-09-17,49.00954818725586,0.00877022818608375,0.0093011600504036,0.005994042540964584,0.008602462195539395
2025-09-18,48.84550094604492,-0.0019140600949952846,0.0011822479274079534,-0.007830047715678856,-0.0033472506333693808
2025-09-19,48.78377914428711,-0.001270329191447872,-0.00043671958923996446,-0.0053270105833431725,-0.0012636128315275386
2025-09-22,48.56401824951172,-0.004216720263520601,0.0006557518058392109,-0.004837049273265781,-0.0045047943933455015
2025-09-23,48.80353164672852,0.005175258110941661,0.008299579145512492,0.004650152237500871,0.004931910617161694
2025-09-24,48.9213981628418,0.002577470074184962,0.0028538592836562238,-0.003074204640415412,0.0024151226793680536
2025-09-25,48.81203842163086,-0.0024121890285985215,-0.0014077015850425534,-0.010157081967875237,-0.0022354173289756973
2025-09-26,48.498008728027344,-0.00651863195866953,-0.002686978983622912,-0.006933534274534026,-0.00643344764443099
2025-09-29,48.687259674072266,0.003837507045681088,0.008331719558370532,0.003837507045681088,0.0039022415766847285
2025-09-30,48.807891845703125,0.0023853973098797443,0.005134186727600687,0.0008367890710958559,0.002477694831017674
2025-10-01,48.817909240722656,4.564391369665799e-05,0.0045088996252822255,-0.0010365232593255724,0.00020524129686227965
2025-10-02,48.89686965942383,-0.00036687363184262356,0.00426768975571612,-0.003500966842906683,0.001617447775401848
2025-10-03,48.85895919799805,-0.0012025257253048816,0.002891007902077858,-0.0015025720429073797,-0.0007753146917141018
2025-10-06,48.86220169067383,0.00016864350426204489,0.0016558293696253834,-0.004965301989376503,6.636434195494978e-05
2025-10-07,48.84886169433594,-8.595563736646383e-05,0.00019580085242076883,-0.004991594537968158,-0.00027301259207146433
2025-10-08,48.652610778808594,-0.004979916341778634,-0.004336283434628885,-0.00888372719210806,-0.004017512562633607
2025-10-09,48.6669807434082,0.00018801959230008158,0.001821861237150113,-0.009518746682410706,0.00029535855053985927
2025-10-10,48.370750427246094,-0.006079673723210166,-0.0005687520149505465,-0.0065886973705487906,-0.006086885022186905
2025-10-13,48.55015182495117,0.003847129936336513,0.006078894318042316,-0.0012145801350809116,0.003708881837070299
2025-10-14,48.35567855834961,-0.003953444024423103,0.000483376811317493,-0.005185379171472326,-0.0040056160339670965
2025-10-15,48.526100158691406,0.0035884709798739145,0.008429688160073168,0.0035884709798739145,0.003524334792162076
2025-10-16,48.84128189086914,0.006490537642759753,0.009611561387601775,0.004088492366769225,0.006495097095110092
2025-10-17,48.97101974487305,0.002287742935516812,0.007877096241801551,0.0015543468013969886,0.0026563154974881265
2025-10-20,48.89311981201172,-0.0018484187563909682,0.0008180746672685757,-0.002130250230984232,-0.0015907353628159537
2025-10-21,48.76993942260742,-0.0025698605247171935,-8.62913880727012e-05,-0.003821007630624207,-0.0025193808429061493
2025-10-22,48.7087516784668,-0.001246641799012571,0.0005472928013359191,-0.0034229852182448006,-0.0012546200562278953
2025-10-23,48.84103012084961,0.0025693282804595263,0.004561777476764117,-0.0012493042561004808,0.0027157017542966955
2025-10-24,48.810791015625,-0.0006336606504701026,0.002122798326036124,-0.002381011331145877,-0.0006191332400194982
2025-10-27,48.88618087768555,0.001570557547929452,0.003356816669917828,-0.0008320141150106597,0.0015445326841028173
2025-10-28,48.86592102050781,-0.0006642102643739101,0.0013764103446067821,-0.0020578657298016,-0.0004144291252455856
2025-10-29,48.94620132446289,0.0015243669197311238,0.002151771894068233,-0.002705796169652386,0.0016428689417598008
2025-10-30,48.729759216308594,-0.004480493381902373,-0.0002043495911799864,-0.008249893830957089,-0.004422040981679198
2025-10-31,48.56747817993164,-0.003221411509154337,-0.0002872975198316974,-0.005394226212274145,-0.003330224466256748
2025-11-03,48.49512100219727,-0.0013869347728299175,0.000334598603027203,-0.003623404402547936,-0.0014898277704743501
2025-11-04,48.46527862548828,-0.000775366060960403,0.0015968277404374565,-0.00401527448328276,-0.0006153686410564907
2025-11-05,48.35469818115234,-0.002265113520928397,-0.00047682457814246515,-0.00322041558512709,-0.002281642600065248
2025-11-06,48.47084045410156,0.002359281325640783,0.007683481733122832,0.0009989039037405778,0.0024018818712117085
2025-11-07,48.73900985717773,0.005381958927590524,0.011132867529123125,0.003917020951745176,0.005532592390885105
2025-11-10,48.7448616027832,0.001056459370887941,0.003457168978477254,0.0001770418652355943,0.00012006287412535954
2025-11-11,48.827781677246094,0.0022073578124197635,0.006411479951007104,0.0008480868117843876,0.0017011039058556499
2025-11-12,48.96567916870117,0.0029726771516362938,0.004290967670866452,0.0006762547549161724,0.002824160482378435
2025-11-13,49.10354995727539,0.0028466681245389314,0.008215995267706333,-0.0008144244273106116,0.002815661722963325
2025-11-14,49.13608932495117,0.0007133978097451088,0.005411040427351965,-0.00010223581810131499,0.000662668334653782
2025-11-17,49.18955993652344,0.0011836284757440474,0.001621802365098679,-0.002275103796515854,0.0010882146362656275
2025-11-18,49.04941177368164,-0.0029943198579762687,3.621629519234837e-05,-0.0038536619715251463,-0.00284914447339335
2025-11-19,49.00263977050781,-0.0006934199532757646,0.002360007680815901,-0.003576214637896147,-0.0009535690945620123
2025-11-20,48.9529914855957,-0.000977288360319517,0.001468112250061493,-0.005008739078487201,-0.0010131757216473858
2025-11-21,48.992820739746094,0.0004172922478788976,0.0025413916115919477,-0.002815378454457007,0.0008136224762098632
2025-11-24,48.82347106933594,-0.0026499679907786566,0.0013697548596631748,-0.003518055583456192,-0.003456622171435164
2025-11-25,48.91347122192383,0.0019324498116226607,0.0075071999049907134,0.0009550128996669294,0.001843378822043995
2025-11-26,49.07426834106445,0.0034892137360222897,0.0066096189839430775,0.002186724719363653,0.0032873790210283804
2025-11-27,49.36241912841797,0.005909040559212153,0.006950742448710745,0.001345560757198605,0.005871728649133878
2025-11-28,49.21104049682617,-0.002794036071851913,-0.00013755730072995132,-0.004562574738822711,-0.00306667773307423
2025-12-01,49.31333923339844,0.0021393169921597455,0.00593323653514366,-0.002737981574029713,0.0020787761351817036
2025-12-02,49.27872848510742,-0.0005783156687650948,0.0008965594704373192,-0.00177316101651126,-0.0007018536734493264
2025-12-03,49.406349182128906,0.002856839186312188,0.00633358267296269,0.0024385895690883785,0.002589772523454048
2025-12-04,49.62971878051758,0.004503852735164848,0.0068094405175955774,0.001735618625004598,0.00452107071431751
2025-12-05,49.36796188354492,-0.005119317381305666,0.0008918433039848406,-0.0052284630756657124,-0.0052741966588658595
2025-12-08,49.52864837646485,0.0033237994160653095,0.007094223512471354,0.002095272462304454,0.0032548739463658105
2025-12-09,49.48305130004883,-0.0008939713199029864,0.003091968522227706,-0.0011237990461534508,-0.0009206202452657353
2025-12-10,49.44255065917969,-0.0008099950006494883,0.00444637685851923,-0.0008435295800044429,-0.0008184750092220527
2025-12-11,49.98273086547852,0.010977336126930304,0.016321571648262312,0.007197246399756496,0.010925411393567508
2025-12-12,50.03311920166016,0.001097333345646101,0.004132820837396967,0.001005748979616472,0.0010081149090723773
2025-12-15,50.14239883422852,0.002298129855087039,0.005232739971280376,0.0009750011474636278,0.0021841459079916525
2025-12-16,50.20753860473633,0.0012117588998432627,0.006473796056138736,0.0005165647243805527,0.0012990956161302858
2025-12-17,50.201080322265625,-6.450581065153838e-05,0.0013751362390834743,-0.0037671697334785703,-0.00012863172842525472
2025-12-18,50.29452133178711,0.0018782040487808072,0.0034563301031191873,-0.002866052599743818,0.0018613346350644377
2025-12-19,50.153099060058594,-0.0017978055440794893,-7.319252204518456e-05,-0.0036886755695573203,-0.002811882248477282
2025-12-22,50.15840911865234,0.0004249530741364804,0.005599310095872001,0.0002621824318147503,0.00010587697855690692
2025-12-23,50.3745002746582,0.004180557112529293,0.01231244760899286,0.004180557112529293,0.004308174039066692
2025-12-24,50.692970275878906,0.006317882879945946,0.008087011249133136,0.0017052149908980407,0.006322047851279988
2025-12-26,50.424049377441406,-0.0063066367328178385,-0.0002383199519476742,-0.006867256765028307,-0.005304895273920418
2025-12-29,50.547508239746094,0.003015804832701585,0.004632344007525324,0.0011335746441201167,0.00244841229193149
2025-12-30,50.62076950073242,0.0013787169095489382,0.0024227351769254835,-0.0018360503416945395,0.0014493545485734227
2025-12-31,50.6006088256836,-0.0004624741454948289,0.0007291673182023839,-0.005058579430443189,-0.0003982688380217425
2026-01-02,50.47666931152344,-0.0027607973857728396,0.0005770979489387873,-0.0036345485586273263,-0.002449368041936628
2026-01-05,50.38591003417969,-0.0015240902540749612,-0.0001194816627012596,-0.005389975753006593,-0.0017980440980290835
2026-01-06,50.43701171875,0.0008750515960946892,0.004084457393815022,-0.001986847122020574,0.0010142058471436233
2026-01-07,50.30607986450195,-0.002609032382980825,-0.0005500024202527154,-0.0035214676412217427,-0.0025959478919599377
2026-01-08,50.34371948242188,0.0007012734923397268,0.002080085766476003,-0.0030011896928872073,0.0007482121052029278
2026-01-09,50.27003860473633,-0.0014494627084443712,-6.73622430764631e-05,-0.00366317241763936,-0.0014635564960845393
2026-01-12,50.11655044555664,-0.002909852178507699,0.004313556491813975,-0.00312946080012666,-0.0030532731511613287
2026-01-13,50.33720016479492,0.004621033749074188,0.006192535359737628,0.0018007645599669164,0.004402731578223351
2026-01-14,50.24348831176758,-0.0018290952397371774,0.0011365156326790249,-0.0027002192777211276,-0.0018616818718670824
2026-01-15,50.308868408203125,0.001060053850006959,0.0035614529434262465,-0.0026528678966540875,0.001301265072000124
2026-01-16,50.218849182128906,-0.001761882317544039,7.635632181823837e-05,-0.003432546506838552,-0.0017893311641161702
2026-01-19,50.343021392822266,0.0024957138744372553,0.004298203435433079,0.0009269577358015368,0.0024726215896151427
2026-01-20,50.39493942260742,0.001180863614117067,0.011721571697342226,0.00039682897504667025,0.0010312855356862105
2026-01-21,50.79916000366211,0.007730760697496564,0.009775613476650236,0.005608925047372537,0.008021055004450606
2026-01-22,50.667179107666016,-0.0024083302951670715,0.0036368633508541137,-0.004676460638319058,-0.0025980920941720553
2026-01-23,50.92757034301758,0.005079469002522652,0.008597663456305193,0.003931984535273214,0.0051392487195358605
2026-01-26,51.48273086547852,0.010964950225675674,0.01439182487779167,0.008184724947804867,0.010900981898836148
2026-01-27,51.54167175292969,0.0010158649052314228,0.011337971140693126,-0.0007134765260741194,0.0011448671517673148
2026-01-28,52.19538879394531,0.013366845923498571,0.013366845923498571,0.0048098856220033515,0.012683271977464772
2026-01-29,52.08562088012695,-0.002015317435700603,9.866467953578706e-05,-0.007847203930683944,-0.002103019373065673
2026-01-30,51.94350814819336,-0.002561972436806337,-0.0010423370321210879,-0.008533878114093563,-0.0027284446173860832
2026-02-02,51.55615997314453,-0.0073298342422554175,-0.004884891536328317,-0.012508336283759025,-0.00745710462881588
2026-02-03,51.27619934082031,-0.0054063080968910215,-0.0019466319914750452,-0.005913147168752575,-0.005430207223929173
2026-02-04,51.39521026611328,0.002458831991196231,0.004987892943685512,0.0005597486279316222,0.0023209778966246652
2026-02-05,51.44532012939453,0.0012660928055379106,0.0033526446257559073,-0.0018310768854858939,0.0009749909188383477
2026-02-06,51.39113998413086,-0.0011427336716475223,0.0031509522187394,-0.0018909124236379249,-0.001053159842866136
2026-02-09,51.42372894287109,0.0003903687080324403,0.012273714750555609,-0.018851119431817942,0.0006341357430539318
2026-02-10,51.841941833496094,0.008174298994497509,0.012707614049471294,0.007973934347159206,0.008132683086627512
2026-02-11,51.872100830078125,0.0005935222921116257,0.0046026307180235815,-0.002827067500982716,0.0005817489761261729
2026-02-12,51.9387092590332,0.001264233752710009,0.0029800058244031646,-0.0025177306007665434,0.0012840896722743356
2026-02-13,51.88227844238281,-0.0009713250879278545,0.0003065641525150653,-0.0023666546924990817,-0.001086488621982351
2026-02-16,51.87784957885742,-0.00012756763878840616,0.0008801064186152452,-0.0015164740922257725,-8.536370526424086e-05
2026-02-17,51.81526184082031,-0.0011305590138201982,-0.00047670985929082477,-0.004312595486278936,-0.0012064443407966419
2026-02-18,51.83794021606445,0.0005422931209904114,0.0011964903342840394,-0.0023808331848639286,0.00043767751890966267
2026-02-19,51.693580627441406,-0.0028213250344671925,-0.0008729115928649556,-0.007321654528789967,-0.0027848249375138634
2026-02-20,51.628231048583984,-0.0012864579436066004,0.0018750421550566276,-0.0033329245123038254,-0.0012641720318892213
2026-02-23,51.876739501953125,0.004304778081267946,0.005325759930651763,8.460154997425029e-05,0.0048134218105455595
2026-02-24,51.727569580078125,-0.002891866389551856,-0.0023816148860783537,-0.005099353078451219,-0.002875468337199205
2026-02-25,51.649898529052734,-0.0014581780981693937,0.0020067002594086336,-0.0015853898120894439,-0.001501540699783921
2026-02-26,51.91085052490234,0.005176402952766113,0.006951625481518953,0.001521819778871114,0.005052323494940003
2026-02-27,51.908180236816406,2.1163837644833094e-05,0.0017452817502023876,-0.0012762235012950818,-5.14398831636953e-05
2026-03-02,51.712100982666016,-0.0035514452484667336,-0.000413010021445559,-0.01159125118372939,-0.003777424931019291
2026-03-03,51.43804168701172,-0.005393693442550251,-0.0038821137506688252,-0.018603768348770866,-0.005299713035178399
2026-03-04,50.91952133178711,-0.007969787396691852,-0.0032225184872278767,-0.010267888859933016,-0.01008048398070216
2026-03-05,51.2323112487793,0.006185006915140123,0.008298917453355426,0.0004355628121055499,0.006142829092089741
2026-03-06,51.05189895629883,-0.0036318776957348087,0.0001356639637868362,-0.005755740979519142,-0.0035214552707646396
2026-03-09,50.8290901184082,-0.004120915352812005,0.0015588492491453998,-0.005703227293177293,-0.004364359454706146
2026-03-10,51.23508834838867,0.00795374489822942,0.01159844830677459,0.006570807955035729,0.007987517168508873
2026-03-11,51.225711822509766,-6.596693567428868e-05,0.00227697610247235,-0.004104021965351423,-0.00018300985088870458
2026-03-12,50.99441909790039,-0.004469668383982661,-0.001784486487818704,-0.008349546967709731,-0.004515168581956885
2026-03-13,50.94316864013672,-0.0009528062076554766,-0.00029825220616508386,-0.008583634160118536,-0.0010050209154315315
2026-03-16,50.54063034057617,-0.007564297313419122,-0.0016151175421279529,-0.00920397596425937,-0.007901713032498647
2026-03-17,50.828609466552734,0.0056898964542249075,0.01027789202186491,0.0032540003440280074,0.005697972582375144
2026-03-18,51.07699966430664,0.004921416812670554,0.008211317344889002,0.0009323486246863855,0.0048868186708384
2026-03-19,50.78775024414063,-0.005820219665680693,0.0007447610741200261,-0.007115112114847388,-0.005663007264855802
2026-03-20,51.308380126953125,0.010426925519749997,0.010862266428636191,0.005829181721330068,0.010251091657137446
2026-03-23,51.23770904541016,-0.0010753012746889112,0.005782077033295696,-0.0073668137179386806,-0.0013773789265631997
2026-03-24,51.49837112426758,0.005144860001646823,0.005981540030277621,0.0018578495670451556,0.00508730939992641
2026-03-25,51.50090026855469,8.81482199726058e-05,0.0019751867945967394,-0.003317410110482366,4.9111151127601005e-05
2026-03-26,51.37911987304688,-0.002219003941439368,-0.0008411445610182477,-0.007094990671561607,-0.002364626538036707
2026-03-27,51.31721115112305,-0.0012105820237814369,-8.798158222522723e-05,-0.005891870412707223,-0.0012049393231492456
2026-03-30,51.07036972045898,-0.003962609475012813,-0.001020330869379693,-0.007767627412572198,-0.004810110002610113
2026-03-31,50.97687911987305,-0.0016406739543513016,0.005851898942850431,-0.0024152602920076705,-0.0018306231401430395
2026-04-01,51.59807968139648,0.01192446496867583,0.019516311972140432,0.008782796862118358,0.012185927664631446
2026-04-02,51.70368957519531,0.0019863039878305067,0.0026588542307788288,-0.007294475351295904,0.002046779540070931
2026-04-03,51.440040588378906,-0.004835835114136211,-0.0020522639682474253,-0.0059295495614075655,-0.005099229648456105
2026-04-06,51.335060119628906,-0.0012018066700493213,0.0037501766817469306,-0.001776235552327532,-0.002040831763529316
2026-04-07,51.532508850097656,0.00376795194356494,0.007272252770974763,0.002042255813217375,0.0038462744566505336
2026-04-08,52.035640716552734,0.010472251778785191,0.013072382151728013,0.004872847887820608,0.009763387765936882
2026-04-09,51.755741119384766,-0.005273359079076667,0.004398485693430265,-0.005908657617706536,-0.0053789978044592734
2026-04-10,52.06966018676758,0.006108513924164338,0.013537024661290697,0.0059208590084347534,0.006065396042898907
2026-04-13,52.14493942260742,0.0011797286528858475,0.006976831588624721,0.0009104929328738187,0.0014457408703998365
2026-04-14,52.58774948120117,0.008200822225683302,0.0133620269325474,0.007305982237952868,0.008491908582058283
2026-04-15,52.77178955078125,0.004015215047800336,0.005330504093304045,0.0021440546171382913,0.003499675711467143
2026-04-16,52.840450286865234,0.0026718601270163678,0.0045937459880893705,-0.0015953669445173402,0.0013010878855626018
2026-04-17,52.84399032592773,0.00012886405362122488,0.006231172582753963,-0.0005516969735428479,6.699486933348098e-05
2026-04-20,52.60765075683594,-0.004514992887685976,0.0016858764713250096,-0.004514992887685976,-0.0044724020202507875
2026-04-21,52.92557907104492,0.006000820838270249,0.00666365499268351,0.0022268501129014684,0.006043385508288868
2026-04-22,52.75336837768555,-0.0031094578014048135,-0.0018076097494594823,-0.005834603023196494,-0.0032538272869571117
2026-04-23,52.6831283569336,-0.0014252679102340071,-0.00034456629083012835,-0.005233213529357461,-0.0013314793521631563
2026-04-24,52.45817947387695,-0.004269846724602178,0.002179273463520426,-0.004420745681241622,-0.004269846724602178
2026-04-27,52.665809631347656,0.00391510891425928,0.009486825421076484,0.00301594062129662,0.003958013022051121
2026-04-28,52.79362106323242,0.00241619130660764,0.002799357324113405,-0.00033021812359324,0.0024268388311017297
2026-04-29,52.91894912719727,0.002513163198955226,0.0026253057274845393,-0.00238324550159974,0.0023739243764837603
2026-04-30,52.78350830078125,-0.002264931372651602,0.0026792076488648675,-0.004468157422101715,-0.002559401285359475
2026-05-01,52.92005920410156,0.0026040552494492886,0.009057027306733856,0.0022196477818698934,0.0025869993813634196
2026-05-04,53.02119064331055,0.0018682768919275894,0.003158727270787587,-0.0009754426615311562,0.001911022790411776
2026-05-05,52.87385177612305,-0.0028105960442146305,-0.00038851193238853554,-0.003964260643446238,-0.002778867569736221
2026-05-06,53.02051162719727,0.0024659892963942998,0.009564979431210707,0.0019300081822073434,0.0027737690020239736
2026-05-07,53.219459533691406,0.003880132749032539,0.007266777077415965,0.0022988689337490875,0.0037522819072925984
2026-05-08,53.079010009765625,-0.00276270894137709,0.0052136875767050395,-0.0030312170412758466,-0.0026390633267679986
2026-05-11,53.31143951416016,0.00433638840609385,0.00841857869835616,0.00424935591645581,0.004378934429104309
2026-05-12,53.48059844970703,0.002900694469389231,0.003062408651164805,-0.0011862379227770559,0.0031730326002910036
2026-05-13,53.30133056640625,-0.003272771055530921,-0.002267679476002815,-0.006587412010798044,-0.003352017151965203
2026-05-14,53.36751174926758,0.0012502304506296635,0.0015924711063577401,-0.004792228002413856,0.0012416422284031725
2026-05-15,53.17879867553711,-0.003531028973393968,-0.003116374849329584,-0.008351767369386587,-0.003536104036798382
2026-05-18,52.824310302734375,-0.006240449143047444,-0.0011028296468211796,-0.006964956716411175,-0.0066659718089081554
2026-05-19,53.144439697265625,0.005430986621774103,0.006030730576961574,0.0004143685508568584,0.006060266432190042
2026-05-20,52.93585968017578,-0.004171985549864865,-0.0003311919983324252,-0.00586964960546954,-0.0039247759178195896
2026-05-21,53.11545944213867,0.00341151696303843,0.005697848022507834,-0.0019601035338217,0.0033927806792595216
2026-05-22,53.12063980102539,-0.0001466543243383578,0.00033776458734724457,-0.0021212449185389337,9.753015301239287e-05
2026-05-25,53.238399505615234,0.002096334739100536,0.007810915087599568,0.0012529750797418693,0.0022168352081402
2026-05-26,53.40237045288086,0.0030885359527037526,0.004198872652849905,0.001623659629924612,0.003079937578670755
2026-05-27,53.38982009887695,-8.036224585972196e-05,0.002378008146374677,-0.0008634834026246541,-0.00023501492344768504
2026-05-28,53.3031005859375,-0.001667354848279401,0.0018947084276084158,-0.0041183721912418925,-0.0016242705590475692
2026-05-29,53.50862884521485,0.0039074397871108335,0.006852887493444593,0.0013207531506278514,0.003855840598728122
2026-06-01,53.47719955444336,-0.0005677635491525557,0.0016707818355015114,-0.004384911177513495,-0.0005873686440818204
2026-06-02,53.43695831298828,-0.0005546152657085468,0.001667269788476533,-0.0012247902395131627,-0.0007524934325349175
2026-06-03,53.44028091430664,1.913168150768918e-05,0.0011692455649834343,-0.0023309241216096233,6.217796490015637e-05
2026-06-04,53.4898796081543,0.0009094121949320133,0.004221128786115358,-0.0018503040427655382,0.0009281143923474122
2026-06-05,53.51042938232422,0.000375622653205232,0.004002053622540691,-0.006398992558221295,0.00038418060239542307
2026-06-08,53.13671875,-0.007061232421772257,-0.004007788164880899,-0.008520016270968322,-0.006983884013602504
2026-06-09,53.170448303222656,0.0006989496802176642,0.005557209921524642,0.00040611733165474284,0.0006347692145114436
2026-06-10,53.21553039550781,0.0006611273070760149,0.0049078389251382415,0.0003940218307609822,0.00084787873196146
2026-06-11,53.3638801574707,0.0030451324761657794,0.004554508874898167,-0.001176906426405111,0.002787715557100112
2026-06-12,53.558631896972656,0.003523334477802287,0.005312952207306099,0.0020541823477140397,0.00364950485098281
2026-06-15,53.72441864013672,0.0033419339527698266,0.004835230925421152,0.002359460498569943,0.0030954252805219795
2026-06-16,53.67995834350586,-0.0008703071260380835,0.002002125318829817,-0.0023696467094125317,-0.0008275621729603166
2026-06-17,53.92314910888672,0.004841144526612329,0.0054751039289067105,-3.837440614717913e-05,0.004530382900535201
2026-06-18,53.43413925170898,-0.008680476215067845,-0.007162043715066013,-0.013564446720804146,-0.009068644269834558
2026-06-19,53.22755813598633,-0.0034554496364395115,-0.0019719521891188307,-0.007252646254607753,-0.0038660885833590175
2026-06-22,53.2828483581543,0.001126114746455631,0.002010494302954413,-0.0021221525970406274,0.0010387518064742807
2026-06-23,53.13483047485352,-0.0028594381397357704,-0.001514127621864425,-0.007609370108161095,-0.0027779649148227392
2026-06-24,52.87369155883789,-0.004879683554650294,-0.0037636647687767644,-0.008947606130730312,-0.00491464663916108
2026-06-25,52.9040412902832,0.0008079061385932729,0.004036933388001707,-0.0027876297002110695,0.0005740043970929865
2026-06-26,52.89323043823242,0.0005208935343079535,0.008287067137941584,0.0005208935343079535,-0.00020434832173710227
2026-06-29,53.05546188354492,0.0029614205414059125,0.00810124708965887,0.002874659328817364,0.003067149500387334
2026-06-30,53.27199935913086,0.004656399464746386,0.006168819753510357,0.0010671424732986434,0.0040813418241694155
2026-07-01,53.25630187988281,-0.0003646991554203671,0.0005021863689305128,-0.0039135162462267115,-0.00029466660603860717
2026-07-02,53.121700286865234,-0.0008827561704828346,0.007974030178742986,-0.0026382404471944065,-0.002527430337186498
2026-07-03,53.29071044921875,0.00327398552371605,0.01060526579409693,0.0025151636902998042,0.003181565376123796
2026-07-06,53.55696868896485,0.005169207378180385,0.005728769978754267,0.0025856416394174353,0.004996334961603122
2026-07-07,53.56153869628906,0.00047821745831333473,0.0014534562785735172,-0.0008825726133396827,8.532983542730577e-05
2026-07-08,53.42469024658203,-0.0022346247759036375,0.0005115792250547369,-0.003385624616653926,-0.0025549760712253455
2026-07-09,53.61286926269531,0.0037168255079880197,0.006714834356565946,0.0022425623146997697,0.003522323016656559
2026-07-10,53.69432830810547,0.0014737135104350152,0.004321953749075513,0.000765317811811439,0.0015193935062685071
2026-07-13,53.672019958496094,-0.00038939598225185,0.0033340565683450674,-0.0023304081389941,-0.0004154693859166336
2026-07-14,53.48801040649414,-0.0033419811713003567,0.004087265503029958,-0.0033419811713003567,-0.00342840742987216
2026-07-15,53.750789642333984,0.0051407970909944645,0.006816644737344113,0.0030359672507218605,0.004912862412394636
2026-07-16,54.05255889892578,0.005750988595322859,0.006783319223300666,0.0020560029075018527,0.0056142292717895614
2026-07-17,53.86412811279297,-0.0034251607354754965,-7.636090733698087e-05,-0.0034251607354754965,-0.003486065969331098
2026-07-20,53.90245819091797,0.0007091988630723023,0.0034772982002044817,-0.0007227256238916402,0.0007116067681396387
2026-07-21,53.86111068725586,-0.0006708323997540733,0.0013226275682038935,-0.0013535542227763875,-0.0007670801119247228
2026-07-22,53.81314849853516,-0.0006481876984995028,0.0018376886159272576,-0.0006945778801555891,-0.0008904790136836649
2026-07-23,53.92314147949219,0.0021617952314323396,0.0056512486111299776,-0.0024761118649637703,0.0020439796597298
2026-07-24,53.72990036010742,-0.001243666004792976,0.0015679529766912115,-0.0018795769102016857,-0.0035836398637542066
2026-07-27,53.98455810546875,0.004543992316349055,0.006870301685392155,0.0019263085454701567,0.004739590873137134
2026-07-28,53.8408317565918,-0.0023456499446569135,0.0012724241166872652,-0.0032408763085327585,-0.0026623603845410404
2026-07-29,53.945289611816406,0.0018658711095773661,0.004281690635806745,0.0016858377513302436,0.0019401233565048415
2026-07-30,54.39569091796875,0.007946930983095513,0.015932613340344348,0.00521474696271973,0.008349223989589705
2026-07-31,54.71337127685547,0.006646444364404314,0.007596196894366081,0.0017330196057312452,0.005840175086033739
2026-08-03,54.89104080200195,0.0024889174220175114,0.003971614432960013,-0.000686686864514896,0.003247277968806861
2026-08-04,54.72013092041016,-0.0026791329174749023,-0.0005906448773215223,-0.003391117476618133,-0.0031136207128642512
2026-08-05,54.86048126220703,0.002622807234020641,0.005473645259378435,0.0022106647582069705,0.002564875840684877
2026-08-06,55.03808975219727,0.0019699129692032358,0.0044505569923705135,0.00020450102514746327,0.0032374577456102394
2026-08-07,54.84270095825195,-0.003628385410078705,0.004068643368527747,-0.003628385410078705,-0.003550064960921362
2026-08-10,55.1080207824707,0.004785665123775207,0.006952924126806703,0.004785665123775207,0.004837832921845253
2026-08-11,55.11801910400391,0.0006906296774722431,0.0010282954654559084,-0.0008441644699584971,0.00018143133052594962
2026-08-12,55.14221954345703,0.0007055920959289086,0.002492307696566609,-0.0008385437797229223,0.0004390658417432469
2026-08-13,55.06872177124024,-3.1891633198943836e-05,0.0025559656655091967,-0.002256350343634028,-0.0013328765658202624
2026-08-14,55.235260009765625,0.0030343722107364357,0.008007932981133337,0.0028070228911392103,0.003024189288743484
2026-08-17,55.34801864624024,0.002896697641756596,0.007858715908569902,0.002896697641756596,0.0020414249241278437
2026-08-18,55.48437881469727,0.002481054887360168,0.003987345641381701,0.0015047055475538862,0.0024636865382405837
2026-08-19,55.48025131225586,2.2000843319602836e-05,0.009596630350836799,-0.00035648241441665895,-7.439035147527306e-05
2026-08-20,56.00004959106445,0.00943541979872542,0.014468555877532818,0.008708512862684259,0.00936906856969788
2026-08-21,56.16059875488281,0.0034930334493477044,0.0059121624498290615,0.0017544867101173534,0.0028669468150610555
2026-08-24,56.14139938354492,0.0002145744334867139,0.0007373915954203003,-0.001431583019996241,-0.00034186550292469864
2026-08-25,56.0860710144043,-0.0002992431065538259,0.0008719090697772991,-0.001562125118000246,-0.0009855181692681736
2026-08-26,56.18495178222656,0.002113159777501039,0.0023969866065431944,-0.0009390838793639222,0.0017630182687760065
2026-08-27,56.1674690246582,-6.144529657636788e-05,0.0011566652734540384,-0.0029554169222927307,-0.0003111644134914382
2026-08-28,55.91473007202149,-0.0022023279734773027,0.0013972459184738995,-0.003989278703121046,-0.004499739030892735
2026-08-31,55.923099517822266,0.0003600152847875737,0.003489971933543945,0.00011570701591789856,0.0001496823071487352
2026-09-01,56.09067153930664,0.0033073884175920387,0.004064896737052459,0.0005811770267269978,0.0029964723509463553
2026-09-02,55.98020935058594,-0.0020764653679078426,-0.00017294810135548566,-0.0040785963768767974,-0.001969350440800044
2026-09-03,55.973880767822266,0.0002750960212543063,0.006664519686571779,-0.00014487345583025224,-0.00011305035899455973
2026-09-04,56.30101013183594,0.0059443678915129805,0.006671338670994897,0.0025849137241003017,0.005844321664431273
2026-09-07,56.26477813720703,-0.00046697019277497365,0.0015368956591286231,-0.001158210748011479,-0.0006435407560906325
2026-09-08,56.35688018798828,0.0017736225712183806,0.002666535769343392,2.7051812152789623e-05,0.0016369397308677591
2026-09-09,56.37044143676758,0.0007063943307590304,0.0030999177046542314,-0.000262968759582094,0.00024063164486864963
2026-09-10,56.50996017456055,0.0024867408671469526,0.003784418034491477,-0.002716690127401278,0.0024750336211127877
2026-09-11,56.40451049804688,-0.0015638177160713918,-0.0003114674497951553,-0.00402214240596932,-0.0018660369992816728
2026-09-14,56.381141662597656,-0.00031948916360946544,-0.00016596664002921369,-0.0065404652909246686,-0.0004143079204638189
2026-09-15,56.15890121459961,-0.003576257014726192,-0.0027899906210957504,-0.005091076590235777,-0.003941751469454191
2026-09-16,56.16234970092773,7.675734063394835e-05,0.0018324626356474027,-0.0008689881935662891,6.140587250702545e-05
2026-09-17,55.85839080810547,-0.0055031633969027105,-0.0013128095448752264,-0.007094591772131786,-0.005412147006684798
2026-09-18,55.90959930419922,0.0023412644808673555,0.004101634767111673,0.0007260835971352186,0.0009167556628988383
2026-09-21,55.970401763916016,0.0014153576677875535,0.003961418539902839,0.0009193274785850303,0.0010875137807011548
2026-09-22,55.9557991027832,0.0001519870258968048,0.001540248788448828,-0.0028354781338038038,-0.0002608997018532788
2026-09-23,55.93550109863281,-0.0003663638699505922,-0.0002234042429899441,-0.005956446603147647,-0.00036275067956947904
2026-09-24,55.68072891235352,-0.004545815375625817,-0.0023008689261709847,-0.007333482641799671,-0.004554749332271846
2026-09-25,55.68519973754883,-4.18597255250619e-05,0.0039435835035410705,-0.0009166663298250111,8.029394159581038e-05
2026-09-28,55.733699798583984,0.001184720084019597,0.0024227368157416773,-0.0006184603283525547,0.0008709686103982595
2026-09-29,55.73849105834961,4.270972683206864e-05,0.0002115637269848314,-0.004017315235086638,8.59670142649982e-05
2026-09-30,55.60784912109375,-0.002368954175923199,0.0010712102259649026,-0.003844571584690981,-0.002343836992628634
2026-10-01,55.55332946777344,-0.001057743071676498,0.0008817155263154408,-0.009438396670321647,-0.0009804308956742336
2026-10-02,55.23183822631836,-0.005525314475644083,-0.0011080842564278326,-0.007925168022021922,-0.005787074231825784
2026-10-04,55.305301666259766,0.0013300922493360012,0.0013300922493360012,0.0013300922493360012,0.0013300922493360012
